time_s,x_m,v_m_s,theta_rad,omega_rad_s,controller_force_N,disturbance_N
0.000000000000000000e+00,0.000000000000000000e+00,0.000000000000000000e+00,1.745329251994329478e-01,0.000000000000000000e+00,3.411049073024756240e+00,0.000000000000000000e+00
5.000000000000000104e-03,4.741273344930647661e-05,1.890863462790668900e-02,1.744821253522745585e-01,-2.020960503620207113e-02,3.357838871603390007e+00,0.000000000000000000e+00
1.000000000000000021e-02,1.885239010178238928e-04,3.747980201483903928e-02,1.743319195955599921e-01,-3.976491211071982168e-02,3.304794930546841591e+00,0.000000000000000000e+00
1.499999999999999944e-02,4.216525826480699356e-04,5.571606681209177042e-02,1.740855415234879022e-01,-5.868101459107884221e-02,3.251925189765921154e+00,0.000000000000000000e+00
2.000000000000000042e-02,7.451306559455697686e-04,7.361998373376511806e-02,1.737461502257197921e-01,-7.697262307078567289e-02,3.199237589584343233e+00,0.000000000000000000e+00
2.500000000000000139e-02,1.157302750943746666e-03,9.119409932643568473e-02,1.733168321692760971e-01,-9.465407811461681864e-02,3.146740061142700107e+00,0.000000000000000000e+00
2.999999999999999889e-02,1.656526213549759435e-03,1.084409536704718097e-01,1.728006030173919183e-01,-1.117393627254255895e-01,3.094440516549034292e+00,0.000000000000000000e+00
3.500000000000000333e-02,2.241171077309945473e-03,1.253630820054247863e-01,1.722004093867808006e-01,-1.282421145108700034e-01,3.042346838876587967e+00,0.000000000000000000e+00
4.000000000000000083e-02,2.909620043099396362e-03,1.419630162733844236e-01,1.715191305448525994e-01,-1.441756375325023432e-01,2.990466872097752304e+00,0.000000000000000000e+00
4.499999999999999833e-02,3.660268466312939593e-03,1.582432865754827833e-01,1.707595800485095794e-01,-1.595529138232482658e-01,2.938808411032701073e+00,0.000000000000000000e+00
5.000000000000000278e-02,4.491524351113647916e-03,1.742064225378784914e-01,1.699245073262073691e-01,-1.743866145624873021e-01,2.887379191381791443e+00,0.000000000000000000e+00
5.500000000000000028e-02,5.401808351279258416e-03,1.898549545845724662e-01,1.690165992050135790e-01,-1.886891109007681200e-01,2.836186879902261815e+00,0.000000000000000000e+00
5.999999999999999778e-02,6.389553777175928720e-03,2.051914151153055033e-01,1.680384813844307268e-01,-2.024724844286897030e-01,2.785239064782053742e+00,0.000000000000000000e+00
6.500000000000000222e-02,7.453206608382046544e-03,2.202183395875821903e-01,1.669927198587713713e-01,-2.157485372866861373e-01,2.734543246256621707e+00,0.000000000000000000e+00
7.000000000000000666e-02,8.591225511481805771e-03,2.349382675025641354e-01,1.658818222898854056e-01,-2.285288019143997262e-01,2.684106827508321746e+00,0.000000000000000000e+00
7.499999999999999722e-02,9.802081862548543689e-03,2.493537432951888344e-01,1.647082393320408178e-01,-2.408245504400393089e-01,2.633937105882230956e+00,0.000000000000000000e+00
8.000000000000000167e-02,1.108425977384099731e-02,2.634673171294059646e-01,1.634743659107541491e-01,-2.526468037116253451e-01,2.584041264447167752e+00,0.000000000000000000e+00
8.500000000000000611e-02,1.243625612424127669e-02,2.772815455998904888e-01,1.621825424573535013e-01,-2.640063399733393323e-01,2.534426363925955883e+00,0.000000000000000000e+00
8.999999999999999667e-02,1.385658059297118806e-02,2.907989923419953548e-01,1.608350561010382096e-01,-2.749137031913432283e-01,2.485099335014806066e+00,0.000000000000000000e+00
9.500000000000000111e-02,1.534375569613326620e-02,3.040222285520566836e-01,1.594341418201746241e-01,-2.853792110344327004e-01,2.436066971107829993e+00,0.000000000000000000e+00
1.000000000000000056e-01,1.689631682563416670e-02,3.169538334204611840e-01,1.579819835545389073e-01,-2.954129625157492223e-01,2.387335921439278419e+00,0.000000000000000000e+00
1.049999999999999961e-01,1.851281229006080525e-02,3.295963944801397760e-01,1.564807152801841739e-01,-3.050248453025178330e-01,2.338912684652927787e+00,0.000000000000000000e+00
1.100000000000000006e-01,2.019180335709349836e-02,3.419525078733623435e-01,1.549324220485731041e-01,-3.142245427014078718e-01,2.290803602805218997e+00,0.000000000000000000e+00
1.150000000000000050e-01,2.193186429705512933e-02,3.540247785398858982e-01,1.533391409915779435e-01,-3.230215403276485708e-01,2.243014855806189090e+00,0.000000000000000000e+00
1.199999999999999956e-01,2.373158242721108355e-02,3.658158203296492661e-01,1.517028622939077531e-01,-3.314251324664757581e-01,2.195552456299909583e+00,0.000000000000000000e+00
1.250000000000000000e-01,2.558955815645089921e-02,3.773282560433219301e-01,1.500255301344789738e-01,-3.394444281358527937e-01,2.148422244984045548e+00,0.000000000000000000e+00
1.300000000000000044e-01,2.750440502999933548e-02,3.885647174040997021e-01,1.483090435981999911e-01,-3.470883568597030178e-01,2.101629886366262134e+00,0.000000000000000000e+00
1.350000000000000089e-01,2.947474977382173039e-02,3.995278449642032381e-01,1.465552575595937268e-01,-3.543656741611210248e-01,2.055180864953515041e+00,0.000000000000000000e+00
1.400000000000000133e-01,3.149923233840590253e-02,4.102202879495752130e-01,1.447659835396339356e-01,-3.612849667852029989e-01,2.009080481868713797e+00,0.000000000000000000e+00
1.449999999999999900e-01,3.357650594162032986e-02,4.206447040462939491e-01,1.429429905371232268e-01,-3.678546576612560792e-01,1.963333851887889114e+00,0.000000000000000000e+00
1.499999999999999944e-01,3.570523711036605041e-02,4.308037591322246840e-01,1.410880058358909839e-01,-3.740830106142197242e-01,1.917945900889771682e+00,0.000000000000000000e+00
1.549999999999999989e-01,3.788410572075723987e-02,4.407001269574185032e-01,1.392027157890405320e-01,-3.799781348351626287e-01,1.872921363708612175e+00,0.000000000000000000e+00
1.600000000000000033e-01,4.011180503658287599e-02,4.503364887767424829e-01,1.372887665814258307e-01,-3.855479891207115872e-01,1.828264782380098596e+00,0.000000000000000000e+00
1.650000000000000078e-01,4.238704174581935796e-02,4.597155329381875100e-01,1.353477649714879549e-01,-3.908003858912258432e-01,1.783980504769401065e+00,0.000000000000000000e+00
1.700000000000000122e-01,4.470853599498093855e-02,4.688399544302501720e-01,1.333812790135337212e-01,-3.957429949974586303e-01,1.740072683569636292e+00,0.000000000000000000e+00
1.750000000000000167e-01,4.707502142111170268e-02,4.777124543917262711e-01,1.313908387614896034e-01,-4.003833473253456954e-01,1.696545275658406959e+00,0.000000000000000000e+00
1.799999999999999933e-01,4.948524518123938870e-02,4.863357395871860667e-01,1.293779369551165681e-01,-4.047288382084356928e-01,1.653402041799556743e+00,0.000000000000000000e+00
1.849999999999999978e-01,5.193796797912746122e-02,4.947125218513254152e-01,1.273440296896240775e-01,-4.087867306573295112e-01,1.610646546676796742e+00,0.000000000000000000e+00
1.900000000000000022e-01,5.443196408917760215e-02,5.028455175053048176e-01,1.252905370695751308e-01,-4.125641584153270092e-01,1.568282159245538043e+00,0.000000000000000000e+00
1.950000000000000067e-01,5.696602137735023996e-02,5.107374467481010649e-01,1.232188438479288883e-01,-4.160681288492955043e-01,1.526312053388941603e+00,0.000000000000000000e+00
2.000000000000000111e-01,5.953894131898542635e-02,5.183910330258018062e-01,1.211303000510223077e-01,-4.193055256845720224e-01,1.484739208863989690e+00,0.000000000000000000e+00
2.050000000000000155e-01,6.214953901342103876e-02,5.258090023816778258e-01,1.190262215902493370e-01,-4.222831115924979284e-01,1.443566412523245690e+00,0.000000000000000000e+00
2.099999999999999922e-01,6.479664319531895644e-02,5.329940827897661215e-01,1.169078908611533296e-01,-4.250075306389572982e-01,1.402796259797854272e+00,0.000000000000000000e+00
2.149999999999999967e-01,6.747909624262342365e-02,5.399490034745921818e-01,1.147765573306072928e-01,-4.274853106020542470e-01,1.362431156427325041e+00,0.000000000000000000e+00
2.200000000000000011e-01,7.019575418108869869e-02,5.466764942195564414e-01,1.126334381127163664e-01,-4.297228651668188459e-01,1.322473320421657217e+00,0.000000000000000000e+00
2.250000000000000056e-01,7.294548668532531421e-02,5.531792846663996510e-01,1.104797185340382765e-01,-4.317264960045780753e-01,1.282924784241424199e+00,0.000000000000000000e+00
2.300000000000000100e-01,7.572717707632620199e-02,5.594601036080542045e-01,1.083165526886798041e-01,-4.335023947443710224e-01,1.243787397181572496e+00,0.000000000000000000e+00
2.350000000000000144e-01,7.853972231544512073e-02,5.655216782770788875e-01,1.061450639837912269e-01,-4.350566448435227995e-01,1.205062827944834547e+00,0.000000000000000000e+00
2.399999999999999911e-01,8.138203299481060193e-02,5.713667336317632683e-01,1.039663456759456622e-01,-4.363952233642260925e-01,1.166752567390862971e+00,0.000000000000000000e+00
2.449999999999999956e-01,8.425303332416876623e-02,5.769979916418797039e-01,1.017814613988567152e-01,-4.375240026627090772e-01,1.128857931447406759e+00,0.000000000000000000e+00
2.500000000000000000e-01,8.715166111415786898e-02,5.824181705759502448e-01,9.959144568285560606e-02,-4.384487519972992686e-01,1.091380064170150321e+00,0.000000000000000000e+00
2.550000000000000044e-01,9.007686775602670448e-02,5.876299842917873661e-01,9.739730446651813367e-02,-4.391751390614201389e-01,1.054319940938090339e+00,0.000000000000000000e+00
2.600000000000000089e-01,9.302761819781731056e-02,5.926361415319603143e-01,9.520001560080224023e-02,-4.397087314472885589e-01,1.017678371771672419e+00,0.000000000000000000e+00
2.650000000000000133e-01,9.600289091704064526e-02,5.974393452257327208e-01,9.300052934602882904e-02,-4.400549980458108301e-01,9.814560047612437277e-01,0.000000000000000000e+00
2.700000000000000178e-01,9.900167788988106787e-02,6.020422917989118883e-01,9.079976886201163166e-02,-4.402193103879080693e-01,9.456533295937381567e-01,0.000000000000000000e+00
2.750000000000000222e-01,1.020229845569726873e-01,6.064476704929492312e-01,8.859863069161649785e-02,-4.402069439322378042e-01,9.102706811658880515e-01,0.000000000000000000e+00
2.800000000000000266e-01,1.050658297857969409e-01,6.106581626945295493e-01,8.639798523800625019e-02,-4.400230793040170729e-01,8.753082432726722040e-01,0.000000000000000000e+00
2.850000000000000311e-01,1.081292458297567621e-01,6.146764412767905528e-01,8.419867723580426455e-02,-4.396728034893959691e-01,8.407660523600863911e-01,0.000000000000000000e+00
2.899999999999999800e-01,1.112122782839880808e-01,6.185051699532166936e-01,8.200152621638863437e-02,-4.391611109895777743e-01,8.066440013317734969e-01,0.000000000000000000e+00
2.949999999999999845e-01,1.143139860379744771e-01,6.221470026451607627e-01,7.980732696750797439e-02,-4.384929049386345756e-01,7.729418433994479365e-01,0.000000000000000000e+00
2.999999999999999889e-01,1.174334412250353926e-01,6.256045828638545636e-01,7.761684998739121211e-02,-4.376729981887261811e-01,7.396591959675138384e-01,0.000000000000000000e+00
3.049999999999999933e-01,1.205697291687621714e-01,6.288805431076853747e-01,7.543084193350546585e-02,-4.367061143661937206e-01,7.067955445426816752e-01,0.000000000000000000e+00
3.099999999999999978e-01,1.237219483264801467e-01,6.319775042754294248e-01,7.325002606609945510e-02,-4.355968889017700074e-01,6.743502466598532141e-01,0.000000000000000000e+00
3.150000000000000022e-01,1.268892102298180558e-01,6.348980750960524500e-01,7.107510268665427622e-02,-4.343498700379259669e-01,6.423225358159738718e-01,0.000000000000000000e+00
3.200000000000000067e-01,1.300706394224690476e-01,6.376448515756122370e-01,6.890674957134865219e-02,-4.329695198161572223e-01,6.107115254039847674e-01,0.000000000000000000e+00
3.250000000000000111e-01,1.332653733952298691e-01,6.402204164617200099e-01,6.674562239963253985e-02,-4.314602150468045405e-01,5.795162126394652891e-01,0.000000000000000000e+00
3.300000000000000155e-01,1.364725625184071423e-01,6.426273387259496817e-01,6.459235517799016835e-02,-4.298262482638022242e-01,5.487354824729600011e-01,0.000000000000000000e+00
3.350000000000000200e-01,1.396913699716811341e-01,6.448681730645146049e-01,6.244756065896250180e-02,-4.280718286665532446e-01,5.183681114814475688e-01,0.000000000000000000e+00
3.400000000000000244e-01,1.429209716715192369e-01,6.469454594174660622e-01,6.031183075548818967e-02,-4.262010830509443959e-01,4.884127717327895191e-01,0.000000000000000000e+00
3.450000000000000289e-01,1.461605561962321387e-01,6.488617225066085625e-01,5.818573695061278472e-02,-4.242180567313353912e-01,4.588680346174522917e-01,0.000000000000000000e+00
3.500000000000000333e-01,1.494093247087665832e-01,6.506194713922677231e-01,5.606983070260707774e-02,-4.221267144551859585e-01,4.297323746421732871e-01,0.000000000000000000e+00
3.549999999999999822e-01,1.526664908773293083e-01,6.522211990489908962e-01,5.396464384552750876e-02,-4.199309413118206269e-01,4.010041731806448517e-01,0.000000000000000000e+00
3.599999999999999867e-01,1.559312807939370327e-01,6.536693819602117372e-01,5.187068898524462707e-02,-4.176345436366765695e-01,3.726817221766862698e-01,0.000000000000000000e+00
3.649999999999999911e-01,1.592029328909868868e-01,6.549664797318586196e-01,4.978845989095902896e-02,-4.152412499122317691e-01,3.447632277957417557e-01,0.000000000000000000e+00
3.699999999999999956e-01,1.624806978559423243e-01,6.561149347248435015e-01,4.771843188221876891e-02,-4.127547116666710481e-01,3.172468140209010468e-01,0.000000000000000000e+00
3.750000000000000000e-01,1.657638385442284368e-01,6.571171717063246653e-01,4.566106221144710514e-02,-4.101785043712148915e-01,2.901305261900075649e-01,0.000000000000000000e+00
3.800000000000000044e-01,1.690516298904301273e-01,6.579755975195982209e-01,4.361679044198527727e-02,-4.075161283369118093e-01,2.634123344707413050e-01,0.000000000000000000e+00
3.850000000000000089e-01,1.723433588178860110e-01,6.586926007724359655e-01,4.158603882165119725e-02,-4.047710096115766376e-01,2.370901372709142141e-01,0.000000000000000000e+00
3.900000000000000133e-01,1.756383241467696921e-01,6.592705515436543262e-01,3.956921265181189556e-02,-4.019465008774477655e-01,2.111617645814976019e-01,0.000000000000000000e+00
3.950000000000000178e-01,1.789358365007489016e-01,6.597118011076692490e-01,3.756670065196484470e-02,-3.990458823500328545e-01,1.856249812502432928e-01,0.000000000000000000e+00
4.000000000000000222e-01,1.822352182123119224e-01,6.600186816767611431e-01,3.557887531982133894e-02,-3.960723626785160323e-01,1.604774901840131385e-01,0.000000000000000000e+00
4.050000000000000266e-01,1.855358032268487889e-01,6.601935061607513422e-01,3.360609328688327069e-02,-3.930290798480106096e-01,1.357169354782281623e-01,0.000000000000000000e+00
4.100000000000000311e-01,1.888369370055739405e-01,6.602385679437674515e-01,3.164869566950363755e-02,-3.899191020838583266e-01,1.113409054721035130e-01,0.000000000000000000e+00
4.150000000000000355e-01,1.921379764273746238e-01,6.601561406777529672e-01,2.970700841542013929e-02,-3.867454287580988637e-01,8.734693572858476251e-02,0.000000000000000000e+00
4.199999999999999845e-01,1.954382896896678934e-01,6.599484780923605687e-01,2.778134264575088039e-02,-3.835109912981635727e-01,6.373251193813378457e-02,0.000000000000000000e+00
4.249999999999999889e-01,1.987372562083473959e-01,6.596178138208509401e-01,2.587199499244106568e-02,-3.802186540977825491e-01,4.049507274574337679e-02,0.000000000000000000e+00
4.299999999999999933e-01,2.020342665168986807e-01,6.591663612416038820e-01,2.397924793114974279e-02,-3.768712154300344896e-01,1.763201250075741022e-02,0.000000000000000000e+00
4.349999999999999978e-01,2.053287221647604466e-01,6.585963133348390341e-01,2.210337010956620052e-02,-3.734714083624163794e-01,-4.859316070717101255e-03,0.000000000000000000e+00
4.400000000000000022e-01,2.086200356150063606e-01,6.579098425541307638e-01,2.024461667114630520e-02,-3.700219016737608113e-01,-2.698159927084797793e-02,0.000000000000000000e+00
4.450000000000000067e-01,2.119076301414207220e-01,6.571091007122946692e-01,1.840322957426009098e-02,-3.665253007727856116e-01,-4.873755991242201269e-02,0.000000000000000000e+00
4.500000000000000111e-01,2.151909397250384437e-01,6.561962188812161534e-01,1.657943790674301296e-02,-3.629841486180219734e-01,-7.012995487820683493e-02,0.000000000000000000e+00
4.550000000000000155e-01,2.184694089502182412e-01,6.551733073051858591e-01,1.477345819584473946e-02,-3.594009266388329404e-01,-9.116157275687308825e-02,0.000000000000000000e+00
4.600000000000000200e-01,2.217424929003153633e-01,6.540424553273036512e-01,1.298549471357075998e-02,-3.557780556572042174e-01,-1.118352315549044906e-01,0.000000000000000000e+00
4.650000000000000244e-01,2.250096570530179529e-01,6.528057313285111629e-01,1.121573977741383184e-02,-3.521178968099635265e-01,-1.321537764837772411e-01,0.000000000000000000e+00
4.700000000000000289e-01,2.282703771754093780e-01,6.514651826788098177e-01,9.464374046474009761e-03,-3.484227524710626911e-01,-1.521200778215854310e-01,0.000000000000000000e+00
4.750000000000000333e-01,2.315241392188161496e-01,6.500228357002241220e-01,7.731566812967907883e-03,-3.446948671735378111e-01,-1.717370288481760987e-01,0.000000000000000000e+00
4.799999999999999822e-01,2.347704392134990492e-01,6.484806956410698042e-01,6.017476289129798130e-03,-3.409364285307484033e-01,-1.910075438527687464e-01,0.000000000000000000e+00
4.849999999999999867e-01,2.380087831632430040e-01,6.468407466610891499e-01,4.322249889509167942e-03,-3.371495681564839475e-01,-2.099345562129359966e-01,0.000000000000000000e+00
4.899999999999999911e-01,2.412386869398988609e-01,6.451049518270197680e-01,2.646024508671448137e-03,-3.333363625835173427e-01,-2.285210165437534524e-01,0.000000000000000000e+00
4.949999999999999956e-01,2.444596761779282423e-01,6.432752531181666900e-01,9.889267943107519360e-04,-3.294988341801785570e-01,-2.467698909158562159e-01,0.000000000000000000e+00
5.000000000000000000e-01,2.476712861690003598e-01,6.413535714415531386e-01,-6.489265842144157498e-04,-3.256389520645178726e-01,-2.646841591410639127e-01,0.000000000000000000e+00
5.050000000000000044e-01,2.508730617566876098e-01,6.393418066562319702e-01,-2.267428671909335613e-03,-3.217586330156271268e-01,-2.822668131242066503e-01,0.000000000000000000e+00
5.100000000000000089e-01,2.540645572313048883e-01,6.372418376063443413e-01,-3.866481968719853203e-03,-3.178597423816869605e-01,-2.995208552797110624e-01,0.000000000000000000e+00
5.150000000000000133e-01,2.572453362249350617e-01,6.350555221625212576e-01,-5.445998174640317470e-03,-3.139440949843125828e-01,-3.164492970114881620e-01,0.000000000000000000e+00
5.200000000000000178e-01,2.604149716066815889e-01,6.327846972712307672e-01,-7.005897939333110072e-03,-3.100134560187729482e-01,-3.330551572546129879e-01,0.000000000000000000e+00
5.250000000000000222e-01,2.635730453781868765e-01,6.304311790116811087e-01,-8.546110616238080521e-03,-3.060695419496663461e-01,-3.493414610772720419e-01,0.000000000000000000e+00
5.300000000000000266e-01,2.667191485694532793e-01,6.279967626598992325e-01,-1.006657402114814401e-02,-3.021140214016413972e-01,-3.653112383414264253e-01,0.000000000000000000e+00
5.350000000000000311e-01,2.698528811350017209e-01,6.254832227596131000e-01,-1.156723419522526046e-02,-2.981485160447628346e-01,-3.809675224206244826e-01,0.000000000000000000e+00
5.400000000000000355e-01,2.729738518504007394e-01,6.228923131995754980e-01,-1.304804517242903750e-02,-2.941746014741302706e-01,-3.963133489733847714e-01,0.000000000000000000e+00
5.450000000000000400e-01,2.760816782091977672e-01,6.202257672969758717e-01,-1.450896875132826579e-02,-2.901938080833702527e-01,-4.113517547705640709e-01,0.000000000000000000e+00
5.500000000000000444e-01,2.791759863202818437e-01,6.174852978865972286e-01,-1.594997427126382608e-02,-2.862076219316339043e-01,-4.260857765751292492e-01,0.000000000000000000e+00
5.550000000000000488e-01,2.822564108057059595e-01,6.146725974153849359e-01,-1.737103839282960749e-02,-2.822174856037448776e-01,-4.405184500727414854e-01,0.000000000000000000e+00
5.600000000000000533e-01,2.853225946989947359e-01,6.117893380421041138e-01,-1.877214488263633310e-02,-2.782247990631563361e-01,-4.546528088515799926e-01,0.000000000000000000e+00
5.650000000000000577e-01,2.883741893439628612e-01,6.088371717417719875e-01,-2.015328440232149604e-02,-2.742309204973901737e-01,-4.684918834298301693e-01,0.000000000000000000e+00
5.700000000000000622e-01,2.914108542940666569e-01,6.058177304145625497e-01,-2.151445430176705809e-02,-2.702371671556457744e-01,-4.820387003292863071e-01,0.000000000000000000e+00
5.750000000000000666e-01,2.944322572123110326e-01,6.027326259988909918e-01,-2.285565841648497937e-02,-2.662448161782807743e-01,-4.952962811935193166e-01,0.000000000000000000e+00
5.799999999999999600e-01,2.974380737717315371e-01,5.995834505883950172e-01,-2.417690686912925616e-02,-2.622551054178823282e-01,-5.082676419490879116e-01,0.000000000000000000e+00
5.849999999999999645e-01,3.004279875564704327e-01,5.963717765525403669e-01,-2.547821587509170940e-02,-2.582692342516619832e-01,-5.209557920082928950e-01,0.000000000000000000e+00
5.899999999999999689e-01,3.034016899634645048e-01,5.930991566605889886e-01,-2.675960755213756259e-02,-2.542883643849238040e-01,-5.333637335119854050e-01,0.000000000000000000e+00
5.949999999999999734e-01,3.063588801047605337e-01,5.897671242086769405e-01,-2.802110973403552918e-02,-2.503136206453709933e-01,-5.454944606109788374e-01,0.000000000000000000e+00
5.999999999999999778e-01,3.092992647104733095e-01,5.863771931497602230e-01,-2.926275578813606823e-02,-2.463460917680314610e-01,-5.573509587846271485e-01,0.000000000000000000e+00
6.049999999999999822e-01,3.122225580324000660e-01,5.829308582261952809e-01,-3.048458443685040167e-02,-2.423868311705999479e-01,-5.689362041951693261e-01,0.000000000000000000e+00
6.099999999999999867e-01,3.151284817483041567e-01,5.794295951047320203e-01,-3.168663958298188754e-02,-2.384368577190083827e-01,-5.802531630764621307e-01,0.000000000000000000e+00
6.149999999999999911e-01,3.180167648668790759e-01,5.758748605137058441e-01,-3.286897013886044133e-02,-2.344971564830528876e-01,-5.913047911557550718e-01,0.000000000000000000e+00
6.199999999999999956e-01,3.208871436334034821e-01,5.722680923822244248e-01,-3.403162985922991712e-02,-2.305686794819206131e-01,-6.020940331071952256e-01,0.000000000000000000e+00
6.250000000000000000e-01,3.237393614360968841e-01,5.686107099811543719e-01,-3.517467717783756553e-02,-2.266523464194749315e-01,-6.126238220357763664e-01,0.000000000000000000e+00
6.300000000000000044e-01,3.265731687131843697e-01,5.649041140657220517e-01,-3.629817504767406111e-02,-2.227490454091720085e-01,-6.228970789904827443e-01,0.000000000000000000e+00
6.350000000000000089e-01,3.293883228606778180e-01,5.611496870195514797e-01,-3.740219078481193948e-02,-2.188596336884966742e-01,-6.329167125054074861e-01,0.000000000000000000e+00
6.400000000000000133e-01,3.321845881408806433e-01,5.573487929999701995e-01,-3.848679591578980236e-02,-2.149849383228197020e-01,-6.426856181676628976e-01,0.000000000000000000e+00
6.450000000000000178e-01,3.349617355916220673e-01,5.535027780844238299e-01,-3.955206602848920783e-02,-2.111257568985919486e-01,-6.522066782109302574e-01,0.000000000000000000e+00
6.500000000000000222e-01,3.377195429362256363e-01,5.496129704178457365e-01,-4.059808062645069160e-02,-2.072828582058049707e-01,-6.614827611335293289e-01,0.000000000000000000e+00
6.550000000000000266e-01,3.404577944942168699e-01,5.456806803608387213e-01,-4.162492298657514966e-02,-2.034569829096603555e-01,-6.705167213399276793e-01,0.000000000000000000e+00
6.600000000000000311e-01,3.431762810927734275e-01,5.417072006385316163e-01,-4.263268002015651453e-02,-1.996488442114026651e-01,-6.793113988046347584e-01,0.000000000000000000e+00
6.650000000000000355e-01,3.458747999789211769e-01,5.376938064899811076e-01,-4.362144213719139352e-02,-1.958591284982834635e-01,-6.878696187574661058e-01,0.000000000000000000e+00
6.700000000000000400e-01,3.485531547324780544e-01,5.336417558179978871e-01,-4.459130311391133750e-02,-1.920884959826352767e-01,-6.961941913891942502e-01,0.000000000000000000e+00
6.750000000000000444e-01,3.512111551797482134e-01,5.295522893392804464e-01,-4.554235996348321436e-02,-1.883375813300460777e-01,-7.042879115766353948e-01,0.000000000000000000e+00
6.800000000000000488e-01,3.538486173079671282e-01,5.254266307347494891e-01,-4.647471280982323066e-02,-1.846069942766354610e-01,-7.121535586262534023e-01,0.000000000000000000e+00
6.850000000000000533e-01,3.564653631804989287e-01,5.212659867999798191e-01,-4.738846476447008960e-02,-1.808973202354446086e-01,-7.197938960353975624e-01,0.000000000000000000e+00
6.900000000000000577e-01,3.590612208527856342e-01,5.170715475956351170e-01,-4.828372180646293282e-02,-1.772091208919614747e-01,-7.272116712703202701e-01,0.000000000000000000e+00
6.950000000000000622e-01,3.616360242890485632e-01,5.128444865978143419e-01,-4.916059266516981108e-02,-1.735429347888130247e-01,-7.344096155601519404e-01,0.000000000000000000e+00
7.000000000000000666e-01,3.641896132797409757e-01,5.085859608482276029e-01,-5.001918870601261558e-02,-1.698992778996646080e-01,-7.413904437060425678e-01,0.000000000000000000e+00
7.049999999999999600e-01,3.667218333597511704e-01,5.042971111041214538e-01,-5.085962381903461754e-02,-1.662786441923760350e-01,-7.481568539047127597e-01,0.000000000000000000e+00
7.099999999999999645e-01,3.692325357273542608e-01,4.999790619878808906e-01,-5.168201431025707532e-02,-1.626815061814714525e-01,-7.547115275856784988e-01,0.000000000000000000e+00
7.149999999999999689e-01,3.717215771639110766e-01,4.956329221362409387e-01,-5.248647879577156283e-02,-1.591083154699882984e-01,-7.610571292614523031e-01,0.000000000000000000e+00
7.199999999999999734e-01,3.741888199543120241e-01,4.912597843490429383e-01,-5.327313809851519366e-02,-1.555595032807779166e-01,-7.671963063900461011e-01,0.000000000000000000e+00
7.249999999999999778e-01,3.766341318081634082e-01,4.868607257374784614e-01,-5.404211514767608832e-02,-1.520354809773372118e-01,-7.731316892491325587e-01,0.000000000000000000e+00
7.299999999999999822e-01,3.790573857817137182e-01,4.824368078717659047e-01,-5.479353488067705003e-02,-1.485366405742572782e-01,-7.788658908212461318e-01,0.000000000000000000e+00
7.349999999999999867e-01,3.814584602005164915e-01,4.779890769282102436e-01,-5.552752414768569178e-02,-1.450633552373810364e-01,-7.844015066894328703e-01,0.000000000000000000e+00
7.399999999999999911e-01,3.838372385828272559e-01,4.735185638356000926e-01,-5.624421161859982643e-02,-1.416159797737677750e-01,-7.897411149427826516e-01,0.000000000000000000e+00
7.449999999999999956e-01,3.861936095637303334e-01,4.690262844208998305e-01,-5.694372769245743121e-02,-1.381948511115672074e-01,-7.948872760913084923e-01,0.000000000000000000e+00
7.500000000000000000e-01,3.885274668199924508e-01,4.645132395541988757e-01,-5.762620440922094911e-02,-1.348002887699115970e-01,-7.998425329896493574e-01,0.000000000000000000e+00
7.550000000000000044e-01,3.908387089956390503e-01,4.599804152928831380e-01,-5.829177536388636255e-02,-1.314325953189379170e-01,-8.046094107691117436e-01,0.000000000000000000e+00
7.600000000000000089e-01,3.931272396282496917e-01,4.554287830249967306e-01,-5.894057562286790508e-02,-1.280920568300569218e-01,-8.091904167775767487e-01,0.000000000000000000e+00
7.650000000000000133e-01,3.953929670759678827e-01,4.508592996117661289e-01,-5.957274164261004007e-02,-1.247789433165898271e-01,-8.135880405268265392e-01,0.000000000000000000e+00
7.700000000000000178e-01,3.976358044452215079e-01,4.462729075292606873e-01,-6.018841119037875165e-02,-1.214935091648963322e-01,-8.178047536468666667e-01,0.000000000000000000e+00
7.750000000000000222e-01,3.998556695191493593e-01,4.416705350091673088e-01,-6.078772326718497737e-02,-1.182359935561214104e-01,-8.218430098468366696e-01,0.000000000000000000e+00
7.800000000000000266e-01,4.020524846867292723e-01,4.370530961786588953e-01,-6.137081803279361564e-02,-1.150066208786907768e-01,-8.257052448821255997e-01,0.000000000000000000e+00
7.850000000000000311e-01,4.042261768726034266e-01,4.324214911993392030e-01,-6.193783673277214463e-02,-1.118056011316878734e-01,-8.293938765273312086e-01,0.000000000000000000e+00
7.900000000000000355e-01,4.063766774675957039e-01,4.277766064052485051e-01,-6.248892162753359736e-02,-1.086331303192469705e-01,-8.329113045547094085e-01,0.000000000000000000e+00
7.950000000000000400e-01,4.085039222599170516e-01,4.231193144399176265e-01,-6.302421592332935196e-02,-1.054893908360995808e-01,-8.362599107177892677e-01,0.000000000000000000e+00
8.000000000000000444e-01,4.106078513670535224e-01,4.184504743924586379e-01,-6.354386370514779336e-02,-1.023745518444125757e-01,-8.394420587398470079e-01,0.000000000000000000e+00
8.050000000000000488e-01,4.126884091683323263e-01,4.137709319326834945e-01,-6.404800987147572788e-02,-9.928876964205814171e-02,-8.424600943069353587e-01,0.000000000000000000e+00
8.100000000000000533e-01,4.147455442381612345e-01,4.090815194452435133e-01,-6.453680007087998771e-02,-9.623218802245689374e-02,-8.453163450651981492e-01,0.000000000000000000e+00
8.150000000000000577e-01,4.167792092799360026e-01,4.043830561627838049e-01,-6.501038064036750164e-02,-9.320493862613635216e-02,-8.480131206222019102e-01,0.000000000000000000e+00
8.200000000000000622e-01,4.187893610606109873e-01,3.996763482981084969e-01,-6.546889854548269827e-02,-9.020714128414789035e-02,-8.505527125520414566e-01,0.000000000000000000e+00
8.250000000000000666e-01,4.207759603459286235e-01,3.949621891753547498e-01,-6.591250132210203783e-02,-8.723890435348567729e-02,-8.529373944039817523e-01,0.000000000000000000e+00
8.300000000000000711e-01,4.227389718363017135e-01,3.902413593601736230e-01,-6.634133701988582932e-02,-8.430032504465150012e-02,-8.551694217144151233e-01,0.000000000000000000e+00
8.349999999999999645e-01,4.246783641033444190e-01,3.855146267889183465e-01,-6.675555414734860027e-02,-8.139148974150968441e-02,-8.572510320219319802e-01,0.000000000000000000e+00
8.399999999999999689e-01,4.265941095270467387e-01,3.807827468968409401e-01,-6.715530161850975788e-02,-7.851247431357594175e-02,-8.591844448853034333e-01,0.000000000000000000e+00
8.449999999999999734e-01,4.284861842335874194e-01,3.760464627452993480e-01,-6.754072870108709936e-02,-7.566334442088425150e-02,-8.609718619042006083e-01,0.000000000000000000e+00
8.499999999999999778e-01,4.303545680337803603e-01,3.713065051479784162e-01,-6.791198496619633984e-02,-7.284415581157502317e-02,-8.626154667424692501e-01,0.000000000000000000e+00
8.549999999999999822e-01,4.321992443621499036e-01,3.665635927961286566e-01,-6.826922023952072816e-02,-7.005495461234763355e-02,-8.641174251538084050e-01,0.000000000000000000e+00
8.599999999999999867e-01,4.340202002166295703e-01,3.618184323828279036e-01,-6.861258455391539002e-02,-6.729577761191964103e-02,-8.654798850096993013e-01,0.000000000000000000e+00
8.649999999999999911e-01,4.358174260988799120e-01,3.570717187262712478e-01,-6.894222810341174568e-02,-6.456665253763417545e-02,-8.667049763294407683e-01,0.000000000000000000e+00
8.699999999999999956e-01,4.375909159552203720e-01,3.523241348920956306e-01,-6.925830119858816802e-02,-6.186759832535605047e-02,-8.677948113121659590e-01,0.000000000000000000e+00
8.750000000000000000e-01,4.393406671181701029e-01,3.475763523147460954e-01,-6.956095422327357447e-02,-5.919862538279623693e-02,-8.687514843707125900e-01,0.000000000000000000e+00
8.800000000000000044e-01,4.410666802485936344e-01,3.428290309178907980e-01,-6.985033759255157571e-02,-5.655973584640305862e-02,-8.695770721672386738e-01,0.000000000000000000e+00
8.850000000000000089e-01,4.427689592784459505e-01,3.380828192338928839e-01,-7.012660171203323467e-02,-5.395092383195725094e-02,-8.702736336504729442e-01,0.000000000000000000e+00
8.900000000000000133e-01,4.444475113541128120e-01,3.333383545223475575e-01,-7.038989693836733563e-02,-5.137217567900670412e-02,-8.708432100945039389e-01,0.000000000000000000e+00
8.950000000000000178e-01,4.461023467803411635e-01,3.285962628876929470e-01,-7.064037354095772936e-02,-4.882347018927531146e-02,-8.712878251390179241e-01,0.000000000000000000e+00
9.000000000000000222e-01,4.477334789647556268e-01,3.238571593959035377e-01,-7.087818166485795879e-02,-4.630477885917865660e-02,-8.716094848309020593e-01,0.000000000000000000e+00
9.050000000000000266e-01,4.493409243629558625e-01,3.191216481902754976e-01,-7.110347129481395245e-02,-4.381606610657797635e-02,-8.718101776671309810e-01,0.000000000000000000e+00
9.100000000000000311e-01,4.509247024241909152e-01,3.143903226063136103e-01,-7.131639222042639170e-02,-4.135728949190184411e-02,-8.718918746388717445e-01,0.000000000000000000e+00
9.150000000000000355e-01,4.524848355376054898e-01,3.096637652857288092e-01,-7.151709400240481573e-02,-3.892839993376356889e-02,-8.718565292767350705e-01,0.000000000000000000e+00
9.200000000000000400e-01,4.540213489790542734e-01,3.049425482895568029e-01,-7.170572593988641663e-02,-3.652934191920041707e-02,-8.717060776971186087e-01,0.000000000000000000e+00
9.250000000000000444e-01,4.555342708584794731e-01,3.002272332104068964e-01,-7.188243703879275415e-02,-3.416005370865889817e-02,-8.714424386495842612e-01,0.000000000000000000e+00
9.300000000000000488e-01,4.570236320678474629e-01,2.955183712838513888e-01,-7.204737598119854980e-02,-3.182046753584857196e-02,-8.710675135652165002e-01,0.000000000000000000e+00
9.350000000000000533e-01,4.584894662296403745e-01,2.908165034989653730e-01,-7.220069109568719168e-02,-2.951050980258487777e-02,-8.705831866059213775e-01,0.000000000000000000e+00
9.400000000000000577e-01,4.599318096458982486e-01,2.861221607080267626e-01,-7.234253032866812261e-02,-2.723010126873955453e-02,-8.699913247146211503e-01,0.000000000000000000e+00
9.450000000000000622e-01,4.613507012478073599e-01,2.814358637353865378e-01,-7.247304121663204757e-02,-2.497915723741521432e-02,-8.692937776663076654e-01,0.000000000000000000e+00
9.500000000000000666e-01,4.627461825458313860e-01,2.767581234855190364e-01,-7.259237085932028488e-02,-2.275758773545868974e-02,-8.684923781199204162e-01,0.000000000000000000e+00
9.550000000000000711e-01,4.641182975803800903e-01,2.720894410502621708e-01,-7.270066589378527955e-02,-2.056529768942569683e-02,-8.675889416710194091e-01,0.000000000000000000e+00
9.599999999999999645e-01,4.654670928730128554e-01,2.674303078152571178e-01,-7.279807246931975506e-02,-1.840218709710732953e-02,-8.665852669052227508e-01,0.000000000000000000e+00
9.649999999999999689e-01,4.667926173781720700e-01,2.627812055655971424e-01,-7.288473622323271561e-02,-1.626815119472686116e-02,-8.654831354523908615e-01,0.000000000000000000e+00
9.699999999999999734e-01,4.680949224354427618e-01,2.581426065906952116e-01,-7.296080225745074643e-02,-1.416308061991324203e-02,-8.642843120415274472e-01,0.000000000000000000e+00
9.749999999999999778e-01,4.693740617223348677e-01,2.535149737883790055e-01,-7.302641511592386503e-02,-1.208686157055564175e-02,-8.629905445563845756e-01,0.000000000000000000e+00
9.799999999999999822e-01,4.706300912075839782e-01,2.488987607682234815e-01,-7.308171876281560619e-02,-1.003937595964124810e-02,-8.616035640917526495e-01,0.000000000000000000e+00
9.849999999999999867e-01,4.718630691049667258e-01,2.442944119541290426e-01,-7.312685656145739843e-02,-8.020501566176519923e-03,-8.601250850104199541e-01,0.000000000000000000e+00
9.899999999999999911e-01,4.730730558276274311e-01,2.397023626861547185e-01,-7.316197125404798329e-02,-6.030112182289992795e-03,-8.585568050007913454e-01,0.000000000000000000e+00
9.949999999999999956e-01,4.742601139429118984e-01,2.351230393216144632e-01,-7.318720494207903160e-02,-4.068077756612639533e-03,-8.569004051351534201e-01,0.000000000000000000e+00
1.000000000000000000e+00,4.754243081277047533e-01,2.305568593354454243e-01,-7.320269906746851296e-02,-2.134264534029766888e-03,-8.551575499285772874e-01,0.000000000000000000e+00
1.005000000000000115e+00,4.765657051242672693e-01,2.260042314198558444e-01,-7.320859439438395788e-02,-2.285351918963529540e-04,-8.533298873984539457e-01,0.000000000000000000e+00
1.010000000000000009e+00,4.776843736965711296e-01,2.214655555832610867e-01,-7.320503099173815420e-02,1.649251027194319078e-03,-8.514190491246494963e-01,0.000000000000000000e+00
1.015000000000000124e+00,4.787803845871253516e-01,2.169412232485148917e-01,-7.319214821634024981e-02,3.499238186000880498e-03,-8.494266503102848587e-01,0.000000000000000000e+00
1.020000000000000018e+00,4.798538104742927635e-01,2.124316173504439409e-01,-7.317008469668566384e-02,5.321573526497149279e-03,-8.473542898431254411e-01,0.000000000000000000e+00
1.024999999999999911e+00,4.809047259300921473e-01,2.079371124326926112e-01,-7.313897831736869415e-02,7.116407346924599232e-03,-8.452035503575852093e-01,0.000000000000000000e+00
1.030000000000000027e+00,4.819332073784829418e-01,2.034580747438850534e-01,-7.309896620410208379e-02,8.883892881952184031e-03,-8.429759982973410448e-01,0.000000000000000000e+00
1.034999999999999920e+00,4.829393330541292828e-01,1.989948623331113109e-01,-7.305018470932812813e-02,1.062418618586363772e-02,-8.406731839785535065e-01,0.000000000000000000e+00
1.040000000000000036e+00,4.839231829616396641e-01,1.945478251447442797e-01,-7.299276939840647349e-02,1.233744601869425292e-02,-8.382966416536956622e-01,0.000000000000000000e+00
1.044999999999999929e+00,4.848848388352787753e-01,1.901173051125933933e-01,-7.292685503636403554e-02,1.402383373524112090e-02,-8.358478895759896554e-01,0.000000000000000000e+00
1.050000000000000044e+00,4.858243840991490203e-01,1.857036362534014440e-01,-7.285257557519281280e-02,1.568351317687263075e-02,-8.333284300644497877e-01,0.000000000000000000e+00
1.054999999999999938e+00,4.867419038278373855e-01,1.813071447596902031e-01,-7.277006414168180060e-02,1.731665056606495126e-02,-8.307397495695315603e-01,0.000000000000000000e+00
1.060000000000000053e+00,4.876374847075250485e-01,1.769281490919605015e-01,-7.267945302576957201e-02,1.892341440359499374e-02,-8.280833187393927819e-01,0.000000000000000000e+00
1.064999999999999947e+00,4.885112149975566198e-01,1.725669600702520456e-01,-7.258087366940438323e-02,2.050397536832120754e-02,-8.253605924867593036e-01,0.000000000000000000e+00
1.070000000000000062e+00,4.893631844924652419e-01,1.682238809650681843e-01,-7.247445665589903607e-02,2.205850621948530349e-02,-8.225730100564048186e-01,0.000000000000000000e+00
1.074999999999999956e+00,4.901934844844509920e-01,1.638992075876704035e-01,-7.236033169976809065e-02,2.358718170146976295e-02,-8.197219950932380650e-01,0.000000000000000000e+00
1.080000000000000071e+00,4.910022077263091478e-01,1.595932283797473761e-01,-7.223862763703527146e-02,2.509017845094771090e-02,-8.168089557110072008e-01,0.000000000000000000e+00
1.084999999999999964e+00,4.917894483948050399e-01,1.553062245024628418e-01,-7.210947241599928448e-02,2.656767490636341433e-02,-8.138352845616128040e-01,0.000000000000000000e+00
1.090000000000000080e+00,4.925553020544929939e-01,1.510384699248866758e-01,-7.197299308844648524e-02,2.801985121968333936e-02,-8.108023589050374902e-01,0.000000000000000000e+00
1.094999999999999973e+00,4.932998656219754197e-01,1.467902315118130574e-01,-7.182931580129928162e-02,2.944688917035929304e-02,-8.077115406798909270e-01,0.000000000000000000e+00
1.100000000000000089e+00,4.940232373305998848e-01,1.425617691109696550e-01,-7.167856578868930795e-02,3.084897208144680644e-02,-8.045641765745693563e-01,0.000000000000000000e+00
1.104999999999999982e+00,4.947255166955904504e-01,1.383533356396213221e-01,-7.152086736444474013e-02,3.222628473782346986e-02,-8.013615980990326237e-01,0.000000000000000000e+00
1.110000000000000098e+00,4.954068044796106074e-01,1.341651771705718310e-01,-7.135634391498130169e-02,3.357901330645346460e-02,-7.981051216571943829e-01,0.000000000000000000e+00
1.114999999999999991e+00,4.960672026587548689e-01,1.299975330175666688e-01,-7.118511789258709366e-02,3.490734525864599980e-02,-7.947960486199326935e-01,0.000000000000000000e+00
1.120000000000000107e+00,4.967068143889655230e-01,1.258506358201001984e-01,-7.100731080909107595e-02,3.621146929425689970e-02,-7.914356653987102419e-01,0.000000000000000000e+00
1.125000000000000000e+00,4.973257439728723250e-01,1.217247116276297531e-01,-7.082304322990594370e-02,3.749157526778396088e-02,-7.880252435198140670e-01,0.000000000000000000e+00
1.130000000000000115e+00,4.979240968270515211e-01,1.176199799831995213e-01,-7.063243476843579505e-02,3.874785411630812804e-02,-7.845660396992055752e-01,0.000000000000000000e+00
1.135000000000000009e+00,4.985019794497017598e-01,1.135366540064766533e-01,-7.043560408083959778e-02,3.998049778923393888e-02,-7.810592959179816219e-01,0.000000000000000000e+00
1.140000000000000124e+00,4.990594993887333408e-01,1.094749404762019596e-01,-7.023266886114158669e-02,4.118969917978389933e-02,-7.775062394984459946e-01,0.000000000000000000e+00
1.145000000000000018e+00,4.995967652102687451e-01,1.054350399120573822e-01,-7.002374583667982100e-02,4.237565205820300468e-02,-7.739080831807866323e-01,0.000000000000000000e+00
1.150000000000000133e+00,5.001138864675506168e-01,1.014171466559522089e-01,-6.980895076388460296e-02,4.353855100663056588e-02,-7.702660252003561414e-01,0.000000000000000000e+00
1.155000000000000027e+00,5.006109736702549773e-01,9.742144895273011085e-02,-6.958839842437844481e-02,4.467859135559809625e-02,-7.665812493655532744e-01,0.000000000000000000e+00
1.159999999999999920e+00,5.010881382542065055e-01,9.344812903029850459e-02,-6.936220262138954873e-02,4.579596912211290893e-02,-7.628549251363010431e-01,0.000000000000000000e+00
1.165000000000000036e+00,5.015454925514928330e-01,8.949736317918213779e-02,-6.913047617647094523e-02,4.689088094928853256e-02,-7.590882077031120279e-01,0.000000000000000000e+00
1.169999999999999929e+00,5.019831497609755777e-01,8.556932183150216253e-02,-6.889333092651778179e-02,4.796352404748392695e-02,-7.552822380667467694e-01,0.000000000000000000e+00
1.175000000000000044e+00,5.024012239191942841e-01,8.166416963938225027e-02,-6.865087772107517083e-02,4.901409613691488226e-02,-7.514381431184495863e-01,0.000000000000000000e+00
1.179999999999999938e+00,5.027998298716614967e-01,7.778206555278299739e-02,-6.840322641992933883e-02,5.004279539170187335e-02,-7.475570357207589334e-01,0.000000000000000000e+00
1.185000000000000053e+00,5.031790832445450778e-01,7.392316289676573171e-02,-6.815048589097509601e-02,5.104982038531973715e-02,-7.436400147888908574e-01,0.000000000000000000e+00
1.189999999999999947e+00,5.035391004167361073e-01,7.008760944818684391e-02,-6.789276400835256298e-02,5.203537003741567218e-02,-7.396881653726798955e-01,0.000000000000000000e+00
1.195000000000000062e+00,5.038799984922978092e-01,6.627554751182367088e-02,-6.763016765084649273e-02,5.299964356196295440e-02,-7.357025587390797483e-01,0.000000000000000000e+00
1.199999999999999956e+00,5.042018952732949533e-01,6.248711399593271515e-02,-6.736280270054149921e-02,5.394284041671874169e-02,-7.316842524552048532e-01,0.000000000000000000e+00
1.205000000000000071e+00,5.045049092329985108e-01,5.872244048724118565e-02,-6.709077404172686387e-02,5.486516025395536678e-02,-7.276342904719176330e-01,0.000000000000000000e+00
1.209999999999999964e+00,5.047891594894643452e-01,5.498165332537244265e-02,-6.681418556004453668e-02,5.576680287243536427e-02,-7.235537032079409903e-01,0.000000000000000000e+00
1.215000000000000080e+00,5.050547657794827172e-01,5.126487367670615886e-02,-6.653314014187418357e-02,5.664796817060135936e-02,-7.194435076344927182e-01,0.000000000000000000e+00
1.219999999999999973e+00,5.053018484328956061e-01,4.757221760767372382e-02,-6.624773967394934071e-02,5.750885610095287509e-02,-7.153047073604323902e-01,0.000000000000000000e+00
1.225000000000000089e+00,5.055305283472788513e-01,4.390379615748953024e-02,-6.595808504319880528e-02,5.834966662558289247e-02,-7.111382927179092928e-01,0.000000000000000000e+00
1.229999999999999982e+00,5.057409269629867810e-01,4.025971541031860695e-02,-6.566427613680739239e-02,5.917059967284784422e-02,-7.069452408484988570e-01,0.000000000000000000e+00
1.235000000000000098e+00,5.059331662385561090e-01,3.664007656688107739e-02,-6.536641184249068759e-02,5.997185509514545848e-02,-7.027265157898224812e-01,0.000000000000000000e+00
1.239999999999999991e+00,5.061073686264668803e-01,3.304497601549392233e-02,-6.506459004897810483e-02,6.075363262777569440e-02,-6.984830685626333135e-01,0.000000000000000000e+00
1.245000000000000107e+00,5.062636570492564658e-01,2.947450540255035223e-02,-6.475890764669901822e-02,6.151613184886073338e-02,-6.942158372583602244e-01,0.000000000000000000e+00
1.250000000000000000e+00,5.064021548759852775e-01,2.592875170243724714e-02,-6.444946052866669384e-02,6.225955214030062107e-02,-6.899257471270958675e-01,0.000000000000000000e+00
1.255000000000000115e+00,5.065229858990502043e-01,2.240779728689095557e-02,-6.413634359155488684e-02,6.298409264974200172e-02,-6.856137106660185054e-01,0.000000000000000000e+00
1.260000000000000009e+00,5.066262743113437717e-01,1.891171999379178542e-02,-6.381965073696213575e-02,6.368995225353790701e-02,-6.812806277082330553e-01,0.000000000000000000e+00
1.265000000000000124e+00,5.067121446837553611e-01,1.544059319539752874e-02,-6.349947487285878545e-02,6.437732952067722059e-02,-6.769273855120179206e-01,0.000000000000000000e+00
1.270000000000000018e+00,5.067807219430127130e-01,1.199448586601625788e-02,-6.317590791521200677e-02,6.504642267766323760e-02,-6.725548588504671743e-01,0.000000000000000000e+00
1.275000000000000133e+00,5.068321313498601599e-01,8.573462649118748780e-03,-6.284904078978409414e-02,6.569742957432105068e-02,-6.681639101015104387e-01,0.000000000000000000e+00
1.280000000000000027e+00,5.068664984775711480e-01,5.177583923890791487e-03,-6.251896343409943380e-02,6.633054765051435431e-02,-6.637553893383001391e-01,0.000000000000000000e+00
1.284999999999999920e+00,5.068839491907919381e-01,1.806905871225683319e-03,-6.218576479957567404e-02,6.694597390375257862e-02,-6.593301344199502534e-01,0.000000000000000000e+00
1.290000000000000036e+00,5.068846096247139332e-01,-1.538519460842788754e-03,-6.184953285381464966e-02,6.754390485767007568e-02,-6.548889710826111266e-01,0.000000000000000000e+00
1.294999999999999929e+00,5.068686061645717444e-01,-4.858644092266560348e-03,-6.151035458304876524e-02,6.812453653135928933e-02,-6.504327130308668048e-01,0.000000000000000000e+00
1.300000000000000044e+00,5.068360654254644437e-01,-8.153424046668385564e-03,-6.116831599473863956e-02,6.868806440954060288e-02,-6.459621620294420108e-01,0.000000000000000000e+00
1.304999999999999938e+00,5.067871142324967826e-01,-1.142281928758546138e-02,-6.082350212031782666e-02,6.923468341355196176e-02,-6.414781079951987763e-01,0.000000000000000000e+00
1.310000000000000053e+00,5.067218796012378235e-01,-1.466679365527122879e-02,-6.047599701808058226e-02,6.976458787314168686e-02,-6.369813290894112967e-01,0.000000000000000000e+00
1.314999999999999947e+00,5.066404887184940975e-01,-1.788531480405496088e-02,-6.012588377620867175e-02,7.027797149904868590e-02,-6.324725918103035749e-01,0.000000000000000000e+00
1.320000000000000062e+00,5.065430689233947348e-01,-2.107835414025872531e-02,-5.977324451593336863e-02,7.077502735635429754e-02,-6.279526510858312038e-01,0.000000000000000000e+00
1.324999999999999956e+00,5.064297476887857918e-01,-2.424588676067127371e-02,-5.941816039482877149e-02,7.125594783859075243e-02,-6.234222503666939641e-01,0.000000000000000000e+00
1.330000000000000071e+00,5.063006526029301124e-01,-2.738789139157840613e-02,-5.906071161023275506e-02,7.172092464259145761e-02,-6.188821217195653590e-01,0.000000000000000000e+00
1.334999999999999964e+00,5.061559113515113895e-01,-3.050435032834927437e-02,-5.870097740279178744e-02,7.217014874406872671e-02,-6.143329859205148846e-01,0.000000000000000000e+00
1.340000000000000080e+00,5.059956516999386533e-01,-3.359524937557809704e-02,-5.833903606012612320e-02,7.260381037390503667e-02,-6.097755525486197037e-01,0.000000000000000000e+00
1.344999999999999973e+00,5.058200014759485219e-01,-3.666057778778069459e-02,-5.797496492061175732e-02,7.302209899514414126e-02,-6.052105200797367468e-01,0.000000000000000000e+00
1.350000000000000089e+00,5.056290885525028811e-01,-3.970032821064522349e-02,-5.760884037727570517e-02,7.342520328066876045e-02,-6.006385759804271363e-01,0.000000000000000000e+00
1.354999999999999982e+00,5.054230408309783318e-01,-4.271449662283643284e-02,-5.724073788180121525e-02,7.381331109155189751e-02,-5.960603968020156129e-01,0.000000000000000000e+00
1.360000000000000098e+00,5.052019862246460713e-01,-4.570308227835273573e-02,-5.687073194863954961e-02,7.418660945606919688e-02,-5.914766482747644272e-01,0.000000000000000000e+00
1.364999999999999991e+00,5.049660526424381013e-01,-4.866608764943532173e-02,-5.649889615922509822e-02,7.454528454935999138e-02,-5.868879854021511466e-01,0.000000000000000000e+00
1.370000000000000107e+00,5.047153679729973197e-01,-5.160351837002852965e-02,-5.612530316629056604e-02,7.488952167372497914e-02,-5.822950525552290646e-01,0.000000000000000000e+00
1.375000000000000000e+00,5.044500600690094982e-01,-5.451538317979055803e-02,-5.575002469827913115e-02,7.521950523954881729e-02,-5.776984835670582186e-01,0.000000000000000000e+00
1.380000000000000115e+00,5.041702567318135930e-01,-5.740169386865369427e-02,-5.537313156385042373e-02,7.553541874683622481e-02,-5.730989018271863689e-01,0.000000000000000000e+00
1.385000000000000009e+00,5.038760856962873902e-01,-6.026246522193298705e-02,-5.499469365647733504e-02,7.583744476735027051e-02,-5.684969203761682799e-01,0.000000000000000000e+00
1.390000000000000124e+00,5.035676746160072659e-01,-6.309771496598243212e-02,-5.461477995913065209e-02,7.612576492734193789e-02,-5.638931420001032091e-01,0.000000000000000000e+00
1.395000000000000018e+00,5.032451510486771751e-01,-6.590746371439756834e-02,-5.423345854904857571e-02,7.640055989086029509e-02,-5.592881593251767258e-01,0.000000000000000000e+00
1.400000000000000133e+00,5.029086424418262036e-01,-6.869173491476332494e-02,-5.385079660258825646e-02,7.666200934363270880e-02,-5.546825549121900956e-01,0.000000000000000000e+00
1.405000000000000027e+00,5.025582761187704639e-01,-7.145055479594597525e-02,-5.346686040015655866e-02,7.691029197750486046e-02,-5.500769013510609096e-01,0.000000000000000000e+00
1.409999999999999920e+00,5.021941792648372260e-01,-7.418395231592794792e-02,-5.308171533121719410e-02,7.714558547543057254e-02,-5.454717613552808597e-01,0.000000000000000000e+00
1.415000000000000036e+00,5.018164789138487292e-01,-7.689195911018416318e-02,-5.269542589937160210e-02,7.736806649700155025e-02,-5.408676878563118962e-01,0.000000000000000000e+00
1.419999999999999929e+00,5.014253019348626772e-01,-7.957460944059852048e-02,-5.230805572751081461e-02,7.757791066450735185e-02,-5.362652240979077778e-01,0.000000000000000000e+00
1.425000000000000044e+00,5.010207750191668641e-01,-8.223194014491926052e-02,-5.191966756303573183e-02,7.777529254951623394e-02,-5.316649037303431413e-01,0.000000000000000000e+00
1.429999999999999938e+00,5.006030246675248208e-01,-8.486399058675148099e-02,-5.153032328314320620e-02,7.796038565996750436e-02,-5.270672509045390974e-01,0.000000000000000000e+00
1.435000000000000053e+00,5.001721771776705960e-01,-8.747080260608550151e-02,-5.114008390017543010e-02,7.813336242776633411e-02,-5.224727803660638159e-01,0.000000000000000000e+00
1.439999999999999947e+00,4.997283586320493964e-01,-9.005242047035937059e-02,-5.074900956703005950e-02,7.829439419687207746e-02,-5.178819975489976635e-01,0.000000000000000000e+00
1.445000000000000062e+00,4.992716948858016424e-01,-9.260889082605383571e-02,-5.035715958262872854e-02,7.844365121187135692e-02,-5.132953986696466853e-01,0.000000000000000000e+00
1.449999999999999956e+00,4.988023115549874986e-01,-9.514026265081811096e-02,-4.996459239744148462e-02,7.858130260702723968e-02,-5.087134708200898858e-01,0.000000000000000000e+00
1.455000000000000071e+00,4.983203340050498253e-01,-9.764658720612470755e-02,-4.957136561906479860e-02,7.870751639579608161e-02,-5.041366920615445446e-01,0.000000000000000000e+00
1.459999999999999964e+00,4.978258873395121076e-01,-1.001279179904513844e-01,-4.917753601785085360e-02,7.882245946080369825e-02,-4.995655315175368538e-01,0.000000000000000000e+00
1.465000000000000080e+00,4.973190963889094762e-01,-1.025843106929884424e-01,-4.878315953258581528e-02,7.892629754427275823e-02,-4.950004494668631683e-01,0.000000000000000000e+00
1.469999999999999973e+00,4.968000856999498782e-01,-1.050158231478693222e-01,-4.838829127621485648e-02,7.901919523889319730e-02,-4.904418974363271566e-01,0.000000000000000000e+00
1.475000000000000089e+00,4.962689795249025648e-01,-1.074225152889226043e-01,-4.799298554161173652e-02,7.910131597912781198e-02,-4.858903182932398646e-01,0.000000000000000000e+00
1.479999999999999982e+00,4.957259018112116777e-01,-1.098044491049431776e-01,-4.759729580739077703e-02,7.917282203294533083e-02,-4.813461463376690896e-01,0.000000000000000000e+00
1.485000000000000098e+00,4.951709761913322128e-01,-1.121616885954807019e-01,-4.720127474375913207e-02,7.923387449397306659e-02,-4.768098073944249116e-01,0.000000000000000000e+00
1.489999999999999991e+00,4.946043259727856412e-01,-1.144942997271429369e-01,-4.680497421840723593e-02,7.928463327406176653e-02,-4.722817189047665565e-01,0.000000000000000000e+00
1.495000000000000107e+00,4.940260741284328572e-01,-1.168023503904118687e-01,-4.640844530243544430e-02,7.932525709625515287e-02,-4.677622900178213805e-01,0.000000000000000000e+00
1.500000000000000000e+00,4.934363432869616206e-01,-1.190859103569703314e-01,-4.601173827631481472e-02,7.935590348815674266e-02,-4.632519216816994856e-01,0.000000000000000000e+00
1.505000000000000115e+00,4.928352557235862741e-01,-1.213450512375366941e-01,-4.561490263588006966e-02,7.937672877568681395e-02,-4.587510067342928100e-01,0.000000000000000000e+00
1.510000000000000009e+00,4.922229333509568483e-01,-1.235798464402053376e-01,-4.521798709835283397e-02,7.938788807722227392e-02,-4.542599299937492563e-01,0.000000000000000000e+00
1.515000000000000124e+00,4.915994977102753349e-01,-1.257903711292903681e-01,-4.482103960839320389e-02,7.938953529811244858e-02,-4.497790683486044827e-01,0.000000000000000000e+00
1.520000000000000018e+00,4.909650699626164072e-01,-1.279767021846701935e-01,-4.442410734417782253e-02,7.938182312556379960e-02,-4.453087908475659717e-01,0.000000000000000000e+00
1.525000000000000133e+00,4.903197708804501453e-01,-1.301389181616302848e-01,-4.402723672350264406e-02,7.936490302388674034e-02,-4.408494587889321137e-01,0.000000000000000000e+00
1.530000000000000027e+00,4.896637208393644913e-01,-1.322770992512016242e-01,-4.363047340990854756e-02,7.933892523009773712e-02,-4.364014258096403087e-01,0.000000000000000000e+00
1.535000000000000142e+00,4.889970398099845461e-01,-1.343913272409921755e-01,-4.323386231882806602e-02,7.930403874987006219e-02,-4.319650379739287671e-01,0.000000000000000000e+00
1.540000000000000036e+00,4.883198473500865444e-01,-1.364816854765086296e-01,-4.283744762375151643e-02,7.926039135382652312e-02,-4.275406338616048463e-01,0.000000000000000000e+00
1.544999999999999929e+00,4.876322625969041757e-01,-1.385482588229658696e-01,-4.244127276241082408e-02,7.920812957416768774e-02,-4.231285446559080454e-01,0.000000000000000000e+00
1.550000000000000044e+00,4.869344042596244759e-01,-1.405911336275809942e-01,-4.204538044297937566e-02,7.914739870162922075e-02,-4.187290942309558894e-01,0.000000000000000000e+00
1.554999999999999938e+00,4.862263906120709023e-01,-1.426103976823495934e-01,-4.164981265028627061e-02,7.907834278276178186e-02,-4.143425992387684276e-01,0.000000000000000000e+00
1.560000000000000053e+00,4.855083394855718160e-01,-1.446061401873010022e-01,-4.125461065204339556e-02,7.900110461752740676e-02,-4.099693691958536945e-01,0.000000000000000000e+00
1.564999999999999947e+00,4.847803682620108190e-01,-1.465784517142296739e-01,-4.085981500508371195e-02,7.891582575720604287e-02,-4.056097065693518022e-01,0.000000000000000000e+00
1.570000000000000062e+00,4.840425938670579464e-01,-1.485274241709000353e-01,-4.046546556160929287e-02,7.882264650260606409e-02,-4.012639068627257832e-01,0.000000000000000000e+00
1.574999999999999956e+00,4.832951327635781058e-01,-1.504531507657213829e-01,-4.007160147544749917e-02,7.872170590257274170e-02,-3.969322587009898040e-01,0.000000000000000000e+00
1.580000000000000071e+00,4.825381009452153203e-01,-1.523557259728902102e-01,-3.967826120831394882e-02,7.861314175278868999e-02,-3.926150439154678096e-01,0.000000000000000000e+00
1.584999999999999964e+00,4.817716139301498335e-01,-1.542352454979964982e-01,-3.928548253608070417e-02,7.849709059486027762e-02,-3.883125376280731067e-01,0.000000000000000000e+00
1.590000000000000080e+00,4.809957867550263000e-01,-1.560918062440913023e-01,-3.889330255504835909e-02,7.837368771568413439e-02,-3.840250083351025578e-01,0.000000000000000000e+00
1.594999999999999973e+00,4.802107339690502297e-01,-1.579255062782121410e-01,-3.850175768822061695e-02,7.824306714708807731e-02,-3.797527179905347272e-01,0.000000000000000000e+00
1.600000000000000089e+00,4.794165696282509659e-01,-1.597364447983632418e-01,-3.811088369157995120e-02,7.810536166574048866e-02,-3.754959220888288152e-01,0.000000000000000000e+00
1.604999999999999982e+00,4.786134072899083103e-01,-1.615247221009473155e-01,-3.772071566036308554e-02,7.796070279332267816e-02,-3.712548697472128345e-01,0.000000000000000000e+00
1.610000000000000098e+00,4.778013600071410738e-01,-1.632904395486457494e-01,-3.733128803533496826e-02,7.780922079695845595e-02,-3.670298037874576980e-01,0.000000000000000000e+00
1.614999999999999991e+00,4.769805403236550001e-01,-1.650336995387438055e-01,-3.694263460905994334e-02,7.765104468989551811e-02,-3.628209608171273359e-01,0.000000000000000000e+00
1.620000000000000107e+00,4.761510602686481186e-01,-1.667546054718977433e-01,-3.655478853216893170e-02,7.748630223243294091e-02,-3.586285713103023465e-01,0.000000000000000000e+00
1.625000000000000000e+00,4.753130313518709738e-01,-1.684532617213403694e-01,-3.616778231962134577e-02,7.731511993308957942e-02,-3.544528596877671300e-01,0.000000000000000000e+00
1.630000000000000115e+00,4.744665645588398428e-01,-1.701297736025218221e-01,-3.578164785696057171e-02,7.713762305000784747e-02,-3.502940443966570117e-01,0.000000000000000000e+00
1.635000000000000009e+00,4.736117703462006112e-01,-1.717842473431820949e-01,-3.539641640656187443e-02,7.695393559258756344e-02,-3.461523379895600216e-01,0.000000000000000000e+00
1.640000000000000124e+00,4.727487586372413064e-01,-1.734167900538519935e-01,-3.501211861387154567e-02,7.676418032334472730e-02,-3.420279472030647305e-01,0.000000000000000000e+00
1.645000000000000018e+00,4.718776388175510150e-01,-1.750275096987792267e-01,-3.462878451363622656e-02,7.656847875998989972e-02,-3.379210730357547487e-01,0.000000000000000000e+00
1.650000000000000133e+00,4.709985197308230731e-01,-1.766165150672759088e-01,-3.424644353612128073e-02,7.636695117772109020e-02,-3.338319108256386780e-01,0.000000000000000000e+00
1.655000000000000027e+00,4.701115096748004207e-01,-1.781839157454843947e-01,-3.386512451331719770e-02,7.615971661172613039e-02,-3.297606503270156253e-01,0.000000000000000000e+00
1.660000000000000142e+00,4.692167163973613442e-01,-1.797298220885577280e-01,-3.348485568513295124e-02,7.594689285988938388e-02,-3.257074757867698955e-01,0.000000000000000000e+00
1.665000000000000036e+00,4.683142470927429968e-01,-1.812543451932512595e-01,-3.310566470557534113e-02,7.572859648569794933e-02,-3.216725660200910331e-01,0.000000000000000000e+00
1.669999999999999929e+00,4.674042083979010886e-01,-1.827575968709220511e-01,-3.272757864891329832e-02,7.550494282134240231e-02,-3.176560944856143820e-01,0.000000000000000000e+00
1.675000000000000044e+00,4.664867063890035248e-01,-1.842396896209325396e-01,-3.235062401582623065e-02,7.527604597100714945e-02,-3.136582293599814442e-01,0.000000000000000000e+00
1.679999999999999938e+00,4.655618465780560489e-01,-1.857007366044547692e-01,-3.197482673953544463e-02,7.504201881434569010e-02,-3.096791336118131510e-01,0.000000000000000000e+00
1.685000000000000053e+00,4.646297339096577828e-01,-1.871408516186719440e-01,-3.160021219191771341e-02,7.480297301013603961e-02,-3.057189650750943288e-01,0.000000000000000000e+00
1.689999999999999947e+00,4.636904727578850527e-01,-1.885601490713734174e-01,-3.122680518960017221e-02,7.455901900011155381e-02,-3.017778765219670256e-01,0.000000000000000000e+00
1.695000000000000062e+00,4.627441669233007815e-01,-1.899587439559399793e-01,-3.085463000003559747e-02,7.431026601296256140e-02,-2.978560157349290360e-01,0.000000000000000000e+00
1.699999999999999956e+00,4.617909196300884478e-01,-1.913367518267154177e-01,-3.048371034755726836e-02,7.405682206850430771e-02,-2.939535255784346268e-01,0.000000000000000000e+00
1.705000000000000071e+00,4.608308335233080588e-01,-1.926942887747612188e-01,-3.011406941941259519e-02,7.379879398200649143e-02,-2.900705440698973514e-01,0.000000000000000000e+00
1.709999999999999964e+00,4.598640106662721938e-01,-1.940314714039905464e-01,-2.974572987177468569e-02,7.353628736868014770e-02,-2.862072044500899581e-01,0.000000000000000000e+00
1.715000000000000080e+00,4.588905525380408967e-01,-1.953484168076780048e-01,-2.937871383573109965e-02,7.326940664831733951e-02,-2.823636352529411142e-01,0.000000000000000000e+00
1.719999999999999973e+00,4.579105600310325319e-01,-1.966452425453417141e-01,-2.901304292324904596e-02,7.299825505007932758e-02,-2.785399603747273911e-01,0.000000000000000000e+00
1.725000000000000089e+00,4.569241334487498252e-01,-1.979220666199938417e-01,-2.864873823311625198e-02,7.272293461742893039e-02,-2.747362991426582912e-01,0.000000000000000000e+00
1.729999999999999982e+00,4.559313725036183707e-01,-1.991790074557563683e-01,-2.828582035685684240e-02,7.244354621320278631e-02,-2.709527663828533717e-01,0.000000000000000000e+00
1.735000000000000098e+00,4.549323763149363820e-01,-2.004161838758381220e-01,-2.792430938462149570e-02,7.216018952481942361e-02,-2.671894724877095784e-01,0.000000000000000000e+00
1.739999999999999991e+00,4.539272434069334672e-01,-2.016337150808698575e-01,-2.756422491105125008e-02,7.187296306961887815e-02,-2.634465234826598445e-01,0.000000000000000000e+00
1.745000000000000107e+00,4.529160717069370401e-01,-2.028317206275934981e-01,-2.720558604111427900e-02,7.158196420032988949e-02,-2.597240210923192905e-01,0.000000000000000000e+00
1.750000000000000000e+00,4.518989585436442580e-01,-2.040103204079020682e-01,-2.684841139591500822e-02,7.128728911066053997e-02,-2.560220628060215775e-01,0.000000000000000000e+00
1.755000000000000115e+00,4.508760006454979319e-01,-2.051696346282268490e-01,-2.649271911847501243e-02,7.098903284100849254e-02,-2.523407419427422527e-01,0.000000000000000000e+00
1.760000000000000009e+00,4.498472941391646884e-01,-2.063097837892679531e-01,-2.613852687948503561e-02,7.068728928428674729e-02,-2.486801477154104711e-01,0.000000000000000000e+00
1.765000000000000124e+00,4.488129345481135513e-01,-2.074308886660649331e-01,-2.578585188302762177e-02,7.038215119186123914e-02,-2.450403652946084310e-01,0.000000000000000000e+00
1.770000000000000018e+00,4.477730167912933879e-01,-2.085330702884037879e-01,-2.543471087226977997e-02,7.007371017959626580e-02,-2.414214758716600739e-01,0.000000000000000000e+00
1.775000000000000133e+00,4.467276351819074454e-01,-2.096164499215567578e-01,-2.508512013512516001e-02,6.976205673400420748e-02,-2.378235567211060553e-01,0.000000000000000000e+00
1.780000000000000027e+00,4.456768834262834766e-01,-2.106811490473514681e-01,-2.473709550988523187e-02,6.944728021849565225e-02,-2.342466812625686456e-01,0.000000000000000000e+00
1.785000000000000142e+00,4.446208546228374581e-01,-2.117272893455658112e-01,-2.439065239081896277e-02,6.912946887972631904e-02,-2.306909191220060107e-01,0.000000000000000000e+00
1.790000000000000036e+00,4.435596412611297890e-01,-2.127549926756449883e-01,-2.404580573374052663e-02,6.880870985403735041e-02,-2.271563361923559232e-01,0.000000000000000000e+00
1.794999999999999929e+00,4.424933352210119741e-01,-2.137643810587372406e-01,-2.370257006154459847e-02,6.848508917398514473e-02,-2.236429946935708513e-01,0.000000000000000000e+00
1.800000000000000044e+00,4.414220277718623464e-01,-2.147555766600448279e-01,-2.336095946970875858e-02,6.815869177495750830e-02,-2.201509532320445883e-01,0.000000000000000000e+00
1.804999999999999938e+00,4.403458095719092746e-01,-2.157287017714865640e-01,-2.302098763176263843e-02,6.782960150187253290e-02,-2.166802668594324799e-01,0.000000000000000000e+00
1.810000000000000053e+00,4.392647706676402475e-01,-2.166838787946686051e-01,-2.268266780472334362e-02,6.749790111595692366e-02,-2.132309871308648019e-01,0.000000000000000000e+00
1.814999999999999947e+00,4.381790004932955007e-01,-2.176212302241598284e-01,-2.234601283449681036e-02,6.716367230160032176e-02,-2.098031621625577881e-01,0.000000000000000000e+00
1.820000000000000062e+00,4.370885878704441896e-01,-2.185408786310685525e-01,-2.201103516124470680e-02,6.682699567328251322e-02,-2.063968366888200290e-01,0.000000000000000000e+00
1.824999999999999956e+00,4.359936210076423291e-01,-2.194429466469169643e-01,-2.167774682471650463e-02,6.648795078257013769e-02,-2.030120521184591298e-01,0.000000000000000000e+00
1.830000000000000071e+00,4.348941875001702262e-01,-2.203275569478098661e-01,-2.134615946954643295e-02,6.614661612517987177e-02,-1.996488465905888465e-01,0.000000000000000000e+00
1.834999999999999964e+00,4.337903743298487380e-01,-2.211948322388943844e-01,-2.101628435051492230e-02,6.580306914810490904e-02,-1.963072550298380348e-01,0.000000000000000000e+00
1.840000000000000080e+00,4.326822678649321907e-01,-2.220448952391071706e-01,-2.068813233777428914e-02,6.545738625680161404e-02,-1.929873092009660729e-01,0.000000000000000000e+00
1.844999999999999973e+00,4.315699538600769603e-01,-2.228778686662056252e-01,-2.036171392203832767e-02,6.510964282243350554e-02,-1.896890377628829283e-01,0.000000000000000000e+00
1.850000000000000089e+00,4.304535174563842714e-01,-2.236938752220800353e-01,-2.003703921973555568e-02,6.475991318916940465e-02,-1.864124663220802502e-01,0.000000000000000000e+00
1.854999999999999982e+00,4.293330431815156611e-01,-2.244930375783429355e-01,-1.971411797812583008e-02,6.440827068153301416e-02,-1.831576174854718797e-01,0.000000000000000000e+00
1.860000000000000098e+00,4.282086149498797734e-01,-2.252754783621925827e-01,-1.939295958038009943e-02,6.405478761180097291e-02,-1.799245109126504649e-01,0.000000000000000000e+00
1.864999999999999991e+00,4.270803160628892647e-01,-2.260413201425471030e-01,-1.907357305062304734e-02,6.369953528744665139e-02,-1.767131633675577407e-01,0.000000000000000000e+00
1.870000000000000107e+00,4.259482292092863220e-01,-2.267906854164462027e-01,-1.875596705893840810e-02,6.334258401862685739e-02,-1.735235887695761314e-01,0.000000000000000000e+00
1.875000000000000000e+00,4.248124364655353480e-01,-2.275236965957168345e-01,-1.844014992633675673e-02,6.298400312570880122e-02,-1.703557982440404572e-01,0.000000000000000000e+00
1.880000000000000115e+00,4.236730192962820385e-01,-2.282404759938997940e-01,-1.812612962968554800e-02,6.262386094683469739e-02,-1.672098001721747385e-01,0.000000000000000000e+00
1.885000000000000009e+00,4.225300585548767973e-01,-2.289411458134340827e-01,-1.781391380660126561e-02,6.226222484552132452e-02,-1.640856002404561254e-01,0.000000000000000000e+00
1.890000000000000124e+00,4.213836344839618220e-01,-2.296258281330954276e-01,-1.750350976030347686e-02,6.189916121829202450e-02,-1.609832014894087560e-01,0.000000000000000000e+00
1.895000000000000018e+00,4.202338267161203067e-01,-2.302946448956862679e-01,-1.719492446443065745e-02,6.153473550233868467e-02,-1.579026043618319275e-01,0.000000000000000000e+00
1.900000000000000133e+00,4.190807142745864855e-01,-2.309477178959736254e-01,-1.688816456781764425e-02,6.116901218321118411e-02,-1.548438067504631366e-01,0.000000000000000000e+00
1.905000000000000027e+00,4.179243755740156274e-01,-2.315851687688718352e-01,-1.658323639923455980e-02,6.080205480253195183e-02,-1.518068040450822331e-01,0.000000000000000000e+00
1.910000000000000142e+00,4.167648884213121518e-01,-2.322071189778670830e-01,-1.628014597208711500e-02,6.043392596573321507e-02,-1.487915891790566325e-01,0.000000000000000000e+00
1.915000000000000036e+00,4.156023300165152534e-01,-2.328136898036805291e-01,-1.597889898907818226e-02,6.006468734981471047e-02,-1.457981526753347190e-01,0.000000000000000000e+00
1.919999999999999929e+00,4.144367769537407042e-01,-2.334050023331669110e-01,-1.567950084683051790e-02,5.969439971111956122e-02,-1.428264826918867469e-01,0.000000000000000000e+00
1.925000000000000044e+00,4.132683052221772790e-01,-2.339811774484456819e-01,-1.538195664047057286e-02,5.932312289312607206e-02,-1.398765650665996507e-01,0.000000000000000000e+00
1.929999999999999938e+00,4.120969902071373037e-01,-2.345423358162614935e-01,-1.508627116817331040e-02,5.895091583425335346e-02,-1.369483833616276791e-01,0.000000000000000000e+00
1.935000000000000053e+00,4.109229066911594397e-01,-2.350885978775711094e-01,-1.479244893566796122e-02,5.857783657567859625e-02,-1.340419189072038775e-01,0.000000000000000000e+00
1.939999999999999947e+00,4.097461288551633163e-01,-2.356200838373536388e-01,-1.450049416070467272e-02,5.820394226916394270e-02,-1.311571508449135004e-01,0.000000000000000000e+00
1.945000000000000062e+00,4.085667302796545663e-01,-2.361369136546412895e-01,-1.421041077748199863e-02,5.782928918489093489e-02,-1.282940561704360716e-01,0.000000000000000000e+00
1.949999999999999956e+00,4.073847839459787123e-01,-2.366392070327673902e-01,-1.392220244103520126e-02,5.745393271930056278e-02,-1.254526097757565628e-01,0.000000000000000000e+00
1.955000000000000071e+00,4.062003622376239020e-01,-2.371270834098291869e-01,-1.363587253158535066e-02,5.707792740293694128e-02,-1.226327844908526310e-01,0.000000000000000000e+00
1.959999999999999964e+00,4.050135369415702735e-01,-2.376006619493620520e-01,-1.335142415884919484e-02,5.670132690829277067e-02,-1.198345511248592177e-01,0.000000000000000000e+00
1.965000000000000080e+00,4.038243792496857831e-01,-2.380600615312224999e-01,-1.306886016630979912e-02,5.632418405765472064e-02,-1.170578785067148131e-01,0.000000000000000000e+00
1.969999999999999973e+00,4.026329597601669419e-01,-2.385054007426772038e-01,-1.278818313544797212e-02,5.594655083094689230e-02,-1.143027335252945198e-01,0.000000000000000000e+00
1.975000000000000089e+00,4.014393484790234612e-01,-2.389367978696948502e-01,-1.250939538993447314e-02,5.556847837357067887e-02,-1.115690811690321915e-01,0.000000000000000000e+00
1.979999999999999982e+00,4.002436148216063638e-01,-2.393543708884384447e-01,-1.223249899978303724e-02,5.519001700423920714e-02,-1.088568845650360606e-01,0.000000000000000000e+00
1.985000000000000098e+00,3.990458276141776173e-01,-2.397582374569549868e-01,-1.195749578546424774e-02,5.481121622280479833e-02,-1.061661050177023502e-01,0.000000000000000000e+00
1.989999999999999991e+00,3.978460550955212338e-01,-2.401485149070598513e-01,-1.168438732198028365e-02,5.443212471807769987e-02,-1.034967020468298138e-01,0.000000000000000000e+00
1.995000000000000107e+00,3.966443649185942832e-01,-2.405253202364131815e-01,-1.141317494290061164e-02,5.405279037563457539e-02,-1.008486334252401972e-01,0.000000000000000000e+00
2.000000000000000000e+00,3.954408241522170409e-01,-2.408887701007856319e-01,-1.114385974435865186e-02,5.367326028561517082e-02,-9.822185521590792723e-02,0.000000000000000000e+00
2.004999999999999893e+00,3.942354992828014382e-01,-2.412389808065104890e-01,-1.087644258900949921e-02,5.329358075050566468e-02,-9.561632180860279995e-02,0.000000000000000000e+00
2.010000000000000231e+00,3.930284562161167061e-01,-2.415760683031200062e-01,-1.061092410994876438e-02,5.291379729290720396e-02,-9.303198595605105536e-02,0.000000000000000000e+00
2.015000000000000124e+00,3.918197602790914336e-01,-2.419001481761628713e-01,-1.034730471459261066e-02,5.253395466328818902e-02,-9.046879880961708476e-02,0.000000000000000000e+00
2.020000000000000018e+00,3.906094762216510974e-01,-2.422113356402003648e-01,-1.008558458851907362e-02,5.215409684771897536e-02,-8.792670995451132288e-02,0.000000000000000000e+00
2.024999999999999911e+00,3.893976682185899540e-01,-2.425097455319787654e-01,-9.825763699270751925e-03,5.177426707558756280e-02,-8.540566744452754433e-02,0.000000000000000000e+00
2.030000000000000249e+00,3.881843998714771260e-01,-2.427954923037752288e-01,-9.567841800118975087e-03,5.139450782729500927e-02,-8.290561783631367199e-02,0.000000000000000000e+00
2.035000000000000142e+00,3.869697342105949400e-01,-2.430686900169147791e-01,-9.311818433789543700e-03,5.101486084192925069e-02,-8.042650622318153752e-02,0.000000000000000000e+00
2.040000000000000036e+00,3.857537336969097397e-01,-2.433294523354557759e-01,-9.057692936150154792e-03,5.063536712491610581e-02,-7.796827626845678760e-02,0.000000000000000000e+00
2.044999999999999929e+00,3.845364602240736174e-01,-2.435778925200414446e-01,-8.805464439859638989e-03,5.025606695564627246e-02,-7.553087023837684599e-02,0.000000000000000000e+00
2.049999999999999822e+00,3.833179751204564001e-01,-2.438141234219150244e-01,-8.555131877979117033e-03,4.987699989507712178e-02,-7.311422903453751454e-02,0.000000000000000000e+00
2.055000000000000160e+00,3.820983391512073890e-01,-2.440382574770962043e-01,-8.306693987545217886e-03,4.949820479330815926e-02,-7.071829222589484654e-02,0.000000000000000000e+00
2.060000000000000053e+00,3.808776125203456875e-01,-2.442504067007160995e-01,-8.060149313105488544e-03,4.911971979712905639e-02,-6.834299808032517909e-02,0.000000000000000000e+00
2.064999999999999947e+00,3.796558548728785065e-01,-2.444506826815088796e-01,-7.815496210216130862e-03,4.874158235753920515e-02,-6.598828359574787639e-02,0.000000000000000000e+00
2.069999999999999840e+00,3.784331252969465043e-01,-2.446391965764572463e-01,-7.572732848902211968e-03,4.836382923723771265e-02,-6.365408453081436435e-02,0.000000000000000000e+00
2.075000000000000178e+00,3.772094823259957708e-01,-2.448160591055897339e-01,-7.331857217080508735e-03,4.798649651808292033e-02,-6.134033543516864695e-02,0.000000000000000000e+00
2.080000000000000071e+00,3.759849839409750705e-01,-2.449813805469274464e-01,-7.092867123945126827e-03,4.760961960852039265e-02,-5.904696967928238505e-02,0.000000000000000000e+00
2.084999999999999964e+00,3.747596875725584531e-01,-2.451352707315778701e-01,-6.855760203316060841e-03,4.723323325097849440e-02,-5.677391948386922849e-02,0.000000000000000000e+00
2.089999999999999858e+00,3.735336501033915679e-01,-2.452778390389735441e-01,-6.620533916950862088e-03,4.685737152923065418e-02,-5.452111594888223167e-02,0.000000000000000000e+00
2.095000000000000195e+00,3.723069278703617924e-01,-2.454091943922535601e-01,-6.387185557819577940e-03,4.648206787572342624e-02,-5.228848908209876578e-02,0.000000000000000000e+00
2.100000000000000089e+00,3.710795766668908979e-01,-2.455294452537852834e-01,-6.155712253343137950e-03,4.610735507886951079e-02,-5.007596782729642482e-02,0.000000000000000000e+00
2.104999999999999982e+00,3.698516517452498098e-01,-2.456386996208245743e-01,-5.926110968595368032e-03,4.573326529030492110e-02,-4.788348009202522682e-02,0.000000000000000000e+00
2.109999999999999876e+00,3.686232078188947381e-01,-2.457370650213119290e-01,-5.698378509468803553e-03,4.535983003210956183e-02,-4.571095277497844167e-02,0.000000000000000000e+00
2.115000000000000213e+00,3.673942990648239593e-01,-2.458246485098028178e-01,-5.472511525804499115e-03,4.498708020399040663e-02,-4.355831179296784650e-02,0.000000000000000000e+00
2.120000000000000107e+00,3.661649791259546927e-01,-2.459015566635297523e-01,-5.248506514486011090e-03,4.461504609042656749e-02,-4.142548210750626736e-02,0.000000000000000000e+00
2.125000000000000000e+00,3.649353011135192948e-01,-2.459678955785942200e-01,-5.026359822497759346e-03,4.424375736777559631e-02,-3.931238775100204252e-02,0.000000000000000000e+00
2.129999999999999893e+00,3.637053176094801055e-01,-2.460237708662864065e-01,-4.806067649947946829e-03,4.387324311134032512e-02,-3.721895185256884897e-02,0.000000000000000000e+00
2.135000000000000231e+00,3.624750806689624461e-01,-2.460692876495305381e-01,-4.587626053056253865e-03,4.350353180239559248e-02,-3.514509666345649874e-02,0.000000000000000000e+00
2.140000000000000124e+00,3.612446418227051037e-01,-2.461045505594540717e-01,-4.371030947106491898e-03,4.313465133517428024e-02,-3.309074358210420397e-02,0.000000000000000000e+00
2.145000000000000018e+00,3.600140520795276911e-01,-2.461296637320783964e-01,-4.156278109364436139e-03,4.276662902381205694e-02,-3.105581317882194492e-02,0.000000000000000000e+00
2.149999999999999911e+00,3.587833619288141596e-01,-2.461447308051295524e-01,-3.943363181961037460e-03,4.239949160925024496e-02,-2.904022522010446528e-02,0.000000000000000000e+00
2.155000000000000249e+00,3.575526213430119116e-01,-2.461498549149664927e-01,-3.732281674741224752e-03,4.203326526609631880e-02,-2.704389869258003176e-02,0.000000000000000000e+00
2.160000000000000142e+00,3.563218797801462334e-01,-2.461451386936254759e-01,-3.523028968078511115e-03,4.166797560944147244e-02,-2.506675182659900969e-02,0.000000000000000000e+00
2.165000000000000036e+00,3.550911861863488839e-01,-2.461306842659783389e-01,-3.315600315655622011e-03,4.130364770163484633e-02,-2.310870211946647323e-02,0.000000000000000000e+00
2.169999999999999929e+00,3.538605889984010044e-01,-2.461065932470029305e-01,-3.109990847211362239e-03,4.094030605901384512e-02,-2.116966635832170929e-02,0.000000000000000000e+00
2.175000000000000266e+00,3.526301361462889639e-01,-2.460729667391638176e-01,-2.906195571253939857e-03,4.057797465859020597e-02,-1.924956064266941658e-02,0.000000000000000000e+00
2.180000000000000160e+00,3.513998750557734141e-01,-2.460299053299014604e-01,-2.704209377740973436e-03,4.021667694469135967e-02,-1.734830040656562544e-02,0.000000000000000000e+00
2.185000000000000053e+00,3.501698526509703369e-01,-2.459775090892281357e-01,-2.504027040726403402e-03,3.985643583555664032e-02,-1.546580044046361180e-02,0.000000000000000000e+00
2.189999999999999947e+00,3.489401153569440250e-01,-2.459158775674285813e-01,-2.305643220974536427e-03,3.949727372988808688e-02,-1.360197491272130410e-02,0.000000000000000000e+00
2.194999999999999840e+00,3.477107091023113883e-01,-2.458451097928638363e-01,-2.109052468541450578e-03,3.913921251335537171e-02,-1.175673739077628954e-02,0.000000000000000000e+00
2.200000000000000178e+00,3.464816793218565838e-01,-2.457653042698764723e-01,-1.914249225323991698e-03,3.878227356505459245e-02,-9.930000861990917471e-03,0.000000000000000000e+00
2.205000000000000071e+00,3.452530709591563052e-01,-2.456765589767954672e-01,-1.721227827576590026e-03,3.842647776392058012e-02,-8.121677754171330310e-03,0.000000000000000000e+00
2.209999999999999964e+00,3.440249284692146747e-01,-2.455789713640390837e-01,-1.529982508396133178e-03,3.807184549509247395e-02,-6.331679955764557555e-03,0.000000000000000000e+00
2.214999999999999858e+00,3.427972958211072396e-01,-2.454726383523139488e-01,-1.340507400175129041e-03,3.771839665623223647e-02,-4.559918835737059029e-03,0.000000000000000000e+00
2.220000000000000195e+00,3.415702165006337943e-01,-2.453576563309089464e-01,-1.152796537023393839e-03,3.736615066379592870e-02,-2.806305263138492156e-03,0.000000000000000000e+00
2.225000000000000089e+00,3.403437335129797514e-01,-2.452341211560818968e-01,-9.668438571585018368e-04,3.701512645925743999e-02,-1.070749626354228212e-03,0.000000000000000000e+00
2.229999999999999982e+00,3.391178893853848964e-01,-2.451021281495379123e-01,-7.826432052652369581e-04,3.666534251528449917e-02,6.468381479494689223e-04,0.000000000000000000e+00
2.234999999999999876e+00,3.378927261698199125e-01,-2.449617720969972656e-01,-6.001883348242827544e-04,3.631681684186677944e-02,2.346548576184548374e-03,0.000000000000000000e+00
2.240000000000000213e+00,3.366682854456696239e-01,-2.448131472468517977e-01,-4.194729104103929592e-04,3.596956699239588912e-02,4.028472599500232398e-03,0.000000000000000000e+00
2.245000000000000107e+00,3.354446083224228992e-01,-2.446563473089078400e-01,-2.404905099602822234e-04,3.562361006969708144e-02,5.692701565739421987e-03,0.000000000000000000e+00
2.250000000000000000e+00,3.342217354423684950e-01,-2.444914654532143461e-01,-6.323462701047949147e-05,3.527896273201259342e-02,7.339327211687590724e-03,0.000000000000000000e+00
2.254999999999999893e+00,3.329997069832965617e-01,-2.443185943089746515e-01,1.123013270946141516e-04,3.493564119893641934e-02,8.968441645612848512e-03,0.000000000000000000e+00
2.260000000000000231e+00,3.317785626612054783e-01,-2.441378259635405557e-01,2.861240210242199222e-04,3.459366125730041486e-02,1.058013733009076363e-02,0.000000000000000000e+00
2.265000000000000124e+00,3.305583417330134610e-01,-2.439492519614868682e-01,4.582402013119842845e-04,3.425303826701170395e-02,1.217450706511358227e-02,0.000000000000000000e+00
2.270000000000000018e+00,3.293390829992745572e-01,-2.437529633037654186e-01,6.286566902358472174e-04,3.391378716684119443e-02,1.375164397147789208e-02,0.000000000000000000e+00
2.274999999999999911e+00,3.281208248068987476e-01,-2.435490504469367545e-01,7.973803837267303893e-04,3.357592248016322278e-02,1.531164147444928625e-02,0.000000000000000000e+00
2.280000000000000249e+00,3.269036050518756009e-01,-2.433376033024783336e-01,9.644182493058014614e-04,3.323945832064623129e-02,1.685459328769889353e-02,0.000000000000000000e+00
2.285000000000000142e+00,3.256874611820013143e-01,-2.431187112361676839e-01,1.129777324050069542e-03,3.290440839789445654e-02,1.838059339751037247e-02,0.000000000000000000e+00
2.290000000000000036e+00,3.244724301996086413e-01,-2.428924630675391438e-01,1.293464712586065704e-03,3.257078602304057380e-02,1.988973604725235989e-02,0.000000000000000000e+00
2.294999999999999929e+00,3.232585486642992056e-01,-2.426589470694130446e-01,1.455487585111364841e-03,3.223860411428932510e-02,2.138211572211420886e-02,0.000000000000000000e+00
2.300000000000000266e+00,3.220458526956782030e-01,-2.424182509674956687e-01,1.615853175443703396e-03,3.190787520241208930e-02,2.285782713410118572e-02,0.000000000000000000e+00
2.305000000000000160e+00,3.208343779760908232e-01,-2.421704619400490144e-01,1.774568779097445868e-03,3.157861143619244276e-02,2.431696520728608701e-02,0.000000000000000000e+00
2.310000000000000053e+00,3.196241597533600043e-01,-2.419156666176286719e-01,1.931641751387158656e-03,3.125082458782268979e-02,2.575962506331436197e-02,0.000000000000000000e+00
2.314999999999999947e+00,3.184152328435256862e-01,-2.416539510828888682e-01,2.087079505558041975e-03,3.092452605825143225e-02,2.718590200715925720e-02,0.000000000000000000e+00
2.319999999999999840e+00,3.172076316335845636e-01,-2.413854008704533483e-01,2.240889510942979147e-03,3.059972688248224076e-02,2.859589151312372235e-02,0.000000000000000000e+00
2.325000000000000178e+00,3.160013900842303936e-01,-2.411101009668505935e-01,2.393079291145956081e-03,3.027643773482341719e-02,2.998968921108635666e-02,0.000000000000000000e+00
2.330000000000000071e+00,3.147965417325945814e-01,-2.408281358105124892e-01,2.543656422251606986e-03,2.995466893408898698e-02,3.136739087298828776e-02,0.000000000000000000e+00
2.334999999999999964e+00,3.135931196949864885e-01,-2.405395892918349432e-01,2.692628531060644974e-03,2.963443044875097021e-02,3.272909239955772154e-02,0.000000000000000000e+00
2.339999999999999858e+00,3.123911566696333519e-01,-2.402445447532995104e-01,2.840003293350931018e-03,2.931573190204301085e-02,3.407488980726899874e-02,0.000000000000000000e+00
2.345000000000000195e+00,3.111906849394193708e-01,-2.399430849896545537e-01,2.985788432163939687e-03,2.899858257701548592e-02,3.540487921553379935e-02,0.000000000000000000e+00
2.350000000000000089e+00,3.099917363746239607e-01,-2.396352922481551351e-01,3.129991716116380107e-03,2.868299142154218107e-02,3.671915683412105280e-02,0.000000000000000000e+00
2.354999999999999982e+00,3.087943424356582867e-01,-2.393212482288600285e-01,3.272620957736728422e-03,2.836896705327867502e-02,3.801781895080233453e-02,0.000000000000000000e+00
2.359999999999999876e+00,3.075985341758005198e-01,-2.390010340849852144e-01,3.413684011826433225e-03,2.805651776457252292e-02,3.930096191922086146e-02,0.000000000000000000e+00
2.365000000000000213e+00,3.064043422439289843e-01,-2.386747304233123035e-01,3.553188773845550232e-03,2.774565152732541909e-02,4.056868214698000630e-02,0.000000000000000000e+00
2.370000000000000107e+00,3.052117968872533060e-01,-2.383424173046511663e-01,3.691143178322568111e-03,2.743637599780743633e-02,4.182107608394941556e-02,0.000000000000000000e+00
2.375000000000000000e+00,3.040209279540428966e-01,-2.380041742443552988e-01,3.827555197288187803e-03,2.712869852142352906e-02,4.305824021078571984e-02,0.000000000000000000e+00
2.379999999999999893e+00,3.028317648963528286e-01,-2.376600802128892298e-01,3.962432838732812476e-03,2.682262613743243915e-02,4.428027102766388112e-02,0.000000000000000000e+00
2.385000000000000231e+00,3.016443367727468239e-01,-2.373102136364466097e-01,4.095784145087515669e-03,2.651816558361818482e-02,4.548726504321905229e-02,0.000000000000000000e+00
2.390000000000000124e+00,3.004586722510169672e-01,-2.369546523976181762e-01,4.227617191728248215e-03,2.621532330091427831e-02,4.667931876369291189e-02,0.000000000000000000e+00
2.395000000000000018e+00,2.992747996108998665e-01,-2.365934738361082923e-01,4.357940085503047602e-03,2.591410543798090479e-02,4.785652868228466861e-02,0.000000000000000000e+00
2.399999999999999911e+00,2.980927467467892611e-01,-2.362267547494994180e-01,4.486760963282016013e-03,2.561451785573519435e-02,4.901899126870210011e-02,0.000000000000000000e+00
2.405000000000000249e+00,2.969125411704445772e-01,-2.358545713940631561e-01,4.614087990529835460e-03,2.531656613183481605e-02,5.016680295891104424e-02,0.000000000000000000e+00
2.410000000000000142e+00,2.957342100136953755e-01,-2.354769994856170945e-01,4.739929359900580189e-03,2.502025556511508139e-02,5.130006014508019241e-02,0.000000000000000000e+00
2.415000000000000036e+00,2.945577800311414696e-01,-2.350941142004264184e-01,4.864293289854602562e-03,2.472559117997977576e-02,5.241885916571870085e-02,0.000000000000000000e+00
2.419999999999999929e+00,2.933832776028482137e-01,-2.347059901761493761e-01,4.987188023297256523e-03,2.443257773074590175e-02,5.352329629600466321e-02,0.000000000000000000e+00
2.425000000000000266e+00,2.922107287370371842e-01,-2.343127015128255997e-01,5.108621826239228766e-03,2.414121970594259800e-02,5.461346773830030865e-02,0.000000000000000000e+00
2.430000000000000160e+00,2.910401590727715870e-01,-2.339143217739063640e-01,5.228602986478253847e-03,2.385152133256440363e-02,5.568946961285345387e-02,0.000000000000000000e+00
2.435000000000000053e+00,2.898715938826366689e-01,-2.335109239873258691e-01,5.347139812301977303e-03,2.356348658027914572e-02,5.675139794868104548e-02,0.000000000000000000e+00
2.439999999999999947e+00,2.887050580754144669e-01,-2.331025806466127115e-01,5.464240631211749084e-03,2.327711916559064773e-02,5.779934867463357162e-02,0.000000000000000000e+00
2.444999999999999840e+00,2.875405761987530617e-01,-2.326893637120406311e-01,5.579913788667116570e-03,2.299242255595651541e-02,5.883341761063655417e-02,0.000000000000000000e+00
2.450000000000000178e+00,2.863781724418297259e-01,-2.322713446118174763e-01,5.694167646850794261e-03,2.270939997386123288e-02,5.985370045910826109e-02,0.000000000000000000e+00
2.455000000000000071e+00,2.852178706380084083e-01,-2.318485942433118618e-01,5.807010583453887237e-03,2.242805440084482543e-02,6.086029279655004454e-02,0.000000000000000000e+00
2.459999999999999964e+00,2.840596942674906700e-01,-2.314211829743163806e-01,5.918450990481152404e-03,2.214838858148733200e-02,6.185329006530736196e-02,0.000000000000000000e+00
2.464999999999999858e+00,2.829036664599602902e-01,-2.309891806443467033e-01,6.028497273076062479e-03,2.187040502734934055e-02,6.283278756549930122e-02,0.000000000000000000e+00
2.470000000000000195e+00,2.817498099972214898e-01,-2.305526565659756222e-01,6.137157848365474080e-03,2.159410602086886399e-02,6.379888044711415351e-02,0.000000000000000000e+00
2.475000000000000089e+00,2.805981473158300488e-01,-2.301116795262012904e-01,6.244441144323664011e-03,2.131949361921478200e-02,6.475166370226868862e-02,0.000000000000000000e+00
2.479999999999999982e+00,2.794487005097178178e-01,-2.296663177878489615e-01,6.350355598655527296e-03,2.104656965809715771e-02,6.569123215762882884e-02,0.000000000000000000e+00
2.484999999999999876e+00,2.783014913328099582e-01,-2.292166390910050922e-01,6.454909657698721000e-03,2.077533575553466155e-02,6.661768046699004242e-02,0.000000000000000000e+00
2.490000000000000213e+00,2.771565412016350205e-01,-2.287627106544835587e-01,6.558111775344534385e-03,2.050579331557940074e-02,6.753110310401404248e-02,0.000000000000000000e+00
2.495000000000000107e+00,2.760138711979275294e-01,-2.283045991773226813e-01,6.659970411977282449e-03,2.023794353199940763e-02,6.843159435512125022e-02,0.000000000000000000e+00
2.500000000000000000e+00,2.748735020712230748e-01,-2.278423708403127246e-01,6.760494033432002531e-03,1.997178739191908178e-02,6.931924831253524766e-02,0.000000000000000000e+00
2.504999999999999893e+00,2.737354542414457415e-01,-2.273760913075528467e-01,6.859691109970251881e-03,1.970732567941784960e-02,7.019415886747834565e-02,0.000000000000000000e+00
2.510000000000000231e+00,2.725997478014874353e-01,-2.269058257280369695e-01,6.957570115273790240e-03,1.944455897908734660e-02,7.105641970351521397e-02,0.000000000000000000e+00
2.515000000000000124e+00,2.714664025197796038e-01,-2.264316387372676820e-01,7.054139525455950521e-03,1.918348767954738271e-02,7.190612429004315798e-02,0.000000000000000000e+00
2.520000000000000018e+00,2.703354378428564631e-01,-2.259535944588976220e-01,7.149407818090483362e-03,1.892411197692098201e-02,7.274336587592684922e-02,0.000000000000000000e+00
2.524999999999999911e+00,2.692068728979101211e-01,-2.254717565063975027e-01,7.243383471257676051e-03,1.866643187826881253e-02,7.356823748327485923e-02,0.000000000000000000e+00
2.530000000000000249e+00,2.680807264953372626e-01,-2.249861879847501744e-01,7.336074962607542008e-03,1.841044720498325252e-02,7.438083190135695577e-02,0.000000000000000000e+00
2.535000000000000142e+00,2.669570171312772855e-01,-2.244969514921700271e-01,7.427490768439881305e-03,1.815615759614241584e-02,7.518124168065938584e-02,0.000000000000000000e+00
2.540000000000000036e+00,2.658357629901418329e-01,-2.240041091218470670e-01,7.517639362801013629e-03,1.790356251182443487e-02,7.596955912707668845e-02,0.000000000000000000e+00
2.544999999999999929e+00,2.647169819471354435e-01,-2.235077224637150306e-01,7.606529216596978962e-03,1.765266123638226450e-02,7.674587629623770557e-02,0.000000000000000000e+00
2.550000000000000266e+00,2.636006915707674314e-01,-2.230078526062428124e-01,7.694168796723017782e-03,1.740345288167934046e-02,7.751028498796411204e-02,0.000000000000000000e+00
2.555000000000000160e+00,2.624869091253546616e-01,-2.225045601382486804e-01,7.780566565209132146e-03,1.715593639028635889e-02,7.826287674085935508e-02,0.000000000000000000e+00
2.560000000000000053e+00,2.613756515735151664e-01,-2.219979051507365853e-01,7.865730978381535107e-03,1.691011053863950356e-02,7.900374282702624096e-02,0.000000000000000000e+00
2.564999999999999947e+00,2.602669355786527139e-01,-2.214879472387539516e-01,7.949670486039788972e-03,1.666597394016038763e-02,7.973297424691175306e-02,0.000000000000000000e+00
2.569999999999999840e+00,2.591607775074317166e-01,-2.209747455032702868e-01,8.032393530649458921e-03,1.642352504833805710e-02,8.045066172427624285e-02,0.000000000000000000e+00
2.575000000000000178e+00,2.580571934322430372e-01,-2.204583585530762169e-01,8.113908546550073833e-03,1.618276215977330901e-02,8.115689570128595265e-02,0.000000000000000000e+00
2.580000000000000071e+00,2.569561991336600237e-01,-2.199388445067021192e-01,8.194223959178216499e-03,1.594368341718564383e-02,8.185176633372712174e-02,0.000000000000000000e+00
2.584999999999999964e+00,2.558578101028849971e-01,-2.194162609943558495e-01,8.273348184305560210e-03,1.570628681238318489e-02,8.253536348633937203e-02,0.000000000000000000e+00
2.589999999999999858e+00,2.547620415441859687e-01,-2.188906651598790942e-01,8.351289627291659176e-03,1.547057018919581473e-02,8.320777672826713822e-02,0.000000000000000000e+00
2.595000000000000195e+00,2.536689083773235875e-01,-2.183621136627216242e-01,8.428056682351312348e-03,1.523653124637187016e-02,8.386909532862693584e-02,0.000000000000000000e+00
2.600000000000000089e+00,2.525784252399679852e-01,-2.178306626799330903e-01,8.503657731836323716e-03,1.500416754043868740e-02,8.451940825218923203e-02,0.000000000000000000e+00
2.604999999999999982e+00,2.514906064901059612e-01,-2.172963679081716115e-01,8.578101145531475194e-03,1.477347648852730434e-02,8.515880415517299018e-02,0.000000000000000000e+00
2.609999999999999876e+00,2.504054662084377880e-01,-2.167592845657286826e-01,8.651395279964529950e-03,1.454445537116161140e-02,8.578737138115105632e-02,0.000000000000000000e+00
2.615000000000000213e+00,2.493230182007638851e-01,-2.162194673945700418e-01,8.723548477730097908e-03,1.431710133501227708e-02,8.640519795706536055e-02,0.000000000000000000e+00
2.620000000000000107e+00,2.482432760003614181e-01,-2.156769706623917759e-01,8.794569066827181286e-03,1.409141139561573101e-02,8.701237158934910232e-02,0.000000000000000000e+00
2.625000000000000000e+00,2.471662528703504336e-01,-2.151318481646911640e-01,8.864465360010226683e-03,1.386738244005851842e-02,8.760897966015576688e-02,0.000000000000000000e+00
2.629999999999999893e+00,2.460919618060496139e-01,-2.145841532268519258e-01,8.933245654153518928e-03,1.364501122962733133e-02,8.819510922369255823e-02,0.000000000000000000e+00
2.635000000000000231e+00,2.450204155373216786e-01,-2.140339387062431820e-01,9.000918229628732808e-03,1.342429440242501500e-02,8.877084700265627792e-02,0.000000000000000000e+00
2.640000000000000124e+00,2.439516265309081278e-01,-2.134812569943318472e-01,9.067491349695483080e-03,1.320522847595284599e-02,8.933627938477137209e-02,0.000000000000000000e+00
2.645000000000000018e+00,2.428856069927534667e-01,-2.129261600188077364e-01,9.132973259904706223e-03,1.298780984965940306e-02,8.989149241942734347e-02,0.000000000000000000e+00
2.649999999999999911e+00,2.418223688703187158e-01,-2.123686992457210765e-01,9.197372187514697012e-03,1.277203480745630997e-02,9.043657181441472348e-02,0.000000000000000000e+00
2.655000000000000249e+00,2.407619238548842910e-01,-2.118089256816319543e-01,9.260696340919645497e-03,1.255789952020117291e-02,9.097160293275796672e-02,0.000000000000000000e+00
2.660000000000000142e+00,2.397042833838420040e-01,-2.112468898757712543e-01,9.322953909090504407e-03,1.234540004814798850e-02,9.149667078964338063e-02,0.000000000000000000e+00
2.665000000000000036e+00,2.386494586429763476e-01,-2.106826419222125046e-01,9.384153061028036036e-03,1.213453234336535000e-02,9.201186004944147956e-02,0.000000000000000000e+00
2.669999999999999929e+00,2.375974605687347918e-01,-2.101162314620543536e-01,9.444301945227858222e-03,1.192529225212272601e-02,9.251725502282170943e-02,0.000000000000000000e+00
2.675000000000000266e+00,2.365482998504871703e-01,-2.095477076856131771e-01,9.503408689157348890e-03,1.171767551724512552e-02,9.301293966395760004e-02,0.000000000000000000e+00
2.680000000000000160e+00,2.355019869327741044e-01,-2.089771193346253164e-01,9.561481398744249571e-03,1.151167778043644084e-02,9.349899756782276139e-02,0.000000000000000000e+00
2.685000000000000053e+00,2.344585320175443799e-01,-2.084045147044587543e-01,9.618528157876797893e-03,1.130729458457175804e-02,9.397551196757406022e-02,0.000000000000000000e+00
2.689999999999999947e+00,2.334179450663812494e-01,-2.078299416463335603e-01,9.674557027915255472e-03,1.110452137595894714e-02,9.444256573202214344e-02,0.000000000000000000e+00
2.694999999999999840e+00,2.323802358027176052e-01,-2.072534475695507472e-01,9.729576047214655993e-03,1.090335350656981318e-02,9.490024136318746251e-02,0.000000000000000000e+00
2.700000000000000178e+00,2.313454137140399103e-01,-2.066750794437294536e-01,9.783593230658646847e-03,1.070378623624109772e-02,9.534862099394061929e-02,0.000000000000000000e+00
2.705000000000000071e+00,2.303134880540811391e-01,-2.060948838010514539e-01,9.836616569204250857e-03,1.050581473484563967e-02,9.578778638572535420e-02,0.000000000000000000e+00
2.709999999999999964e+00,2.292844678450022267e-01,-2.055129067385133013e-01,9.888654029437411036e-03,1.030943408443396776e-02,9.621781892636308009e-02,0.000000000000000000e+00
2.714999999999999858e+00,2.282583618795623603e-01,-2.049291939201851875e-01,9.939713553139176150e-03,1.011463928134662474e-02,9.663879962793803235e-02,0.000000000000000000e+00
2.720000000000000195e+00,2.272351787232780307e-01,-2.043437905794764087e-01,9.989803056862367470e-03,9.921425238297514743e-03,9.705080912476103661e-02,0.000000000000000000e+00
2.725000000000000089e+00,2.262149267165705357e-01,-2.037567415214070754e-01,1.003893043151859663e-02,9.729786786428549702e-03,9.745392767141097812e-02,0.000000000000000000e+00
2.729999999999999982e+00,2.251976139769023555e-01,-2.031680911248855137e-01,1.008710354197548190e-02,9.539718677335884411e-03,9.784823514085347340e-02,0.000000000000000000e+00
2.734999999999999876e+00,2.241832484009019244e-01,-2.025778833449912997e-01,1.013433022666392416e-02,9.351215585068036948e-03,9.823381102263385733e-02,0.000000000000000000e+00
2.740000000000000213e+00,2.231718376664771075e-01,-2.019861617152632904e-01,1.018061829719531242e-02,9.164272108096156375e-03,9.861073442114481891e-02,0.000000000000000000e+00
2.745000000000000107e+00,2.221633892349171302e-01,-2.013929693499925400e-01,1.022597553798849750e-02,8.978882771256737824e-03,9.897908405396682596e-02,0.000000000000000000e+00
2.750000000000000000e+00,2.211579103529831003e-01,-2.007983489465195170e-01,1.027040970590642303e-02,8.795042027667053855e-03,9.933893825028006219e-02,0.000000000000000000e+00
2.754999999999999893e+00,2.201554080549870118e-01,-2.002023427875357087e-01,1.031392852990226268e-02,8.612744260613583100e-03,9.969037494934707144e-02,0.000000000000000000e+00
2.760000000000000231e+00,2.191558891648592300e-01,-1.996049927433887206e-01,1.035653971067492830e-02,8.431983785413717236e-03,1.000334716990646661e-01,0.000000000000000000e+00
2.765000000000000124e+00,2.181593602982044300e-01,-1.990063402743910692e-01,1.039825092033382428e-02,8.252754851251018625e-03,1.003683056545839197e-01,0.000000000000000000e+00
2.770000000000000018e+00,2.171658278643459616e-01,-1.984064264331320548e-01,1.043906980207271254e-02,8.075051642984304445e-03,1.006949535769977033e-01,0.000000000000000000e+00
2.774999999999999911e+00,2.161752980683587511e-01,-1.978052918667925486e-01,1.047900396985255826e-02,7.898868282930822729e-03,1.010134918320936270e-01,0.000000000000000000e+00
2.780000000000000249e+00,2.151877769130905171e-01,-1.972029768194622779e-01,1.051806100809322617e-02,7.724198832623806535e-03,1.013239963891724993e-01,0.000000000000000000e+00
2.785000000000000142e+00,2.142032702011714140e-01,-1.965995211344594429e-01,1.055624847137390070e-02,7.551037294544652584e-03,1.016265428199299992e-01,0.000000000000000000e+00
2.790000000000000036e+00,2.132217835370120995e-01,-1.959949642566522765e-01,1.059357388414210351e-02,7.379377613830018397e-03,1.019212062974016869e-01,0.000000000000000000e+00
2.794999999999999929e+00,2.122433223287901460e-01,-1.953893452347822968e-01,1.063004474043119027e-02,7.209213679954082528e-03,1.022080615949690630e-01,0.000000000000000000e+00
2.800000000000000266e+00,2.112678917904249332e-01,-1.947827027237890030e-01,1.066566850358618979e-02,7.040539328386241115e-03,1.024871830854271054e-01,0.000000000000000000e+00
2.805000000000000160e+00,2.102954969435407995e-01,-1.941750749871356263e-01,1.070045260599787086e-02,6.873348342224503554e-03,1.027586447401106773e-01,0.000000000000000000e+00
2.810000000000000053e+00,2.093261426194185926e-01,-1.935664998991359353e-01,1.073440444884492424e-02,6.707634453804844910e-03,1.030225201280798725e-01,0.000000000000000000e+00
2.814999999999999947e+00,2.083598334609356451e-01,-1.929570149472814022e-01,1.076753140184412427e-02,6.543391346286776995e-03,1.032788824153631213e-01,0.000000000000000000e+00
2.819999999999999840e+00,2.073965739244939821e-01,-1.923466572345688685e-01,1.079984080300835925e-02,6.380612655215391407e-03,1.035278043642566398e-01,0.000000000000000000e+00
2.825000000000000178e+00,2.064363682819370938e-01,-1.917354634818283221e-01,1.083133995841241599e-02,6.219291970060135573e-03,1.037693583326798202e-01,0.000000000000000000e+00
2.830000000000000071e+00,2.054792206224548556e-01,-1.911234700300503964e-01,1.086203614196640591e-02,6.059422835730572492e-03,1.040036162735849534e-01,0.000000000000000000e+00
2.834999999999999964e+00,2.045251348544769310e-01,-1.905107128427135643e-01,1.089193659519670059e-02,5.900998754069374831e-03,1.042306497344211852e-01,0.000000000000000000e+00
2.839999999999999858e+00,2.035741147075545432e-01,-1.898972275081106109e-01,1.092104852703428691e-02,5.744013185322801446e-03,1.044505298566508894e-01,0.000000000000000000e+00
2.845000000000000195e+00,2.026261637342305910e-01,-1.892830492416743005e-01,1.094937911361041315e-02,5.588459549588916525e-03,1.046633273753178606e-01,0.000000000000000000e+00
2.850000000000000089e+00,2.016812853118980786e-01,-1.886682128883018783e-01,1.097693549805942546e-02,5.434331228243780357e-03,1.048691126186669931e-01,0.000000000000000000e+00
2.854999999999999982e+00,2.007394826446470271e-01,-1.880527529246782681e-01,1.100372479032867175e-02,5.281621565345871044e-03,1.050679555078135319e-01,0.000000000000000000e+00
2.859999999999999876e+00,1.998007587650997285e-01,-1.874367034615976313e-01,1.102975406699538766e-02,5.130323869018973103e-03,1.052599255564615893e-01,0.000000000000000000e+00
2.865000000000000213e+00,1.988651165362344264e-01,-1.868200982462832616e-01,1.105503037109042963e-02,4.980431412813774057e-03,1.054450918706710816e-01,0.000000000000000000e+00
2.870000000000000107e+00,1.979325586531973102e-01,-1.862029706647053418e-01,1.107956071192877333e-02,4.831937437048411041e-03,1.056235231486722381e-01,0.000000000000000000e+00
2.875000000000000000e+00,1.970030876451030477e-01,-1.855853537438966194e-01,1.110335206494665605e-02,4.684835150128202445e-03,1.057952876807261300e-01,0.000000000000000000e+00
2.879999999999999893e+00,1.960767058768236593e-01,-1.849672801542656120e-01,1.112641137154527123e-02,4.539117729844799679e-03,1.059604533490316330e-01,0.000000000000000000e+00
2.885000000000000231e+00,1.951534155507658741e-01,-1.843487822119072028e-01,1.114874553894090563e-02,4.394778324654996689e-03,1.061190876276768558e-01,0.000000000000000000e+00
2.890000000000000124e+00,1.942332187086369122e-01,-1.837298918809104065e-01,1.117036144002141879e-02,4.251810054939422767e-03,1.062712575826346428e-01,0.000000000000000000e+00
2.895000000000000018e+00,1.933161172331987754e-01,-1.831106407756631638e-01,1.119126591320896737e-02,4.110206014241356287e-03,1.064170298718014884e-01,0.000000000000000000e+00
2.899999999999999911e+00,1.924021128500109645e-01,-1.824910601631539453e-01,1.121146576232887396e-02,3.969959270485877954e-03,1.065564707450789433e-01,0.000000000000000000e+00
2.905000000000000249e+00,1.914912071291617612e-01,-1.818711809652699130e-01,1.123096775648454657e-02,3.831062867179600359e-03,1.066896460444965583e-01,0.000000000000000000e+00
2.910000000000000142e+00,1.905834014869879633e-01,-1.812510337610915567e-01,1.124977862993834302e-02,3.693509824591190236e-03,1.068166212043759056e-01,0.000000000000000000e+00
2.915000000000000036e+00,1.896786971877832406e-01,-1.806306487891836121e-01,1.126790508199829177e-02,3.557293140912909813e-03,1.069374612515343465e-01,0.000000000000000000e+00
2.919999999999999929e+00,1.887770953454949441e-01,-1.800100559498820085e-01,1.128535377691057898e-02,3.422405793403394958e-03,1.070522308055287392e-01,0.000000000000000000e+00
2.925000000000000266e+00,1.878785969254095911e-01,-1.793892848075767932e-01,1.130213134375769417e-02,3.288840739511891733e-03,1.071609940789371995e-01,0.000000000000000000e+00
2.930000000000000160e+00,1.869832027458268042e-01,-1.787683645929906973e-01,1.131824437636215833e-02,3.156590917984169499e-03,1.072638148776792894e-01,0.000000000000000000e+00
2.935000000000000053e+00,1.860909134797220643e-01,-1.781473242054533723e-01,1.133369943319573019e-02,3.025649249950321772e-03,1.073607566013725506e-01,0.000000000000000000e+00
2.939999999999999947e+00,1.852017296563979454e-01,-1.775261922151710470e-01,1.134850303729401620e-02,2.896008639994668635e-03,1.074518822437264959e-01,0.000000000000000000e+00
2.944999999999999840e+00,1.843156516631241082e-01,-1.769049968654913818e-01,1.136266167617637143e-02,2.767661977207977117e-03,1.075372543929715985e-01,0.000000000000000000e+00
2.950000000000000178e+00,1.834326797467658587e-01,-1.762837660751634394e-01,1.137618180177103408e-02,2.640602136222202929e-03,1.076169352323233519e-01,0.000000000000000000e+00
2.955000000000000071e+00,1.825528140154016044e-01,-1.756625274405927140e-01,1.138906983034537745e-02,2.514821978227963460e-03,1.076909865404810512e-01,0.000000000000000000e+00
2.959999999999999964e+00,1.816760544399288468e-01,-1.750413082380907759e-01,1.140133214244121000e-02,2.390314351974951509e-03,1.077594696921598261e-01,0.000000000000000000e+00
2.964999999999999858e+00,1.808024008556591566e-01,-1.744201354261198100e-01,1.141297508281504183e-02,2.267072094755487495e-03,1.078224456586557856e-01,0.000000000000000000e+00
2.970000000000000195e+00,1.799318529639016839e-01,-1.737990356475315468e-01,1.142400496038321715e-02,2.145088033371417031e-03,1.078799750084435127e-01,0.000000000000000000e+00
2.975000000000000089e+00,1.790644103335357062e-01,-1.731780352318005589e-01,1.143442804817184667e-02,2.024354985084554637e-03,1.079321179078052556e-01,0.000000000000000000e+00
2.979999999999999982e+00,1.782000724025719629e-01,-1.725571601972518965e-01,1.144425058327145153e-02,1.904865758550868546e-03,1.079789341214909548e-01,0.000000000000000000e+00
2.984999999999999876e+00,1.773388384797028039e-01,-1.719364362532827817e-01,1.145347876679623199e-02,1.786613154738605656e-03,1.080204830134088578e-01,0.000000000000000000e+00
2.990000000000000213e+00,1.764807077458412643e-01,-1.713158888025783644e-01,1.146211876384789496e-02,1.669589967830553299e-03,1.080568235473455679e-01,0.000000000000000000e+00
2.995000000000000107e+00,1.756256792556491475e-01,-1.706955429433212879e-01,1.147017670348394677e-02,1.553788986110627790e-03,1.080880142877157224e-01,0.000000000000000000e+00
3.000000000000000000e+00,1.747737519390540062e-01,-1.700754234713950375e-01,1.147765867869038336e-02,1.439202992834984684e-03,1.081141134003394816e-01,0.000000000000000000e+00
3.004999999999999893e+00,1.739249246027551599e-01,-1.694555548825808222e-01,1.148457074635870004e-02,1.325824767087838097e-03,1.081351786532487869e-01,0.000000000000000000e+00
3.010000000000000231e+00,1.730791959317186934e-01,-1.688359613747481835e-01,1.149091892726713908e-02,1.213647084622175359e-03,1.081512674175202082e-01,0.000000000000000000e+00
3.015000000000000124e+00,1.722365644906615756e-01,-1.682166668500387485e-01,1.149670920606609900e-02,1.102662718685559545e-03,1.081624366681347704e-01,0.000000000000000000e+00
3.020000000000000018e+00,1.713970287255248415e-01,-1.675976949170434327e-01,1.150194753126764814e-02,9.928644408311972699e-04,1.081687429848641468e-01,0.000000000000000000e+00
3.024999999999999911e+00,1.705605869649359507e-01,-1.669790688929727596e-01,1.150663981523904721e-02,8.842450217144590899e-04,1.081702425531820971e-01,0.000000000000000000e+00
3.030000000000000249e+00,1.697272374216602375e-01,-1.663608118058203245e-01,1.151079193420022177e-02,7.767972318750304304e-04,1.081669911652011068e-01,0.000000000000000000e+00
3.035000000000000142e+00,1.688969781940416193e-01,-1.657429463965190974e-01,1.151440972822510671e-02,6.705138425048752949e-04,1.081590442206336183e-01,0.000000000000000000e+00
3.040000000000000036e+00,1.680698072674325083e-01,-1.651254951210907040e-01,1.151749900124680523e-02,5.653876262021874204e-04,1.081464567277767436e-01,0.000000000000000000e+00
3.044999999999999929e+00,1.672457225156130378e-01,-1.645084801527874618e-01,1.152006552106647069e-02,4.614113577115076087e-04,1.081292833045210122e-01,0.000000000000000000e+00
3.050000000000000266e+00,1.664247217021995462e-01,-1.638919233842270895e-01,1.152211501936585905e-02,3.585778146501765332e-04,1.081075781793812279e-01,0.000000000000000000e+00
3.055000000000000160e+00,1.656068024820424589e-01,-1.632758464295199219e-01,1.152365319172348433e-02,2.568797782213021294e-04,1.080813951925503474e-01,0.000000000000000000e+00
3.060000000000000053e+00,1.647919624026134844e-01,-1.626602706263887699e-01,1.152468569763430081e-02,1.563100339134072922e-04,1.080507877969745789e-01,0.000000000000000000e+00
3.064999999999999947e+00,1.639801989053822628e-01,-1.620452170382810642e-01,1.152521816053285290e-02,5.686137218692740582e-05,1.080158090594502823e-01,0.000000000000000000e+00
3.070000000000000284e+00,1.631715093271825234e-01,-1.614307064564733663e-01,1.152525616781982162e-02,-4.147341085227211274e-05,1.079765116617413534e-01,0.000000000000000000e+00
3.075000000000000178e+00,1.623658909015676666e-01,-1.608167594021681079e-01,1.152480527089191041e-02,-1.387015127921941500e-04,1.079329479017169385e-01,0.000000000000000000e+00
3.080000000000000071e+00,1.615633407601559102e-01,-1.602033961285825037e-01,1.152387098517500090e-02,-2.348301242666634195e-04,1.078851696945089811e-01,0.000000000000000000e+00
3.084999999999999964e+00,1.607638559339649997e-01,-1.595906366230295526e-01,1.152245879016051792e-02,-3.298664283197649664e-04,1.078332285736893909e-01,0.000000000000000000e+00
3.089999999999999858e+00,1.599674333547365934e-01,-1.589785006089909913e-01,1.152057412944494132e-02,-4.238175997826137097e-04,1.077771756924654906e-01,0.000000000000000000e+00
3.095000000000000195e+00,1.591740698562501555e-01,-1.583670075481822259e-01,1.151822241077240030e-02,-5.166908046622926227e-04,1.077170618248943224e-01,0.000000000000000000e+00
3.100000000000000089e+00,1.583837621756267744e-01,-1.577561766426091028e-01,1.151540900608030368e-02,-6.084931995428031690e-04,1.076529373671148426e-01,0.000000000000000000e+00
3.104999999999999982e+00,1.575965069546224617e-01,-1.571460268366164925e-01,1.151213925154792074e-02,-6.992319309978702957e-04,1.075848523385973254e-01,0.000000000000000000e+00
3.109999999999999876e+00,1.568123007409114034e-01,-1.565365768189285467e-01,1.150841844764788173e-02,-7.889141350154488426e-04,1.075128563834100853e-01,0.000000000000000000e+00
3.115000000000000213e+00,1.560311399893590245e-01,-1.559278450246806280e-01,1.150425185920051462e-02,-8.775469364337793593e-04,1.074369987715025621e-01,0.000000000000000000e+00
3.120000000000000107e+00,1.552530210632847851e-01,-1.553198496374428861e-01,1.149964471543098860e-02,-9.651374483888394305e-04,1.073573284000047395e-01,0.000000000000000000e+00
3.125000000000000000e+00,1.544779402357150389e-01,-1.547126085912352844e-01,1.149460221002917594e-02,-1.051692771773042514e-03,1.072738937945421356e-01,0.000000000000000000e+00
3.129999999999999893e+00,1.537058936906257056e-01,-1.541061395725341621e-01,1.148912950121220439e-02,-1.137219994705035431e-03,1.071867431105663071e-01,0.000000000000000000e+00
3.135000000000000231e+00,1.529368775241750078e-01,-1.535004600222701354e-01,1.148323171178962550e-02,-1.221726192010447708e-03,1.070959241346999130e-01,0.000000000000000000e+00
3.140000000000000124e+00,1.521708877459262976e-01,-1.528955871378174514e-01,1.147691392923115561e-02,-1.305218424713449005e-03,1.070014842860965432e-01,0.000000000000000000e+00
3.145000000000000018e+00,1.514079202800607538e-01,-1.522915378749746251e-01,1.147018120573693560e-02,-1.387703739538969023e-03,1.069034706178144667e-01,0.000000000000000000e+00
3.149999999999999911e+00,1.506479709665804190e-01,-1.516883289499362242e-01,1.146303855831024704e-02,-1.469189168425436877e-03,1.068019298182041887e-01,0.000000000000000000e+00
3.155000000000000249e+00,1.498910355625012736e-01,-1.510859768412560478e-01,1.145549096883263784e-02,-1.549681728047902366e-03,1.066969082123089690e-01,0.000000000000000000e+00
3.160000000000000142e+00,1.491371097430365666e-01,-1.504844977918012583e-01,1.144754338414141759e-02,-1.629188419351397955e-03,1.065884517632788575e-01,0.000000000000000000e+00
3.165000000000000036e+00,1.483861891027703495e-01,-1.498839078106977973e-01,1.143920071610944784e-02,-1.707716227094403143e-03,1.064766060737964704e-01,0.000000000000000000e+00
3.169999999999999929e+00,1.476382691568214056e-01,-1.492842226752667534e-01,1.143046784172719460e-02,-1.785272119402277202e-03,1.063614163875154089e-01,0.000000000000000000e+00
3.175000000000000266e+00,1.468933453419973556e-01,-1.486854579329517922e-01,1.142134960318699245e-02,-1.861863047330520422e-03,1.062429275905103637e-01,0.000000000000000000e+00
3.180000000000000160e+00,1.461514130179393522e-01,-1.480876289032376225e-01,1.141185080796946680e-02,-1.937495944437737233e-03,1.061211842127386673e-01,0.000000000000000000e+00
3.185000000000000053e+00,1.454124674682570062e-01,-1.474907506795592460e-01,1.140197622893206197e-02,-2.012177726368163076e-03,1.059962304295125612e-01,0.000000000000000000e+00
3.189999999999999947e+00,1.446765039016539023e-01,-1.468948381312023543e-01,1.139173060439963893e-02,-2.085915290443629035e-03,1.058681100629825789e-01,0.000000000000000000e+00
3.195000000000000284e+00,1.439435174530436512e-01,-1.462999059051943440e-01,1.138111863825709037e-02,-2.158715515264831089e-03,1.057368665836311006e-01,0.000000000000000000e+00
3.200000000000000178e+00,1.432135031846564766e-01,-1.457059684281863665e-01,1.137014500004391790e-02,-2.230585260321776928e-03,1.056025431117758318e-01,0.000000000000000000e+00
3.205000000000000071e+00,1.424864560871363373e-01,-1.451130399083260247e-01,1.135881432505074853e-02,-2.301531365613287364e-03,1.054651824190832032e-01,0.000000000000000000e+00
3.209999999999999964e+00,1.417623710806288351e-01,-1.445211343371209933e-01,1.134713121441771784e-02,-2.371560651275422902e-03,1.053248269300906120e-01,0.000000000000000000e+00
3.214999999999999858e+00,1.410412430158597963e-01,-1.439302654912932578e-01,1.133510023523469357e-02,-2.440679917218711859e-03,1.051815187237382931e-01,0.000000000000000000e+00
3.220000000000000195e+00,1.403230666752045275e-01,-1.433404469346240828e-01,1.132272592064329647e-02,-2.508895942774060778e-03,1.050352995349094903e-01,0.000000000000000000e+00
3.225000000000000089e+00,1.396078367737479675e-01,-1.427516920197897665e-01,1.131001276994066107e-02,-2.576215486347224835e-03,1.048862107559789397e-01,0.000000000000000000e+00
3.229999999999999982e+00,1.388955479603356247e-01,-1.421640138901879569e-01,1.129696524868491203e-02,-2.642645285081713334e-03,1.047342934383697910e-01,0.000000000000000000e+00
3.234999999999999876e+00,1.381861948186154376e-01,-1.415774254817545874e-01,1.128358778880229896e-02,-2.708192054530021448e-03,1.045795882941177452e-01,0.000000000000000000e+00
3.240000000000000213e+00,1.374797718680705605e-01,-1.409919395247715146e-01,1.126988478869595488e-02,-2.772862488333061991e-03,1.044221356974434078e-01,0.000000000000000000e+00
3.245000000000000107e+00,1.367762735650430717e-01,-1.404075685456647460e-01,1.125586061335624027e-02,-2.836663257907686645e-03,1.042619756863306379e-01,0.000000000000000000e+00
3.250000000000000000e+00,1.360756943037489120e-01,-1.398243248687931206e-01,1.124151959447262754e-02,-2.899601012142176935e-03,1.040991479641130979e-01,0.000000000000000000e+00
3.254999999999999893e+00,1.353780284172836079e-01,-1.392422206182276634e-01,1.122686603054708944e-02,-2.961682377099601315e-03,1.039336919010662996e-01,0.000000000000000000e+00
3.260000000000000231e+00,1.346832701786194186e-01,-1.386612677195215027e-01,1.121190418700894822e-02,-3.022913955728911712e-03,1.037656465360064367e-01,0.000000000000000000e+00
3.265000000000000124e+00,1.339914138015934342e-01,-1.380814779014701565e-01,1.119663829633115587e-02,-3.083302327583681973e-03,1.035950505778952674e-01,0.000000000000000000e+00
3.270000000000000018e+00,1.333024534418870144e-01,-1.375028626978624935e-01,1.118107255814795517e-02,-3.142854048548372400e-03,1.034219424074504373e-01,0.000000000000000000e+00
3.274999999999999911e+00,1.326163831979964847e-01,-1.369254334492220615e-01,1.116521113937389738e-02,-3.201575650572008498e-03,1.032463600787614649e-01,0.000000000000000000e+00
3.280000000000000249e+00,1.319331971121950609e-01,-1.363492013045389806e-01,1.114905817432416610e-02,-3.259473641409176784e-03,1.030683413209109583e-01,0.000000000000000000e+00
3.285000000000000142e+00,1.312528891714862811e-01,-1.357741772229923150e-01,1.113261776483618834e-02,-3.316554504368220569e-03,1.028879235396005370e-01,0.000000000000000000e+00
3.290000000000000036e+00,1.305754533085487501e-01,-1.352003719756628142e-01,1.111589398039247202e-02,-3.372824698066537261e-03,1.027051438187817078e-01,0.000000000000000000e+00
3.294999999999999929e+00,1.299008834026723624e-01,-1.346277961472362172e-01,1.109889085824466298e-02,-3.428290656192873979e-03,1.025200389222909458e-01,0.000000000000000000e+00
3.300000000000000266e+00,1.292291732806860327e-01,-1.340564601376968978e-01,1.108161240353876947e-02,-3.482958787276512619e-03,1.023326452954891330e-01,0.000000000000000000e+00
3.305000000000000160e+00,1.285603167178769879e-01,-1.334863741640120449e-01,1.106406258944151767e-02,-3.536835474463251999e-03,1.021429990669047716e-01,0.000000000000000000e+00
3.310000000000000053e+00,1.278943074389017054e-01,-1.329175482618062121e-01,1.104624535726781744e-02,-3.589927075298078238e-03,1.019511360498809027e-01,0.000000000000000000e+00
3.314999999999999947e+00,1.272311391186883855e-01,-1.323499922870263745e-01,1.102816461660929837e-02,-3.642239921514430108e-03,1.017570917442256334e-01,0.000000000000000000e+00
3.320000000000000284e+00,1.265708053833312641e-01,-1.317837159175973272e-01,1.100982424546387804e-02,-3.693780318829958768e-03,1.015609013378656056e-01,0.000000000000000000e+00
3.325000000000000178e+00,1.259132998109765422e-01,-1.312187286550674792e-01,1.099122809036633640e-02,-3.744554546748685153e-03,1.013625997085028096e-01,0.000000000000000000e+00
3.330000000000000071e+00,1.252586159327002402e-01,-1.306550398262452395e-01,1.097237996651987020e-02,-3.794568858369460479e-03,1.011622214252737850e-01,0.000000000000000000e+00
3.334999999999999964e+00,1.246067472333778070e-01,-1.300926585848256878e-01,1.095328365792858083e-02,-3.843829480200634027e-03,1.009598007504116379e-01,0.000000000000000000e+00
3.339999999999999858e+00,1.239576871525456120e-01,-1.295315939130076976e-01,1.093394291753088145e-02,-3.892342611980834088e-03,1.007553716409103767e-01,0.000000000000000000e+00
3.345000000000000195e+00,1.233114290852544009e-01,-1.289718546231014840e-01,1.091436146733377500e-02,-3.940114426505772309e-03,1.005489677501910234e-01,0.000000000000000000e+00
3.350000000000000089e+00,1.226679663829147865e-01,-1.284134493591266302e-01,1.089454299854799267e-02,-3.987151069460974709e-03,1.003406224297700849e-01,0.000000000000000000e+00
3.354999999999999982e+00,1.220272923541346893e-01,-1.278563865984004844e-01,1.087449117172395452e-02,-4.033458659260355690e-03,1.001303687309294671e-01,0.000000000000000000e+00
3.359999999999999876e+00,1.213894002655488968e-01,-1.273006746531170075e-01,1.085420961688851257e-02,-4.079043286890541783e-03,9.991823940638783208e-02,0.000000000000000000e+00
3.365000000000000213e+00,1.207542833426407808e-01,-1.267463216719161567e-01,1.083370193368246928e-02,-4.123911015760854497e-03,9.970426691197349645e-02,0.000000000000000000e+00
3.370000000000000107e+00,1.201219347705561324e-01,-1.261933356414435548e-01,1.081297169149882630e-02,-4.168067881558870300e-03,9.948848340829816173e-02,0.000000000000000000e+00
3.375000000000000000e+00,1.194923476949092817e-01,-1.256417243879007772e-01,1.079202242962173930e-02,-4.211519892111468405e-03,9.927092076243149155e-02,0.000000000000000000e+00
3.379999999999999893e+00,1.188655152225814443e-01,-1.250914955785860094e-01,1.077085765736616324e-02,-4.254273027251281349e-03,9.905161054957682676e-02,0.000000000000000000e+00
3.385000000000000231e+00,1.182414304225114093e-01,-1.245426567234252102e-01,1.074948085421814463e-02,-4.296333238688464229e-03,9.883058405474712260e-02,0.000000000000000000e+00
3.390000000000000124e+00,1.176200863264786067e-01,-1.239952151764937838e-01,1.072789546997573833e-02,-4.337706449887698476e-03,9.860787227444098302e-02,0.000000000000000000e+00
3.395000000000000018e+00,1.170014759298785428e-01,-1.234491781375286895e-01,1.070610492489054190e-02,-4.378398555950350352e-03,9.838350591831954151e-02,0.000000000000000000e+00
3.399999999999999911e+00,1.163855921924907555e-01,-1.229045526534311289e-01,1.068411260980978508e-02,-4.418415423501699177e-03,9.815751541088253707e-02,0.000000000000000000e+00
3.405000000000000249e+00,1.157724280392392752e-01,-1.223613456197597121e-01,1.066192188631899171e-02,-4.457762890583158964e-03,9.792993089314500077e-02,0.000000000000000000e+00
3.410000000000000142e+00,1.151619763609455782e-01,-1.218195637822141741e-01,1.063953608688514817e-02,-4.496446766549411916e-03,9.770078222431277659e-02,0.000000000000000000e+00
3.415000000000000036e+00,1.145542300150742265e-01,-1.212792137381096258e-01,1.061695851500039402e-02,-4.534472831970369662e-03,9.747009898345829204e-02,0.000000000000000000e+00
3.419999999999999929e+00,1.139491818264711243e-01,-1.207403019378413683e-01,1.059419244532617578e-02,-4.571846838537898042e-03,9.723791047119509368e-02,0.000000000000000000e+00
3.425000000000000266e+00,1.133468245880944469e-01,-1.202028346863402986e-01,1.057124112383786042e-02,-4.608574508977218709e-03,9.700424571135174423e-02,0.000000000000000000e+00
3.430000000000000160e+00,1.127471510617383682e-01,-1.196668181445189189e-01,1.054810776796977906e-02,-4.644661536962910349e-03,9.676913345264466504e-02,0.000000000000000000e+00
3.435000000000000053e+00,1.121501539787495422e-01,-1.191322583307079103e-01,1.052479556676068698e-02,-4.680113587039440130e-03,9.653260217035002089e-02,0.000000000000000000e+00
3.439999999999999947e+00,1.115558260407364666e-01,-1.185991611220833797e-01,1.050130768099959838e-02,-4.714936294546153393e-03,9.629468006797405055e-02,0.000000000000000000e+00
3.445000000000000284e+00,1.109641599202716850e-01,-1.180675322560847396e-01,1.047764724337199062e-02,-4.749135265546637445e-03,9.605539507892191242e-02,0.000000000000000000e+00
3.450000000000000178e+00,1.103751482615869389e-01,-1.175373773318232201e-01,1.045381735860635188e-02,-4.782716076762404817e-03,9.581477486816525335e-02,0.000000000000000000e+00
3.455000000000000071e+00,1.097887836812613260e-01,-1.170087018114811389e-01,1.042982110362104982e-02,-4.815684275510803171e-03,9.557284683390751545e-02,0.000000000000000000e+00
3.459999999999999964e+00,1.092050587689024632e-01,-1.164815110217017752e-01,1.040566152767149512e-02,-4.848045379647098960e-03,9.532963810924813264e-02,0.000000000000000000e+00
3.464999999999999858e+00,1.086239660878206975e-01,-1.159558101549700571e-01,1.038134165249758947e-02,-4.879804877510660228e-03,9.508517556384361857e-02,0.000000000000000000e+00
3.470000000000000195e+00,1.080454981756965027e-01,-1.154316042709839368e-01,1.035686447247143559e-02,-4.910968227875164849e-03,9.483948580556766927e-02,0.000000000000000000e+00
3.475000000000000089e+00,1.074696475452410066e-01,-1.149088982980165652e-01,1.033223295474527612e-02,-4.941540859902770859e-03,9.459259518216804608e-02,0.000000000000000000e+00
3.479999999999999982e+00,1.068964066848496763e-01,-1.143876970342692229e-01,1.030745003939965987e-02,-4.971528173102181258e-03,9.434452978292157121e-02,0.000000000000000000e+00
3.484999999999999876e+00,1.063257680592493842e-01,-1.138680051492150930e-01,1.028251863959180577e-02,-5.000935537290538205e-03,9.409531544028640337e-02,0.000000000000000000e+00
3.490000000000000213e+00,1.057577241101386456e-01,-1.133498271849338601e-01,1.025744164170414897e-02,-5.029768292559077224e-03,9.384497773155144051e-02,0.000000000000000000e+00
3.495000000000000107e+00,1.051922672568213202e-01,-1.128331675574371362e-01,1.023222190549304654e-02,-5.058031749242479849e-03,9.359354198048343287e-02,0.000000000000000000e+00
3.500000000000000000e+00,1.046293898968336383e-01,-1.123180305579848381e-01,1.020686226423763408e-02,-5.085731187891857907e-03,9.334103325897070980e-02,0.000000000000000000e+00
3.504999999999999893e+00,1.040690844065646631e-01,-1.118044203543923781e-01,1.018136552488879513e-02,-5.112871859251316535e-03,9.308747638866404772e-02,0.000000000000000000e+00
3.510000000000000231e+00,1.035113431418702989e-01,-1.112923409923288892e-01,1.015573446821825543e-02,-5.139458984238012666e-03,9.283289594261445732e-02,0.000000000000000000e+00
3.515000000000000124e+00,1.029561584386807782e-01,-1.107817963966063191e-01,1.012997184896775871e-02,-5.165497753925673424e-03,9.257731624690745953e-02,0.000000000000000000e+00
3.520000000000000018e+00,1.024035226136017634e-01,-1.102727903724595726e-01,1.010408039599831193e-02,-5.190993329531492020e-03,9.232076138229450279e-02,0.000000000000000000e+00
3.524999999999999911e+00,1.018534279645090107e-01,-1.097653266068176203e-01,1.007806281243950330e-02,-5.215950842406351720e-03,9.206325518582027245e-02,0.000000000000000000e+00
3.530000000000000249e+00,1.013058667711367739e-01,-1.092594086695656830e-01,1.005192177583884468e-02,-5.240375394028318895e-03,9.180482125244690539e-02,0.000000000000000000e+00
3.535000000000000142e+00,1.007608312956598806e-01,-1.087550400147984653e-01,1.002565993831114680e-02,-5.264272055999343579e-03,9.154548293667430503e-02,0.000000000000000000e+00
3.540000000000000036e+00,1.002183137832695775e-01,-1.082522239820644661e-01,9.999279926687901568e-03,-5.287645870045107679e-03,9.128526335415662607e-02,0.000000000000000000e+00
3.544999999999999929e+00,9.967830646274314366e-02,-1.077509637976014345e-01,9.972784342666659099e-03,-5.310501848017970539e-03,9.102418538331509545e-02,0.000000000000000000e+00
3.550000000000000266e+00,9.914080154700738445e-02,-1.072512625755629861e-01,9.946175762960378711e-03,-5.332844971902949392e-03,9.076227166694672555e-02,0.000000000000000000e+00
3.555000000000000160e+00,9.860579123369601906e-02,-1.067531233192363510e-01,9.919456739446743526e-03,-5.354680193826680951e-03,9.049954461382868354e-02,0.000000000000000000e+00
3.560000000000000053e+00,9.807326770570097552e-02,-1.062565489222514065e-01,9.892629799317426489e-03,-5.376012436069311194e-03,9.023602640031914979e-02,0.000000000000000000e+00
3.564999999999999947e+00,9.754322313171767678e-02,-1.057615421697808838e-01,9.865697445227286991e-03,-5.396846591079257002e-03,8.997173897195331893e-02,0.000000000000000000e+00
3.570000000000000284e+00,9.701564966678433155e-02,-1.052681057397318459e-01,9.838662155443482493e-03,-5.417187521490785841e-03,8.970670404503526540e-02,0.000000000000000000e+00
3.575000000000000178e+00,9.649053945281531319e-02,-1.047762422039285463e-01,9.811526383994495157e-03,-5.437040060144360601e-03,8.944094310822545135e-02,0.000000000000000000e+00
3.580000000000000071e+00,9.596788461912862667e-02,-1.042859540292865178e-01,9.784292560819042237e-03,-5.456409010109701876e-03,8.917447742412359935e-02,0.000000000000000000e+00
3.584999999999999964e+00,9.544767728296756071e-02,-1.037972435789780851e-01,9.756963091914865049e-03,-5.475299144711506978e-03,8.890732803084719360e-02,0.000000000000000000e+00
3.589999999999999858e+00,9.492990955001648357e-02,-1.033101131135892720e-01,9.729540359487384368e-03,-5.493715207557784905e-03,8.863951574360479091e-02,0.000000000000000000e+00
3.595000000000000195e+00,9.441457351491089334e-02,-1.028245647922680778e-01,9.702026722098211833e-03,-5.511661912570750034e-03,8.837106115626545966e-02,0.000000000000000000e+00
3.600000000000000089e+00,9.390166126174176453e-02,-1.023406006738643154e-01,9.674424514813489626e-03,-5.529143944020227693e-03,8.810198464292229303e-02,0.000000000000000000e+00
3.604999999999999982e+00,9.339116486455421862e-02,-1.018582227180608313e-01,9.646736049352072281e-03,-5.546165956559523900e-03,8.783230635945207809e-02,0.000000000000000000e+00
3.609999999999999876e+00,9.288307638784054632e-02,-1.013774327864963298e-01,9.618963614233505544e-03,-5.562732575263705515e-03,8.756204624506919165e-02,0.000000000000000000e+00
3.615000000000000213e+00,9.237738788702762327e-02,-1.008982326438797178e-01,9.591109474925823067e-03,-5.578848395670253472e-03,8.729122402387490265e-02,0.000000000000000000e+00
3.620000000000000107e+00,9.187409140895880233e-02,-1.004206239590960670e-01,9.563175873993124548e-03,-5.594517983822030159e-03,8.701985920640128991e-02,0.000000000000000000e+00
3.625000000000000000e+00,9.137317899237026864e-02,-9.994460830630415293e-02,9.535165031242940487e-03,-5.609745876312520994e-03,8.674797109115034432e-02,0.000000000000000000e+00
3.629999999999999893e+00,9.087464266836198235e-02,-9.947018716602570865e-02,9.507079143873357549e-03,-5.624536580333306009e-03,8.647557876612740890e-02,0.000000000000000000e+00
3.635000000000000231e+00,9.037847446086311187e-02,-9.899736192622633768e-02,9.478920386619908017e-03,-5.638894573723711966e-03,8.620270111036956728e-02,0.000000000000000000e+00
3.640000000000000124e+00,8.988466638709216583e-02,-9.852613388338818390e-02,9.450690911902197289e-03,-5.652824305022602532e-03,8.592935679546848116e-02,0.000000000000000000e+00
3.645000000000000018e+00,8.939321045801171262e-02,-9.805650424357433004e-02,9.422392849970278109e-03,-5.666330193522261388e-03,8.565556428708799575e-02,0.000000000000000000e+00
3.649999999999999911e+00,8.890409867877788197e-02,-9.758847412348499450e-02,9.394028309050742043e-03,-5.679416629324324922e-03,8.538134184647624969e-02,0.000000000000000000e+00
3.655000000000000249e+00,8.841732304918449581e-02,-9.712204455150562354e-02,9.365599375492529924e-03,-5.692087973397725459e-03,8.510670753197194238e-02,0.000000000000000000e+00
3.660000000000000142e+00,8.793287556410207817e-02,-9.665721646874675388e-02,9.337108113912442192e-03,-5.704348557638595600e-03,8.483167920050535549e-02,0.000000000000000000e+00
3.665000000000000036e+00,8.745074821391164710e-02,-9.619399073007585399e-02,9.308556567340354332e-03,-5.716202684932098974e-03,8.455627450909347642e-02,0.000000000000000000e+00
3.669999999999999929e+00,8.697093298493333013e-02,-9.573236810514106077e-02,9.279946757364111384e-03,-5.727654629216141421e-03,8.428051091632970948e-02,0.000000000000000000e+00
3.675000000000000266e+00,8.649342185984996989e-02,-9.527234927938695030e-02,9.251280684274098068e-03,-5.738708635546923599e-03,8.400440568386725870e-02,0.000000000000000000e+00
3.680000000000000160e+00,8.601820681812559488e-02,-9.481393485506224572e-02,9.222560327207486239e-03,-5.749368920166296817e-03,8.372797587789751472e-02,0.000000000000000000e+00
3.685000000000000053e+00,8.554527983641886657e-02,-9.435712535221960073e-02,9.193787644292128469e-03,-5.759639670570877897e-03,8.345123837062179417e-02,0.000000000000000000e+00
3.689999999999999947e+00,8.507463288899164144e-02,-9.390192120970750067e-02,9.164964572790109884e-03,-5.769525045582889200e-03,8.317420984171768061e-02,0.000000000000000000e+00
3.695000000000000284e+00,8.460625794811246769e-02,-9.344832278615423926e-02,9.136093029240940910e-03,-5.779029175422684822e-03,8.289690677979932865e-02,0.000000000000000000e+00
3.700000000000000178e+00,8.414014698445526630e-02,-9.299633036094408223e-02,9.107174909604380530e-03,-5.788156161782917822e-03,8.261934548387159238e-02,0.000000000000000000e+00
3.705000000000000071e+00,8.367629196749314102e-02,-9.254594413518560381e-02,9.078212089402886570e-03,-5.796910077904321619e-03,8.234154206477824200e-02,0.000000000000000000e+00
3.709999999999999964e+00,8.321468486588733116e-02,-9.209716423267226559e-02,9.049206423863679141e-03,-5.805294968653062181e-03,8.206351244664428224e-02,0.000000000000000000e+00
3.714999999999999858e+00,8.275531764787141809e-02,-9.164999070083526544e-02,9.020159748060424185e-03,-5.813314850599625438e-03,8.178527236831184544e-02,0.000000000000000000e+00
3.720000000000000195e+00,8.229818228163075788e-02,-9.120442351168871198e-02,8.991073877054504143e-03,-5.820973712099204375e-03,8.150683738477006168e-02,0.000000000000000000e+00
3.725000000000000089e+00,8.184327073567722322e-02,-9.076046256276705526e-02,8.961950606035894856e-03,-5.828275513373551951e-03,8.122822286857901697e-02,0.000000000000000000e+00
3.729999999999999982e+00,8.139057497921926843e-02,-9.031810767805505125e-02,8.932791710463624385e-03,-5.835224186594263444e-03,8.094944401128689737e-02,0.000000000000000000e+00
3.734999999999999876e+00,8.094008698252737333e-02,-8.987735860890998241e-02,8.903598946205810299e-03,-5.841823635967453507e-03,8.067051582484154049e-02,0.000000000000000000e+00
3.740000000000000213e+00,8.049179871729492119e-02,-8.943821503497646763e-02,8.874374049679275428e-03,-5.848077737819794113e-03,8.039145314299511735e-02,0.000000000000000000e+00
3.745000000000000107e+00,8.004570215699442770e-02,-8.900067656509365321e-02,8.845118737988724722e-03,-5.853990340685880436e-03,8.011227062270293020e-02,0.000000000000000000e+00
3.750000000000000000e+00,7.960178927722937059e-02,-8.856474273819502085e-02,8.815834709065488439e-03,-5.859565265396891702e-03,7.983298274551571538e-02,0.000000000000000000e+00
3.754999999999999893e+00,7.916005205608145356e-02,-8.813041302420075718e-02,8.786523641805810830e-03,-5.864806305170516647e-03,7.955360381896553479e-02,0.000000000000000000e+00
3.760000000000000231e+00,7.872048247445347091e-02,-8.769768682490265699e-02,8.757187196208693000e-03,-5.869717225702105433e-03,7.927414797794518631e-02,0.000000000000000000e+00
3.765000000000000124e+00,7.828307251640775899e-02,-8.726656347484176846e-02,8.727827013513270865e-03,-5.874301765257021121e-03,7.899462918608129991e-02,0.000000000000000000e+00
3.770000000000000018e+00,7.784781416950023458e-02,-8.683704224217866918e-02,8.698444716335735141e-03,-5.878563634764161216e-03,7.871506123710110547e-02,0.000000000000000000e+00
3.774999999999999911e+00,7.741469942511020053e-02,-8.640912232955647032e-02,8.669041908805776020e-03,-5.882506517910611986e-03,7.843545775619238658e-02,0.000000000000000000e+00
3.780000000000000249e+00,7.698372027876572432e-02,-8.598280287495659036e-02,8.639620176702554263e-03,-5.886134071237413001e-03,7.815583220135724485e-02,0.000000000000000000e+00
3.785000000000000142e+00,7.655486873046485341e-02,-8.555808295254732632e-02,8.610181087590188312e-03,-5.889449924236393741e-03,7.787619786475907802e-02,0.000000000000000000e+00
3.790000000000000036e+00,7.612813678499258385e-02,-8.513496157352526406e-02,8.580726190952755669e-03,-5.892457679448064034e-03,7.759656787406329914e-02,0.000000000000000000e+00
3.794999999999999929e+00,7.570351645223362402e-02,-8.471343768694958309e-02,8.551257018328806830e-03,-5.895160912560514985e-03,7.731695519377121406e-02,0.000000000000000000e+00
3.800000000000000266e+00,7.528099974748098111e-02,-8.429351018056924216e-02,8.521775083445370935e-03,-5.897563172509315624e-03,7.703737262654737628e-02,0.000000000000000000e+00
3.805000000000000160e+00,7.486057869174049528e-02,-8.387517788164312871e-02,8.492281882351473965e-03,-5.899667981578366263e-03,7.675783281454057194e-02,0.000000000000000000e+00
3.810000000000000053e+00,7.444224531203125217e-02,-8.345843955775321399e-02,8.462778893551138257e-03,-5.901478835501688600e-03,7.647834824069786597e-02,0.000000000000000000e+00
3.814999999999999947e+00,7.402599164168192913e-02,-8.304329391761074153e-02,8.433267578135877213e-03,-5.902999203566123947e-03,7.619893123007212554e-02,0.000000000000000000e+00
3.820000000000000284e+00,7.361180972062315864e-02,-8.262973961185547667e-02,8.403749379916673062e-03,-5.904232528714904900e-03,7.591959395112307663e-02,0.000000000000000000e+00
3.825000000000000178e+00,7.319969159567589478e-02,-8.221777523384807274e-02,8.374225725555432473e-03,-5.905182227652084823e-03,7.564034841701122724e-02,0.000000000000000000e+00
3.830000000000000071e+00,7.278962932083586634e-02,-8.180739932045553997e-02,8.344698024695921743e-03,-5.905851690947793060e-03,7.536120648688574009e-02,0.000000000000000000e+00
3.834999999999999964e+00,7.238161495755404684e-02,-8.139861035282999757e-02,8.315167670094169433e-03,-5.906244283144288995e-03,7.508217986716511638e-02,0.000000000000000000e+00
3.839999999999999858e+00,7.197564057501336376e-02,-8.099140675718054239e-02,8.285636037748339913e-03,-5.906363342862795858e-03,7.480328011281127398e-02,0.000000000000000000e+00
3.845000000000000195e+00,7.157169825040142486e-02,-8.058578690553845625e-02,8.256104487028070871e-03,-5.906212182911079606e-03,7.452451862859720000e-02,0.000000000000000000e+00
3.850000000000000089e+00,7.116978006917958066e-02,-8.018174911651569647e-02,8.226574360803269592e-03,-5.905794090391758983e-03,7.424590667036742864e-02,0.000000000000000000e+00
3.854999999999999982e+00,7.076987812534807354e-02,-7.977929165605668338e-02,8.197046985572364539e-03,-5.905112326811314677e-03,7.396745534629228791e-02,0.000000000000000000e+00
3.859999999999999876e+00,7.037198452170755070e-02,-7.937841273818355137e-02,8.167523671590015688e-03,-5.904170128189777621e-03,7.368917561811479111e-02,0.000000000000000000e+00
3.865000000000000213e+00,6.997609137011681635e-02,-7.897911052573475255e-02,8.138005712994268032e-03,-5.902970705171069546e-03,7.341107830239149146e-02,0.000000000000000000e+00
3.870000000000000107e+00,6.958219079174690624e-02,-7.858138313109713780e-02,8.108494387933156897e-03,-5.901517243133976715e-03,7.313317407172599538e-02,0.000000000000000000e+00
3.875000000000000000e+00,6.919027491733154012e-02,-7.818522861693152914e-02,8.078990958690754690e-03,-5.899812902303731670e-03,7.285547345599616142e-02,0.000000000000000000e+00
3.879999999999999893e+00,6.880033588741396589e-02,-7.779064499689185286e-02,8.049496671812655588e-03,-5.897860817864181322e-03,7.257798684357395780e-02,0.000000000000000000e+00
3.885000000000000231e+00,6.841236585259016789e-02,-7.739763023633777772e-02,8.020012758230905120e-03,-5.895664100070516223e-03,7.230072448253938022e-02,0.000000000000000000e+00
3.890000000000000124e+00,6.802635697374860568e-02,-7.700618225304108055e-02,7.990540433388359023e-03,-5.893225834362546267e-03,7.202369648188677864e-02,0.000000000000000000e+00
3.895000000000000018e+00,6.764230142230640008e-02,-7.661629891788553082e-02,7.961080897362473111e-03,-5.890549081478494223e-03,7.174691281272496668e-02,0.000000000000000000e+00
3.899999999999999911e+00,6.726019138044200818e-02,-7.622797805556057182e-02,7.931635334988531086e-03,-5.887636877569288850e-03,7.147038330947035056e-02,0.000000000000000000e+00
3.905000000000000249e+00,6.688001904132449826e-02,-7.584121744524863207e-02,7.902204915982289496e-03,-5.884492234313337677e-03,7.119411767103324407e-02,0.000000000000000000e+00
3.910000000000000142e+00,6.650177660933939694e-02,-7.545601482130631643e-02,7.872790795062055424e-03,-5.881118139031758611e-03,7.091812546199750822e-02,0.000000000000000000e+00
3.915000000000000036e+00,6.612545630031106680e-02,-7.507236787393928301e-02,7.843394112070181320e-03,-5.877517554804047827e-03,7.064241611379340480e-02,0.000000000000000000e+00
3.919999999999999929e+00,6.575105034172185059e-02,-7.469027424987105535e-02,7.814015992093983898e-03,-5.873693420584168330e-03,7.036699892586358029e-02,0.000000000000000000e+00
3.925000000000000266e+00,6.537855097292778750e-02,-7.430973155300565902e-02,7.784657545586082771e-03,-5.869648651317036642e-03,7.009188306682240244e-02,0.000000000000000000e+00
3.930000000000000160e+00,6.500795044537108214e-02,-7.393073734508420758e-02,7.755319868484151016e-03,-5.865386138055388512e-03,6.981707757560849659e-02,0.000000000000000000e+00
3.935000000000000053e+00,6.463924102278927053e-02,-7.355328914633540993e-02,7.726004042330086342e-03,-5.860908748077008935e-03,6.954259136263052365e-02,0.000000000000000000e+00
3.939999999999999947e+00,6.427241498142120812e-02,-7.317738443612012422e-02,7.696711134388588109e-03,-5.856219325002298692e-03,6.926843321090608852e-02,0.000000000000000000e+00
3.945000000000000284e+00,6.390746461020975488e-02,-7.280302065356988872e-02,7.667442197765151485e-03,-5.851320688912171365e-03,6.899461177719405647e-02,0.000000000000000000e+00
3.950000000000000178e+00,6.354438221100139339e-02,-7.243019519821958241e-02,7.638198271523471798e-03,-5.846215636466252190e-03,6.872113559312009734e-02,0.000000000000000000e+00
3.955000000000000071e+00,6.318316009874258565e-02,-7.205890543063413201e-02,7.608980380802249539e-03,-5.840906941021369210e-03,6.844801306629527682e-02,0.000000000000000000e+00
3.959999999999999964e+00,6.282379060167313234e-02,-7.168914867302943195e-02,7.579789536931413364e-03,-5.835397352750311580e-03,6.817525248142825012e-02,0.000000000000000000e+00
3.965000000000000302e+00,6.246626606151632621e-02,-7.132092220988736631e-02,7.550626737547739414e-03,-5.829689598760844603e-03,6.790286200143047513e-02,0.000000000000000000e+00
3.970000000000000195e+00,6.211057883366611493e-02,-7.095422328856512695e-02,7.521492966709878228e-03,-5.823786383214963301e-03,6.763084966851465318e-02,0.000000000000000000e+00
3.975000000000000089e+00,6.175672128737121763e-02,-7.058904911989878628e-02,7.492389195012786642e-03,-5.817690387448362817e-03,6.735922340528678609e-02,0.000000000000000000e+00
3.979999999999999982e+00,6.140468580591623010e-02,-7.022539687880109682e-02,7.463316379701559478e-03,-5.811404270090116987e-03,6.708799101583123869e-02,0.000000000000000000e+00
3.984999999999999876e+00,6.105446478679976002e-02,-6.986326370485368420e-02,7.434275464784662751e-03,-5.804930667182543400e-03,6.681716018678907076e-02,0.000000000000000000e+00
3.990000000000000213e+00,6.070605064190959937e-02,-6.950264670289363345e-02,7.405267381146568399e-03,-5.798272192301246256e-03,6.654673848842992956e-02,0.000000000000000000e+00
3.995000000000000107e+00,6.035943579769501716e-02,-6.914354294359441322e-02,7.376293046659787057e-03,-5.791431436675306688e-03,6.627673337571718393e-02,0.000000000000000000e+00
4.000000000000000000e+00,6.001461269533612392e-02,-6.566099163740275746e-02,7.347353366296298025e-03,-1.203415792686215319e-02,4.625806310483879247e-02,3.000000000000000000e+00
4.004999999999999893e+00,5.973313889673652344e-02,-4.705268718010169327e-02,7.195315959243770224e-03,-4.853497497555823992e-02,-7.174909050578745506e-02,3.000000000000000000e+00
4.009999999999999787e+00,5.954285235249193869e-02,-2.918446742265198846e-02,6.864430711714119421e-03,-8.357946990910888885e-02,-1.886117846340377158e-01,3.000000000000000000e+00
4.014999999999999680e+00,5.944007695166179245e-02,-1.204661246182109346e-02,6.361887252081455633e-03,-1.172043057112165665e-01,-3.043188851783081850e-01,3.000000000000000000e+00
4.020000000000000462e+00,5.942118510365407974e-02,4.370565497933100868e-03,5.694693832994249770e-03,-1.494453716108836150e-01,-4.188598611016985940e-01,3.000000000000000000e+00
4.025000000000000355e+00,5.948259757163822103e-02,2.007671983129323892e-02,4.869681169797329678e-03,-1.803377955078998562e-01,-5.322247600272185242e-01,3.000000000000000000e+00
4.030000000000000249e+00,5.962078329587374576e-02,3.508146774981829585e-02,3.893506212898330179e-03,-2.099159579030194234e-01,-6.444041901241372994e-01,3.000000000000000000e+00
4.035000000000000142e+00,5.983225920949854226e-02,4.939438900930706589e-02,2.772655847507746012e-03,-2.382135069606672872e-01,-7.553893071508709367e-01,3.000000000000000000e+00
4.040000000000000036e+00,6.011359004875770767e-02,6.302502496264578147e-02,1.513450515914036487e-03,-2.652633743825038026e-01,-8.651718056565124160e-01,3.000000000000000000e+00
4.044999999999999929e+00,6.046138815917231207e-02,7.598287786928065168e-02,1.220477589484085870e-04,-2.910977918154028510e-01,-9.737439134668044449e-01,3.000000000000000000e+00
4.049999999999999822e+00,6.087231329873767777e-02,8.827741038605804724e-02,-1.395554325426826567e-03,-3.157483075578263465e-01,-1.081098388692069090e+00,3.000000000000000000e+00
4.054999999999999716e+00,6.134307243889530747e-02,9.991804517624898463e-02,-3.033513707384256474e-03,-3.392458033646398863e-01,-1.187228518595356830e+00,3.000000000000000000e+00
4.060000000000000497e+00,6.187041956373402068e-02,1.109141645842629809e-01,-4.786141134411669995e-03,-3.616205111825079865e-01,-1.292128119749794690e+00,3.000000000000000000e+00
4.065000000000000391e+00,6.245115546763735370e-02,1.212751103329920283e-01,-6.647896923699979713e-03,-3.829020296765039966e-01,-1.395791538995674763e+00,3.000000000000000000e+00
4.070000000000000284e+00,6.308212755140026051e-02,1.310101832090276863e-01,-8.613387836399630237e-03,-4.031193404338069830e-01,-1.498213654781012316e+00,3.000000000000000000e+00
4.075000000000000178e+00,6.376022961668295630e-02,1.401286427082743258e-01,-1.067736403189262218e-02,-4.223008237526472142e-01,-1.599389878534901888e+00,3.000000000000000000e+00
4.080000000000000071e+00,6.448240165854864092e-02,1.486397066208401951e-01,-1.283471609981820007e-02,-4.404742739442850108e-01,-1.699316155781627646e+00,3.000000000000000000e+00
4.084999999999999964e+00,6.524562965574028095e-02,1.565525505396167250e-01,-1.508047216727315468e-02,-4.576669140930239577e-01,-1.797988966755815987e+00,3.000000000000000000e+00
4.089999999999999858e+00,6.604694535828617430e-02,1.638763072817389643e-01,-1.740979507837119716e-02,-4.739054102343045471e-01,-1.895405326325490636e+00,3.000000000000000000e+00
4.094999999999999751e+00,6.688342607198026479e-02,1.706200662162321580e-01,-1.981797964317955074e-02,-4.892158849240088592e-01,-1.991562783071219478e+00,3.000000000000000000e+00
4.099999999999999645e+00,6.775219443925885321e-02,1.767928724946607744e-01,-2.230044995294555923e-02,-5.036239301834285476e-01,-2.086459417406108408e+00,3.000000000000000000e+00
4.105000000000000426e+00,6.865041821598710792e-02,1.824037261845683766e-01,-2.485275675847337454e-02,-5.171546198140801742e-01,-2.180093838653626825e+00,3.000000000000000000e+00
4.110000000000000320e+00,6.957531004367398242e-02,1.874615813079872073e-01,-2.747057490850297531e-02,-5.298325210848570110e-01,-2.272465181028533454e+00,3.000000000000000000e+00
4.115000000000000213e+00,7.052412721665110573e-02,1.919753447893572385e-01,-3.014970084497427608e-02,-5.416817058010247043e-01,-2.363573098490832081e+00,3.000000000000000000e+00
4.120000000000000107e+00,7.149417144377694100e-02,1.959538753188713733e-01,-3.288605015212181515e-02,-5.527257607704417763e-01,-2.453417758464139897e+00,3.000000000000000000e+00
4.125000000000000000e+00,7.248278860426135561e-02,1.994059821386003073e-01,-3.567565515643484481e-02,-5.629877976872206258e-01,-2.541999834428267491e+00,3.000000000000000000e+00
4.129999999999999893e+00,7.348736849724511744e-02,2.023404237597854205e-01,-3.851466257462889120e-02,-5.724904624569672196e-01,-2.629320497411583801e+00,3.000000000000000000e+00
4.134999999999999787e+00,7.450534458481260225e-02,2.047659066204560729e-01,-4.139933120690368618e-02,-5.812559439908293601e-01,-2.715381406422020305e+00,3.000000000000000000e+00
4.139999999999999680e+00,7.553419372816361221e-02,2.066910836930617168e-01,-4.432602967290458912e-02,-5.893059824979529626e-01,-2.800184697866683337e+00,3.000000000000000000e+00
4.145000000000000462e+00,7.657143591671919380e-02,2.081245530521363962e-01,-4.729123418795730394e-02,-5.966618773076615145e-01,-2.883732974019095341e+00,3.000000000000000000e+00
4.150000000000000355e+00,7.761463398998698360e-02,2.090748564121628350e-01,-5.029152637730525260e-02,-6.033444942538225275e-01,-2.966029290600391555e+00,3.000000000000000000e+00
4.155000000000000249e+00,7.866139335206262517e-02,2.095504776457967067e-01,-5.332359112624313752e-02,-6.093742726545064992e-01,-3.047077143546418565e+00,3.000000000000000000e+00
4.160000000000000142e+00,7.970936167869410727e-02,2.095598412924725984e-01,-5.638421446420645300e-02,-6.147712319202508491e-01,-3.126880455036878281e+00,3.000000000000000000e+00
4.165000000000000036e+00,8.075622861688547260e-02,2.091113110671605491e-01,-5.947028148104295531e-02,-6.195549778240653227e-01,-3.205443558865548326e+00,3.000000000000000000e+00
4.169999999999999929e+00,8.179972547706443331e-02,2.082131883786939863e-01,-6.257877427385662161e-02,-6.237447084658084284e-01,-3.282771185232314703e+00,3.000000000000000000e+00
4.174999999999999822e+00,8.283762491788440596e-02,2.068737108666633961e-01,-6.570676992297595775e-02,-6.273592199627830990e-01,-3.358868445038452499e+00,3.000000000000000000e+00
4.179999999999999716e+00,8.386774062377520822e-02,2.051010509653786729e-01,-6.885143849575531272e-02,-6.304169118973761421e-01,-3.433740813766383848e+00,3.000000000000000000e+00
4.185000000000000497e+00,8.488792697539795928e-02,2.029033145028615870e-01,-7.201004107706895918e-02,-6.329357925513521277e-01,-3.507394115024119685e+00,3.000000000000000000e+00
4.190000000000000391e+00,8.589607871319802912e-02,2.002885393422483840e-01,-7.517992782550238229e-02,-6.349334839550335730e-01,-3.579834503832935333e+00,3.000000000000000000e+00
4.195000000000000284e+00,8.689013059428525587e-02,1.972646940723743747e-01,-7.835853605438272695e-02,-6.364272267780982650e-01,-3.651068449734531374e+00,3.000000000000000000e+00
4.200000000000000178e+00,8.786805704290297225e-02,1.907198514253815314e-01,-8.154338833691993083e-02,-6.312149675633725865e-01,-3.701464619634176501e+00,0.000000000000000000e+00
4.205000000000000071e+00,8.876640752150151414e-02,1.686792083813644927e-01,-8.460957197680034347e-02,-5.954276547425422228e-01,-3.653245973385900403e+00,0.000000000000000000e+00
4.209999999999999964e+00,8.955543582205612030e-02,1.469905797380164914e-01,-8.749933743097837446e-02,-5.606439054791763077e-01,-3.605012572740081467e+00,0.000000000000000000e+00
4.214999999999999858e+00,9.023689597152166619e-02,1.256515402590334396e-01,-9.021764601568411923e-02,-5.268411824315153424e-01,-3.556777462739487472e+00,0.000000000000000000e+00
4.219999999999999751e+00,9.081252976953012312e-02,1.046596256237082578e-01,-9.276934732155520114e-02,-4.939973349542107206e-01,-3.508553040730233885e+00,0.000000000000000000e+00
4.224999999999999645e+00,9.128406661258221810e-02,8.401234008423805188e-02,-9.515918117824566369e-02,-4.620906110405627043e-01,-3.460351130373635176e+00,0.000000000000000000e+00
4.230000000000000426e+00,9.165322335380680918e-02,6.370716305571223759e-02,-9.739177967140666414e-02,-4.310996663851769939e-01,-3.412183047069729191e+00,0.000000000000000000e+00
4.235000000000000320e+00,9.192170419324538488e-02,4.374155475461544151e-02,-9.947166919845880362e-02,-4.010035708892785156e-01,-3.364059655608059529e+00,0.000000000000000000e+00
4.240000000000000213e+00,9.209120059417233439e-02,2.411296099139626642e-02,-1.014032725511157390e-01,-3.717818129026447260e-01,-3.315991420796621902e+00,0.000000000000000000e+00
4.245000000000000107e+00,9.216339122146509355e-02,4.818817213096657920e-03,-1.031909110140217106e-01,-3.434143014697630392e-01,-3.267988451758949253e+00,0.000000000000000000e+00
4.250000000000000000e+00,9.213994189849586403e-02,-1.414344811681909897e-02,-1.048388064701417516e-01,-3.158813668233261263e-01,-3.220060540532109439e+00,0.000000000000000000e+00
4.254999999999999893e+00,9.202250557943161824e-02,-3.277641072248023424e-02,-1.063510835047014325e-01,-2.891637593455009259e-01,-3.172217195544946300e+00,0.000000000000000000e+00
4.259999999999999787e+00,9.181272233420460782e-02,-5.108264823205872773e-02,-1.077317715005221416e-01,-2.632426471964602332e-01,-3.124467670506139605e+00,0.000000000000000000e+00
4.264999999999999680e+00,9.151221934375528000e-02,-6.906473834217979890e-02,-1.089848067185463232e-01,-2.380996127903723392e-01,-3.076820989185431454e+00,0.000000000000000000e+00
4.270000000000000462e+00,9.112261090345552539e-02,-8.672525737219145825e-02,-1.101140343582032444e-01,-2.137166482813085133e-01,-3.029285966528604046e+00,0.000000000000000000e+00
4.275000000000000355e+00,9.064549843289591846e-02,-1.040667791560274114e-01,-1.111232105930369252e-01,-1.900761502052630558e-01,-2.981871226507252004e+00,0.000000000000000000e+00
4.280000000000000249e+00,9.008247049046853860e-02,-1.210918742247360513e-01,-1.120160045777108676e-01,-1.671609134095898841e-01,-2.934585217067966045e+00,0.000000000000000000e+00
4.285000000000000142e+00,8.943510279139896268e-02,-1.378031092376237887e-01,-1.127960004231263330e-01,-1.449541243875516749e-01,-2.887436222512033801e+00,0.000000000000000000e+00
4.290000000000000036e+00,8.870495822808031894e-02,-1.542030466244059261e-01,-1.134666991369479988e-01,-1.234393541232614855e-01,-2.840432373605948690e+00,0.000000000000000000e+00
4.294999999999999929e+00,8.789358689173966399e-02,-1.702942444048072268e-01,-1.140315205273281923e-01,-1.026005505409862822e-01,-2.793581655694808319e+00,0.000000000000000000e+00
4.299999999999999822e+00,8.700252609462577613e-02,-1.860792561557348124e-01,-1.144938050680649327e-01,-8.242203064249119249e-02,-2.746891915064781919e+00,0.000000000000000000e+00
4.304999999999999716e+00,8.603330039204805380e-02,-2.015606310994896289e-01,-1.148568157238234605e-01,-6.288847240675422834e-02,-2.700370863777180830e+00,0.000000000000000000e+00
4.310000000000000497e+00,8.498742160372130261e-02,-2.167409142895159735e-01,-1.151237397344010982e-01,-4.398490651789783989e-02,-2.654026083175012207e+00,0.000000000000000000e+00
4.315000000000000391e+00,8.386638883398170319e-02,-2.316226468729359333e-01,-1.152976903573249695e-01,-2.569670797949450899e-02,-2.607865026243165296e+00,0.000000000000000000e+00
4.320000000000000284e+00,8.267168849053671553e-02,-2.462083664116029025e-01,-1.153817085683451760e-01,-8.009587666442871678e-03,-2.561895018985311356e+00,0.000000000000000000e+00
4.325000000000000178e+00,8.140479430149717699e-02,-2.605006072456556021e-01,-1.153787647196260896e-01,9.090416140683166973e-03,-2.516123260964219455e+00,0.000000000000000000e+00
4.330000000000000071e+00,8.006716733051492951e-02,-2.745019008855844600e-01,-1.152917601556483207e-01,2.561694619959545977e-02,-2.470556825137147250e+00,0.000000000000000000e+00
4.334999999999999964e+00,7.866025598991455148e-02,-2.882147764206513529e-01,-1.151235287870171764e-01,4.158333469447551833e-02,-2.425202657104389203e+00,0.000000000000000000e+00
4.339999999999999858e+00,7.718549605176427963e-02,-3.016417609331531469e-01,-1.148768386225318960e-01,5.700261153891688498e-02,-2.380067573876592402e+00,0.000000000000000000e+00
4.344999999999999751e+00,7.564431065688013989e-02,-3.147853799095013949e-01,-1.145543932600067843e-01,7.188751256832338898e-02,-2.335158262255201400e+00,0.000000000000000000e+00
4.350000000000000533e+00,7.403811032179886953e-02,-3.276481576404230989e-01,-1.141588333364523811e-01,8.625048760020209704e-02,-2.290481276910087516e+00,0.000000000000000000e+00
4.355000000000000426e+00,7.236829294379087951e-02,-3.402326176037817063e-01,-1.136927379383239622e-01,1.001037083441501385e-01,-2.246043038229095679e+00,0.000000000000000000e+00
4.360000000000000320e+00,7.063624380401402336e-02,-3.525412828245881314e-01,-1.131586259726281574e-01,1.134590761463474817e-01,-2.201849830005745634e+00,0.000000000000000000e+00
4.365000000000000213e+00,6.884333556893387773e-02,-3.645766762077273238e-01,-1.125589574997473141e-01,1.263282295560659296e-01,-2.157907797023634444e+00,0.000000000000000000e+00
4.370000000000000107e+00,6.699092829015629302e-02,-3.763413208397803911e-01,-1.118961350288977946e-01,1.387225517041172640e-01,-2.114222942589051968e+00,0.000000000000000000e+00
4.375000000000000000e+00,6.508036940283418170e-02,-3.878377402570825083e-01,-1.111725047771830177e-01,1.506531774853161754e-01,-2.070801126057008723e+00,0.000000000000000000e+00
4.379999999999999893e+00,6.311299372282314080e-02,-3.990684586778316389e-01,-1.103903578932371732e-01,1.621310005389519637e-01,-2.027648060390089491e+00,0.000000000000000000e+00
4.384999999999999787e+00,6.109012344276981699e-02,-4.100360011966627249e-01,-1.095519316464806797e-01,1.731666800229679504e-01,-1.984769309784306657e+00,0.000000000000000000e+00
4.389999999999999680e+00,5.901306812732350082e-02,-4.207428939406303581e-01,-1.086594105830267082e-01,1.837706471790594709e-01,-1.942170287391434824e+00,0.000000000000000000e+00
4.395000000000000462e+00,5.688312470766566237e-02,-4.311916641860090715e-01,-1.077149276492881391e-01,1.939531116872385275e-01,-1.899856253162961472e+00,0.000000000000000000e+00
4.400000000000000355e+00,5.470157747555386835e-02,-4.413848404357293975e-01,-1.067205652843388197e-01,2.037240678095921520e-01,-1.857832311836963513e+00,0.000000000000000000e+00
4.405000000000000249e+00,5.246969807707662498e-02,-4.513249524576243288e-01,-1.056783564820816673e-01,2.130933003239971479e-01,-1.816103411085659314e+00,0.000000000000000000e+00
4.410000000000000142e+00,5.018874550631403225e-02,-4.610145312839719067e-01,-1.045902858242700323e-01,2.220703902494599868e-01,-1.774674339838256287e+00,0.000000000000000000e+00
4.415000000000000036e+00,4.785996609909594357e-02,-4.704561091730873335e-01,-1.034582904854182556e-01,2.306647203655394773e-01,-1.733549726790821754e+00,0.000000000000000000e+00
4.419999999999999929e+00,4.548459352704505715e-02,-4.796522195339473771e-01,-1.022842612106235755e-01,2.388854805289925831e-01,-1.692734039112354427e+00,0.000000000000000000e+00
4.424999999999999822e+00,4.306384879208687011e-02,-4.886053968150264604e-01,-1.010700432673040106e-01,2.467416727913712138e-01,-1.652231581353897250e+00,0.000000000000000000e+00
4.429999999999999716e+00,4.059894022160216026e-02,-4.973181763586866921e-01,-9.981743737183725040e-02,2.542421163217977176e-01,-1.612046494565455124e+00,0.000000000000000000e+00
4.435000000000000497e+00,3.809106346439058294e-02,-5.057930942226017690e-01,-9.852820059206303382e-02,2.613954521395702169e-01,-1.572182755623631634e+00,0.000000000000000000e+00
4.440000000000000391e+00,3.554140148760624729e-02,-5.140326869698046419e-01,-9.720404722658759766e-02,2.682101476615998403e-01,-1.532644176771206013e+00,0.000000000000000000e+00
4.445000000000000284e+00,3.295112457481804563e-02,-5.220394914290376054e-01,-9.584664966180293788e-02,2.746945010699712308e-01,-1.493434405368417650e+00,0.000000000000000000e+00
4.450000000000000178e+00,3.032139032533881853e-02,-5.298160444271523550e-01,-9.445763920750639697e-02,2.808566455051488830e-01,-1.454556923854382955e+00,0.000000000000000000e+00
4.455000000000000071e+00,2.765334365495868488e-02,-5.373648824953562997e-01,-9.303860691197833599e-02,2.867045530905313333e-01,-1.416015049915917867e+00,0.000000000000000000e+00
4.459999999999999964e+00,2.494811679820869293e-02,-5.446885415511353301e-01,-9.159110435734652000e-02,2.922460387941889226e-01,-1.377811936860016795e+00,0.000000000000000000e+00
4.464999999999999858e+00,2.220682931227183771e-02,-5.517895565577025652e-01,-9.011664443603645269e-02,2.974887641337135014e-01,-1.339950574185329923e+00,0.000000000000000000e+00
4.469999999999999751e+00,1.943058808264913270e-02,-5.586704611628288131e-01,-8.861670210907733602e-02,3.024402407301626239e-01,-1.302433788347213905e+00,0.000000000000000000e+00
4.475000000000000533e+00,1.662048733067923723e-02,-5.653337873189043794e-01,-8.709271514700296646e-02,3.071078337171035955e-01,-1.265264243710255476e+00,0.000000000000000000e+00
4.480000000000000426e+00,1.377760862300086118e-02,-5.717820648860674204e-01,-8.554608485405719442e-02,3.114987650107540196e-01,-1.228444443681589782e+00,0.000000000000000000e+00
4.485000000000000320e+00,1.090302088303807433e-02,-5.780178212202081722e-01,-8.397817677638354239e-02,3.156201164471820197e-01,-1.191976732017866247e+00,0.000000000000000000e+00
4.490000000000000213e+00,7.997780404579712954e-03,-5.840435807476281882e-01,-8.239032139484880890e-02,3.194788327924723559e-01,-1.155863294298306032e+00,0.000000000000000000e+00
4.495000000000000107e+00,5.062930867515209182e-03,-5.898618645280925277e-01,-8.078381480312125940e-02,3.230817246316858848e-01,-1.120106159555971592e+00,0.000000000000000000e+00
4.500000000000000000e+00,2.099503355780636248e-03,-5.954751898079694294e-01,-7.915991937159511105e-02,3.264354711423455568e-01,-1.084707202059127074e+00,0.000000000000000000e+00
4.504999999999999893e+00,-8.914836224395948638e-04,-6.008860695651015993e-01,-7.751986439772452775e-02,3.295466227580689522e-01,-1.049668143234361750e+00,0.000000000000000000e+00
4.509999999999999787e+00,-3.909024112218051350e-03,-6.060970120469996170e-01,-7.586484674330258582e-02,3.324216037278438507e-01,-1.014990553723032152e+00,0.000000000000000000e+00
4.514999999999999680e+00,-6.952124687067065198e-03,-6.111105203038889044e-01,-7.419603145919356768e-02,3.350667145763057686e-01,-9.806758555624868201e-01,0.000000000000000000e+00
4.520000000000000462e+00,-1.001980442177698334e-02,-6.159290917180827440e-01,-7.251455239800048969e-02,3.374881344702298502e-01,-9.467253244835112103e-01,0.000000000000000000e+00
4.525000000000000355e+00,-1.311109486289502649e-02,-6.205552175310901086e-01,-7.082151281512404084e-02,3.396919234962955114e-01,-9.131400923154413540e-01,0.000000000000000000e+00
4.530000000000000249e+00,-1.622503999683685277e-02,-6.249913823698024506e-01,-6.911798595864430961e-02,3.416840248550189751e-01,-8.799211494904435327e-01,0.000000000000000000e+00
4.535000000000000142e+00,-1.936069621562942766e-02,-6.292400637730377611e-01,-6.740501564843251470e-02,3.434702669755834159e-01,-8.470693476385371401e-01,0.000000000000000000e+00
4.540000000000000036e+00,-2.251713228029003644e-02,-6.333037317196531513e-01,-6.568361684487680763e-02,3.450563655561236787e-01,-8.145854022650669268e-01,0.000000000000000000e+00
4.544999999999999929e+00,-2.569342928185218769e-02,-6.371848481593701541e-01,-6.395477620758388548e-02,3.464479255338493990e-01,-7.824698955024584901e-01,0.000000000000000000e+00
4.549999999999999822e+00,-2.888868060005467600e-02,-6.408858665473895488e-01,-6.221945264439653067e-02,3.476504429892120496e-01,-7.507232789282765051e-01,0.000000000000000000e+00
4.554999999999999716e+00,-3.210199185971531616e-02,-6.444092313838049035e-01,-6.047857785104684969e-02,3.486693069881459661e-01,-7.193458764417817175e-01,0.000000000000000000e+00
4.560000000000000497e+00,-3.533248088481571320e-02,-6.477573777587578574e-01,-5.873305684174499192e-02,3.495098013662334968e-01,-6.883378871914023200e-01,0.000000000000000000e+00
4.565000000000000391e+00,-3.857927765032800882e-02,-6.509327309042119980e-01,-5.698376847098459569e-02,3.501771064584677795e-01,-6.576993885457524947e-01,0.000000000000000000e+00
4.570000000000000284e+00,-4.184152423181874275e-02,-6.539377057531570170e-01,-5.523156594682807063e-02,3.506763007781102393e-01,-6.274303391010846997e-01,0.000000000000000000e+00
4.575000000000000178e+00,-4.511837475286888804e-02,-6.567747065069921009e-01,-5.347727733591790128e-02,3.510123626479653147e-01,-5.975305817182978707e-01,0.000000000000000000e+00
4.580000000000000071e+00,-4.840899533035269292e-02,-6.594461262117734535e-01,-5.172170606044396157e-02,3.511901717872222828e-01,-5.679998465828974830e-01,0.000000000000000000e+00
4.584999999999999964e+00,-5.171256401762123339e-02,-6.619543463439521158e-01,-4.996563138728143949e-02,3.512145108568451302e-01,-5.388377542815685484e-01,0.000000000000000000e+00
4.589999999999999858e+00,-5.502827074563956117e-02,-6.643017364061670760e-01,-4.820980890949953107e-02,3.510900669663246099e-01,-5.100438188892961744e-01,0.000000000000000000e+00
4.594999999999999751e+00,-5.835531726212905834e-02,-6.664906535336034832e-01,-4.645497102042743520e-02,3.508214331444448608e-01,-4.816174510612518667e-01,0.000000000000000000e+00
4.600000000000000533e+00,-6.169291706876890713e-02,-6.685234421113681602e-01,-4.470182738045125337e-02,3.504131097765577074e-01,-4.535579611239461961e-01,0.000000000000000000e+00
4.605000000000000426e+00,-6.504029535651285887e-02,-6.704024334032829824e-01,-4.295106537670331098e-02,3.498695060107041566e-01,-4.258645621604240095e-01,0.000000000000000000e+00
4.610000000000000320e+00,-6.839668893907925595e-02,-6.721299451924444002e-01,-4.120335057579419674e-02,3.491949411347721188e-01,-3.985363730845787877e-01,0.000000000000000000e+00
4.615000000000000213e+00,-7.176134618467386317e-02,-6.737082814338479775e-01,-3.945932716972712362e-02,3.483936459267350516e-01,-3.715724216999243268e-01,0.000000000000000000e+00
4.620000000000000107e+00,-7.513352694600652915e-02,-6.751397319193297442e-01,-3.771961841512438268e-02,3.474697639798762228e-01,-3.449716477384650037e-01,0.000000000000000000e+00
4.625000000000000000e+00,-7.851250248866381565e-02,-6.764265719550324185e-01,-3.598482706588651547e-02,3.464273530047674021e-01,-3.187329058755627997e-01,0.000000000000000000e+00
4.629999999999999893e+00,-8.189755541790061377e-02,-6.775710620515588145e-01,-3.425553579939626808e-02,3.452703861096418914e-01,-2.928549687169912374e-01,0.000000000000000000e+00
4.634999999999999787e+00,-8.528797960391447386e-02,-6.785754476269373336e-01,-3.253230763637149359e-02,3.440027530606770134e-01,-2.673365297546155261e-01,0.000000000000000000e+00
4.639999999999999680e+00,-8.868308010566700039e-02,-6.794419587224836965e-01,-3.081568635446396004e-02,3.426282615235807794e-01,-2.421762062874264210e-01,0.000000000000000000e+00
4.645000000000000462e+00,-9.208217309331692690e-02,-6.801728097316076527e-01,-2.910619689569425225e-02,3.411506382877654286e-01,-2.173725423048817884e-01,0.000000000000000000e+00
4.650000000000000355e+00,-9.548458576932959685e-02,-6.807701991415789911e-01,-2.740434576780688067e-02,3.395735304742796834e-01,-1.929240113297896464e-01,0.000000000000000000e+00
4.655000000000000249e+00,-9.888965628832763199e-02,-6.812363092882355309e-01,-2.571062143962408661e-02,3.379005067285694164e-01,-1.688290192181913785e-01,0.000000000000000000e+00
4.660000000000000142e+00,-1.022967336757474588e-01,-6.815733061235843548e-01,-2.402549473047173312e-02,3.361350583990380669e-01,-1.450859069139436297e-01,0.000000000000000000e+00
4.665000000000000036e+00,-1.057051777453658081e-01,-6.817833389962222324e-01,-2.234941919374603195e-02,3.342806007022845471e-01,-1.216929531559285405e-01,0.000000000000000000e+00
4.669999999999999929e+00,-1.091143590157603177e-01,-6.818685404444713161e-01,-2.068283149468573903e-02,3.323404738758093391e-01,-9.864837713604113212e-02,0.000000000000000000e+00
4.674999999999999822e+00,-1.125236586257672006e-01,-6.818310260021065439e-01,-1.902615178241064825e-02,3.303179443188954956e-01,-7.595034110630716206e-02,0.000000000000000000e+00
4.679999999999999716e+00,-1.159324682489988184e-01,-6.816728940165254214e-01,-1.737978405628392425e-02,3.282162057222945406e-01,-5.359695293370236868e-02,0.000000000000000000e+00
4.685000000000000497e+00,-1.193401900074827771e-01,-6.813962254791924300e-01,-1.574411652665281755e-02,3.260383801872732690e-01,-3.158626860141455772e-02,0.000000000000000000e+00
4.690000000000000391e+00,-1.227462363844836757e-01,-6.810030838681709886e-01,-1.411952197001970291e-02,3.237875193345091662e-01,-9.916294655509361178e-03,0.000000000000000000e+00
4.695000000000000284e+00,-1.261500301365671428e-01,-6.804955150025393529e-01,-1.250635807869314269e-02,3.214666054032584985e-01,1.141500940390494101e-02,0.000000000000000000e+00
4.700000000000000178e+00,-1.295510042049654031e-01,-6.798755469084717395e-01,-1.090496780496664174e-02,3.190785523411616142e-01,3.240972878770742582e-02,0.000000000000000000e+00
4.705000000000000071e+00,-1.329486016263017045e-01,-6.791451896967520829e-01,-9.315679699871135325e-03,3.166262068849943767e-01,5.306999113955690461e-02,0.000000000000000000e+00
4.709999999999999964e+00,-1.363422754427306149e-01,-6.783064354514751759e-01,-7.738808246545801801e-03,3.141123496326245212e-01,7.339796431484679751e-02,0.000000000000000000e+00
4.714999999999999858e+00,-1.397314886115491317e-01,-6.773612581296805102e-01,-6.174654188270634232e-03,3.115396961063833792e-01,9.339585421708540558e-02,0.000000000000000000e+00
4.719999999999999751e+00,-1.431157139143327539e-01,-6.763116134716539163e-01,-4.623504851203258555e-03,3.089108978080213896e-01,1.130659026918270360e-01,0.000000000000000000e+00
4.725000000000000533e+00,-1.464944338656491707e-01,-6.751594389216243330e-01,-3.085634461861734047e-03,3.062285432653756856e-01,1.324103854781628620e-01,0.000000000000000000e+00
4.730000000000000426e+00,-1.498671406214009127e-01,-6.739066535585761519e-01,-1.561304459394544444e-03,3.034951590708417357e-01,1.514316102176520573e-01,0.000000000000000000e+00
4.735000000000000320e+00,-1.532333358868465945e-01,-6.725551580368925864e-01,-5.076380267858299905e-05,3.007132109117086616e-01,1.701319145204731598e-01,0.000000000000000000e+00
4.740000000000000213e+00,-1.565925308243495961e-01,-6.711068345365404086e-01,1.445750727714262317e-03,2.978851045923884833e-01,1.885136640884678139e-01,0.000000000000000000e+00
4.745000000000000107e+00,-1.599442459609006217e-01,-6.695635467225028448e-01,2.928014232641417899e-03,2.950131870485422358e-01,2.065792508946571182e-01,0.000000000000000000e+00
4.750000000000000000e+00,-1.632880110954602060e-01,-6.679271397131665289e-01,4.395813402564270264e-03,2.920997473530834720e-01,2.243310914187277572e-01,0.000000000000000000e+00
4.754999999999999893e+00,-1.666233652061647474e-01,-6.661994400573645336e-01,5.848946230732438196e-03,2.891470177140172959e-01,2.417716249378935034e-01,0.000000000000000000e+00
4.759999999999999787e+00,-1.699498563574387833e-01,-6.643822557197792689e-01,7.287221731336712520e-03,2.861571744640564186e-01,2.589033118724822780e-01,0.000000000000000000e+00
4.764999999999999680e+00,-1.732670416070546393e-01,-6.624773760744072648e-01,8.710459662589360372e-03,2.831323390419380193e-01,2.757286321855089151e-01,0.000000000000000000e+00
4.770000000000000462e+00,-1.765744869131789241e-01,-6.604865719057897433e-01,1.011849025469008755e-02,2.800745789653529827e-01,2.922500838354604724e-01,0.000000000000000000e+00
4.775000000000000355e+00,-1.798717670414439473e-01,-6.584115954177154340e-01,1.151115394263546587e-02,2.769859087953867594e-01,3.084701812814374389e-01,0.000000000000000000e+00
4.780000000000000249e+00,-1.831584654720806726e-01,-6.562541802491014264e-01,1.288830110382912023e-02,2.738682910923617153e-01,3.243914540397725421e-01,0.000000000000000000e+00
4.785000000000000142e+00,-1.864341743071485646e-01,-6.540160414967640667e-01,1.424979180044938856e-02,2.707236373629632875e-01,3.400164452911835777e-01,0.000000000000000000e+00
4.790000000000000036e+00,-1.896984941778957212e-01,-6.516988757447935710e-01,1.559549552653055268e-02,2.675538089985259327e-01,3.553477105374913680e-01,0.000000000000000000e+00
4.794999999999999929e+00,-1.929510341522820416e-01,-6.493043611002490278e-01,1.692529095971315178e-02,2.643606182043511388e-01,3.703878163068963225e-01,0.000000000000000000e+00
4.799999999999999822e+00,-1.961914116426958232e-01,-6.468341572348972335e-01,1.823906571761817891e-02,2.611458289199259930e-01,3.851393389067789830e-01,0.000000000000000000e+00
4.804999999999999716e+00,-1.994192523138938189e-01,-6.442899054327209107e-01,1.953671611879934794e-02,2.579111577299096902e-01,3.996048632229631803e-01,0.000000000000000000e+00
4.810000000000000497e+00,-2.026341899911925371e-01,-6.416732286429291943e-01,2.081814694822694059e-02,2.546582747657555879e-01,4.137869815643668847e-01,0.000000000000000000e+00
4.815000000000000391e+00,-2.058358665689379308e-01,-6.389857315382063696e-01,2.208327122725607661e-02,2.513888045978358576e-01,4.276882925519422951e-01,0.000000000000000000e+00
4.820000000000000284e+00,-2.090239319192787604e-01,-6.362290005779422941e-01,2.333200998803158094e-02,2.481043271179389775e-01,4.413114000507967205e-01,0.000000000000000000e+00
4.825000000000000178e+00,-2.121980438012681380e-01,-6.334046040761938112e-01,2.456429205228102125e-02,2.448063784120125541e-01,4.546589121443815884e-01,0.000000000000000000e+00
4.830000000000000071e+00,-2.153578677703162081e-01,-6.305140922741302445e-01,2.578005381444679889e-02,2.414964516230272140e-01,4.677334401496231475e-01,0.000000000000000000e+00
4.834999999999999964e+00,-2.185030770880156126e-01,-6.275589974167256058e-01,2.697923902910762464e-02,2.381759978038425485e-01,4.805375976718712083e-01,0.000000000000000000e+00
4.839999999999999858e+00,-2.216333526323607528e-01,-6.245408338334642595e-01,2.816179860263907583e-02,2.348464267599601751e-01,4.930739996985412654e-01,0.000000000000000000e+00
4.844999999999999751e+00,-2.247483828083799706e-01,-6.214610980228344461e-01,2.932769038906242118e-02,2.315091078820553649e-01,5.053452617303252348e-01,0.000000000000000000e+00
4.850000000000000533e+00,-2.278478634591993290e-01,-6.183212687403891739e-01,3.047687899003033093e-02,2.281653709681844000e-01,5.173539989488571411e-01,0.000000000000000000e+00
4.855000000000000426e+00,-2.309314977775550892e-01,-6.151228070901635370e-01,3.160933555889760410e-02,2.248165070355715722e-01,5.291028254197179814e-01,0.000000000000000000e+00
4.860000000000000320e+00,-2.339989962177712879e-01,-6.118671566192408484e-01,3.272503760882460727e-02,2.214637691218866722e-01,5.405943533296845294e-01,0.000000000000000000e+00
4.865000000000000213e+00,-2.370500764082175416e-01,-6.085557434152694123e-01,3.382396882486063405e-02,2.181083730759309225e-01,5.518311922571277339e-01,0.000000000000000000e+00
4.870000000000000107e+00,-2.400844630642615385e-01,-6.051899762067366462e-01,3.490611887995408169e-02,2.147514983376572484e-01,5.628159484744859054e-01,0.000000000000000000e+00
4.875000000000000000e+00,-2.431018879017292356e-01,-6.017712464658158122e-01,3.597148325483591480e-02,2.113942887074580224e-01,5.735512242817488726e-01,0.000000000000000000e+00
4.879999999999999893e+00,-2.461020895508854167e-01,-5.983009285136050570e-01,3.702006306172259814e-02,2.080378531046616908e-01,5.840396173699069493e-01,0.000000000000000000e+00
4.884999999999999787e+00,-2.490848134709461315e-01,-5.947803796275875632e-01,3.805186487178446181e-02,2.046832663151874898e-01,5.942837202133331997e-01,0.000000000000000000e+00
4.889999999999999680e+00,-2.520498118651335329e-01,-5.912109401511460582e-01,3.906690054632510484e-02,2.013315697283155625e-01,6.042861194900882582e-01,0.000000000000000000e+00
4.895000000000000462e+00,-2.549968435962832736e-01,-5.875939336049729178e-01,4.006518707161738080e-02,1.979837720625378383e-01,6.140493955291530526e-01,0.000000000000000000e+00
4.900000000000000355e+00,-2.579256741030129807e-01,-5.839306668002225420e-01,4.104674639734130770e-02,1.946408500804634178e-01,6.235761217836202075e-01,0.000000000000000000e+00
4.905000000000000249e+00,-2.608360753164610801e-01,-5.802224299532600105e-01,4.201160527856906413e-02,1.913037492927595340e-01,6.328688643288836735e-01,0.000000000000000000e+00
4.910000000000000142e+00,-2.637278255776025482e-01,-5.764704968018647957e-01,4.295979512124225436e-02,1.879733846511180140e-01,6.419301813849049854e-01,0.000000000000000000e+00
4.915000000000000036e+00,-2.666007095551494732e-01,-5.726761247227561968e-01,4.389135183108660437e-02,1.846506412302444111e-01,6.507626228616375519e-01,0.000000000000000000e+00
4.919999999999999929e+00,-2.694545181640419784e-01,-5.688405548503113751e-01,4.480631566590912579e-02,1.813363748988748303e-01,6.593687299267283475e-01,0.000000000000000000e+00
4.924999999999999822e+00,-2.722890484845355563e-01,-5.649650121963540883e-01,4.570473109122298594e-02,1.780314129798331868e-01,6.677510345946273684e-01,0.000000000000000000e+00
4.929999999999999716e+00,-2.751041036818898111e-01,-5.610507057708968848e-01,4.658664663914527382e-02,1.747365548991490769e-01,6.759120593362661911e-01,0.000000000000000000e+00
4.935000000000000497e+00,-2.778994929266629943e-01,-5.570988287037259568e-01,4.745211477051311522e-02,1.714525728242635438e-01,6.838543167084830676e-01,0.000000000000000000e+00
4.940000000000000391e+00,-2.806750313156164411e-01,-5.531105583667227377e-01,4.830119174016354183e-02,1.681802122913570174e-01,6.915803090024026378e-01,0.000000000000000000e+00
4.945000000000000284e+00,-2.834305397932321835e-01,-5.490870564968214351e-01,4.913393746532294243e-02,1.649201928218408941e-01,6.990925279099922118e-01,0.000000000000000000e+00
4.950000000000000178e+00,-2.861658450738467363e-01,-5.450294693195073537e-01,4.995041539705195183e-02,1.616732085280603859e-01,7.063934542080506640e-01,0.000000000000000000e+00
4.955000000000000071e+00,-2.888807795644035559e-01,-5.409389276727659679e-01,5.075069239469200827e-02,1.584399287082628449e-01,7.134855574588978566e-01,0.000000000000000000e+00
4.959999999999999964e+00,-2.915751812878262239e-01,-5.368165471313961490e-01,5.153483860326001781e-02,1.552209984308921542e-01,7.203712957270639317e-01,0.000000000000000000e+00
4.964999999999999858e+00,-2.942488938070138560e-01,-5.326634281316073860e-01,5.230292733373798769e-02,1.520170391082751038e-01,7.270531153112979039e-01,0.000000000000000000e+00
4.969999999999999751e+00,-2.969017661494601223e-01,-5.284806560958246191e-01,5.305503494620465721e-02,1.488286490597717782e-01,7.335334504912331965e-01,0.000000000000000000e+00
4.975000000000000533e+00,-2.995336527324966580e-01,-5.242693015576276316e-01,5.379124073575675818e-02,1.456564040644672819e-01,7.398147232880801782e-01,0.000000000000000000e+00
4.980000000000000426e+00,-3.021444132891612511e-01,-5.200304202867581660e-01,5.451162682116772462e-02,1.425008579034869605e-01,7.458993432387257538e-01,0.000000000000000000e+00
4.985000000000000320e+00,-3.047339127946913084e-01,-5.157650534141304810e-01,5.521627803623223307e-02,1.393625428920225728e-01,7.517897071826500355e-01,0.000000000000000000e+00
4.990000000000000213e+00,-3.073020213936420442e-01,-5.114742275567848440e-01,5.590528182374533001e-02,1.362419704011612331e-01,7.574881990610917715e-01,0.000000000000000000e+00
4.995000000000000107e+00,-3.098486143276293903e-01,-5.071589549427288901e-01,5.657872813206542284e-02,1.331396313696130984e-01,7.629971897279071991e-01,0.000000000000000000e+00
5.000000000000000000e+00,-3.123735718636964087e-01,-5.028202335356130037e-01,5.723670931421084157e-02,1.300559968054383619e-01,7.683190367715975189e-01,0.000000000000000000e+00
5.004999999999999893e+00,-3.148767792233028717e-01,-4.984590471591914818e-01,5.787932002944029541e-02,1.269915182778774965e-01,7.734560843479948433e-01,0.000000000000000000e+00
5.009999999999999787e+00,-3.173581265119364558e-01,-4.940763656215227950e-01,5.850665714726790284e-02,1.239466283993924806e-01,7.784106630231135693e-01,0.000000000000000000e+00
5.014999999999999680e+00,-3.198175086493441066e-01,-4.896731448388665919e-01,5.911881965386424354e-02,1.209217412980300027e-01,7.831850896257054329e-01,0.000000000000000000e+00
5.020000000000000462e+00,-3.222548253003819640e-01,-4.852503269592380319e-01,5.971590856079521392e-02,1.179172530802207464e-01,7.877816671090598355e-01,0.000000000000000000e+00
5.025000000000000355e+00,-3.246699808064823500e-01,-4.808088404855819786e-01,6.029802681605126585e-02,1.149335422841317039e-01,7.922026844216167873e-01,0.000000000000000000e+00
5.030000000000000249e+00,-3.270628841177354862e-01,-4.763496003985333571e-01,6.086527921731998969e-02,1.119709703236910353e-01,7.964504163859860153e-01,0.000000000000000000e+00
5.035000000000000142e+00,-3.294334487255839439e-01,-4.718735082787322566e-01,6.141777232745578713e-02,1.090298819234074290e-01,8.005271235859647838e-01,0.000000000000000000e+00
5.040000000000000036e+00,-3.317815925961274393e-01,-4.673814524286647454e-01,6.195561439210087867e-02,1.061106055441079776e-01,8.044350522611826149e-01,0.000000000000000000e+00
5.044999999999999929e+00,-3.341072381040355865e-01,-4.628743079940025873e-01,6.247891525941256380e-02,1.032134537997206336e-01,8.081764342090030917e-01,0.000000000000000000e+00
5.049999999999999822e+00,-3.364103119670661668e-01,-4.583529370844181550e-01,6.298778630185224159e-02,1.003387238652288793e-01,8.117534866933403537e-01,0.000000000000000000e+00
5.054999999999999716e+00,-3.386907451811860259e-01,-4.538181888938515596e-01,6.348234033999244907e-02,9.748669787592791069e-02,8.151684123600562160e-01,0.000000000000000000e+00
5.060000000000000497e+00,-3.409484729562918814e-01,-4.492708998202104564e-01,6.396269156829867408e-02,9.465764331811281351e-02,8.184233991586193913e-01,0.000000000000000000e+00
5.065000000000000391e+00,-3.431834346525280965e-01,-4.447118935844842080e-01,6.442895548284345575e-02,9.185181341133041855e-02,8.215206202697278304e-01,0.000000000000000000e+00
5.070000000000000284e+00,-3.453955737171987561e-01,-4.401419813492555289e-01,6.488124881091097973e-02,8.906944748232741016e-02,8.244622340386047465e-01,0.000000000000000000e+00
5.075000000000000178e+00,-3.475848376222706593e-01,-4.355619618365955681e-01,6.531968944245088171e-02,8.631077133082802610e-02,8.272503839136930992e-01,0.000000000000000000e+00
5.080000000000000071e+00,-3.497511778024640083e-01,-4.309726214453287740e-01,6.574439636334078463e-02,8.357599758727528305e-02,8.298871983904880789e-01,0.000000000000000000e+00
5.084999999999999964e+00,-3.518945495939281853e-01,-4.263747343676562718e-01,6.615548959041779586e-02,8.086532606266999545e-02,8.323747909602596806e-01,0.000000000000000000e+00
5.089999999999999858e+00,-3.540149121734987303e-01,-4.217690627051273733e-01,6.655309010823966254e-02,7.817894409064227168e-02,8.347152600634288877e-01,0.000000000000000000e+00
5.094999999999999751e+00,-3.561122284985326902e-01,-4.171563565839507826e-01,6.693731980753715727e-02,7.551702686189011582e-02,8.369106890473713145e-01,0.000000000000000000e+00
5.100000000000000533e+00,-3.581864652473187860e-01,-4.125373542696373352e-01,6.730830142531990523e-02,7.287973775111974972e-02,8.389631461284385860e-01,0.000000000000000000e+00
5.105000000000000426e+00,-3.602375927600591221e-01,-4.079127822809685000e-01,6.766615848659833510e-02,7.026722863662220042e-02,8.408746843579899544e-01,0.000000000000000000e+00
5.110000000000000320e+00,-3.622655849804190531e-01,-4.032833555032847572e-01,6.801101524768554674e-02,6.767964021262025398e-02,8.426473415922521859e-01,0.000000000000000000e+00
5.115000000000000213e+00,-3.642704193976417093e-01,-3.986497773010900803e-01,6.834299664104294403e-02,6.511710229451951604e-02,8.442831404658127648e-01,0.000000000000000000e+00
5.120000000000000107e+00,-3.662520769892240180e-01,-3.940127396299687446e-01,6.866222822163478567e-02,6.257973411719673640e-02,8.457840883685877609e-01,0.000000000000000000e+00
5.125000000000000000e+00,-3.682105421641503895e-01,-3.893729231478124664e-01,6.896883611475700115e-02,6.006764462645788893e-02,8.471521774260926119e-01,0.000000000000000000e+00
5.129999999999999893e+00,-3.701458027066808487e-01,-3.847309973253556503e-01,6.926294696530649331e-02,5.758093276379775555e-02,8.483893844828677144e-01,0.000000000000000000e+00
5.134999999999999787e+00,-3.720578497206902258e-01,-3.800876205560181353e-01,6.954468788845775962e-02,5.511968774459181236e-02,8.494976710889092786e-01,0.000000000000000000e+00
5.139999999999999680e+00,-3.739466775745547422e-01,-3.754434402650554947e-01,6.981418642171438593e-02,5.268398932985036281e-02,8.504789834889737721e-01,0.000000000000000000e+00
5.145000000000000462e+00,-3.758122838465824400e-01,-3.707990930180168898e-01,7.007157047830336882e-02,5.027390809166369656e-02,8.513352526146201749e-01,0.000000000000000000e+00
5.150000000000000355e+00,-3.776546692709846775e-01,-3.661552046285113104e-01,7.031696830188126357e-02,4.788950567246602619e-02,8.520683940788751354e-01,0.000000000000000000e+00
5.155000000000000249e+00,-3.794738376843840855e-01,-3.615123902652845889e-01,7.055050842252141852e-02,4.553083503824462142e-02,8.526803081734001255e-01,0.000000000000000000e+00
5.160000000000000142e+00,-3.812697959728567065e-01,-3.568712545586081863e-01,7.077231961395237525e-02,4.319794072581936706e-02,8.531728798680581205e-01,0.000000000000000000e+00
5.165000000000000036e+00,-3.830425540195041556e-01,-3.522323917059826393e-01,7.098253085201812473e-02,4.089085908431661087e-02,8.535479788127742218e-01,0.000000000000000000e+00
5.169999999999999929e+00,-3.847921246525524697e-01,-3.475963855771586619e-01,7.118127127433143686e-02,3.860961851095966874e-02,8.538074593415960756e-01,0.000000000000000000e+00
5.174999999999999822e+00,-3.865185235939747055e-01,-3.429638098184786821e-01,7.136867014109224416e-02,3.635423968129704309e-02,8.539531604788677122e-01,0.000000000000000000e+00
5.179999999999999716e+00,-3.882217694086330662e-01,-3.383352279565425835e-01,7.154485679704342127e-02,3.412473577398771746e-02,8.539869059474241020e-01,0.000000000000000000e+00
5.185000000000000497e+00,-3.899018834539382250e-01,-3.337111935012011532e-01,7.170996063453724534e-02,3.192111269026144671e-02,8.539105041787409256e-01,0.000000000000000000e+00
5.190000000000000391e+00,-3.915588898300215726e-01,-3.290922500478813406e-01,7.186411105768596153e-02,2.974336926817032489e-02,8.537257483249507395e-01,0.000000000000000000e+00
5.195000000000000284e+00,-3.931928153304173890e-01,-3.244789313792475483e-01,7.200743744757093223e-02,2.759149749174620581e-02,8.534344162726701377e-01,0.000000000000000000e+00
5.200000000000000178e+00,-3.948036893932519997e-01,-3.198717615662032276e-01,7.214006912848502928e-02,2.546548269517695529e-02,8.530382706585639685e-01,0.000000000000000000e+00
5.205000000000000071e+00,-3.963915440529360290e-01,-3.152712550682371662e-01,7.226213533518364984e-02,2.336530376211275184e-02,8.525390588865884300e-01,0.000000000000000000e+00
5.209999999999999964e+00,-3.979564138923568639e-01,-3.106779168331194607e-01,7.237376518112037527e-02,2.129093332021190707e-02,8.519385131468598660e-01,0.000000000000000000e+00
5.214999999999999858e+00,-3.994983359955678881e-01,-3.060922423959512861e-01,7.247508762764366674e-02,1.924233793103393916e-02,8.512383504360929720e-01,0.000000000000000000e+00
5.219999999999999751e+00,-4.010173499009714870e-01,-3.015147179775739539e-01,7.256623145413161613e-02,1.721947827538583553e-02,8.504402725795590090e-01,0.000000000000000000e+00
5.225000000000000533e+00,-4.025134975549924388e-01,-2.969458205823411467e-01,7.264732522904225609e-02,1.522230933422563659e-02,8.495459662545217228e-01,0.000000000000000000e+00
5.230000000000000426e+00,-4.039868232662386371e-01,-2.923860180952602694e-01,7.271849728185748873e-02,1.325078056522568937e-02,8.485571030151031202e-01,0.000000000000000000e+00
5.235000000000000320e+00,-4.054373736601457057e-01,-2.878357693785067450e-01,7.277987567589927487e-02,1.130483607509603916e-02,8.474753393185454620e-01,0.000000000000000000e+00
5.240000000000000213e+00,-4.068651976341030596e-01,-2.832955243673166978e-01,7.283158818199692019e-02,9.384414787766649432e-03,8.463023165528253955e-01,0.000000000000000000e+00
5.245000000000000107e+00,-4.082703463130575861e-01,-2.787657241652626849e-01,7.287376225298522470e-02,7.489450608525271766e-03,8.450396610655904750e-01,0.000000000000000000e+00
5.250000000000000000e+00,-4.096528730055922218e-01,-2.742468011389171956e-01,7.290652499901334460e-02,5.619872584205963702e-03,8.436889841943856494e-01,0.000000000000000000e+00
5.254999999999999893e+00,-4.110128331604762653e-01,-2.697391790119087474e-01,7.293000316364496582e-02,3.775605059521401283e-03,8.422518822981364117e-01,0.000000000000000000e+00
5.259999999999999787e+00,-4.123502843236846460e-01,-2.652432729583748539e-01,7.294432310073063752e-02,1.956567829630303026e-03,8.407299367898645182e-01,0.000000000000000000e+00
5.264999999999999680e+00,-4.136652860958828781e-01,-2.607594896958170261e-01,7.294961075203376666e-02,1.626762890294404084e-04,8.391247141706078549e-01,0.000000000000000000e+00
5.270000000000000462e+00,-4.149579000903746984e-01,-2.562882275773619156e-01,7.294599162559203820e-02,-1.606158423142115856e-03,8.374377660645219157e-01,0.000000000000000000e+00
5.275000000000000355e+00,-4.162281898915096146e-01,-2.518298766834327629e-01,7.293359077479659447e-02,-3.350029281300663346e-03,8.356706292551382420e-01,0.000000000000000000e+00
5.280000000000000249e+00,-4.174762210135474216e-01,-2.473848189128361741e-01,7.291253277817157097e-02,-5.069033235033461142e-03,8.338248257227600657e-01,0.000000000000000000e+00
5.285000000000000142e+00,-4.187020608599765215e-01,-2.429534280732675300e-01,7.288294171983730751e-02,-6.763271074049992219e-03,8.319018626829776109e-01,0.000000000000000000e+00
5.290000000000000036e+00,-4.199057786832835482e-01,-2.385360699712396892e-01,7.284494117064049812e-02,-8.432847296388476521e-03,8.299032326262789638e-01,0.000000000000000000e+00
5.294999999999999929e+00,-4.210874455451709686e-01,-2.341331025014386225e-01,7.279865416993544502e-02,-1.007786997979894829e-02,8.278304133587449654e-01,0.000000000000000000e+00
5.299999999999999822e+00,-4.222471342772202707e-01,-2.297448757355099735e-01,7.274420320800054074e-02,-1.169845065622600842e-02,8.256848680438092503e-01,0.000000000000000000e+00
5.304999999999999716e+00,-4.233849194419974094e-01,-2.253717320102799071e-01,7.268171020907478186e-02,-1.329470418931605336e-02,8.234680452450694466e-01,0.000000000000000000e+00
5.310000000000000497e+00,-4.245008772945981779e-01,-2.210140060154142383e-01,7.261129651499932669e-02,-1.486674865487553655e-02,8.211813789701316590e-01,0.000000000000000000e+00
5.315000000000000391e+00,-4.255950857446304525e-01,-2.166720248805187876e-01,7.253308286944952499e-02,-1.641470522420849024e-02,8.188262887154805769e-01,0.000000000000000000e+00
5.320000000000000284e+00,-4.266676243186302564e-01,-2.123461082616844575e-01,7.244718940274325059e-02,-1.793869805026323747e-02,8.164041795123573309e-01,0.000000000000000000e+00
5.325000000000000178e+00,-4.277185741229097005e-01,-2.080365684274802507e-01,7.235373561721154811e-02,-1.943885415651988927e-02,8.139164419736344414e-01,0.000000000000000000e+00
5.330000000000000071e+00,-4.287480178068329151e-01,-2.037437103443969222e-01,7.225284037311821561e-02,-2.091530332855178267e-02,8.113644523416786436e-01,0.000000000000000000e+00
5.334999999999999964e+00,-4.297560395265184185e-01,-1.994678317617444574e-01,7.214462187511494484e-02,-2.236817800819575555e-02,8.087495725371833810e-01,0.000000000000000000e+00
5.339999999999999858e+00,-4.307427249089640364e-01,-1.952092232960056795e-01,7.202919765921927953e-02,-2.379761319026764063e-02,8.060731502089681921e-01,0.000000000000000000e+00
5.344999999999999751e+00,-4.317081610165927619e-01,-1.909681685146489838e-01,7.190668458030276267e-02,-2.520374632176090868e-02,8.033365187847307798e-01,0.000000000000000000e+00
5.350000000000000533e+00,-4.326524363122160044e-01,-1.867449440194023369e-01,7.177719880007697728e-02,-2.658671720346806808e-02,8.005409975227387731e-01,0.000000000000000000e+00
5.355000000000000426e+00,-4.335756406244118399e-01,-1.825398195289908987e-01,7.164085577556553175e-02,-2.794666789396578477e-02,7.976878915644569634e-01,0.000000000000000000e+00
5.360000000000000320e+00,-4.344778651133159308e-01,-1.783530579613404887e-01,7.149777024805041570e-02,-2.928374261590624417e-02,7.947784919880949150e-01,0.000000000000000000e+00
5.365000000000000213e+00,-4.353592022368217296e-01,-1.741849155152488671e-01,7.134805623248115236e-02,-3.059808766455876863e-02,7.918140758630687337e-01,0.000000000000000000e+00
5.370000000000000107e+00,-4.362197457171881343e-01,-1.700356417515267726e-01,7.119182700733579783e-02,-3.188985131854706057e-02,7.887959063053646691e-01,0.000000000000000000e+00
5.375000000000000000e+00,-4.370595905080510990e-01,-1.659054796736104398e-01,7.102919510492283761e-02,-3.315918375272892960e-02,7.857252325337983345e-01,0.000000000000000000e+00
5.379999999999999893e+00,-4.378788327618373111e-01,-1.617946658076473421e-01,7.086027230211346117e-02,-3.440623695316667036e-02,7.826032899271554433e-01,0.000000000000000000e+00
5.384999999999999787e+00,-4.386775697975767718e-01,-1.577034302820565226e-01,7.068516961149384770e-02,-3.563116463413768670e-02,7.794313000822082893e-01,0.000000000000000000e+00
5.389999999999999680e+00,-4.394559000691121153e-01,-1.536319969065651769e-01,7.050399727292738783e-02,-3.683412215713621762e-02,7.762104708725965363e-01,0.000000000000000000e+00
5.395000000000000462e+00,-4.402139231337015013e-01,-1.495805832507225430e-01,7.031686474551707144e-02,-3.801526645181832476e-02,7.729419965085632116e-01,0.000000000000000000e+00
5.400000000000000355e+00,-4.409517396210130280e-01,-1.455494007218924024e-01,7.012388069995832696e-02,-3.917475593884367502e-02,7.696270575975354689e-01,0.000000000000000000e+00
5.405000000000000249e+00,-4.416694512025076125e-01,-1.415386546427253311e-01,6.992515301127304184e-02,-4.031275045456873818e-02,7.662668212055403494e-01,0.000000000000000000e+00
5.410000000000000142e+00,-4.423671605612081170e-01,-1.375485443281116438e-01,6.972078875191557723e-02,-4.142941117754733032e-02,7.628624409194453282e-01,0.000000000000000000e+00
5.415000000000000036e+00,-4.430449713618517804e-01,-1.335792631616158910e-01,6.951089418524185326e-02,-4.252490055679562092e-02,7.594150569100148740e-01,0.000000000000000000e+00
5.419999999999999929e+00,-4.437029882214235665e-01,-1.296309986713937157e-01,6.929557475933274813e-02,-4.359938224177990068e-02,7.559257959957689232e-01,0.000000000000000000e+00
5.424999999999999822e+00,-4.443413166800679326e-01,-1.257039326055918449e-01,6.907493510116338720e-02,-4.465302101408642060e-02,7.523957717076361629e-01,0.000000000000000000e+00
5.429999999999999716e+00,-4.449600631723761857e-01,-1.217982410072318417e-01,6.884907901110992601e-02,-4.568598272073393779e-02,7.488260843543895762e-01,0.000000000000000000e+00
5.435000000000000497e+00,-4.455593349990469298e-01,-1.179140942885780752e-01,6.861810945778576420e-02,-4.669843420909042253e-02,7.452178210888528165e-01,0.000000000000000000e+00
5.440000000000000391e+00,-4.461392402989171613e-01,-1.140516573049904642e-01,6.838212857319925231e-02,-4.769054326335667865e-02,7.415720559748684160e-01,0.000000000000000000e+00
5.445000000000000284e+00,-4.466998880213613465e-01,-1.102110894282624237e-01,6.814123764822507812e-02,-4.866247854258053118e-02,7.378898500550120643e-01,0.000000000000000000e+00
5.450000000000000178e+00,-4.472413878990558200e-01,-1.063925446194442792e-01,6.789553712838192201e-02,-4.961440952016619998e-02,7.341722514190442972e-01,0.000000000000000000e+00
5.455000000000000071e+00,-4.477638504211060022e-01,-1.025961715011524944e-01,6.764512660990881776e-02,-5.054650642484458112e-02,7.304202952730879383e-01,0.000000000000000000e+00
5.459999999999999964e+00,-4.482673868065341072e-01,-9.882211342936494947e-02,6.739010483613312730e-02,-5.145894018307101137e-02,7.266350040095149732e-01,0.000000000000000000e+00
5.464999999999999858e+00,-4.487521089781241201e-01,-9.507050856470232458e-02,6.713056969412301012e-02,-5.235188236281805574e-02,7.228173872775365272e-01,0.000000000000000000e+00
5.469999999999999751e+00,-4.492181295366223792e-01,-9.134148994319589432e-02,6.686661821161751784e-02,-5.322550511873173906e-02,7.189684420544768528e-01,0.000000000000000000e+00
5.475000000000000533e+00,-4.496655617352902645e-01,-8.763518554654167736e-02,6.659834655422751382e-02,-5.407998113862056561e-02,7.150891527177200002e-01,0.000000000000000000e+00
5.480000000000000426e+00,-4.500945194548073292e-01,-8.395171837184108032e-02,6.632585002290096454e-02,-5.491548359124742013e-02,7.111804911173207344e-01,0.000000000000000000e+00
5.485000000000000320e+00,-4.505051171785214303e-01,-8.029120650082795241e-02,6.604922305164601104e-02,-5.573218607539541514e-02,7.072434166492584939e-01,0.000000000000000000e+00
5.490000000000000213e+00,-4.508974699680438625e-01,-7.665376316858213412e-02,6.576855920550560286e-02,-5.653026257017944312e-02,7.032788763293258416e-01,0.000000000000000000e+00
5.495000000000000107e+00,-4.512716934391869383e-01,-7.303949683172938911e-02,6.548395117877750526e-02,-5.730988738657603193e-02,6.992878048676343106e-01,0.000000000000000000e+00
5.500000000000000000e+00,-4.516279037382411321e-01,-6.944851123612769128e-02,6.519549079347368437e-02,-5.807123512014479572e-02,6.952711247437259878e-01,0.000000000000000000e+00
5.504999999999999893e+00,-4.519662175185892306e-01,-6.588090548403972846e-02,6.490326899801317218e-02,-5.881448060491563379e-02,6.912297462822750704e-01,0.000000000000000000e+00
5.509999999999999787e+00,-4.522867519176553830e-01,-6.233677410079164344e-02,6.460737586614259675e-02,-5.953979886841641311e-02,6.871645677293630738e-01,0.000000000000000000e+00
5.514999999999999680e+00,-4.525896245341859414e-01,-5.881620710091774867e-02,6.430790059607878473e-02,-6.024736508781662614e-02,6.830764753293150360e-01,0.000000000000000000e+00
5.520000000000000462e+00,-4.528749534058598147e-01,-5.531929005379125630e-02,6.400493150986794055e-02,-6.093735454716318889e-02,6.789663434020815069e-01,0.000000000000000000e+00
5.525000000000000355e+00,-4.531428569872255618e-01,-5.184610414874079448e-02,6.369855605295590695e-02,-6.160994259568524506e-02,6.748350344211488938e-01,0.000000000000000000e+00
5.530000000000000249e+00,-4.533934541279630581e-01,-4.839672625965266151e-02,6.338886079396435780e-02,-6.226530460714532755e-02,6.706833990919647270e-01,0.000000000000000000e+00
5.535000000000000142e+00,-4.536268640514665162e-01,-4.497122900905868581e-02,6.307593142466755287e-02,-6.290361594021501301e-02,6.665122764308610837e-01,0.000000000000000000e+00
5.540000000000000036e+00,-4.538432063337470845e-01,-4.156968083170958783e-02,6.275985276016479708e-02,-6.352505189985366285e-02,6.623224938444597365e-01,0.000000000000000000e+00
5.544999999999999929e+00,-4.540426008826516369e-01,-3.819214603763379512e-02,6.244070873924349035e-02,-6.412978769966955206e-02,6.581148672095459284e-01,0.000000000000000000e+00
5.549999999999999822e+00,-4.542251679173958112e-01,-3.483868487468157193e-02,6.211858242492798027e-02,-6.471799842524313118e-02,6.538902009533891224e-01,0.000000000000000000e+00
5.554999999999999716e+00,-4.543910279484083548e-01,-3.150935359055443558e-02,6.179355600520942265e-02,-6.528985899839270801e-02,6.496492881345021786e-01,0.000000000000000000e+00
5.560000000000000497e+00,-4.545403017574844440e-01,-2.820420449431986290e-02,6.146571079395199422e-02,-6.584554414236347408e-02,6.453929105238124242e-01,0.000000000000000000e+00
5.565000000000000391e+00,-4.546731103782452044e-01,-2.492328601741120725e-02,6.113512723197090520e-02,-6.638522834792115468e-02,6.411218386862400642e-01,0.000000000000000000e+00
5.570000000000000284e+00,-4.547895750769009315e-01,-2.166664277411286740e-02,6.080188488827770882e-02,-6.690908584033219975e-02,6.368368320626551782e-01,0.000000000000000000e+00
5.575000000000000178e+00,-4.548898173333155714e-01,-1.843431562153076408e-02,6.046606246148852892e-02,-6.741729054721271042e-02,6.325386390522060864e-01,0.000000000000000000e+00
5.580000000000000071e+00,-4.549739588223695175e-01,-1.522634171904815870e-02,6.012773778139092473e-02,-6.791001606722900374e-02,6.282279970949977699e-01,0.000000000000000000e+00
5.584999999999999964e+00,-4.550421213956187816e-01,-1.204275458726695829e-02,5.978698781066513201e-02,-6.838743563963294025e-02,6.239056327551030234e-01,0.000000000000000000e+00
5.589999999999999858e+00,-4.550944270632472088e-01,-8.883584166434605606e-03,5.944388864675559381e-02,-6.884972211461561076e-02,6.195722618038916885e-01,0.000000000000000000e+00
5.594999999999999751e+00,-4.551309979763097924e-01,-5.748856874356765914e-03,5.909851552388870749e-02,-6.929704792446354789e-02,6.152285893036599784e-01,0.000000000000000000e+00
5.600000000000000533e+00,-4.551519564092640913e-01,-2.638595663796009568e-03,5.875094281523281226e-02,-6.972958505550178043e-02,6.108753096915426894e-01,0.000000000000000000e+00
5.605000000000000426e+00,-4.551574247427875308e-01,4.471799206432589165e-04,5.840124403519652424e-02,-7.014750502080867312e-02,6.065131068636915312e-01,0.000000000000000000e+00
5.610000000000000320e+00,-4.551475254468776432e-01,3.508453686143310924e-03,5.804949184186160988e-02,-7.055097883368757761e-02,6.021426542597019260e-01,0.000000000000000000e+00
5.615000000000000213e+00,-4.551223810642331391e-01,6.545212735814697272e-03,5.769575803954662963e-02,-7.094017698188107013e-02,5.977646149472730652e-01,0.000000000000000000e+00
5.620000000000000107e+00,-4.550821141939127012e-01,9.557447413350576154e-03,5.734011358149768839e-02,-7.131526940251343982e-02,5.933796417070813511e-01,0.000000000000000000e+00
5.625000000000000000e+00,-4.550268474752695025e-01,1.254515124819329495e-02,5.698262857270267046e-02,-7.167642545774785545e-02,5.889883771178544558e-01,0.000000000000000000e+00
5.629999999999999893e+00,-4.549567035721583386e-01,1.550832090121276666e-02,5.662337227282544794e-02,-7.202381391114465181e-02,5.845914536416232377e-01,0.000000000000000000e+00
5.634999999999999787e+00,-4.548718051574133781e-01,1.844695611089608445e-02,5.626241309925655160e-02,-7.235760290470760747e-02,5.801894937091394144e-01,0.000000000000000000e+00
5.639999999999999680e+00,-4.547722748975933649e-01,2.136105964004779423e-02,5.589981863027694564e-02,-7.267795993660539078e-02,5.757831098054426722e-01,0.000000000000000000e+00
5.645000000000000462e+00,-4.546582354379923308e-01,2.425063722300017238e-02,5.553565560833150644e-02,-7.298505183955565634e-02,5.713729045555551167e-01,0.000000000000000000e+00
5.650000000000000355e+00,-4.545298093879129309e-01,2.711569751333283568e-02,5.516998994340896467e-02,-7.327904475985942689e-02,5.669594708102903002e-01,0.000000000000000000e+00
5.655000000000000249e+00,-4.543871193061996827e-01,2.995625203210090098e-02,5.480288671652505661e-02,-7.356010413707383955e-02,5.625433917321627231e-01,0.000000000000000000e+00
5.660000000000000142e+00,-4.542302876870301098e-01,3.277231511657093671e-02,5.443441018330576892e-02,-7.382839468431152963e-02,5.581252408813726085e-01,0.000000000000000000e+00
5.665000000000000036e+00,-4.540594369459606261e-01,3.556390386946377963e-02,5.406462377766752675e-02,-7.408408036915498096e-02,5.537055823018615097e-01,0.000000000000000000e+00
5.669999999999999929e+00,-4.538746894062253290e-01,3.833103810870338440e-02,5.369359011559129286e-02,-7.432732439517485135e-02,5.492849706074107718e-01,0.000000000000000000e+00
5.674999999999999822e+00,-4.536761672852843152e-01,4.107374031767064421e-02,5.332137099898760085e-02,-7.455828918404099059e-02,5.448639510677755204e-01,0.000000000000000000e+00
5.679999999999999716e+00,-4.534639926816198541e-01,4.379203559596123868e-02,5.294802741964955983e-02,-7.477713635821554850e-02,5.404430596948321952e-01,0.000000000000000000e+00
5.685000000000000497e+00,-4.532382875617774198e-01,4.648595161064635051e-02,5.257361956329096447e-02,-7.498402672421747295e-02,5.360228233287277488e-01,0.000000000000000000e+00
5.690000000000000391e+00,-4.529991737476489755e-01,4.915551854803514725e-02,5.219820681366668658e-02,-7.517912025644807317e-02,5.316037597240137469e-01,0.000000000000000000e+00
5.695000000000000284e+00,-4.527467729039963973e-01,5.180076906593782810e-02,5.182184775677255162e-02,-7.536257608156742005e-02,5.271863776357468279e-01,0.000000000000000000e+00
5.700000000000000178e+00,-4.524812065262123206e-01,5.442173824642794477e-02,5.144460018512197336e-02,-7.553455246341166107e-02,5.227711769055460866e-01,0.000000000000000000e+00
5.705000000000000071e+00,-4.522025959283157981e-01,5.701846354910271308e-02,5.106652110209666112e-02,-7.569520678844145201e-02,5.183586485475845107e-01,0.000000000000000000e+00
5.709999999999999964e+00,-4.519110622311804937e-01,5.959098476483990631e-02,5.068766672636880466e-02,-7.584469555171179100e-02,5.139492748345078077e-01,0.000000000000000000e+00
5.714999999999999858e+00,-4.516067263509929708e-01,6.213934397004994281e-02,5.030809249639209280e-02,-7.598317434335401244e-02,5.095435293832581980e-01,0.000000000000000000e+00
5.719999999999999751e+00,-4.512897089879381873e-01,6.466358548142162044e-02,4.992785307495909569e-02,-7.611079783556043421e-02,5.051418772407945124e-01,0.000000000000000000e+00
5.725000000000000533e+00,-4.509601306151104771e-01,6.716375581116001969e-02,4.954700235382244328e-02,-7.622771977006273514e-02,5.007447749696878336e-01,0.000000000000000000e+00
5.730000000000000426e+00,-4.506181114676465205e-01,6.963990362271491041e-02,4.916559345837744066e-02,-7.633409294609502793e-02,4.963526707335861876e-01,0.000000000000000000e+00
5.735000000000000320e+00,-4.502637715320790268e-01,7.209207968699798963e-02,4.878367875240365026e-02,-7.643006920883281541e-02,4.919660043825265228e-01,0.000000000000000000e+00
5.740000000000000213e+00,-4.498972305359078550e-01,7.452033683908737549e-02,4.840130984286311611e-02,-7.651579943829923958e-02,4.875852075380862072e-01,0.000000000000000000e+00
5.745000000000000107e+00,-4.495186079373862387e-01,7.692472993541736581e-02,4.801853758475289197e-02,-7.659143353873004711e-02,4.832107036783552800e-01,0.000000000000000000e+00
5.750000000000000000e+00,-4.491280229155201753e-01,7.930531581145183750e-02,4.763541208600963195e-02,-7.665712042838894458e-02,4.788429082227209088e-01,0.000000000000000000e+00
5.754999999999999893e+00,-4.487255943602780905e-01,8.166215323983927465e-02,4.725198271246398851e-02,-7.671300802982507216e-02,4.744822286164463443e-01,0.000000000000000000e+00
5.759999999999999787e+00,-4.483114408630083925e-01,8.399530288904755171e-02,4.686829809284263904e-02,-7.675924326056453306e-02,4.701290644150357689e-01,0.000000000000000000e+00
5.764999999999999680e+00,-4.478856807070629720e-01,8.630482728247648727e-02,4.648440612381578296e-02,-7.679597202422787372e-02,4.657838073683678304e-01,0.000000000000000000e+00
5.770000000000000462e+00,-4.474484318586235965e-01,8.859079075804608683e-02,4.610035397508799315e-02,-7.682333920206584066e-02,4.614468415045894778e-01,0.000000000000000000e+00
5.775000000000000355e+00,-4.469998119577295315e-01,9.085325942825844825e-02,4.571618809453038140e-02,-7.684148864490547570e-02,4.571185432137551685e-01,0.000000000000000000e+00
5.780000000000000249e+00,-4.465399383095032815e-01,9.309230114073110962e-02,4.533195421335200342e-02,-7.685056316549904176e-02,4.527992813311997877e-01,0.000000000000000000e+00
5.785000000000000142e+00,-4.460689278755729514e-01,9.530798543919977162e-02,4.494769735130853955e-02,-7.685070453126818801e-02,4.484894172206352891e-01,0.000000000000000000e+00
5.790000000000000036e+00,-4.455868972656878979e-01,9.750038352498799354e-02,4.456346182194628053e-02,-7.684205345743597149e-02,4.441893048569576785e-01,0.000000000000000000e+00
5.794999999999999929e+00,-4.450939627295263934e-01,9.966956821894173979e-02,4.417929123787948248e-02,-7.682474960053942148e-02,4.398992909087528491e-01,0.000000000000000000e+00
5.799999999999999822e+00,-4.445902401486920841e-01,1.018156139238263341e-01,4.379522851609925216e-02,-7.679893155231545809e-02,4.356197148204919989e-01,0.000000000000000000e+00
5.804999999999999716e+00,-4.440758450288974646e-01,1.039385965871834627e-01,4.341131588331205438e-02,-7.676473683395296232e-02,4.313509088944048053e-01,0.000000000000000000e+00
5.810000000000000497e+00,-4.435508924923318719e-01,1.060385936646458527e-01,4.302759488130608601e-02,-7.672230189070410045e-02,4.270931983720205327e-01,0.000000000000000000e+00
5.815000000000000391e+00,-4.430154972702118332e-01,1.081156840837071142e-01,4.264410637234369167e-02,-7.667176208684796379e-02,4.228469015153644150e-01,0.000000000000000000e+00
5.820000000000000284e+00,-4.424697736955114369e-01,1.101699482079442488e-01,4.226089054457809330e-02,-7.661325170099959891e-02,4.186123296878033195e-01,0.000000000000000000e+00
5.825000000000000178e+00,-4.419138356958703384e-01,1.122014678016902689e-01,4.187798691749272662e-02,-7.654690392175780844e-02,4.143897874345273125e-01,0.000000000000000000e+00
5.830000000000000071e+00,-4.413477967866774043e-01,1.142103259951543215e-01,4.149543434736153308e-02,-7.647285084368501962e-02,4.101795725626604106e-01,0.000000000000000000e+00
5.834999999999999964e+00,-4.407717700643276060e-01,1.161966072499867331e-01,4.111327103272848643e-02,-7.639122346361268412e-02,4.059819762209887495e-01,0.000000000000000000e+00
5.839999999999999858e+00,-4.401858681996498879e-01,1.181603973252862844e-01,4.073153451990482732e-02,-7.630215167726563108e-02,4.017972829792992862e-01,0.000000000000000000e+00
5.844999999999999751e+00,-4.395902034315041784e-01,1.201017832440469113e-01,4.035026170848238919e-02,-7.620576427619918380e-02,3.976257709073200419e-01,0.000000000000000000e+00
5.850000000000000533e+00,-4.389848875605447676e-01,1.220208532600412926e-01,3.996948885686145425e-02,-7.610218894504248988e-02,3.934677116532510621e-01,0.000000000000000000e+00
5.855000000000000426e+00,-4.383700319431482195e-01,1.239176968251383681e-01,3.958925158779166148e-02,-7.599155225904198618e-02,3.893233705218822616e-01,0.000000000000000000e+00
5.860000000000000320e+00,-4.377457474855039332e-01,1.257924045570520122e-01,3.920958489392442625e-02,-7.587397968189879549e-02,3.851930065522851665e-01,0.000000000000000000e+00
5.865000000000000213e+00,-4.371121446378644082e-01,1.276450682075181142e-01,3.883052314337549771e-02,-7.574959556389392057e-02,3.810768725950761660e-01,0.000000000000000000e+00
5.870000000000000107e+00,-4.364693333889539395e-01,1.294757806308970693e-01,3.845210008529614115e-02,-7.561852314029531008e-02,3.769752153892386715e-01,0.000000000000000000e+00
5.875000000000000000e+00,-4.358174232605330767e-01,1.312846357531987918e-01,3.807434885545161324e-02,-7.548088453004085652e-02,3.728882756385006325e-01,0.000000000000000000e+00
5.879999999999999893e+00,-4.351565233021169044e-01,1.330717285415274342e-01,3.769730198180554909e-02,-7.533680073469135874e-02,3.688162880872598581e-01,0.000000000000000000e+00
5.884999999999999787e+00,-4.344867420858452012e-01,1.348371549739426634e-01,3.732099139010890132e-02,-7.518639163764780087e-02,3.647594815960478742e-01,0.000000000000000000e+00
5.889999999999999680e+00,-4.338081877015020349e-01,1.365810120097347147e-01,3.694544840949216813e-02,-7.502977600362717436e-02,3.607180792165307071e-01,0.000000000000000000e+00
5.895000000000000462e+00,-4.331209677516831280e-01,1.383033975601099530e-01,3.657070377805958505e-02,-7.486707147839112564e-02,3.566922982660351571e-01,0.000000000000000000e+00
5.900000000000000355e+00,-4.324251893471086072e-01,1.400044104592841621e-01,3.619678764848407310e-02,-7.469839458872200300e-02,3.526823504015985655e-01,0.000000000000000000e+00
5.905000000000000249e+00,-4.317209591020795267e-01,1.416841504359803161e-01,3.582372959360167336e-02,-7.452386074264061300e-02,3.486884416935340791e-01,0.000000000000000000e+00
5.910000000000000142e+00,-4.310083831300757229e-01,1.433427180853278637e-01,3.545155861200434411e-02,-7.434358422986039883e-02,3.447107726985080278e-01,0.000000000000000000e+00
5.915000000000000036e+00,-4.302875670394930574e-01,1.449802148411602487e-01,3.508030313362985736e-02,-7.415767822247262830e-02,3.407495385321208103e-01,0.000000000000000000e+00
5.919999999999999929e+00,-4.295586159295184947e-01,1.465967429487078644e-01,3.470999102534773340e-02,-7.396625477585712372e-02,3.368049289409908442e-01,0.000000000000000000e+00
5.924999999999999822e+00,-4.288216343861405155e-01,1.481924054376828337e-01,3.434064959654005433e-02,-7.376942482981359295e-02,3.328771283743321430e-01,0.000000000000000000e+00
5.929999999999999716e+00,-4.280767264782931458e-01,1.497673060957529223e-01,3.397230560467610211e-02,-7.356729820990805246e-02,3.289663160550255760e-01,0.000000000000000000e+00
5.935000000000000497e+00,-4.273239957541317691e-01,1.513215494424011154e-01,3.360498526087971061e-02,-7.335998362902949876e-02,3.250726660501753185e-01,0.000000000000000000e+00
5.940000000000000391e+00,-4.265635452374385572e-01,1.528552407031676941e-01,3.323871423548832582e-02,-7.314758868915159640e-02,3.211963473411490466e-01,0.000000000000000000e+00
5.945000000000000284e+00,-4.257954774241557439e-01,1.543684857842717306e-01,3.287351766360278177e-02,-7.293021988329449756e-02,3.173375238930973841e-01,0.000000000000000000e+00
5.950000000000000178e+00,-4.250198942790449630e-01,1.558613912476086716e-01,3.250942015062672358e-02,-7.270798259768178340e-02,3.134963547239484338e-01,0.000000000000000000e+00
5.955000000000000071e+00,-4.242368972324705445e-01,1.573340642861208172e-01,3.214644577779483120e-02,-7.248098111408775301e-02,3.096729939728746772e-01,0.000000000000000000e+00
5.959999999999999964e+00,-4.234465871773051560e-01,1.587866126995373939e-01,3.178461810768879597e-02,-7.224931861237020303e-02,3.058675909682296301e-01,0.000000000000000000e+00
5.964999999999999858e+00,-4.226490644659556262e-01,1.602191448704811394e-01,3.142396018974018962e-02,-7.201309717318396530e-02,3.020802902949477065e-01,0.000000000000000000e+00
5.969999999999999751e+00,-4.218444289075076181e-01,1.616317697409378751e-01,3.106449456571933748e-02,-7.177241778087051216e-02,2.983112318614105640e-01,0.000000000000000000e+00
5.975000000000000533e+00,-4.210327797649867643e-01,1.630245967890859848e-01,3.070624327520929744e-02,-7.152738032651907718e-02,2.945605509657711618e-01,0.000000000000000000e+00
5.980000000000000426e+00,-4.202142157527349320e-01,1.643977360064825255e-01,3.034922786106412224e-02,-7.127808361119464253e-02,2.908283783617377494e-01,0.000000000000000000e+00
5.985000000000000320e+00,-4.193888350338996207e-01,1.657512978756026101e-01,2.999346937485056555e-02,-7.102462534932837968e-02,2.871148403238122926e-01,0.000000000000000000e+00
5.990000000000000213e+00,-4.185567352180348255e-01,1.670853933477287334e-01,2.963898838227245480e-02,-7.076710217226597766e-02,2.834200587119841686e-01,0.000000000000000000e+00
5.995000000000000107e+00,-4.177180133588114797e-01,1.684001338211869037e-01,2.928580496857691867e-02,-7.050560963196970954e-02,2.797441510358744665e-01,0.000000000000000000e+00
6.000000000000000000e+00,-4.168727659518359219e-01,1.696956311199261935e-01,2.893393874394173740e-02,-7.024024220486964343e-02,2.760872305183323383e-01,0.000000000000000000e+00
6.004999999999999893e+00,-4.160210889325748340e-01,1.709719974724383529e-01,2.858340884884308028e-02,-6.997109329585997350e-02,2.724494061584786797e-01,0.000000000000000000e+00
6.009999999999999787e+00,-4.151630776743842066e-01,1.722293454910143740e-01,2.823423395940289141e-02,-6.969825524243608572e-02,2.688307827941982531e-01,0.000000000000000000e+00
6.015000000000000568e+00,-4.142988269866417772e-01,1.734677881513344011e-01,2.788643229271526094e-02,-6.942181931896838909e-02,2.652314611640790298e-01,0.000000000000000000e+00
6.020000000000000462e+00,-4.134284311129802769e-01,1.746874387723881539e-01,2.754002161215108463e-02,-6.914187574110865209e-02,2.616515379687959775e-01,0.000000000000000000e+00
6.025000000000000355e+00,-4.125519837296204306e-01,1.758884109967219778e-01,2.719501923264037307e-02,-6.885851367032497228e-02,2.580911059319405676e-01,0.000000000000000000e+00
6.030000000000000249e+00,-4.116695779438018787e-01,1.770708187710098580e-01,2.685144202593157947e-02,-6.857182121856132684e-02,2.545502538602941178e-01,0.000000000000000000e+00
6.035000000000000142e+00,-4.107813062923104108e-01,1.782347763269445939e-01,2.650930642582730729e-02,-6.828188545301777657e-02,2.510290667035454115e-01,0.000000000000000000e+00
6.040000000000000036e+00,-4.098872607401000678e-01,1.793803981624460808e-01,2.616862843339584285e-02,-6.798879240104754862e-02,2.475276256134518182e-01,0.000000000000000000e+00
6.044999999999999929e+00,-4.089875326790083365e-01,1.805077990231834795e-01,2.582942362215790919e-02,-6.769262705516709833e-02,2.440460080024430822e-01,0.000000000000000000e+00
6.049999999999999822e+00,-4.080822129265627707e-01,1.816170938844078320e-01,2.549170714324809628e-02,-6.739347337817555572e-02,2.405842876016702769e-01,0.000000000000000000e+00
6.054999999999999716e+00,-4.071713917248780956e-01,1.827083979330920149e-01,2.515549373055042323e-02,-6.709141430837968489e-02,2.371425345184964284e-01,0.000000000000000000e+00
6.060000000000000497e+00,-4.062551587396414088e-01,1.837818265503745330e-01,2.482079770580753603e-02,-6.678653176492087284e-02,2.337208152934329153e-01,0.000000000000000000e+00
6.065000000000000391e+00,-4.053336030591848105e-01,1.848374952943042659e-01,2.448763298370299629e-02,-6.647890665320052572e-02,2.303191929565184259e-01,0.000000000000000000e+00
6.070000000000000284e+00,-4.044068131936432442e-01,1.858755198828825894e-01,2.415601307691623428e-02,-6.616861887040037526e-02,2.269377270831447468e-01,0.000000000000000000e+00
6.075000000000000178e+00,-4.034748770741964918e-01,1.868960161773997875e-01,2.382595110114964221e-02,-6.585574731109414270e-02,2.235764738493271619e-01,0.000000000000000000e+00
6.080000000000000071e+00,-4.025378820523938250e-01,1.878991001660624827e-01,2.349745978012741238e-02,-6.554036987294734051e-02,2.202354860864217945e-01,0.000000000000000000e+00
6.084999999999999964e+00,-4.015959148995598693e-01,1.888848879479089471e-01,2.317055145056564486e-02,-6.522256346250163150e-02,2.169148133352899188e-01,0.000000000000000000e+00
6.089999999999999858e+00,-4.006490618062798492e-01,1.898534957170090187e-01,2.284523806711333260e-02,-6.490240400104067831e-02,2.136145018999118794e-01,0.000000000000000000e+00
6.094999999999999751e+00,-3.996974083819634926e-01,1.908050397469454318e-01,2.252153120726383198e-02,-6.457996643053401375e-02,2.103345949004501170e-01,0.000000000000000000e+00
6.100000000000000533e+00,-3.987410396544856517e-01,1.917396363755734245e-01,2.219944207623641280e-02,-6.425532471965594850e-02,2.070751323257638554e-01,0.000000000000000000e+00
6.105000000000000426e+00,-3.977800400699024186e-01,1.926574019900553492e-01,2.187898151182753742e-02,-6.392855186987621285e-02,2.038361510853757552e-01,0.000000000000000000e+00
6.110000000000000320e+00,-3.968144934922414602e-01,1.935584530121673974e-01,2.156015998923150809e-02,-6.359971992161937704e-02,2.006176850608933360e-01,0.000000000000000000e+00
6.115000000000000213e+00,-3.958444832033651828e-01,1.944429058838749447e-01,2.124298762583016684e-02,-6.326889996048995490e-02,1.974197651568864731e-01,0.000000000000000000e+00
6.120000000000000107e+00,-3.948700919029052292e-01,1.953108770531736538e-01,2.092747418595129055e-02,-6.293616212356022144e-02,1.942424193512212738e-01,0.000000000000000000e+00
6.125000000000000000e+00,-3.938914017082672525e-01,1.961624829601930631e-01,2.061362908559541754e-02,-6.260157560571781576e-02,1.910856727448546899e-01,0.000000000000000000e+00
6.129999999999999893e+00,-3.929084941547042464e-01,1.969978400235597726e-01,2.030146139713077946e-02,-6.226520866607028470e-02,1.879495476110899788e-01,0.000000000000000000e+00
6.134999999999999787e+00,-3.919214501954578767e-01,1.978170646270168975e-01,1.999097985395607152e-02,-6.192712863440374971e-02,1.848340634442956765e-01,0.000000000000000000e+00
6.140000000000000568e+00,-3.909303502019656484e-01,1.986202731062969018e-01,1.968219285513081104e-02,-6.158740191769284528e-02,1.817392370080897213e-01,0.000000000000000000e+00
6.145000000000000462e+00,-3.899352739641333554e-01,1.994075817362447323e-01,1.937510846997301736e-02,-6.124609400665934067e-02,1.786650823829924739e-01,0.000000000000000000e+00
6.150000000000000355e+00,-3.889363006906710885e-01,2.001791067181881156e-01,1.906973444262398051e-02,-6.090326948237666932e-02,1.756116110135483577e-01,0.000000000000000000e+00
6.155000000000000249e+00,-3.879335090094919725e-01,2.009349641675522158e-01,1.876607819657990714e-02,-6.055899202291779859e-02,1.725788317549218631e-01,0.000000000000000000e+00
6.160000000000000142e+00,-3.869269769681721316e-01,2.016752701017154870e-01,1.846414683919021110e-02,-6.021332441004386554e-02,1.695667509189660582e-01,0.000000000000000000e+00
6.165000000000000036e+00,-3.859167820344707178e-01,2.024001404281038086e-01,1.816394716612227539e-02,-5.986632853593105985e-02,1.665753723197712644e-01,0.000000000000000000e+00
6.169999999999999929e+00,-3.849030010969090587e-01,2.031096909325199318e-01,1.786548566579248057e-02,-5.951806540993327677e-02,1.636046973186917886e-01,0.000000000000000000e+00
6.174999999999999822e+00,-3.838857104654073704e-01,2.038040372677053236e-01,1.756876852376334022e-02,-5.916859516537811836e-02,1.606547248688564578e-01,0.000000000000000000e+00
6.179999999999999716e+00,-3.828649858719782584e-01,2.044832949421315216e-01,1.727380162710658029e-02,-5.881797706639389778e-02,1.577254515591642869e-01,0.000000000000000000e+00
6.185000000000000497e+00,-3.818409024714754518e-01,2.051475793090179467e-01,1.698059056873200967e-02,-5.846626951476527334e-02,1.548168716577693893e-01,0.000000000000000000e+00
6.190000000000000391e+00,-3.808135348423973277e-01,2.057970055555735922e-01,1.668914065168203287e-02,-5.811353005681529904e-02,1.519289771550551560e-01,0.000000000000000000e+00
6.195000000000000284e+00,-3.797829569877431144e-01,2.064316886924593419e-01,1.639945689339171800e-02,-5.775981539031160850e-02,1.490617578061047555e-01,0.000000000000000000e+00
6.200000000000000178e+00,-3.787492423359217208e-01,2.070517435434684750e-01,1.611154402991425011e-02,-5.740518137139454663e-02,1.462152011726678136e-01,0.000000000000000000e+00
6.205000000000000071e+00,-3.777124637417113573e-01,2.076572847354221929e-01,1.582540652011171084e-02,-5.704968302152519516e-02,1.433892926646265498e-01,0.000000000000000000e+00
6.209999999999999964e+00,-3.766726934872691723e-01,2.082484266882776991e-01,1.554104854981106648e-02,-5.669337453445107144e-02,1.405840155809668923e-01,0.000000000000000000e+00
6.214999999999999858e+00,-3.756300032831899616e-01,2.088252836054457495e-01,1.525847403592528635e-02,-5.633630928318755782e-02,1.377993511502542123e-01,0.000000000000000000e+00
6.219999999999999751e+00,-3.745844642696125049e-01,2.093879694643151768e-01,1.497768663053952211e-02,-5.597853982701303521e-02,1.350352785706200598e-01,0.000000000000000000e+00
6.225000000000000533e+00,-3.735361470173731990e-01,2.099365980069814175e-01,1.469868972496228207e-02,-5.562011791847571579e-02,1.322917750492610123e-01,0.000000000000000000e+00
6.230000000000000426e+00,-3.724851215292049877e-01,2.104712827311766288e-01,1.442148645374154159e-02,-5.526109451041034959e-02,1.295688158414535218e-01,0.000000000000000000e+00
6.235000000000000320e+00,-3.714314572409816995e-01,2.109921368813983678e-01,1.414607969864575127e-02,-5.490151976296283459e-02,1.268663742890888679e-01,0.000000000000000000e+00
6.240000000000000213e+00,-3.703752230230057951e-01,2.114992734402344476e-01,1.387247209260971184e-02,-5.454144305062100240e-02,1.241844218587301318e-01,0.000000000000000000e+00
6.245000000000000107e+00,-3.693164871813393035e-01,2.119928051198812224e-01,1.360066602364527061e-02,-5.418091296924972683e-02,1.215229281791959659e-01,0.000000000000000000e+00
6.250000000000000000e+00,-3.682553174591766121e-01,2.124728443538526079e-01,1.333066363871684978e-02,-5.381997734312864157e-02,1.188818610786730734e-01,0.000000000000000000e+00
6.254999999999999893e+00,-3.671917810382581138e-01,2.129395032888772576e-01,1.306246684758176867e-02,-5.345868323199075983e-02,1.162611866213629219e-01,0.000000000000000000e+00
6.259999999999999787e+00,-3.661259445403240997e-01,2.133928937769815903e-01,1.279607732659538734e-02,-5.309707693806035161e-02,1.136608691436635510e-01,0.000000000000000000e+00
6.265000000000000568e+00,-3.650578740286075652e-01,2.138331273677555877e-01,1.253149652248105803e-02,-5.273520401308842698e-02,1.110808712898928019e-01,0.000000000000000000e+00
6.270000000000000462e+00,-3.639876350093654289e-01,2.142603153007993644e-01,1.226872565606491015e-02,-5.237310926538428502e-02,1.085211540475538028e-01,0.000000000000000000e+00
6.275000000000000355e+00,-3.629152924334470565e-01,2.146745684983476787e-01,1.200776572597549510e-02,-5.201083676684156720e-02,1.059816767821487871e-01,0.000000000000000000e+00
6.280000000000000249e+00,-3.618409106978990319e-01,2.150759975580699701e-01,1.174861751230830628e-02,-5.164842985995733715e-02,1.034623972715421891e-01,0.000000000000000000e+00
6.285000000000000142e+00,-3.607645536476056791e-01,2.154647127460434797e-01,1.149128158025523871e-02,-5.128593116484268799e-02,1.009632717398792623e-01,0.000000000000000000e+00
6.290000000000000036e+00,-3.596862845769642769e-01,2.158408239898970959e-01,1.123575828369900720e-02,-5.092338258622348957e-02,9.848425489106168995e-02,0.000000000000000000e+00
6.294999999999999929e+00,-3.586061662315940257e-01,2.162044408721232880e-01,1.098204776877259765e-02,-5.056082532042988076e-02,9.602529994178549133e-02,0.000000000000000000e+00
6.299999999999999822e+00,-3.575242608100780983e-01,2.165556726235559615e-01,1.073014997738379848e-02,-5.019829986237313996e-02,9.358635865414319244e-02,0.000000000000000000e+00
6.304999999999999716e+00,-3.564406299657379429e-01,2.168946281170117674e-01,1.048006465070487614e-02,-4.983584601250868468e-02,9.116738136779559132e-02,0.000000000000000000e+00
6.310000000000000497e+00,-3.553553348084389496e-01,2.172214158610924484e-01,1.023179133262748335e-02,-4.947350288378381949e-02,8.876831703171542132e-02,0.000000000000000000e+00
6.315000000000000391e+00,-3.542684359064265931e-01,2.175361439941460306e-01,9.985329373182862470e-03,-4.911130890856910125e-02,8.638911323550740873e-02,0.000000000000000000e+00
6.320000000000000284e+00,-3.531799932881926063e-01,2.178389202783845291e-01,9.740677931927439401e-03,-4.874930184557203783e-02,8.402971624030880493e-02,0.000000000000000000e+00
6.325000000000000178e+00,-3.520900664443698536e-01,2.181298520941556962e-01,9.497835981293887772e-03,-4.838751878673201029e-02,8.169007100927197507e-02,0.000000000000000000e+00
6.330000000000000071e+00,-3.509987143296559031e-01,2.184090464343669269e-01,9.256802309907779733e-03,-4.802599616409523875e-02,7.937012123763564908e-02,0.000000000000000000e+00
6.334999999999999964e+00,-3.499059953647635779e-01,2.186766098990586549e-01,9.017575525869906544e-03,-4.766476975666870258e-02,7.706980938238661150e-02,0.000000000000000000e+00
6.339999999999999858e+00,-3.488119674383988178e-01,2.189326486901254365e-01,8.780154060004381755e-03,-4.730387469725196720e-02,7.478907669151585447e-02,0.000000000000000000e+00
6.344999999999999751e+00,-3.477166879092641327e-01,2.191772686061822240e-01,8.544536169072653592e-03,-4.694334547924584183e-02,7.252786323287335746e-02,0.000000000000000000e+00
6.350000000000000533e+00,-3.466202136080875351e-01,2.194105750375737740e-01,8.310719938953521971e-03,-4.658321596343689697e-02,7.028610792262499074e-02,0.000000000000000000e+00
6.355000000000000426e+00,-3.455226008396762305e-01,2.196326729615251383e-01,8.078703287789302384e-03,-4.622351938475687677e-02,6.806374855331523421e-02,0.000000000000000000e+00
6.360000000000000320e+00,-3.444239053849938448e-01,2.198436669374309871e-01,7.848483969098252883e-03,-4.586428835901600054e-02,6.586072182153901444e-02,0.000000000000000000e+00
6.365000000000000213e+00,-3.433241825032611882e-01,2.200436611022817401e-01,7.620059574853410740e-03,-4.550555488960932732e-02,6.367696335522748941e-02,0.000000000000000000e+00
6.370000000000000107e+00,-3.422234869340794461e-01,2.202327591662243123e-01,7.393427538527954160e-03,-4.514735037419524699e-02,6.151240774054991811e-02,0.000000000000000000e+00
6.375000000000000000e+00,-3.411218728995751293e-01,2.204110644082556414e-01,7.168585138107252085e-03,-4.478970561134525824e-02,5.936698854843716622e-02,0.000000000000000000e+00
6.379999999999999893e+00,-3.400193941065663972e-01,2.205786796720467791e-01,6.945529499067733953e-03,-4.443265080716422843e-02,5.724063836072859623e-02,0.000000000000000000e+00
6.384999999999999787e+00,-3.389161037487498085e-01,2.207357073618955168e-01,6.724257597322736389e-03,-4.407621558188032362e-02,5.513328879594725507e-02,0.000000000000000000e+00
6.390000000000000568e+00,-3.378120545089070559e-01,2.208822494388058555e-01,6.504766262135476020e-03,-4.372042897640382453e-02,5.304487053470718916e-02,0.000000000000000000e+00
6.395000000000000462e+00,-3.367072985611310187e-01,2.210184074166918755e-01,6.287052178999308003e-03,-4.336531945885415545e-02,5.097531334475569054e-02,0.000000000000000000e+00
6.400000000000000355e+00,-3.356018875730703566e-01,2.211442823587045359e-01,6.071111892485430740e-03,-4.301091493105432817e-02,4.892454610565472040e-02,0.000000000000000000e+00
6.405000000000000249e+00,-3.344958727081923100e-01,2.212599748736791827e-01,5.856941809058200700e-03,-4.265724273499221092e-02,4.689249683310481309e-02,0.000000000000000000e+00
6.410000000000000142e+00,-3.333893046280629324e-01,2.213655851127019902e-01,5.644538199858225615e-03,-4.230432965924786626e-02,4.487909270291565167e-02,0.000000000000000000e+00
6.415000000000000036e+00,-3.322822334946441969e-01,2.214612127657934193e-01,5.433897203453405197e-03,-4.195220194538639563e-02,4.288426007462642353e-02,0.000000000000000000e+00
6.419999999999999929e+00,-3.311747089726072568e-01,2.215469570587067782e-01,5.225014828558100649e-03,-4.160088529431567317e-02,4.090792451477950897e-02,0.000000000000000000e+00
6.424999999999999822e+00,-3.300667802316616384e-01,2.216229167498403319e-01,5.017886956720596890e-03,-4.125040487260834415e-02,3.895001081985191571e-02,0.000000000000000000e+00
6.429999999999999716e+00,-3.289584959488994764e-01,2.216891901272606824e-01,4.812509344979050939e-03,-4.090078531878759555e-02,3.701044303884687414e-02,0.000000000000000000e+00
6.435000000000000497e+00,-3.278499043111544609e-01,2.217458750058360628e-01,4.608877628486101642e-03,-4.055205074957608791e-02,3.508914449555003423e-02,0.000000000000000000e+00
6.440000000000000391e+00,-3.267410530173746608e-01,2.217930687244775434e-01,4.406987323102327242e-03,-4.020422476610761853e-02,3.318603781045365020e-02,0.000000000000000000e+00
6.445000000000000284e+00,-3.256319892810090599e-01,2.218308681434863761e-01,4.206833827958738128e-03,-3.985733046010093983e-02,3.130104492235191715e-02,0.000000000000000000e+00
6.450000000000000178e+00,-3.245227598324069151e-01,2.218593696420059769e-01,4.008412427988498200e-03,-3.951139041999536528e-02,2.943408710961173402e-02,0.000000000000000000e+00
6.455000000000000071e+00,-3.234134109212298824e-01,2.218786691155766044e-01,3.811718296428064350e-03,-3.916642673704762850e-02,2.758508501112130751e-02,0.000000000000000000e+00
6.459999999999999964e+00,-3.223039883188757448e-01,2.218888619737910406e-01,3.616746497287937068e-03,-3.882246101138962097e-02,2.575395864692106573e-02,0.000000000000000000e+00
6.464999999999999858e+00,-3.211945373209139087e-01,2.218900431380499416e-01,3.423491987793223380e-03,-3.847951435804658482e-02,2.394062743852040653e-02,0.000000000000000000e+00
6.469999999999999751e+00,-3.200851027495317802e-01,2.218823070394146391e-01,3.231949620794207292e-03,-3.813760741291543493e-02,2.214501022890236204e-02,0.000000000000000000e+00
6.475000000000000533e+00,-3.189757289559915776e-01,2.218657476165564468e-01,3.042114147147130260e-03,-3.779676033870274510e-02,2.036702530222136986e-02,0.000000000000000000e+00
6.480000000000000426e+00,-3.178664598230972471e-01,2.218404583138001707e-01,2.853980218065381609e-03,-3.745699283082215558e-02,1.860659040319667668e-02,0.000000000000000000e+00
6.485000000000000320e+00,-3.167573387676708707e-01,2.218065320792608486e-01,2.667542387441305778e-03,-3.711832412325083430e-02,1.686362275620445494e-02,0.000000000000000000e+00
6.490000000000000213e+00,-3.156484087430381225e-01,2.217640613630716961e-01,2.482795114138828044e-03,-3.678077299434470704e-02,1.513803908407299059e-02,0.000000000000000000e+00
6.495000000000000107e+00,-3.145397122415226066e-01,2.217131381157019798e-01,2.299732764257110366e-03,-3.644435777261213760e-02,1.342975562658310640e-02,0.000000000000000000e+00
6.500000000000000000e+00,-3.134312912969480225e-01,2.216538537863632086e-01,2.118349613365441610e-03,-3.610909634244582195e-02,1.173868815867848414e-02,0.000000000000000000e+00
6.504999999999999893e+00,-3.123231874871482683e-01,2.215862993215020615e-01,1.938639848709573787e-03,-3.577500614981268118e-02,1.006475200838777284e-02,0.000000000000000000e+00
6.509999999999999787e+00,-3.112154419364849822e-01,2.215105651633786643e-01,1.760597571389714002e-03,-3.544210420790140648e-02,8.407862074463257063e-03,0.000000000000000000e+00
6.515000000000000568e+00,-3.101080953183717459e-01,2.214267412487287423e-01,1.584216798510385254e-03,-3.511040710272760046e-02,6.767932843737722859e-03,0.000000000000000000e+00
6.520000000000000462e+00,-3.090011878578048932e-01,2.213349170075080419e-01,1.409491465302367729e-03,-3.477993099869616800e-02,5.144878408204156539e-03,0.000000000000000000e+00
6.525000000000000355e+00,-3.078947593339003697e-01,2.212351813617178808e-01,1.236415427216936347e-03,-3.445069164412088714e-02,3.538612481821357125e-03,0.000000000000000000e+00
6.530000000000000249e+00,-3.067888490824363656e-01,2.211276227243099968e-01,1.064982461992605971e-03,-3.412270437670090334e-02,1.949048417047016812e-03,0.000000000000000000e+00
6.535000000000000142e+00,-3.056834959984010003e-01,2.210123289981697770e-01,8.951862716946043866e-04,-3.379598412895407078e-02,3.760992211041536137e-04,0.000000000000000000e+00
6.540000000000000036e+00,-3.045787385385451129e-01,2.208893875751760660e-01,7.270204847272847748e-04,-3.347054543360697410e-02,-1.180322428018437675e-03,0.000000000000000000e+00
6.544999999999999929e+00,-3.034746147239395508e-01,2.207588853353363856e-01,5.604786578196979067e-04,-3.314640242894149880e-02,-2.720304165827081011e-03,0.000000000000000000e+00
6.549999999999999822e+00,-3.023711621425363982e-01,2.206209086459962887e-01,3.955542779845399020e-04,-3.282356886409782543e-02,-4.243933925843088040e-03,0.000000000000000000e+00
6.554999999999999716e+00,-3.012684179517342020e-01,2.204755433611213511e-01,2.322407644506939482e-04,-3.250205810433384745e-02,-5.751299924377770156e-03,0.000000000000000000e+00
6.560000000000000497e+00,-3.001664188809464728e-01,2.203228748206506049e-01,7.053147056958452557e-05,-3.218188313624079783e-02,-7.242490645560747953e-03,0.000000000000000000e+00
6.565000000000000391e+00,-2.990652012341733501e-01,2.201629878499200554e-01,-8.958031430443723288e-05,-3.186305657291512577e-02,-8.717594826617339199e-03,0.000000000000000000e+00
6.570000000000000284e+00,-2.979648008925758207e-01,2.199959667591550871e-01,-2.481013629594580909e-04,-3.154559065908652676e-02,-1.017670144339222205e-02,0.000000000000000000e+00
6.575000000000000178e+00,-2.968652533170524910e-01,2.198218953430303158e-01,-4.050385084968974011e-04,-3.122949727620207006e-02,-1.161989969611774975e-02,0.000000000000000000e+00
6.580000000000000071e+00,-2.957665935508182464e-01,2.196408568802960259e-01,-5.603986425277130388e-04,-3.091478794746644124e-02,-1.304727899542128255e-02,0.000000000000000000e+00
6.584999999999999964e+00,-2.946688562219846874e-01,2.194529341334694739e-01,-7.141887133936983224e-04,-3.060147384283821992e-02,-1.445892894857152278e-02,0.000000000000000000e+00
6.589999999999999858e+00,-2.935720755461419529e-01,2.192582093485901662e-01,-8.664157244136508557e-04,-3.028956578398224117e-02,-1.585493934595912091e-02,0.000000000000000000e+00
6.594999999999999751e+00,-2.924762853289415432e-01,2.190567642550378946e-01,-1.017086732154192904e-03,-2.997907424917803029e-02,-1.723540014780874929e-02,0.000000000000000000e+00
6.600000000000000533e+00,-2.913815189686799756e-01,2.188486800654123043e-01,-1.166208844725024913e-03,-2.967000937818430051e-02,-1.860040147112088094e-02,0.000000000000000000e+00
6.605000000000000426e+00,-2.902878094588828839e-01,2.186340374754727200e-01,-1.313789220098390787e-03,-2.936238097705957256e-02,-1.995003357683929057e-02,0.000000000000000000e+00
6.610000000000000320e+00,-2.891951893908891735e-01,2.184129166641373132e-01,-1.459835064452537313e-03,-2.905619852293895092e-02,-2.128438685724200197e-02,0.000000000000000000e+00
6.615000000000000213e+00,-2.881036909564352322e-01,2.181853972935403063e-01,-1.604353630538947646e-03,-2.875147116876707737e-02,-2.260355182355301695e-02,0.000000000000000000e+00
6.620000000000000107e+00,-2.870133459502384188e-01,2.179515585091461038e-01,-1.747352216073130285e-03,-2.844820774798734533e-02,-2.390761909377138450e-02,0.000000000000000000e+00
6.625000000000000000e+00,-2.859241857725801639e-01,2.177114789399194061e-01,-1.888838162148744840e-03,-2.814641677918742688e-02,-2.519667938071605551e-02,0.000000000000000000e+00
6.629999999999999893e+00,-2.848362414318878488e-01,2.174652366985500851e-01,-2.028818851674846473e-03,-2.784610647070119571e-02,-2.647082348028230447e-02,0.000000000000000000e+00
6.634999999999999787e+00,-2.837495435473155192e-01,2.172129093817316281e-01,-2.167301707836030624e-03,-2.754728472516712601e-02,-2.773014225990881598e-02,0.000000000000000000e+00
6.640000000000000568e+00,-2.826641223513230439e-01,2.169545740704925396e-01,-2.304294192575262294e-03,-2.724995914404324676e-02,-2.897472664725045388e-02,0.000000000000000000e+00
6.645000000000000462e+00,-2.815800076922535533e-01,2.166903073305790628e-01,-2.439803805099170428e-03,-2.695413703207878708e-02,-3.020466761905697683e-02,0.000000000000000000e+00
6.650000000000000355e+00,-2.804972290369087684e-01,2.164201852128887216e-01,-2.573838080405592508e-03,-2.665982540174257481e-02,-3.142005619025244056e-02,0.000000000000000000e+00
6.655000000000000249e+00,-2.794158154731220534e-01,2.161442832539533232e-01,-2.706404587833154043e-03,-2.636703097760834807e-02,-3.262098340321391288e-02,0.000000000000000000e+00
6.660000000000000142e+00,-2.783357957123288595e-01,2.158626764764706163e-01,-2.837510929632667406e-03,-2.607576020069706998e-02,-3.380754031724748920e-02,0.000000000000000000e+00
6.665000000000000036e+00,-2.772571980921346713e-01,2.155754393898834664e-01,-2.967164739560134053e-03,-2.578601923277640609e-02,-3.497981799825777838e-02,0.000000000000000000e+00
6.669999999999999929e+00,-2.761800505788794546e-01,2.152826459910057721e-01,-3.095373681491137181e-03,-2.549781396061747904e-02,-3.613790750860900597e-02,0.000000000000000000e+00
6.674999999999999822e+00,-2.751043807701993305e-01,2.149843697646940388e-01,-3.222145448056413196e-03,-2.521115000020905661e-02,-3.728189989717567432e-02,0.000000000000000000e+00
6.679999999999999716e+00,-2.740302158975846392e-01,2.146806836845636113e-01,-3.347487759298385570e-03,-2.492603270092932574e-02,-3.841188618957942780e-02,0.000000000000000000e+00
6.685000000000000497e+00,-2.729575828289340644e-01,2.143716602137487326e-01,-3.471408361348455110e-03,-2.464246714967540872e-02,-3.952795737861035386e-02,0.000000000000000000e+00
6.690000000000000391e+00,-2.718865080711052040e-01,2.140573713057055960e-01,-3.593915025124829344e-03,-2.436045817495078800e-02,-4.063020441482993739e-02,0.000000000000000000e+00
6.695000000000000284e+00,-2.708170177724608108e-01,2.137378884050571970e-01,-3.715015545050686339e-03,-2.408001035091080280e-02,-4.171871819735364917e-02,0.000000000000000000e+00
6.700000000000000178e+00,-2.697491377254107592e-01,2.134132824484794855e-01,-3.834717737792459578e-03,-2.380112800136638743e-02,-4.279358956481020548e-02,0.000000000000000000e+00
6.705000000000000071e+00,-2.686828933689495158e-01,2.130836238656275416e-01,-3.953029441018040060e-03,-2.352381520374626986e-02,-4.385490928647613196e-02,0.000000000000000000e+00
6.709999999999999964e+00,-2.676183097911887798e-01,2.127489825801012202e-01,-4.069958512174683130e-03,-2.324807579301775215e-02,-4.490276805358180134e-02,0.000000000000000000e+00
6.714999999999999858e+00,-2.665554117318853500e-01,2.124094280104492638e-01,-4.185512827286418797e-03,-2.297391336556633273e-02,-4.593725647078866769e-02,0.000000000000000000e+00
6.719999999999999751e+00,-2.654942235849637178e-01,2.120650290712109975e-01,-4.299700279770755224e-03,-2.270133128303431641e-02,-4.695846504783333930e-02,0.000000000000000000e+00
6.725000000000000533e+00,-2.644347694010334981e-01,2.117158541739950217e-01,-4.412528779274474573e-03,-2.243033267611864098e-02,-4.796648419133794916e-02,0.000000000000000000e+00
6.730000000000000426e+00,-2.633770728899011981e-01,2.113619712285936814e-01,-4.524006250528317397e-03,-2.216092044832810443e-02,-4.896140419678343680e-02,0.000000000000000000e+00
6.735000000000000320e+00,-2.623211574230766008e-01,2.110034476441330076e-01,-4.634140632220348256e-03,-2.189309727970022504e-02,-4.994331524064414551e-02,0.000000000000000000e+00
6.740000000000000213e+00,-2.612670460362729874e-01,2.106403503302567704e-01,-4.742939875887810033e-03,-2.162686563047793234e-02,-5.091230737268159778e-02,0.000000000000000000e+00
6.745000000000000107e+00,-2.602147614319016977e-01,2.102727456983444487e-01,-4.850411944827258751e-03,-2.136222774474630728e-02,-5.186847050839464568e-02,0.000000000000000000e+00
6.750000000000000000e+00,-2.591643259815601397e-01,2.099006996627618415e-01,-4.956564813022782887e-03,-2.109918565402960772e-02,-5.281189442162492753e-02,0.000000000000000000e+00
6.754999999999999893e+00,-2.581157617285138040e-01,2.095242776421439024e-01,-5.061406464092109425e-03,-2.083774118084877683e-02,-5.374266873731431415e-02,0.000000000000000000e+00
6.759999999999999787e+00,-2.570690903901715618e-01,2.091435445607088550e-01,-5.164944890250399746e-03,-2.057789594223968788e-02,-5.466088292441323437e-02,0.000000000000000000e+00
6.765000000000000568e+00,-2.560243333605544680e-01,2.087585648496030621e-01,-5.267188091291539337e-03,-2.031965135323235763e-02,-5.556662628893752065e-02,0.000000000000000000e+00
6.770000000000000462e+00,-2.549815117127577357e-01,2.083694024482755369e-01,-5.368144073586723561e-03,-2.006300863029132978e-02,-5.645998796717148493e-02,0.000000000000000000e+00
6.775000000000000355e+00,-2.539406462014055510e-01,2.079761208058818478e-01,-5.467820849100153008e-03,-1.980796879471750926e-02,-5.734105691901543456e-02,0.000000000000000000e+00
6.780000000000000249e+00,-2.529017572650991141e-01,2.075787828827164450e-01,-5.566226434421637191e-03,-1.955453267601165238e-02,-5.820992192147525501e-02,0.000000000000000000e+00
6.785000000000000142e+00,-2.518648650288572988e-01,2.071774511516726869e-01,-5.663368849815927052e-03,-1.930270091519978651e-02,-5.906667156229360172e-02,0.000000000000000000e+00
6.790000000000000036e+00,-2.508299893065498720e-01,2.067721875997299841e-01,-5.759256118288571570e-03,-1.905247396812078525e-02,-5.991139423371788508e-02,0.000000000000000000e+00
6.794999999999999929e+00,-2.497971496033233874e-01,2.063630537294674772e-01,-5.853896264668126750e-03,-1.880385210867633813e-02,-6.074417812640621472e-02,0.000000000000000000e+00
6.799999999999999822e+00,-2.487663651180192781e-01,2.059501105606033056e-01,-5.947297314704514011e-03,-1.855683543204358910e-02,-6.156511122346720877e-02,0.000000000000000000e+00
6.804999999999999716e+00,-2.477376547455842903e-01,2.055334186315590506e-01,-6.039467294183351910e-03,-1.831142385785069354e-02,-6.237428129463312709e-02,0.000000000000000000e+00
6.810000000000000497e+00,-2.467110370794730057e-01,2.051130380010486864e-01,-6.130414228056074721e-03,-1.806761713331551250e-02,-6.317177589056310882e-02,0.000000000000000000e+00
6.815000000000000391e+00,-2.456865304140423145e-01,2.046890282496912905e-01,-6.220146139585650512e-03,-1.782541483634775964e-02,-6.395768233727625041e-02,0.000000000000000000e+00
6.820000000000000284e+00,-2.446641527469378963e-01,2.042614484816469289e-01,-6.308671049507720043e-03,-1.758481637861478847e-02,-6.473208773071167932e-02,0.000000000000000000e+00
6.825000000000000178e+00,-2.436439217814722891e-01,2.038303573262752466e-01,-6.395996975206974348e-03,-1.734582100857134934e-02,-6.549507893141359727e-02,0.000000000000000000e+00
6.830000000000000071e+00,-2.426258549289947442e-01,2.033958129398158732e-01,-6.482131929908591453e-03,-1.710842781445353136e-02,-6.624674255934083489e-02,0.000000000000000000e+00
6.834999999999999964e+00,-2.416099693112525870e-01,2.029578730070903947e-01,-6.567083921884553539e-03,-1.687263572723714938e-02,-6.698716498879726811e-02,0.000000000000000000e+00
6.839999999999999858e+00,-2.405962817627440020e-01,2.025165947432249480e-01,-6.650860953674669375e-03,-1.663844352356087450e-02,-6.771643234348340146e-02,0.000000000000000000e+00
6.844999999999999751e+00,-2.395848088330621295e-01,2.020720348953932155e-01,-6.733471021322121573e-03,-1.640584982861433699e-02,-6.843463049166556567e-02,0.000000000000000000e+00
6.850000000000000533e+00,-2.385755667892304477e-01,2.016242497445788484e-01,-6.814922113623369561e-03,-1.617485311899149319e-02,-6.914184504146203558e-02,0.000000000000000000e+00
6.855000000000000426e+00,-2.375685716180293283e-01,2.011732951073572084e-01,-6.895222211392234776e-03,-1.594545172550949561e-02,-6.983816133624468070e-02,0.000000000000000000e+00
6.860000000000000320e+00,-2.365638390283135162e-01,2.007192263376955388e-01,-6.974379286737988556e-03,-1.571764383599336470e-02,-7.052366445015303964e-02,0.000000000000000000e+00
6.865000000000000213e+00,-2.355613844533206436e-01,2.002620983287710932e-01,-7.052401302357286586e-03,-1.549142749802669659e-02,-7.119843918372112390e-02,0.000000000000000000e+00
6.870000000000000107e+00,-2.345612230529706133e-01,1.998019655148067786e-01,-7.129296210839766029e-03,-1.526680062166871528e-02,-7.186257005961366184e-02,0.000000000000000000e+00
6.875000000000000000e+00,-2.335633697161557665e-01,1.993388818729237844e-01,-7.205071953987146616e-03,-1.504376098213789509e-02,-7.251614131847078371e-02,0.000000000000000000e+00
6.879999999999999893e+00,-2.325678390630216974e-01,1.988729009250105317e-01,-7.279736462145667414e-03,-1.482230622246245334e-02,-7.315923691486023173e-02,0.000000000000000000e+00
6.884999999999999787e+00,-2.315746454472386862e-01,1.984040757396075549e-01,-7.353297653551693625e-03,-1.460243385609797696e-02,-7.379194051333436144e-02,0.000000000000000000e+00
6.890000000000000568e+00,-2.305838029582637505e-01,1.979324589338078422e-01,-7.425763433690328597e-03,-1.438414126951244147e-02,-7.441433548459094882e-02,0.000000000000000000e+00
6.895000000000000462e+00,-2.295953254235930663e-01,1.974581026751720536e-01,-7.497141694666870602e-03,-1.416742572473890689e-02,-7.502650490173651265e-02,0.000000000000000000e+00
6.900000000000000355e+00,-2.286092264110048122e-01,1.969810586836581723e-01,-7.567440314590954779e-03,-1.395228436189615770e-02,-7.562853153665041739e-02,0.000000000000000000e+00
6.905000000000000249e+00,-2.276255192307923836e-01,1.965013782335650605e-01,-7.636667156973216304e-03,-1.373871420167754702e-02,-7.622049785644767483e-02,0.000000000000000000e+00
6.910000000000000142e+00,-2.266442169379876692e-01,1.960191121554895888e-01,-7.704830070134319545e-03,-1.352671214780833651e-02,-7.680248602004011160e-02,0.000000000000000000e+00
6.915000000000000036e+00,-2.256653323345748086e-01,1.955343108382967265e-01,-7.771936886626195327e-03,-1.331627498947178002e-02,-7.737457787479365412e-02,0.000000000000000000e+00
6.919999999999999929e+00,-2.246888779716937901e-01,1.950470242311021229e-01,-7.837995422665331932e-03,-1.310739940370423198e-02,-7.793685495328027402e-02,0.000000000000000000e+00
6.924999999999999822e+00,-2.237148661518342241e-01,1.945573018452669278e-01,-7.903013477577963686e-03,-1.290008195775955817e-02,-7.848939847012351145e-02,0.000000000000000000e+00
6.929999999999999716e+00,-2.227433089310191516e-01,1.940651927564042423e-01,-7.966998833257007973e-03,-1.269431911144310206e-02,-7.903228931893624409e-02,0.000000000000000000e+00
6.935000000000000497e+00,-2.217742181209786945e-01,1.935707456063967546e-01,-8.029959253630593666e-03,-1.249010721941548954e-02,-7.956560806934850905e-02,0.000000000000000000e+00
6.940000000000000391e+00,-2.208076052913136578e-01,1.930740086054252014e-01,-8.091902484142033530e-03,-1.228744253346653915e-02,-8.008943496412540552e-02,0.000000000000000000e+00
6.945000000000000284e+00,-2.198434817716490020e-01,1.925750295340072915e-01,-8.152836251241094012e-03,-1.208632120475953628e-02,-8.060384991637196961e-02,0.000000000000000000e+00
6.950000000000000178e+00,-2.188818586537769340e-01,1.920738557450465123e-01,-8.212768261886412360e-03,-1.188673928604615584e-02,-8.110893250682535416e-02,0.000000000000000000e+00
6.955000000000000071e+00,-2.179227467937899232e-01,1.915705341658905658e-01,-8.271706203058915366e-03,-1.168869273385228329e-02,-8.160476198123171876e-02,0.000000000000000000e+00
6.959999999999999964e+00,-2.169661568142032815e-01,1.910651113003989654e-01,-8.329657741286094000e-03,-1.149217741063501830e-02,-8.209141724780734395e-02,0.000000000000000000e+00
6.964999999999999858e+00,-2.160120991060673901e-01,1.905576332310194021e-01,-8.386630522176993438e-03,-1.129718908691111634e-02,-8.256897687478237380e-02,0.000000000000000000e+00
6.969999999999999751e+00,-2.150605838310696294e-01,1.900481456208725217e-01,-8.442632169967772757e-03,-1.110372344335713336e-02,-8.303751908802570192e-02,0.000000000000000000e+00
6.975000000000000533e+00,-2.141116209236256784e-01,1.895366937158446397e-01,-8.497670287077695520e-03,-1.091177607288154258e-02,-8.349712176874986291e-02,0.000000000000000000e+00
6.980000000000000426e+00,-2.131652200929605445e-01,1.890233223466882551e-01,-8.551752453675412480e-03,-1.072134248266909222e-02,-8.394786245129517988e-02,0.000000000000000000e+00
6.985000000000000320e+00,-2.122213908251789072e-01,1.885080759311296705e-01,-8.604886227255397618e-03,-1.053241809619764706e-02,-8.438981832099105851e-02,0.000000000000000000e+00
6.990000000000000213e+00,-2.112801423853249705e-01,1.879909984759836061e-01,-8.657079142224395271e-03,-1.034499825522780699e-02,-8.482306621209395603e-02,0.000000000000000000e+00
6.995000000000000107e+00,-2.103414838194317127e-01,1.874721335792743637e-01,-8.708338709497755181e-03,-1.015907822176553149e-02,-8.524768260580031787e-02,0.000000000000000000e+00
7.000000000000000000e+00,-2.094054239565595610e-01,1.869515244323631808e-01,-8.758672416105509756e-03,-9.974653179998058117e-03,-8.566374362833362177e-02,0.000000000000000000e+00
7.004999999999999893e+00,-2.084719714108243249e-01,1.864292138220814132e-01,-8.808087724808063429e-03,-9.791718238203347274e-03,-8.607132504910422477e-02,0.000000000000000000e+00
7.009999999999999787e+00,-2.075411345834145549e-01,1.859052441328694072e-01,-8.856592073721365754e-03,-9.610268430633341422e-03,-8.647050227894091667e-02,0.000000000000000000e+00
7.015000000000000568e+00,-2.066129216645981037e-01,1.853796573489203126e-01,-8.904192875951436395e-03,-9.430298719371265834e-03,-8.686135036839268131e-02,0.000000000000000000e+00
7.020000000000000462e+00,-2.056873406357179745e-01,1.848524950563289748e-01,-8.950897519238110167e-03,-9.251803996163248528e-03,-8.724394400610027689e-02,0.000000000000000000e+00
7.025000000000000355e+00,-2.047643992711774830e-01,1.843237984452452682e-01,-8.996713365607878973e-03,-9.074779084224505674e-03,-8.761835751723590082e-02,0.000000000000000000e+00
7.030000000000000249e+00,-2.038441051404145388e-01,1.837936083120317310e-01,-9.041647751035697053e-03,-8.899218740020340551e-03,-8.798466486200970382e-02,0.000000000000000000e+00
7.035000000000000142e+00,-2.029264656098652420e-01,1.832619650614250306e-01,-9.085707985115635058e-03,-8.725117655022224944e-03,-8.834293963424308394e-02,0.000000000000000000e+00
7.040000000000000036e+00,-2.020114878449165430e-01,1.827289087087012043e-01,-9.128901350740249374e-03,-8.552470457439190210e-03,-8.869325506000610981e-02,0.000000000000000000e+00
7.044999999999999929e+00,-2.010991788118481616e-01,1.821944788818440630e-01,-9.171235103788545270e-03,-8.381271713924805591e-03,-8.903568399631961450e-02,0.000000000000000000e+00
7.049999999999999822e+00,-2.001895452797635699e-01,1.816587148237166771e-01,-9.212716472822419372e-03,-8.211515931259962334e-03,-8.937029892991985025e-02,0.000000000000000000e+00
7.054999999999999716e+00,-1.992825938225102345e-01,1.811216553942356922e-01,-9.253352658791451357e-03,-8.043197558011737705e-03,-8.969717197608484405e-02,0.000000000000000000e+00
7.060000000000000497e+00,-1.983783308205888385e-01,1.805833390725480048e-01,-9.293150834745932121e-03,-7.876310986168566161e-03,-9.001637487752181532e-02,0.000000000000000000e+00
7.065000000000000391e+00,-1.974767624630517360e-01,1.800438039592096029e-01,-9.332118145558013916e-03,-7.710850552751973529e-03,-9.032797900331464291e-02,0.000000000000000000e+00
7.070000000000000284e+00,-1.965778947493904416e-01,1.795030877783664325e-01,-9.370261707650850633e-03,-7.546810541405105793e-03,-9.063205534792950768e-02,0.000000000000000000e+00
7.075000000000000178e+00,-1.956817334914122131e-01,1.789612278799368184e-01,-9.407588608735632796e-03,-7.384185183958310097e-03,-9.092867453027886349e-02,0.000000000000000000e+00
7.080000000000000071e+00,-1.947882843151057253e-01,1.784182612417952729e-01,-9.444105907556390664e-03,-7.222968661971988259e-03,-9.121790679284211278e-02,0.000000000000000000e+00
7.084999999999999964e+00,-1.938975526624958645e-01,1.778742244719574150e-01,-9.479820633642452657e-03,-7.063155108256981285e-03,-9.149982200084240402e-02,0.000000000000000000e+00
7.089999999999999858e+00,-1.930095437934875036e-01,1.773291538107658050e-01,-9.514739787068453303e-03,-6.904738608372706053e-03,-9.177448964147788546e-02,0.000000000000000000e+00
7.094999999999999751e+00,-1.921242627876984244e-01,1.767830851330763897e-01,-9.548870338221776208e-03,-6.747713202103287899e-03,-9.204197882320756807e-02,0.000000000000000000e+00
7.100000000000000533e+00,-1.912417145462813328e-01,1.762360539504452261e-01,-9.582219227577321030e-03,-6.592072884911928492e-03,-9.230235827508993796e-02,0.000000000000000000e+00
7.105000000000000426e+00,-1.903619037937347991e-01,1.756880954133155370e-01,-9.614793365479492107e-03,-6.437811609373722370e-03,-9.255569634617377694e-02,0.000000000000000000e+00
7.110000000000000320e+00,-1.894848350797034564e-01,1.751392443132044063e-01,-9.646599631931292509e-03,-6.284923286587181489e-03,-9.280206100494040045e-02,0.000000000000000000e+00
7.115000000000000213e+00,-1.886105127807670423e-01,1.745895350848893635e-01,-9.677644876390428114e-03,-6.133401787564668993e-03,-9.304151983879623000e-02,0.000000000000000000e+00
7.120000000000000107e+00,-1.877389411022187538e-01,1.740390018085943291e-01,-9.707935917572308934e-03,-5.983240944601992024e-03,-9.327414005361497895e-02,0.000000000000000000e+00
7.125000000000000000e+00,-1.868701240798325003e-01,1.734876782121747285e-01,-9.737479543259847103e-03,-5.834434552627369534e-03,-9.349998847332820218e-02,0.000000000000000000e+00
7.129999999999999893e+00,-1.860040655816192767e-01,1.729355976733017164e-01,-9.766282510119947413e-03,-5.686976370529998881e-03,-9.371913153956396014e-02,0.000000000000000000e+00
7.134999999999999787e+00,-1.851407693095726004e-01,1.723827932216450975e-01,-9.794351543526595011e-03,-5.540860122468454531e-03,-9.393163531133243149e-02,0.000000000000000000e+00
7.140000000000000568e+00,-1.842802388014031512e-01,1.718292975410548040e-01,-9.821693337390430961e-03,-5.396079499159127033e-03,-9.413756546475757214e-02,0.000000000000000000e+00
7.145000000000000462e+00,-1.834224774322623375e-01,1.712751429717409291e-01,-9.848314553994716794e-03,-5.252628159144933848e-03,-9.433698729285382167e-02,0.000000000000000000e+00
7.150000000000000355e+00,-1.825674884164550926e-01,1.707203615124517071e-01,-9.874221823837603038e-03,-5.110499730044518012e-03,-9.452996570534775989e-02,0.000000000000000000e+00
7.155000000000000249e+00,-1.817152748091417080e-01,1.701649848226495509e-01,-9.899421745480588980e-03,-4.969687809782144527e-03,-9.471656522854325633e-02,0.000000000000000000e+00
7.160000000000000142e+00,-1.808658395080288694e-01,1.696090442246849517e-01,-9.923920885403086922e-03,-4.830185967798520871e-03,-9.489685000522943281e-02,0.000000000000000000e+00
7.165000000000000036e+00,-1.800191852550497573e-01,1.690525707059678251e-01,-9.947725777862988575e-03,-4.691987746242747177e-03,-9.507088379463089767e-02,0.000000000000000000e+00
7.169999999999999929e+00,-1.791753146380333228e-01,1.684955949211363879e-01,-9.970842924763152065e-03,-4.555086661145611206e-03,-9.523872997239922478e-02,0.000000000000000000e+00
7.174999999999999822e+00,-1.783342300923627666e-01,1.679381471942231752e-01,-9.993278795523702004e-03,-4.419476203574440598e-03,-9.540045153064498351e-02,0.000000000000000000e+00
7.179999999999999716e+00,-1.774959339026231098e-01,1.673802575208181431e-01,-1.001503982696006455e-02,-4.285149840769717118e-03,-9.555611107800993098e-02,0.000000000000000000e+00
7.185000000000000497e+00,-1.766604282042380514e-01,1.668219555702285528e-01,-1.003613242316663511e-02,-4.152101017263664512e-03,-9.570577083977793720e-02,0.000000000000000000e+00
7.190000000000000391e+00,-1.758277149850959453e-01,1.662632706876356892e-01,-1.005656295540599370e-02,-4.020323155981009484e-03,-9.584949265802431007e-02,0.000000000000000000e+00
7.195000000000000284e+00,-1.749977960871650917e-01,1.657042318962480554e-01,-1.007633776200358988e-02,-3.889809659322130461e-03,-9.598733799180311776e-02,0.000000000000000000e+00
7.200000000000000178e+00,-1.741706732080982034e-01,1.651448678994507924e-01,-1.009546314824778454e-02,-3.760553910228783651e-03,-9.611936791737102359e-02,0.000000000000000000e+00
7.205000000000000071e+00,-1.733463479028261311e-01,1.645852070829515734e-01,-1.011394538629518947e-02,-3.632549273232616761e-03,-9.624564312844774427e-02,0.000000000000000000e+00
7.209999999999999964e+00,-1.725248215851409028e-01,1.640252775169222521e-01,-1.013179071508120248e-02,-3.505789095486665490e-03,-9.636622393651160523e-02,0.000000000000000000e+00
7.214999999999999858e+00,-1.717060955292681046e-01,1.634651069581365967e-01,-1.014900534023565649e-02,-3.380266707780031459e-03,-9.648117027113052580e-02,0.000000000000000000e+00
7.219999999999999751e+00,-1.708901708714285206e-01,1.629047228521037227e-01,-1.016559543400350450e-02,-3.255975425535935410e-03,-9.659054168032674137e-02,0.000000000000000000e+00
7.225000000000000533e+00,-1.700770486113890589e-01,1.623441523351970284e-01,-1.018156713517044676e-02,-3.132908549793344318e-03,-9.669439733097515144e-02,0.000000000000000000e+00
7.230000000000000426e+00,-1.692667296140032418e-01,1.617834222367787178e-01,-1.019692654899343603e-02,-3.011059368172358010e-03,-9.679279600923472449e-02,0.000000000000000000e+00
7.235000000000000320e+00,-1.684592146107408150e-01,1.612225590813194664e-01,-1.021167974713595682e-02,-2.890421155823555237e-03,-9.688579612101190508e-02,0.000000000000000000e+00
7.240000000000000213e+00,-1.676545042012070608e-01,1.606615890905134236e-01,-1.022583276760802122e-02,-2.770987176361479169e-03,-9.697345569245575947e-02,0.000000000000000000e+00
7.245000000000000107e+00,-1.668525988546512850e-01,1.601005381853881360e-01,-1.023939161471078794e-02,-2.652750682782457469e-03,-9.705583237048379108e-02,0.000000000000000000e+00
7.250000000000000000e+00,-1.660534989114649529e-01,1.595394319884093082e-01,-1.025236225898573834e-02,-2.535704918366940390e-03,-9.713298342333871738e-02,0.000000000000000000e+00
7.254999999999999893e+00,-1.652572045846692483e-01,1.589782958255805678e-01,-1.026475063716831421e-02,-2.419843117566537749e-03,-9.720496574117412636e-02,0.000000000000000000e+00
7.259999999999999787e+00,-1.644637159613921151e-01,1.584171547285375681e-01,-1.027656265214596520e-02,-2.305158506875944289e-03,-9.727183583666992872e-02,0.000000000000000000e+00
7.265000000000000568e+00,-1.636730330043348614e-01,1.578560334366369000e-01,-1.028780417292050886e-02,-2.191644305689929070e-03,-9.733364984567585698e-02,0.000000000000000000e+00
7.270000000000000462e+00,-1.628851555532284112e-01,1.572949563990391486e-01,-1.029848103457474580e-02,-2.079293727145574075e-03,-9.739046352788335859e-02,0.000000000000000000e+00
7.275000000000000355e+00,-1.621000833262790097e-01,1.567339477767863976e-01,-1.030859903824324353e-02,-1.968099978949932032e-03,-9.744233226752441190e-02,0.000000000000000000e+00
7.280000000000000249e+00,-1.613178159216037133e-01,1.561730314448739054e-01,-1.031816395108722979e-02,-1.858056264193289498e-03,-9.748931107409726515e-02,0.000000000000000000e+00
7.285000000000000142e+00,-1.605383528186553888e-01,1.556122309943156201e-01,-1.032718150627350701e-02,-1.749155782148201091e-03,-9.753145458311844596e-02,0.000000000000000000e+00
7.290000000000000036e+00,-1.597616933796374705e-01,1.550515697342039756e-01,-1.033565740295733400e-02,-1.641391729054475068e-03,-9.756881705690036155e-02,0.000000000000000000e+00
7.294999999999999929e+00,-1.589878368509085038e-01,1.544910706937631939e-01,-1.034359730626919702e-02,-1.534757298890278504e-03,-9.760145238535408718e-02,0.000000000000000000e+00
7.299999999999999822e+00,-1.582167823643762794e-01,1.539307566243965086e-01,-1.035100684730540059e-02,-1.429245684129532533e-03,-9.762941408681655164e-02,0.000000000000000000e+00
7.304999999999999716e+00,-1.574485289388818932e-01,1.533706500017270047e-01,-1.035789162312241059e-02,-1.324850076485765233e-03,-9.765275530890191180e-02,0.000000000000000000e+00
7.310000000000000497e+00,-1.566830754815735083e-01,1.528107730276319076e-01,-1.036425719673488184e-02,-1.221563667642593500e-03,-9.767152882937629732e-02,0.000000000000000000e+00
7.315000000000000391e+00,-1.559204207892700700e-01,1.522511476322704060e-01,-1.037010909711731307e-02,-1.119379649970993033e-03,-9.768578705705555087e-02,0.000000000000000000e+00
7.320000000000000284e+00,-1.551605635498148061e-01,1.516917954761046738e-01,-1.037545281920924239e-02,-1.018291217233526251e-03,-9.769558203272567243e-02,0.000000000000000000e+00
7.325000000000000178e+00,-1.544035023434186804e-01,1.511327379519143421e-01,-1.038029382392394694e-02,-9.182915652756856425e-04,-9.770096543008476020e-02,0.000000000000000000e+00
7.330000000000000071e+00,-1.536492356439937701e-01,1.505739961868038657e-01,-1.038463753816055123e-02,-8.193738927045171637e-04,-9.770198855670693405e-02,0.000000000000000000e+00
7.334999999999999964e+00,-1.528977618204766520e-01,1.500155910442032559e-01,-1.038848935481950959e-02,-7.215314015546801059e-04,-9.769870235502671474e-02,0.000000000000000000e+00
7.339999999999999858e+00,-1.521490791381417684e-01,1.494575431258614862e-01,-1.039185463282138455e-02,-6.247572979421032622e-04,-9.769115740334433085e-02,0.000000000000000000e+00
7.344999999999999751e+00,-1.514031857599049125e-01,1.488998727738330974e-01,-1.039473869712886044e-02,-5.290447927053925367e-04,-9.767940391685091261e-02,0.000000000000000000e+00
7.350000000000000533e+00,-1.506600797476166931e-01,1.483426000724574201e-01,-1.039714683877193332e-02,-4.343871020351448191e-04,-9.766349174867283711e-02,0.000000000000000000e+00
7.355000000000000426e+00,-1.499197590633462029e-01,1.477857448503305804e-01,-1.039908431487622173e-02,-3.407774480913234932e-04,-9.764347039093591862e-02,0.000000000000000000e+00
7.360000000000000320e+00,-1.491822215706548327e-01,1.472293266822702340e-01,-1.040055634869433039e-02,-2.482090596088410242e-04,-9.761938897584740427e-02,0.000000000000000000e+00
7.365000000000000213e+00,-1.484474650358602321e-01,1.466733648912728616e-01,-1.040156812964021862e-02,-1.566751724915093572e-04,-9.759129627679666297e-02,0.000000000000000000e+00
7.370000000000000107e+00,-1.477154871292905569e-01,1.461178785504635425e-01,-1.040212481332650034e-02,-6.616903039449667588e-05,-9.755924070947333271e-02,0.000000000000000000e+00
7.375000000000000000e+00,-1.469862854265289731e-01,1.455628864850382342e-01,-1.040223152160463585e-02,2.331611470455591728e-05,-9.752327033300296766e-02,0.000000000000000000e+00
7.379999999999999893e+00,-1.462598574096484749e-01,1.450084072741984753e-01,-1.040189334260794955e-02,1.117870019456142211e-04,-9.748343285109929701e-02,0.000000000000000000e+00
7.384999999999999787e+00,-1.455362004684370159e-01,1.444544592530782601e-01,-1.040111533079741794e-02,1.992503610373815145e-04,-9.743977561323308167e-02,0.000000000000000000e+00
7.390000000000000568e+00,-1.448153119016130086e-01,1.439010605146633093e-01,-1.039990250701017423e-02,2.857129117193384039e-04,-9.739234561581674998e-02,0.000000000000000000e+00
7.395000000000000462e+00,-1.440971889180313881e-01,1.433482289117024855e-01,-1.039825985851067745e-02,3.711813632345484465e-04,-9.734118950340506227e-02,0.000000000000000000e+00
7.400000000000000355e+00,-1.433818286378799045e-01,1.427959820586112982e-01,-1.039619233904449415e-02,4.556624138130919359e-04,-9.728635356991047201e-02,0.000000000000000000e+00
7.405000000000000249e+00,-1.426692280938661461e-01,1.422443373333676375e-01,-1.039370486889462479e-02,5.391627501659856849e-04,-9.722788375983335007e-02,0.000000000000000000e+00
7.410000000000000142e+00,-1.419593842323949862e-01,1.416933118793992641e-01,-1.039080233494035083e-02,6.216890469894539167e-04,-9.716582566950700273e-02,0.000000000000000000e+00
7.415000000000000036e+00,-1.412522939147365930e-01,1.411429226074635557e-01,-1.038748959071852072e-02,7.032479664794139126e-04,-9.710022454835615102e-02,0.000000000000000000e+00
7.419999999999999929e+00,-1.405479539181851145e-01,1.405931861975189268e-01,-1.038377145648724728e-02,7.838461578560402404e-04,-9.703112530016941295e-02,0.000000000000000000e+00
7.424999999999999822e+00,-1.398463609372080363e-01,1.400441191005883379e-01,-1.037965271929195549e-02,8.634902568982760502e-04,-9.695857248438458087e-02,0.000000000000000000e+00
7.429999999999999716e+00,-1.391475115845862143e-01,1.394957375406143674e-01,-1.037513813303372716e-02,9.421868854881594894e-04,-9.688261031738724938e-02,0.000000000000000000e+00
7.435000000000000497e+00,-1.384514023925446369e-01,1.389480575163062337e-01,-1.037023241853990939e-02,1.019942651164832586e-03,-9.680328267382184992e-02,0.000000000000000000e+00
7.440000000000000391e+00,-1.377580298138739723e-01,1.384010948029785470e-01,-1.036494026363692089e-02,1.096764146688106829e-03,-9.672063308791416236e-02,0.000000000000000000e+00
7.445000000000000284e+00,-1.370673902230429841e-01,1.378548649543815952e-01,-1.035926632322522155e-02,1.172657949611453400e-03,-9.663470475480651078e-02,0.000000000000000000e+00
7.450000000000000178e+00,-1.363794799173018435e-01,1.373093833045233858e-01,-1.035321521935639311e-02,1.247630621864294874e-03,-9.654554053190390894e-02,0.000000000000000000e+00
7.455000000000000071e+00,-1.356942951177762258e-01,1.367646649694832794e-01,-1.034679154131228247e-02,1.321688709343472748e-03,-9.645318294023109973e-02,0.000000000000000000e+00
7.459999999999999964e+00,-1.350118319705524983e-01,1.362207248492171008e-01,-1.033999984568616595e-02,1.394838741513764260e-03,-9.635767416580076627e-02,0.000000000000000000e+00
7.464999999999999858e+00,-1.343320865477537485e-01,1.356775776293538682e-01,-1.033284465646589455e-02,1.467087231017329347e-03,-9.625905606099172118e-02,0.000000000000000000e+00
7.469999999999999751e+00,-1.336550548486070689e-01,1.351352377829839191e-01,-1.032533046511896133e-02,1.538440673291962407e-03,-9.615737014593762899e-02,0.000000000000000000e+00
7.475000000000000533e+00,-1.329807328005017109e-01,1.345937195724385693e-01,-1.031746173067945790e-02,1.608905546198035686e-03,-9.605265760992480473e-02,0.000000000000000000e+00
7.480000000000000426e+00,-1.323091162600384951e-01,1.340530370510611691e-01,-1.030924287983688188e-02,1.678488309654004159e-03,-9.594495931280010159e-02,0.000000000000000000e+00
7.485000000000000320e+00,-1.316402010140703127e-01,1.335132040649694984e-01,-1.030067830702673624e-02,1.747195405280367424e-03,-9.583431578638748616e-02,0.000000000000000000e+00
7.490000000000000213e+00,-1.309739827807338552e-01,1.329742342548095313e-01,-1.029177237452289125e-02,1.815033256051961936e-03,-9.572076723591343983e-02,0.000000000000000000e+00
7.495000000000000107e+00,-1.303104572104726300e-01,1.324361410575005948e-01,-1.028252941253166713e-02,1.882008265958473679e-03,-9.560435354144097841e-02,0.000000000000000000e+00
7.500000000000000000e+00,-1.296496198870512873e-01,1.318989377079717862e-01,-1.027295371928758916e-02,1.948126819673056103e-03,-9.548511425931188734e-02,0.000000000000000000e+00
7.504999999999999893e+00,-1.289914663285611496e-01,1.313626372408896736e-01,-1.026304956115078534e-02,2.013395282228941461e-03,-9.536308862359645089e-02,0.000000000000000000e+00
7.509999999999999787e+00,-1.283359919884173306e-01,1.308272524923772273e-01,-1.025282117270597503e-02,2.077819998703932334e-03,-9.523831554755124440e-02,0.000000000000000000e+00
7.515000000000000568e+00,-1.276831922563470834e-01,1.302927961017240344e-01,-1.024227275686302209e-02,2.141407293912665159e-03,-9.511083362508400418e-02,0.000000000000000000e+00
7.520000000000000462e+00,-1.270330624593697666e-01,1.297592805130876326e-01,-1.023140848495899743e-02,2.204163472106534290e-03,-9.498068113222543629e-02,0.000000000000000000e+00
7.525000000000000355e+00,-1.263855978627682342e-01,1.292267179771861563e-01,-1.022023249686173849e-02,2.266094816681172956e-03,-9.484789602860797808e-02,0.000000000000000000e+00
7.530000000000000249e+00,-1.257407936710518981e-01,1.286951205529821007e-01,-1.020874890107483814e-02,2.327207589891378339e-03,-9.471251595895086028e-02,0.000000000000000000e+00
7.535000000000000142e+00,-1.250986450289111873e-01,1.281645001093571490e-01,-1.019696177484404574e-02,2.387508032573381483e-03,-9.457457825455130307e-02,0.000000000000000000e+00
7.540000000000000036e+00,-1.244591470221638740e-01,1.276348683267783113e-01,-1.018487516426504202e-02,2.447002363874353163e-03,-9.443411993478185995e-02,0.000000000000000000e+00
7.544999999999999929e+00,-1.238222946786929901e-01,1.271062366989550441e-01,-1.017249308439254624e-02,2.505696780989044234e-03,-9.429117770859322956e-02,0.000000000000000000e+00
7.549999999999999822e+00,-1.231880829693764723e-01,1.265786165344875147e-01,-1.015981951935071743e-02,2.563597458903458127e-03,-9.414578797602260463e-02,0.000000000000000000e+00
7.554999999999999716e+00,-1.225565068090086057e-01,1.260520189585060402e-01,-1.014685842244482904e-02,2.620710550145454853e-03,-9.399798682970700314e-02,0.000000000000000000e+00
7.560000000000000497e+00,-1.219275610572133073e-01,1.255264549143015052e-01,-1.013361371627416810e-02,2.677042184542185923e-03,-9.384781005640172036e-02,0.000000000000000000e+00
7.565000000000000391e+00,-1.213012405193492627e-01,1.250019351649468424e-01,-1.012008929284612981e-02,2.732598468984262594e-03,-9.369529313850324947e-02,0.000000000000000000e+00
7.570000000000000284e+00,-1.206775399474069588e-01,1.244784702949097155e-01,-1.010628901369147598e-02,2.787385487196559000e-03,-9.354047125557676812e-02,0.000000000000000000e+00
7.575000000000000178e+00,-1.200564540408977227e-01,1.239560707116561245e-01,-1.009221670998072286e-02,2.841409299515550418e-03,-9.338337928588764936e-02,0.000000000000000000e+00
7.580000000000000071e+00,-1.194379774477347389e-01,1.234347466472451166e-01,-1.007787618264162875e-02,2.894675942673099068e-03,-9.322405180793701118e-02,0.000000000000000000e+00
7.584999999999999964e+00,-1.188221047651061013e-01,1.229145081599145317e-01,-1.006327120247774154e-02,2.947191429586585535e-03,-9.306252310200102684e-02,0.000000000000000000e+00
7.589999999999999858e+00,-1.182088305403399819e-01,1.223953651356577826e-01,-1.004840551028798531e-02,2.998961749155294731e-03,-9.289882715167369076e-02,0.000000000000000000e+00
7.594999999999999751e+00,-1.175981492717619314e-01,1.218773272897916565e-01,-1.003328281698724449e-02,3.049992866062964034e-03,-9.273299764541263757e-02,0.000000000000000000e+00
7.600000000000000533e+00,-1.169900554095443662e-01,1.213604041685151930e-01,-1.001790680372792453e-02,3.100290720586406853e-03,-9.256506797808840281e-02,0.000000000000000000e+00
7.605000000000000426e+00,-1.163845433565482562e-01,1.208446051504595414e-01,-1.000228112202244946e-02,3.149861228410109730e-03,-9.239507125253620945e-02,0.000000000000000000e+00
7.610000000000000320e+00,-1.157816074691571245e-01,1.203299394482288537e-01,-9.986409393866680501e-03,3.198710280446728782e-03,-9.222304028111051599e-02,0.000000000000000000e+00
7.615000000000000213e+00,-1.151812420581033447e-01,1.198164161099322250e-01,-9.970295211864203810e-03,3.246843742663382739e-03,-9.204900758724182674e-02,0.000000000000000000e+00
7.620000000000000107e+00,-1.145834413892868192e-01,1.193040440207066566e-01,-9.953942139351489027e-03,3.294267455913667524e-03,-9.187300540699605556e-02,0.000000000000000000e+00
7.625000000000000000e+00,-1.139881996845860390e-01,1.187928319042310527e-01,-9.937353710523857964e-03,3.340987235775297413e-03,-9.169506569063547163e-02,0.000000000000000000e+00
7.629999999999999893e+00,-1.133955111226616075e-01,1.182827883242312111e-01,-9.920533430562263402e-03,3.387008872393290366e-03,-9.151522010418161601e-02,0.000000000000000000e+00
7.634999999999999787e+00,-1.128053698397522564e-01,1.177739216859759047e-01,-9.903484775760829431e-03,3.432338130328616878e-03,-9.133350003098014702e-02,0.000000000000000000e+00
7.640000000000000568e+00,-1.122177699304634096e-01,1.172662402377639551e-01,-9.886211193655142920e-03,3.476980748412222127e-03,-9.114993657326658782e-02,0.000000000000000000e+00
7.645000000000000462e+00,-1.116327054485483639e-01,1.167597520724024118e-01,-9.868716103151254498e-03,3.520942439604346410e-03,-9.096456055373369765e-02,0.000000000000000000e+00
7.650000000000000355e+00,-1.110501704076820306e-01,1.162544651286757103e-01,-9.851002894655371683e-03,3.564228890859054075e-03,-9.077740251709955077e-02,0.000000000000000000e+00
7.655000000000000249e+00,-1.104701587822274206e-01,1.157503871928059480e-01,-9.833074930204221617e-03,3.606845762993898547e-03,-9.058849273167705884e-02,0.000000000000000000e+00
7.660000000000000142e+00,-1.098926645079948000e-01,1.152475258999041685e-01,-9.814935543596046974e-03,3.648798690564638864e-03,-9.039786119094368744e-02,0.000000000000000000e+00
7.665000000000000036e+00,-1.093176814829936727e-01,1.147458887354127904e-01,-9.796588040522217697e-03,3.690093281744931831e-03,-9.020553761511172775e-02,0.000000000000000000e+00
7.669999999999999929e+00,-1.087452035681774898e-01,1.142454830365390583e-01,-9.778035698699430803e-03,3.730735118210919132e-03,-9.001155145269917890e-02,0.000000000000000000e+00
7.674999999999999822e+00,-1.081752245881812957e-01,1.137463159936796253e-01,-9.759281768002479179e-03,3.770729755030635243e-03,-8.981593188210065803e-02,0.000000000000000000e+00
7.679999999999999716e+00,-1.076077383320522413e-01,1.132483946518361984e-01,-9.740329470597556411e-03,3.810082720558158505e-03,-8.961870781315846302e-02,0.000000000000000000e+00
7.685000000000000497e+00,-1.070427385539729909e-01,1.127517259120223436e-01,-9.721182001076083753e-03,3.848799516332433810e-03,-8.941990788873317719e-02,0.000000000000000000e+00
7.690000000000000391e+00,-1.064802189739782190e-01,1.122563165326614099e-01,-9.701842526589026308e-03,3.886885616980685805e-03,-8.921956048627427416e-02,0.000000000000000000e+00
7.695000000000000284e+00,-1.059201732786640704e-01,1.117621731309755700e-01,-9.682314186981686235e-03,3.924346470126354944e-03,-8.901769371939022291e-02,0.000000000000000000e+00
7.700000000000000178e+00,-1.053625951218906814e-01,1.112693021843659952e-01,-9.662600094928940064e-03,3.961187496301484846e-03,-8.881433543941792685e-02,0.000000000000000000e+00
7.705000000000000071e+00,-1.048074781254779014e-01,1.107777100317842989e-01,-9.642703336070907946e-03,3.997414088863485496e-03,-8.860951323699127469e-02,0.000000000000000000e+00
7.709999999999999964e+00,-1.042548158798940749e-01,1.102874028750950308e-01,-9.622626969149025364e-03,4.033031613916201151e-03,-8.840325444360913609e-02,0.000000000000000000e+00
7.714999999999999858e+00,-1.037046019449381490e-01,1.097983867804294550e-01,-9.602374026142496480e-03,4.068045410235218359e-03,-8.819558613320178930e-02,0.000000000000000000e+00
7.719999999999999751e+00,-1.031568298504149245e-01,1.093106676795305293e-01,-9.581947512405118716e-03,4.102460789197339905e-03,-8.798653512369677965e-02,0.000000000000000000e+00
7.725000000000000533e+00,-1.026114930968036881e-01,1.088242513710890869e-01,-9.561350406802440402e-03,4.136283034714158778e-03,-8.777612797858273808e-02,0.000000000000000000e+00
7.730000000000000426e+00,-1.020685851559201274e-01,1.083391435220712740e-01,-9.540585661849246280e-03,4.169517403169665376e-03,-8.756439100847245027e-02,0.000000000000000000e+00
7.735000000000000320e+00,-1.015280994715716534e-01,1.078553496690372870e-01,-9.519656203847341389e-03,4.202169123361815944e-03,-8.735135027266366370e-02,0.000000000000000000e+00
7.740000000000000213e+00,-1.009900294602061738e-01,1.073728752194513525e-01,-9.498564933023622911e-03,4.234243396448008484e-03,-8.713703158069865951e-02,0.000000000000000000e+00
7.745000000000000107e+00,-1.004543685115542873e-01,1.068917254529830052e-01,-9.477314723668407020e-03,4.265745395894384590e-03,-8.692146049392164564e-02,0.000000000000000000e+00
7.750000000000000000e+00,-9.992110998926505283e-02,1.064119055227997629e-01,-9.455908424274005533e-03,4.296680267428909517e-03,-8.670466232703422094e-02,0.000000000000000000e+00
7.754999999999999893e+00,-9.939024723153526419e-02,1.059334204568510435e-01,-9.434348857673526337e-03,4.327053128998154148e-03,-8.648666214964888244e-02,0.000000000000000000e+00
7.759999999999999787e+00,-9.886177355173235426e-02,1.054562751591435060e-01,-9.412638821179883722e-03,4.356869070727723350e-03,-8.626748478784014573e-02,0.000000000000000000e+00
7.765000000000000568e+00,-9.833568223901092975e-02,1.049804744110077598e-01,-9.390781086724990859e-03,4.386133154886268266e-03,-8.604715482569319507e-02,0.000000000000000000e+00
7.770000000000000462e+00,-9.781196655892303304e-02,1.045060228723564688e-01,-9.368778400999127481e-03,4.414850415853015762e-03,-8.582569660685039625e-02,0.000000000000000000e+00
7.775000000000000355e+00,-9.729061975402206186e-02,1.040329250829339219e-01,-9.346633485590461962e-03,4.443025860088762984e-03,-8.560313423605478422e-02,0.000000000000000000e+00
7.780000000000000249e+00,-9.677163504446052722e-02,1.035611854635570261e-01,-9.324349037124708695e-03,4.470664466110271101e-03,-8.537949158069119138e-02,0.000000000000000000e+00
7.785000000000000142e+00,-9.625500562858162190e-02,1.030908083173477374e-01,-9.301927727404906907e-03,4.497771184468002739e-03,-8.515479227232472526e-02,0.000000000000000000e+00
7.790000000000000036e+00,-9.574072468350459941e-02,1.026217978309570678e-01,-9.279372203551298354e-03,4.524350937727142363e-03,-8.492905970823541595e-02,0.000000000000000000e+00
7.794999999999999929e+00,-9.522878536570410224e-02,1.021541580757805712e-01,-9.256685088141296952e-03,4.550408620451842391e-03,-8.470231705295111491e-02,0.000000000000000000e+00
7.799999999999999822e+00,-9.471918081158343938e-02,1.016878930091653505e-01,-9.233868979349522596e-03,4.575949099192641242e-03,-8.447458723977620265e-02,0.000000000000000000e+00
7.805000000000000604e+00,-9.421190413804177155e-02,1.012230064756086817e-01,-9.210926451087899161e-03,4.600977212476993483e-03,-8.424589297231779850e-02,0.000000000000000000e+00
7.810000000000000497e+00,-9.370694844303543991e-02,1.007595022079482150e-01,-9.187860053145783731e-03,4.625497770802860890e-03,-8.401625672600804284e-02,0.000000000000000000e+00
7.815000000000000391e+00,-9.320430680613327190e-02,1.002973838285437791e-01,-9.164672311330125318e-03,4.649515556635303720e-03,-8.378570074962346514e-02,0.000000000000000000e+00
7.820000000000000284e+00,-9.270397228906605835e-02,9.983665485045087329e-02,-9.141365727605632249e-03,4.673035324406022741e-03,-8.355424706680053548e-02,0.000000000000000000e+00
7.825000000000000178e+00,-9.220593793627011869e-02,9.937731867858577706e-02,-9.117942780234932626e-03,4.696061800515799987e-03,-8.332191747754769118e-02,0.000000000000000000e+00
7.830000000000000071e+00,-9.171019677542514847e-02,9.891937861088244410e-02,-9.094405923918717424e-03,4.718599683339778396e-03,-8.308873355975368580e-02,0.000000000000000000e+00
7.834999999999999964e+00,-9.121674181798623826e-02,9.846283783944104195e-02,-9.070757589935850643e-03,4.740653643235540407e-03,-8.285471667069205237e-02,0.000000000000000000e+00
7.839999999999999858e+00,-9.072556605971016097e-02,9.800769945166826203e-02,-9.047000186283429141e-03,4.762228322553918765e-03,-8.261988794852191675e-02,0.000000000000000000e+00
7.844999999999999751e+00,-9.023666248117605260e-02,9.755396643140949731e-02,-9.023136097816785231e-03,4.783328335652502206e-03,-8.238426831378450887e-02,0.000000000000000000e+00
7.850000000000000533e+00,-8.975002404830037528e-02,9.710164166007267950e-02,-8.999167686389412946e-03,4.803958268911778795e-03,-8.214787847089591311e-02,0.000000000000000000e+00
7.855000000000000426e+00,-8.926564371284631538e-02,9.665072791774413641e-02,-8.975097290992807564e-03,4.824122680753870074e-03,-8.191073890963553039e-02,0.000000000000000000e+00
7.860000000000000320e+00,-8.878351441292763047e-02,9.620122788429615046e-02,-8.950927227896207997e-03,4.843826101663804840e-03,-8.167286990663058521e-02,0.000000000000000000e+00
7.865000000000000213e+00,-8.830362907350694512e-02,9.575314414048652356e-02,-8.926659790786221210e-03,4.863073034213289195e-03,-8.143429152683610839e-02,0.000000000000000000e+00
7.870000000000000107e+00,-8.782598060688860675e-02,9.530647916905005124e-02,-8.902297250906323484e-03,4.881867953086921688e-03,-8.119502362501040960e-02,0.000000000000000000e+00
7.875000000000000000e+00,-8.735056191320610119e-02,9.486123535578190602e-02,-8.877841857196228093e-03,4.900215305110803242e-03,-8.095508584718678902e-02,0.000000000000000000e+00
7.879999999999999893e+00,-8.687736588090404222e-02,9.441741499061309661e-02,-8.853295836431098603e-03,4.918119509283504567e-03,-8.071449763213986439e-02,0.000000000000000000e+00
7.884999999999999787e+00,-8.640638538721481798e-02,9.397502026867786407e-02,-8.828661393360606041e-03,4.935584956809337294e-03,-8.047327821284801230e-02,0.000000000000000000e+00
7.890000000000000568e+00,-8.593761329862993625e-02,9.353405329137313984e-02,-8.803940710847814322e-03,4.952616011133887178e-03,-8.023144661795107713e-02,0.000000000000000000e+00
7.895000000000000462e+00,-8.547104247136605437e-02,9.309451606741014906e-02,-8.779135950007874861e-03,4.969217007981764286e-03,-7.998902167320298684e-02,0.000000000000000000e+00
7.900000000000000355e+00,-8.500666575182583284e-02,9.265641051385804794e-02,-8.754249250346537309e-03,4.985392255396526792e-03,-7.974602200291990017e-02,0.000000000000000000e+00
7.905000000000000249e+00,-8.454447597705351536e-02,9.221973845717974794e-02,-8.729282729898448639e-03,5.001146033782733272e-03,-7.950246603142374635e-02,0.000000000000000000e+00
7.910000000000000142e+00,-8.408446597518540178e-02,9.178450163425988517e-02,-8.704238485365238878e-03,5.016482595950083612e-03,-7.925837198448025533e-02,0.000000000000000000e+00
7.915000000000000036e+00,-8.362662856589521410e-02,9.135070169342504598e-02,-8.679118592253381309e-03,5.031406167159601685e-03,-7.901375789073267208e-02,0.000000000000000000e+00
7.919999999999999929e+00,-8.317095656083429989e-02,9.091834019545616541e-02,-8.653925105011815028e-03,5.045920945171822498e-03,-7.876864158313015563e-02,0.000000000000000000e+00
7.924999999999999822e+00,-8.271744276406686747e-02,9.048741861459327906e-02,-8.628660057169324632e-03,5.060031100296942183e-03,-7.852304070035096006e-02,0.000000000000000000e+00
7.930000000000000604e+00,-8.226607997250022508e-02,9.005793833953246175e-02,-8.603325461471661439e-03,5.073740775446883983e-03,-7.827697268822095267e-02,0.000000000000000000e+00
7.935000000000000497e+00,-8.181686097630996857e-02,8.962990067441523045e-02,-8.577923310018399292e-03,5.087054086189254226e-03,-7.803045480112646981e-02,0.000000000000000000e+00
7.940000000000000391e+00,-8.136977855936035342e-02,8.920330683981024522e-02,-8.552455574399521476e-03,5.099975120803127565e-03,-7.778350410342239896e-02,0.000000000000000000e+00
7.945000000000000284e+00,-8.092482549961967087e-02,8.877815797368741879e-02,-8.526924205831716216e-03,5.112507940336645865e-03,-7.753613747083464014e-02,0.000000000000000000e+00
7.950000000000000178e+00,-8.048199456957084996e-02,8.835445513238446291e-02,-8.501331135294384195e-03,5.124656578666372635e-03,-7.728837159185723837e-02,0.000000000000000000e+00
7.955000000000000071e+00,-8.004127853661721637e-02,8.793219929156591286e-02,-8.475678273665345971e-03,5.136425042558380449e-03,-7.704022296914464496e-02,0.000000000000000000e+00
7.959999999999999964e+00,-7.960267016348347713e-02,8.751139134717468571e-02,-8.449967511856238886e-03,5.147817311731019314e-03,-7.679170792089777542e-02,0.000000000000000000e+00
7.964999999999999858e+00,-7.916616220861194542e-02,8.709203211637611686e-02,-8.424200720947591300e-03,5.158837338919342562e-03,-7.654284258224530735e-02,0.000000000000000000e+00
7.969999999999999751e+00,-7.873174742655411618e-02,8.667412233849459968e-02,-8.398379752323581124e-03,5.169489049941145171e-03,-7.629364290661914960e-02,0.000000000000000000e+00
7.975000000000000533e+00,-7.829941856835750946e-02,8.625766267594281445e-02,-8.372506437806445656e-03,5.179776343764578954e-03,-7.604412466712434648e-02,0.000000000000000000e+00
7.980000000000000426e+00,-7.786916838194794799e-02,8.584265371514362974e-02,-8.346582589790563569e-03,5.189703092577315977e-03,-7.579430345790337531e-02,0.000000000000000000e+00
7.985000000000000320e+00,-7.744098961250721336e-02,8.542909596744466261e-02,-8.320610001376181272e-03,5.199273141857216861e-03,-7.554419469549514266e-02,0.000000000000000000e+00
7.990000000000000213e+00,-7.701487500284613652e-02,8.501698987002552499e-02,-8.294590446502776715e-03,5.208490310444474462e-03,-7.529381362018791601e-02,0.000000000000000000e+00
7.995000000000000107e+00,-7.659081729377319181e-02,8.460633578679783995e-02,-8.268525680082071047e-03,5.217358390615196503e-03,-7.504317529736659331e-02,0.000000000000000000e+00
8.000000000000000000e+00,-7.616880922445862234e-02,8.419713400929801361e-02,-8.242417438130658636e-03,5.225881148156395935e-03,-7.479229461885469887e-02,0.000000000000000000e+00
8.005000000000000782e+00,-7.574884353279405513e-02,8.378938475757287396e-02,-8.216267437902262383e-03,5.234062322442354330e-03,-7.454118630424989844e-02,0.000000000000000000e+00
8.009999999999999787e+00,-7.533091295574780022e-02,8.338308818105807929e-02,-8.190077378019602200e-03,5.241905626512323620e-03,-7.428986490225424066e-02,0.000000000000000000e+00
8.015000000000000568e+00,-7.491501022971568113e-02,8.297824435944947674e-02,-8.163848938605878375e-03,5.249414747149539276e-03,-7.403834479199850049e-02,0.000000000000000000e+00
8.019999999999999574e+00,-7.450112809086759103e-02,8.257485330356734154e-02,-8.137583781415845541e-03,5.256593344961509387e-03,-7.378664018436033312e-02,0.000000000000000000e+00
8.025000000000000355e+00,-7.408925927548973278e-02,8.217291495621356634e-02,-8.111283549966491133e-03,5.263445054461548395e-03,-7.353476512327684900e-02,0.000000000000000000e+00
8.029999999999999361e+00,-7.367939652032258480e-02,8.177242919302191160e-02,-8.084949869667299241e-03,5.269973484151523405e-03,-7.328273348705126311e-02,0.000000000000000000e+00
8.035000000000000142e+00,-7.327153256289457850e-02,8.137339582330115062e-02,-8.058584347950099869e-03,5.276182216605790516e-03,-7.303055898965335468e-02,0.000000000000000000e+00
8.040000000000000924e+00,-7.286566014185170970e-02,8.097581459087142830e-02,-8.032188574398489711e-03,5.282074808556278672e-03,-7.277825518201413990e-02,0.000000000000000000e+00
8.044999999999999929e+00,-7.246177199728284779e-02,8.057968517489358384e-02,-8.005764120876836601e-03,5.287654790978700212e-03,-7.252583545331448001e-02,0.000000000000000000e+00
8.050000000000000711e+00,-7.205986087104100657e-02,8.018500719069167337e-02,-7.979312541658836397e-03,5.292925669179857767e-03,-7.227331303226774972e-02,0.000000000000000000e+00
8.054999999999999716e+00,-7.165991950706043778e-02,7.979178019056866467e-02,-7.952835373555641393e-03,5.297890922886019753e-03,-7.202070098839635781e-02,0.000000000000000000e+00
8.060000000000000497e+00,-7.126194065166978342e-02,7.940000366461530401e-02,-7.926334136043534234e-03,5.302554006332328880e-03,-7.176801223330202262e-02,0.000000000000000000e+00
8.064999999999999503e+00,-7.086591705390106466e-02,7.900967704151225235e-02,-7.899810331391164675e-03,5.306918348353223749e-03,-7.151525952193048263e-02,0.000000000000000000e+00
8.070000000000000284e+00,-7.047184146579477115e-02,7.862079968932547680e-02,-7.873265444786319706e-03,5.310987352473844035e-03,-7.126245545382947633e-02,0.000000000000000000e+00
8.074999999999999289e+00,-7.007970664270096739e-02,7.823337091629495310e-02,-7.846700944462242644e-03,5.314764397002391498e-03,-7.100961247440099045e-02,0.000000000000000000e+00
8.080000000000000071e+00,-6.968950534357643001e-02,7.784738997161673446e-02,-7.820118281823483855e-03,5.318252835123415609e-03,-7.075674287614731883e-02,0.000000000000000000e+00
8.085000000000000853e+00,-6.930123033127796872e-02,7.746285604621838683e-02,-7.793518891571284829e-03,5.321455994992008165e-03,-7.050385879991076521e-02,0.000000000000000000e+00
8.089999999999999858e+00,-6.891487437285180595e-02,7.707976827352785998e-02,-7.766904191828486077e-03,5.324377179828871341e-03,-7.025097223610732300e-02,0.000000000000000000e+00
8.095000000000000639e+00,-6.853043023981919557e-02,7.669812573023579438e-02,-7.740275584263961450e-03,5.327019668016236623e-03,-6.999809502595406852e-02,0.000000000000000000e+00
8.099999999999999645e+00,-6.814789070845821140e-02,7.631792743705133331e-02,-7.713634454216568466e-03,5.329386713194608598e-03,-6.974523886269053119e-02,0.000000000000000000e+00
8.105000000000000426e+00,-6.776724856008176090e-02,7.593917235945146782e-02,-7.686982170818612917e-03,5.331481544360314531e-03,-6.949241529279343021e-02,0.000000000000000000e+00
8.109999999999999432e+00,-6.738849658131189357e-02,7.556185940842392867e-02,-7.660320087118825151e-03,5.333307365963825021e-03,-6.923963571718576293e-02,0.000000000000000000e+00
8.115000000000000213e+00,-6.701162756435043166e-02,7.518598744120370825e-02,-7.633649540204841960e-03,5.334867358008829261e-03,-6.898691139243906534e-02,0.000000000000000000e+00
8.120000000000000995e+00,-6.663663430724585390e-02,7.481155526200319872e-02,-7.606971851325190596e-03,5.336164676152042353e-03,-6.873425343196976067e-02,0.000000000000000000e+00
8.125000000000000000e+00,-6.626350961415664043e-02,7.443856162273598809e-02,-7.580288326010772328e-03,5.337202451803709988e-03,-6.848167280722913808e-02,0.000000000000000000e+00
8.130000000000000782e+00,-6.589224629561094004e-02,7.406700522373441120e-02,-7.553600254195843786e-03,5.337983792228806132e-03,-6.822918034888703076e-02,0.000000000000000000e+00
8.134999999999999787e+00,-6.552283716876272646e-02,7.369688471446077249e-02,-7.526908910338486573e-03,5.338511780648878650e-03,-6.797678674800930465e-02,0.000000000000000000e+00
8.140000000000000568e+00,-6.515527505764437399e-02,7.332819869421246251e-02,-7.500215553540570332e-03,5.338789476344545440e-03,-6.772450255722890777e-02,0.000000000000000000e+00
8.144999999999999574e+00,-6.478955279341569451e-02,7.296094571282077390e-02,-7.473521427667198860e-03,5.338819914758591648e-03,-6.747233819191077175e-02,0.000000000000000000e+00
8.150000000000000355e+00,-6.442566321460958811e-02,7.259512427134365287e-02,-7.446827761465641890e-03,5.338606107599674043e-03,-6.722030393131019077e-02,0.000000000000000000e+00
8.154999999999999361e+00,-6.406359916737415505e-02,7.223073282275230267e-02,-7.420135768683742972e-03,5.338151042946586572e-03,-6.696840991972516366e-02,0.000000000000000000e+00
8.160000000000000142e+00,-6.370335350571144917e-02,7.186776977261172261e-02,-7.393446648187808681e-03,5.337457685353085360e-03,-6.671666616764221347e-02,0.000000000000000000e+00
8.165000000000000924e+00,-6.334491909171278967e-02,7.150623347975522404e-02,-7.366761584079969602e-03,5.336528975953239336e-03,-6.646508255287594813e-02,0.000000000000000000e+00
8.169999999999999929e+00,-6.298828879579078388e-02,7.114612225695289560e-02,-7.340081745815014817e-03,5.335367832567293467e-03,-6.621366882170240387e-02,0.000000000000000000e+00
8.175000000000000711e+00,-6.263345549690796377e-02,7.078743437157418439e-02,-7.313408288316695580e-03,5.333977149808022920e-03,-6.596243458998579667e-02,0.000000000000000000e+00
8.179999999999999716e+00,-6.228041208280213348e-02,7.043016804624446792e-02,-7.286742352093494683e-03,5.332359799187554733e-03,-6.571138934429920919e-02,0.000000000000000000e+00
8.185000000000000497e+00,-6.192915145020847639e-02,7.007432145949576974e-02,-7.260085063353863277e-03,5.330518629224643111e-03,-6.546054244303885217e-02,0.000000000000000000e+00
8.189999999999999503e+00,-6.157966650507841477e-02,6.971989274641163248e-02,-7.233437534120918180e-03,5.328456465552376675e-03,-6.520990311753205315e-02,0.000000000000000000e+00
8.195000000000000284e+00,-6.123195016279522895e-02,6.936687999926614834e-02,-7.206800862346598828e-03,5.326176111026297705e-03,-6.495948047313861162e-02,0.000000000000000000e+00
8.199999999999999289e+00,-6.088599534838654709e-02,6.901528126815717479e-02,-7.180176132025285589e-03,5.323680345832916029e-03,-6.470928349034654747e-02,0.000000000000000000e+00
8.205000000000000071e+00,-6.054179499673362219e-02,6.866509456163386038e-02,-7.153564413306871643e-03,5.320971927598601089e-03,-6.445932102586049428e-02,0.000000000000000000e+00
8.210000000000000853e+00,-6.019934205277755607e-02,6.831631784731841128e-02,-7.126966762609291024e-03,5.318053591498829620e-03,-6.420960181368476349e-02,0.000000000000000000e+00
8.214999999999999858e+00,-5.985862947172235216e-02,6.796894905252222341e-02,-7.100384222730499358e-03,5.314928050367777670e-03,-6.396013446619944198e-02,0.000000000000000000e+00
8.220000000000000639e+00,-5.951965021923497773e-02,6.762298606485628305e-02,-7.073817822959906423e-03,5.311597994808233553e-03,-6.371092747523052213e-02,0.000000000000000000e+00
8.224999999999999645e+00,-5.918239727164232439e-02,6.727842673283607189e-02,-7.047268579189256213e-03,5.308066093301816966e-03,-6.346198921311345387e-02,0.000000000000000000e+00
8.230000000000000426e+00,-5.884686361612520566e-02,6.693526886648082375e-02,-7.020737494022957943e-03,5.304334992319490426e-03,-6.321332793375053494e-02,0.000000000000000000e+00
8.234999999999999432e+00,-5.851304225090932926e-02,6.659351023790725799e-02,-6.994225556887861961e-03,5.300407316432340435e-03,-6.296495177366213947e-02,0.000000000000000000e+00
8.240000000000000213e+00,-5.818092618545335493e-02,6.625314858191784506e-02,-6.967733744142480534e-03,5.296285668422619740e-03,-6.271686875303128517e-02,0.000000000000000000e+00
8.245000000000000995e+00,-5.785050844063400338e-02,6.591418159658354869e-02,-6.941263019185655268e-03,5.291972629395024635e-03,-6.246908677674230248e-02,0.000000000000000000e+00
8.250000000000000000e+00,-5.752178204892825775e-02,6.557660694382121125e-02,-6.914814332564667675e-03,5.287470758888203858e-03,-6.222161363541289791e-02,0.000000000000000000e+00
8.255000000000000782e+00,-5.719474005459271315e-02,6.524042224996544348e-02,-6.888388622082785955e-03,5.282782594986471306e-03,-6.197445700642012500e-02,0.000000000000000000e+00
8.259999999999999787e+00,-5.686937551384007444e-02,6.490562510633525461e-02,-6.861986812906261009e-03,5.277910654431718258e-03,-6.172762445492013805e-02,0.000000000000000000e+00
8.265000000000000568e+00,-5.654568149501280200e-02,6.457221306979529785e-02,-6.835609817670756927e-03,5.272857432735501663e-03,-6.148112343486146492e-02,0.000000000000000000e+00
8.269999999999999574e+00,-5.622365107875402362e-02,6.424018366331182839e-02,-6.809258536587221161e-03,5.267625404291299829e-03,-6.123496128999220134e-02,0.000000000000000000e+00
8.275000000000000355e+00,-5.590327735817562926e-02,6.390953437650341573e-02,-6.782933857547194384e-03,5.262217022486914697e-03,-6.098914525486091864e-02,0.000000000000000000e+00
8.279999999999999361e+00,-5.558455343902365259e-02,6.358026266618646560e-02,-6.756636656227560031e-03,5.256634719817015501e-03,-6.074368245581141662e-02,0.000000000000000000e+00
8.285000000000000142e+00,-5.526747243984091174e-02,6.325236595691548225e-02,-6.730367796194724854e-03,5.250880907995801247e-03,-6.049857991197099549e-02,0.000000000000000000e+00
8.290000000000000924e+00,-5.495202749212700633e-02,6.292584164151822368e-02,-6.704128129008240893e-03,5.244957978069772486e-03,-6.025384453623289227e-02,0.000000000000000000e+00
8.294999999999999929e+00,-5.463821174049559443e-02,6.260068708162574991e-02,-6.677918494323861927e-03,5.238868300530599362e-03,-6.000948313623229863e-02,0.000000000000000000e+00
8.300000000000000711e+00,-5.432601834282908826e-02,6.227689960819735721e-02,-6.651739719996036145e-03,5.232614225428068588e-03,-5.976550241531604357e-02,0.000000000000000000e+00
8.304999999999999716e+00,-5.401544047043068536e-02,6.195447652204049555e-02,-6.625592622179829819e-03,5.226198082483103288e-03,-5.952190897350646132e-02,0.000000000000000000e+00
8.310000000000000497e+00,-5.370647130817386705e-02,6.163341509432561371e-02,-6.599478005432294139e-03,5.219622181200836604e-03,-5.927870930845885455e-02,0.000000000000000000e+00
8.314999999999999503e+00,-5.339910405464928095e-02,6.131371256709609863e-02,-6.573396662813256117e-03,5.212888810983728680e-03,-5.903590981641288621e-02,0.000000000000000000e+00
8.320000000000000284e+00,-5.309333192230912546e-02,6.099536615377319781e-02,-6.547349375985551771e-03,5.206000241244714000e-03,-5.879351679313770535e-02,0.000000000000000000e+00
8.324999999999999289e+00,-5.278914813760900160e-02,6.067837303965607776e-02,-6.521336915314692069e-03,5.198958721520373014e-03,-5.855153643487118198e-02,0.000000000000000000e+00
8.330000000000000071e+00,-5.248654594114729455e-02,6.036273038241698335e-02,-6.495360039967958132e-03,5.191766481584103761e-03,-5.830997483925285524e-02,0.000000000000000000e+00
8.335000000000000853e+00,-5.218551858780207109e-02,6.004843531259153322e-02,-6.469419498012937871e-03,5.184425731559293496e-03,-5.806883800625087244e-02,0.000000000000000000e+00
8.339999999999999858e+00,-5.188605934686554844e-02,5.973548493406423410e-02,-6.443516026515490151e-03,5.176938662032472098e-03,-5.782813183908264154e-02,0.000000000000000000e+00
8.345000000000000639e+00,-5.158816150217614138e-02,5.942387632454920049e-02,-6.417650351637148656e-03,5.169307444166443798e-03,-5.758786214512984919e-02,0.000000000000000000e+00
8.349999999999999645e+00,-5.129181835224813635e-02,5.911360653606612114e-02,-6.391823188731956748e-03,5.161534229813371198e-03,-5.734803463684701175e-02,0.000000000000000000e+00
8.355000000000000426e+00,-5.099702321039896458e-02,5.880467259541152791e-02,-6.366035242442737684e-03,5.153621151627818531e-03,-5.710865493266415599e-02,0.000000000000000000e+00
8.359999999999999432e+00,-5.070376940487417161e-02,5.849707150462538086e-02,-6.340287206796800176e-03,5.145570323179731592e-03,-5.686972855788350462e-02,0.000000000000000000e+00
8.365000000000000213e+00,-5.041205027897002061e-02,5.819080024145298347e-02,-6.314579765301081039e-03,5.137383839067348294e-03,-5.663126094557010409e-02,0.000000000000000000e+00
8.370000000000000995e+00,-5.012185919115383359e-02,5.788585575980231823e-02,-6.288913591036717973e-03,5.129063775030028548e-03,-5.639325743743653363e-02,0.000000000000000000e+00
8.375000000000000000e+00,-4.983318951518204282e-02,5.758223499019678171e-02,-6.263289346753065506e-03,5.120612188060993074e-03,-5.615572328472157038e-02,0.000000000000000000e+00
8.380000000000000782e+00,-4.954603464021599402e-02,5.727993484022338155e-02,-6.237707684961141946e-03,5.112031116519964204e-03,-5.591866364906294962e-02,0.000000000000000000e+00
8.384999999999999787e+00,-4.926038797093550831e-02,5.697895219497639552e-02,-6.212169248026516884e-03,5.103322580245693921e-03,-5.568208360336415752e-02,0.000000000000000000e+00
8.390000000000000568e+00,-4.897624292765025145e-02,5.667928391749657568e-02,-6.186674668261634910e-03,5.094488580668374809e-03,-5.544598813265543685e-02,0.000000000000000000e+00
8.394999999999999574e+00,-4.869359294640891733e-02,5.638092684920587017e-02,-6.161224568017575551e-03,5.085531100921920032e-03,-5.521038213494862401e-02,0.000000000000000000e+00
8.400000000000000355e+00,-4.841243147910623962e-02,5.608387781033775943e-02,-6.135819559775257219e-03,5.076452105956108865e-03,-5.497527042208644188e-02,0.000000000000000000e+00
8.404999999999999361e+00,-4.813275199358786616e-02,5.578813360036317254e-02,-6.110460246236075650e-03,5.067253542648580446e-03,-5.474065772058570034e-02,0.000000000000000000e+00
8.410000000000000142e+00,-4.785454797375311015e-02,5.549369099841206660e-02,-6.085147220411986357e-03,5.057937339916677467e-03,-5.450654867247467505e-02,0.000000000000000000e+00
8.415000000000000924e+00,-4.757781291965562653e-02,5.520054676369068325e-02,-6.059881065715025036e-03,5.048505408829120737e-03,-5.427294783612475471e-02,0.000000000000000000e+00
8.419999999999999929e+00,-4.730254034760198595e-02,5.490869763589450309e-02,-6.034662356046273726e-03,5.038959642717515466e-03,-5.403985968707636367e-02,0.000000000000000000e+00
8.425000000000000711e+00,-4.702872379024819471e-02,5.461814033561694648e-02,-6.009491655884267522e-03,5.029301917287673680e-03,-5.380728861885870906e-02,0.000000000000000000e+00
8.429999999999999716e+00,-4.675635679669422340e-02,5.432887156475382784e-02,-5.984369520372845308e-03,5.019534090730749278e-03,-5.357523894380443463e-02,0.000000000000000000e+00
8.435000000000000497e+00,-4.648543293257646064e-02,5.404088800690363958e-02,-5.959296495408444513e-03,5.009658003834176199e-03,-5.334371489385768966e-02,0.000000000000000000e+00
8.439999999999999503e+00,-4.621594578015821714e-02,5.375418632776366584e-02,-5.934273117726845959e-03,4.999675480092401897e-03,-5.311272062137736838e-02,0.000000000000000000e+00
8.445000000000000284e+00,-4.594788893841825900e-02,5.346876317552191893e-02,-5.909299914989358388e-03,4.989588325817409173e-03,-5.288226019993381988e-02,0.000000000000000000e+00
8.449999999999999289e+00,-4.568125602313737738e-02,5.318461518124502352e-02,-5.884377405868458297e-03,4.979398330249015965e-03,-5.265233762510065224e-02,0.000000000000000000e+00
8.455000000000000071e+00,-4.541604066698302911e-02,5.290173895926199299e-02,-5.859506100132873783e-03,4.969107265664953095e-03,-5.242295681524014594e-02,0.000000000000000000e+00
8.460000000000000853e+00,-4.515223651959207607e-02,5.262013110754398121e-02,-5.834686498732121092e-03,4.958716887490705223e-03,-5.219412161228356023e-02,0.000000000000000000e+00
8.464999999999999858e+00,-4.488983724765164413e-02,5.233978820808000282e-02,-5.809919093880489514e-03,4.948228934409109811e-03,-5.196583578250565938e-02,0.000000000000000000e+00
8.470000000000000639e+00,-4.462883653497808079e-02,5.206070682724869142e-02,-5.785204369140485060e-03,4.937645128469710619e-03,-5.173810301729350053e-02,0.000000000000000000e+00
8.474999999999999645e+00,-4.436922808259411571e-02,5.178288351618606788e-02,-5.760542799505720749e-03,4.926967175197857068e-03,-5.151092693390996180e-02,0.000000000000000000e+00
8.480000000000000426e+00,-4.411100560880413385e-02,5.150631481114942983e-02,-5.735934851483266532e-03,4.916196763703540792e-03,-5.128431107625130991e-02,0.000000000000000000e+00
8.484999999999999432e+00,-4.385416284926768604e-02,5.123099723387733451e-02,-5.711380983175455388e-03,4.905335566789967641e-03,-5.105825891559966773e-02,0.000000000000000000e+00
8.490000000000000213e+00,-4.359869355707118171e-02,5.095692729194568199e-02,-5.686881644361143837e-03,4.894385241061852132e-03,-5.083277385136961840e-02,0.000000000000000000e+00
8.495000000000000995e+00,-4.334459150279782597e-02,5.068410147912002367e-02,-5.662437276576438167e-03,4.883347427033438680e-03,-5.060785921184959846e-02,0.000000000000000000e+00
8.500000000000000000e+00,-4.309185047459578727e-02,5.041251627570402655e-02,-5.638048313194873352e-03,4.872223749236232263e-03,-5.038351825493761482e-02,0.000000000000000000e+00
8.505000000000000782e+00,-4.284046427824465819e-02,5.014216814888416279e-02,-5.613715179507061150e-03,4.861015816326437651e-03,-5.015975416887172300e-02,0.000000000000000000e+00
8.509999999999999787e+00,-4.259042673722018141e-02,4.987305355307067312e-02,-5.589438292799796086e-03,4.849725221192108075e-03,-4.993657007295485006e-02,0.000000000000000000e+00
8.515000000000000568e+00,-4.234173169275728260e-02,4.960516893023480395e-02,-5.565218062434630630e-03,4.838353541059982506e-03,-4.971396901827447590e-02,0.000000000000000000e+00
8.519999999999999574e+00,-4.209437300391143805e-02,4.933851071024236007e-02,-5.541054889925915196e-03,4.826902337602021961e-03,-4.949195398841677029e-02,0.000000000000000000e+00
8.525000000000000355e+00,-4.184834454761836298e-02,4.907307531118357963e-02,-5.516949169018304719e-03,4.815373157041630964e-03,-4.927052790017551198e-02,0.000000000000000000e+00
8.529999999999999361e+00,-4.160364021875208318e-02,4.880885913969941481e-02,-5.492901285763739615e-03,4.803767530259559805e-03,-4.904969360425550512e-02,0.000000000000000000e+00
8.535000000000000142e+00,-4.136025393018136903e-02,4.854585859130416958e-02,-5.468911618597892439e-03,4.792086972899482419e-03,-4.882945388597095815e-02,0.000000000000000000e+00
8.540000000000000924e+00,-4.111817961282457357e-02,4.828407005070459168e-02,-5.444980538416089796e-03,4.780332985473249863e-03,-4.860981146593828378e-02,0.000000000000000000e+00
8.544999999999999929e+00,-4.087741121570287461e-02,4.802348989211541880e-02,-5.421108408648711227e-03,4.768507053465807256e-03,-4.839076900076393767e-02,0.000000000000000000e+00
8.550000000000000711e+00,-4.063794270599195568e-02,4.776411447957139289e-02,-5.397295585336059874e-03,4.756610647439774194e-03,-4.817232908372679617e-02,0.000000000000000000e+00
8.554999999999999716e+00,-4.039976806907213253e-02,4.750594016723579116e-02,-5.373542417202715332e-03,4.744645223139686875e-03,-4.795449424545548955e-02,0.000000000000000000e+00
8.560000000000000497e+00,-4.016288130857694622e-02,4.724896329970549452e-02,-5.349849245731361745e-03,4.732612221595885495e-03,-4.773726695460049629e-02,0.000000000000000000e+00
8.564999999999999503e+00,-3.992727644644025048e-02,4.699318021231264214e-02,-5.326216405236103291e-03,4.720513069228059883e-03,-4.752064961850099856e-02,0.000000000000000000e+00
8.570000000000000284e+00,-3.969294752294175860e-02,4.673858723142283733e-02,-5.302644222935255780e-03,4.708349177948432593e-03,-4.730464458384683879e-02,0.000000000000000000e+00
8.575000000000001066e+00,-3.945988859675117477e-02,4.648518067473001586e-02,-5.279133019023628248e-03,4.696121945264588975e-03,-4.708925413733504317e-02,0.000000000000000000e+00
8.580000000000000071e+00,-3.922809374497079893e-02,4.623295685154794193e-02,-5.255683106744291067e-03,4.683832754381938614e-03,-4.687448050632159885e-02,0.000000000000000000e+00
8.585000000000000853e+00,-3.899755706317670906e-02,4.598191206309837353e-02,-5.232294792459828842e-03,4.671482974305815952e-03,-4.666032585946792988e-02,0.000000000000000000e+00
8.589999999999999858e+00,-3.876827266545850720e-02,4.573204260279595951e-02,-5.208968375723088511e-03,4.659073959943203606e-03,-4.644679230738238407e-02,0.000000000000000000e+00
8.595000000000000639e+00,-3.854023468445766376e-02,4.548334475652983377e-02,-5.185704149347416560e-03,4.646607052204088789e-03,-4.623388190325687652e-02,0.000000000000000000e+00
8.599999999999999645e+00,-3.831343727140442551e-02,4.523581480294196905e-02,-5.162502399476391439e-03,4.634083578102433758e-03,-4.602159664349830120e-02,0.000000000000000000e+00
8.605000000000000426e+00,-3.808787459615338433e-02,4.498944901370233174e-02,-5.139363405653052039e-03,4.621504850856773296e-03,-4.580993846835516164e-02,0.000000000000000000e+00
8.609999999999999432e+00,-3.786354084721763047e-02,4.474424365378083801e-02,-5.116287440888625700e-03,4.608872169990421014e-03,-4.559890926253922644e-02,0.000000000000000000e+00
8.615000000000000213e+00,-3.764043023180160819e-02,4.450019498171612492e-02,-5.093274771730750550e-03,4.596186821431290544e-03,-4.538851085584218181e-02,0.000000000000000000e+00
8.620000000000000995e+00,-3.741853697583258365e-02,4.425729924988121983e-02,-5.070325658331208650e-03,4.583450077611328152e-03,-4.517874502374757961e-02,0.000000000000000000e+00
8.625000000000000000e+00,-3.719785532399082911e-02,4.401555270474605958e-02,-5.047440354513155203e-03,4.570663197565545503e-03,-4.496961348803770603e-02,0.000000000000000000e+00
8.630000000000000782e+00,-3.697837953973848180e-02,4.377495158713693574e-02,-5.024619107837857701e-03,4.557827427030661238e-03,-4.476111791739591228e-02,0.000000000000000000e+00
8.634999999999999787e+00,-3.676010390534711902e-02,4.353549213249289368e-02,-5.001862159670938945e-03,4.544943998543340101e-03,-4.455325992800364399e-02,0.000000000000000000e+00
8.640000000000000568e+00,-3.654302272192407053e-02,4.329717057111906464e-02,-4.979169745248136943e-03,4.532014131538029608e-03,-4.434604108413336271e-02,0.000000000000000000e+00
8.644999999999999574e+00,-3.632713030943744703e-02,4.305998312843701409e-02,-4.956542093740569539e-03,4.519039032444393394e-03,-4.413946289873607598e-02,0.000000000000000000e+00
8.650000000000000355e+00,-3.611242100673994759e-02,4.282392602523208552e-02,-4.933979428319514200e-03,4.506019894784333429e-03,-4.393352683402444725e-02,0.000000000000000000e+00
8.654999999999999361e+00,-3.589888917159141796e-02,4.258899547789780915e-02,-4.911481966220709004e-03,4.492957899268604574e-03,-4.372823430205128453e-02,0.000000000000000000e+00
8.660000000000000142e+00,-3.568652918068022234e-02,4.235518769867732680e-02,-4.889049918808165314e-03,4.479854213893018008e-03,-4.352358666528299835e-02,0.000000000000000000e+00
8.665000000000000924e+00,-3.547533542964338010e-02,4.212249889590195806e-02,-4.866683491637501663e-03,4.466709994034223988e-03,-4.331958523716875065e-02,0.000000000000000000e+00
8.669999999999999929e+00,-3.526530233308554363e-02,4.189092527422685897e-02,-4.844382884518804062e-03,4.453526382545085205e-03,-4.311623128270478111e-02,0.000000000000000000e+00
8.675000000000000711e+00,-3.505642432459679658e-02,4.166046303486379415e-02,-4.822148291579004924e-03,4.440304509849623410e-03,-4.291352601899418862e-02,0.000000000000000000e+00
8.679999999999999716e+00,-3.484869585676929338e-02,4.143110837581111261e-02,-4.799979901323791869e-03,4.427045494037549697e-03,-4.271147061580204268e-02,0.000000000000000000e+00
8.685000000000000497e+00,-3.464211140121275373e-02,4.120285749208088544e-02,-4.777877896699043829e-03,4.413750440958369783e-03,-4.251006619610610271e-02,0.000000000000000000e+00
8.689999999999999503e+00,-3.443666544856883310e-02,4.097570657592326110e-02,-4.755842455151797904e-03,4.400420444315065148e-03,-4.230931383664283951e-02,0.000000000000000000e+00
8.695000000000000284e+00,-3.423235250852438294e-02,4.074965181704805900e-02,-4.733873748690746973e-03,4.387056585757344827e-03,-4.210921456844900213e-02,0.000000000000000000e+00
8.700000000000001066e+00,-3.402916710982359372e-02,4.052468940284359444e-02,-4.711971943946275006e-03,4.373659934974469601e-03,-4.190976937739876451e-02,0.000000000000000000e+00
8.705000000000000071e+00,-3.382710380027907637e-02,4.030081551859283212e-02,-4.690137202230030070e-03,4.360231549787645967e-03,-4.171097920473633425e-02,0.000000000000000000e+00
8.710000000000000853e+00,-3.362615714678184042e-02,4.007802634768680566e-02,-4.668369679594030694e-03,4.346772476241989036e-03,-4.151284494760416888e-02,0.000000000000000000e+00
8.714999999999999858e+00,-3.342632173531023126e-02,3.985631807183537961e-02,-4.646669526889320341e-03,4.333283748698050011e-03,-4.131536745956673751e-02,0.000000000000000000e+00
8.720000000000000639e+00,-3.322759217093781275e-02,3.963568687127536766e-02,-4.625036889824161307e-03,4.319766389922909990e-03,-4.111854755112999416e-02,0.000000000000000000e+00
8.724999999999999645e+00,-3.302996307784021590e-02,3.941612892497600718e-02,-4.603471909021774992e-03,4.306221411180835741e-03,-4.092238599025643797e-02,0.000000000000000000e+00
8.730000000000000426e+00,-3.283342909930097447e-02,3.919764041084185940e-02,-4.581974720077630278e-03,4.292649812323499209e-03,-4.072688350287574643e-02,0.000000000000000000e+00
8.734999999999999432e+00,-3.263798489771634753e-02,3.898021750591311452e-02,-4.560545453616281740e-03,4.279052581879758121e-03,-4.053204077339131461e-02,0.000000000000000000e+00
8.740000000000000213e+00,-3.244362515459913582e-02,3.876385638656333621e-02,-4.539184235347761172e-03,4.265430697144995988e-03,-4.033785844518228414e-02,0.000000000000000000e+00
8.745000000000000995e+00,-3.225034457058152670e-02,3.854855322869466666e-02,-4.517891186123520683e-03,4.251785124270019735e-03,-4.014433712110154068e-02,0.000000000000000000e+00
8.750000000000000000e+00,-3.205813786541698851e-02,3.833430420793054044e-02,-4.496666421991937779e-03,4.238116818349516729e-03,-3.995147736396932603e-02,0.000000000000000000e+00
8.755000000000000782e+00,-3.186699977798115868e-02,3.812110549980589347e-02,-4.475510054253370278e-03,4.224426723510070307e-03,-3.975927969706261056e-02,0.000000000000000000e+00
8.759999999999999787e+00,-3.167692506627183685e-02,3.790895327995490866e-02,-4.454422189514783623e-03,4.210715772997725148e-03,-3.956774460460046883e-02,0.000000000000000000e+00
8.765000000000000568e+00,-3.148790850740801339e-02,3.769784372429630520e-02,-4.433402929743930632e-03,4.196984889265113761e-03,-3.937687253222510453e-02,0.000000000000000000e+00
8.769999999999999574e+00,-3.129994489762798898e-02,3.748777300921622702e-02,-4.412452372323105373e-03,4.183234984058133675e-03,-3.918666388747889251e-02,0.000000000000000000e+00
8.775000000000000355e+00,-3.111302905228659904e-02,3.727873731174870253e-02,-4.391570610102459027e-03,4.169466958502179681e-03,-3.899711904027723663e-02,0.000000000000000000e+00
8.779999999999999361e+00,-3.092715580585150836e-02,3.707073280975373836e-02,-4.370757731452887263e-03,4.155681703187928504e-03,-3.880823832337727125e-02,0.000000000000000000e+00
8.785000000000000142e+00,-3.074232001189865573e-02,3.686375568209303982e-02,-4.350013820318492618e-03,4.141880098256675059e-03,-3.862002203284277402e-02,0.000000000000000000e+00
8.790000000000000924e+00,-3.055851654310680343e-02,3.665780210880341394e-02,-4.329338956268617526e-03,4.128063013485219410e-03,-3.843247042850470030e-02,0.000000000000000000e+00
8.794999999999999929e+00,-3.037574029125123323e-02,3.645286827126784091e-02,-4.308733214549454946e-03,4.114231308370308766e-03,-3.824558373441799830e-02,0.000000000000000000e+00
8.800000000000000711e+00,-3.019398616719659589e-02,3.624895035238425572e-02,-4.288196666135239178e-03,4.100385832212625863e-03,-3.805936213931418455e-02,0.000000000000000000e+00
8.804999999999999716e+00,-3.001324910088891754e-02,3.604604453673202619e-02,-4.267729377779017758e-03,4.086527424200328898e-03,-3.787380579705031808e-02,0.000000000000000000e+00
8.810000000000000497e+00,-2.983352404134678379e-02,3.584414701073623116e-02,-4.247331412063005268e-03,4.072656913492142192e-03,-3.768891482705362395e-02,0.000000000000000000e+00
8.814999999999999503e+00,-2.965480595665169819e-02,3.564325396282965602e-02,-4.227002827448524298e-03,4.058775119299997541e-03,-3.750468931476250156e-02,0.000000000000000000e+00
8.820000000000000284e+00,-2.947708983393764956e-02,3.544336158361258843e-02,-4.206743678325532663e-03,4.044882850971220217e-03,-3.732112931206353623e-02,0.000000000000000000e+00
8.825000000000001066e+00,-2.930037067937988141e-02,3.524446606601042142e-02,-4.186554015061742968e-03,4.030980908070270000e-03,-3.713823483772467349e-02,0.000000000000000000e+00
8.830000000000000071e+00,-2.912464351818286681e-02,3.504656360542908466e-02,-4.166433884051334510e-03,4.017070080460028586e-03,-3.695600587782463253e-02,0.000000000000000000e+00
8.835000000000000853e+00,-2.894990339456753395e-02,3.484965039990833152e-02,-4.146383327763254918e-03,4.003151148382634236e-03,-3.677444238617829514e-02,0.000000000000000000e+00
8.839999999999999858e+00,-2.877614537175770745e-02,3.465372265027286819e-02,-4.126402384789128013e-03,3.989224882539869725e-03,-3.659354428475855570e-02,0.000000000000000000e+00
8.845000000000000639e+00,-2.860336453196581780e-02,3.445877656028138031e-02,-4.106491089890752268e-03,3.975292044173094931e-03,-3.641331146411431324e-02,0.000000000000000000e+00
8.849999999999999645e+00,-2.843155597637786122e-02,3.426480833677347793e-02,-4.086649474047203759e-03,3.961353385142730131e-03,-3.623374378378461241e-02,0.000000000000000000e+00
8.855000000000000426e+00,-2.826071482513762764e-02,3.407181418981453103e-02,-4.066877564501544459e-03,3.947409648007289135e-03,-3.605484107270932881e-02,0.000000000000000000e+00
8.859999999999999432e+00,-2.809083621733022423e-02,3.387979033283849972e-02,-4.047175384807135887e-03,3.933461566101962258e-03,-3.587660312963587145e-02,0.000000000000000000e+00
8.865000000000000213e+00,-2.792191531096486698e-02,3.368873298278867584e-02,-4.027542954873558102e-03,3.919509863616745665e-03,-3.569902972352245046e-02,0.000000000000000000e+00
8.870000000000000995e+00,-2.775394728295699220e-02,3.349863836025644692e-02,-4.007980291012141864e-03,3.905555255674122289e-03,-3.552212059393755617e-02,0.000000000000000000e+00
8.875000000000000000e+00,-2.758692732910968115e-02,3.330950268961803407e-02,-3.988487405981113940e-03,3.891598448406293452e-03,-3.534587545145594090e-02,0.000000000000000000e+00
8.880000000000000782e+00,-2.742085066409438374e-02,3.312132219916925913e-02,-3.969064309030355571e-03,3.877640139031959463e-03,-3.517029397805091634e-02,0.000000000000000000e+00
8.884999999999999787e+00,-2.725571252143099699e-02,3.293409312125836208e-02,-3.949711005945778439e-03,3.863681015932650918e-03,-3.499537582748309117e-02,0.000000000000000000e+00
8.890000000000000568e+00,-2.709150815346727387e-02,3.274781169241685469e-02,-3.930427499093323319e-03,3.849721758728611581e-03,-3.482112062568566702e-02,0.000000000000000000e+00
8.894999999999999574e+00,-2.692823283135757986e-02,3.256247415348846597e-02,-3.911213787462573636e-03,3.835763038354231963e-03,-3.464752797114599436e-02,0.000000000000000000e+00
8.900000000000000355e+00,-2.676588184504102158e-02,3.237807674975618638e-02,-3.892069866709999947e-03,3.821805517133035780e-03,-3.447459743528388798e-02,0.000000000000000000e+00
8.904999999999999361e+00,-2.660445050321892310e-02,3.219461573106739000e-02,-3.872995729201827129e-03,3.807849848852217119e-03,-3.430232856282626475e-02,0.000000000000000000e+00
8.910000000000000142e+00,-2.644393413333170906e-02,3.201208735195713168e-02,-3.853991364056530335e-03,3.793896678836732213e-03,-3.413072087217846468e-02,0.000000000000000000e+00
8.915000000000000924e+00,-2.628432808153515626e-02,3.183048787176956385e-02,-3.835056757186961884e-03,3.779946644022943222e-03,-3.395977385579204699e-02,0.000000000000000000e+00
8.919999999999999929e+00,-2.612562771267604861e-02,3.164981355477752140e-02,-3.816191891342111259e-03,3.766000373031817491e-03,-3.378948698052924166e-02,0.000000000000000000e+00
8.925000000000000711e+00,-2.596782841026723521e-02,3.147006067030030246e-02,-3.797396746148500382e-03,3.752058486241680122e-03,-3.361985968802402858e-02,0.000000000000000000e+00
8.929999999999999716e+00,-2.581092557646211261e-02,3.129122549281964510e-02,-3.778671298151214594e-03,3.738121595860523748e-03,-3.345089139503974740e-02,0.000000000000000000e+00
8.935000000000000497e+00,-2.565491463202852415e-02,3.111330430209389986e-02,-3.760015520854575848e-03,3.724190305997872492e-03,-3.328258149382354314e-02,0.000000000000000000e+00
8.939999999999999503e+00,-2.549979101632209380e-02,3.093629338327048145e-02,-3.741429384762455512e-03,3.710265212736204004e-03,-3.311492935245735625e-02,0.000000000000000000e+00
8.945000000000000284e+00,-2.534555018725900832e-02,3.076018902699653723e-02,-3.722912857418232864e-03,3.696346904201928268e-03,-3.294793431520567917e-02,0.000000000000000000e+00
8.950000000000001066e+00,-2.519218762128824091e-02,3.058498752952789473e-02,-3.704465903444397086e-03,3.682435960635926670e-03,-3.278159570286005853e-02,0.000000000000000000e+00
8.955000000000000071e+00,-2.503969881336323700e-02,3.041068519283630575e-02,-3.686088484581801460e-03,3.668532954463647397e-03,-3.261591281308034995e-02,0.000000000000000000e+00
8.960000000000000853e+00,-2.488807927691307625e-02,3.023727832471497998e-02,-3.667780559728565405e-03,3.654638450364763695e-03,-3.245088492073265607e-02,0.000000000000000000e+00
8.964999999999999858e+00,-2.473732454381310369e-02,3.006476323888244637e-02,-3.649542084978630013e-03,3.640753005342391505e-03,-3.228651127822430855e-02,0.000000000000000000e+00
8.970000000000000639e+00,-2.458743016435504039e-02,2.989313625508474917e-02,-3.631373013659968361e-03,3.626877168791869943e-03,-3.212279111583531133e-02,0.000000000000000000e+00
8.974999999999999645e+00,-2.443839170721660153e-02,2.972239369919599944e-02,-3.613273296372454101e-03,3.613011482569104642e-03,-3.195972364204697352e-02,0.000000000000000000e+00
8.980000000000000426e+00,-2.429020475943060448e-02,2.955253190331728896e-02,-3.595242881025388724e-03,3.599156481058473495e-03,-3.179730804386721177e-02,0.000000000000000000e+00
8.984999999999999432e+00,-2.414286492635359105e-02,2.938354720587399785e-02,-3.577281712874689698e-03,3.585312691240300029e-03,-3.163554348715282016e-02,0.000000000000000000e+00
8.990000000000000213e+00,-2.399636783163396417e-02,2.921543595171148880e-02,-3.559389734559743369e-03,3.571480632757890062e-03,-3.147442911692857614e-02,0.000000000000000000e+00
8.995000000000000995e+00,-2.385070911717965605e-02,2.904819449218924363e-02,-3.541566886139923057e-03,3.557660817984135970e-03,-3.131396405770342506e-02,0.000000000000000000e+00
9.000000000000000000e+00,-2.370588444312532114e-02,2.888181918527340380e-02,-3.523813105130775818e-03,3.543853752087691190e-03,-3.115414741378341387e-02,0.000000000000000000e+00
9.005000000000000782e+00,-2.356188948779907796e-02,2.871630639562778448e-02,-3.506128326539878753e-03,3.530059933098710599e-03,-3.099497826958180074e-02,0.000000000000000000e+00
9.009999999999999787e+00,-2.341871994768879306e-02,2.855165249470333760e-02,-3.488512482902368737e-03,3.516279851974162853e-03,-3.083645568992606986e-02,0.000000000000000000e+00
9.015000000000000568e+00,-2.327637153740792775e-02,2.838785386082609552e-02,-3.470965504316145169e-03,3.502513992662714681e-03,-3.067857872036196948e-02,0.000000000000000000e+00
9.019999999999999574e+00,-2.313483998966094773e-02,2.822490687928362260e-02,-3.453487318476750490e-03,3.488762832169185844e-03,-3.052134638745456624e-02,0.000000000000000000e+00
9.025000000000000355e+00,-2.299412105520829558e-02,2.806280794240995774e-02,-3.436077850711929341e-03,3.475026840618580803e-03,-3.036475769908644068e-02,0.000000000000000000e+00
9.029999999999999361e+00,-2.285421050283095723e-02,2.790155344966909617e-02,-3.418737024015868105e-03,3.461306481319691934e-03,-3.020881164475291980e-02,0.000000000000000000e+00
9.035000000000000142e+00,-2.271510411929459836e-02,2.774113980773701069e-02,-3.401464759083118287e-03,3.447602210828281614e-03,-3.005350719585444391e-02,0.000000000000000000e+00
9.040000000000000924e+00,-2.257679770931330862e-02,2.758156343058222257e-02,-3.384260974342204187e-03,3.433914479009841491e-03,-2.989884330598596013e-02,0.000000000000000000e+00
9.044999999999999929e+00,-2.243928709551294351e-02,2.742282073954494317e-02,-3.367125585988918306e-03,3.420243729101928466e-03,-2.974481891122364441e-02,0.000000000000000000e+00
9.050000000000000711e+00,-2.230256811839405676e-02,2.726490816341479995e-02,-3.350058508019305818e-03,3.406590397776084345e-03,-2.959143293040866068e-02,0.000000000000000000e+00
9.054999999999999716e+00,-2.216663663629447542e-02,2.710782213850717118e-02,-3.333059652262341556e-03,3.392954915199332660e-03,-2.943868426542810279e-02,0.000000000000000000e+00
9.060000000000000497e+00,-2.203148852535148292e-02,2.695155910873811914e-02,-3.316128928412299080e-03,3.379337705095261744e-03,-2.928657180149324066e-02,0.000000000000000000e+00
9.064999999999999503e+00,-2.189711967946362040e-02,2.679611552569796315e-02,-3.299266244060816179e-03,3.365739184804689751e-03,-2.913509440741495621e-02,0.000000000000000000e+00
9.070000000000000284e+00,-2.176352601025214467e-02,2.664148784872348227e-02,-3.282471504728657220e-03,3.352159765345916805e-03,-2.898425093587635865e-02,0.000000000000000000e+00
9.075000000000001066e+00,-2.163070344702211142e-02,2.648767254496878915e-02,-3.265744613897177562e-03,3.338599851474562119e-03,-2.883404022370287742e-02,0.000000000000000000e+00
9.080000000000000071e+00,-2.149864793672312188e-02,2.633466608947486812e-02,-3.249085473039486568e-03,3.325059841742991282e-03,-2.868446109212931250e-02,0.000000000000000000e+00
9.085000000000000853e+00,-2.136735544390971214e-02,2.618246496523778458e-02,-3.232493981651317003e-03,3.311540128559330685e-03,-2.853551234706456358e-02,0.000000000000000000e+00
9.089999999999999858e+00,-2.123682195070140596e-02,2.603106566327561405e-02,-3.215970037281599969e-03,3.298041098246076459e-03,-2.838719277935352128e-02,0.000000000000000000e+00
9.095000000000000639e+00,-2.110704345674244836e-02,2.588046468269406680e-02,-3.199513535562746244e-03,3.284563131098293138e-03,-2.823950116503620017e-02,0.000000000000000000e+00
9.099999999999999645e+00,-2.097801597916120267e-02,2.573065853075083911e-02,-3.183124370240639212e-03,3.271106601441406848e-03,-2.809243626560447779e-02,0.000000000000000000e+00
9.105000000000000426e+00,-2.084973555252923189e-02,2.558164372291871561e-02,-3.166802433204340267e-03,3.257671877688594723e-03,-2.794599682825613107e-02,0.000000000000000000e+00
9.109999999999999432e+00,-2.072219822882006776e-02,2.543341678294740171e-02,-3.150547614515506259e-03,3.244259322397771445e-03,-2.780018158614616305e-02,0.000000000000000000e+00
9.115000000000000213e+00,-2.059540007736767459e-02,2.528597424292414186e-02,-3.134359802437524604e-03,3.230869292328173749e-03,-2.765498925863579122e-02,0.000000000000000000e+00
9.120000000000000995e+00,-2.046933718482461112e-02,2.513931264333309906e-02,-3.118238883464366507e-03,3.217502138496544650e-03,-2.751041855153874005e-02,0.000000000000000000e+00
9.125000000000000000e+00,-2.034400565511990458e-02,2.499342853311354098e-02,-3.102184742349158725e-03,3.204158206232919550e-03,-2.736646815736500440e-02,0.000000000000000000e+00
9.130000000000000782e+00,-2.021940160941662623e-02,2.484831846971681524e-02,-3.086197262132479944e-03,3.190837835236015520e-03,-2.722313675556221196e-02,0.000000000000000000e+00
9.134999999999999787e+00,-2.009552118606919638e-02,2.470397901916215194e-02,-3.070276324170378296e-03,3.177541359628225943e-03,-2.708042301275435937e-02,0.000000000000000000e+00
9.140000000000000568e+00,-1.997236054058040139e-02,2.456040675609129018e-02,-3.054421808162116961e-03,3.164269108010219194e-03,-2.693832558297823421e-02,0.000000000000000000e+00
9.144999999999999574e+00,-1.984991584555815744e-02,2.441759826382194909e-02,-3.038633592177647415e-03,3.151021403515147454e-03,-2.679684310791722451e-02,0.000000000000000000e+00
9.150000000000000355e+00,-1.972818329067198631e-02,2.427555013440015064e-02,-3.022911552684812066e-03,3.137798563862464335e-03,-2.665597421713285231e-02,0.000000000000000000e+00
9.154999999999999361e+00,-1.960715908260925872e-02,2.413425896865141820e-02,-3.007255564576278434e-03,3.124600901411352192e-03,-2.651571752829375017e-02,0.000000000000000000e+00
9.160000000000000142e+00,-1.948683944503115661e-02,2.399372137623083379e-02,-2.991665501196208356e-03,3.111428723213763466e-03,-2.637607164740238264e-02,0.000000000000000000e+00
9.165000000000000924e+00,-1.936722061852841695e-02,2.385393397567200924e-02,-2.976141234366662218e-03,3.098282331067076043e-03,-2.623703516901930780e-02,0.000000000000000000e+00
9.169999999999999929e+00,-1.924829886057681169e-02,2.371489339443495770e-02,-2.960682634413741229e-03,3.085162021566363946e-03,-2.609860667648507965e-02,0.000000000000000000e+00
9.175000000000000711e+00,-1.913007044549239546e-02,2.357659626895286520e-02,-2.945289570193468202e-03,3.072068086156285512e-03,-2.596078474213988491e-02,0.000000000000000000e+00
9.179999999999999716e+00,-1.901253166438652761e-02,2.343903924467779717e-02,-2.929961909117412017e-03,3.059000811182591671e-03,-2.582356792754081712e-02,0.000000000000000000e+00
9.185000000000000497e+00,-1.889567882512067226e-02,2.330221897612535717e-02,-2.914699517178053183e-03,3.045960477943253451e-03,-2.568695478367681237e-02,0.000000000000000000e+00
9.189999999999999503e+00,-1.877950825226096590e-02,2.316613212691828044e-02,-2.899502258973895696e-03,3.032947362739213479e-03,-2.555094385118137496e-02,0.000000000000000000e+00
9.195000000000000284e+00,-1.866401628703256987e-02,2.303077536982899368e-02,-2.884369997734326924e-03,3.019961736924761057e-03,-2.541553366054301322e-02,0.000000000000000000e+00
9.200000000000001066e+00,-1.854919928727382164e-02,2.289614538682114772e-02,-2.869302595344225097e-03,3.007003866957532520e-03,-2.528072273231342371e-02,0.000000000000000000e+00
9.205000000000000071e+00,-1.843505362739018133e-02,2.276223886909014421e-02,-2.854299912368317860e-03,2.994074014448139948e-03,-2.514650957731345143e-02,0.000000000000000000e+00
9.210000000000000853e+00,-1.832157569830797014e-02,2.262905251710265603e-02,-2.839361808075295361e-03,2.981172436209429070e-03,-2.501289269683681926e-02,0.000000000000000000e+00
9.214999999999999858e+00,-1.820876190742791792e-02,2.249658304063514164e-02,-2.824488140461675276e-03,2.968299384305366807e-03,-2.487987058285171318e-02,0.000000000000000000e+00
9.220000000000000639e+00,-1.809660867857851643e-02,2.236482715881140185e-02,-2.809678766275427574e-03,2.955455106099562790e-03,-2.474744171820018879e-02,0.000000000000000000e+00
9.224999999999999645e+00,-1.798511245196919225e-02,2.223378160013914431e-02,-2.794933541039353389e-03,2.942639844303424849e-03,-2.461560457679536074e-02,0.000000000000000000e+00
9.230000000000000426e+00,-1.787426968414330269e-02,2.210344310254560782e-02,-2.780252319074228394e-03,2.929853837023950643e-03,-2.448435762381651407e-02,0.000000000000000000e+00
9.234999999999999432e+00,-1.776407684793095132e-02,2.197380841341222898e-02,-2.765634953521705491e-03,2.917097317811156304e-03,-2.435369931590208176e-02,0.000000000000000000e+00
9.240000000000000213e+00,-1.765453043240161959e-02,2.184487428960836530e-02,-2.751081296366981576e-03,2.904370515705145990e-03,-2.422362810134053024e-02,0.000000000000000000e+00
9.245000000000000995e+00,-1.754562694281665974e-02,2.171663749752411263e-02,-2.736591198461230546e-03,2.891673655282821047e-03,-2.409414242025907649e-02,0.000000000000000000e+00
9.250000000000000000e+00,-1.743736290058160374e-02,2.158909481310218245e-02,-2.722164509543802992e-03,2.879006956704233122e-03,-2.396524070481045876e-02,0.000000000000000000e+00
9.255000000000000782e+00,-1.732973484319832308e-02,2.146224302186888755e-02,-2.707801078264195603e-03,2.866370635758582527e-03,-2.383692137935758404e-02,0.000000000000000000e+00
9.259999999999999787e+00,-1.722273932421703596e-02,2.133607891896423941e-02,-2.693500752203790722e-03,2.853764903909861411e-03,-2.370918286065613542e-02,0.000000000000000000e+00
9.265000000000000568e+00,-1.711637291318816867e-02,2.121059930917113326e-02,-2.679263377897369951e-03,2.841189968342146960e-03,-2.358202355803520195e-02,0.000000000000000000e+00
9.269999999999999574e+00,-1.701063219561406090e-02,2.108580100694369686e-02,-2.665088800854400076e-03,2.828646032004542878e-03,-2.345544187357584409e-02,0.000000000000000000e+00
9.275000000000000355e+00,-1.690551377290054960e-02,2.096168083643473734e-02,-2.650976865580096948e-03,2.816133293655773487e-03,-2.332943620228772330e-02,0.000000000000000000e+00
9.279999999999999361e+00,-1.680101426230840370e-02,2.083823563152235880e-02,-2.636927415596266450e-03,2.803651947908432623e-03,-2.320400493228379907e-02,0.000000000000000000e+00
9.285000000000000142e+00,-1.669713029690463729e-02,2.071546223583572988e-02,-2.622940293461925587e-03,2.791202185272885147e-03,-2.307914644495292697e-02,0.000000000000000000e+00
9.290000000000000924e+00,-1.659385852551368765e-02,2.059335750278001170e-02,-2.609015340793703706e-03,2.778784192200826723e-03,-2.295485911513069424e-02,0.000000000000000000e+00
9.294999999999999929e+00,-1.649119561266847514e-02,2.047191829556046713e-02,-2.595152398286029033e-03,2.766398151128503582e-03,-2.283114131126823265e-02,0.000000000000000000e+00
9.300000000000000711e+00,-1.638913823856134183e-02,2.035114148720574764e-02,-2.581351305731097081e-03,2.754044240519590552e-03,-2.270799139559910584e-02,0.000000000000000000e+00
9.304999999999999716e+00,-1.628768309899488592e-02,2.023102396059038230e-02,-2.567611902038627845e-03,2.741722634907733415e-03,-2.258540772430443766e-02,0.000000000000000000e+00
9.310000000000000497e+00,-1.618682690533267479e-02,2.011156260845646873e-02,-2.553934025255410502e-03,2.729433504938753429e-03,-2.246338864767603860e-02,0.000000000000000000e+00
9.314999999999999503e+00,-1.608656638444984355e-02,1.999275433343457656e-02,-2.540317512584637331e-03,2.717177017412520951e-03,-2.234193251027768654e-02,0.000000000000000000e+00
9.320000000000000284e+00,-1.598689827868362071e-02,1.987459604806387364e-02,-2.526762200405029048e-03,2.704953335324492090e-03,-2.222103765110466228e-02,0.000000000000000000e+00
9.325000000000001066e+00,-1.588781934578372204e-02,1.975708467481148561e-02,-2.513267924289754561e-03,2.692762617906919662e-03,-2.210070240374134923e-02,0.000000000000000000e+00
9.330000000000000071e+00,-1.578932635886266811e-02,1.964021714609109903e-02,-2.499834519025144301e-03,2.680605020669731952e-03,-2.198092509651711213e-02,0.000000000000000000e+00
9.335000000000000853e+00,-1.569141610634601156e-02,1.952399040428081170e-02,-2.486461818629200592e-03,2.668480695441085345e-03,-2.186170405266030584e-02,0.000000000000000000e+00
9.339999999999999858e+00,-1.559408539192246382e-02,1.940840140174024051e-02,-2.473149656369904616e-03,2.656389790407592561e-03,-2.174303759045055628e-02,0.000000000000000000e+00
9.345000000000000639e+00,-1.549733103449395244e-02,1.929344710082691108e-02,-2.459897864783326064e-03,2.644332450154227368e-03,-2.162492402336924774e-02,0.000000000000000000e+00
9.349999999999999645e+00,-1.540114986812558991e-02,1.917912447391190503e-02,-2.446706275691531117e-03,2.632308815703906200e-03,-2.150736166024829615e-02,0.000000000000000000e+00
9.355000000000000426e+00,-1.530553874199556443e-02,1.906543050339480974e-02,-2.433574720220294408e-03,2.620319024556751891e-03,-2.139034880541716005e-02,0.000000000000000000e+00
9.359999999999999432e+00,-1.521049452034496999e-02,1.895236218171796050e-02,-2.420503028816615824e-03,2.608363210729037346e-03,-2.127388375884808891e-02,0.000000000000000000e+00
9.365000000000000213e+00,-1.511601408242755143e-02,1.883991651137997825e-02,-2.407491031266043458e-03,2.596441504791814799e-03,-2.115796481629981726e-02,0.000000000000000000e+00
9.370000000000000995e+00,-1.502209432245939225e-02,1.872809050494863084e-02,-2.394538556709802264e-03,2.584554033909228915e-03,-2.104259026945935404e-02,0.000000000000000000e+00
9.375000000000000000e+00,-1.492873214956853996e-02,1.861688118507300038e-02,-2.381645433661735371e-03,2.572700921876518946e-03,-2.092775840608231130e-02,0.000000000000000000e+00
9.380000000000000782e+00,-1.483592448774456903e-02,1.850628558449500180e-02,-2.368811490025053267e-03,2.560882289157707329e-03,-2.081346751013141844e-02,0.000000000000000000e+00
9.384999999999999787e+00,-1.474366827578808825e-02,1.839630074606021792e-02,-2.356036553108896078e-03,2.549098252922982547e-03,-2.069971586191345081e-02,0.000000000000000000e+00
9.390000000000000568e+00,-1.465196046726020135e-02,1.828692372272809619e-02,-2.343320449644710653e-03,2.537348927085771467e-03,-2.058650173821453128e-02,0.000000000000000000e+00
9.394999999999999574e+00,-1.456079803043190506e-02,1.817815157758147920e-02,-2.330663005802441606e-03,2.525634422339506375e-03,-2.047382341243381490e-02,0.000000000000000000e+00
9.400000000000000355e+00,-1.447017794823345950e-02,1.806998138383553165e-02,-2.318064047206540648e-03,2.513954846194091462e-03,-2.036167915471553957e-02,0.000000000000000000e+00
9.404999999999999361e+00,-1.438009721820369784e-02,1.796241022484599756e-02,-2.305523398951793337e-03,2.502310303012062701e-03,-2.025006723207950152e-02,0.000000000000000000e+00
9.410000000000000142e+00,-1.429055285243930815e-02,1.785543519411686778e-02,-2.293040885618965845e-03,2.490700894044450223e-03,-2.013898590855001114e-02,0.000000000000000000e+00
9.415000000000000924e+00,-1.420154187754407368e-02,1.774905339530741255e-02,-2.280616331290274360e-03,2.479126717466341012e-03,-2.002843344528320441e-02,0.000000000000000000e+00
9.419999999999999929e+00,-1.411306133457807845e-02,1.764326194223863123e-02,-2.268249559564675371e-03,2.467587868412145832e-03,-1.991840810069280682e-02,0.000000000000000000e+00
9.425000000000000711e+00,-1.402510827900688498e-02,1.753805795889907052e-02,-2.255940393572982913e-03,2.456084439010570390e-03,-1.980890813057449226e-02,0.000000000000000000e+00
9.429999999999999716e+00,-1.393767978065068441e-02,1.743343857945008762e-02,-2.243688655992808444e-03,2.444616518419292454e-03,-1.969993178822852103e-02,0.000000000000000000e+00
9.435000000000000497e+00,-1.385077292363341706e-02,1.732940094823050281e-02,-2.231494169063331576e-03,2.433184192859348845e-03,-1.959147732458108720e-02,0.000000000000000000e+00
9.439999999999999503e+00,-1.376438480633187730e-02,1.722594221976070025e-02,-2.219356754599897345e-03,2.421787545649232726e-03,-1.948354298830396597e-02,0.000000000000000000e+00
9.445000000000000284e+00,-1.367851254132479953e-02,1.712305955874613567e-02,-2.207276234008443468e-03,2.410426657238701198e-03,-1.937612702593283220e-02,0.000000000000000000e+00
9.450000000000001066e+00,-1.359315325534191793e-02,1.702075014008031309e-02,-2.195252428299761509e-03,2.399101605242298391e-03,-1.926922768198407673e-02,0.000000000000000000e+00
9.455000000000000071e+00,-1.350830408921302461e-02,1.691901114884717533e-02,-2.183285158103588901e-03,2.387812464472593640e-03,-1.916284319907009953e-02,0.000000000000000000e+00
9.460000000000000853e+00,-1.342396219781701386e-02,1.681783978032298094e-02,-2.171374243682535742e-03,2.376559306973136023e-03,-1.905697181801324636e-02,0.000000000000000000e+00
9.464999999999999858e+00,-1.334012475003091246e-02,1.671723323997761912e-02,-2.159519504945849825e-03,2.365342202051128745e-03,-1.895161177795831250e-02,0.000000000000000000e+00
9.470000000000000639e+00,-1.325678892867891527e-02,1.661718874347540426e-02,-2.147720761463016003e-03,2.354161216309823799e-03,-1.884676131648356512e-02,0.000000000000000000e+00
9.474999999999999645e+00,-1.317395193048140518e-02,1.651770351667534650e-02,-2.135977832477195526e-03,2.343016413680640373e-03,-1.874241866971042281e-02,0.000000000000000000e+00
9.480000000000000426e+00,-1.309161096600398519e-02,1.641877479563089853e-02,-2.124290536918505782e-03,2.331907855455004393e-03,-1.863858207241171974e-02,0.000000000000000000e+00
9.484999999999999432e+00,-1.300976325960650701e-02,1.632039982658920266e-02,-2.112658693417140878e-03,2.320835600315917461e-03,-1.853524975811862707e-02,0.000000000000000000e+00
9.490000000000000213e+00,-1.292840604939210492e-02,1.622257586598982101e-02,-2.101082120316336531e-03,2.309799704369251260e-03,-1.843241995922617615e-02,0.000000000000000000e+00
9.495000000000000995e+00,-1.284753658715623650e-02,1.612530018046298003e-02,-2.089560635685176228e-03,2.298800221174771789e-03,-1.833009090709742522e-02,0.000000000000000000e+00
9.500000000000000000e+00,-1.276715213833573732e-02,1.602857004682731526e-02,-2.078094057331246903e-03,2.287837201776895136e-03,-1.822826083216634238e-02,0.000000000000000000e+00
9.505000000000000782e+00,-1.268724998195788420e-02,1.593238275208714791e-02,-2.066682202813137186e-03,2.276910694735174382e-03,-1.812692796403926609e-02,0.000000000000000000e+00
9.509999999999999787e+00,-1.260782741058947588e-02,1.583673559342927209e-02,-2.055324889452787764e-03,2.266020746154524118e-03,-1.802609053159516875e-02,0.000000000000000000e+00
9.515000000000000568e+00,-1.252888173028592587e-02,1.574162587821927028e-02,-2.044021934347688228e-03,2.255167399715177819e-03,-1.792574676308451159e-02,0.000000000000000000e+00
9.519999999999999574e+00,-1.245041026054038297e-02,1.564705092399737776e-02,-2.032773154382927321e-03,2.244350696702384577e-03,-1.782589488622688539e-02,0.000000000000000000e+00
9.525000000000000355e+00,-1.237241033423286743e-02,1.555300805847388036e-02,-2.021578366243093582e-03,2.233570676035845620e-03,-1.772653312830733269e-02,0.000000000000000000e+00
9.529999999999999361e+00,-1.229487929757943319e-02,1.545949461952406297e-02,-2.010437386424029828e-03,2.222827374298891497e-03,-1.762765971627140021e-02,0.000000000000000000e+00
9.535000000000000142e+00,-1.221781451008135608e-02,1.536650795518271738e-02,-1.999350031244443229e-03,2.212120825767402519e-03,-1.752927287681897012e-02,0.000000000000000000e+00
9.540000000000000924e+00,-1.214121334447435321e-02,1.527404542363820783e-02,-1.988316116857370090e-03,2.201451062438473331e-03,-1.743137083649682131e-02,0.000000000000000000e+00
9.544999999999999929e+00,-1.206507318667782852e-02,1.518210439322610454e-02,-1.977335459261498826e-03,2.190818114058824644e-03,-1.733395182178995575e-02,0.000000000000000000e+00
9.550000000000000711e+00,-1.198939143574415285e-02,1.509068224242239575e-02,-1.966407874312351995e-03,2.180222008152961268e-03,-1.723701405921172075e-02,0.000000000000000000e+00
9.554999999999999716e+00,-1.191416550380798231e-02,1.499977635983627995e-02,-1.955533177733326071e-03,2.169662770051082080e-03,-1.714055577539272748e-02,0.000000000000000000e+00
9.560000000000000497e+00,-1.183939281603560954e-02,1.490938414420253481e-02,-1.944711185126595703e-03,2.159140422916739320e-03,-1.704457519716853775e-02,0.000000000000000000e+00
9.564999999999999503e+00,-1.176507081057435490e-02,1.481950300437349065e-02,-1.933941711983876589e-03,2.148654987774251558e-03,-1.694907055166623711e-02,0.000000000000000000e+00
9.570000000000000284e+00,-1.169119693850200099e-02,1.473013035931059617e-02,-1.923224573697054560e-03,2.138206483535870766e-03,-1.685404006638972080e-02,0.000000000000000000e+00
9.575000000000001066e+00,-1.161776866377627060e-02,1.464126363807558874e-02,-1.912559585568677839e-03,2.127794927028706529e-03,-1.675948196930392153e-02,0.000000000000000000e+00
9.580000000000000071e+00,-1.154478346318434448e-02,1.455290027982127261e-02,-1.901946562822316592e-03,2.117420333021406524e-03,-1.666539448891781600e-02,0.000000000000000000e+00
9.585000000000000853e+00,-1.147223882629243297e-02,1.446503773378191894e-02,-1.891385320612788907e-03,2.107082714250598475e-03,-1.657177585436637318e-02,0.000000000000000000e+00
9.589999999999999858e+00,-1.140013225539538919e-02,1.437767345926327725e-02,-1.880875674036254714e-03,2.096782081447091852e-03,-1.647862429549122598e-02,0.000000000000000000e+00
9.595000000000000639e+00,-1.132846126546638299e-02,1.429080492563222435e-02,-1.870417438140180690e-03,2.086518443361841911e-03,-1.638593804292040601e-02,0.000000000000000000e+00
9.599999999999999645e+00,-1.125722338410662000e-02,1.420442961230603679e-02,-1.860010427933174622e-03,2.076291806791678678e-03,-1.629371532814680862e-02,0.000000000000000000e+00
9.605000000000000426e+00,-1.118641615149511444e-02,1.411854500874130773e-02,-1.849654458394692051e-03,2.066102176604803047e-03,-1.620195438360564830e-02,0.000000000000000000e+00
9.609999999999999432e+00,-1.111603712033852262e-02,1.403314861442249949e-02,-1.839349344484616719e-03,2.055949555766048258e-03,-1.611065344275081079e-02,0.000000000000000000e+00
9.615000000000000213e+00,-1.104608385582103551e-02,1.394823793885015435e-02,-1.829094901152714375e-03,2.045833945361911089e-03,-1.601981074013010542e-02,0.000000000000000000e+00
9.620000000000000995e+00,-1.097655393555432499e-02,1.386381050152875501e-02,-1.818890943347962336e-03,2.035755344625354499e-03,-1.592942451145949040e-02,0.000000000000000000e+00
9.625000000000000000e+00,-1.090744494952755606e-02,1.377986383195423797e-02,-1.808737286027755665e-03,2.025713750960383020e-03,-1.583949299369618105e-02,0.000000000000000000e+00
9.630000000000000782e+00,-1.083875450005746498e-02,1.369639546960118269e-02,-1.798633744166991053e-03,2.015709159966390038e-03,-1.575001442511075878e-02,0.000000000000000000e+00
9.634999999999999787e+00,-1.077048020173849291e-02,1.361340296390966403e-02,-1.788580132767029476e-03,2.005741565462282154e-03,-1.566098704535826003e-02,0.000000000000000000e+00
9.640000000000000568e+00,-1.070261968139299413e-02,1.353088387427178220e-02,-1.778576266864538742e-03,1.995810959510379776e-03,-1.557240909554814812e-02,0.000000000000000000e+00
9.644999999999999574e+00,-1.063517057802151368e-02,1.344883577001786644e-02,-1.768621961540216975e-03,1.985917332440096522e-03,-1.548427881831338469e-02,0.000000000000000000e+00
9.650000000000000355e+00,-1.056813054275312913e-02,1.336725623040237523e-02,-1.758717031927399012e-03,1.976060672871399627e-03,-1.539659445787841877e-02,0.000000000000000000e+00
9.654999999999999361e+00,-1.050149723879586182e-02,1.328614284458947380e-02,-1.748861293220544625e-03,1.966240967738050460e-03,-1.530935426012619560e-02,0.000000000000000000e+00
9.660000000000000142e+00,-1.043526834138717128e-02,1.320549321163831842e-02,-1.739054560683612246e-03,1.956458202310628648e-03,-1.522255647266417683e-02,0.000000000000000000e+00
9.665000000000000924e+00,-1.036944153774451566e-02,1.312530494048802857e-02,-1.729296649658318202e-03,1.946712360219342384e-03,-1.513619934488941859e-02,0.000000000000000000e+00
9.669999999999999929e+00,-1.030401452701598664e-02,1.304557564994237619e-02,-1.719587375572281243e-03,1.937003423476622984e-03,-1.505028112805259673e-02,0.000000000000000000e+00
9.675000000000000711e+00,-1.023898502023102945e-02,1.296630296865417323e-02,-1.709926553947055828e-03,1.927331372499508462e-03,-1.496480007532119579e-02,0.000000000000000000e+00
9.679999999999999716e+00,-1.017435074025123745e-02,1.288748453510937982e-02,-1.700314000406053308e-03,1.917696186131816541e-03,-1.487975444184163297e-02,0.000000000000000000e+00
9.685000000000000497e+00,-1.011010942172122125e-02,1.280911799761092797e-02,-1.690749530682353601e-03,1.908097841666107127e-03,-1.479514248480050947e-02,0.000000000000000000e+00
9.689999999999999503e+00,-1.004625881101957156e-02,1.273120101426227467e-02,-1.681232960626406064e-03,1.898536314865439207e-03,-1.471096246348490948e-02,0.000000000000000000e+00
9.695000000000000284e+00,-9.982796666209894920e-03,1.265373125295067396e-02,-1.671764106213624113e-03,1.889011579984919585e-03,-1.462721263934179880e-02,0.000000000000000000e+00
9.700000000000001066e+00,-9.919720756991936075e-03,1.257670639133018700e-02,-1.662342783551870552e-03,1.879523609793048002e-03,-1.454389127603648857e-02,0.000000000000000000e+00
9.705000000000000071e+00,-9.857028864652788921e-03,1.250012411680443206e-02,-1.652968808888838391e-03,1.870072375592859082e-03,-1.446099663951017252e-02,0.000000000000000000e+00
9.710000000000000853e+00,-9.794718782018192391e-03,1.242398212650906719e-02,-1.643641998619325409e-03,1.860657847242861958e-03,-1.437852699803667846e-02,0.000000000000000000e+00
9.714999999999999858e+00,-9.732788313403913094e-03,1.234827812729403021e-02,-1.634362169292405062e-03,1.851279993177780414e-03,-1.429648062227817720e-02,0.000000000000000000e+00
9.720000000000000639e+00,-9.671235274567219903e-03,1.227300983570551486e-02,-1.625129137618493320e-03,1.841938780429093307e-03,-1.421485578534015422e-02,0.000000000000000000e+00
9.724999999999999645e+00,-9.610057492658448733e-03,1.219817497796771809e-02,-1.615942720476314879e-03,1.832634174645378323e-03,-1.413365076282543931e-02,0.000000000000000000e+00
9.730000000000000426e+00,-9.549252806172659272e-03,1.212377128996433052e-02,-1.606802734919766809e-03,1.823366140112459705e-03,-1.405286383288738977e-02,0.000000000000000000e+00
9.734999999999999432e+00,-9.488819064901378442e-03,1.204979651721980148e-02,-1.597708998184682030e-03,1.814134639773361908e-03,-1.397249327628225825e-02,0.000000000000000000e+00
9.740000000000000213e+00,-9.428754129884453147e-03,1.197624841488036454e-02,-1.588661327695494330e-03,1.804939635248068754e-03,-1.389253737642067582e-02,0.000000000000000000e+00
9.745000000000000995e+00,-9.369055873361982825e-03,1.190312474769483937e-02,-1.579659541071804299e-03,1.795781086853093277e-03,-1.381299441941831116e-02,0.000000000000000000e+00
9.750000000000000000e+00,-9.309722178726357808e-03,1.183042328999520110e-02,-1.570703456134848325e-03,1.786658953620855672e-03,-1.373386269414575422e-02,0.000000000000000000e+00
9.755000000000000782e+00,-9.250750940474389630e-03,1.175814182567694148e-02,-1.561792890913870887e-03,1.777573193318872802e-03,-1.365514049227751700e-02,0.000000000000000000e+00
9.759999999999999787e+00,-9.192140064159545418e-03,1.168627814817920114e-02,-1.552927663652401216e-03,1.768523762468761232e-03,-1.357682610834025361e-02,0.000000000000000000e+00
9.765000000000000568e+00,-9.133887466344279421e-03,1.161483006046469535e-02,-1.544107592814436504e-03,1.759510616365053551e-03,-1.349891783976021192e-02,0.000000000000000000e+00
9.769999999999999574e+00,-9.075991074552466897e-03,1.154379537499943334e-02,-1.535332497090529692e-03,1.750533709093829958e-03,-1.342141398690985948e-02,0.000000000000000000e+00
9.775000000000000355e+00,-9.018448827221936873e-03,1.147317191373222779e-02,-1.526602195403786418e-03,1.741592993551167477e-03,-1.334431285315373222e-02,0.000000000000000000e+00
9.779999999999999361e+00,-8.961258673657108986e-03,1.140295750807400650e-02,-1.517916506915768272e-03,1.732688421461407030e-03,-1.326761274489350606e-02,0.000000000000000000e+00
9.785000000000000142e+00,-8.904418573981737889e-03,1.133314999887692631e-02,-1.509275251032307164e-03,1.723819943395239881e-03,-1.319131197161233296e-02,0.000000000000000000e+00
9.790000000000000924e+00,-8.847926499091758254e-03,1.126374723641329102e-02,-1.500678247409228169e-03,1.714987508787615402e-03,-1.311540884591838249e-02,0.000000000000000000e+00
9.794999999999999929e+00,-8.791780430608235608e-03,1.119474708035428541e-02,-1.492125315957984130e-03,1.706191065955471467e-03,-1.303990168358764440e-02,0.000000000000000000e+00
9.800000000000000711e+00,-8.735978360830428183e-03,1.112614739974851670e-02,-1.483616276851201570e-03,1.697430562115287466e-03,-1.296478880360599911e-02,0.000000000000000000e+00
9.804999999999999716e+00,-8.680518292688952850e-03,1.105794607300038083e-02,-1.475150950528139647e-03,1.688705943400463415e-03,-1.289006852821055621e-02,0.000000000000000000e+00
9.810000000000000497e+00,-8.625398239699060346e-03,1.099014098784823965e-02,-1.466729157700061943e-03,1.680017154878524948e-03,-1.281573918293023480e-02,0.000000000000000000e+00
9.814999999999999503e+00,-8.570616225914019781e-03,1.092273004134243844e-02,-1.458350719355523900e-03,1.671364140568156560e-03,-1.274179909662565349e-02,0.000000000000000000e+00
9.820000000000000284e+00,-8.516170285878614174e-03,1.085571113982313277e-02,-1.450015456765574393e-03,1.662746843456062908e-03,-1.266824660152831260e-02,0.000000000000000000e+00
9.825000000000001066e+00,-8.462058464582750475e-03,1.078908219889796426e-02,-1.441723191488873809e-03,1.654165205513661186e-03,-1.259508003327905468e-02,0.000000000000000000e+00
9.830000000000000071e+00,-8.408278817415171941e-03,1.072284114341955953e-02,-1.433473745376729518e-03,1.645619167713605665e-03,-1.252229773096582427e-02,0.000000000000000000e+00
9.835000000000000853e+00,-8.354829410117297142e-03,1.065698590746287470e-02,-1.425266940578048076e-03,1.637108670046143319e-03,-1.244989803716076496e-02,0.000000000000000000e+00
9.839999999999999858e+00,-8.301708318737159586e-03,1.059151443430237857e-02,-1.417102599544207194e-03,1.628633651535306382e-03,-1.237787929795662774e-02,0.000000000000000000e+00
9.845000000000000639e+00,-8.248913629583468771e-03,1.052642467638908313e-02,-1.408980545033846612e-03,1.620194050254937946e-03,-1.230623986300245776e-02,0.000000000000000000e+00
9.849999999999999645e+00,-8.196443439179785725e-03,1.046171459532741974e-02,-1.400900600117579173e-03,1.611789803344556432e-03,-1.223497808553869817e-02,0.000000000000000000e+00
9.855000000000000426e+00,-8.144295854218816522e-03,1.039738216185197121e-02,-1.392862588182622969e-03,1.603420847025056797e-03,-1.216409232243152901e-02,0.000000000000000000e+00
9.859999999999999432e+00,-8.092468991516816798e-03,1.033342535580405661e-02,-1.384866332937356292e-03,1.595087116614251482e-03,-1.209358093420668558e-02,0.000000000000000000e+00
9.865000000000000213e+00,-8.040960977968115986e-03,1.026984216610817013e-02,-1.376911658415793435e-03,1.586788546542252645e-03,-1.202344228508250151e-02,0.000000000000000000e+00
9.870000000000000995e+00,-7.989769950499764697e-03,1.020663059074829182e-02,-1.368998388981986121e-03,1.578525070366695437e-03,-1.195367474300238625e-02,0.000000000000000000e+00
9.875000000000000000e+00,-7.938894056026293139e-03,1.014378863674405239e-02,-1.361126349334347303e-03,1.570296620787805597e-03,-1.188427667966662597e-02,0.000000000000000000e+00
9.880000000000000782e+00,-7.888331451404596156e-03,1.008131432012676978e-02,-1.353295364509901448e-03,1.562103129663309402e-03,-1.181524647056365201e-02,0.000000000000000000e+00
9.884999999999999787e+00,-7.838080303388929304e-03,1.001920566591536083e-02,-1.345505259888459589e-03,1.553944528023192256e-03,-1.174658249500053556e-02,0.000000000000000000e+00
9.890000000000000568e+00,-7.788138788586038488e-03,9.957460708092115767e-03,-1.337755861196722159e-03,1.545820746084300727e-03,-1.167828313613302436e-02,0.000000000000000000e+00
9.894999999999999574e+00,-7.738505093410398897e-03,9.896077489578360142e-03,-1.330046994512307668e-03,1.537731713264796048e-03,-1.161034678099487003e-02,0.000000000000000000e+00
9.900000000000000355e+00,-7.689177414039582298e-03,9.835054062209988221e-03,-1.322378486267710915e-03,1.529677358198454091e-03,-1.154277182052662956e-02,0.000000000000000000e+00
9.904999999999999361e+00,-7.640153956369746639e-03,9.774388486712885446e-03,-1.314750163254189193e-03,1.521657608748817675e-03,-1.147555664960379918e-02,0.000000000000000000e+00
9.910000000000000142e+00,-7.591432935971246208e-03,9.714078832678231176e-03,-1.307161852625578474e-03,1.513672392023199904e-03,-1.140869966706443625e-02,0.000000000000000000e+00
9.915000000000000924e+00,-7.543012578044367561e-03,9.654123178537690406e-03,-1.299613381902039967e-03,1.505721634386540273e-03,-1.134219927573616206e-02,0.000000000000000000e+00
9.919999999999999929e+00,-7.494891117375190349e-03,9.594519611538497930e-03,-1.292104578973737308e-03,1.497805261475115704e-03,-1.127605388246258160e-02,0.000000000000000000e+00
9.925000000000000711e+00,-7.447066798291570450e-03,9.535266227718438431e-03,-1.284635272104446297e-03,1.489923198210105649e-03,-1.121026189812918301e-02,0.000000000000000000e+00
9.929999999999999716e+00,-7.399537874619251457e-03,9.476361131880715535e-03,-1.277205289935096338e-03,1.482075368811014730e-03,-1.114482173768862466e-02,0.000000000000000000e+00
9.935000000000000497e+00,-7.352302609638099347e-03,9.417802437568727203e-03,-1.269814461487246172e-03,1.474261696808951833e-03,-1.107973182018551911e-02,0.000000000000000000e+00
9.939999999999999503e+00,-7.305359276038466375e-03,9.359588267040740497e-03,-1.262462616166492397e-03,1.466482105059769333e-03,-1.101499056878061690e-02,0.000000000000000000e+00
9.945000000000000284e+00,-7.258706155877678139e-03,9.301716751244467479e-03,-1.255149583765813141e-03,1.458736515757061598e-03,-1.095059641077448381e-02,0.000000000000000000e+00
9.950000000000001066e+00,-7.212341540536651614e-03,9.244186029791557832e-03,-1.247875194468847778e-03,1.451024850445024059e-03,-1.088654777763065074e-02,0.000000000000000000e+00
9.955000000000000071e+00,-7.166263730676638959e-03,9.186994250931985670e-03,-1.240639278853111586e-03,1.443347030031175452e-03,-1.082284310499820323e-02,0.000000000000000000e+00
9.960000000000000853e+00,-7.120471036196099682e-03,9.130139571528366957e-03,-1.233441667893147523e-03,1.435702974798942809e-03,-1.075948083273386112e-02,0.000000000000000000e+00
9.964999999999999858e+00,-7.074961776187703791e-03,9.073620157030174577e-03,-1.226282192963615769e-03,1.428092604420111130e-03,-1.069645940492354799e-02,0.000000000000000000e+00
9.970000000000000639e+00,-7.029734278895458967e-03,9.017434181447882280e-03,-1.219160685842320818e-03,1.420515837967138185e-03,-1.063377726990344038e-02,0.000000000000000000e+00
9.974999999999999645e+00,-6.984786881671973049e-03,8.961579827327023628e-03,-1.212076978713178292e-03,1.412972593925336832e-03,-1.057143288028052769e-02,0.000000000000000000e+00
9.980000000000000426e+00,-6.940117930935842290e-03,8.906055285722174614e-03,-1.205030904169119513e-03,1.405462790204924399e-03,-1.050942469295263783e-02,0.000000000000000000e+00
9.984999999999999432e+00,-6.895725782129172310e-03,8.850858756170858210e-03,-1.198022295214937541e-03,1.397986344152941755e-03,-1.044775116912799798e-02,0.000000000000000000e+00
9.990000000000000213e+00,-6.851608799675227429e-03,8.795988446667377808e-03,-1.191050985270073999e-03,1.390543172565041410e-03,-1.038641077434431306e-02,0.000000000000000000e+00
9.995000000000000995e+00,-6.807765356936213569e-03,8.741442573636581254e-03,-1.184116808171346283e-03,1.383133191697147454e-03,-1.032540197848733077e-02,0.000000000000000000e+00
1.000000000000000000e+01,-6.764193836171191257e-03,8.687219361907552034e-03,-1.177219598175617077e-03,1.375756317276986915e-03,-1.026472325580895031e-02,0.000000000000000000e+00
1.000500000000000078e+01,-6.720892628494118740e-03,8.633317044687243216e-03,-1.170359189962407506e-03,1.368412464515495353e-03,-1.020437308494485072e-02,0.000000000000000000e+00
1.000999999999999979e+01,-6.677860133832031267e-03,8.579733863534033320e-03,-1.163535418636452374e-03,1.361101548118096027e-03,-1.014434994893166977e-02,0.000000000000000000e+00
1.001500000000000057e+01,-6.635094760883348750e-03,8.526468068331235356e-03,-1.156748119730199907e-03,1.353823482295854388e-03,-1.008465233522369206e-02,0.000000000000000000e+00
1.001999999999999957e+01,-6.592594927076316121e-03,8.473517917260536478e-03,-1.149997129206255762e-03,1.346578180776509398e-03,-1.002527873570912761e-02,0.000000000000000000e+00
1.002500000000000036e+01,-6.550359058527580741e-03,8.420881676775385585e-03,-1.143282283459772820e-03,1.339365556815381693e-03,-9.966227646725859743e-03,0.000000000000000000e+00
1.002999999999999936e+01,-6.508385590000898176e-03,8.368557621574321953e-03,-1.136603419320785478e-03,1.332185523206160741e-03,-9.907497569076861507e-03,0.000000000000000000e+00
1.003500000000000014e+01,-6.466672964865975010e-03,8.316544034574255284e-03,-1.129960374056491676e-03,1.325037992291571657e-03,-9.849087008045067509e-03,0.000000000000000000e+00
1.004000000000000092e+01,-6.425219635057442640e-03,8.264839206883693723e-03,-1.123352985373481149e-03,1.317922875973921671e-03,-9.790994473407862303e-03,0.000000000000000000e+00
1.004499999999999993e+01,-6.384024061033966371e-03,8.213441437775918091e-03,-1.116781091419911422e-03,1.310840085725529288e-03,-9.733218479451145530e-03,0.000000000000000000e+00
1.005000000000000071e+01,-6.343084711737488959e-03,8.162349034662114491e-03,-1.110244530787631760e-03,1.303789532599034396e-03,-9.675757544982958175e-03,0.000000000000000000e+00
1.005499999999999972e+01,-6.302400064552609454e-03,8.111560313064465275e-03,-1.103743142514256384e-03,1.296771127237594540e-03,-9.618610193346666462e-03,0.000000000000000000e+00
1.006000000000000050e+01,-6.261968605266094758e-03,8.061073596589186235e-03,-1.097276766085186284e-03,1.289784779884962582e-03,-9.561774952433790137e-03,0.000000000000000000e+00
1.006499999999999950e+01,-6.221788828026525615e-03,8.010887216899536048e-03,-1.090845241435581389e-03,1.282830400395452682e-03,-9.505250354696362369e-03,0.000000000000000000e+00
1.007000000000000028e+01,-6.181859235304081393e-03,7.960999513688778867e-03,-1.084448408952283288e-03,1.275907898243791149e-03,-9.449034937158918429e-03,0.000000000000000000e+00
1.007500000000000107e+01,-6.142178337850455819e-03,7.911408834653112232e-03,-1.078086109475688299e-03,1.269017182534855175e-03,-9.393127241430064556e-03,0.000000000000000000e+00
1.008000000000000007e+01,-6.102744654658910639e-03,7.862113535464556810e-03,-1.071758184301573047e-03,1.262158162013300765e-03,-9.337525813713689476e-03,0.000000000000000000e+00
1.008500000000000085e+01,-6.063556712924465450e-03,7.813111979743821850e-03,-1.065464475182871691e-03,1.255330745073079002e-03,-9.282229204819754387e-03,0.000000000000000000e+00
1.008999999999999986e+01,-6.024613048004220234e-03,7.764402539033129873e-03,-1.059204824331405441e-03,1.248534839766843665e-03,-9.227235970174677004e-03,0.000000000000000000e+00
1.009500000000000064e+01,-5.985912203377817542e-03,7.715983592769017942e-03,-1.052979074419566540e-03,1.241770353815249564e-03,-9.172544669831392966e-03,0.000000000000000000e+00
1.009999999999999964e+01,-5.947452730608037384e-03,7.667853528255108575e-03,-1.046787068581954546e-03,1.235037194616143540e-03,-9.118153868479007829e-03,0.000000000000000000e+00
1.010500000000000043e+01,-5.909233189301530895e-03,7.620010740634854639e-03,-1.040628650416967720e-03,1.228335269253648995e-03,-9.064062135452062227e-03,0.000000000000000000e+00
1.010999999999999943e+01,-5.871252147069689308e-03,7.572453632864264289e-03,-1.034503663988349531e-03,1.221664484507143517e-03,-9.010268044739465701e-03,0.000000000000000000e+00
1.011500000000000021e+01,-5.833508179489649108e-03,7.525180615684596425e-03,-1.028411953826689849e-03,1.215024746860133079e-03,-8.956770174993064493e-03,0.000000000000000000e+00
1.012000000000000099e+01,-5.795999870065435093e-03,7.478190107595043996e-03,-1.022353364930882321e-03,1.208415962509021280e-03,-8.903567109535805157e-03,0.000000000000000000e+00
1.012500000000000000e+01,-5.758725810189237009e-03,7.431480534825391296e-03,-1.016327742769538396e-03,1.201838037371775808e-03,-8.850657436369601533e-03,0.000000000000000000e+00
1.013000000000000078e+01,-5.721684599102827562e-03,7.385050331308659101e-03,-1.010334933282357748e-03,1.195290877096492769e-03,-8.798039748182846093e-03,0.000000000000000000e+00
1.013499999999999979e+01,-5.684874843859111411e-03,7.338897938653729004e-03,-1.004374782881456646e-03,1.188774387069859969e-03,-8.745712642357527516e-03,0.000000000000000000e+00
1.014000000000000057e+01,-5.648295159283818132e-03,7.293021806117961671e-03,-9.984471384526540354e-04,1.182288472425519366e-03,-8.693674720976058562e-03,0.000000000000000000e+00
1.014499999999999957e+01,-5.611944167937325291e-03,7.247420390579793412e-03,-9.925518473567159806e-04,1.175833038052330644e-03,-8.641924590827774338e-03,0.000000000000000000e+00
1.015000000000000036e+01,-5.575820500076622901e-03,7.202092156511329286e-03,-9.866887574305593499e-04,1.169407988602535900e-03,-8.590460863415040269e-03,0.000000000000000000e+00
1.015499999999999936e+01,-5.539922793617414049e-03,7.157035575950924065e-03,-9.808577169884142959e-04,1.163013228499826766e-03,-8.539282154959096371e-03,0.000000000000000000e+00
1.016000000000000014e+01,-5.504249694096349961e-03,7.112249128475755383e-03,-9.750585748229472719e-04,1.156648661947314591e-03,-8.488387086405528581e-03,0.000000000000000000e+00
1.016500000000000092e+01,-5.468799854633408196e-03,7.067731301174391689e-03,-9.692911802063443674e-04,1.150314192935404786e-03,-8.437774283429485059e-03,0.000000000000000000e+00
1.016999999999999993e+01,-5.433571935894400060e-03,7.023480588619355862e-03,-9.635553828913550689e-04,1.144009725249576191e-03,-8.387442376440481379e-03,0.000000000000000000e+00
1.017500000000000071e+01,-5.398564606053622879e-03,6.979495492839684484e-03,-9.578510331122978578e-04,1.137735162478065686e-03,-8.337390000586995809e-03,0.000000000000000000e+00
1.017999999999999972e+01,-5.363776540756644111e-03,6.935774523293484518e-03,-9.521779815860271015e-04,1.131490408019460202e-03,-8.287615795760693363e-03,0.000000000000000000e+00
1.018500000000000050e+01,-5.329206423083225098e-03,6.892316196840494319e-03,-9.465360795128628657e-04,1.125275365090195505e-03,-8.238118406600367094e-03,0.000000000000000000e+00
1.018999999999999950e+01,-5.294852943510382735e-03,6.849119037714641173e-03,-9.409251785774829955e-04,1.119089936731963893e-03,-8.188896482495575807e-03,0.000000000000000000e+00
1.019500000000000028e+01,-5.260714799875584706e-03,6.806181577496602311e-03,-9.353451309497783344e-04,1.112934025819030176e-03,-8.139948677590005954e-03,0.000000000000000000e+00
1.020000000000000107e+01,-5.226790697340085237e-03,6.763502355086371993e-03,-9.297957892856719472e-04,1.106807535065458753e-03,-8.091273650784509136e-03,0.000000000000000000e+00
1.020500000000000007e+01,-5.193079348352398761e-03,6.721079916675831191e-03,-9.242770067279023477e-04,1.100710367032250265e-03,-8.042870065739877658e-03,0.000000000000000000e+00
1.021000000000000085e+01,-5.159579472611907150e-03,6.678912815721327681e-03,-9.187886369067707311e-04,1.094642424134390857e-03,-7.994736590879323451e-03,0.000000000000000000e+00
1.021499999999999986e+01,-5.126289797032606600e-03,6.636999612916260477e-03,-9.133305339408540535e-04,1.088603608647812542e-03,-7.946871899390688110e-03,0.000000000000000000e+00
1.022000000000000064e+01,-5.093209055706989820e-03,6.595338876163673800e-03,-9.079025524376828750e-04,1.082593822716268559e-03,-7.899274669228368434e-03,0.000000000000000000e+00
1.022499999999999964e+01,-5.060335989870068732e-03,6.553929180548864059e-03,-9.025045474943853762e-04,1.076612968358121349e-03,-7.851943583114976560e-03,0.000000000000000000e+00
1.023000000000000043e+01,-5.027669347863529883e-03,6.512769108311997242e-03,-8.971363746982972216e-04,1.070660947473045087e-03,-7.804877328542711261e-03,0.000000000000000000e+00
1.023499999999999943e+01,-4.995207885100027764e-03,6.471857248820741051e-03,-8.917978901275386804e-04,1.064737661848645179e-03,-7.758074597774494187e-03,0.000000000000000000e+00
1.024000000000000021e+01,-4.962950364027617772e-03,6.431192198542906580e-03,-8.864889503515585708e-04,1.058843013166993171e-03,-7.711534087844834628e-03,0.000000000000000000e+00
1.024500000000000099e+01,-4.930895554094322751e-03,6.390772561019111668e-03,-8.812094124316457869e-04,1.052976903011078194e-03,-7.665254500560408912e-03,0.000000000000000000e+00
1.025000000000000000e+01,-4.899042231712836572e-03,6.350596946835458147e-03,-8.759591339214086239e-04,1.047139232871177736e-03,-7.619234542500423826e-03,0.000000000000000000e+00
1.025500000000000078e+01,-4.867389180225366492e-03,6.310663973596226418e-03,-8.707379728672226624e-04,1.041329904151145789e-03,-7.573472925016718968e-03,0.000000000000000000e+00
1.025999999999999979e+01,-4.835935189868609957e-03,6.270972265896589994e-03,-8.655457878086473189e-04,1.035548818174621436e-03,-7.527968364233594140e-03,0.000000000000000000e+00
1.026500000000000057e+01,-4.804679057738868442e-03,6.231520455295350841e-03,-8.603824377788114961e-04,1.029795876191156321e-03,-7.482719581047422505e-03,0.000000000000000000e+00
1.026999999999999957e+01,-4.773619587757295737e-03,6.192307180287694689e-03,-8.552477823047690934e-04,1.024070979382264062e-03,-7.437725301126026090e-03,0.000000000000000000e+00
1.027500000000000036e+01,-4.742755590635285880e-03,6.153331086277969743e-03,-8.501416814078239419e-04,1.018374028867391175e-03,-7.392984254907786733e-03,0.000000000000000000e+00
1.027999999999999936e+01,-4.712085883839996388e-03,6.114590825552491428e-03,-8.450639956038255747e-04,1.012704925709809710e-03,-7.348495177600533265e-03,0.000000000000000000e+00
1.028500000000000014e+01,-4.681609291560002474e-03,6.076085057252365342e-03,-8.400145859034355072e-04,1.007063570922433777e-03,-7.304256809180223985e-03,0.000000000000000000e+00
1.029000000000000092e+01,-4.651324644671095236e-03,6.037812447346342301e-03,-8.349933138123645689e-04,1.001449865473559315e-03,-7.260267894389349844e-03,0.000000000000000000e+00
1.029499999999999993e+01,-4.621230780702209086e-03,5.999771668603698545e-03,-8.300000413315818289e-04,9.958637102925286134e-04,-7.216527182735171103e-03,0.000000000000000000e+00
1.030000000000000071e+01,-4.591326543801487088e-03,5.961961400567141085e-03,-8.250346309574953328e-04,9.903050062753200253e-04,-7.173033428487679032e-03,0.000000000000000000e+00
1.030499999999999972e+01,-4.561610784702480742e-03,5.924380329525746024e-03,-8.200969456821051917e-04,9.847736542900639538e-04,-7.129785390677371125e-03,0.000000000000000000e+00
1.031000000000000050e+01,-4.532082360690487671e-03,5.887027148487922884e-03,-8.151868489931291331e-04,9.792695551824848969e-04,-7.086781833092822488e-03,0.000000000000000000e+00
1.031499999999999950e+01,-4.502740135569021154e-03,5.849900557154411908e-03,-8.103042048741010547e-04,9.737926097812711753e-04,-7.044021524277992684e-03,0.000000000000000000e+00
1.032000000000000028e+01,-4.473582979626416697e-03,5.812999261891313441e-03,-8.054488778044429070e-04,9.683427189033728868e-04,-7.001503237529392923e-03,0.000000000000000000e+00
1.032500000000000107e+01,-4.444609769602570447e-03,5.776321975703148544e-03,-8.006207327595104466e-04,9.629197833592283021e-04,-6.959225750892986118e-03,0.000000000000000000e+00
1.033000000000000007e+01,-4.415819388655817246e-03,5.739867418205955168e-03,-7.958196352106126437e-04,9.575237039579197890e-04,-6.917187847160922998e-03,0.000000000000000000e+00
1.033500000000000085e+01,-4.387210726329937929e-03,5.703634315600418156e-03,-7.910454511250059354e-04,9.521543815122595874e-04,-6.875388313868056184e-03,0.000000000000000000e+00
1.033999999999999986e+01,-4.358782678521305395e-03,5.667621400645032198e-03,-7.862980469658628927e-04,9.468117168438069551e-04,-6.833825943288274717e-03,0.000000000000000000e+00
1.034500000000000064e+01,-4.330534147446159915e-03,5.631827412629307299e-03,-7.815772896922159501e-04,9.414956107878160330e-04,-6.792499532430629552e-03,0.000000000000000000e+00
1.034999999999999964e+01,-4.302464041608024085e-03,5.596251097347004592e-03,-7.768830467588770661e-04,9.362059641981162724e-04,-6.751407883035276045e-03,0.000000000000000000e+00
1.035500000000000043e+01,-4.274571275765246155e-03,5.560891207069414664e-03,-7.722151861163324476e-04,9.309426779519252085e-04,-6.710549801569225606e-03,0.000000000000000000e+00
1.035999999999999943e+01,-4.246854770898679521e-03,5.525746500518675768e-03,-7.675735762106138550e-04,9.257056529545950978e-04,-6.669924099221911755e-03,0.000000000000000000e+00
1.036500000000000021e+01,-4.219313454179494938e-03,5.490815742841128472e-03,-7.629580859831462713e-04,9.204947901442932017e-04,-6.629529591900570548e-03,0.000000000000000000e+00
1.037000000000000099e+01,-4.191946258937126295e-03,5.456097705580711943e-03,-7.583685848705720451e-04,9.153099904966169103e-04,-6.589365100225443202e-03,0.000000000000000000e+00
1.037500000000000000e+01,-4.164752124627349970e-03,5.421591166652404460e-03,-7.538049428045525899e-04,9.101511550291441384e-04,-6.549429449524810445e-03,0.000000000000000000e+00
1.038000000000000078e+01,-4.137729996800495157e-03,5.387294910315702096e-03,-7.492670302115469897e-04,9.050181848059197544e-04,-6.509721469829832588e-03,0.000000000000000000e+00
1.038499999999999979e+01,-4.110878827069786891e-03,5.353207727148145099e-03,-7.447547180125688128e-04,8.999109809418783662e-04,-6.470239995869229988e-03,0.000000000000000000e+00
1.039000000000000057e+01,-4.084197573079821793e-03,5.319328414018882449e-03,-7.402678776229205905e-04,8.948294446072046571e-04,-6.430983867063799590e-03,0.000000000000000000e+00
1.039499999999999957e+01,-4.057685198475178244e-03,5.285655774062288439e-03,-7.358063809519068289e-04,8.897734770316311631e-04,-6.391951927520751926e-03,0.000000000000000000e+00
1.040000000000000036e+01,-4.031340672869154068e-03,5.252188616651618305e-03,-7.313701004025256617e-04,8.847429795086744677e-04,-6.353143026027885040e-03,0.000000000000000000e+00
1.040499999999999936e+01,-4.005162971812636918e-03,5.218925757372711548e-03,-7.269589088711395780e-04,8.797378533998108981e-04,-6.314556016047611839e-03,0.000000000000000000e+00
1.041000000000000014e+01,-3.979151076763110841e-03,5.185866017997744701e-03,-7.225726797471251168e-04,8.747580001385912895e-04,-6.276189755710813098e-03,0.000000000000000000e+00
1.041500000000000092e+01,-3.953303975053786001e-03,5.153008226459028333e-03,-7.182112869125022864e-04,8.698033212346962259e-04,-6.238043107810531743e-03,0.000000000000000000e+00
1.041999999999999993e+01,-3.927620659862866327e-03,5.120351216822854358e-03,-7.138746047415442516e-04,8.648737182779320850e-04,-6.200114939795530952e-03,0.000000000000000000e+00
1.042500000000000071e+01,-3.902100130182942911e-03,5.087893829263393647e-03,-7.095625081003665300e-04,8.599690929421686426e-04,-6.162404123763684863e-03,0.000000000000000000e+00
1.042999999999999972e+01,-3.876741390790520991e-03,5.055634910036637883e-03,-7.052748723464969966e-04,8.550893469892182405e-04,-6.124909536455223555e-03,0.000000000000000000e+00
1.043500000000000050e+01,-3.851543452215675303e-03,5.023573311454396922e-03,-7.010115733284266997e-04,8.502343822726578151e-04,-6.087630059245834058e-03,0.000000000000000000e+00
1.043999999999999950e+01,-3.826505330711835965e-03,4.991707891858346464e-03,-6.967724873851414849e-04,8.454041007415943323e-04,-6.050564578139613903e-03,0.000000000000000000e+00
1.044500000000000028e+01,-3.801626048225704470e-03,4.960037515594125160e-03,-6.925574913456350803e-04,8.405984044443731923e-04,-6.013711983761884164e-03,0.000000000000000000e+00
1.045000000000000107e+01,-3.776904632367297614e-03,4.928561052985484629e-03,-6.883664625284038581e-04,8.358171955322315572e-04,-5.977071171351865456e-03,0.000000000000000000e+00
1.045500000000000007e+01,-3.752340116380121961e-03,4.897277380308492391e-03,-6.841992787409231650e-04,8.310603762628963843e-04,-5.940641040755213417e-03,0.000000000000000000e+00
1.046000000000000085e+01,-3.727931539111476681e-03,4.866185379765790298e-03,-6.800558182791061968e-04,8.263278490041275990e-04,-5.904420496416423227e-03,0.000000000000000000e+00
1.046499999999999986e+01,-3.703677944982885183e-03,4.835283939460904151e-03,-6.759359599267448756e-04,8.216195162372075993e-04,-5.868408447371083192e-03,0.000000000000000000e+00
1.047000000000000064e+01,-3.679578383960654259e-03,4.804571953372607958e-03,-6.718395829549338128e-04,8.169352805603767673e-04,-5.832603807238026863e-03,0.000000000000000000e+00
1.047499999999999964e+01,-3.655631911526561594e-03,4.774048321329345430e-03,-6.677665671214769259e-04,8.122750446922162885e-04,-5.797005494211339427e-03,0.000000000000000000e+00
1.048000000000000043e+01,-3.631837588648672080e-03,4.743711948983707002e-03,-6.637167926702774653e-04,8.076387114749788206e-04,-5.761612431052237464e-03,0.000000000000000000e+00
1.048499999999999943e+01,-3.608194481752279893e-03,4.713561747786959751e-03,-6.596901403307114551e-04,8.030261838778666875e-04,-5.726423545080832483e-03,0.000000000000000000e+00
1.049000000000000021e+01,-3.584701662690979816e-03,4.683596634963639767e-03,-6.556864913169846518e-04,7.984373650002591152e-04,-5.691437768167759148e-03,0.000000000000000000e+00
1.049500000000000099e+01,-3.561358208717863450e-03,4.653815533486196573e-03,-6.517057273274738920e-04,7.938721580748885108e-04,-5.656654036725698546e-03,0.000000000000000000e+00
1.050000000000000000e+01,-3.538163202456842509e-03,4.624217372049698252e-03,-6.477477305440525017e-04,7.893304664709663255e-04,-5.622071291700782639e-03,0.000000000000000000e+00
1.050500000000000078e+01,-3.515115731874100032e-03,4.594801085046594687e-03,-6.438123836314000930e-04,7.848121936972591531e-04,-5.587688478563867731e-03,0.000000000000000000e+00
1.050999999999999979e+01,-3.492214890249665648e-03,4.565565612541538053e-03,-6.398995697362972910e-04,7.803172434051159310e-04,-5.553504547301715139e-03,0.000000000000000000e+00
1.051500000000000057e+01,-3.469459776149117457e-03,4.536509900246265756e-03,-6.360091724869052811e-04,7.758455193914457013e-04,-5.519518452408042619e-03,0.000000000000000000e+00
1.051999999999999957e+01,-3.446849493395409258e-03,4.507632899494539748e-03,-6.321410759920306115e-04,7.713969256016473420e-04,-5.485729152874478654e-03,0.000000000000000000e+00
1.052500000000000036e+01,-3.424383151040823539e-03,4.478933567217150032e-03,-6.282951648403756846e-04,7.669713661324919184e-04,-5.452135612181399638e-03,0.000000000000000000e+00
1.052999999999999936e+01,-3.402059863339048067e-03,4.450410865916973671e-03,-6.244713240997746108e-04,7.625687452349571129e-04,-5.418736798288670796e-03,0.000000000000000000e+00
1.053500000000000014e+01,-3.379878749717377378e-03,4.422063763644100594e-03,-6.206694393164154024e-04,7.581889673170154678e-04,-5.385531683626279542e-03,0.000000000000000000e+00
1.054000000000000092e+01,-3.357838934749039599e-03,4.393891233971016635e-03,-6.168893965140479635e-04,7.538319369463757904e-04,-5.352519245084868225e-03,0.000000000000000000e+00
1.054499999999999993e+01,-3.335939548125646005e-03,4.365892255967852506e-03,-6.131310821931786363e-04,7.494975588531791301e-04,-5.319698464006152386e-03,0.000000000000000000e+00
1.055000000000000071e+01,-3.314179724629764609e-03,4.338065814177691736e-03,-6.093943833302515201e-04,7.451857379326491107e-04,-5.287068326173278293e-03,0.000000000000000000e+00
1.055499999999999972e+01,-3.292558604107616912e-03,4.310410898591943672e-03,-6.056791873768163463e-04,7.408963792476978101e-04,-5.254627821801033036e-03,0.000000000000000000e+00
1.056000000000000050e+01,-3.271075331441897389e-03,4.282926504625778931e-03,-6.019853822586837761e-04,7.366293880314867546e-04,-5.222375945526012975e-03,0.000000000000000000e+00
1.056499999999999950e+01,-3.249729056524717011e-03,4.255611633093629026e-03,-5.983128563750677968e-04,7.323846696899444361e-04,-5.190311696396663829e-03,0.000000000000000000e+00
1.057000000000000028e+01,-3.228518934230666885e-03,4.228465290184751056e-03,-5.946614985977157581e-04,7.281621298042401363e-04,-5.158434077863230556e-03,0.000000000000000000e+00
1.057500000000000107e+01,-3.207444124390005941e-03,4.201486487438853973e-03,-5.910311982700258314e-04,7.239616741332147078e-04,-5.126742097767653453e-03,0.000000000000000000e+00
1.058000000000000007e+01,-3.186503791761968307e-03,4.174674241721792502e-03,-5.874218452061528680e-04,7.197832086157688550e-04,-5.095234768333331554e-03,0.000000000000000000e+00
1.058500000000000085e+01,-3.165697106008194713e-03,4.148027575201325250e-03,-5.838333296901022235e-04,7.156266393732095641e-04,-5.063911106154833988e-03,0.000000000000000000e+00
1.058999999999999986e+01,-3.145023241666282734e-03,4.121545515322938731e-03,-5.802655424748117633e-04,7.114918727115545748e-04,-5.032770132187511583e-03,0.000000000000000000e+00
1.059500000000000064e+01,-3.124481378123458025e-03,4.095227094785735579e-03,-5.767183747812229186e-04,7.073788151237958696e-04,-5.001810871737026945e-03,0.000000000000000000e+00
1.059999999999999964e+01,-3.104070699590366980e-03,4.069071351518392145e-03,-5.731917182973400322e-04,7.032873732921220708e-04,-4.971032354448824686e-03,0.000000000000000000e+00
1.060500000000000043e+01,-3.083790395074988665e-03,4.043077328655179416e-03,-5.696854651772789713e-04,6.992174540901011570e-04,-4.940433614297484559e-03,0.000000000000000000e+00
1.060999999999999943e+01,-3.063639658356666438e-03,4.017244074512053321e-03,-5.661995080403047897e-04,6.951689645848225206e-04,-4.910013689576039897e-03,0.000000000000000000e+00
1.061500000000000021e+01,-3.043617687960259704e-03,3.991570642562810960e-03,-5.627337399698589815e-04,6.911418120390003207e-04,-4.879771622885185900e-03,0.000000000000000000e+00
1.062000000000000099e+01,-3.023723687130413628e-03,3.966056091415313609e-03,-5.592880545125760014e-04,6.871359039130371530e-04,-4.849706461122439347e-03,0.000000000000000000e+00
1.062500000000000000e+01,-3.003956863805948112e-03,3.940699484787779996e-03,-5.558623456772899185e-04,6.831511478670495565e-04,-4.819817255471215041e-03,0.000000000000000000e+00
1.063000000000000078e+01,-2.984316430594365598e-03,3.915499891485144622e-03,-5.524565079340306622e-04,6.791874517628552479e-04,-4.790103061389827666e-03,0.000000000000000000e+00
1.063499999999999979e+01,-2.964801604746476402e-03,3.890456385375488067e-03,-5.490704362130109433e-04,6.752447236659224082e-04,-4.760562938600437256e-03,0.000000000000000000e+00
1.064000000000000057e+01,-2.945411608131141140e-03,3.865568045366531494e-03,-5.457040259036029847e-04,6.713228718472817819e-04,-4.731195951077914012e-03,0.000000000000000000e+00
1.064499999999999957e+01,-2.926145667210131550e-03,3.840833955382203131e-03,-5.423571728533058177e-04,6.674218047854016964e-04,-4.702001167038647594e-03,0.000000000000000000e+00
1.065000000000000036e+01,-2.907003013013108404e-03,3.816253204339273720e-03,-5.390297733667039071e-04,6.635414311680268686e-04,-4.672977658929289638e-03,0.000000000000000000e+00
1.065499999999999936e+01,-2.887982881112714350e-03,3.791824886124060042e-03,-5.357217242044160161e-04,6.596816598939805659e-04,-4.644124503415426874e-03,0.000000000000000000e+00
1.066000000000000014e+01,-2.869084511599785583e-03,3.767548099569199577e-03,-5.324329225820353994e-04,6.558424000749314220e-04,-4.615440781370204817e-03,0.000000000000000000e+00
1.066500000000000092e+01,-2.850307149058677568e-03,3.743421948430493244e-03,-5.291632661690612131e-04,6.520235610371246911e-04,-4.586925577862872513e-03,0.000000000000000000e+00
1.066999999999999993e+01,-2.831650042542706563e-03,3.719445541363820135e-03,-5.259126530878213603e-04,6.482250523230786987e-04,-4.558577982147297807e-03,0.000000000000000000e+00
1.067500000000000071e+01,-2.813112445549706929e-03,3.695617991902121202e-03,-5.226809819123870958e-04,6.444467836932465986e-04,-4.530397087650388926e-03,0.000000000000000000e+00
1.067999999999999972e+01,-2.794693615997704238e-03,3.671938418432454509e-03,-5.194681516674790663e-04,6.406886651276438686e-04,-4.502381991960497862e-03,0.000000000000000000e+00
1.068500000000000050e+01,-2.776392816200701132e-03,3.648405944173120294e-03,-5.162740618273657612e-04,6.369506068274421963e-04,-4.474531796815742202e-03,0.000000000000000000e+00
1.068999999999999950e+01,-2.758209312844577682e-03,3.625019697150858033e-03,-5.130986123147535062e-04,6.332325192165299708e-04,-4.446845608092286212e-03,0.000000000000000000e+00
1.069500000000000028e+01,-2.740142376963106662e-03,3.601778810178112456e-03,-5.099417034996693012e-04,6.295343129430395991e-04,-4.419322535792561193e-03,0.000000000000000000e+00
1.070000000000000107e+01,-2.722191283914081588e-03,3.578682420830375018e-03,-5.068032361983357444e-04,6.258558988808418612e-04,-4.391961694033455488e-03,0.000000000000000000e+00
1.070500000000000007e+01,-2.704355313355557948e-03,3.555729671423591733e-03,-5.036831116720385821e-04,6.221971881310084992e-04,-4.364762201034426414e-03,0.000000000000000000e+00
1.071000000000000085e+01,-2.686633749222207615e-03,3.532919708991647759e-03,-5.005812316259873216e-04,6.185580920232426052e-04,-4.337723179105593130e-03,0.000000000000000000e+00
1.071499999999999986e+01,-2.669025879701784724e-03,3.510251685263919650e-03,-4.974974982081684701e-04,6.149385221172772422e-04,-4.310843754635758363e-03,0.000000000000000000e+00
1.072000000000000064e+01,-2.651530997211704738e-03,3.487724756642902185e-03,-4.944318140081918351e-04,6.113383902042431647e-04,-4.284123058080411064e-03,0.000000000000000000e+00
1.072499999999999964e+01,-2.634148398375733661e-03,3.465338084181906336e-03,-4.913840820561304282e-04,6.077576083080055321e-04,-4.257560223949657940e-03,0.000000000000000000e+00
1.073000000000000043e+01,-2.616877384000790459e-03,3.443090833562830518e-03,-4.883542058213532133e-04,6.041960886864697214e-04,-4.231154390796130690e-03,0.000000000000000000e+00
1.073499999999999943e+01,-2.599717259053859614e-03,3.420982175074002967e-03,-4.853420892113519450e-04,6.006537438328578673e-04,-4.204904701202849017e-03,0.000000000000000000e+00
1.074000000000000021e+01,-2.582667332639013852e-03,3.399011283588097843e-03,-4.823476365705613948e-04,5.971304864769545013e-04,-4.178810301771036795e-03,0.000000000000000000e+00
1.074500000000000099e+01,-2.565726917974547449e-03,3.377177338540123322e-03,-4.793707526791733957e-04,5.936262295863236780e-04,-4.152870343107907883e-03,0.000000000000000000e+00
1.075000000000000000e+01,-2.548895332370219261e-03,3.355479523905483853e-03,-4.764113427519450880e-04,5.901408863674960674e-04,-4.127083979814406833e-03,0.000000000000000000e+00
1.075500000000000078e+01,-2.532171897204606344e-03,3.333917028178113098e-03,-4.734693124370010922e-04,5.866743702671279670e-04,-4.101450370472920978e-03,0.000000000000000000e+00
1.075999999999999979e+01,-2.515555937902564689e-03,3.312489044348682771e-03,-4.705445678146300990e-04,5.832265949731314748e-04,-4.075968677634945678e-03,0.000000000000000000e+00
1.076500000000000057e+01,-2.499046783912800117e-03,3.291194769882882596e-03,-4.676370153960757669e-04,5.797974744157765800e-04,-4.050638067808729620e-03,0.000000000000000000e+00
1.076999999999999957e+01,-2.482643768685548463e-03,3.270033406699775300e-03,-4.647465621223223074e-04,5.763869227687653911e-04,-4.025457711446873282e-03,0.000000000000000000e+00
1.077500000000000036e+01,-2.466346229650360697e-03,3.249004161150223589e-03,-4.618731153628745953e-04,5.729948544502791495e-04,-4.000426782933901373e-03,0.000000000000000000e+00
1.077999999999999936e+01,-2.450153508193999522e-03,3.228106243995390416e-03,-4.590165829145333447e-04,5.696211841239974885e-04,-3.975544460573810987e-03,0.000000000000000000e+00
1.078500000000000014e+01,-2.434064949638440473e-03,3.207338870385316020e-03,-4.561768730001649740e-04,5.662658267000913450e-04,-3.950809926577579859e-03,0.000000000000000000e+00
1.079000000000000092e+01,-2.418079903218981006e-03,3.186701259837563475e-03,-4.533538942674668619e-04,5.629286973361893095e-04,-3.926222367050643397e-03,0.000000000000000000e+00
1.079499999999999993e+01,-2.402197722062456714e-03,3.166192636215943608e-03,-4.505475557877276164e-04,5.596097114383175204e-04,-3.901780971980360006e-03,0.000000000000000000e+00
1.080000000000000071e+01,-2.386417763165562481e-03,3.145812227709309742e-03,-4.477577670545827902e-04,5.563087846618137555e-04,-3.877484935223434338e-03,0.000000000000000000e+00
1.080499999999999972e+01,-2.370739387373280334e-03,3.125559266810427460e-03,-4.449844379827660968e-04,5.530258329122159349e-04,-3.853333454493319734e-03,0.000000000000000000e+00
1.081000000000000050e+01,-2.355161959357412668e-03,3.105432990294920269e-03,-4.422274789068563437e-04,5.497607723461251468e-04,-3.829325731347598977e-03,0.000000000000000000e+00
1.081499999999999950e+01,-2.339684847595220000e-03,3.085432639200285949e-03,-4.394868005800198663e-04,5.465135193720440602e-04,-3.805460971175339026e-03,0.000000000000000000e+00
1.082000000000000028e+01,-2.324307424348164963e-03,3.065557458804990532e-03,-4.367623141727490044e-04,5.432839906511904024e-04,-3.781738383184417122e-03,0.000000000000000000e+00
1.082500000000000107e+01,-2.309029065640758223e-03,3.045806698607633842e-03,-4.340539312715966215e-04,5.400721030982858243e-04,-3.758157180388843437e-03,0.000000000000000000e+00
1.083000000000000007e+01,-2.293849151239510647e-03,3.026179612306190495e-03,-4.313615638779066128e-04,5.368777738823209134e-04,-3.734716579596039469e-03,0.000000000000000000e+00
1.083500000000000085e+01,-2.278767064631987815e-03,3.006675457777324180e-03,-4.286851244065406717e-04,5.337009204272964626e-04,-3.711415801394115158e-03,0.000000000000000000e+00
1.083999999999999986e+01,-2.263782193005968186e-03,2.987293497055778721e-03,-4.260245256846014253e-04,5.305414604129411044e-04,-3.688254070139111718e-03,0.000000000000000000e+00
1.084500000000000064e+01,-2.248893927228704046e-03,2.968032996313839812e-03,-4.233796809501522086e-04,5.273993117754054161e-04,-3.665230613942251862e-03,0.000000000000000000e+00
1.084999999999999964e+01,-2.234101661826285237e-03,2.948893225840874387e-03,-4.207505038509330437e-04,5.242743927079335838e-04,-3.642344664657135370e-03,0.000000000000000000e+00
1.085500000000000043e+01,-2.219404794963104367e-03,2.929873460022941987e-03,-4.181369084430736375e-04,5.211666216615120804e-04,-3.619595457866953744e-03,0.000000000000000000e+00
1.085999999999999943e+01,-2.204802728421424805e-03,2.910972977322482877e-03,-4.155388091898031813e-04,5.180759173454957921e-04,-3.596982232871675372e-03,0.000000000000000000e+00
1.086500000000000021e+01,-2.190294867581048417e-03,2.892191060258078161e-03,-4.129561209601567890e-04,5.150021987282123528e-04,-3.574504232675209444e-03,0.000000000000000000e+00
1.087000000000000099e+01,-2.175880621399085661e-03,2.873526995384285791e-03,-4.103887590276794422e-04,5.119453850375445779e-04,-3.552160703972568126e-03,0.000000000000000000e+00
1.087500000000000000e+01,-2.161559402389826717e-03,2.854980073271551171e-03,-4.078366390691265191e-04,5.089053957614909961e-04,-3.529950897137017901e-03,0.000000000000000000e+00
1.088000000000000078e+01,-2.147330626604711506e-03,2.836549588486191476e-03,-4.052996771631619936e-04,5.058821506487052406e-04,-3.507874066207198379e-03,0.000000000000000000e+00
1.088499999999999979e+01,-2.133193713612399883e-03,2.818234839570454581e-03,-4.027777897890539227e-04,5.028755697090147312e-04,-3.485929468874261056e-03,0.000000000000000000e+00
1.089000000000000057e+01,-2.119148086478942015e-03,2.800035129022653002e-03,-4.002708938253672242e-04,4.998855732139177808e-04,-3.464116366468976416e-03,0.000000000000000000e+00
1.089499999999999957e+01,-2.105193171748048070e-03,2.781949763277371136e-03,-3.977789065486541232e-04,4.969120816970610784e-04,-3.442434023948832793e-03,0.000000000000000000e+00
1.090000000000000036e+01,-2.091328399421455049e-03,2.763978052685748393e-03,-3.953017456321423215e-04,4.939550159546960296e-04,-3.420881709885142171e-03,0.000000000000000000e+00
1.090499999999999936e+01,-2.077553202939394234e-03,2.746119311495835626e-03,-3.928393291444207819e-04,4.910142970461159068e-04,-3.399458696450118229e-03,0.000000000000000000e+00
1.091000000000000014e+01,-2.063867019161155347e-03,2.728372857833026577e-03,-3.903915755481235611e-04,4.880898462940725627e-04,-3.378164259403964361e-03,0.000000000000000000e+00
1.091500000000000092e+01,-2.050269288345747849e-03,2.710738013680563056e-03,-3.879584036986114741e-04,4.851815852851739524e-04,-3.356997678081946081e-03,0.000000000000000000e+00
1.091999999999999993e+01,-2.036759454132661563e-03,2.693214104860115581e-03,-3.855397328426518611e-04,4.822894358702623039e-04,-3.335958235381464299e-03,0.000000000000000000e+00
1.092500000000000071e+01,-2.023336963522721389e-03,2.675800461012436873e-03,-3.831354826170965656e-04,4.794133201647733677e-04,-3.315045217749116018e-03,0.000000000000000000e+00
1.092999999999999972e+01,-2.010001266859041350e-03,2.658496415578090813e-03,-3.807455730475579610e-04,4.765531605490766400e-04,-3.294257915167761539e-03,0.000000000000000000e+00
1.093500000000000050e+01,-1.996751817808073166e-03,2.641301305778255126e-03,-3.783699245470836217e-04,4.737088796687973706e-04,-3.273595621143577782e-03,0.000000000000000000e+00
1.093999999999999950e+01,-1.983588073340751112e-03,2.624214472595598219e-03,-3.760084579148292058e-04,4.708804004351200309e-04,-3.253057632693118553e-03,0.000000000000000000e+00
1.094500000000000028e+01,-1.970509493713731852e-03,2.607235260755230623e-03,-3.736610943347299816e-04,4.680676460250737846e-04,-3.232643250330374807e-03,0.000000000000000000e+00
1.095000000000000107e+01,-1.957515542450730117e-03,2.590363018705730148e-03,-3.713277553741708373e-04,4.652705398818002313e-04,-3.212351778053814961e-03,0.000000000000000000e+00
1.095500000000000007e+01,-1.944605686323948052e-03,2.573597098600240770e-03,-3.690083629826552058e-04,4.624890057148033692e-04,-3.192182523333452534e-03,0.000000000000000000e+00
1.096000000000000085e+01,-1.931779395335600199e-03,2.556936856277646549e-03,-3.667028394904725801e-04,4.597229675001822651e-04,-3.172134797097895132e-03,0.000000000000000000e+00
1.096499999999999986e+01,-1.919036142699531711e-03,2.540381651243818397e-03,-3.644111076073649992e-04,4.569723494808467022e-04,-3.152207913721401245e-03,0.000000000000000000e+00
1.097000000000000064e+01,-1.906375404822929385e-03,2.523930846652935878e-03,-3.621330904211925573e-04,4.542370761667157515e-04,-3.132401191010934869e-03,0.000000000000000000e+00
1.097499999999999964e+01,-1.893796661288127230e-03,2.507583809288881863e-03,-3.598687113965977759e-04,4.515170723348996469e-04,-3.112713950193230980e-03,0.000000000000000000e+00
1.098000000000000043e+01,-1.881299394834504406e-03,2.491339909546711352e-03,-3.576178943736693780e-04,4.488122630298654512e-04,-3.093145515901859696e-03,0.000000000000000000e+00
1.098499999999999943e+01,-1.868883091340475117e-03,2.475198521414193574e-03,-3.553805635666050337e-04,4.461225735635860256e-04,-3.073695216164283942e-03,0.000000000000000000e+00
1.099000000000000021e+01,-1.856547239805571292e-03,2.459159022453428264e-03,-3.531566435623734548e-04,4.434479295156733866e-04,-3.054362382388943562e-03,0.000000000000000000e+00
1.099500000000000099e+01,-1.844291332332617011e-03,2.443220793782536517e-03,-3.509460593193759466e-04,4.407882567334960163e-04,-3.035146349352322095e-03,0.000000000000000000e+00
1.100000000000000000e+01,-1.832114864109993116e-03,2.427383220057421475e-03,-3.487487361661074188e-04,4.381434813322806154e-04,-3.016046455186035223e-03,0.000000000000000000e+00
1.100500000000000078e+01,-1.820017333393994866e-03,2.411645689453607508e-03,-3.465645997998167993e-04,4.355135296951984048e-04,-2.997062041363917489e-03,0.000000000000000000e+00
1.100999999999999979e+01,-1.807998241491278260e-03,2.396007593648147912e-03,-3.443935762851671229e-04,4.328983284734363589e-04,-2.978192452689119862e-03,0.000000000000000000e+00
1.101500000000000057e+01,-1.796057092741397887e-03,2.380468327801608941e-03,-3.422355920528953491e-04,4.302978045862533118e-04,-2.959437037281207293e-03,0.000000000000000000e+00
1.101999999999999957e+01,-1.784193394499433878e-03,2.365027290540125827e-03,-3.400905738984719086e-04,4.277118852210214290e-04,-2.940795146563276660e-03,0.000000000000000000e+00
1.102500000000000036e+01,-1.772406657118709298e-03,2.349683883937532525e-03,-3.379584489807599249e-04,4.251404978332529866e-04,-2.922266135249068641e-03,0.000000000000000000e+00
1.102999999999999936e+01,-1.760696393933595992e-03,2.334437513497562584e-03,-3.358391448206747066e-04,4.225835701466128399e-04,-2.903849361330106474e-03,0.000000000000000000e+00
1.103500000000000014e+01,-1.749062121242408920e-03,2.319287588136125042e-03,-3.337325892998428060e-04,4.200410301529166886e-04,-2.885544186062827775e-03,0.000000000000000000e+00
1.104000000000000092e+01,-1.737503358290390029e-03,2.304233520163652751e-03,-3.316387106592612950e-04,4.175128061121153558e-04,-2.867349973955727639e-03,0.000000000000000000e+00
1.104499999999999993e+01,-1.726019627252779525e-03,2.289274725267521817e-03,-3.295574374979573116e-04,4.149988265522652439e-04,-2.849266092756535564e-03,0.000000000000000000e+00
1.105000000000000071e+01,-1.714610453217974961e-03,2.274410622494545207e-03,-3.274886987716474438e-04,4.124990202694852367e-04,-2.831291913439365916e-03,0.000000000000000000e+00
1.105499999999999972e+01,-1.703275364170777273e-03,2.259640634233537476e-03,-3.254324237913977101e-04,4.100133163279003220e-04,-2.813426810191916542e-03,0.000000000000000000e+00
1.106000000000000050e+01,-1.692013890975724430e-03,2.244964186197953224e-03,-3.233885422222835941e-04,4.075416440595717137e-04,-2.795670160402653065e-03,0.000000000000000000e+00
1.106499999999999950e+01,-1.680825567360512028e-03,2.230380707408597101e-03,-3.213569840820505665e-04,4.050839330644141821e-04,-2.778021344648023971e-03,0.000000000000000000e+00
1.107000000000000028e+01,-1.669709929899498889e-03,2.215889630176405816e-03,-3.193376797397752044e-04,4.026401132101004271e-04,-2.760479746679676567e-03,0.000000000000000000e+00
1.107500000000000107e+01,-1.658666517997299614e-03,2.201490390085301691e-03,-3.173305599145264722e-04,4.002101146319528746e-04,-2.743044753411694181e-03,0.000000000000000000e+00
1.108000000000000007e+01,-1.647694873872462135e-03,2.187182425975119082e-03,-3.153355556740278167e-04,3.977938677328228425e-04,-2.725715754907846820e-03,0.000000000000000000e+00
1.108500000000000085e+01,-1.636794542541230918e-03,2.172965179924602787e-03,-3.133525984333199112e-04,3.953913031829576173e-04,-2.708492144368850052e-03,0.000000000000000000e+00
1.108999999999999986e+01,-1.625965071801394957e-03,2.158838097234476276e-03,-3.113816199534240521e-04,3.930023519198551710e-04,-2.691373318119650790e-03,0.000000000000000000e+00
1.109500000000000064e+01,-1.615206012216219679e-03,2.144800626410583652e-03,-3.094225523400062042e-04,3.906269451481072228e-04,-2.674358675596716535e-03,0.000000000000000000e+00
1.109999999999999964e+01,-1.604516917098463419e-03,2.130852219147100993e-03,-3.074753280420419689e-04,3.882650143392301582e-04,-2.657447619335348479e-03,0.000000000000000000e+00
1.110500000000000043e+01,-1.593897342494477593e-03,2.116992330309820560e-03,-3.055398798504824188e-04,3.859164912314846170e-04,-2.640639554957012816e-03,0.000000000000000000e+00
1.110999999999999943e+01,-1.583346847168390576e-03,2.103220417919505255e-03,-3.036161408969209087e-04,3.835813078296836987e-04,-2.623933891156678133e-03,0.000000000000000000e+00
1.111500000000000021e+01,-1.572864992586373760e-03,2.089535943135315075e-03,-3.017040446522606997e-04,3.812593964049895657e-04,-2.607330039690180547e-03,0.000000000000000000e+00
1.112000000000000099e+01,-1.562451342900991313e-03,2.075938370238302084e-03,-2.998035249253839379e-04,3.789506894946993677e-04,-2.590827415361609664e-03,0.000000000000000000e+00
1.112500000000000000e+01,-1.552105464935631465e-03,2.062427166614979549e-03,-2.979145158618212849e-04,3.766551199020199987e-04,-2.574425436010693673e-03,0.000000000000000000e+00
1.113000000000000078e+01,-1.541826928169020639e-03,2.049001802740958288e-03,-2.960369519424231187e-04,3.743726206958319577e-04,-2.558123522500230836e-03,0.000000000000000000e+00
1.113499999999999979e+01,-1.531615304719818015e-03,2.035661752164656755e-03,-2.941707679820318205e-04,3.721031252104429641e-04,-2.541921098703513182e-03,0.000000000000000000e+00
1.114000000000000057e+01,-1.521470169331292938e-03,2.022406491491077901e-03,-2.923158991281550362e-04,3.698465670453309471e-04,-2.525817591491788354e-03,0.000000000000000000e+00
1.114499999999999957e+01,-1.511391099356081472e-03,2.009235500365659337e-03,-2.904722808596408353e-04,3.676028800648765190e-04,-2.509812430721737944e-03,0.000000000000000000e+00
1.115000000000000036e+01,-1.501377674741025342e-03,1.996148261458191575e-03,-2.886398489853535753e-04,3.653719983980858533e-04,-2.493905049222963632e-03,0.000000000000000000e+00
1.115499999999999936e+01,-1.491429478012089391e-03,1.983144260446807403e-03,-2.868185396428516625e-04,3.631538564383030455e-04,-2.478094882785511488e-03,0.000000000000000000e+00
1.116000000000000014e+01,-1.481546094259360551e-03,1.970222986002039336e-03,-2.850082892970665603e-04,3.609483888429129337e-04,-2.462381370147404946e-03,0.000000000000000000e+00
1.116500000000000092e+01,-1.471727111122125104e-03,1.957383929770949507e-03,-2.832090347389833152e-04,3.587555305330342691e-04,-2.446763952982206405e-03,0.000000000000000000e+00
1.116999999999999993e+01,-1.461972118774025522e-03,1.944626586361325677e-03,-2.814207130843227088e-04,3.565752166932033458e-04,-2.431242075886592274e-03,0.000000000000000000e+00
1.117500000000000071e+01,-1.452280709908296231e-03,1.931950453325948598e-03,-2.796432617722249825e-04,3.544073827710480357e-04,-2.415815186367962705e-03,0.000000000000000000e+00
1.117999999999999972e+01,-1.442652479723077882e-03,1.919355031146927895e-03,-2.778766185639352420e-04,3.522519644769529865e-04,-2.400482734832063911e-03,0.000000000000000000e+00
1.118500000000000050e+01,-1.433087025906810107e-03,1.906839823220107333e-03,-2.761207215414904345e-04,3.501088977837154420e-04,-2.385244174570627824e-03,0.000000000000000000e+00
1.118999999999999950e+01,-1.423583948623701042e-03,1.894404335839538394e-03,-2.743755091064082772e-04,3.479781189261922799e-04,-2.370098961749057299e-03,0.000000000000000000e+00
1.119500000000000028e+01,-1.414142850499275567e-03,1.882048078182022586e-03,-2.726409199783777580e-04,3.458595644009382678e-04,-2.355046555394105234e-03,0.000000000000000000e+00
1.120000000000000107e+01,-1.404763336605999429e-03,1.869770562291722714e-03,-2.709168931939515872e-04,3.437531709658354830e-04,-2.340086417381602273e-03,0.000000000000000000e+00
1.120500000000000007e+01,-1.395445014448981006e-03,1.857571303064841804e-03,-2.692033681052406562e-04,3.416588756397145464e-04,-2.325218012424195776e-03,0.000000000000000000e+00
1.121000000000000085e+01,-1.386187493951749825e-03,1.845449818234370975e-03,-2.675002843786100128e-04,3.395766157019672370e-04,-2.310440808059114823e-03,0.000000000000000000e+00
1.121499999999999986e+01,-1.376990387442109890e-03,1.833405628354904757e-03,-2.658075819933772223e-04,3.375063286921509750e-04,-2.295754274635961219e-03,0.000000000000000000e+00
1.122000000000000064e+01,-1.367853309638069562e-03,1.821438256787524280e-03,-2.641252012405124637e-04,3.354479524095851733e-04,-2.281157885304526539e-03,0.000000000000000000e+00
1.122499999999999964e+01,-1.358775877633847107e-03,1.809547229684748543e-03,-2.624530827213407934e-04,3.334014249129395660e-04,-2.266651116002632582e-03,0.000000000000000000e+00
1.123000000000000043e+01,-1.349757710885950840e-03,1.797732075975552691e-03,-2.607911673462464156e-04,3.313666845198149475e-04,-2.252233445444000014e-03,0.000000000000000000e+00
1.123499999999999943e+01,-1.340798431199334085e-03,1.785992327350454387e-03,-2.591393963333791205e-04,3.293436698063159965e-04,-2.237904355106132628e-03,0.000000000000000000e+00
1.124000000000000021e+01,-1.331897662713624718e-03,1.774327518246666523e-03,-2.574977112073627283e-04,3.273323196066165656e-04,-2.223663329218247137e-03,0.000000000000000000e+00
1.124500000000000099e+01,-1.323055031889428445e-03,1.762737185833317382e-03,-2.558660537980060276e-04,3.253325730125174891e-04,-2.209509854749212507e-03,0.000000000000000000e+00
1.125000000000000000e+01,-1.314270167494706668e-03,1.751220869996737792e-03,-2.542443662390156097e-04,3.233443693729973439e-04,-2.195443421395514884e-03,0.000000000000000000e+00
1.125500000000000078e+01,-1.305542700591226122e-03,1.739778113325814429e-03,-2.526325909667111983e-04,3.213676482937556753e-04,-2.181463521569269350e-03,0.000000000000000000e+00
1.125999999999999979e+01,-1.296872264521083335e-03,1.728408461097409891e-03,-2.510306707187432004e-04,3.194023496367493376e-04,-2.167569650386236019e-03,0.000000000000000000e+00
1.126500000000000057e+01,-1.288258494893300844e-03,1.717111461261849577e-03,-2.494385485328125349e-04,3.174484135197218966e-04,-2.153761305653876038e-03,0.000000000000000000e+00
1.126999999999999957e+01,-1.279701029570496067e-03,1.705886664428473819e-03,-2.478561677453930087e-04,3.155057803157261466e-04,-2.140037987859429690e-03,0.000000000000000000e+00
1.127500000000000036e+01,-1.271199508655622163e-03,1.694733623851256378e-03,-2.462834719904558067e-04,3.135743906526401227e-04,-2.126399200158029645e-03,0.000000000000000000e+00
1.127999999999999936e+01,-1.262753574478780441e-03,1.683651895414489284e-03,-2.447204051981966932e-04,3.116541854126761739e-04,-2.112844448360828506e-03,0.000000000000000000e+00
1.128500000000000014e+01,-1.254362871584104987e-03,1.672641037618531872e-03,-2.431669115937656249e-04,3.097451057318839651e-04,-2.099373240923177106e-03,0.000000000000000000e+00
1.129000000000000092e+01,-1.246027046716717112e-03,1.661700611565627029e-03,-2.416229356959987491e-04,3.078470929996468108e-04,-2.085985088932804533e-03,0.000000000000000000e+00
1.129499999999999993e+01,-1.237745748809752000e-03,1.650830180945781194e-03,-2.400884223161529776e-04,3.059600888581721543e-04,-2.072679506098048900e-03,0.000000000000000000e+00
1.130000000000000071e+01,-1.229518628971454537e-03,1.640029312022710283e-03,-2.385633165566432431e-04,3.040840352019754333e-04,-2.059456008736102860e-03,0.000000000000000000e+00
1.130499999999999972e+01,-1.221345340472345829e-03,1.629297573619849790e-03,-2.370475638097821957e-04,3.022188741773583617e-04,-2.046314115761302052e-03,0.000000000000000000e+00
1.131000000000000050e+01,-1.213225538732459535e-03,1.618634537106430817e-03,-2.355411097565226098e-04,3.003645481818813029e-04,-2.033253348673424825e-03,0.000000000000000000e+00
1.131499999999999950e+01,-1.205158881308647815e-03,1.608039776383618762e-03,-2.340439003652024469e-04,2.985209998638295166e-04,-2.020273231546038800e-03,0.000000000000000000e+00
1.132000000000000028e+01,-1.197145027881955578e-03,1.597512867870718150e-03,-2.325558818902925210e-04,2.966881721216740398e-04,-2.007373291014870852e-03,0.000000000000000000e+00
1.132500000000000107e+01,-1.189183640245064771e-03,1.587053390491440560e-03,-2.310770008711469827e-04,2.948660081035269290e-04,-1.994553056266198769e-03,0.000000000000000000e+00
1.133000000000000007e+01,-1.181274382289806101e-03,1.576660925660236957e-03,-2.296072041307564596e-04,2.930544512065910278e-04,-1.981812059025291929e-03,0.000000000000000000e+00
1.133500000000000085e+01,-1.173416919994739504e-03,1.566335057268693340e-03,-2.281464387745039881e-04,2.912534450766044759e-04,-1.969149833544860204e-03,0.000000000000000000e+00
1.133999999999999986e+01,-1.165610921412802477e-03,1.556075371671990573e-03,-2.266946521889237382e-04,2.894629336072797429e-04,-1.956565916593552747e-03,0.000000000000000000e+00
1.134500000000000064e+01,-1.157856056659025421e-03,1.545881457675426672e-03,-2.252517920404625558e-04,2.876828609397377289e-04,-1.944059847444474121e-03,0.000000000000000000e+00
1.134999999999999964e+01,-1.150151997898315494e-03,1.535752906521003483e-03,-2.238178062742443792e-04,2.859131714619367695e-04,-1.931631167863741630e-03,0.000000000000000000e+00
1.135500000000000043e+01,-1.142498419333305313e-03,1.525689311874075605e-03,-2.223926431128374196e-04,2.841538098080967074e-04,-1.919279422099063248e-03,0.000000000000000000e+00
1.135999999999999943e+01,-1.134894997192270388e-03,1.515690269810062406e-03,-2.209762510550243781e-04,2.824047208581179774e-04,-1.907004156868355232e-03,0.000000000000000000e+00
1.136500000000000021e+01,-1.127341409717111387e-03,1.505755378801222058e-03,-2.195685788745754808e-04,2.806658497369962451e-04,-1.894804921348390309e-03,0.000000000000000000e+00
1.137000000000000099e+01,-1.119837337151403196e-03,1.495884239703488888e-03,-2.181695756190244145e-04,2.789371418142320589e-04,-1.882681267163470364e-03,0.000000000000000000e+00
1.137500000000000000e+01,-1.112382461728508810e-03,1.486076455743372748e-03,-2.167791906084473802e-04,2.772185427032362740e-04,-1.870632748374139245e-03,0.000000000000000000e+00
1.138000000000000078e+01,-1.104976467659759794e-03,1.476331632504920182e-03,-2.153973734342449911e-04,2.755099982607306505e-04,-1.858658921465920072e-03,0.000000000000000000e+00
1.138499999999999979e+01,-1.097619041122700496e-03,1.466649377916736958e-03,-2.140240739579272078e-04,2.738114545861445497e-04,-1.846759345338098079e-03,0.000000000000000000e+00
1.139000000000000057e+01,-1.090309870249397744e-03,1.457029302239073489e-03,-2.126592423099013627e-04,2.721228580210069675e-04,-1.834933581292513653e-03,0.000000000000000000e+00
1.139499999999999957e+01,-1.083048645114814950e-03,1.447471018050971179e-03,-2.113028288882631931e-04,2.704441551483345563e-04,-1.823181193022409144e-03,0.000000000000000000e+00
1.140000000000000036e+01,-1.075835057725249740e-03,1.437974140237469056e-03,-2.099547843575908564e-04,2.687752927920155277e-04,-1.811501746601295411e-03,0.000000000000000000e+00
1.140499999999999936e+01,-1.068668802006836425e-03,1.428538285976873289e-03,-2.086150596477422245e-04,2.671162180161896506e-04,-1.799894810471855009e-03,0.000000000000000000e+00
1.141000000000000014e+01,-1.061549573794110706e-03,1.419163074728085894e-03,-2.072836059526551053e-04,2.654668781246241854e-04,-1.788359955434878131e-03,0.000000000000000000e+00
1.141500000000000092e+01,-1.054477070818638559e-03,1.409848128217995470e-03,-2.059603747291507449e-04,2.638272206600861302e-04,-1.776896754638231275e-03,0.000000000000000000e+00
1.141999999999999993e+01,-1.047450992697708007e-03,1.400593070428927337e-03,-2.046453176957403644e-04,2.621971934037107274e-04,-1.765504783565857586e-03,0.000000000000000000e+00
1.142500000000000071e+01,-1.040471040923082692e-03,1.391397527586154615e-03,-2.033383868314348961e-04,2.605767443743662302e-04,-1.754183620026812098e-03,0.000000000000000000e+00
1.142999999999999972e+01,-1.033536918849818544e-03,1.382261128145469142e-03,-2.020395343745579443e-04,2.589658218280151440e-04,-1.742932844144328862e-03,0.000000000000000000e+00
1.143500000000000050e+01,-1.026648331685141823e-03,1.373183502780812469e-03,-2.007487128215618643e-04,2.573643742570720541e-04,-1.731752038344921887e-03,0.000000000000000000e+00
1.143999999999999950e+01,-1.019804986477389598e-03,1.364164284371966037e-03,-1.994658749258472008e-04,2.557723503897579289e-04,-1.720640787347519924e-03,0.000000000000000000e+00
1.144500000000000028e+01,-1.013006592105010744e-03,1.355203107992301870e-03,-1.981909736965852182e-04,2.541896991894513334e-04,-1.709598678152633331e-03,0.000000000000000000e+00
1.145000000000000107e+01,-1.006252859265628716e-03,1.346299610896591146e-03,-1.969239623975437361e-04,2.526163698540361728e-04,-1.698625300031553903e-03,0.000000000000000000e+00
1.145500000000000007e+01,-9.995435004651652758e-04,1.337453432508872849e-03,-1.956647945459162455e-04,2.510523118152464014e-04,-1.687720244515595030e-03,0.000000000000000000e+00
1.146000000000000085e+01,-9.928782300070233997e-04,1.328664214410381393e-03,-1.944134239111543585e-04,2.494974747380076401e-04,-1.676883105385354629e-03,0.000000000000000000e+00
1.146499999999999986e+01,-9.862567639813324318e-04,1.319931600327532576e-03,-1.931698045138034020e-04,2.479518085197758136e-04,-1.666113478660020790e-03,0.000000000000000000e+00
1.147000000000000064e+01,-9.796788202542513428e-04,1.311255236119967431e-03,-1.919338906243415359e-04,2.464152632898727511e-04,-1.655410962586708864e-03,0.000000000000000000e+00
1.147499999999999964e+01,-9.731441184573328155e-04,1.302634769768655498e-03,-1.907056367620219874e-04,2.448877894088191307e-04,-1.644775157629829558e-03,0.000000000000000000e+00
1.148000000000000043e+01,-9.666523799769457690e-04,1.294069851364055765e-03,-1.894849976937188092e-04,2.433693374676646599e-04,-1.634205666460497586e-03,0.000000000000000000e+00
1.148499999999999943e+01,-9.602033279437579465e-04,1.285560133094334860e-03,-1.882719284327758640e-04,2.418598582873153003e-04,-1.623702093945967630e-03,0.000000000000000000e+00
1.149000000000000021e+01,-9.537966872222762918e-04,1.277105269233644227e-03,-1.870663842378592772e-04,2.403593029178581085e-04,-1.613264047139106958e-03,0.000000000000000000e+00
1.149500000000000099e+01,-9.474321844004463065e-04,1.268704916130453456e-03,-1.858683206118131703e-04,2.388676226378835007e-04,-1.602891135267907720e-03,0.000000000000000000e+00
1.150000000000000000e+01,-9.411095477793096284e-04,1.260358732195941515e-03,-1.846776933005188901e-04,2.373847689538049978e-04,-1.592582969725022876e-03,0.000000000000000000e+00
1.150500000000000078e+01,-9.348285073627192899e-04,1.252066377892445230e-03,-1.834944582917575457e-04,2.359106935991765297e-04,-1.582339164057347015e-03,0.000000000000000000e+00
1.150999999999999979e+01,-9.285887948471126556e-04,1.243827515721964132e-03,-1.823185718140760950e-04,2.344453485340075452e-04,-1.572159333955627965e-03,0.000000000000000000e+00
1.151500000000000057e+01,-9.223901436113418227e-04,1.235641810214722349e-03,-1.811499903356567119e-04,2.329886859440756552e-04,-1.562043097244108321e-03,0.000000000000000000e+00
1.151999999999999957e+01,-9.162322887065609423e-04,1.227508927917787080e-03,-1.799886705631897313e-04,2.315406582402372419e-04,-1.551990073870211217e-03,0.000000000000000000e+00
1.152500000000000036e+01,-9.101149668461702442e-04,1.219428537383742805e-03,-1.788345694407499000e-04,2.301012180577359284e-04,-1.541999885894249512e-03,0.000000000000000000e+00
1.152999999999999936e+01,-9.040379163958168736e-04,1.211400309159421868e-03,-1.776876441486762608e-04,2.286703182555088786e-04,-1.532072157479181379e-03,0.000000000000000000e+00
1.153500000000000014e+01,-8.980008773634513483e-04,1.203423915774691011e-03,-1.765478521024553701e-04,2.272479119154911732e-04,-1.522206514880392568e-03,0.000000000000000000e+00
1.154000000000000092e+01,-8.920035913894408270e-04,1.195499031731293849e-03,-1.754151509516080928e-04,2.258339523419182341e-04,-1.512402586435514446e-03,0.000000000000000000e+00
1.154499999999999993e+01,-8.860458017367369137e-04,1.187625333491747768e-03,-1.742894985785797867e-04,2.244283930606264866e-04,-1.502660002554282153e-03,0.000000000000000000e+00
1.155000000000000071e+01,-8.801272532810998405e-04,1.179802499468297428e-03,-1.731708530976340901e-04,2.230311878183519623e-04,-1.492978395708420948e-03,0.000000000000000000e+00
1.155499999999999972e+01,-8.742476925013772937e-04,1.172030210011921819e-03,-1.720591728537502075e-04,2.216422905820274376e-04,-1.483357400421573104e-03,0.000000000000000000e+00
1.156000000000000050e+01,-8.684068674698378846e-04,1.164308147401397478e-03,-1.709544164215236368e-04,2.202616555380777297e-04,-1.473796653259255808e-03,0.000000000000000000e+00
1.156499999999999950e+01,-8.626045278425595883e-04,1.156635995832415919e-03,-1.698565426040704747e-04,2.188892370917134471e-04,-1.464295792818856145e-03,0.000000000000000000e+00
1.157000000000000028e+01,-8.568404248498721768e-04,1.149013441406755058e-03,-1.687655104319352997e-04,2.175249898662230869e-04,-1.454854459719662294e-03,0.000000000000000000e+00
1.157500000000000107e+01,-8.511143112868538611e-04,1.141440172121505493e-03,-1.676812791620024975e-04,2.161688687022637499e-04,-1.445472296592927031e-03,0.000000000000000000e+00
1.158000000000000007e+01,-8.454259415038813856e-04,1.133915877858350345e-03,-1.666038082764112731e-04,2.148208286571503373e-04,-1.436148948071968093e-03,0.000000000000000000e+00
1.158500000000000085e+01,-8.397750713972337898e-04,1.126440250372899099e-03,-1.655330574814740778e-04,2.134808250041434472e-04,-1.426884060782304979e-03,0.000000000000000000e+00
1.158999999999999986e+01,-8.341614583997494043e-04,1.119012983284075431e-03,-1.644689867065986678e-04,2.121488132317357795e-04,-1.417677283331826750e-03,0.000000000000000000e+00
1.159500000000000064e+01,-8.285848614715357564e-04,1.111633772063557509e-03,-1.634115561032137688e-04,2.108247490429374571e-04,-1.408528266301000602e-03,0.000000000000000000e+00
1.159999999999999964e+01,-8.230450410907319504e-04,1.104302314025272947e-03,-1.623607260436982366e-04,2.095085883545600726e-04,-1.399436662233110359e-03,0.000000000000000000e+00
1.160500000000000043e+01,-8.175417592443235239e-04,1.097018308314945140e-03,-1.613164571203138493e-04,2.082002872964994894e-04,-1.390402125624536599e-03,0.000000000000000000e+00
1.160999999999999943e+01,-8.120747794190096708e-04,1.089781455899693817e-03,-1.602787101441417055e-04,2.068998022110176923e-04,-1.381424312915062805e-03,0.000000000000000000e+00
1.161500000000000021e+01,-8.066438665921220720e-04,1.082591459557686979e-03,-1.592474461440221997e-04,2.056070896520234201e-04,-1.372502882478228567e-03,0.000000000000000000e+00
1.162000000000000099e+01,-8.012487872225953350e-04,1.075448023867846617e-03,-1.582226263654985213e-04,2.043221063843519297e-04,-1.363637494611706202e-03,0.000000000000000000e+00
1.162500000000000000e+01,-7.958893092419889320e-04,1.068350855199605171e-03,-1.572042122697638945e-04,2.030448093830438392e-04,-1.354827811527723781e-03,0.000000000000000000e+00
1.163000000000000078e+01,-7.905652020455602048e-04,1.061299661702715114e-03,-1.561921655326123143e-04,2.017751558326228865e-04,-1.346073497343512875e-03,0.000000000000000000e+00
1.163499999999999979e+01,-7.852762364833881098e-04,1.054294153297109706e-03,-1.551864480433929965e-04,2.005131031263730648e-04,-1.337374218071800749e-03,0.000000000000000000e+00
1.164000000000000057e+01,-7.800221848515473790e-04,1.047334041662815801e-03,-1.541870219039682965e-04,1.992586088656148361e-04,-1.328729641611332488e-03,0.000000000000000000e+00
1.164499999999999957e+01,-7.748028208833333125e-04,1.040419040229917814e-03,-1.531938494276753962e-04,1.980116308589806675e-04,-1.320139437737428891e-03,0.000000000000000000e+00
1.165000000000000036e+01,-7.696179197405365532e-04,1.033548864168572223e-03,-1.522068931382915681e-04,1.967721271216898082e-04,-1.311603278092584278e-03,0.000000000000000000e+00
1.165499999999999936e+01,-7.644672580047674098e-04,1.026723230379074326e-03,-1.512261157690030183e-04,1.955400558748224705e-04,-1.303120836177092470e-03,0.000000000000000000e+00
1.166000000000000014e+01,-7.593506136688300519e-04,1.019941857481975085e-03,-1.502514802613773878e-04,1.943153755445934684e-04,-1.294691787339714416e-03,0.000000000000000000e+00
1.166500000000000092e+01,-7.542677661281456045e-04,1.013204465808248281e-03,-1.492829497643399675e-04,1.930980447616251249e-04,-1.286315808768377471e-03,0.000000000000000000e+00
1.166999999999999993e+01,-7.492184961722247885e-04,1.006510777389509059e-03,-1.483204876331534368e-04,1.918880223602199072e-04,-1.277992579480911103e-03,0.000000000000000000e+00
1.167500000000000071e+01,-7.442025859761888101e-04,9.998605159482812626e-04,-1.473640574284012074e-04,1.906852673776323855e-04,-1.269721780315816867e-03,0.000000000000000000e+00
1.167999999999999972e+01,-7.392198190923393629e-04,9.932534068883155064e-04,-1.464136229149746429e-04,1.894897390533409472e-04,-1.261503093923079574e-03,0.000000000000000000e+00
1.168500000000000050e+01,-7.342699804417761192e-04,9.866891772849577767e-04,-1.454691480610636122e-04,1.883013968283190774e-04,-1.253336204755001876e-03,0.000000000000000000e+00
1.168999999999999950e+01,-7.293528563060633352e-04,9.801675558755661676e-04,-1.445305970371509193e-04,1.871202003443062870e-04,-1.245220799057085697e-03,0.000000000000000000e+00
1.169500000000000028e+01,-7.244682343189429684e-04,9.736882730499774909e-04,-1.435979342150102834e-04,1.859461094430787974e-04,-1.237156564858944230e-03,0.000000000000000000e+00
1.170000000000000107e+01,-7.196159034580966929e-04,9.672510608410239772e-04,-1.426711241667079789e-04,1.847790841657199535e-04,-1.229143191965247984e-03,0.000000000000000000e+00
1.170500000000000007e+01,-7.147956540369539927e-04,9.608556529150974641e-04,-1.417501316636080792e-04,1.836190847518905285e-04,-1.221180371946708120e-03,0.000000000000000000e+00
1.171000000000000085e+01,-7.100072776965480692e-04,9.545017845627635665e-04,-1.408349216753814425e-04,1.824660716390987577e-04,-1.213267798131093412e-03,0.000000000000000000e+00
1.171499999999999986e+01,-7.052505673974183683e-04,9.481891926894237682e-04,-1.399254593690183010e-04,1.813200054619702913e-04,-1.205405165594284700e-03,0.000000000000000000e+00
1.172000000000000064e+01,-7.005253174115596204e-04,9.419176158060263036e-04,-1.390217101078444837e-04,1.801808470515181462e-04,-1.197592171151362541e-03,0.000000000000000000e+00
1.172499999999999964e+01,-6.958313233144171762e-04,9.356867940198246346e-04,-1.381236394505413242e-04,1.790485574344125507e-04,-1.189828513347729972e-03,0.000000000000000000e+00
1.173000000000000043e+01,-6.911683819769285286e-04,9.294964690251847177e-04,-1.372312131501691470e-04,1.779230978322508155e-04,-1.182113892450271497e-03,0.000000000000000000e+00
1.173499999999999943e+01,-6.865362915576106971e-04,9.233463840944392161e-04,-1.363443971531945215e-04,1.768044296608272043e-04,-1.174448010438546106e-03,0.000000000000000000e+00
1.174000000000000021e+01,-6.819348514946929314e-04,9.172362840687900681e-04,-1.354631575985210394e-04,1.756925145294030498e-04,-1.166830570996015655e-03,0.000000000000000000e+00
1.174500000000000099e+01,-6.773638624982952772e-04,9.111659153492578924e-04,-1.345874608165238868e-04,1.745873142399767596e-04,-1.159261279501309439e-03,0.000000000000000000e+00
1.175000000000000000e+01,-6.728231265426518103e-04,9.051350258876787735e-04,-1.337172733280878858e-04,1.734887907865541215e-04,-1.151739843019520875e-03,0.000000000000000000e+00
1.175500000000000078e+01,-6.683124468583791916e-04,8.991433651777479925e-04,-1.328525618436493853e-04,1.723969063544187978e-04,-1.144265970293543207e-03,0.000000000000000000e+00
1.175999999999999979e+01,-6.638316279247894565e-04,8.931906842461107042e-04,-1.319932932622415933e-04,1.713116233194030371e-04,-1.136839371735435568e-03,0.000000000000000000e+00
1.176500000000000057e+01,-6.593804754622474736e-04,8.872767356434991268e-04,-1.311394346705437323e-04,1.702329042471586020e-04,-1.129459759417827643e-03,0.000000000000000000e+00
1.176999999999999957e+01,-6.549587964245726394e-04,8.814012734359160262e-04,-1.302909533419337174e-04,1.691607118924280499e-04,-1.122126847065356859e-03,0.000000000000000000e+00
1.177500000000000036e+01,-6.505663989914843744e-04,8.755640531958643882e-04,-1.294478167355445476e-04,1.680950091983163394e-04,-1.114840350046141567e-03,0.000000000000000000e+00
1.177999999999999936e+01,-6.462030925610917458e-04,8.697648319936234938e-04,-1.286099924953243033e-04,1.670357592955628689e-04,-1.107599985363287836e-03,0.000000000000000000e+00
1.178500000000000014e+01,-6.418686877424258086e-04,8.640033683885703147e-04,-1.277774484490998286e-04,1.659829255018137339e-04,-1.100405471646434194e-03,0.000000000000000000e+00
1.179000000000000092e+01,-6.375629963480160733e-04,8.582794224205467703e-04,-1.269501526076439383e-04,1.649364713208946334e-04,-1.093256529143323908e-03,0.000000000000000000e+00
1.179499999999999993e+01,-6.332858313865095826e-04,8.525927556012724128e-04,-1.261280731637464195e-04,1.638963604420841022e-04,-1.086152879711421498e-03,0.000000000000000000e+00
1.180000000000000071e+01,-6.290370070553329227e-04,8.469431309058024319e-04,-1.253111784912885288e-04,1.628625567393873123e-04,-1.079094246809554191e-03,0.000000000000000000e+00
1.180499999999999972e+01,-6.248163387333968439e-04,8.413303127640302205e-04,-1.244994371443212044e-04,1.618350242708104165e-04,-1.072080355489596955e-03,0.000000000000000000e+00
1.181000000000000050e+01,-6.206236429738429478e-04,8.357540670522355846e-04,-1.236928178561468277e-04,1.608137272776353794e-04,-1.065110932388182476e-03,0.000000000000000000e+00
1.181499999999999950e+01,-6.164587374968332010e-04,8.302141610846767560e-04,-1.228912895384047532e-04,1.597986301836954869e-04,-1.058185705718456661e-03,0.000000000000000000e+00
1.182000000000000028e+01,-6.123214411823806481e-04,8.247103636052277240e-04,-1.220948212801602531e-04,1.587896975946513699e-04,-1.051304405261856275e-03,0.000000000000000000e+00
1.182500000000000107e+01,-6.082115740632223003e-04,8.192424447790588263e-04,-1.213033823469972439e-04,1.577868942972678956e-04,-1.044466762359931231e-03,0.000000000000000000e+00
1.183000000000000007e+01,-6.041289573177333321e-04,8.138101761843625527e-04,-1.205169421801145628e-04,1.567901852586914388e-04,-1.037672509906194642e-03,0.000000000000000000e+00
1.183500000000000085e+01,-6.000734132628824779e-04,8.084133308041220644e-04,-1.197354703954258765e-04,1.557995356257281549e-04,-1.030921382338011692e-03,0.000000000000000000e+00
1.183999999999999986e+01,-5.960447653472287360e-04,8.030516830179246007e-04,-1.189589367826631550e-04,1.548149107241227963e-04,-1.024213115628517124e-03,0.000000000000000000e+00
1.184500000000000064e+01,-5.920428381439586229e-04,7.977250085938171692e-04,-1.181873113044838171e-04,1.538362760578383681e-04,-1.017547447278573276e-03,0.000000000000000000e+00
1.184999999999999964e+01,-5.880674573439641922e-04,7.924330846802065797e-04,-1.174205640955814002e-04,1.528635973083366519e-04,-1.010924116308757614e-03,0.000000000000000000e+00
1.185500000000000043e+01,-5.841184497489612789e-04,7.871756897978019786e-04,-1.166586654617999023e-04,1.518968403338593796e-04,-1.004342863251383436e-03,0.000000000000000000e+00
1.185999999999999943e+01,-5.801956432646480748e-04,7.819526038316005354e-04,-1.159015858792516622e-04,1.509359711687104371e-04,-9.978034301425602569e-04,0.000000000000000000e+00
1.186500000000000021e+01,-5.762988668939038198e-04,7.767636080229159542e-04,-1.151492959934388163e-04,1.499809560225388004e-04,-9.913055605142830420e-04,0.000000000000000000e+00
1.187000000000000099e+01,-5.724279507300268502e-04,7.716084849614491615e-04,-1.144017666183783885e-04,1.490317612796224743e-04,-9.848489993865539548e-04,0.000000000000000000e+00
1.187500000000000000e+01,-5.685827259500125450e-04,7.664870185774018191e-04,-1.136589687357309440e-04,1.480883534981533253e-04,-9.784334932595446614e-04,0.000000000000000000e+00
1.188000000000000078e+01,-5.647630248078703034e-04,7.613989941336319050e-04,-1.129208734939327936e-04,1.471506994095228094e-04,-9.720587901057842206e-04,0.000000000000000000e+00
1.188499999999999979e+01,-5.609686806279797714e-04,7.563441982178508187e-04,-1.121874522073317628e-04,1.462187659176087838e-04,-9.657246393623886063e-04,0.000000000000000000e+00
1.189000000000000057e+01,-5.571995277984862069e-04,7.513224187348630954e-04,-1.114586763553265656e-04,1.452925200980632674e-04,-9.594307919233151672e-04,0.000000000000000000e+00
1.189499999999999957e+01,-5.534554017647342261e-04,7.463334448988469955e-04,-1.107345175815097022e-04,1.443719291976011503e-04,-9.531770001316576361e-04,0.000000000000000000e+00
1.190000000000000036e+01,-5.497361390227399310e-04,7.413770672256769431e-04,-1.100149476928139207e-04,1.434569606332901219e-04,-9.469630177719711708e-04,0.000000000000000000e+00
1.190499999999999936e+01,-5.460415771127019591e-04,7.364530775252870571e-04,-1.092999386586622159e-04,1.425475819918414950e-04,-9.407886000626317644e-04,0.000000000000000000e+00
1.191000000000000014e+01,-5.423715546125499384e-04,7.315612688940759892e-04,-1.085894626101214068e-04,1.416437610289022217e-04,-9.346535036482285074e-04,0.000000000000000000e+00
1.191500000000000092e+01,-5.387259111315308895e-04,7.267014357073520951e-04,-1.078834918390592096e-04,1.407454656683479932e-04,-9.285574865919876165e-04,0.000000000000000000e+00
1.191999999999999993e+01,-5.351044873038337917e-04,7.218733736118196961e-04,-1.071819987973048483e-04,1.398526640015775057e-04,-9.225003083682337601e-04,0.000000000000000000e+00
1.192500000000000071e+01,-5.315071247822513367e-04,7.170768795181061079e-04,-1.064849560958132168e-04,1.389653242868078647e-04,-9.164817298548802232e-04,0.000000000000000000e+00
1.192999999999999972e+01,-5.279336662318785461e-04,7.123117515933281331e-04,-1.057923365038325632e-04,1.380834149483711542e-04,-9.105015133259540929e-04,0.000000000000000000e+00
1.193500000000000050e+01,-5.243839553238491182e-04,7.075777892536997543e-04,-1.051041129480756312e-04,1.372069045760122537e-04,-9.045594224441525595e-04,0.000000000000000000e+00
1.193999999999999950e+01,-5.208578367291083130e-04,7.028747931571787495e-04,-1.044202585118943791e-04,1.363357619241878198e-04,-8.986552222534348886e-04,0.000000000000000000e+00
1.194500000000000028e+01,-5.173551561122224831e-04,6.982025651961539653e-04,-1.037407464344581540e-04,1.354699559113665150e-04,-8.927886791716458346e-04,0.000000000000000000e+00
1.195000000000000107e+01,-5.138757601252250335e-04,6.935609084901715130e-04,-1.030655501099353774e-04,1.346094556193305921e-04,-8.869595609831696292e-04,0.000000000000000000e+00
1.195500000000000007e+01,-5.104194964014989195e-04,6.889496273787009718e-04,-1.023946430866787396e-04,1.337542302924785891e-04,-8.811676368316206150e-04,0.000000000000000000e+00
1.196000000000000085e+01,-5.069862135496948146e-04,6.843685274139401893e-04,-1.017279990664138507e-04,1.329042493371295158e-04,-8.754126772125630455e-04,0.000000000000000000e+00
1.196499999999999986e+01,-5.035757611476855992e-04,6.798174153536596558e-04,-1.010655919034313745e-04,1.320594823208282053e-04,-8.696944539662649276e-04,0.000000000000000000e+00
1.197000000000000064e+01,-5.001879897365563024e-04,6.752960991540855841e-04,-1.004073956037826183e-04,1.312198989716520750e-04,-8.640127402704839577e-04,0.000000000000000000e+00
1.197499999999999964e+01,-4.968227508146292812e-04,6.708043879628215874e-04,-9.975338432447860551e-05,1.303854691775192158e-04,-8.583673106332854411e-04,0.000000000000000000e+00
1.198000000000000043e+01,-4.934798968315250688e-04,6.663420921118088465e-04,-9.910353237269263157e-05,1.295561629854978915e-04,-8.527579408858933880e-04,0.000000000000000000e+00
1.198499999999999943e+01,-4.901592811822583521e-04,6.619090231103247650e-04,-9.845781420496619413e-05,1.287319506011173648e-04,-8.471844081755718590e-04,0.000000000000000000e+00
1.199000000000000021e+01,-4.868607582013685891e-04,6.575049936380198985e-04,-9.781620442641842002e-05,1.279128023876802155e-04,-8.416464909585410050e-04,0.000000000000000000e+00
1.199500000000000099e+01,-4.835841831570854830e-04,6.531298175379923960e-04,-9.717867778995893440e-05,1.270986888655760135e-04,-8.361439689929222718e-04,0.000000000000000000e+00
1.200000000000000000e+01,-4.803294122455289343e-04,6.487833098099008225e-04,-9.654520919550411821e-05,1.262895807115964276e-04,-8.306766233317187335e-04,0.000000000000000000e+00
