time_s,x_m,v_m_s,theta_rad,omega_rad_s,controller_force_N,disturbance_N
0.000000000000000000e+00,0.000000000000000000e+00,0.000000000000000000e+00,3.490658503988659095e-02,0.000000000000000000e+00,6.822098146049513367e-01,0.000000000000000000e+00
5.000000000000000104e-03,9.527889848003469756e-06,3.799284447781232660e-03,3.489609953567836265e-02,-4.170643969430534899e-03,6.710929139672848764e-01,0.000000000000000000e+00
1.000000000000000021e-02,3.787463120012519779e-05,7.527641201323462955e-03,3.486511146616549234e-02,-8.201563096972093805e-03,6.600264992945645837e-01,0.000000000000000000e+00
1.499999999999999944e-02,8.468709712710855873e-05,1.118567536710234241e-02,3.481431145333058891e-02,-1.209594788682774071e-02,6.490124719247858387e-01,0.000000000000000000e+00
2.000000000000000042e-02,1.496151933915036269e-04,1.477399487862915937e-02,3.474437432148540922e-02,-1.585692709111985108e-02,6.380526658402565499e-01,0.000000000000000000e+00
2.500000000000000139e-02,2.323118720364582539e-04,1.829321027881248424e-02,3.465595940322705598e-02,-1.948756882847191285e-02,6.271488490952361605e-01,0.000000000000000000e+00
2.999999999999999889e-02,3.324331438998855311e-04,2.174393450771212530e-02,3.454971083984777203e-02,-2.299088168399463991e-02,6.163027252126901390e-01,0.000000000000000000e+00
3.500000000000000333e-02,4.496380900804601067e-04,2.512678269548479504e-02,3.442625787629126355e-02,-2.636981579067577269e-02,6.055159345517336922e-01,0.000000000000000000e+00
4.000000000000000083e-02,5.835888723809376814e-04,2.844237196033854234e-02,3.428621515074852660e-02,-2.962726389221360251e-02,5.947900556471967803e-01,0.000000000000000000e+00
4.499999999999999833e-02,7.339507427534172884e-04,3.169132121132893498e-02,3.413018297898572778e-02,-3.276606238737067578e-02,5.841266065226264903e-01,0.000000000000000000e+00
5.000000000000000278e-02,9.003920517703688838e-04,3.487425095584459345e-02,3.395874763349630843e-02,-3.578899235595631861e-02,5.735270459779223673e-01,0.000000000000000000e+00
5.500000000000000028e-02,1.082584256144518507e-03,3.799178311164267546e-02,3.377248161756878780e-02,-3.869878056657536508e-02,5.629927748526991627e-01,0.000000000000000000e+00
5.999999999999999778e-02,1.280201925320018433e-03,4.104454082330680209e-02,3.357194393436113006e-02,-4.149810046630571930e-02,5.525251372663761984e-01,0.000000000000000000e+00
6.500000000000000222e-02,1.492922747156716964e-03,4.403314828301058831e-02,3.335768035107147117e-02,-4.418957315248946138e-02,5.421254218359009558e-01,0.000000000000000000e+00
7.000000000000000666e-02,1.720427532728785198e-03,4.695823055547955482e-02,3.313022365829419724e-02,-4.677576832684161856e-02,5.317948628719382231e-01,0.000000000000000000e+00
7.499999999999999722e-02,1.962400220258441255e-03,4.982041340705274657e-02,3.289009392464925519e-02,-4.925920523209739721e-02,5.215346415542803094e-01,0.000000000000000000e+00
8.000000000000000167e-02,2.218527878205043061e-03,5.262032313875321388e-02,3.263779874677134873e-02,-5.164235357143298621e-02,5.113458870871656625e-01,0.000000000000000000e+00
8.500000000000000611e-02,2.488500707529375192e-03,5.535858642328328472e-02,3.237383349474463184e-02,-5.392763441090731025e-02,5.012296778351361670e-01,0.000000000000000000e+00
8.999999999999999667e-02,2.772012043152566503e-03,5.803583014586687766e-02,3.209868155306706827e-02,-5.611742106518224915e-02,4.911870424400009982e-01,0.000000000000000000e+00
9.500000000000000111e-02,3.068758354628680143e-03,6.065268124886640660e-02,3.181281455722744650e-02,-5.821403996678728432e-02,4.812189609194312823e-01,0.000000000000000000e+00
1.000000000000000056e-01,3.378439246049684975e-03,6.320976658010675486e-02,3.151669262597666527e-02,-6.021977151920131222e-02,4.713263657476587376e-01,0.000000000000000000e+00
1.049999999999999961e-01,3.700757455201182135e-03,6.570771274484313307e-02,3.121076458937346865e-02,-6.213685093402974979e-02,4.615101429187111748e-01,0.000000000000000000e+00
1.100000000000000006e-01,4.035418851986955630e-03,6.814714596131334068e-02,3.089546821268348772e-02,-6.396746905255888682e-02,4.517711329925806485e-01,0.000000000000000000e+00
1.150000000000000050e-01,4.382132436140127874e-03,7.052869191981822605e-02,3.057123041620895057e-02,-6.571377315197239610e-02,4.421101321246862503e-01,0.000000000000000000e+00
1.199999999999999956e-01,4.740610334238427002e-03,7.285297564527716541e-02,3.023846749112507268e-02,-6.737786773651648076e-02,4.325278930789579479e-01,0.000000000000000000e+00
1.250000000000000000e-01,5.110567796040809546e-03,7.512062136320776795e-02,2.989758531139765849e-02,-6.896181531390092878e-02,4.230251262248512778e-01,0.000000000000000000e+00
1.300000000000000044e-01,5.491723190162446991e-03,7.733225236908122802e-02,2.954897954185499095e-02,-7.046763715722315080e-02,4.136025005185627879e-01,0.000000000000000000e+00
1.350000000000000089e-01,5.883797999104823685e-03,7.948849090100663928e-02,2.919303584248570879e-02,-7.189731405270137488e-02,4.042606444687090739e-01,0.000000000000000000e+00
1.400000000000000133e-01,6.286516813657489280e-03,8.158995801569918216e-02,2.883013006903290334e-02,-7.325278703350164566e-02,3.950001470866995601e-01,0.000000000000000000e+00
1.449999999999999900e-01,6.699607326687769503e-03,8.363727346768830284e-02,2.846062846995325163e-02,-7.453595809994086052e-02,3.858215588220261782e-01,0.000000000000000000e+00
1.499999999999999944e-01,7.122800326334525686e-03,8.563105559172343173e-02,2.808488787980861073e-02,-7.574869092634547996e-02,3.767253924826697853e-01,0.000000000000000000e+00
1.549999999999999989e-01,7.555829688621854001e-03,8.757192118833539984e-02,2.770325590915611105e-02,-7.689281155484227470e-02,3.677121241408137786e-01,0.000000000000000000e+00
1.600000000000000033e-01,7.998432369508392398e-03,8.946048541251264141e-02,2.731607113100138415e-02,-7.797010907635384958e-02,3.587821940240416563e-01,0.000000000000000000e+00
1.650000000000000078e-01,8.450348396387714206e-03,9.129736166545199261e-02,2.692366326387824610e-02,-7.898233629906765974e-02,3.499360073921847780e-01,0.000000000000000000e+00
1.700000000000000122e-01,8.911320859055075691e-03,9.308316148934407674e-02,2.652635335161681110e-02,-7.993121040464293281e-02,3.411739353999789781e-01,0.000000000000000000e+00
1.750000000000000167e-01,9.381095900155596648e-03,9.481849446515404345e-02,2.612445393986066039e-02,-8.081841359241545564e-02,3.324963159456775785e-01,0.000000000000000000e+00
1.799999999999999933e-01,9.859422705128753628e-03,9.650396811335827663e-02,2.571826924939247735e-02,-8.164559371185534098e-02,3.239034545057662973e-01,0.000000000000000000e+00
1.849999999999999978e-01,1.034605349166386155e-02,9.814018779759819955e-02,2.530809534632624466e-02,-8.241436488352800460e-02,3.153956249559137226e-01,0.000000000000000000e+00
1.900000000000000022e-01,1.084074349868103734e-02,9.972775663121238865e-02,2.489422030922283646e-02,-8.312630810880344834e-02,3.069730703782931336e-01,0.000000000000000000e+00
1.950000000000000067e-01,1.134325097485194313e-02,1.012672753866080133e-01,2.447692439318473190e-02,-8.378297186855387935e-02,2.986360038554013996e-01,0.000000000000000000e+00
2.000000000000000111e-01,1.185333716667439502e-02,1.027593424074329520e-01,2.405648019098424739e-02,-8.438587271107440835e-02,2.903846092505004695e-01,0.000000000000000000e+00
2.050000000000000155e-01,1.237076630611476033e-02,1.042045535235097270e-01,2.363315279127864779e-02,-8.493649582945615728e-02,2.822190419748063506e-01,0.000000000000000000e+00
2.099999999999999922e-01,1.289530559783185100e-02,1.056035019684923720e-01,2.320719993396428218e-02,-8.543629562863591653e-02,2.741394297415419290e-01,0.000000000000000000e+00
2.149999999999999967e-01,1.342672520599581983e-02,1.069567783002073197e-01,2.277887216272082849e-02,-8.588669628234113507e-02,2.661458733069756444e-01,0.000000000000000000e+00
2.200000000000000011e-01,1.396479824071538908e-02,1.082649703236391731e-01,2.234841297479563463e-02,-8.628909228014351729e-02,2.582384471985643137e-01,0.000000000000000000e+00
2.250000000000000056e-01,1.450930074408654860e-02,1.095286630165222680e-01,2.191605896807706857e-02,-8.664484896482957388e-02,2.504172004303150678e-01,0.000000000000000000e+00
2.300000000000000100e-01,1.506001167587563833e-02,1.107484384574987379e-01,2.148203998550481802e-02,-8.695530306029074230e-02,2.426821572054859710e-01,0.000000000000000000e+00
2.350000000000000144e-01,1.561671289884955169e-02,1.119248757568036129e-01,2.104657925686401546e-02,-8.722176319013087709e-02,2.350333176067408991e-01,0.000000000000000000e+00
2.399999999999999911e-01,1.617918916376560531e-02,1.130585509894375951e-01,2.060989353800913790e-02,-8.744551038718358094e-02,2.274706582738784122e-01,0.000000000000000000e+00
2.449999999999999956e-01,1.674722809403340548e-02,1.141500371307877376e-01,2.017219324756264892e-02,-8.762779859412681005e-02,2.199941330692494756e-01,0.000000000000000000e+00
2.500000000000000000e-01,1.732062017006085961e-02,1.151999039946564468e-01,1.973368260113244135e-02,-8.776985515537727434e-02,2.126036737309853764e-01,0.000000000000000000e+00
2.550000000000000044e-01,1.789915871329627109e-02,1.162087181736589508e-01,1.929455974309124411e-02,-8.787288130044212942e-02,2.052991905141547946e-01,0.000000000000000000e+00
2.600000000000000089e-01,1.848263986997825126e-02,1.171770429819494613e-01,1.885501687596026488e-02,-8.793805261890093317e-02,1.980805728199697691e-01,0.000000000000000000e+00
2.650000000000000133e-01,1.907086259460500852e-02,1.181054384002360319e-01,1.841524038743849387e-02,-8.796651952718577416e-02,1.909476898131633460e-01,0.000000000000000000e+00
2.700000000000000178e-01,1.966362863313434600e-02,1.189944610230443123e-01,1.797541097511826461e-02,-8.795940772732328827e-02,1.839003910276601483e-01,0.000000000000000000e+00
2.750000000000000222e-01,2.026074250592552195e-02,1.198446640081901188e-01,1.753570376892688021e-02,-8.791781865779754734e-02,1.769385069606659311e-01,0.000000000000000000e+00
2.800000000000000266e-01,2.086201149043390851e-02,1.206565970284211309e-01,1.709628845133329134e-02,-8.784282993668862671e-02,1.700618496552986914e-01,0.000000000000000000e+00
2.850000000000000311e-01,2.146724560366919388e-02,1.214308062251875375e-01,1.665732937535807992e-02,-8.773549579723725900e-02,1.632702132718893973e-01,0.000000000000000000e+00
2.899999999999999800e-01,2.207625758442769565e-02,1.221678341645020816e-01,1.621898568042424299e-02,-8.759684751598202646e-02,1.565633746480788457e-01,0.000000000000000000e+00
2.949999999999999845e-01,2.268886287530908624e-02,1.228682197948495619e-01,1.578141140608557008e-02,-8.742789383361145028e-02,1.499410938478402122e-01,0.000000000000000000e+00
2.999999999999999889e-01,2.330487960452773399e-02,1.235324984071062698e-01,1.534475560366868607e-02,-8.722962136866943550e-02,1.434031146995553563e-01,0.000000000000000000e+00
3.049999999999999933e-01,2.392412856752856518e-02,1.241612015964298210e-01,1.490916244586413565e-02,-8.700299502424886644e-02,1.369491653232777773e-01,0.000000000000000000e+00
3.099999999999999978e-01,2.454643320841722737e-02,1.247548572260799432e-01,1.447477133430127329e-02,-8.674895838780441459e-02,1.305789586473123376e-01,0.000000000000000000e+00
3.150000000000000022e-01,2.517161960121410552e-02,1.253139893931311255e-01,1.404171700514101652e-02,-8.646843412421206798e-02,1.242921929142454252e-01,0.000000000000000000e+00
3.200000000000000067e-01,2.579951643094154437e-02,1.258391183960380633e-01,1.361012963271992539e-02,-8.616232436219962987e-02,1.180885521765588364e-01,0.000000000000000000e+00
3.250000000000000111e-01,2.642995497455344345e-02,1.263307607040151936e-01,1.318013493127844979e-02,-8.583151107426885418e-02,1.119677067819621619e-01,0.000000000000000000e+00
3.300000000000000155e-01,2.706276908171622447e-02,1.267894289281916442e-01,1.275185425480559499e-02,-8.547685645022705392e-02,1.059293138485791763e-01,0.000000000000000000e+00
3.350000000000000200e-01,2.769779515544990370e-02,1.272156317945033477e-01,1.232540469503165884e-02,-8.509920326444257721e-02,9.997301773012334802e-02,0.000000000000000000e+00
3.400000000000000244e-01,2.833487213263791507e-02,1.276098741182844776e-01,1.190089917760015978e-02,-8.469937523693585324e-02,9.409845047119919093e-02,0.000000000000000000e+00
3.450000000000000289e-01,2.897384146441404906e-02,1.279726567805201942e-01,1.147844655644948177e-02,-8.427817738841464346e-02,8.830523225286768252e-02,0.000000000000000000e+00
3.500000000000000333e-01,2.961454709643472627e-02,1.283044767057234803e-01,1.105815170643426916e-02,-8.383639638935948268e-02,8.259297182861041753e-02,0.000000000000000000e+00
3.549999999999999822e-01,3.025683544904464103e-02,1.286058268413990124e-01,1.064011561421604989e-02,-8.337480090326258864e-02,7.696126695083332914e-02,0.000000000000000000e+00
3.599999999999999867e-01,3.090055539734362297e-02,1.288771961390571819e-01,1.022443546745207058e-02,-8.289414192412090931e-02,7.140970478804503641e-02,0.000000000000000000e+00
3.649999999999999911e-01,3.154555825116235612e-02,1.291190695367420704e-01,9.811204742310826107e-03,-8.239515310828156303e-02,6.593786233285003906e-02,0.000000000000000000e+00
3.699999999999999956e-01,3.219169773495445669e-02,1.293319279430372726e-01,9.400513289342282003e-03,-8.187855110073551101e-02,6.054530680089270644e-02,0.000000000000000000e+00
3.750000000000000000e-01,3.283882996761219863e-02,1.295162482225141465e-01,8.992447417730311046e-03,-8.134503585595298514e-02,5.523159602089222631e-02,0.000000000000000000e+00
3.800000000000000044e-01,3.348681344221301343e-02,1.296725031825869123e-01,8.587089977954407566e-03,-8.079529095335198641e-02,4.999627881590407164e-02,0.000000000000000000e+00
3.850000000000000089e-01,3.413550900570369584e-02,1.298011615617404302e-01,8.184520442887291761e-03,-8.022998390748906083e-02,4.483889537594770713e-02,0.000000000000000000e+00
3.900000000000000133e-01,3.478477983852913680e-02,1.299026880190957134e-01,7.784814987354570642e-03,-7.964976647305951896e-02,3.975897762213570497e-02,0.000000000000000000e+00
3.950000000000000178e-01,3.543449143421213698e-02,1.299775431252796765e-01,7.388046566182197156e-03,-7.905527494479226702e-02,3.475604956244282562e-02,0.000000000000000000e+00
4.000000000000000222e-01,3.608451157889076139e-02,1.300261833545653944e-01,6.994284990757047502e-03,-7.844713045232241944e-02,2.982962763925056660e-02,0.000000000000000000e+00
4.050000000000000266e-01,3.673471033081950055e-02,1.300490610782501499e-01,6.603597004125515146e-03,-7.782593925012326608e-02,2.497922106880373638e-02,0.000000000000000000e+00
4.100000000000000311e-01,3.738495999984037255e-02,1.300466245592385162e-01,6.216046354654634898e-03,-7.719229300257726689e-02,2.020433217271239146e-02,0.000000000000000000e+00
4.150000000000000355e-01,3.803513512682984987e-02,1.300193179477984184e-01,5.831693868279839293e-03,-7.654676906426388650e-02,1.550445670163680401e-02,0.000000000000000000e+00
4.199999999999999845e-01,3.868511246312745372e-02,1.299675812784587270e-01,5.450597519363078319e-03,-7.588993075554087420e-02,1.087908415128541195e-02,0.000000000000000000e+00
4.249999999999999889e-01,3.933477094995163625e-02,1.298918504680171837e-01,5.072812500184635358e-03,-7.522232763349355478e-02,6.327698070862419755e-03,0.000000000000000000e+00
4.299999999999999933e-01,3.998399169780838397e-02,1.297925573146279377e-01,4.698391289091631388e-03,-7.454449575832554353e-02,1.849776364093669301e-03,0.000000000000000000e+00
4.349999999999999978e-01,4.063265796589791284e-02,1.296701294979389352e-01,4.327383717325818287e-03,-7.385695795526261986e-02,-2.555208417035770285e-03,0.000000000000000000e+00
4.400000000000000022e-01,4.128065514152462478e-02,1.295249905802490220e-01,3.959837034552922928e-03,-7.316022407204018918e-02,-6.887788785703785610e-03,0.000000000000000000e+00
4.450000000000000067e-01,4.192787071951531441e-02,1.293575600086560584e-01,3.595795973115453389e-03,-7.245479123204336125e-02,-1.114850204070294559e-02,0.000000000000000000e+00
4.500000000000000111e-01,4.257419428165053893e-02,1.291682531181671256e-01,3.235302811030526821e-03,-7.174114408316746572e-02,-1.533788999379581686e-02,0.000000000000000000e+00
4.550000000000000155e-01,4.321951747611391809e-02,1.289574811357429851e-01,2.878397433753961121e-03,-7.101975504246541004e-02,-1.945649870384480451e-02,0.000000000000000000e+00
4.600000000000000200e-01,4.386373399696386760e-02,1.287256511852487018e-01,2.525117394731522542e-03,-7.029108453664717482e-02,-2.350487821759333906e-02,0.000000000000000000e+00
4.650000000000000244e-01,4.450673956363237344e-02,1.284731662932838969e-01,2.175497974757911301e-03,-6.955558123849554797e-02,-2.748358231697292653e-02,0.000000000000000000e+00
4.700000000000000289e-01,4.514843190045499804e-02,1.282004253958654305e-01,1.829572240163749360e-03,-6.881368229926111690e-02,-3.139316827281357636e-02,0.000000000000000000e+00
4.750000000000000333e-01,4.578871071623641376e-02,1.279078233459367830e-01,1.487371099850513844e-03,-6.806581357709823310e-02,-3.523419660483573246e-02,0.000000000000000000e+00
4.799999999999999822e-01,4.642747768385546703e-02,1.275957509216782693e-01,1.148923361193061616e-03,-6.731238986160294202e-02,-3.900723084780446936e-02,0.000000000000000000e+00
4.849999999999999867e-01,4.706463641991377733e-02,1.272645948355931034e-01,8.142557848290852412e-04,-6.655381509451253896e-02,-4.271283732372602171e-02,0.000000000000000000e+00
4.899999999999999911e-01,4.770009246443163153e-02,1.269147377443445301e-01,4.833931383545440603e-04,-6.579048258662559268e-02,-4.635158491996996255e-02,0.000000000000000000e+00
4.949999999999999956e-01,4.833375326059488608e-02,1.265465582593200966e-01,1.563582489438225835e-04,-6.502277523100020995e-02,-4.992404487320056816e-02,0.000000000000000000e+00
5.000000000000000000e-01,4.896552813455648523e-02,1.261604309578990002e-01,-1.668279450869154454e-04,-6.425106571248753728e-02,-5.343079055900409879e-02,0.000000000000000000e+00
5.050000000000000044e-01,4.959532827529599536e-02,1.257567263953998926e-01,-4.861463437549964363e-04,-6.347571671365635770e-02,-5.687239728709744813e-02,0.000000000000000000e+00
5.100000000000000089e-01,5.022306671454055543e-02,1.253358111176858802e-01,-8.015796359072215917e-04,-6.269708111716404408e-02,-6.024944210200774974e-02,0.000000000000000000e+00
5.150000000000000133e-01,5.084865830675043552e-02,1.248980476744049328e-01,-1.113112250718935499e-03,-6.191550220462795073e-02,-6.356250358911275100e-02,0.000000000000000000e+00
5.200000000000000178e-01,5.147201970917234665e-02,1.244437946328436628e-01,-1.420730310178814314e-03,-6.113131385205088086e-02,-6.681216168593376303e-02,0.000000000000000000e+00
5.250000000000000222e-01,5.209306936196350657e-02,1.239734065923734224e-01,-1.724421582542276423e-03,-6.034484072185306719e-02,-6.999899749857368958e-02,0.000000000000000000e+00
5.300000000000000266e-01,5.271172746838936884e-02,1.234872341994676936e-01,-2.024175436736677224e-03,-5.955639845156263795e-02,-7.312359312319588467e-02,0.000000000000000000e+00
5.350000000000000311e-01,5.332791597509783238e-02,1.229856241632706071e-01,-2.319982797701708455e-03,-5.876629383921554844e-02,-7.618653147243870105e-02,0.000000000000000000e+00
5.400000000000000355e-01,5.394155855247263071e-02,1.224689192716964664e-01,-2.611836102648677944e-03,-5.797482502551537520e-02,-7.918839610666550399e-02,0.000000000000000000e+00
5.450000000000000400e-01,5.455258057506849612e-02,1.219374584080410856e-01,-2.899729258222588039e-03,-5.718228167280253738e-02,-8.212977106994739929e-02,0.000000000000000000e+00
5.500000000000000444e-01,5.516090910213063137e-02,1.213915765680856212e-01,-3.183657598551188975e-03,-5.638894514088184373e-02,-8.501124073068130893e-02,0.000000000000000000e+00
5.550000000000000488e-01,5.576647285820087591e-02,1.208316048776745533e-01,-3.463617844165415086e-03,-5.559508865975656272e-02,-8.783338962674536177e-02,0.000000000000000000e+00
5.600000000000000533e-01,5.636920221381293283e-02,1.202578706107495649e-01,-3.739608061775855866e-03,-5.480097749931652634e-02,-9.059680231509524562e-02,0.000000000000000000e+00
5.650000000000000577e-01,5.696902916627884922e-02,1.196706972078215442e-01,-4.011627624890152025e-03,-5.400686913602714689e-02,-9.330206322570841482e-02,0.000000000000000000e+00
5.700000000000000622e-01,5.756588732056892865e-02,1.190704042948634439e-01,-4.279677175256433458e-03,-5.321301341666549028e-02,-9.594975651978232545e-02,0.000000000000000000e+00
5.750000000000000666e-01,5.815971187028711603e-02,1.184573077026071369e-01,-4.543758585118153753e-03,-5.241965271914903607e-02,-9.854046595209565995e-02,0.000000000000000000e+00
5.799999999999999600e-01,5.875043957874383910e-02,1.178317194862276429e-01,-4.803874920265889178e-03,-5.162702211050204659e-02,-1.010747747374437649e-01,0.000000000000000000e+00
5.849999999999999645e-01,5.933800876012821496e-02,1.171939479453986688e-01,-5.060030403871908222e-03,-5.083534950200382235e-02,-1.035532654210590542e-01,0.000000000000000000e+00
5.899999999999999689e-01,5.992235926078143260e-02,1.165442976447038648e-01,-5.312230381093531115e-03,-5.004485580156265573e-02,-1.059765197529309866e-01,0.000000000000000000e+00
5.949999999999999734e-01,6.050343244057303921e-02,1.158830694343882389e-01,-5.560481284431507791e-03,-4.925575506335853199e-02,-1.083451185659392024e-01,0.000000000000000000e+00
5.999999999999999778e-01,6.108117115438180256e-02,1.152105604714349502e-01,-5.804790599829875650e-03,-4.846825463479719626e-02,-1.106596416577178832e-01,0.000000000000000000e+00
6.049999999999999822e-01,6.165551973368273847e-02,1.145270642409528250e-01,-6.045166833503948407e-03,-4.768255530081749738e-02,-1.129206676761682349e-01,0.000000000000000000e+00
6.099999999999999867e-01,6.222642396824185768e-02,1.138328705778603872e-01,-6.281619479483316337e-03,-4.689885142559352404e-02,-1.151287740085387423e-01,0.000000000000000000e+00
6.149999999999999911e-01,6.279383108791997126e-02,1.131282656888525084e-01,-6.514158987856924661e-03,-4.611733109167229921e-02,-1.172845366739945216e-01,0.000000000000000000e+00
6.199999999999999956e-01,6.335768974458709513e-02,1.124135321746362604e-01,-6.742796733707516303e-03,-4.533817623658740331e-02,-1.193885302195978049e-01,0.000000000000000000e+00
6.250000000000000000e-01,6.391794999414859846e-02,1.116889490524226175e-01,-6.967544986722916042e-03,-4.456156278698828604e-02,-1.214413276196238123e-01,0.000000000000000000e+00
6.300000000000000044e-01,6.447456327868450465e-02,1.109547917786613963e-01,-7.188416881471829112e-03,-4.378766079032454794e-02,-1.234435001781365449e-01,0.000000000000000000e+00
6.350000000000000089e-01,6.502748240870297181e-02,1.102113322720067179e-01,-7.405426388332034607e-03,-4.301663454412388288e-02,-1.253956174347524710e-01,0.000000000000000000e+00
6.400000000000000133e-01,6.557666154550918780e-02,1.094588389365009906e-01,-7.618588285059025786e-03,-4.224864272290190098e-02,-1.272982470735186111e-01,0.000000000000000000e+00
6.450000000000000178e-01,6.612205618369071392e-02,1.086975766849654357e-01,-7.827918128983363602e-03,-4.148383850274155182e-02,-1.291519548348358248e-01,0.000000000000000000e+00
6.500000000000000222e-01,6.666362313372027615e-02,1.079278069625856096e-01,-8.033432229825178059e-03,-4.072236968357933334e-02,-1.309573044303575795e-01,0.000000000000000000e+00
6.550000000000000266e-01,6.720132050467690632e-02,1.071497877706807794e-01,-8.235147623114438473e-03,-3.996437880923497249e-02,-1.327148574607962817e-01,0.000000000000000000e+00
6.600000000000000311e-01,6.773510768708641827e-02,1.063637736906460907e-01,-8.433082044205814087e-03,-3.921000328522082634e-02,-1.344251733365709744e-01,0.000000000000000000e+00
6.650000000000000355e-01,6.826494533588198244e-02,1.055700159080568828e-01,-8.627253902877102601e-03,-3.845937549436669045e-02,-1.360888092012309258e-01,0.000000000000000000e+00
6.700000000000000400e-01,6.879079535348558982e-02,1.047687622369248700e-01,-8.817682258500391529e-03,-3.771262291029528479e-02,-1.377063198575915748e-01,0.000000000000000000e+00
6.750000000000000444e-01,6.931262087301119645e-02,1.039602571440959855e-01,-9.004386795775302932e-03,-3.696986820878316038e-02,-1.392782576965197749e-01,0.000000000000000000e+00
6.800000000000000488e-01,6.983038624159013108e-02,1.031447417737801492e-01,-9.187387801013819494e-03,-3.623122937704138097e-02,-1.408051726283072458e-01,0.000000000000000000e+00
6.850000000000000533e-01,7.034405700381952953e-02,1.023224539722033533e-01,-9.366706138966391162e-03,-3.549681982094975152e-02,-1.422876120165722236e-01,0.000000000000000000e+00
6.900000000000000577e-01,7.085359988533428133e-02,1.014936283123728383e-01,-9.542363230179163811e-03,-3.476674847027801801e-02,-1.437261206146297210e-01,0.000000000000000000e+00
6.950000000000000622e-01,7.135898277650302990e-02,1.006584961189462696e-01,-9.714381028872350055e-03,-3.404111988192695670e-02,-1.451212405042736353e-01,0.000000000000000000e+00
7.000000000000000666e-01,7.186017471624883690e-02,9.981728549319614230e-02,-9.882782001329918492e-03,-3.332003434122178531e-02,-1.464735110369131954e-01,0.000000000000000000e+00
7.049999999999999600e-01,7.235714587599484382e-02,9.897022133806090971e-02,-1.004758910479095976e-02,-3.260358796129000925e-02,-1.477834687770091526e-01,0.000000000000000000e+00
7.099999999999999645e-01,7.284986754373537488e-02,9.811752538327447870e-02,-1.020882576683320581e-02,-3.189187278055517077e-02,-1.490516474477546205e-01,0.000000000000000000e+00
7.149999999999999689e-01,7.333831210823291147e-02,9.725941621056610753e-02,-1.036651586523937643e-02,-3.118497685837780600e-02,-1.502785778789481053e-01,0.000000000000000000e+00
7.199999999999999734e-01,7.382245304334117408e-02,9.639610927892269809e-02,-1.052068370833716959e-02,-3.048298436887416502e-02,-1.514647879570064082e-01,0.000000000000000000e+00
7.249999999999999778e-01,7.430226489245470023e-02,9.552781694990604422e-02,-1.067135401580384356e-02,-2.978597569294312922e-02,-1.526108025770662735e-01,0.000000000000000000e+00
7.299999999999999822e-01,7.477772325308512658e-02,9.465474851301752812e-02,-1.081855189992652136e-02,-2.909402750853110065e-02,-1.537171435971248501e-01,0.000000000000000000e+00
7.349999999999999867e-01,7.524880476156432796e-02,9.377711021110313183e-02,-1.096230284730947448e-02,-2.840721287916436744e-02,-1.547843297941706164e-01,0.000000000000000000e+00
7.399999999999999911e-01,7.571548707787480181e-02,9.289510526579168592e-02,-1.110263270101979893e-02,-2.772560134077794308e-02,-1.558128768222560301e-01,0.000000000000000000e+00
7.449999999999999956e-01,7.617774887060715927e-02,9.200893390295979135e-02,-1.123956764316303737e-02,-2.704925898686955099e-02,-1.568032971724656888e-01,0.000000000000000000e+00
7.500000000000000000e-01,7.663556980204512536e-02,9.111879337821655878e-02,-1.137313417788043610e-02,-2.637824855200691584e-02,-1.577561001347340119e-01,0.000000000000000000e+00
7.550000000000000044e-01,7.708893051337792346e-02,9.022487800240201750e-02,-1.150335911475969253e-02,-2.571262949371622142e-02,-1.586717917614671736e-01,0.000000000000000000e+00
7.600000000000000089e-01,7.753781261004018266e-02,8.932737916709285186e-02,-1.163026955265114223e-02,-2.505245807277913309e-02,-1.595508748329257931e-01,0.000000000000000000e+00
7.650000000000000133e-01,7.798219864717939598e-02,8.842648537010949772e-02,-1.175389286388151336e-02,-2.439778743196540159e-02,-1.603938488243247251e-01,0.000000000000000000e+00
7.700000000000000178e-01,7.842207211525090149e-02,8.752238224101878405e-02,-1.187425667885749249e-02,-2.374866767322770036e-02,-1.612012098746086752e-01,0.000000000000000000e+00
7.750000000000000222e-01,7.885741742574034485e-02,8.661525256662644390e-02,-1.199138887105147093e-02,-2.310514593338491157e-02,-1.619734507568615367e-01,0.000000000000000000e+00
7.800000000000000266e-01,7.928821989701359541e-02,8.570527631645398492e-02,-1.210531754236198430e-02,-2.246726645831974636e-02,-1.627110608503096190e-01,0.000000000000000000e+00
7.850000000000000311e-01,7.971446574029394938e-02,8.479263066819457684e-02,-1.221607100884147638e-02,-2.183507067571617555e-02,-1.634145261138787442e-01,0.000000000000000000e+00
7.900000000000000355e-01,8.013614204576657851e-02,8.387749003314295959e-02,-1.232367778678415508e-02,-2.120859726636175474e-02,-1.640843290612672423e-01,0.000000000000000000e+00
7.950000000000000400e-01,8.055323676881005757e-02,8.296002608159407099e-02,-1.242816657916682305e-02,-2.058788223403963322e-02,-1.647209487374964310e-01,0.000000000000000000e+00
8.000000000000000444e-01,8.096573871635479036e-02,8.204040776820586967e-02,-1.252956626243569363e-02,-1.997295897403455339e-02,-1.653248606969016654e-01,0.000000000000000000e+00
8.050000000000000488e-01,8.137363753336812611e-02,8.111880135732141284e-02,-1.262790587363231930e-02,-1.936385834027688768e-02,-1.658965369825278202e-01,0.000000000000000000e+00
8.100000000000000533e-01,8.177692368946601342e-02,8.019537044824581740e-02,-1.272321459785189131e-02,-1.876060871114834314e-02,-1.664364461068933987e-01,0.000000000000000000e+00
8.150000000000000577e-01,8.217558846565091446e-02,7.927027600047352462e-02,-1.281552175602726149e-02,-1.816323605397263119e-02,-1.669450530340893524e-01,0.000000000000000000e+00
8.200000000000000622e-01,8.256962394117568771e-02,7.834367635886174686e-02,-1.290485679303218260e-02,-1.757176398821403557e-02,-1.674228191631770835e-01,0.000000000000000000e+00
8.250000000000000666e-01,8.295902298053323132e-02,7.741572727874594662e-02,-1.299124926609736275e-02,-1.698621384740645751e-02,-1.678702023128546272e-01,0.000000000000000000e+00
8.300000000000000711e-01,8.334377922057149835e-02,7.648658195099325430e-02,-1.307472883353302806e-02,-1.640660473983522258e-02,-1.682876567073560425e-01,0.000000000000000000e+00
8.349999999999999645e-01,8.372388705773368967e-02,7.555639102699006349e-02,-1.315532524375183018e-02,-1.583295360799350307e-02,-1.686756329635540896e-01,0.000000000000000000e+00
8.399999999999999689e-01,8.409934163542318042e-02,7.462530264356004306e-02,-1.323306832458601145e-02,-1.526527528683496726e-02,-1.690345780792338048e-01,0.000000000000000000e+00
8.449999999999999734e-01,8.447013883149280533e-02,7.369346244780888844e-02,-1.330798797289287419e-02,-1.470358256084387631e-02,-1.693649354225070236e-01,0.000000000000000000e+00
8.499999999999999778e-01,8.483627524585828084e-02,7.276101362189239807e-02,-1.338011414444268202e-02,-1.414788621994353054e-02,-1.696671447223384588e-01,0.000000000000000000e+00
8.549999999999999822e-01,8.519774818823515339e-02,7.182809690770443345e-02,-1.344947684408324441e-02,-1.359819511426366666e-02,-1.699416420601527755e-01,0.000000000000000000e+00
8.599999999999999867e-01,8.555455566599906581e-02,7.089485063148157074e-02,-1.351610611617553269e-02,-1.305451620778704316e-02,-1.701888598624956006e-01,0.000000000000000000e+00
8.649999999999999911e-01,8.590669637216881427e-02,6.996141072832118279e-02,-1.358003203529475726e-02,-1.251685463089519113e-02,-1.704092268947194344e-01,0.000000000000000000e+00
8.699999999999999956e-01,8.625416967351172415e-02,6.902791076661002334e-02,-1.364128469719147474e-02,-1.198521373183292389e-02,-1.706031682556680695e-01,0.000000000000000000e+00
8.750000000000000000e-01,8.659697559877101158e-02,6.809448197236028788e-02,-1.369989421000734724e-02,-1.145959512711095668e-02,-1.707711053733314555e-01,0.000000000000000000e+00
8.800000000000000044e-01,8.693511482701453408e-02,6.716125325345040364e-02,-1.375589068574030113e-02,-1.093999875086564162e-02,-1.709134560014460569e-01,0.000000000000000000e+00
8.850000000000000089e-01,8.726858867610451376e-02,6.622835122376767580e-02,-1.380930423195391755e-02,-1.042642290319452728e-02,-1.710306342170147542e-01,0.000000000000000000e+00
8.900000000000000133e-01,8.759739909128777535e-02,6.529590022725034748e-02,-1.386016494372598051e-02,-9.918864297486160164e-03,-1.711230504187207790e-01,0.000000000000000000e+00
8.950000000000000178e-01,8.792154863390581887e-02,6.436402236182635350e-02,-1.390850289583119188e-02,-9.417318106762250993e-03,-1.711911113262113149e-01,0.000000000000000000e+00
9.000000000000000222e-01,8.824104047022444941e-02,6.343283750324643644e-02,-1.395434813515317000e-02,-8.921778009050031558e-03,-1.712352199802273933e-01,0.000000000000000000e+00
9.050000000000000266e-01,8.855587836038224248e-02,6.250246332880921019e-02,-1.399773067332091801e-02,-8.432236231802343884e-03,-1.712557757435555494e-01,0.000000000000000000e+00
9.100000000000000311e-01,8.886606664745733131e-02,6.157301534097596452e-02,-1.403868047956505737e-02,-7.948683595382718611e-03,-1.712531743027793651e-01,0.000000000000000000e+00
9.150000000000000355e-01,8.917161024665207214e-02,6.064460689087292078e-02,-1.407722747378917054e-02,-7.471109555632427304e-03,-1.712278076708072527e-01,0.000000000000000000e+00
9.200000000000000400e-01,8.947251463459486576e-02,5.971734920167902361e-02,-1.411340151985173048e-02,-6.999502245536198472e-03,-1.711800641901557174e-01,0.000000000000000000e+00
9.250000000000000444e-01,8.976878583875862183e-02,5.879135139189704817e-02,-1.414723241905413258e-02,-6.533848516003038127e-03,-1.711103285369652838e-01,0.000000000000000000e+00
9.300000000000000488e-01,9.006043042699535262e-02,5.786672049850626054e-02,-1.417874990383045930e-02,-6.074133975778310372e-03,-1.710189817257295741e-01,0.000000000000000000e+00
9.350000000000000533e-01,9.034745549718616042e-02,5.694356149999467431e-02,-1.420798363163465472e-02,-5.620343030502969808e-03,-1.709064011147150564e-01,0.000000000000000000e+00
9.400000000000000577e-01,9.062986866700611932e-02,5.602197733926917583e-02,-1.423496317902091246e-02,-5.172458920935586041e-03,-1.707729604120532541e-01,0.000000000000000000e+00
9.450000000000000622e-01,9.090767806380337102e-02,5.510206894644180398e-02,-1.425971803591309477e-02,-4.730463760352526456e-03,-1.706190296824839359e-01,0.000000000000000000e+00
9.500000000000000666e-01,9.118089231459187982e-02,5.418393526149052619e-02,-1.428227760005914421e-02,-4.294338571141428397e-03,-1.704449753547314927e-01,0.000000000000000000e+00
9.550000000000000711e-01,9.144952053615712506e-02,5.326767325679301196e-02,-1.430267117166646867e-02,-3.864063320602817778e-03,-1.702511602294944915e-01,0.000000000000000000e+00
9.599999999999999645e-01,9.171357232527418968e-02,5.235337795953183548e-02,-1.432092794821438614e-02,-3.439616955974507829e-03,-1.700379434880306129e-01,0.000000000000000000e+00
9.649999999999999689e-01,9.197305774903750952e-02,5.144114247396976147e-02,-1.433707701943978501e-02,-3.020977438693145389e-03,-1.698056807013186564e-01,0.000000000000000000e+00
9.699999999999999734e-01,9.222798733530170046e-02,5.053105800359367766e-02,-1.435114736249220278e-02,-2.608121777907048376e-03,-1.695547238397798473e-01,0.000000000000000000e+00
9.749999999999999778e-01,9.247837206323274162e-02,4.962321387312596671e-02,-1.436316783725463675e-02,-2.201026063254232171e-03,-1.692854212835413763e-01,0.000000000000000000e+00
9.799999999999999822e-01,9.272422335396894588e-02,4.871769755040200600e-02,-1.437316718182643158e-02,-1.799665496919287825e-03,-1.689981178332250478e-01,0.000000000000000000e+00
9.849999999999999867e-01,9.296555306139089869e-02,4.781459466811267128e-02,-1.438117400816467731e-02,-1.404014424982555527e-03,-1.686931547212449090e-01,0.000000000000000000e+00
9.899999999999999911e-01,9.320237346299981018e-02,4.691398904541070614e-02,-1.438721679788061356e-02,-1.014046368074791567e-03,-1.683708696235967917e-01,0.000000000000000000e+00
9.949999999999999956e-01,9.343469725090357281e-02,4.601596270937993727e-02,-1.439132389818758954e-02,-6.297340513503216306e-04,-1.680315966721249166e-01,0.000000000000000000e+00
1.000000000000000000e+00,9.366253752290980283e-02,4.512059591636631561e-02,-1.439352351799722679e-02,-2.510494337914432380e-04,-1.676756664672494901e-01,0.000000000000000000e+00
1.005000000000000115e+00,9.388590777372515794e-02,4.422796717316981180e-02,-1.439384372416044507e-02,1.220362631433806835e-04,-1.673034060911402776e-01,0.000000000000000000e+00
1.010000000000000009e+00,9.410482188626034805e-02,4.333815325809634023e-02,-1.439231243785011986e-02,4.895525275151973001e-04,-1.669151391213213043e-01,0.000000000000000000e+00
1.015000000000000124e+00,9.431929412303995119e-02,4.245122924186883057e-02,-1.438895743108217946e-02,8.515295295319876608e-04,-1.665111856446921945e-01,0.000000000000000000e+00
1.020000000000000018e+00,9.452933911771650710e-02,4.156726850839665560e-02,-1.438380632337200697e-02,1.207998094795924640e-03,-1.660918622719521343e-01,0.000000000000000000e+00
1.024999999999999911e+00,9.473497186668806969e-02,4.068634277540274236e-02,-1.437688657852308378e-02,1.558989678158756789e-03,-1.656574821524123275e-01,0.000000000000000000e+00
1.030000000000000027e+00,9.493620772081855230e-02,3.980852211490755466e-02,-1.436822550154485262e-02,1.904536338173803489e-03,-1.652083549891832093e-01,0.000000000000000000e+00
1.034999999999999920e+00,9.513306237726010250e-02,3.893387497356946836e-02,-1.435785023569686319e-02,2.244670712133251932e-03,-1.647447870547238402e-01,0.000000000000000000e+00
1.040000000000000036e+00,9.532555187137689567e-02,3.806246819288078981e-02,-1.434578775965628279e-02,2.579425991679641823e-03,-1.642670812067397734e-01,0.000000000000000000e+00
1.044999999999999929e+00,9.551369256876941771e-02,3.719436702921896654e-02,-1.433206488480594232e-02,2.908835898980610679e-03,-1.637755369044172349e-01,0.000000000000000000e+00
1.050000000000000044e+00,9.569750115739877883e-02,3.632963517375245588e-02,-1.431670825264012153e-02,3.232934663456169585e-03,-1.632704502249806289e-01,0.000000000000000000e+00
1.054999999999999938e+00,9.587699463981010084e-02,3.546833477220078662e-02,-1.429974433228533431e-02,3.551756999047952536e-03,-1.627521138805618217e-01,0.000000000000000000e+00
1.060000000000000053e+00,9.605219032545436741e-02,3.461052644444835569e-02,-1.428119941813343896e-02,3.865338082020081546e-03,-1.622208172353689637e-01,0.000000000000000000e+00
1.064999999999999947e+00,9.622310582310798777e-02,3.375626930401166154e-02,-1.426109962758443685e-02,4.173713529281457106e-03,-1.616768463231434416e-01,0.000000000000000000e+00
1.070000000000000062e+00,9.638975903338932449e-02,3.290562097735955788e-02,-1.423947089889637460e-02,4.476919377219469413e-03,-1.611204838648932214e-01,0.000000000000000000e+00
1.074999999999999956e+00,9.655216814137143611e-02,3.205863762308623632e-02,-1.421633898913981890e-02,4.774992061035293611e-03,-1.605520092868922832e-01,0.000000000000000000e+00
1.080000000000000071e+00,9.671035160929031260e-02,3.121537395093669856e-02,-1.419172947225442322e-02,5.067968394571111847e-03,-1.599716987389340761e-01,0.000000000000000000e+00
1.084999999999999964e+00,9.686432816934793799e-02,3.037588324068447518e-02,-1.416566773720514920e-02,5.355885550619767128e-03,-1.593798251128299703e-01,0.000000000000000000e+00
1.090000000000000080e+00,9.701411681660926378e-02,2.954021736086138300e-02,-1.413817898623574883e-02,5.638781041707521813e-03,-1.587766580611405520e-01,0.000000000000000000e+00
1.094999999999999973e+00,9.715973680199253837e-02,2.870842678733916825e-02,-1.410928823321717582e-02,5.916692701340760946e-03,-1.581624640161311823e-01,0.000000000000000000e+00
1.100000000000000089e+00,9.730120762535215961e-02,2.788056062176292801e-02,-1.407902030208861566e-02,6.189658665707640714e-03,-1.575375062089410250e-01,0.000000000000000000e+00
1.104999999999999982e+00,9.743854902865331513e-02,2.705666660983618854e-02,-1.404739982538889126e-02,6.457717355825834914e-03,-1.569020446889559661e-01,0.000000000000000000e+00
1.110000000000000098e+00,9.757178098923766085e-02,2.623679115945758838e-02,-1.401445124287603594e-02,6.720907460127692815e-03,-1.562563363433764063e-01,0.000000000000000000e+00
1.114999999999999991e+00,9.770092371317934399e-02,2.542097935870914552e-02,-1.398019880023285838e-02,6.979267917474281380e-03,-1.556006349169697933e-01,0.000000000000000000e+00
1.120000000000000107e+00,9.782599762873057936e-02,2.460927499369609806e-02,-1.394466654785638665e-02,7.232837900589917518e-03,-1.549351910320002079e-01,0.000000000000000000e+00
1.125000000000000000e+00,9.794702337985604357e-02,2.380172056623835672e-02,-1.390787833972910968e-02,7.481656799908969514e-03,-1.542602522083244554e-01,0.000000000000000000e+00
1.130000000000000115e+00,9.806402181985539313e-02,2.299835731141360723e-02,-1.386985783236995874e-02,7.725764207826823007e-03,-1.535760628836476960e-01,0.000000000000000000e+00
1.135000000000000009e+00,9.817701400507308773e-02,2.219922521495218057e-02,-1.383062848386305485e-02,7.965199903347080362e-03,-1.528828644339290110e-01,0.000000000000000000e+00
1.140000000000000124e+00,9.828602118869482485e-02,2.140436303048377439e-02,-1.379021355296223411e-02,8.200003837117181976e-03,-1.521808951939291055e-01,0.000000000000000000e+00
1.145000000000000018e+00,9.839106481462984999e-02,2.061380829663618519e-02,-1.374863609826944624e-02,8.430216116844781171e-03,-1.514703904778922916e-01,0.000000000000000000e+00
1.150000000000000133e+00,9.849216651147839341e-02,1.982759735398621076e-02,-1.370591897748513373e-02,8.655876993087351784e-03,-1.507515826003544834e-01,0.000000000000000000e+00
1.155000000000000027e+00,9.858934808658346982e-02,1.904576536186290692e-02,-1.366208484672874757e-02,8.877026845407625516e-03,-1.500247008970697349e-01,0.000000000000000000e+00
1.159999999999999920e+00,9.868263152016637507e-02,1.826834631500342393e-02,-1.361715615992757644e-02,9.093706168887598362e-03,-1.492899717460478004e-01,0.000000000000000000e+00
1.165000000000000036e+00,9.877203895954500545e-02,1.749537306006166901e-02,-1.357115516827214069e-02,9.305955560993971198e-03,-1.485476185886954181e-01,0.000000000000000000e+00
1.169999999999999929e+00,9.885759271343444454e-02,1.672687731197002037e-02,-1.352410391973638167e-02,9.513815708788023184e-03,-1.477978619510541824e-01,0.000000000000000000e+00
1.175000000000000044e+00,9.893931524632895713e-02,1.596288967015442595e-02,-1.347602425866095688e-02,9.717327376473025927e-03,-1.470409194651279283e-01,0.000000000000000000e+00
1.179999999999999938e+00,9.901722917296466864e-02,1.520343963460316430e-02,-1.342693782539797730e-02,9.916531393272453795e-03,-1.462770058902927717e-01,0.000000000000000000e+00
1.185000000000000053e+00,9.909135725286224994e-02,1.444855562178958865e-02,-1.337686605601552843e-02,1.011146864163233947e-02,-1.455063331347835887e-01,0.000000000000000000e+00
1.189999999999999947e+00,9.916172238494885827e-02,1.369826498044923561e-02,-1.332583018206039138e-02,1.030218004574127121e-02,-1.447291102772496896e-01,0.000000000000000000e+00
1.195000000000000062e+00,9.922834760225858475e-02,1.295259400721162843e-02,-1.327385123037738181e-02,1.048870656036161864e-02,-1.439455435883740531e-01,0.000000000000000000e+00
1.199999999999999956e+00,9.929125606671070081e-02,1.221156796208718726e-02,-1.322095002298376287e-02,1.067108915996570900e-02,-1.431558365525496535e-01,0.000000000000000000e+00
1.205000000000000071e+00,9.935047106396495409e-02,1.147521108380964577e-02,-1.316714717699723342e-02,1.084936882817077834e-02,-1.423601898896066642e-01,0.000000000000000000e+00
1.209999999999999964e+00,9.940601599835327540e-02,1.074354660503439376e-02,-1.311246310461600464e-02,1.102358654746663121e-02,-1.415588015765850971e-01,0.000000000000000000e+00
1.215000000000000080e+00,9.945791438788707806e-02,1.001659676739320021e-02,-1.305691801314951862e-02,1.119378328923006580e-02,-1.407518668695466602e-01,0.000000000000000000e+00
1.219999999999999973e+00,9.950618985933946947e-02,9.294382836405760961e-03,-1.300053190509839127e-02,1.136000000402021155e-02,-1.399395783254207271e-01,0.000000000000000000e+00
1.225000000000000089e+00,9.955086614340165341e-02,8.576925116248563727e-03,-1.294332457828218860e-02,1.152227761214904590e-02,-1.391221258238786451e-01,0.000000000000000000e+00
1.229999999999999982e+00,9.959196706991288450e-02,7.864242964381549031e-03,-1.288531562601367454e-02,1.168065699452144370e-02,-1.382996965892309693e-01,0.000000000000000000e+00
1.235000000000000098e+00,9.962951656316311466e-02,7.156354806033085082e-03,-1.282652443731819268e-02,1.183517898373923592e-02,-1.374724752123425153e-01,0.000000000000000000e+00
1.239999999999999991e+00,9.966353863726777618e-02,6.453278148543777765e-03,-1.276697019719688110e-02,1.198588435546384286e-02,-1.366406436725610130e-01,0.000000000000000000e+00
1.245000000000000107e+00,9.969405739161391056e-02,5.755029595569650935e-03,-1.270667188693244166e-02,1.213281382003213345e-02,-1.358043813596527816e-01,0.000000000000000000e+00
1.250000000000000000e+00,9.972109700637693530e-02,5.061624861145252140e-03,-1.264564828443620441e-02,1.227600801432029119e-02,-1.349638650957419861e-01,0.000000000000000000e+00
1.255000000000000115e+00,9.974468173810745186e-02,4.373078783607250997e-03,-1.258391796463526405e-02,1.241550749385052915e-02,-1.341192691572483386e-01,0.000000000000000000e+00
1.260000000000000009e+00,9.976483591538723439e-02,3.689405339379108785e-03,-1.252149929989848642e-02,1.255135272513560434e-02,-1.332707652968188050e-01,0.000000000000000000e+00
1.265000000000000124e+00,9.978158393455384412e-02,3.010617656617413374e-03,-1.245841046050020877e-02,1.268358407825618053e-02,-1.324185227652485142e-01,0.000000000000000000e+00
1.270000000000000018e+00,9.979495025549313392e-02,2.336728028720482311e-03,-1.239466941512048191e-02,1.281224181966616332e-02,-1.315627083333872349e-01,0.000000000000000000e+00
1.275000000000000133e+00,9.980495939749894907e-02,1.667747927699851640e-03,-1.233029393138072340e-02,1.293736610522123673e-02,-1.307034863140265624e-01,0.000000000000000000e+00
1.280000000000000027e+00,9.981163593519930266e-02,1.003688017415283167e-03,-1.226530157641367996e-02,1.305899697342589177e-02,-1.298410185837640118e-01,0.000000000000000000e+00
1.284999999999999920e+00,9.981500449454847046e-02,3.445581666739264137e-04,-1.219970971746662212e-02,1.317717433889436726e-02,-1.289754646048402731e-01,0.000000000000000000e+00
1.290000000000000036e+00,9.981508974888415875e-02,-3.096325378057139229e-04,-1.213353552253670399e-02,1.329193798602094911e-02,-1.281069814469452117e-01,0.000000000000000000e+00
1.294999999999999929e+00,9.981191641504918999e-02,-9.588757785643402601e-04,-1.206679596103745963e-02,1.340332756285520822e-02,-1.272357238089895648e-01,0.000000000000000000e+00
1.300000000000000044e+00,9.980550924957702630e-02,-1.603163994706284685e-03,-1.199950780449541947e-02,1.351138257517781743e-02,-1.263618440408379173e-01,0.000000000000000000e+00
1.304999999999999938e+00,9.979589304494039526e-02,-2.242490369337111870e-03,-1.193168762727585784e-02,1.361614238077265247e-02,-1.254854921649999344e-01,0.000000000000000000e+00
1.310000000000000053e+00,9.978309262586240735e-02,-2.876848817133708779e-03,-1.186335180733669344e-02,1.371764618389099792e-02,-1.246068158982763519e-01,0.000000000000000000e+00
1.314999999999999947e+00,9.976713284568952678e-02,-3.506233972046164139e-03,-1.179451652700959884e-02,1.381593302990371912e-02,-1.237259606733561723e-01,0.000000000000000000e+00
1.320000000000000062e+00,9.974803858282564606e-02,-4.130641175130728496e-03,-1.172519777380738940e-02,1.391104180013735293e-02,-1.228430696603617645e-01,0.000000000000000000e+00
1.324999999999999956e+00,9.972583473722670955e-02,-4.750066462513137001e-03,-1.165541134125678072e-02,1.400301120689015008e-02,-1.219582837883390891e-01,0.000000000000000000e+00
1.330000000000000071e+00,9.970054622695520563e-02,-5.364506553481574597e-03,-1.158517282975561613e-02,1.409187978862417277e-02,-1.210717417666896112e-01,0.000000000000000000e+00
1.334999999999999964e+00,9.967219798479384774e-02,-5.973958838708547624e-03,-1.151449764745371591e-02,1.417768590532959665e-02,-1.201835801065411491e-01,0.000000000000000000e+00
1.340000000000000080e+00,9.964081495491779183e-02,-6.578421368600925051e-03,-1.144340101115646872e-02,1.426046773405749077e-02,-1.192939331420544979e-01,0.000000000000000000e+00
1.344999999999999973e+00,9.960642208962487698e-02,-7.177892841777402076e-03,-1.137189794725035341e-02,1.434026326461735994e-02,-1.184029330516633005e-01,0.000000000000000000e+00
1.350000000000000089e+00,9.956904434612309784e-02,-7.772372593672633237e-03,-1.130000329264956548e-02,1.441711029543584280e-02,-1.175107098792444876e-01,0.000000000000000000e+00
1.354999999999999982e+00,9.952870668337471249e-02,-8.361860585267276089e-03,-1.122773169576295541e-02,1.449104642957300786e-02,-1.166173915552161794e-01,0.000000000000000000e+00
1.360000000000000098e+00,9.948543405899647196e-02,-8.946357391943181303e-03,-1.115509761748049999e-02,1.456210907089276231e-02,-1.157231039175613402e-01,0.000000000000000000e+00
1.364999999999999991e+00,9.943925142621519442e-02,-9.525864192462957236e-03,-1.108211533217854337e-02,1.463033542038394939e-02,-1.148279707327737320e-01,0.000000000000000000e+00
1.370000000000000107e+00,9.939018373087817049e-02,-1.010038275807313354e-02,-1.100879892874305835e-02,1.469576247262877229e-02,-1.139321137167245424e-01,0.000000000000000000e+00
1.375000000000000000e+00,9.933825590851771969e-02,-1.066991544173013888e-02,-1.093516231161021160e-02,1.475842701241524869e-02,-1.130356525554470498e-01,0.000000000000000000e+00
1.380000000000000115e+00,9.928349288146930129e-02,-1.123446516744831120e-02,-1.086121920182350764e-02,1.481836561149046071e-02,-1.121387049258371904e-01,0.000000000000000000e+00
1.385000000000000009e+00,9.922591955604263825e-02,-1.179403541976914785e-02,-1.078698313810682458e-02,1.487561462545143251e-02,-1.112413865162677623e-01,0.000000000000000000e+00
1.390000000000000124e+00,9.916556081974514658e-02,-1.234863023335099758e-02,-1.071246747795265297e-02,1.493021019077049594e-02,-1.103438110471142153e-01,0.000000000000000000e+00
1.395000000000000018e+00,9.910244153855710114e-02,-1.289825418267839807e-02,-1.063768539872488560e-02,1.498218822195211859e-02,-1.094460902911901234e-01,0.000000000000000000e+00
1.400000000000000133e+00,9.903658655425802426e-02,-1.344291237189025427e-02,-1.056264989877549361e-02,1.503158440881816396e-02,-1.085483340940902180e-01,0.000000000000000000e+00
1.405000000000000027e+00,9.896802068180357570e-02,-1.398261042472604722e-02,-1.048737379857446472e-02,1.507843421391865356e-02,-1.076506503944394677e-01,0.000000000000000000e+00
1.409999999999999920e+00,9.889676870675243037e-02,-1.451735447458927207e-02,-1.041186974185238055e-02,1.512277287006514627e-02,-1.067531452440455275e-01,0.000000000000000000e+00
1.415000000000000036e+00,9.882285538274258874e-02,-1.504715115472728126e-02,-1.033615019675502428e-02,1.516463537798388300e-02,-1.058559228279543074e-01,0.000000000000000000e+00
1.419999999999999929e+00,9.874630542901641217e-02,-1.557200758852672617e-02,-1.026022745700943227e-02,1.520405650408592976e-02,-1.049590854844051346e-01,0.000000000000000000e+00
1.425000000000000044e+00,9.866714352799402232e-02,-1.609193137992376635e-02,-1.018411364310080336e-02,1.524107077835157829e-02,-1.040627337246856077e-01,0.000000000000000000e+00
1.429999999999999938e+00,9.858539432289421811e-02,-1.660693060392823620e-02,-1.010782070345970889e-02,1.527571249232633627e-02,-1.031669662528835185e-01,0.000000000000000000e+00
1.435000000000000053e+00,9.850108241540261877e-02,-1.711701379726094166e-02,-1.003136041565905016e-02,1.530801569722587026e-02,-1.022718799855344696e-01,0.000000000000000000e+00
1.439999999999999947e+00,9.841423236338624203e-02,-1.762218994910325770e-02,-9.954744387620223858e-03,1.533801420214733063e-02,-1.013775700711645467e-01,0.000000000000000000e+00
1.445000000000000062e+00,9.832486867865411484e-02,-1.812246849195820256e-02,-9.877984058827967914e-03,1.536574157238452566e-02,-1.004841299097253560e-01,0.000000000000000000e+00
1.449999999999999956e+00,9.823301582476329230e-02,-1.861785929262215616e-02,-9.801090701553378040e-03,1.539123112784445552e-02,-9.959165117192139705e-02,0.000000000000000000e+00
1.455000000000000071e+00,9.813869821486968792e-02,-1.910837264326639348e-02,-9.724075422084596868e-03,1.541451594156279317e-02,-9.870022381842780135e-02,0.000000000000000000e+00
1.459999999999999964e+00,9.804194020962331280e-02,-1.959401925262761746e-02,-9.646949161964677930e-03,1.543562883831590092e-02,-9.780993611899718720e-02,0.000000000000000000e+00
1.465000000000000080e+00,9.794276611510721597e-02,-2.007481023730661382e-02,-9.569722699236154345e-03,1.545460239332705626e-02,-9.692087467145485413e-02,0.000000000000000000e+00
1.469999999999999973e+00,9.784120018081973735e-02,-2.055075711317425405e-02,-9.492406649691849038e-03,1.547146893106458171e-02,-9.603312442058102583e-02,0.000000000000000000e+00
1.475000000000000089e+00,9.773726659769937930e-02,-2.102187178688396177e-02,-9.415011468131466790e-03,1.548626052412962334e-02,-9.514676867687896222e-02,0.000000000000000000e+00
1.479999999999999982e+00,9.763098949619189448e-02,-2.148816654748983077e-02,-9.337547449623527507e-03,1.549900899223137681e-02,-9.426188913522839941e-02,0.000000000000000000e+00
1.485000000000000098e+00,9.752239294435903483e-02,-2.194965405816955845e-02,-9.260024730772208751e-03,1.550974590124758537e-02,-9.337856589342261038e-02,0.000000000000000000e+00
1.489999999999999991e+00,9.741150094602840648e-02,-2.240634734805136211e-02,-9.182453290988677741e-03,1.551850256236817806e-02,-9.249687747058890630e-02,0.000000000000000000e+00
1.495000000000000107e+00,9.729833743898393117e-02,-2.285825980414402797e-02,-9.104842953766506888e-03,1.552531003131998009e-02,-9.161690082549150960e-02,0.000000000000000000e+00
1.500000000000000000e+00,9.718292629319641440e-02,-2.330540516336927770e-02,-9.027203387960754805e-03,1.553019910767042960e-02,-9.073871137471556381e-02,0.000000000000000000e+00
1.505000000000000115e+00,9.706529130909366532e-02,-2.374779750469558845e-02,-8.949544109070350223e-03,1.553320033420830734e-02,-8.986238301073236345e-02,0.000000000000000000e+00
1.510000000000000009e+00,9.694545621586972417e-02,-2.418545124137268243e-02,-8.871874480523372908e-03,1.553434399639951578e-02,-8.898798811984420798e-02,0.000000000000000000e+00
1.515000000000000124e+00,9.682344466983269782e-02,-2.461838111326578732e-02,-8.794203714964877669e-03,1.553366012191596118e-02,-8.811559760000881036e-02,0.000000000000000000e+00
1.520000000000000018e+00,9.669928025279059258e-02,-2.504660217928889737e-02,-8.716540875546890249e-03,1.553117848023566339e-02,-8.724528087854219183e-02,0.000000000000000000e+00
1.525000000000000133e+00,9.657298647047481144e-02,-2.547012980993615047e-02,-8.638894877220235080e-03,1.552692858231224243e-02,-8.637710592969984058e-02,0.000000000000000000e+00
1.530000000000000027e+00,9.644458675100071876e-02,-2.588897967991053012e-02,-8.561274488027841023e-03,1.552093968031193795e-02,-8.551113929213560727e-02,0.000000000000000000e+00
1.535000000000000142e+00,9.631410444336480081e-02,-2.630316776084903885e-02,-8.483688330399197230e-03,1.551324076741641446e-02,-8.464744608623726851e-02,0.000000000000000000e+00
1.540000000000000036e+00,9.618156281597800561e-02,-2.671271031414352431e-02,-8.406144882445638206e-03,1.550386057768957278e-02,-8.378609003133878630e-02,0.000000000000000000e+00
1.544999999999999929e+00,9.604698505523473484e-02,-2.711762388385633576e-02,-8.328652479256133667e-03,1.549282758600667269e-02,-8.292713346280894404e-02,0.000000000000000000e+00
1.550000000000000044e+00,9.591039426411694657e-02,-2.751792528972997129e-02,-8.251219314193279641e-03,1.548017000804408419e-02,-8.207063734901526297e-02,0.000000000000000000e+00
1.554999999999999938e+00,9.577181346083310509e-02,-2.791363162028989361e-02,-8.173853440189201083e-03,1.546591580032801762e-02,-8.121666130816371232e-02,0.000000000000000000e+00
1.560000000000000053e+00,9.563126557749127010e-02,-2.830476022603971645e-02,-8.096562771041057247e-03,1.545009266034061586e-02,-8.036526362501317244e-02,0.000000000000000000e+00
1.564999999999999947e+00,9.548877345880606160e-02,-2.869132871274791483e-02,-8.019355082705880919e-03,1.543272802668183702e-02,-7.951650126746467873e-02,0.000000000000000000e+00
1.570000000000000062e+00,9.534435986083888981e-02,-2.907335493482524763e-02,-7.942238014594470499e-03,1.541384907928556626e-02,-7.867042990302522409e-02,0.000000000000000000e+00
1.574999999999999956e+00,9.519804744977113098e-02,-2.945085698879208735e-02,-7.865219070864071238e-03,1.539348273968844764e-02,-7.782710391514566228e-02,0.000000000000000000e+00
1.580000000000000071e+00,9.504985880070974946e-02,-2.982385320683483138e-02,-7.788305621709581961e-03,1.537165567134993367e-02,-7.698657641943287833e-02,0.000000000000000000e+00
1.584999999999999964e+00,9.489981639652486645e-02,-3.019236215045059332e-02,-7.711504904653036611e-03,1.534839428002210231e-02,-7.614889927973543526e-02,0.000000000000000000e+00
1.590000000000000080e+00,9.474794262671890066e-02,-3.055640260417935572e-02,-7.634824025831116884e-03,1.532372471416781380e-02,-7.531412312410343257e-02,0.000000000000000000e+00
1.594999999999999973e+00,9.459425978632687859e-02,-3.091599356942278248e-02,-7.558269961280452212e-03,1.529767286542579700e-02,-7.448229736062147999e-02,0.000000000000000000e+00
1.600000000000000089e+00,9.443879007484735910e-02,-3.127115425834890022e-02,-7.481849558220485079e-03,1.527026436912130164e-02,-7.365347019311560550e-02,0.000000000000000000e+00
1.604999999999999982e+00,9.428155559520370876e-02,-3.162190408788183305e-02,-7.405569536333669184e-03,1.524152460482096003e-02,-7.282768863673361182e-02,0.000000000000000000e+00
1.610000000000000098e+00,9.412257835273511730e-02,-3.196826267377577552e-02,-7.329436489042783637e-03,1.521147869693055196e-02,-7.200499853339840939e-02,0.000000000000000000e+00
1.614999999999999991e+00,9.396188025421714496e-02,-3.231024982477245788e-02,-7.253456884785157606e-03,1.518015151533437176e-02,-7.118544456713563062e-02,0.000000000000000000e+00
1.620000000000000107e+00,9.379948310691117730e-02,-3.264788553684128125e-02,-7.177637068283594657e-03,1.514756767607494670e-02,-7.036907027927385982e-02,0.000000000000000000e+00
1.625000000000000000e+00,9.363540861764253764e-02,-3.298118998750130398e-02,-7.101983261813800755e-03,1.511375154207184393e-02,-6.955591808351913041e-02,0.000000000000000000e+00
1.630000000000000115e+00,9.346967839190674365e-02,-3.331018353022437845e-02,-7.026501566468121643e-03,1.507872722387838468e-02,-6.874602928090248199e-02,0.000000000000000000e+00
1.635000000000000009e+00,9.330231393300360276e-02,-3.363488668891856381e-02,-6.951197963415408319e-03,1.504251858047504255e-02,-6.793944407460172918e-02,0.000000000000000000e+00
1.640000000000000124e+00,9.313333664119860522e-02,-3.395532015249107249e-02,-6.876078315156820657e-03,1.500514922009839498e-02,-6.713620158463642906e-02,0.000000000000000000e+00
1.645000000000000018e+00,9.296276781291142044e-02,-3.427150476949000768e-02,-6.801148366777404371e-03,1.496664250110446223e-02,-6.633633986243761549e-02,0.000000000000000000e+00
1.650000000000000133e+00,9.279062863993085830e-02,-3.458346154282408019e-02,-6.726413747193264389e-03,1.492702153286532690e-02,-6.553989590529098186e-02,0.000000000000000000e+00
1.655000000000000027e+00,9.261694020865617050e-02,-3.489121162455952052e-02,-6.651879970394176771e-03,1.488630917669795523e-02,-6.474690567065477520e-02,0.000000000000000000e+00
1.660000000000000142e+00,9.244172349936405353e-02,-3.519477631079346441e-02,-6.577552436681476968e-03,1.484452804682412017e-02,-6.395740409035213792e-02,0.000000000000000000e+00
1.665000000000000036e+00,9.226499938550120072e-02,-3.549417703660304874e-02,-6.503436433901073517e-03,1.480170051136040985e-02,-6.317142508463841066e-02,0.000000000000000000e+00
1.669999999999999929e+00,9.208678863300183426e-02,-3.578943537106941269e-02,-6.429537138671437974e-03,1.475784869333727350e-02,-6.238900157614298697e-02,0.000000000000000000e+00
1.675000000000000044e+00,9.190711189963000904e-02,-3.608057301237588277e-02,-6.355859617606428834e-03,1.471299447174611273e-02,-6.161016550368701716e-02,0.000000000000000000e+00
1.679999999999999938e+00,9.172598973434616110e-02,-3.636761178297962666e-02,-6.282408828532813280e-03,1.466715948261343265e-02,-6.083494783597645506e-02,0.000000000000000000e+00
1.685000000000000053e+00,9.154344257669767837e-02,-3.665057362485592274e-02,-6.209189621702350566e-03,1.462036512010109202e-02,-6.006337858517083600e-02,0.000000000000000000e+00
1.689999999999999947e+00,9.135949075623306381e-02,-3.692948059481444834e-02,-6.136206740998313008e-03,1.457263253763170507e-02,-5.929548682032860507e-02,0.000000000000000000e+00
1.695000000000000062e+00,9.117415449193931598e-02,-3.720435485988671936e-02,-6.063464825136317959e-03,1.452398264903828964e-02,-5.853130068072873171e-02,0.000000000000000000e+00
1.699999999999999956e+00,9.098745389170216635e-02,-3.747521869278400836e-02,-5.990968408859352785e-03,1.447443612973723856e-02,-5.777084738906940881e-02,0.000000000000000000e+00
1.705000000000000071e+00,9.079940895178896521e-02,-3.774209446742501917e-02,-5.918721924126878371e-03,1.442401341792375231e-02,-5.701415326454381538e-02,0.000000000000000000e+00
1.709999999999999964e+00,9.061003955635360541e-02,-3.800500465453254817e-02,-5.846729701297901857e-03,1.437273471578886207e-02,-5.626124373579388660e-02,0.000000000000000000e+00
1.715000000000000080e+00,9.041936547696340087e-02,-3.826397181729845887e-02,-5.774995970307910190e-03,1.432061999075719821e-02,-5.551214335374187597e-02,0.000000000000000000e+00
1.719999999999999973e+00,9.022740637214746173e-02,-3.851901860711620662e-02,-5.703524861839567341e-03,1.426768897674467879e-02,-5.476687580430041752e-02,0.000000000000000000e+00
1.725000000000000089e+00,9.003418178696617757e-02,-3.877016775938025434e-02,-5.632320408487073715e-03,1.421396117543531623e-02,-5.402546392096175404e-02,0.000000000000000000e+00
1.729999999999999982e+00,8.983971115260160067e-02,-3.901744208935157415e-02,-5.561386545914094939e-03,1.415945585757634635e-02,-5.328792969726612455e-02,0.000000000000000000e+00
1.735000000000000098e+00,8.964401378596828507e-02,-3.926086448808866619e-02,-5.490727114005170689e-03,1.410419206429091611e-02,-5.255429429914997008e-02,0.000000000000000000e+00
1.739999999999999991e+00,8.944710888934435944e-02,-3.950045791844326165e-02,-5.420345858010518561e-03,1.404818860840756356e-02,-5.182457807717459619e-02,0.000000000000000000e+00
1.745000000000000107e+00,8.924901555002244524e-02,-3.973624541112010661e-02,-5.350246429684150581e-03,1.399146407580575784e-02,-5.109880057863546571e-02,0.000000000000000000e+00
1.750000000000000000e+00,8.904975273998008700e-02,-3.996825006080007014e-02,-5.280432388415222562e-03,1.393403682677678279e-02,-5.037698055955289189e-02,0.000000000000000000e+00
1.755000000000000115e+00,8.884933931556944497e-02,-4.019649502232593152e-02,-5.210907202352539971e-03,1.387592499739925302e-02,-4.965913599654434019e-02,0.000000000000000000e+00
1.760000000000000009e+00,8.864779401722588936e-02,-4.042100350695015248e-02,-5.141674249522156133e-03,1.381714650092857183e-02,-4.894528409857928919e-02,0.000000000000000000e+00
1.765000000000000124e+00,8.844513546919521851e-02,-4.064179877864394774e-02,-5.072736818937985566e-03,1.375771902919965817e-02,-4.823544131861672718e-02,0.000000000000000000e+00
1.770000000000000018e+00,8.824138217927912642e-02,-4.085890415046696672e-02,-5.004098111705373476e-03,1.369766005404229360e-02,-4.752962336512608216e-02,0.000000000000000000e+00
1.775000000000000133e+00,8.803655253859876684e-02,-4.107234298099696201e-02,-4.935761242117556354e-03,1.363698682870842852e-02,-4.682784521349200174e-02,0.000000000000000000e+00
1.780000000000000027e+00,8.783066482137591446e-02,-4.128213867081871602e-02,-4.867729238744962494e-03,1.357571638931083513e-02,-4.613012111730385723e-02,0.000000000000000000e+00
1.785000000000000142e+00,8.762373718473162598e-02,-4.148831465907161509e-02,-4.800005045517286538e-03,1.351386555627248805e-02,-4.543646461952990934e-02,0.000000000000000000e+00
1.790000000000000036e+00,8.741578766850194304e-02,-4.169089442005521201e-02,-4.732591522798292906e-03,1.345145093578606343e-02,-4.474688856357747491e-02,0.000000000000000000e+00
1.794999999999999929e+00,8.720683419507048451e-02,-4.188990145989207603e-02,-4.665491448453301312e-03,1.338848892128298787e-02,-4.406140510423903200e-02,0.000000000000000000e+00
1.800000000000000044e+00,8.699689456921753938e-02,-4.208535931324734053e-02,-4.598707518909298832e-03,1.332499569491145397e-02,-4.338002571852528355e-02,0.000000000000000000e+00
1.804999999999999938e+00,8.678598647798545229e-02,-4.227729154010427537e-02,-4.532242350207644696e-03,1.326098722902284768e-02,-4.270276121638553329e-02,0.000000000000000000e+00
1.810000000000000053e+00,8.657412749055995449e-02,-4.246572172259525241e-02,-4.466098479049321855e-03,1.319647928766603737e-02,-4.202962175131617212e-02,0.000000000000000000e+00
1.814999999999999947e+00,8.636133505816724620e-02,-4.265067346188746583e-02,-4.400278363832698866e-03,1.313148742808900073e-02,-4.136061683085768409e-02,0.000000000000000000e+00
1.820000000000000062e+00,8.614762651398649718e-02,-4.283217037512278974e-02,-4.334784385683764819e-03,1.306602700224726576e-02,-4.069575532698098408e-02,0.000000000000000000e+00
1.824999999999999956e+00,8.593301907307751564e-02,-4.301023609241114848e-02,-4.269618849478807807e-03,1.300011315831865917e-02,-4.003504548636360738e-02,0.000000000000000000e+00
1.830000000000000071e+00,8.571752983232328038e-02,-4.318489425387674052e-02,-4.204783984859504845e-03,1.293376084222386257e-02,-3.937849494055632033e-02,0.000000000000000000e+00
1.834999999999999964e+00,8.550117577038716943e-02,-4.335616850675657469e-02,-4.140281947240393758e-03,1.286698479915230654e-02,-3.872611071604121352e-02,0.000000000000000000e+00
1.840000000000000080e+00,8.528397374768456607e-02,-4.352408250255064559e-02,-4.076114818808705340e-03,1.279979957509291832e-02,-3.807789924418105570e-02,0.000000000000000000e+00
1.844999999999999973e+00,8.506594050636852311e-02,-4.368865989422315160e-02,-4.012284609516529772e-03,1.273221951836927407e-02,-3.743386637106170534e-02,0.000000000000000000e+00
1.850000000000000089e+00,8.484709267032936042e-02,-4.384992433345419327e-02,-3.948793258065296484e-03,1.266425878117870274e-02,-3.679401736722714977e-02,0.000000000000000000e+00
1.854999999999999982e+00,8.462744674520780719e-02,-4.400789946794130686e-02,-3.885642632882552270e-03,1.259593132113490284e-02,-3.615835693730867773e-02,0.000000000000000000e+00
1.860000000000000098e+00,8.440701911842163341e-02,-4.416260893875028487e-02,-3.822834533091013388e-03,1.252725090281365736e-02,-3.552688922954819195e-02,0.000000000000000000e+00
1.864999999999999991e+00,8.418582605920524320e-02,-4.431407637771464514e-02,-3.760370689469887291e-03,1.245823109930121499e-02,-3.489961784521695282e-02,0.000000000000000000e+00
1.870000000000000107e+00,8.396388371866232714e-02,-4.446232540488322810e-02,-3.698252765408443186e-03,1.238888529374495596e-02,-3.427654584792981518e-02,0.000000000000000000e+00
1.875000000000000000e+00,8.374120812983097684e-02,-4.460737962601526996e-02,-3.636482357851827506e-03,1.231922668090592102e-02,-3.365767577285619372e-02,0.000000000000000000e+00
1.880000000000000115e+00,8.351781520776137280e-02,-4.474926263012246608e-02,-3.575060998239109559e-03,1.224926826871284603e-02,-3.304300963582791628e-02,0.000000000000000000e+00
1.885000000000000009e+00,8.329372074960553207e-02,-4.488799798705737226e-02,-3.513990153433555613e-03,1.217902287981731564e-02,-3.243254894234526980e-02,0.000000000000000000e+00
1.890000000000000124e+00,8.306894043471904632e-02,-4.502360924514765134e-02,-3.453271226645125789e-03,1.210850315314966792e-02,-3.182629469648114856e-02,0.000000000000000000e+00
1.895000000000000018e+00,8.284348982477451884e-02,-4.515611992887553355e-02,-3.392905558345189407e-03,1.203772154547530504e-02,-3.122424740968492846e-02,0.000000000000000000e+00
1.900000000000000133e+00,8.261738436388650630e-02,-4.528555353660200511e-02,-3.332894427173458806e-03,1.196669033295106460e-02,-3.062640710948569961e-02,0.000000000000000000e+00
1.905000000000000027e+00,8.239063937874772925e-02,-4.541193353833512802e-02,-3.273239050837140757e-03,1.189542161268130477e-02,-3.003277334809666133e-02,0.000000000000000000e+00
1.910000000000000142e+00,8.216327007877630151e-02,-4.553528337354197791e-02,-3.213940587002311975e-03,1.182392730427339438e-02,-2.944334521092045742e-02,0.000000000000000000e+00
1.915000000000000036e+00,8.193529155627385374e-02,-4.565562644900362371e-02,-3.155000134177514837e-03,1.175221915139227150e-02,-2.885812132495661070e-02,0.000000000000000000e+00
1.919999999999999929e+00,8.170671878659420406e-02,-4.577298613671263589e-02,-3.096418732589587171e-03,1.168030872331377382e-02,-2.827709986711188228e-02,0.000000000000000000e+00
1.925000000000000044e+00,8.147756662832247865e-02,-4.588738577181260270e-02,-3.038197365051726988e-03,1.160820741647643553e-02,-2.770027857241378483e-02,0.000000000000000000e+00
1.929999999999999938e+00,8.124784982346441864e-02,-4.599884865057909250e-02,-2.980336957823803007e-03,1.153592645603146276e-02,-2.712765474212840144e-02,0.000000000000000000e+00
1.935000000000000053e+00,8.101758299764570681e-02,-4.610739802844159019e-02,-2.922838381464921368e-03,1.146347689739059608e-02,-2.655922525178302379e-02,0.000000000000000000e+00
1.939999999999999947e+00,8.078678066032102256e-02,-4.621305711804581107e-02,-2.865702451678258083e-03,1.139086962777158957e-02,-2.599498655909435185e-02,0.000000000000000000e+00
1.945000000000000062e+00,8.055545720499272810e-02,-4.631584908735597583e-02,-2.808929930148170231e-03,1.131811536774104086e-02,-2.543493471180282434e-02,0.000000000000000000e+00
1.949999999999999956e+00,8.032362690943897765e-02,-4.641579705779645681e-02,-2.752521525369601083e-03,1.124522467275429830e-02,-2.487906535541425934e-02,0.000000000000000000e+00
1.955000000000000071e+00,8.009130393595093045e-02,-4.651292410243234449e-02,-2.696477893469793018e-03,1.117220793469221596e-02,-2.432737374084879139e-02,0.000000000000000000e+00
1.959999999999999964e+00,7.985850233157903988e-02,-4.660725324418839299e-02,-2.640799639022325170e-03,1.109907538339448621e-02,-2.377985473199842326e-02,0.000000000000000000e+00
1.965000000000000080e+00,7.962523602838812720e-02,-4.669880745410587980e-02,-2.585487315853493562e-03,1.102583708818932230e-02,-2.323650281319382394e-02,0.000000000000000000e+00
1.969999999999999973e+00,7.939151884372107337e-02,-4.678760964963688679e-02,-2.530541427841051950e-03,1.095250295941927257e-02,-2.269731209658060189e-02,0.000000000000000000e+00
1.975000000000000089e+00,7.915736448047096252e-02,-4.687368269297550322e-02,-2.475962429705334637e-03,1.087908274996291641e-02,-2.216227632940644815e-02,0.000000000000000000e+00
1.979999999999999982e+00,7.892278652736145483e-02,-4.695704938942545092e-02,-2.421750727792780760e-03,1.080558605675224423e-02,-2.163138890121939911e-02,0.000000000000000000e+00
1.985000000000000098e+00,7.868779845923526417e-02,-4.703773248580370853e-02,-2.367906680851883470e-03,1.073202232228550809e-02,-2.110464285097808645e-02,0.000000000000000000e+00
1.989999999999999991e+00,7.845241363735047657e-02,-4.711575466887962110e-02,-2.314430600801585698e-03,1.065840083613532781e-02,-2.058203087407464715e-02,0.000000000000000000e+00
1.995000000000000107e+00,7.821664530968465423e-02,-4.719113856384901662e-02,-2.261322753492148521e-03,1.058473073645187050e-02,-2.006354532927109163e-02,0.000000000000000000e+00
2.000000000000000000e+00,7.798050661124641958e-02,-4.726390673284290578e-02,-2.208583359458516845e-03,1.051102101146090748e-02,-1.954917824554967126e-02,0.000000000000000000e+00
2.004999999999999893e+00,7.774401056439443625e-02,-4.733408167347027268e-02,-2.156212594666206701e-03,1.043728050095655072e-02,-1.903892132887825134e-02,0.000000000000000000e+00
2.010000000000000231e+00,7.750717007916362034e-02,-4.740168581739451215e-02,-2.104210591249742329e-03,1.036351789778850764e-02,-1.853276596889098793e-02,0.000000000000000000e+00
2.015000000000000124e+00,7.726999795359833223e-02,-4.746674152894305582e-02,-2.052577438243673429e-03,1.028974174934367547e-02,-1.803070324548537023e-02,0.000000000000000000e+00
2.020000000000000018e+00,7.703250687409246567e-02,-4.752927110374975672e-02,-2.001313182306195971e-03,1.021596045902190171e-02,-1.753272393533622520e-02,0.000000000000000000e+00
2.024999999999999911e+00,7.679470941573623977e-02,-4.758929676742956749e-02,-1.950417828435411279e-03,1.014218228770575637e-02,-1.703881851832729499e-02,0.000000000000000000e+00
2.030000000000000249e+00,7.655661804266955528e-02,-4.764684067428508890e-02,-1.899891340678250273e-03,1.006841535522415634e-02,-1.654897718390118538e-02,0.000000000000000000e+00
2.035000000000000142e+00,7.631824510844172071e-02,-4.770192490604453772e-02,-1.849733642832096254e-03,9.994667641809694414e-03,-1.606318983732837880e-02,0.000000000000000000e+00
2.040000000000000036e+00,7.607960285637739573e-02,-4.775457147063075225e-02,-1.799944619139136164e-03,9.920946989549518646e-03,-1.558144610589612400e-02,0.000000000000000000e+00
2.044999999999999929e+00,7.584070341994866848e-02,-4.780480230096071509e-02,-1.750524114973474364e-03,9.847261103829638845e-03,-1.510373534501751464e-02,0.000000000000000000e+00
2.049999999999999822e+00,7.560155882315298947e-02,-4.785263925377528788e-02,-1.701471937521041675e-03,9.773617554772510985e-03,-1.463004664426199863e-02,0.000000000000000000e+00
2.055000000000000160e+00,7.536218098089692008e-02,-4.789810410849863753e-02,-1.652787856452333712e-03,9.700023778667769478e-03,-1.416036883330758916e-02,0.000000000000000000e+00
2.060000000000000053e+00,7.512258169938552943e-02,-4.794121856612700711e-02,-1.604471604588011708e-03,9.626487079395991062e-03,-1.369469048781564446e-02,0.000000000000000000e+00
2.064999999999999947e+00,7.488277267651721747e-02,-4.798200424814641485e-02,-1.556522878557404415e-03,9.553014629845368866e-03,-1.323299993522898677e-02,0.000000000000000000e+00
2.069999999999999840e+00,7.464276550228395035e-02,-4.802048269547881665e-02,-1.508941339449942085e-03,9.479613473321171768e-03,-1.277528526049374891e-02,0.000000000000000000e+00
2.075000000000000178e+00,7.440257165917661675e-02,-4.805667536745641955e-02,-1.461726613459563744e-03,9.406290524947881482e-03,-1.232153431170607272e-02,0.000000000000000000e+00
2.080000000000000071e+00,7.416220252259553281e-02,-4.809060364082367450e-02,-1.414878292522130489e-03,9.333052573063917168e-03,-1.187173470568392286e-02,0.000000000000000000e+00
2.084999999999999964e+00,7.392166936126574883e-02,-4.812228880876661535e-02,-1.368395934945884932e-03,9.259906280608814003e-03,-1.142587383346503616e-02,0.000000000000000000e+00
2.089999999999999858e+00,7.368098333765729646e-02,-4.815175207996909984e-02,-1.322279066034993652e-03,9.186858186502788043e-03,-1.098393886573137412e-02,0.000000000000000000e+00
2.095000000000000195e+00,7.344015550840993223e-02,-4.817901457769559886e-02,-1.276527178706210811e-03,9.113914707018576367e-03,-1.054591675816110574e-02,0.000000000000000000e+00
2.100000000000000089e+00,7.319919682476250244e-02,-4.820409733890017312e-02,-1.231139734098701984e-03,9.041082137145465755e-03,-1.011179425670846038e-02,0.000000000000000000e+00
2.104999999999999982e+00,7.295811813298666570e-02,-4.822702131336117914e-02,-1.186116162177068296e-03,8.968366651945430118e-03,-9.681557902812380767e-03,0.000000000000000000e+00
2.109999999999999876e+00,7.271693017482490362e-02,-4.824780736284145499e-02,-1.141455862327608612e-03,8.895774307901288189e-03,-9.255194038534447776e-03,0.000000000000000000e+00
2.115000000000000213e+00,7.247564358793261163e-02,-4.826647626027349286e-02,-1.097158203947862492e-03,8.823311044256805166e-03,-8.832688811626944470e-03,0.000000000000000000e+00
2.120000000000000107e+00,7.223426890632422825e-02,-4.828304868896930030e-02,-1.053222527029471205e-03,8.750982684348672380e-03,-8.414028180531496481e-03,0.000000000000000000e+00
2.125000000000000000e+00,7.199281656082331948e-02,-4.829754524185461695e-02,-1.009648142734400830e-03,8.678794936930276510e-03,-7.999197919309170013e-03,0.000000000000000000e+00
2.129999999999999893e+00,7.175129687951632695e-02,-4.830998642072700799e-02,-9.664343339645664610e-04,8.606753397487213256e-03,-7.588183622502478465e-03,0.000000000000000000e+00
2.135000000000000231e+00,7.150972008821002146e-02,-4.832039263553765396e-02,-9.235803559248995966e-04,8.534863549544463926e-03,-7.180970709930324658e-03,0.000000000000000000e+00
2.140000000000000124e+00,7.126809631089248143e-02,-4.832878420369629557e-02,-8.810854366799007742e-04,8.463130765965186375e-03,-6.777544431415781501e-03,0.000000000000000000e+00
2.145000000000000018e+00,7.102643557019749920e-02,-4.833518134939917416e-02,-8.389487777037192996e-04,8.391560310241056100e-03,-6.377889871448404191e-03,0.000000000000000000e+00
2.149999999999999911e+00,7.078474778787227639e-02,-4.833960420297946786e-02,-7.971695544238026820e-04,8.320157337774114134e-03,-5.981991953780720073e-03,0.000000000000000000e+00
2.155000000000000249e+00,7.054304278524833882e-02,-4.834207280027998099e-02,-7.557469167581576256e-04,8.248926897150059279e-03,-5.589835445960228411e-03,0.000000000000000000e+00
2.160000000000000142e+00,7.030133028371544912e-02,-4.834260708204771162e-02,-7.146799896462665939e-04,8.177873931402941318e-03,-5.201404963797298664e-03,0.000000000000000000e+00
2.165000000000000036e+00,7.005961990519864180e-02,-4.834122689334997836e-02,-6.739678735737025589e-04,8.107003279271223981e-03,-4.816684975769355836e-03,0.000000000000000000e+00
2.169999999999999929e+00,6.981792117263795061e-02,-4.833795198301177320e-02,-6.336096450904844324e-04,8.036319676445149995e-03,-4.435659807362629659e-03,0.000000000000000000e+00
2.175000000000000266e+00,6.957624351047105027e-02,-4.833280200307400742e-02,-5.936043573232181779e-04,7.965827756805404780e-03,-4.058313645351321886e-03,0.000000000000000000e+00
2.180000000000000160e+00,6.933459624511843777e-02,-4.832579650827236589e-02,-5.539510404810662082e-04,7.895532053653004159e-03,-3.684630542015534388e-03,0.000000000000000000e+00
2.185000000000000053e+00,6.909298860547126442e-02,-4.831695495553637448e-02,-5.146487023555889814e-04,7.825437000930413056e-03,-3.314594419297964972e-03,0.000000000000000000e+00
2.189999999999999947e+00,6.885142972338154088e-02,-4.830629670350846533e-02,-4.756963288145037898e-04,7.755546934433830107e-03,-2.948189072900432584e-03,0.000000000000000000e+00
2.194999999999999840e+00,6.860992863415475707e-02,-4.829384101208264446e-02,-4.370928842894034570e-04,7.685866093016635592e-03,-2.585398176320672509e-03,0.000000000000000000e+00
2.200000000000000178e+00,6.836849427704472237e-02,-4.827960704196251895e-02,-3.988373122574803741e-04,7.616398619783968857e-03,-2.226205284829980979e-03,0.000000000000000000e+00
2.205000000000000071e+00,6.812713549575059868e-02,-4.826361385423832973e-02,-3.609285357172998913e-04,7.547148563278407475e-03,-1.870593839392423879e-03,0.000000000000000000e+00
2.209999999999999964e+00,6.788586103891597334e-02,-4.824588040998270544e-02,-3.233654576586673566e-04,7.478119878656740334e-03,-1.518547170526043238e-03,0.000000000000000000e+00
2.214999999999999858e+00,6.764467956062990284e-02,-4.822642556986486001e-02,-2.861469615266337935e-04,7.409316428857806898e-03,-1.170048502106894178e-03,0.000000000000000000e+00
2.220000000000000195e+00,6.740359962092989932e-02,-4.820526809378293531e-02,-2.492719116796847270e-04,7.340741985761390503e-03,-8.250809551163772182e-04,0.000000000000000000e+00
2.225000000000000089e+00,6.716262968630663799e-02,-4.818242664051414909e-02,-2.127391538421567437e-04,7.272400231338159611e-03,-4.836275513323690101e-04,0.000000000000000000e+00
2.229999999999999982e+00,6.692177813021041310e-02,-4.815791976738253294e-02,-1.765475155509270519e-04,7.204294758790632733e-03,-1.456712169649529431e-04,0.000000000000000000e+00
2.234999999999999876e+00,6.668105323355917602e-02,-4.813176592994393432e-02,-1.406958065964204134e-04,7.136429073685171369e-03,1.888052137628479232e-04,0.000000000000000000e+00
2.240000000000000213e+00,6.644046318524814143e-02,-4.810398348168801880e-02,-1.051828194579787381e-04,7.068806595074987077e-03,5.198189950885723221e-04,0.000000000000000000e+00
2.245000000000000107e+00,6.620001608266085080e-02,-4.807459067375696032e-02,-7.000732973363798595e-05,7.001430656614159205e-03,8.473874662377547939e-04,0.000000000000000000e+00
2.250000000000000000e+00,6.595971993218154028e-02,-4.804360565468059757e-02,-3.516809656435752949e-05,6.934304507662665887e-03,1.171528048004379791e-03,0.000000000000000000e+00
2.254999999999999893e+00,6.571958264970886865e-02,-4.801104647012775090e-02,-6.638630527468466548e-07,6.867431314382420500e-03,1.492258239384088719e-03,0.000000000000000000e+00
2.260000000000000231e+00,6.547961206117076938e-02,-4.797693106267345714e-02,3.350664332366556637e-05,6.800814160824316182e-03,1.809595614259293384e-03,0.000000000000000000e+00
2.265000000000000124e+00,6.523981590304049616e-02,-4.794127727158180308e-02,6.734471030457593761e-05,6.734456050006289683e-03,2.123557818135900915e-03,0.000000000000000000e+00
2.270000000000000018e+00,6.500020182285369541e-02,-4.790410283260417013e-02,1.008516404444169282e-04,6.668359904982397619e-03,2.434162564930904271e-03,0.000000000000000000e+00
2.274999999999999911e+00,6.476077737972642245e-02,-4.786542537779258505e-02,1.340287507151921977e-04,6.602528569902920731e-03,2.741427633810380321e-03,0.000000000000000000e+00
2.280000000000000249e+00,6.452155004487408752e-02,-4.782526243532790600e-02,1.668773721145890693e-04,6.536964811065499627e-03,3.045370866077264094e-03,0.000000000000000000e+00
2.285000000000000142e+00,6.428252720213119276e-02,-4.778363142936266350e-02,1.993988492793245912e-04,6.471671317957315012e-03,3.346010162108458558e-03,0.000000000000000000e+00
2.290000000000000036e+00,6.404371614847184646e-02,-4.774054967987822334e-02,2.315945401036799390e-04,6.406650704288318482e-03,3.643363478340537476e-03,0.000000000000000000e+00
2.294999999999999929e+00,6.380512409453097111e-02,-4.769603440255607008e-02,2.634658153631788289e-04,6.341905509015537297e-03,3.937448824303850514e-03,0.000000000000000000e+00
2.300000000000000266e+00,6.356675816512605270e-02,-4.765010270866296832e-02,2.950140583433650968e-04,6.277438197358454867e-03,4.228284259704052223e-03,0.000000000000000000e+00
2.305000000000000160e+00,6.332862539977951455e-02,-4.760277160494972432e-02,3.262406644736346915e-04,6.213251161805495582e-03,4.515887891551002842e-03,0.000000000000000000e+00
2.310000000000000053e+00,6.309073275324147967e-02,-4.755405799356338115e-02,3.571470409660783361e-04,6.149346723111619173e-03,4.800277871333930718e-03,0.000000000000000000e+00
2.314999999999999947e+00,6.285308709601301891e-02,-4.750397867197251461e-02,3.877346064592894557e-04,6.085727131287053254e-03,5.081472392243067959e-03,0.000000000000000000e+00
2.319999999999999840e+00,6.261569521486967660e-02,-4.745255033290549096e-02,4.180047906670942203e-04,6.022394566577181363e-03,5.359489686436430533e-03,0.000000000000000000e+00
2.325000000000000178e+00,6.237856381338530848e-02,-4.739978956430140195e-02,4.479590340321583830e-04,5.959351140433602999e-03,5.634348022351905877e-03,0.000000000000000000e+00
2.330000000000000071e+00,6.214169951245614165e-02,-4.734571284927346912e-02,4.775987873844277629e-04,5.896598896476396012e-03,5.906065702063825751e-03,0.000000000000000000e+00
2.334999999999999964e+00,6.190510885082494558e-02,-4.729033656608467445e-02,5.069255116043580285e-04,5.834139811447600424e-03,6.174661058683385967e-03,0.000000000000000000e+00
2.339999999999999858e+00,6.166879828560533489e-02,-4.723367698813543680e-02,5.359406772908900879e-04,5.771975796155948829e-03,6.440152453802781146e-03,0.000000000000000000e+00
2.345000000000000195e+00,6.143277419280607221e-02,-4.717575028396307074e-02,5.646457644341267967e-04,5.710108696412872879e-03,6.702558274982169800e-03,0.000000000000000000e+00
2.350000000000000089e+00,6.119704286785537795e-02,-4.711657251725283324e-02,5.930422620926689703e-04,5.648540293959809257e-03,6.961896933279301466e-03,0.000000000000000000e+00
2.354999999999999982e+00,6.096161052612512898e-02,-4.705615964686035713e-02,6.211316680755648396e-04,5.587272307386837236e-03,7.218186860821042619e-03,0.000000000000000000e+00
2.359999999999999876e+00,6.072648330345493256e-02,-4.699452752684523532e-02,6.489154886288326166e-04,5.526306393042672988e-03,7.471446508416496046e-03,0.000000000000000000e+00
2.365000000000000213e+00,6.049166725667599193e-02,-4.693169190651556161e-02,6.763952381265101463e-04,5.465644145936055312e-03,7.721694343211125619e-03,0.000000000000000000e+00
2.370000000000000107e+00,6.025716836413474303e-02,-4.686766843048321973e-02,7.035724387661909879e-04,5.405287100628550570e-03,7.968948846381461448e-03,0.000000000000000000e+00
2.375000000000000000e+00,6.002299252621616510e-02,-4.680247263872973351e-02,7.304486202690023628e-04,5.345236732118814095e-03,8.213228510869923990e-03,0.000000000000000000e+00
2.379999999999999893e+00,5.978914556586675116e-02,-4.673611996668242813e-02,7.570253195839838798e-04,5.285494456718334115e-03,8.454551839159166887e-03,0.000000000000000000e+00
2.385000000000000231e+00,5.955563322911706231e-02,-4.666862574530079161e-02,7.833040805968232356e-04,5.226061632918698949e-03,8.692937341085667929e-03,0.000000000000000000e+00
2.390000000000000124e+00,5.932246118560383086e-02,-4.660000520117274503e-02,8.092864538429072555e-04,5.166939562250422169e-03,8.928403531691945366e-03,0.000000000000000000e+00
2.395000000000000018e+00,5.908963502909156396e-02,-4.653027345662070352e-02,8.349739962246461016e-04,5.108129490133351755e-03,9.160968929116941606e-03,0.000000000000000000e+00
2.399999999999999911e+00,5.885716027799358513e-02,-4.645944552981719211e-02,8.603682707330284705e-04,5.049632606718717012e-03,9.390652052524286336e-03,0.000000000000000000e+00
2.405000000000000249e+00,5.862504237589245826e-02,-4.638753633490985684e-02,8.854708461733662569e-04,4.991450047722831469e-03,9.617471420067764259e-03,0.000000000000000000e+00
2.410000000000000142e+00,5.839328669205980787e-02,-4.631456068215566990e-02,9.102832968951870499e-04,4.933582895252508135e-03,9.841445546893649171e-03,0.000000000000000000e+00
2.415000000000000036e+00,5.816189852197539700e-02,-4.624053327806414149e-02,9.348072025262328276e-04,4.876032178622211402e-03,1.006259294317948111e-02,0.000000000000000000e+00
2.419999999999999929e+00,5.793088308784549723e-02,-4.616546872554937175e-02,9.590441477105239761e-04,4.818798875162989825e-03,1.028093211220882167e-02,0.000000000000000000e+00
2.425000000000000266e+00,5.770024553912046078e-02,-4.608938152409078337e-02,9.829957218504474341e-04,4.761883911023235758e-03,1.049648154848144277e-02,0.000000000000000000e+00
2.430000000000000160e+00,5.746999095301148081e-02,-4.601228606990228481e-02,1.006663518852828846e-03,4.705288161961304789e-03,1.070925973585874769e-02,0.000000000000000000e+00
2.435000000000000053e+00,5.724012433500647729e-02,-4.593419665610979502e-02,1.030049136878946007e-03,4.649012454130037504e-03,1.091928514574369916e-02,0.000000000000000000e+00
2.439999999999999947e+00,5.701065061938507400e-02,-4.585512747293686575e-02,1.053154178098446954e-03,4.593057564853232112e-03,1.112657623529514708e-02,0.000000000000000000e+00
2.444999999999999840e+00,5.678157466973263179e-02,-4.577509260789828366e-02,1.075980248447128574e-03,4.537424223394097463e-03,1.133115144567581681e-02,0.000000000000000000e+00
2.450000000000000178e+00,5.655290127945329648e-02,-4.569410604600147863e-02,1.098528957388538330e-03,4.482113111715746272e-03,1.153302920033380183e-02,0.000000000000000000e+00
2.455000000000000071e+00,5.632463517228200600e-02,-4.561218166995555101e-02,1.120801917679358547e-03,4.427124865233755466e-03,1.173222790331694340e-02,0.000000000000000000e+00
2.459999999999999964e+00,5.609678100279544971e-02,-4.552933326038778594e-02,1.142800745138533363e-03,4.372460073560852610e-03,1.192876593761986459e-02,0.000000000000000000e+00
2.464999999999999858e+00,5.586934335692191750e-02,-4.544557449606748817e-02,1.164527058420100625e-03,4.318119281243758788e-03,1.212266166356308975e-02,0.000000000000000000e+00
2.470000000000000195e+00,5.564232675245002480e-02,-4.536091895413694314e-02,1.185982478789686856e-03,4.264102988492243437e-03,1.231393341720391985e-02,0.000000000000000000e+00
2.475000000000000089e+00,5.541573563953624409e-02,-4.527538011034938636e-02,1.207168629904629541e-03,4.210411651900431047e-03,1.250259950877872020e-02,0.000000000000000000e+00
2.479999999999999982e+00,5.518957440121124991e-02,-4.518897133931384924e-02,1.228087137597685952e-03,4.157045685160410016e-03,1.268867822117608971e-02,0.000000000000000000e+00
2.484999999999999876e+00,5.496384735388500087e-02,-4.510170591474664537e-02,1.248739629664290989e-03,4.104005459768182706e-03,1.287218780844062022e-02,0.000000000000000000e+00
2.490000000000000213e+00,5.473855874785057279e-02,-4.501359700972943495e-02,1.269127735653325685e-03,4.051291305722008740e-03,1.305314649430682275e-02,0.000000000000000000e+00
2.495000000000000107e+00,5.451371276778668035e-02,-4.492465769697367300e-02,1.289253086661359049e-03,3.998903512213189231e-03,1.323157247076286146e-02,0.000000000000000000e+00
2.500000000000000000e+00,5.428931353325883169e-02,-4.483490094909130252e-02,1.309117315130323795e-03,3.946842328309332730e-03,1.340748389664360961e-02,0.000000000000000000e+00
2.504999999999999893e+00,5.406536509921915090e-02,-4.474433963887157473e-02,1.328722054648591487e-03,3.895107963630157089e-03,1.358089889625284374e-02,0.000000000000000000e+00
2.510000000000000231e+00,5.384187145650479178e-02,-4.465298653956378816e-02,1.348068939755405881e-03,3.843700589015870608e-03,1.375183555801394800e-02,0.000000000000000000e+00
2.515000000000000124e+00,5.361883653233490143e-02,-4.456085432516591199e-02,1.367159605748642171e-03,3.792620337188182776e-03,1.392031193314901757e-02,0.000000000000000000e+00
2.520000000000000018e+00,5.339626419080616138e-02,-4.446795557071882982e-02,1.385995688495850935e-03,3.741867303403992318e-03,1.408634603438578721e-02,0.000000000000000000e+00
2.524999999999999911e+00,5.317415823338680902e-02,-4.437430275260618312e-02,1.404578824248553601e-03,3.691441546101798931e-03,1.424995583469211742e-02,0.000000000000000000e+00
2.530000000000000249e+00,5.295252239940918121e-02,-4.427990824885961324e-02,1.422910649459751056e-03,3.641343087540892514e-03,1.441115926603767430e-02,0.000000000000000000e+00
2.535000000000000142e+00,5.273136036656068948e-02,-4.418478433946927686e-02,1.440992800604610916e-03,3.591571914433361497e-03,1.456997421818240039e-02,0.000000000000000000e+00
2.540000000000000036e+00,5.251067575137323418e-02,-4.408894320669953099e-02,1.458826914004296383e-03,3.542127978568977535e-03,1.472641853749149035e-02,0.000000000000000000e+00
2.544999999999999929e+00,5.229047210971105031e-02,-4.399239693540963475e-02,1.476414625652902428e-03,3.493011197432997327e-03,1.488051002577642570e-02,0.000000000000000000e+00
2.550000000000000266e+00,5.207075293725690890e-02,-4.389515751337934313e-02,1.493757571047462859e-03,3.444221454816940101e-03,1.503226643916184824e-02,0.000000000000000000e+00
2.555000000000000160e+00,5.185152166999669465e-02,-4.379723683163928849e-02,1.510857385020994252e-03,3.395758601422381538e-03,1.518170548697776734e-02,0.000000000000000000e+00
2.560000000000000053e+00,5.163278168470230439e-02,-4.369864668480598346e-02,1.527715701578540941e-03,3.347622455457820514e-03,1.532884483067691733e-02,0.000000000000000000e+00
2.564999999999999947e+00,5.141453629941290099e-02,-4.359939877142140346e-02,1.544334153736187697e-03,3.299812803228664194e-03,1.547370208277683463e-02,0.000000000000000000e+00
2.569999999999999840e+00,5.119678877391439092e-02,-4.349950469429690603e-02,1.560714373363004731e-03,3.252329399720384814e-03,1.561629480582633726e-02,0.000000000000000000e+00
2.575000000000000178e+00,5.097954231021722959e-02,-4.339897596086151471e-02,1.576857991025892294e-03,3.205171969174895868e-03,1.575664051139608057e-02,0.000000000000000000e+00
2.580000000000000071e+00,5.076280005303245718e-02,-4.329782398351431777e-02,1.592766635837289304e-03,3.158340205660197571e-03,1.589475665909288737e-02,0.000000000000000000e+00
2.584999999999999964e+00,5.054656509024594430e-02,-4.319606007998096076e-02,1.608441935305713905e-03,3.111833773633343632e-03,1.603066065559746040e-02,0.000000000000000000e+00
2.589999999999999858e+00,5.033084045339086821e-02,-4.309369547367407349e-02,1.623885515189102792e-03,3.065652308496778777e-03,1.616436985372524809e-02,0.000000000000000000e+00
2.595000000000000195e+00,5.011562911811836413e-02,-4.299074129405754813e-02,1.639098999350915246e-03,3.019795417148096479e-03,1.629590155151004055e-02,0.000000000000000000e+00
2.600000000000000089e+00,4.990093400466636547e-02,-4.288720857701451561e-02,1.654084009618969143e-03,2.974262678523268907e-03,1.642527299131011156e-02,0.000000000000000000e+00
2.604999999999999982e+00,4.968675797832655672e-02,-4.278310826521895122e-02,1.668842165646977713e-03,2.929053644133397701e-03,1.655250135893642643e-02,0.000000000000000000e+00
2.609999999999999876e+00,4.947310384990949439e-02,-4.267845120851081198e-02,1.683375084778753871e-03,2.884167838595035407e-03,1.667760378280280092e-02,0.000000000000000000e+00
2.615000000000000213e+00,4.925997437620784764e-02,-4.257324816427454639e-02,1.697684381915049801e-03,2.839604760154133128e-03,1.680059733309752917e-02,0.000000000000000000e+00
2.620000000000000107e+00,4.904737226045768894e-02,-4.246750979782094870e-02,1.711771669383000370e-03,2.795363881203656413e-03,1.692149902097629666e-02,0.000000000000000000e+00
2.625000000000000000e+00,4.883530015279792524e-02,-4.236124668277216343e-02,1.725638556808139785e-03,2.751444648794927096e-03,1.704032579777603473e-02,0.000000000000000000e+00
2.629999999999999893e+00,4.862376065072777226e-02,-4.225446930144984015e-02,1.739286650988958096e-03,2.707846485142736178e-03,1.715709455424937330e-02,0.000000000000000000e+00
2.635000000000000231e+00,4.841275629956226512e-02,-4.214718804526625812e-02,1.752717555773968721e-03,2.664568788124283254e-03,1.727182211981958052e-02,0.000000000000000000e+00
2.640000000000000124e+00,4.820228959288583998e-02,-4.203941321511837914e-02,1.765932871941255098e-03,2.621610931771986303e-03,1.738452526185541025e-02,0.000000000000000000e+00
2.645000000000000018e+00,4.799236297300390336e-02,-4.193115502178468290e-02,1.778934197080466123e-03,2.578972266760218637e-03,1.749522068496584329e-02,0.000000000000000000e+00
2.649999999999999911e+00,4.778297883139243779e-02,-4.182242358632476398e-02,1.791723125477230226e-03,2.536652120886017259e-03,1.760392503031427136e-02,0.000000000000000000e+00
2.655000000000000249e+00,4.757413950914558820e-02,-4.171322894048148239e-02,1.804301247999957935e-03,2.494649799543817263e-03,1.771065487495196433e-02,0.000000000000000000e+00
2.660000000000000142e+00,4.736584729742122912e-02,-4.160358102708572314e-02,1.816670151989003244e-03,2.452964586194259118e-03,1.781542673117032793e-02,0.000000000000000000e+00
2.665000000000000036e+00,4.715810443788451267e-02,-4.149348970046352891e-02,1.828831421148154491e-03,2.411595742827120879e-03,1.791825704587203527e-02,0.000000000000000000e+00
2.669999999999999929e+00,4.695091312314937648e-02,-4.138296472684564048e-02,1.840786635438425257e-03,2.370542510418422594e-03,1.801916219996035906e-02,0.000000000000000000e+00
2.675000000000000266e+00,4.674427549721798386e-02,-4.127201578477925764e-02,1.852537370974116464e-03,2.329804109381755813e-03,1.811815850774675662e-02,0.000000000000000000e+00
2.680000000000000160e+00,4.653819365591811003e-02,-4.116065246554200668e-02,1.864085199921120374e-03,2.289379740013885479e-03,1.821526221637629131e-02,0.000000000000000000e+00
2.685000000000000053e+00,4.633266964733843973e-02,-4.104888427355800340e-02,1.875431690397438541e-03,2.249268582934673636e-03,1.831048950527052604e-02,0.000000000000000000e+00
2.689999999999999947e+00,4.612770547226181794e-02,-4.093672062681590063e-02,1.886578406375885933e-03,2.209469799521375684e-03,1.840385648558798271e-02,0.000000000000000000e+00
2.694999999999999840e+00,4.592330308459634247e-02,-4.082417085728890643e-02,1.897526907588951116e-03,2.169982532337355607e-03,1.849537919970140748e-02,0.000000000000000000e+00
2.700000000000000178e+00,4.571946439180441663e-02,-4.071124421135661337e-02,1.908278749435787531e-03,2.130805905555275236e-03,1.858507362069211633e-02,0.000000000000000000e+00
2.705000000000000071e+00,4.551619125532963689e-02,-4.059794985022862485e-02,1.918835482891307048e-03,2.091939025374797440e-03,1.867295565186073703e-02,0.000000000000000000e+00
2.709999999999999964e+00,4.531348549102160589e-02,-4.048429685036986081e-02,1.929198654417346726e-03,2.053380980434860083e-03,1.875904112625429582e-02,0.000000000000000000e+00
2.714999999999999858e+00,4.511134886955856654e-02,-4.037029420392747314e-02,1.939369805875885804e-03,2.015130842220566685e-03,1.884334580620950980e-02,0.000000000000000000e+00
2.720000000000000195e+00,4.490978311686791985e-02,-4.025595081915931545e-02,1.949350474444281906e-03,1.977187665464738044e-03,1.892588538291171268e-02,0.000000000000000000e+00
2.725000000000000089e+00,4.470878991454461937e-02,-4.014127552086386996e-02,1.959142192532502616e-03,1.939550488544181193e-03,1.900667547596952833e-02,0.000000000000000000e+00
2.729999999999999982e+00,4.450837090026737303e-02,-4.002627705081156922e-02,1.968746487702325524e-03,1.902218333870716671e-03,1.908573163300482031e-02,0.000000000000000000e+00
2.734999999999999876e+00,4.430852766821270078e-02,-3.991096406817742914e-02,1.978164882588479435e-03,1.865190208277016154e-03,1.916306932925779249e-02,0.000000000000000000e+00
2.740000000000000213e+00,4.410926176946683430e-02,-3.979534514997494499e-02,1.987398894821703309e-03,1.828465103397295538e-03,1.923870396720694237e-02,0.000000000000000000e+00
2.745000000000000107e+00,4.391057471243543092e-02,-3.967942879149116003e-02,1.996450036953693885e-03,1.792041996042914023e-03,1.931265087620368318e-02,0.000000000000000000e+00
2.750000000000000000e+00,4.371246796325113648e-02,-3.956322340672283056e-02,2.005319816383921167e-03,1.755919848572923183e-03,1.938492531212144057e-02,0.000000000000000000e+00
2.754999999999999893e+00,4.351494294617890696e-02,-3.944673732881368022e-02,2.014009735288281849e-03,1.720097609259616141e-03,1.945554245701883872e-02,0.000000000000000000e+00
2.760000000000000231e+00,4.331800104401921370e-02,-3.932997881049258432e-02,2.022521290549569861e-03,1.684574212649121933e-03,1.952451741881697234e-02,0.000000000000000000e+00
2.765000000000000124e+00,4.312164359850900047e-02,-3.921295602451268375e-02,2.030855973689736291e-03,1.649348579917092996e-03,1.959186523099037264e-02,0.000000000000000000e+00
2.770000000000000018e+00,4.292587191072046865e-02,-3.909567706409135951e-02,2.039015270803915675e-03,1.614419619219531303e-03,1.965760085227154924e-02,0.000000000000000000e+00
2.774999999999999911e+00,4.273068724145766273e-02,-3.897814994335097732e-02,2.047000662496195698e-03,1.579786226038800865e-03,1.972173916636881658e-02,0.000000000000000000e+00
2.780000000000000249e+00,4.253609081165081462e-02,-3.886038259776036785e-02,2.054813623817103828e-03,1.545447283524871039e-03,1.978429498169732847e-02,0.000000000000000000e+00
2.785000000000000142e+00,4.234208380274854383e-02,-3.874238288457695911e-02,2.062455624202788346e-03,1.511401662831837918e-03,1.984528303112285258e-02,0.000000000000000000e+00
2.790000000000000036e+00,4.214866735710778162e-02,-3.862415858328953344e-02,2.069928127415870782e-03,1.477648223449769130e-03,1.990471797171840598e-02,0.000000000000000000e+00
2.794999999999999929e+00,4.195584257838150949e-02,-3.850571739606150484e-02,2.077232591487945031e-03,1.444185813531917570e-03,1.996261438453324905e-02,0.000000000000000000e+00
2.800000000000000266e+00,4.176361053190428413e-02,-3.838706694817469595e-02,2.084370468663702784e-03,1.411013270217348955e-03,2.001898677437428595e-02,0.000000000000000000e+00
2.805000000000000160e+00,4.157197224507553496e-02,-3.826821478847355212e-02,2.091343205346659229e-03,1.378129419949028532e-03,2.007384956959945566e-02,0.000000000000000000e+00
2.810000000000000053e+00,4.138092870774062737e-02,-3.814916838980972336e-02,2.098152242046457793e-03,1.345533078787411376e-03,2.012721712192301615e-02,0.000000000000000000e+00
2.814999999999999947e+00,4.119048087256974022e-02,-3.802993514948696530e-02,2.104799013327733961e-03,1.313223052719582253e-03,2.017910370623261437e-02,0.000000000000000000e+00
2.819999999999999840e+00,4.100062965543445348e-02,-3.791052238970631788e-02,2.111284947760509994e-03,1.281198137963986908e-03,2.022952352041772900e-02,0.000000000000000000e+00
2.825000000000000178e+00,4.081137593578219175e-02,-3.779093735801147824e-02,2.117611467872105788e-03,1.249457121270800952e-03,2.027849068520952078e-02,0.000000000000000000e+00
2.830000000000000071e+00,4.062272055700836410e-02,-3.767118722773437484e-02,2.123779990100539000e-03,1.217998780217979284e-03,2.032601924403169141e-02,0.000000000000000000e+00
2.834999999999999964e+00,4.043466432682632505e-02,-3.755127909844079709e-02,2.129791924749395351e-03,1.186821883503029430e-03,2.037212316286244468e-02,0.000000000000000000e+00
2.839999999999999858e+00,4.024720801763508743e-02,-3.743121999637614994e-02,2.135648675944146983e-03,1.155925191230552799e-03,2.041681633010698424e-02,0.000000000000000000e+00
2.845000000000000195e+00,4.006035236688480772e-02,-3.731101687491115981e-02,2.141351641589898068e-03,1.125307455195596580e-03,2.046011255648075983e-02,0.000000000000000000e+00
2.850000000000000089e+00,3.987409807744004414e-02,-3.719067661498760835e-02,2.146902213330535974e-03,1.094967419162859229e-03,2.050202557490295174e-02,0.000000000000000000e+00
2.854999999999999982e+00,3.968844581794079424e-02,-3.707020602556392735e-02,2.152301776509270639e-03,1.064903819141791580e-03,2.054256904040027698e-02,0.000000000000000000e+00
2.859999999999999876e+00,3.950339622316129812e-02,-3.694961184406070354e-02,2.157551710130536145e-03,1.035115383657636339e-03,2.058175653002073530e-02,0.000000000000000000e+00
2.865000000000000213e+00,3.931894989436660048e-02,-3.682890073680599591e-02,2.162653386823239297e-03,1.005600834018448644e-03,2.061960154275727791e-02,0.000000000000000000e+00
2.870000000000000107e+00,3.913510739966691299e-02,-3.670807929948041726e-02,2.167608172805333099e-03,9.763588845781384726e-04,2.065611749948110393e-02,0.000000000000000000e+00
2.875000000000000000e+00,3.895186927436973534e-02,-3.658715405756199357e-02,2.172417427849695614e-03,9.473882429955762059e-04,2.069131774288453934e-02,0.000000000000000000e+00
2.879999999999999893e+00,3.876923602132975599e-02,-3.646613146677068346e-02,2.177082505251293817e-03,9.186876104898041712e-04,2.072521553743317257e-02,0.000000000000000000e+00
2.885000000000000231e+00,3.858720811129653927e-02,-3.634501791351257144e-02,2.181604751795614659e-03,8.902556820913939527e-04,2.075782406932724991e-02,0.000000000000000000e+00
2.890000000000000124e+00,3.840578598325997822e-02,-3.622381971532365880e-02,2.185985507728343841e-03,8.620911468899904563e-04,2.078915644647205685e-02,0.000000000000000000e+00
2.895000000000000018e+00,3.822497004479353394e-02,-3.610254312131322418e-02,2.190226106726271462e-03,8.341926882780828414e-04,2.081922569845715693e-02,0.000000000000000000e+00
2.899999999999999911e+00,3.804476067239526138e-02,-3.598119431260673323e-02,2.194327875869407640e-03,8.065589841910435209e-04,2.084804477654433885e-02,0.000000000000000000e+00
2.905000000000000249e+00,3.786515821182663555e-02,-3.585977940278823467e-02,2.198292135614289891e-03,7.791887073434744775e-04,2.087562655366406381e-02,0.000000000000000000e+00
2.910000000000000142e+00,3.768616297844913643e-02,-3.573830443834218051e-02,2.202120199768462308e-03,7.520805254619004681e-04,2.090198382442037470e-02,0.000000000000000000e+00
2.915000000000000036e+00,3.750777525755865510e-02,-3.561677539909471890e-02,2.205813375466109637e-03,7.252331015138488001e-04,2.092712930510394129e-02,0.000000000000000000e+00
2.919999999999999929e+00,3.732999530471767941e-02,-3.549519819865432080e-02,2.209372963144827159e-03,6.986450939333548179e-04,2.095107563371328280e-02,0.000000000000000000e+00
2.925000000000000266e+00,3.715282334608527998e-02,-3.537357868485176832e-02,2.212800256523509909e-03,6.723151568429319149e-04,2.097383536998383494e-02,0.000000000000000000e+00
2.930000000000000160e+00,3.697625957874490360e-02,-3.525192264017945609e-02,2.216096542581342567e-03,6.462419402720448848e-04,2.099542099542481971e-02,0.000000000000000000e+00
2.935000000000000053e+00,3.680030417102996693e-02,-3.513023578222995713e-02,2.219263101537872693e-03,6.204240903721239091e-04,2.101584491336380006e-02,0.000000000000000000e+00
2.939999999999999947e+00,3.662495726284725750e-02,-3.500852376413384620e-02,2.222301206834151679e-03,5.948602496281587540e-04,2.103511944899869382e-02,0.000000000000000000e+00
2.944999999999999840e+00,3.645021896599816291e-02,-3.488679217499671137e-02,2.225212125114924781e-03,5.695490570669102569e-04,2.105325684945708389e-02,0.000000000000000000e+00
2.950000000000000178e+00,3.627608936449769339e-02,-3.476504654033535369e-02,2.227997116211851997e-03,5.444891484617755311e-04,2.107026928386283166e-02,0.000000000000000000e+00
2.955000000000000071e+00,3.610256851489133945e-02,-3.464329232251313340e-02,2.230657433127748550e-03,5.196791565343466786e-04,2.108616884340970901e-02,0.000000000000000000e+00
2.959999999999999964e+00,3.592965644656974378e-02,-3.452153492117442796e-02,2.233194322021821079e-03,4.951177111526968398e-04,2.110096754144191733e-02,0.000000000000000000e+00
2.964999999999999858e+00,3.575735316208123599e-02,-3.439977967367814637e-02,2.235609022195890472e-03,4.708034395264329886e-04,2.111467731354156607e-02,0.000000000000000000e+00
2.970000000000000195e+00,3.558565863744215380e-02,-3.427803185553035537e-02,2.237902766081579196e-03,4.467349663985501688e-04,2.112731001762258032e-02,0.000000000000000000e+00
2.975000000000000089e+00,3.541457282244504096e-02,-3.415629668081586467e-02,2.240076779228451862e-03,4.229109142341238182e-04,2.113887743403137370e-02,0.000000000000000000e+00
2.979999999999999982e+00,3.524409564096467329e-02,-3.403457930262885484e-02,2.242132280293091667e-03,3.993299034058761738e-04,2.114939126565372474e-02,0.000000000000000000e+00
2.984999999999999876e+00,3.507422699126193366e-02,-3.391288481350245715e-02,2.244070481029094948e-03,3.759905523766522684e-04,2.115886313802812016e-02,0.000000000000000000e+00
2.990000000000000213e+00,3.490496674628555673e-02,-3.379121824583726508e-02,2.245892586277972117e-03,3.528914778788403740e-04,2.116730459946505535e-02,0.000000000000000000e+00
2.995000000000000107e+00,3.473631475397170182e-02,-3.366958457232878399e-02,2.247599793960936791e-03,3.300312950907726708e-04,2.117472712117248260e-02,0.000000000000000000e+00
3.000000000000000000e+00,3.456827083754143715e-02,-3.354798870639374292e-02,2.249193295071571803e-03,3.074086178101407283e-04,2.118114209738716780e-02,0.000000000000000000e+00
3.004999999999999893e+00,3.440083479579605918e-02,-3.342643550259528917e-02,2.250674273669352621e-03,2.850220586244595717e-04,2.118656084551173019e-02,0.000000000000000000e+00
3.010000000000000231e+00,3.423400640341028173e-02,-3.330492975706701719e-02,2.252043906874016000e-03,2.628702290786150272e-04,2.119099460625739270e-02,0.000000000000000000e+00
3.015000000000000124e+00,3.406778541122336412e-02,-3.318347620793579700e-02,2.253303364860760431e-03,2.409517398395289323e-04,2.119445454379233554e-02,0.000000000000000000e+00
3.020000000000000018e+00,3.390217154652805376e-02,-3.306207953574342301e-02,2.254453810856261921e-03,2.192652008579743590e-04,2.119695174589533021e-02,0.000000000000000000e+00
3.024999999999999911e+00,3.373716451335748850e-02,-3.294074436386701388e-02,2.255496401135491640e-03,1.978092215275756511e-04,2.119849722411482063e-02,0.000000000000000000e+00
3.030000000000000249e+00,3.357276399276994810e-02,-3.281947525893814249e-02,2.256432285019322435e-03,1.765824108410261005e-04,2.119910191393310078e-02,0.000000000000000000e+00
3.035000000000000142e+00,3.340896964313155859e-02,-3.269827673126073087e-02,2.257262604872907735e-03,1.555833775435549766e-04,2.119877667493563766e-02,0.000000000000000000e+00
3.040000000000000036e+00,3.324578110039686646e-02,-3.257715323522759887e-02,2.257988496104823724e-03,1.348107302836782750e-04,2.119753229098531380e-02,0.000000000000000000e+00
3.044999999999999929e+00,3.308319797838737281e-02,-3.245610916973572929e-02,2.258611087166956157e-03,1.142630777612639267e-04,2.119537947040159992e-02,0.000000000000000000e+00
3.050000000000000266e+00,3.292121986906796499e-02,-3.233514887860018672e-02,2.259131499555122255e-03,9.393902887294450460e-05,2.119232884614437318e-02,0.000000000000000000e+00
3.055000000000000160e+00,3.275984634282130131e-02,-3.221427665096667642e-02,2.259550847810412513e-03,7.383719285490856121e-05,2.118839097600251631e-02,0.000000000000000000e+00
3.060000000000000053e+00,3.259907694872014178e-02,-3.209349672172270851e-02,2.259870239521238975e-03,5.395617942310274148e-05,2.118357634278691948e-02,0.000000000000000000e+00
3.064999999999999947e+00,3.243891121479757639e-02,-3.197281327190739514e-02,2.260090775326080870e-03,3.429459891087520602e-05,2.117789535452806182e-02,0.000000000000000000e+00
3.070000000000000284e+00,3.227934864831528972e-02,-3.185223042911981134e-02,2.260213548916909822e-03,1.485106240409170104e-05,2.117135834467783612e-02,0.000000000000000000e+00
3.075000000000000178e+00,3.212038873602971606e-02,-3.173175226792593340e-02,2.260239647043284228e-03,-4.375818126245207987e-06,2.116397557231560270e-02,0.000000000000000000e+00
3.080000000000000071e+00,3.196203094445619619e-02,-3.161138281026412700e-02,2.260170149517102406e-03,-2.338742969384285955e-05,2.115575722235845182e-02,0.000000000000000000e+00
3.084999999999999964e+00,3.180427472013110796e-02,-3.149112602584916432e-02,2.260006129217998448e-03,-4.218515816940115049e-05,2.114671340577544204e-02,0.000000000000000000e+00
3.089999999999999858e+00,3.164711948987197071e-02,-3.137098583257474926e-02,2.259748652099372989e-03,-6.077038815530255299e-05,2.113685415980583876e-02,0.000000000000000000e+00
3.095000000000000195e+00,3.149056466103555829e-02,-3.125096609691456473e-02,2.259398777195041532e-03,-7.914450286267719827e-05,2.112618944818116934e-02,0.000000000000000000e+00
3.100000000000000089e+00,3.133460962177398584e-02,-3.113107063432179328e-02,2.258957556626493401e-03,-9.730888399081630844e-05,2.111472916135096953e-02,0.000000000000000000e+00
3.104999999999999982e+00,3.117925374128883639e-02,-3.101130320962710435e-02,2.258426035610748735e-03,-1.152649116089029342e-04,2.110248311671235680e-02,0.000000000000000000e+00
3.109999999999999876e+00,3.102449637008326128e-02,-3.089166753743511143e-02,2.257805252468798787e-03,-1.330139640400327479e-04,2.108946105884297942e-02,0.000000000000000000e+00
3.115000000000000213e+00,3.087033684021213073e-02,-3.077216728251925063e-02,2.257096238634621714e-03,-1.505574177474942865e-04,2.107567265973759110e-02,0.000000000000000000e+00
3.120000000000000107e+00,3.071677446553021038e-02,-3.065280606021510840e-02,2.256300018664761722e-03,-1.678966472232825704e-04,2.106112751904798755e-02,0.000000000000000000e+00
3.125000000000000000e+00,3.056380854193836011e-02,-3.053358743681214640e-02,2.255417610248459416e-03,-1.850330248788162671e-04,2.104583516432614529e-02,0.000000000000000000e+00
3.129999999999999893e+00,3.041143834762780052e-02,-3.041451492994384082e-02,2.254450024218323384e-03,-2.019679209378314464e-04,2.102980505127077793e-02,0.000000000000000000e+00
3.135000000000000231e+00,3.025966314332241211e-02,-3.029559200897620139e-02,2.253398264561531309e-03,-2.187027033314241148e-04,2.101304656397682061e-02,0.000000000000000000e+00
3.140000000000000124e+00,3.010848217251910555e-02,-3.017682209539467725e-02,2.252263328431552362e-03,-2.352387375952138832e-04,2.099556901518808902e-02,0.000000000000000000e+00
3.145000000000000018e+00,2.995789466172626633e-02,-3.005820856318941817e-02,2.251046206160376133e-03,-2.515773867686025038e-04,2.097738164655289436e-02,0.000000000000000000e+00
3.149999999999999911e+00,2.980789982070027044e-02,-2.993975473923890171e-02,2.249747881271242037e-03,-2.677200112960996265e-04,2.095849362888251369e-02,0.000000000000000000e+00
3.155000000000000249e+00,2.965849684268007450e-02,-2.982146390369188813e-02,2.248369330491856166e-03,-2.836679689306896763e-04,2.093891406241247394e-02,0.000000000000000000e+00
3.160000000000000142e+00,2.950968490461993582e-02,-2.970333929034772724e-02,2.246911523768085200e-03,-2.994226146392134206e-04,2.091865197706654564e-02,0.000000000000000000e+00
3.165000000000000036e+00,2.936146316742018966e-02,-2.958538408703496880e-02,2.245375424278121292e-03,-3.149853005097377474e-04,2.089771633272350521e-02,0.000000000000000000e+00
3.169999999999999929e+00,2.921383077615617024e-02,-2.946760143598829707e-02,2.243761988447101879e-03,-3.303573756608887166e-04,2.087611601948627382e-02,0.000000000000000000e+00
3.175000000000000266e+00,2.906678686030524789e-02,-2.934999443422377230e-02,2.242072165962180098e-03,-3.455401861531215923e-04,2.085385985795372432e-02,0.000000000000000000e+00
3.180000000000000160e+00,2.892033053397197531e-02,-2.923256613391234798e-02,2.240306899788033646e-03,-3.605350749019023242e-04,2.083095659949484035e-02,0.000000000000000000e+00
3.185000000000000053e+00,2.877446089611138819e-02,-2.911531954275170184e-02,2.238467126182802983e-03,-3.753433815927766245e-04,2.080741492652522090e-02,0.000000000000000000e+00
3.189999999999999947e+00,2.862917703075044951e-02,-2.899825762433631132e-02,2.236553774714448908e-03,-3.899664425982996441e-04,2.078324345278590585e-02,0.000000000000000000e+00
3.195000000000000284e+00,2.848447800720763437e-02,-2.888138329852582911e-02,2.234567768277521266e-03,-4.044055908968043479e-04,2.075845072362436997e-02,0.000000000000000000e+00
3.200000000000000178e+00,2.834036288031069675e-02,-2.876469944181169955e-02,2.232510023110330106e-03,-4.186621559929814824e-04,2.073304521627767488e-02,0.000000000000000000e+00
3.205000000000000071e+00,2.819683069061259401e-02,-2.864820888768202997e-02,2.230381448812507588e-03,-4.327374638402488576e-04,2.070703534015769925e-02,0.000000000000000000e+00
3.209999999999999964e+00,2.805388046460559337e-02,-2.853191442698472385e-02,2.228182948362956300e-03,-4.466328367648856549e-04,2.068042943713832918e-02,0.000000000000000000e+00
3.214999999999999858e+00,2.791151121493356396e-02,-2.841581880828883411e-02,2.225915418138169240e-03,-4.603495933919072593e-04,2.065323578184464354e-02,0.000000000000000000e+00
3.220000000000000195e+00,2.776972194060248894e-02,-2.829992473824417126e-02,2.223579747930918855e-03,-4.738890485726582813e-04,2.062546258194394855e-02,0.000000000000000000e+00
3.225000000000000089e+00,2.762851162718914233e-02,-2.818423488193912141e-02,2.221176820969303009e-03,-4.872525133140998064e-04,2.059711797843855746e-02,0.000000000000000000e+00
3.229999999999999982e+00,2.748787924704802765e-02,-2.806875186325668778e-02,2.218707513936139623e-03,-5.004412947097682147e-04,2.056821004596042293e-02,0.000000000000000000e+00
3.234999999999999876e+00,2.734782375951650205e-02,-2.795347826522875945e-02,2.216172696988703058e-03,-5.134566958723827453e-04,2.053874679306735146e-02,0.000000000000000000e+00
3.240000000000000213e+00,2.720834411111815870e-02,-2.783841663038858286e-02,2.213573233778793996e-03,-5.263000158680791480e-04,2.050873616254088316e-02,0.000000000000000000e+00
3.245000000000000107e+00,2.706943923576444339e-02,-2.772356946112143269e-02,2.210909981473132852e-03,-5.389725496522477372e-04,2.047818603168571547e-02,0.000000000000000000e+00
3.250000000000000000e+00,2.693110805495451190e-02,-2.760893922001350295e-02,2.208183790774070204e-03,-5.514755880069528628e-04,2.044710421263062211e-02,0.000000000000000000e+00
3.254999999999999893e+00,2.679334947797336677e-02,-2.749452833019897652e-02,2.205395505940607303e-03,-5.638104174799122778e-04,2.041549845263078769e-02,0.000000000000000000e+00
3.260000000000000231e+00,2.665616240208824872e-02,-2.738033917570529066e-02,2.202545964809717125e-03,-5.759783203250153126e-04,2.038337643437158550e-02,0.000000000000000000e+00
3.265000000000000124e+00,2.651954571274331429e-02,-2.726637410179659840e-02,2.199635998817958595e-03,-5.879805744443577413e-04,2.035074577627360437e-02,0.000000000000000000e+00
3.270000000000000018e+00,2.638349828375259262e-02,-2.715263541531540842e-02,2.196666433023377468e-03,-5.998184533317724122e-04,2.031761403279896960e-02,0.000000000000000000e+00
3.274999999999999911e+00,2.624801897749124910e-02,-2.703912538502240698e-02,2.193638086127686071e-03,-6.114932260178349357e-04,2.028398869475891986e-02,0.000000000000000000e+00
3.280000000000000249e+00,2.611310664508514207e-02,-2.692584624193446532e-02,2.190551770498714093e-03,-6.230061570163231794e-04,2.024987718962243527e-02,0.000000000000000000e+00
3.285000000000000142e+00,2.597876012659870726e-02,-2.681280017966081175e-02,2.187408292193122623e-03,-6.343585062721101859e-04,2.021528688182604519e-02,0.000000000000000000e+00
3.290000000000000036e+00,2.584497825122115608e-02,-2.669998935473738566e-02,2.184208450979377089e-03,-6.455515291104708909e-04,2.018022507308474614e-02,0.000000000000000000e+00
3.294999999999999929e+00,2.571175983745101201e-02,-2.658741588695935285e-02,2.180953040360967838e-03,-6.565864761877808486e-04,2.014469900270372468e-02,0.000000000000000000e+00
3.300000000000000266e+00,2.557910369327897823e-02,-2.647508185971179928e-02,2.177642847599876603e-03,-6.674645934435893997e-04,2.010871584789125296e-02,0.000000000000000000e+00
3.305000000000000160e+00,2.544700861636918152e-02,-2.636298932029858960e-02,2.174278653740276297e-03,-6.781871220540451649e-04,2.007228272407231284e-02,0.000000000000000000e+00
3.310000000000000053e+00,2.531547339423874388e-02,-2.625114028026937982e-02,2.170861233632461959e-03,-6.887552983866561916e-04,2.003540668520313595e-02,0.000000000000000000e+00
3.314999999999999947e+00,2.518449680443574784e-02,-2.613953671574481205e-02,2.167391355957004606e-03,-6.991703539563646954e-04,1.999809472408656252e-02,0.000000000000000000e+00
3.320000000000000284e+00,2.505407761471557457e-02,-2.602818056773984964e-02,2.163869783249121066e-03,-7.094335153829169896e-04,1.996035377268811847e-02,0.000000000000000000e+00
3.325000000000000178e+00,2.492421458321562172e-02,-2.591707374248529427e-02,2.160297271923253704e-03,-7.195460043495111469e-04,1.992219070245280360e-02,0.000000000000000000e+00
3.330000000000000071e+00,2.479490645862842887e-02,-2.580621811174744692e-02,2.156674572297854423e-03,-7.295090375627013603e-04,1.988361232462255296e-02,0.000000000000000000e+00
3.334999999999999964e+00,2.466615198037320003e-02,-2.569561551314594391e-02,2.153002428620364676e-03,-7.393238267135433892e-04,1.984462539055427410e-02,0.000000000000000000e+00
3.339999999999999858e+00,2.453794987876575101e-02,-2.558526775046972984e-02,2.149281579092388473e-03,-7.489915784399596259e-04,1.980523659203853315e-02,0.000000000000000000e+00
3.345000000000000195e+00,2.441029887518687477e-02,-2.547517659399121948e-02,2.145512755895049271e-03,-7.585134942903093598e-04,1.976545256161866757e-02,0.000000000000000000e+00
3.350000000000000089e+00,2.428319768224913855e-02,-2.536534378077859309e-02,2.141696685214525536e-03,-7.678907706881427748e-04,1.972527987291042978e-02,0.000000000000000000e+00
3.354999999999999982e+00,2.415664500396214054e-02,-2.525577101500626337e-02,2.137834087267761942e-03,-7.771245988981233905e-04,1.968472504092213735e-02,0.000000000000000000e+00
3.359999999999999876e+00,2.403063953589618801e-02,-2.514645996826350011e-02,2.133925676328345816e-03,-7.862161649931005171e-04,1.964379452237504514e-02,0.000000000000000000e+00
3.365000000000000213e+00,2.390517996534447312e-02,-2.503741227986121601e-02,2.129972160752546199e-03,-7.951666498223144844e-04,1.960249471602430044e-02,0.000000000000000000e+00
3.370000000000000107e+00,2.378026497148369098e-02,-2.492862955713691028e-02,2.125974243005509037e-03,-8.039772289807181659e-04,1.956083196298002980e-02,0.000000000000000000e+00
3.375000000000000000e+00,2.365589322553315194e-02,-2.482011337575778034e-02,2.121932619687602866e-03,-8.126490727793962568e-04,1.951881254702878682e-02,0.000000000000000000e+00
3.379999999999999893e+00,2.353206339091237428e-02,-2.471186528002198776e-02,2.117847981560910201e-03,-8.211833462170679962e-04,1.947644269495523925e-02,0.000000000000000000e+00
3.385000000000000231e+00,2.340877412339718508e-02,-2.460388678315809582e-02,2.113721013575858582e-03,-8.295812089526540326e-04,1.943372857686406774e-02,0.000000000000000000e+00
3.390000000000000124e+00,2.328602407127432564e-02,-2.449617936762266829e-02,2.109552394897985187e-03,-8.378438152788936655e-04,1.939067630650196869e-02,0.000000000000000000e+00
3.395000000000000018e+00,2.316381187549456516e-02,-2.438874448539604667e-02,2.105342798934832418e-03,-8.459723140969945725e-04,1.934729194157988261e-02,0.000000000000000000e+00
3.399999999999999911e+00,2.304213616982435028e-02,-2.428158355827627485e-02,2.101092893362965786e-03,-8.539678488922990834e-04,1.930358148409517388e-02,0.000000000000000000e+00
3.405000000000000249e+00,2.292099558099598006e-02,-2.417469797817121610e-02,2.096803340155113226e-03,-8.618315577109524755e-04,1.925955088065404996e-02,0.000000000000000000e+00
3.410000000000000142e+00,2.280038872885634116e-02,-2.406808910738883825e-02,2.092474795607416303e-03,-8.695645731375563738e-04,1.921520602279382789e-02,0.000000000000000000e+00
3.415000000000000036e+00,2.268031422651417550e-02,-2.396175827892566348e-02,2.088107910366792004e-03,-8.771680222737917535e-04,1.917055274730531528e-02,0.000000000000000000e+00
3.419999999999999929e+00,2.256077068048592191e-02,-2.385570679675341060e-02,2.083703329458399481e-03,-8.846430267179974504e-04,1.912559683655504564e-02,0.000000000000000000e+00
3.425000000000000266e+00,2.244175669084013183e-02,-2.374993593610380885e-02,2.079261692313204811e-03,-8.919907025456879149e-04,1.908034401880755876e-02,0.000000000000000000e+00
3.430000000000000160e+00,2.232327085134045569e-02,-2.364444694375160069e-02,2.074783632795642457e-03,-8.992121602909952487e-04,1.903479996854739661e-02,0.000000000000000000e+00
3.435000000000000053e+00,2.220531174958722750e-02,-2.353924103829571970e-02,2.070269779231366947e-03,-9.063085049290221882e-04,1.898897030680115477e-02,0.000000000000000000e+00
3.439999999999999947e+00,2.208787796715764445e-02,-2.343431941043867470e-02,2.065720754435089977e-03,-9.132808358590892295e-04,1.894286060145921463e-02,0.000000000000000000e+00
3.445000000000000284e+00,2.197096807974455168e-02,-2.332968322326411242e-02,2.061137175738499052e-03,-9.201302468888634262e-04,1.889647636759732297e-02,0.000000000000000000e+00
3.450000000000000178e+00,2.185458065729385321e-02,-2.322533361251257616e-02,2.056519655018253755e-03,-9.268578262193531399e-04,1.884982306779794947e-02,0.000000000000000000e+00
3.455000000000000071e+00,2.173871426414052815e-02,-2.312127168685547060e-02,2.051868798724055740e-03,-9.334646564307558410e-04,1.880290611247136673e-02,0.000000000000000000e+00
3.459999999999999964e+00,2.162336745914331462e-02,-2.301749852816722952e-02,2.047185207906784647e-03,-9.399518144691441056e-04,1.875573086017641097e-02,0.000000000000000000e+00
3.464999999999999858e+00,2.150853879581799896e-02,-2.291401519179567248e-02,2.042469478246701671e-03,-9.463203716339763658e-04,1.870830261794101043e-02,0.000000000000000000e+00
3.470000000000000195e+00,2.139422682246938656e-02,-2.281082270683059895e-02,2.037722200081712107e-03,-9.525713935664187511e-04,1.866062664158225567e-02,0.000000000000000000e+00
3.475000000000000089e+00,2.128043008232192654e-02,-2.270792207637056456e-02,2.032943958435683412e-03,-9.587059402384646859e-04,1.861270813602617508e-02,0.000000000000000000e+00
3.479999999999999982e+00,2.116714711364899720e-02,-2.260531427778790167e-02,2.028135333046817475e-03,-9.647250659428392326e-04,1.856455225562708006e-02,0.000000000000000000e+00
3.484999999999999876e+00,2.105437644990088356e-02,-2.250300026299194636e-02,2.023296898396070159e-03,-9.706298192836735434e-04,1.851616410448649747e-02,0.000000000000000000e+00
3.490000000000000213e+00,2.094211661983143638e-02,-2.240098095869049594e-02,2.018429223735616375e-03,-9.764212431679390129e-04,1.846754873677163358e-02,0.000000000000000000e+00
3.495000000000000107e+00,2.083036614762343031e-02,-2.229925726664950050e-02,2.013532873117355494e-03,-9.821003747976257345e-04,1.841871115703333159e-02,0.000000000000000000e+00
3.500000000000000000e+00,2.071912355301262776e-02,-2.219783006395097125e-02,2.008608405421454055e-03,-9.876682456626537706e-04,1.836965632052365432e-02,0.000000000000000000e+00
3.504999999999999893e+00,2.060838735141055228e-02,-2.209670020324915746e-02,2.003656374384922730e-03,-9.931258815345058496e-04,1.832038913351272461e-02,0.000000000000000000e+00
3.510000000000000231e+00,2.049815605402599897e-02,-2.199586851302494026e-02,1.998677328630223213e-03,-9.984743024605655538e-04,1.827091445360529143e-02,0.000000000000000000e+00
3.515000000000000124e+00,2.038842816798526816e-02,-2.189533579783848119e-02,1.993671811693900273e-03,-1.003714522759153625e-03,1.822123709005644271e-02,0.000000000000000000e+00
3.520000000000000018e+00,2.027920219645113278e-02,-2.179510283858014305e-02,1.988640362055239374e-03,-1.008847551015246017e-03,1.817136180408695026e-02,0.000000000000000000e+00
3.524999999999999911e+00,2.017047663874057054e-02,-2.169517039271963779e-02,1.983583513164941664e-03,-1.013874390076864151e-03,1.812129330919785147e-02,0.000000000000000000e+00
3.530000000000000249e+00,2.006224999044124713e-02,-2.159553919455346402e-02,1.978501793473817164e-03,-1.018796037052125238e-03,1.807103627148448632e-02,0.000000000000000000e+00
3.535000000000000142e+00,1.995452074352676436e-02,-2.149620995545059934e-02,1.973395726461490106e-03,-1.023613483306939865e-03,1.802059530994980924e-02,0.000000000000000000e+00
3.540000000000000036e+00,1.984728738647069390e-02,-2.139718336409646149e-02,1.968265830665113809e-03,-1.028327714463347312e-03,1.796997499681707647e-02,0.000000000000000000e+00
3.544999999999999929e+00,1.974054840435937944e-02,-2.129846008673516242e-02,1.963112619708093799e-03,-1.032939710398475151e-03,1.791917985784179101e-02,0.000000000000000000e+00
3.550000000000000266e+00,1.963430227900354874e-02,-2.120004076741004509e-02,1.957936602328813527e-03,-1.037450445244113371e-03,1.786821437262296405e-02,0.000000000000000000e+00
3.555000000000000160e+00,1.952854748904871499e-02,-2.110192602820249244e-02,1.952738282409359656e-03,-1.041860887386891537e-03,1.781708297491357840e-02,0.000000000000000000e+00
3.560000000000000053e+00,1.942328251008439838e-02,-2.100411646946904673e-02,1.947518159004247781e-03,-1.046171999469047926e-03,1.776579005293038235e-02,0.000000000000000000e+00
3.564999999999999947e+00,1.931850581475215434e-02,-2.090661267007682539e-02,1.942276726369140559e-03,-1.050384738389779134e-03,1.771433994966285785e-02,0.000000000000000000e+00
3.570000000000000284e+00,1.921421587285243940e-02,-2.080941518763725073e-02,1.937014473989558247e-03,-1.054500055307161510e-03,1.766273696318137326e-02,0.000000000000000000e+00
3.575000000000000178e+00,1.911041115145031138e-02,-2.071252455873807616e-02,1.931731886609578622e-03,-1.058518895640631801e-03,1.761098534694456597e-02,0.000000000000000000e+00
3.580000000000000071e+00,1.900709011497996384e-02,-2.061594129917373661e-02,1.926429444260522369e-03,-1.062442199074017284e-03,1.755908931010587842e-02,0.000000000000000000e+00
3.584999999999999964e+00,1.890425122534812596e-02,-2.051966590417403369e-02,1.921107622289623066e-03,-1.066270899559104961e-03,1.750705301781925807e-02,0.000000000000000000e+00
3.589999999999999858e+00,1.880189294203631761e-02,-2.042369884863113119e-02,1.915766891388676800e-03,-1.070005925319740710e-03,1.745488059154399335e-02,0.000000000000000000e+00
3.595000000000000195e+00,1.870001372220197328e-02,-2.032804058732490607e-02,1.910407717622670956e-03,-1.073648198856447114e-03,1.740257610934866500e-02,0.000000000000000000e+00
3.600000000000000089e+00,1.859861202077844194e-02,-2.023269155514662021e-02,1.905030562458387856e-03,-1.077198636951550445e-03,1.735014360621419532e-02,0.000000000000000000e+00
3.604999999999999982e+00,1.849768629057386982e-02,-2.013765216732095811e-02,1.899635882792982157e-03,-1.080658150674807232e-03,1.729758707433603701e-02,0.000000000000000000e+00
3.609999999999999876e+00,1.839723498236899360e-02,-2.004292281962640962e-02,1.894224130982528551e-03,-1.084027645389520032e-03,1.724491046342536971e-02,0.000000000000000000e+00
3.615000000000000213e+00,1.829725654501381318e-02,-1.994850388861401855e-02,1.888795754870537576e-03,-1.087308020759134800e-03,1.719211768100943616e-02,0.000000000000000000e+00
3.620000000000000107e+00,1.819774942552318878e-02,-1.985439573182449027e-02,1.883351197816437615e-03,-1.090500170754307718e-03,1.713921259273080977e-02,0.000000000000000000e+00
3.625000000000000000e+00,1.809871206917135558e-02,-1.976059868800367561e-02,1.877890898724020232e-03,-1.093604983660434547e-03,1.708619902264587112e-02,0.000000000000000000e+00
3.629999999999999893e+00,1.800014291958536294e-02,-1.966711307731644140e-02,1.872415292069846710e-03,-1.096623342085632086e-03,1.703308075352214651e-02,0.000000000000000000e+00
3.635000000000000231e+00,1.790204041883743796e-02,-1.957393920155891046e-02,1.866924807931613162e-03,-1.099556122969163078e-03,1.697986152713471322e-02,0.000000000000000000e+00
3.640000000000000124e+00,1.780440300753631869e-02,-1.948107734436911598e-02,1.861419872016473361e-03,-1.102404197590295658e-03,1.692654504456161946e-02,0.000000000000000000e+00
3.645000000000000018e+00,1.770722912491750831e-02,-1.938852777143603226e-02,1.855900905689315599e-03,-1.105168431577588026e-03,1.687313496647830161e-02,0.000000000000000000e+00
3.649999999999999911e+00,1.761051720893250239e-02,-1.929629073070703027e-02,1.850368326000991848e-03,-1.107849684918591404e-03,1.681963491345086353e-02,0.000000000000000000e+00
3.655000000000000249e+00,1.751426569633698915e-02,-1.920436645259373382e-02,1.844822545716497684e-03,-1.110448811969959575e-03,1.676604846622846423e-02,0.000000000000000000e+00
3.660000000000000142e+00,1.741847302277801240e-02,-1.911275515017629364e-02,1.839263973343101266e-03,-1.112966661467960005e-03,1.671237916603456747e-02,0.000000000000000000e+00
3.665000000000000036e+00,1.732313762288011788e-02,-1.902145701940609682e-02,1.833693013158417453e-03,-1.115404076539375493e-03,1.665863051485712981e-02,0.000000000000000000e+00
3.669999999999999929e+00,1.722825793033049696e-02,-1.893047223930690789e-02,1.828110065238427485e-03,-1.117761894712790069e-03,1.660480597573771658e-02,0.000000000000000000e+00
3.675000000000000266e+00,1.713383237796312769e-02,-1.883980097217443500e-02,1.822515525485440997e-03,-1.120040947930248934e-03,1.655090897305959777e-02,0.000000000000000000e+00
3.680000000000000160e+00,1.703985939784191661e-02,-1.874944336377435544e-02,1.816909785655998824e-03,-1.122242062559287035e-03,1.649694289283467480e-02,0.000000000000000000e+00
3.685000000000000053e+00,1.694633742134285526e-02,-1.865939954353880090e-02,1.811293233388714665e-03,-1.124366059405316077e-03,1.644291108298927620e-02,0.000000000000000000e+00
3.689999999999999947e+00,1.685326487923520522e-02,-1.856966962476127789e-02,1.805666252232054078e-03,-1.126413753724362591e-03,1.638881685364898533e-02,0.000000000000000000e+00
3.695000000000000284e+00,1.676064020176169789e-02,-1.848025370479008597e-02,1.800029221672048421e-03,-1.128385955236151225e-03,1.633466347742217398e-02,0.000000000000000000e+00
3.700000000000000178e+00,1.666846181871779395e-02,-1.839115186522018164e-02,1.794382517159943740e-03,-1.130283468137522826e-03,1.628045418968253680e-02,0.000000000000000000e+00
3.705000000000000071e+00,1.657672815952996107e-02,-1.830236417208353991e-02,1.788726510139780060e-03,-1.132107091116181909e-03,1.622619218885037323e-02,0.000000000000000000e+00
3.709999999999999964e+00,1.648543765333301825e-02,-1.821389067603801024e-02,1.783061568075903006e-03,-1.133857617364765480e-03,1.617188063667283557e-02,0.000000000000000000e+00
3.714999999999999858e+00,1.639458872904654696e-02,-1.812573141255464579e-02,1.777388054480402366e-03,-1.135535834595225195e-03,1.611752265850292104e-02,0.000000000000000000e+00
3.720000000000000195e+00,1.630417981545034811e-02,-1.803788640210355482e-02,1.771706328940479518e-03,-1.137142525053517648e-03,1.606312134357737106e-02,0.000000000000000000e+00
3.725000000000000089e+00,1.621420934125899008e-02,-1.795035565033825317e-02,1.766016747145739835e-03,-1.138678465534592602e-03,1.600867974529332147e-02,0.000000000000000000e+00
3.729999999999999982e+00,1.612467573519543729e-02,-1.786313914827852845e-02,1.760319660915409630e-03,-1.140144427397675247e-03,1.595420088148388760e-02,0.000000000000000000e+00
3.734999999999999876e+00,1.603557742606375597e-02,-1.777623687249184001e-02,1.754615418225476120e-03,-1.141541176581834481e-03,1.589968773469244839e-02,0.000000000000000000e+00
3.740000000000000213e+00,1.594691284282093516e-02,-1.768964878527325146e-02,1.748904363235748681e-03,-1.142869473621829172e-03,1.584514325244575778e-02,0.000000000000000000e+00
3.745000000000000107e+00,1.585868041464779526e-02,-1.760337483482387819e-02,1.743186836316839867e-03,-1.144130073664226775e-03,1.579057034752594929e-02,0.000000000000000000e+00
3.750000000000000000e+00,1.577087857101901885e-02,-1.751741495542790891e-02,1.737463174077065985e-03,-1.145323726483788883e-03,1.573597189824124318e-02,0.000000000000000000e+00
3.754999999999999893e+00,1.568350574177229326e-02,-1.743176906762816669e-02,1.731733709389264618e-03,-1.146451176500115025e-03,1.568135074869541484e-02,0.000000000000000000e+00
3.760000000000000231e+00,1.559656035717657888e-02,-1.734643707840023003e-02,1.725998771417527802e-03,-1.147513162794539096e-03,1.562670970905615658e-02,0.000000000000000000e+00
3.765000000000000124e+00,1.551004084799952054e-02,-1.726141888132512112e-02,1.720258685643850840e-03,-1.148510419127272324e-03,1.557205155582212612e-02,0.000000000000000000e+00
3.770000000000000018e+00,1.542394564557398456e-02,-1.717671435676057512e-02,1.714513773894694830e-03,-1.149443673954787153e-03,1.551737903208879471e-02,0.000000000000000000e+00
3.774999999999999911e+00,1.533827318186375445e-02,-1.709232337201088345e-02,1.708764354367461359e-03,-1.150313650447434008e-03,1.546269484781307574e-02,0.000000000000000000e+00
3.780000000000000249e+00,1.525302188952837312e-02,-1.700824578149533542e-02,1.703010741656878083e-03,-1.151121066507286616e-03,1.540800168007666615e-02,0.000000000000000000e+00
3.785000000000000142e+00,1.516819020198715250e-02,-1.692448142691525131e-02,1.697253246781295398e-03,-1.151866634786209145e-03,1.535330217334818920e-02,0.000000000000000000e+00
3.790000000000000036e+00,1.508377655348234689e-02,-1.684103013741961377e-02,1.691492177208892044e-03,-1.152551062704139330e-03,1.529859893974410551e-02,0.000000000000000000e+00
3.794999999999999929e+00,1.499977937914150419e-02,-1.675789172976932875e-02,1.685727836883788543e-03,-1.153175052467581918e-03,1.524389455928829365e-02,0.000000000000000000e+00
3.800000000000000266e+00,1.491619711503899826e-02,-1.667506600850008833e-02,1.679960526252067187e-03,-1.153739301088306610e-03,1.518919158017042678e-02,0.000000000000000000e+00
3.805000000000000160e+00,1.483302819825675113e-02,-1.659255276608386648e-02,1.674190542287699217e-03,-1.154244500402244614e-03,1.513449251900314020e-02,0.000000000000000000e+00
3.810000000000000053e+00,1.475027106694414870e-02,-1.651035178308905144e-02,1.668418178518375934e-03,-1.154691337088578629e-03,1.507979986107778510e-02,0.000000000000000000e+00
3.814999999999999947e+00,1.466792416037716526e-02,-1.642846282833921451e-02,1.662643725051244411e-03,-1.155080492689021044e-03,1.502511606061908075e-02,0.000000000000000000e+00
3.820000000000000284e+00,1.458598591901669010e-02,-1.634688565907052929e-02,1.656867468598546486e-03,-1.155412643627273632e-03,1.497044354103840326e-02,0.000000000000000000e+00
3.825000000000000178e+00,1.450445478456607352e-02,-1.626562002108784821e-02,1.651089692503159533e-03,-1.155688461228665271e-03,1.491578469518579572e-02,0.000000000000000000e+00
3.830000000000000071e+00,1.442332920002789912e-02,-1.618466564891944681e-02,1.645310676764039212e-03,-1.155908611739960533e-03,1.486114188560073816e-02,0.000000000000000000e+00
3.834999999999999964e+00,1.434260760975997889e-02,-1.610402226597043226e-02,1.639530698061561834e-03,-1.156073756349336110e-03,1.480651744476163198e-02,0.000000000000000000e+00
3.839999999999999858e+00,1.426228845953059210e-02,-1.602368958467483007e-02,1.633750029782767618e-03,-1.156184551206517483e-03,1.475191367533397468e-02,0.000000000000000000e+00
3.845000000000000195e+00,1.418237019657295900e-02,-1.594366730664635579e-02,1.627968942046502041e-03,-1.156241647443073239e-03,1.469733285041728392e-02,0.000000000000000000e+00
3.850000000000000089e+00,1.410285126963897219e-02,-1.586395512282789966e-02,1.622187701728455486e-03,-1.156245691192860298e-03,1.464277721379072389e-02,0.000000000000000000e+00
3.854999999999999982e+00,1.402373012905217854e-02,-1.578455271363967891e-02,1.616406572486100328e-03,-1.156197323612616172e-03,1.458824898015741167e-02,0.000000000000000000e+00
3.859999999999999876e+00,1.394500522676002038e-02,-1.570545974912612719e-02,1.610625814783525015e-03,-1.156097180902693677e-03,1.453375033538749014e-02,0.000000000000000000e+00
3.865000000000000213e+00,1.386667501638535853e-02,-1.562667588910148647e-02,1.604845685916163854e-03,-1.155945894327931609e-03,1.447928343675984608e-02,0.000000000000000000e+00
3.870000000000000107e+00,1.378873795327725284e-02,-1.554820078329411867e-02,1.599066440035422062e-03,-1.155744090238659426e-03,1.442485041320261396e-02,0.000000000000000000e+00
3.875000000000000000e+00,1.371119249456104194e-02,-1.547003407148956136e-02,1.593288328173194995e-03,-1.155492390091828782e-03,1.437045336553229198e-02,0.000000000000000000e+00
3.879999999999999893e+00,1.363403709918769441e-02,-1.539217538367230846e-02,1.587511598266283085e-03,-1.155191410472269529e-03,1.431609436669162121e-02,0.000000000000000000e+00
3.885000000000000231e+00,1.355727022798246771e-02,-1.531462434016634538e-02,1.581736495180697914e-03,-1.154841763114064328e-03,1.426177546198615850e-02,0.000000000000000000e+00
3.890000000000000124e+00,1.348089034369286121e-02,-1.523738055177443172e-02,1.575963260735862908e-03,-1.154444054922037534e-03,1.420749866931954666e-02,0.000000000000000000e+00
3.895000000000000018e+00,1.340489591103587348e-02,-1.516044361991614534e-02,1.570192133728705612e-03,-1.153998887993355543e-03,1.415326597942748177e-02,0.000000000000000000e+00
3.899999999999999911e+00,1.332928539674457964e-02,-1.508381313676469999e-02,1.564423349957641757e-03,-1.153506859639232733e-03,1.409907935611039165e-02,0.000000000000000000e+00
3.905000000000000249e+00,1.325405726961402172e-02,-1.500748868538252616e-02,1.558657142246450264e-03,-1.152968562406739110e-03,1.404494073646477860e-02,0.000000000000000000e+00
3.910000000000000142e+00,1.317921000054642425e-02,-1.493146983985564960e-02,1.552893740468039600e-03,-1.152384584100706825e-03,1.399085203111333220e-02,0.000000000000000000e+00
3.915000000000000036e+00,1.310474206259574885e-02,-1.485575616542684357e-02,1.547133371568103991e-03,-1.151755507805729073e-03,1.393681512443367687e-02,0.000000000000000000e+00
3.919999999999999929e+00,1.303065193101157239e-02,-1.478034721862759443e-02,1.541376259588668821e-03,-1.151081911908250497e-03,1.388283187478583577e-02,0.000000000000000000e+00
3.925000000000000266e+00,1.295693808328232319e-02,-1.470524254740885987e-02,1.535622625691526960e-03,-1.150364370118742803e-03,1.382890411473842660e-02,0.000000000000000000e+00
3.930000000000000160e+00,1.288359899917785288e-02,-1.463044169127064587e-02,1.529872688181562130e-03,-1.149603451493962569e-03,1.377503365129350080e-02,0.000000000000000000e+00
3.935000000000000053e+00,1.281063316079137336e-02,-1.455594418139040044e-02,1.524126662529962095e-03,-1.148799720459287325e-03,1.372122226611013039e-02,0.000000000000000000e+00
3.939999999999999947e+00,1.273803905258075186e-02,-1.448174954075023488e-02,1.518384761397319769e-03,-1.147953736831126446e-03,1.366747171572669887e-02,0.000000000000000000e+00
3.945000000000000284e+00,1.266581516140917116e-02,-1.440785728426297735e-02,1.512647194656621327e-03,-1.147066055839403602e-03,1.361378373178183041e-02,0.000000000000000000e+00
3.950000000000000178e+00,1.259395997658516002e-02,-1.433426691889707304e-02,1.506914169416122664e-03,-1.146137228150105342e-03,1.356016002123411335e-02,0.000000000000000000e+00
3.955000000000000071e+00,1.252247198990200788e-02,-1.426097794380032716e-02,1.501185890042112643e-03,-1.145167799887894522e-03,1.350660226658043431e-02,0.000000000000000000e+00
3.959999999999999964e+00,1.245134969567656368e-02,-1.418798985042250826e-02,1.495462558181562523e-03,-1.144158312658784000e-03,1.345311212607310132e-02,0.000000000000000000e+00
3.965000000000000302e+00,1.238059159078741880e-02,-1.411530212263681014e-02,1.489744372784663259e-03,-1.143109303572866506e-03,1.339969123393560876e-02,0.000000000000000000e+00
3.970000000000000195e+00,1.231019617471248648e-02,-1.404291423686018954e-02,1.484031530127247244e-03,-1.142021305267099367e-03,1.334634120057713938e-02,0.000000000000000000e+00
3.975000000000000089e+00,1.224016194956599121e-02,-1.397082566217258161e-02,1.478324223833097717e-03,-1.140894845928138021e-03,1.329306361280576526e-02,0.000000000000000000e+00
3.979999999999999982e+00,1.217048742013484945e-02,-1.389903586043499291e-02,1.472622644896142384e-03,-1.139730449315217668e-03,1.323986003404036688e-02,0.000000000000000000e+00
3.984999999999999876e+00,1.210117109391448120e-02,-1.382754428640649638e-02,1.466926981702534058e-03,-1.138528634783078078e-03,1.318673200452125278e-02,0.000000000000000000e+00
3.990000000000000213e+00,1.203221148114401971e-02,-1.375635038786011781e-02,1.461237420052614649e-03,-1.137289917304929593e-03,1.313368104151949045e-02,0.000000000000000000e+00
3.995000000000000107e+00,1.196360709484096084e-02,-1.368545360569763635e-02,1.455554143182766387e-03,-1.136014807495455562e-03,1.308070863954496205e-02,0.000000000000000000e+00
4.000000000000000000e+00,1.189535645083523302e-02,-1.048985501636153124e-02,1.449877331787146392e-03,-7.384693957840976139e-03,-6.722148257264963511e-03,3.000000000000000000e+00
4.004999999999999893e+00,1.188902392050942419e-02,7.832875637667257099e-03,1.321069223264969249e-03,-4.389271198380730044e-02,-1.245179345062237125e-01,3.000000000000000000e+00
4.009999999999999787e+00,1.197245364355884953e-02,2.541666626820347080e-02,1.013377436558394237e-03,-7.894433105215357960e-02,-2.411689952344738819e-01,3.000000000000000000e+00
4.014999999999999680e+00,1.214197519786303775e-02,4.227122362942664635e-02,5.339921214676339716e-04,-1.125761616495015716e-01,-3.566639996299390547e-01,3.000000000000000000e+00
4.020000000000000462e+00,1.239396662560098700e-02,5.840622616080246021e-02,-1.100777199626567495e-04,-1.448240540578999980e-01,-4.709922622761898436e-01,3.000000000000000000e+00
4.025000000000000355e+00,1.272485428438067771e-02,7.383132118131204014e-02,-9.120004590270631550e-04,-1.757231093009735678e-01,-5.841437149874272317e-01,3.000000000000000000e+00
4.030000000000000249e+00,1.313111268591980220e-02,8.855612269356714916e-02,-1.865118124876160004e-03,-2.053076917033711257e-01,-6.961088851602279526e-01,3.000000000000000000e+00
4.035000000000000142e+00,1.360926432501058728e-02,1.025902096742127567e-01,-2.962942755064305010e-03,-2.336114426850278980e-01,-8.068788794965336963e-01,3.000000000000000000e+00
4.040000000000000036e+00,1.415587950092740688e-02,1.159431247442501423e-01,-4.199152817463171206e-03,-2.606672954624989491e-01,-9.164453720893295241e-01,3.000000000000000000e+00
4.044999999999999929e+00,1.476757613294332055e-02,1.286243731283017999e-01,-5.567589707352841623e-03,-2.865074903751259616e-01,-1.024800595986494756e+00,3.000000000000000000e+00
4.049999999999999822e+00,1.544101957120167651e-02,1.406434218255475099e-01,-7.062254322194806005e-03,-3.111635905945162039e-01,-1.131937337460444004e+00,3.000000000000000000e+00
4.054999999999999716e+00,1.617292240383361862e-02,1.520096989272405053e-01,-8.677303715476201648e-03,-3.346664980121681898e-01,-1.237848932312394012e+00,3.000000000000000000e+00
4.060000000000000497e+00,1.696004426091443987e-02,1.627325930265061948e-01,-1.040704783007136668e-02,-3.570464691324627959e-01,-1.342529263631287328e+00,3.000000000000000000e+00
4.065000000000000391e+00,1.779919161560456972e-02,1.728214526756616798e-01,-1.224594631077624042e-02,-3.783331308270198590e-01,-1.445972760509456556e+00,3.000000000000000000e+00
4.070000000000000284e+00,1.868721758261859475e-02,1.822855858546947316e-01,-1.418860539501622109e-02,-3.985554958319302288e-01,-1.548174397290786430e+00,3.000000000000000000e+00
4.075000000000000178e+00,1.962102171400277248e-02,1.911342594219128943e-01,-1.622977488019318112e-02,-4.177419778919230220e-01,-1.649129692993183127e+00,3.000000000000000000e+00
4.080000000000000071e+00,2.059754979207304576e-02,1.993766985242194367e-01,-1.836434516570839212e-02,-4.359204064753975927e-01,-1.748834710606243181e+00,3.000000000000000000e+00
4.084999999999999964e+00,2.161379361926715065e-02,2.070220859500841448e-01,-2.058734436736232160e-02,-4.531180410016967808e-01,-1.847286056017748201e+00,3.000000000000000000e+00
4.089999999999999858e+00,2.266679080459225309e-02,2.140795614131365543e-01,-2.289393550157816162e-02,-4.693615845372577922e-01,-1.944480876369565125e+00,3.000000000000000000e+00
4.094999999999999751e+00,2.375362454629989170e-02,2.205582207584931009e-01,-2.527941373671313205e-02,-4.846771969305631589e-01,-2.040416857685218410e+00,3.000000000000000000e+00
4.099999999999999645e+00,2.487142341038974663e-02,2.264671150875083583e-01,-2.773920370860067514e-02,-4.990905073673205239e-01,-2.135092221648281718e+00,3.000000000000000000e+00
4.105000000000000426e+00,2.601736110452999851e-02,2.318152497996747441e-01,-3.026885689739922114e-02,-5.126266263372034615e-01,-2.228505721443251097e+00,3.000000000000000000e+00
4.110000000000000320e+00,2.718865624698225264e-02,2.366115835529444544e-01,-3.286404906280155497e-02,-5.253101570119484975e-01,-2.320656636599108147e+00,3.000000000000000000e+00
4.115000000000000213e+00,2.838257213013077943e-02,2.408650271458613878e-01,-3.552057773467622720e-02,-5.371652060417684282e-01,-2.411544766800684858e+00,3.000000000000000000e+00
4.120000000000000107e+00,2.959641647823731472e-02,2.445844423266191336e-01,-3.823435975626272160e-02,-5.482153937830495094e-01,-2.501170424654580060e+00,3.000000000000000000e+00
4.125000000000000000e+00,3.082754119907173823e-02,2.477786405355441868e-01,-4.100142887711979295e-02,-5.584838639752596201e-01,-2.589534427415007833e+00,3.000000000000000000e+00
4.129999999999999893e+00,3.207334212910434995e-02,2.504563815885835210e-01,-4.381793339312640284e-02,-5.679932928890316646e-01,-2.676638087690871082e+00,3.000000000000000000e+00
4.134999999999999787e+00,3.333125877198542253e-02,2.526263723101838110e-01,-4.668013383095286073e-02,-5.767658979705868605e-01,-2.762483203168817347e+00,3.000000000000000000e+00
4.139999999999999680e+00,3.459877403008122104e-02,2.542972651245237192e-01,-4.958440067455208849e-02,-5.848234460101296994e-01,-2.847072045398238771e+00,3.000000000000000000e+00
4.145000000000000462e+00,3.587341392888142300e-02,2.554776566144236205e-01,-5.252721213136382628e-02,-5.921872608636578050e-01,-2.930407347693409825e+00,3.000000000000000000e+00
4.150000000000000355e+00,3.715274733414009739e-02,2.561760860574424092e-01,-5.550515193607517134e-02,-5.988782307588640386e-01,-3.012492292215314116e+00,3.000000000000000000e+00
4.155000000000000249e+00,3.843438566165999909e-02,2.564010339486971768e-01,-5.851490718993615503e-02,-6.049168152165362855e-01,-3.093330496301490484e+00,3.000000000000000000e+00
4.160000000000000142e+00,3.971598257967746959e-02,2.561609205198345784e-01,-6.155326623378713086e-02,-6.103230516191430199e-01,-3.172925998116491453e+00,3.000000000000000000e+00
4.165000000000000036e+00,4.099523370385179527e-02,2.554641042633596371e-01,-6.461711655311287716e-02,-6.151165614581944885e-01,-3.251283241698539328e+00,3.000000000000000000e+00
4.169999999999999929e+00,4.226987628490819215e-02,2.543188804712105955e-01,-6.770344271359553245e-02,-6.193165562915343703e-01,-3.328407061479766949e+00,3.000000000000000000e+00
4.174999999999999822e+00,4.353768888902709300e-02,2.527334797960680279e-01,-7.080932432579239988e-02,-6.229418434410052274e-01,-3.404302666358226759e+00,3.000000000000000000e+00
4.179999999999999716e+00,4.479649107111358802e-02,2.507160668434240680e-01,-7.393193403771462779e-02,-6.260108314599746038e-01,-3.478975623399694683e+00,3.000000000000000000e+00
4.185000000000000497e+00,4.604414304111991568e-02,2.482747388019217738e-01,-7.706853555422754631e-02,-6.285415353990617682e-01,-3.552431841246437294e+00,3.000000000000000000e+00
4.190000000000000391e+00,4.727854532362990581e-02,2.454175241189189560e-01,-8.021648168233172504e-02,-6.305515818970889308e-01,-3.624677553308466749e+00,3.000000000000000000e+00
4.195000000000000284e+00,4.849763841094772987e-02,2.421523812276477339e-01,-8.337321240151539248e-02,-6.320582141228441309e-01,-3.695719300810653252e+00,3.000000000000000000e+00
4.200000000000000178e+00,4.969940240996353203e-02,2.353680222458510995e-01,-8.653625295849320942e-02,-6.268632897506818402e-01,-3.745939895512071960e+00,0.000000000000000000e+00
4.205000000000000071e+00,5.082040482025047129e-02,2.130919223755200764e-01,-8.958076998754413434e-02,-5.911126061314335711e-01,-3.697617550402501507e+00,0.000000000000000000e+00
4.209999999999999964e+00,5.183090942135201024e-02,1.911684925333384799e-01,-9.244905065227711216e-02,-5.563649382654480835e-01,-3.649281737734876074e+00,0.000000000000000000e+00
4.214999999999999858e+00,5.273267343883043107e-02,1.695952764517086042e-01,-9.514605327165333304e-02,-5.225976476736975407e-01,-3.600945096719472716e+00,0.000000000000000000e+00
4.219999999999999751e+00,5.352744172717918691e-02,1.483697832839546704e-01,-9.767662396497081567e-02,-4.897884950604832199e-01,-3.552619651441440318e+00,0.000000000000000000e+00
4.224999999999999645e+00,5.421694661567533907e-02,1.274894949187462545e-01,-1.000454986765652032e-01,-4.579156513279483698e-01,-3.504316882943105504e+00,0.000000000000000000e+00
4.230000000000000426e+00,5.480290778813632496e-02,1.069518722474740169e-01,-1.022573052483823491e-01,-4.269577057661331221e-01,-3.456047792814782582e+00,0.000000000000000000e+00
4.235000000000000320e+00,5.528703219163778187e-02,8.675436049958681894e-02,-1.043165655271131587e-01,-3.968936717387593349e-01,-3.407822959108171013e+00,0.000000000000000000e+00
4.240000000000000213e+00,5.567101396979811517e-02,6.689439375057945614e-02,-1.062276974941100682e-01,-3.677029901564957126e-01,-3.359652585320948681e+00,0.000000000000000000e+00
4.245000000000000107e+00,5.595653441673464207e-02,4.736939869774350886e-02,-1.079950174076965419e-01,-3.393655310029908834e-01,-3.311546543139666898e+00,0.000000000000000000e+00
4.250000000000000000e+00,5.614526194824938365e-02,2.817679778993245274e-02,-1.096227419487449950e-01,-3.118615931544154174e-01,-3.263514409570384966e+00,0.000000000000000000e+00
4.254999999999999893e+00,5.623885208721294410e-02,9.314011789413777914e-03,-1.111149903615449575e-01,-2.851719027105585336e-01,-3.215565499032785546e+00,0.000000000000000000e+00
4.259999999999999787e+00,5.623894746048631321e-02,-9.221538163648845821e-03,-1.124757865830203485e-01,-2.592776100345921542e-01,-3.167708890943500499e+00,0.000000000000000000e+00
4.264999999999999680e+00,5.614717780505558420e-02,-2.743242892045844386e-02,-1.137090613542915823e-01,-2.341602856793595921e-01,-3.119953453268104582e+00,0.000000000000000000e+00
4.270000000000000462e+00,5.596515998135657977e-02,-4.532123406931101023e-02,-1.148186543094225770e-01,-2.098019153603698506e-01,-3.072307862478366403e+00,0.000000000000000000e+00
4.275000000000000355e+00,5.569449799203801676e-02,-6.289052300630965098e-02,-1.158083160369526715e-01,-1.861848941194847173e-01,-3.024780620311894097e+00,0.000000000000000000e+00
4.280000000000000249e+00,5.533678300465593586e-02,-8.014286028489624181e-02,-1.166817101104957455e-01,-1.632920198084796548e-01,-2.977380067694902266e+00,0.000000000000000000e+00
4.285000000000000142e+00,5.489359337701040648e-02,-9.708080520287044879e-02,-1.174424150853003584e-01,-1.411064860081419625e-01,-2.930114396155425904e+00,0.000000000000000000e+00
4.290000000000000036e+00,5.436649468403122881e-02,-1.137069115899756039e-01,-1.180939264582120396e-01,-1.196118744862504912e-01,-2.882991657023655119e+00,0.000000000000000000e+00
4.294999999999999929e+00,5.375703974529365270e-02,-1.300237277631424715e-01,-1.186396585889667177e-01,-9.879214728656890432e-02,-2.836019768687943365e+00,0.000000000000000000e+00
4.299999999999999822e+00,5.306676865240036317e-02,-1.460337966201271098e-01,-1.190829465811793914e-01,-7.863163853079407906e-02,-2.789206522149357603e+00,0.000000000000000000e+00
4.304999999999999716e+00,5.229720879560404573e-02,-1.617396558455865552e-01,-1.194270481217781510e-01,-5.911504600615162530e-02,-2.742559585094121122e+00,0.000000000000000000e+00
4.310000000000000497e+00,5.144987488916689250e-02,-1.771438382066345685e-01,-1.196751452779759306e-01,-4.022742260294488725e-02,-2.696086504681852958e+00,0.000000000000000000e+00
4.315000000000000391e+00,5.052626899506130337e-02,-1.922488719176334571e-01,-1.198303462511744744e-01,-2.195416765877012538e-02,-2.649794709227915490e+00,0.000000000000000000e+00
4.320000000000000284e+00,4.952788054471110590e-02,-2.070572810564329513e-01,-1.198956870874612751e-01,-4.281018259242461849e-03,-2.603691508940344512e+00,0.000000000000000000e+00
4.325000000000000178e+00,4.845618635855581530e-02,-2.215715860164838569e-01,-1.198741333445934865e-01,1.280595946112845010e-02,-2.557784095855548223e+00,0.000000000000000000e+00
4.330000000000000071e+00,4.731265066329331387e-02,-2.357943039812542274e-01,-1.197685817155669241e-01,2.932037897987457148e-02,-2.512079543102182289e+00,0.000000000000000000e+00
4.334999999999999964e+00,4.609872510671957080e-02,-2.497279494091787233e-01,-1.195818616090456310e-01,4.527554197632799315e-02,-2.466584803609106924e+00,0.000000000000000000e+00
4.339999999999999858e+00,4.481584877013871510e-02,-2.633750345189933562e-01,-1.193167366870806212e-01,6.068444682175898330e-02,-2.421306708361067539e+00,0.000000000000000000e+00
4.344999999999999751e+00,4.346544817836386909e-02,-2.767380697667665146e-01,-1.189759063606786321e-01,7.555979694554032511e-02,-2.376251964294617380e+00,0.000000000000000000e+00
4.350000000000000533e+00,4.204893730736921492e-02,-2.898195643072455363e-01,-1.185620072438936801e-01,8.991400905665883347e-02,-2.331427151916640739e+00,0.000000000000000000e+00
4.355000000000000426e+00,4.056771758968769070e-02,-3.026220264333117083e-01,-1.180776145672095961e-01,1.037592212031915873e-01,-2.286838722718635530e+00,0.000000000000000000e+00
4.360000000000000320e+00,3.902317791767711402e-02,-3.151479639883861261e-01,-1.175252435510608928e-01,1.171073006553183249e-01,-2.242492996451563858e+00,0.000000000000000000e+00
4.365000000000000213e+00,3.741669464480083113e-02,-3.273998847475669827e-01,-1.169073507404047724e-01,1.299698516000847015e-01,-2.198396158318461691e+00,0.000000000000000000e+00
4.370000000000000107e+00,3.574963158508808608e-02,-3.393802967641148527e-01,-1.162263353013100464e-01,1.423582226384921268e-01,-2.154554256135125634e+00,0.000000000000000000e+00
4.375000000000000000e+00,3.402334001095422972e-02,-3.510917086786474739e-01,-1.154845402805704246e-01,1.542835140775956349e-01,-2.110973197502935772e+00,0.000000000000000000e+00
4.379999999999999893e+00,3.223915864957242750e-02,-3.625366299890653288e-01,-1.146842538293815494e-01,1.657565850121653361e-01,-2.067658747032198541e+00,0.000000000000000000e+00
4.384999999999999787e+00,3.039841367799692509e-02,-3.737175712798149751e-01,-1.138277103921439271e-01,1.767880601921315853e-01,-2.024616523649244826e+00,0.000000000000000000e+00
4.389999999999999680e+00,2.850241871724358209e-02,-3.846370444096129937e-01,-1.129170918614693098e-01,1.873883366735083766e-01,-1.981851998015884631e+00,0.000000000000000000e+00
4.395000000000000462e+00,2.655247482553660734e-02,-3.952975626572076684e-01,-1.119545287004761192e-01,1.975675902517925742e-01,-1.939370490085571053e+00,0.000000000000000000e+00
4.400000000000000355e+00,2.454987049093149826e-02,-4.057016408251544193e-01,-1.109421010334615404e-01,2.073357816779834162e-01,-1.897177166816827132e+00,0.000000000000000000e+00
4.405000000000000249e+00,2.249588162352348861e-02,-4.158517953019266189e-01,-1.098818397060348090e-01,2.167026626583741789e-01,-1.855277040061034111e+00,0.000000000000000000e+00
4.410000000000000142e+00,2.039177154744833964e-02,-4.257505440829865706e-01,-1.087757273157880650e-01,2.256777816401462633e-01,-1.813674964638563925e+00,0.000000000000000000e+00
4.415000000000000036e+00,1.823879099287859656e-02,-4.354004067516997756e-01,-1.076256992145689789e-01,2.342704893855617754e-01,-1.772375636614421435e+00,0.000000000000000000e+00
4.419999999999999929e+00,1.603817808821340202e-02,-4.448039044211982151e-01,-1.064336444834038942e-01,2.424899443382099451e-01,-1.731383591782032827e+00,0.000000000000000000e+00
4.424999999999999822e+00,1.379115835265394552e-02,-4.539635596384872240e-01,-1.052014068811013142e-01,2.503451177853306397e-01,-1.690703204361543976e+00,0.000000000000000000e+00
4.429999999999999716e+00,1.149894468934979652e-02,-4.628818962522480707e-01,-1.039307857675442898e-01,2.578447988207193120e-01,-1.650338685916927339e+00,0.000000000000000000e+00
4.435000000000000497e+00,9.162737379293690865e-03,-4.715614392459180348e-01,-1.026235370026566812e-01,2.649975991131235942e-01,-1.610294084494390043e+00,0.000000000000000000e+00
4.440000000000000391e+00,6.783724076134235725e-03,-4.800047145377372426e-01,-1.012813738220028070e-01,2.718119574853785636e-01,-1.570573283982907409e+00,0.000000000000000000e+00
4.445000000000000284e+00,4.363079802067288196e-03,-4.882142487495327865e-01,-9.990596768995317623e-02,2.782961443098013188e-01,-1.531180003696279490e+00,0.000000000000000000e+00
4.450000000000000178e+00,1.901966944957751964e-03,-4.961925689460759403e-01,-9.849894913132058172e-02,2.844582657255844138e-01,-1.492117798174782184e+00,0.000000000000000000e+00
4.455000000000000071e+00,-5.984647431657541365e-04,-5.039422023468926870e-01,-9.706190854234206244e-02,2.903062676840956757e-01,-1.453390057203359120e+00,0.000000000000000000e+00
4.459999999999999964e+00,-3.137078146110384817e-03,-5.114656760124381973e-01,-9.559639698185197487e-02,2.958479398281145256e-01,-1.415000006042287373e+00,0.000000000000000000e+00
4.464999999999999858e+00,-5.712748781889354609e-03,-5.187655165065607754e-01,-9.410392694346139675e-02,3.010909192111173582e-01,-1.376950705865359392e+00,0.000000000000000000e+00
4.469999999999999751e+00,-8.324364799349283708e-03,-5.258442495371836722e-01,-9.258597310952805526e-02,3.060426938627703319e-01,-1.339245054399872403e+00,0.000000000000000000e+00
4.475000000000000533e+00,-1.097082697295050438e-02,-5.327043995771253426e-01,-9.104397308767048225e-02,3.107106062068015762e-01,-1.301885786762044361e+00,0.000000000000000000e+00
4.480000000000000426e+00,-1.365104869560577160e-02,-5.393484894669589025e-01,-8.947932813054905454e-02,3.151018563374092252e-01,-1.264875476480924688e+00,0.000000000000000000e+00
4.485000000000000320e+00,-1.636395596949229841e-02,-5.457790400017854537e-01,-8.789340383960582426e-02,3.192235051603209417e-01,-1.228216536703375272e+00,0.000000000000000000e+00
4.490000000000000213e+00,-1.910848739476125879e-02,-5.519985695037609164e-01,-8.628753085342483198e-02,3.230824774045559789e-01,-1.191911221572332646e+00,0.000000000000000000e+00
4.495000000000000107e+00,-2.188359415607808722e-02,-5.580095933821744847e-01,-8.466300552134442547e-02,3.266855645108582840e-01,-1.155961627770223599e+00,0.000000000000000000e+00
4.500000000000000000e+00,-2.468824000693569179e-02,-5.638146236828290858e-01,-8.302109056292346356e-02,3.300394274026661190e-01,-1.120369696219172706e+00,0.000000000000000000e+00
4.504999999999999893e+00,-2.752140125169138737e-02,-5.694161686284235913e-01,-8.136301571383432185e-02,3.331505991453682647e-01,-1.085137213929437738e+00,0.000000000000000000e+00
4.509999999999999787e+00,-3.038206672528667024e-02,-5.748167321515782469e-01,-7.968997835872719537e-02,3.360254874994658136e-01,-1.050265815987410756e+00,0.000000000000000000e+00
4.514999999999999680e+00,-3.326923777061703558e-02,-5.800188134220874980e-01,-7.800314415158236814e-02,3.386703773731178924e-01,-1.015756987674412359e+00,0.000000000000000000e+00
4.520000000000000462e+00,-3.618192821352680943e-02,-5.850249063699191066e-01,-7.630364762404014123e-02,3.410914331793976628e-01,-9.816120667074978989e-01,0.000000000000000000e+00
4.525000000000000355e+00,-3.911916433541141880e-02,-5.898374992054161714e-01,-7.459259278217195144e-02,3.432947011034270801e-01,-9.478322455935135338e-01,0.000000000000000000e+00
4.530000000000000249e+00,-4.207998484341651801e-02,-5.944590739380910538e-01,-7.287105369213060790e-02,3.452861112843916280e-01,-9.144185740876651369e-01,0.000000000000000000e+00
4.535000000000000142e+00,-4.506344083823041191e-02,-5.988921058953322607e-01,-7.114007505509321871e-02,3.470714799172661680e-01,-8.813719617479918167e-01,0.000000000000000000e+00
4.540000000000000036e+00,-4.806859577947235340e-02,-6.031390632422775067e-01,-6.940067277188642636e-02,3.486565112789077880e-01,-8.486931805772097714e-01,0.000000000000000000e+00
4.544999999999999929e+00,-5.109452544868565982e-02,-6.072024065040365626e-01,-6.765383449766090851e-02,3.500467996829926265e-01,-8.163828677435791548e-01,0.000000000000000000e+00
4.549999999999999822e+00,-5.414031790995009474e-02,-6.110845880913787775e-01,-6.590052018696009040e-02,3.512478313680945652e-01,-7.844415283725896249e-01,0.000000000000000000e+00
4.554999999999999716e+00,-5.720507346813360344e-02,-6.147880518309317699e-01,-6.414166262950700415e-02,3.522649863230218337e-01,-7.528695384014703063e-01,0.000000000000000000e+00
4.560000000000000497e+00,-6.028790462480832640e-02,-6.183152325008688388e-01,-6.237816797701311450e-02,3.531035400533459323e-01,-7.216671474887328408e-01,0.000000000000000000e+00
4.565000000000000391e+00,-6.338793603186068659e-02,-6.216685553729951463e-01,-6.061091626129359172e-02,3.537686652928773712e-01,-6.908344819711924600e-01,0.000000000000000000e+00
4.570000000000000284e+00,-6.650430444282973141e-02,-6.248504357620775496e-01,-5.884076190395540890e-02,3.542654336636618106e-01,-6.603715478611487111e-01,0.000000000000000000e+00
4.575000000000000178e+00,-6.963615866201175453e-02,-6.278632785831963492e-01,-5.706853421790702291e-02,3.545988172878936084e-01,-6.302782338766683701e-01,0.000000000000000000e+00
4.580000000000000071e+00,-7.278265949137338597e-02,-6.307094779178342714e-01,-5.529503790092196031e-02,3.547736903549669751e-01,-6.005543144981755344e-01,0.000000000000000000e+00
4.584999999999999964e+00,-7.594297967531819793e-02,-6.333914165893551607e-01,-5.352105352147291939e-02,3.547948306467137436e-01,-5.711994530448236684e-01,0.000000000000000000e+00
4.589999999999999858e+00,-7.911630384335552324e-02,-6.359114657484654654e-01,-5.174733799703816473e-02,3.546669210237062830e-01,-5.422132047644094843e-01,0.000000000000000000e+00
4.594999999999999751e+00,-8.230182845072261943e-02,-6.382719844691916444e-01,-4.997462506506807067e-02,3.543945508753393869e-01,-5.135950199308674247e-01,0.000000000000000000e+00
4.600000000000000533e+00,-8.549876171701401018e-02,-6.404753193558507807e-01,-4.820362574678646594e-02,3.539822175362430379e-01,-4.853442469436723972e-01,0.000000000000000000e+00
4.605000000000000426e+00,-8.870632356287409814e-02,-6.425238041614363960e-01,-4.643502880398904520e-02,3.534343276714204674e-01,-4.574601354237628481e-01,0.000000000000000000e+00
4.610000000000000320e+00,-9.192374554481094751e-02,-6.444197594177893951e-01,-4.466950118898960209e-02,3.527551986323542166e-01,-4.299418393008922479e-01,0.000000000000000000e+00
4.615000000000000213e+00,-9.515027078819114636e-02,-6.461654920778724387e-01,-4.290768848785388168e-02,3.519490597861738568e-01,-4.027884198875908428e-01,0.000000000000000000e+00
4.620000000000000107e+00,-9.838515391847681146e-02,-6.477632951704193065e-01,-4.115021535705089273e-02,3.510200538198371412e-01,-3.759988489352208418e-01,0.000000000000000000e+00
4.625000000000000000e+00,-1.016276609907672823e-01,-6.492154474671825160e-01,-3.939768595364193104e-02,3.499722380211384154e-01,-3.495720116678764366e-01,0.000000000000000000e+00
4.629999999999999893e+00,-1.048770694177089124e-01,-6.505242131629602742e-01,-3.765068435911898825e-02,3.488095855382246091e-01,-3.235067097901658251e-01,0.000000000000000000e+00
4.634999999999999787e+00,-1.081326678958372811e-01,-6.516918415685413191e-01,-3.590977499699605363e-02,3.475359866191734537e-01,-2.978016644651837463e-01,0.000000000000000000e+00
4.639999999999999680e+00,-1.113937563304165795e-01,-6.527205668166662367e-01,-3.417550304424932239e-02,3.461552498330653926e-01,-2.724555192592530428e-01,0.000000000000000000e+00
4.645000000000000462e+00,-1.146596457588415358e-01,-6.536126075810669844e-01,-3.244839483669561403e-02,3.446711032738644098e-01,-2.474668430502700023e-01,0.000000000000000000e+00
4.650000000000000355e+00,-1.179296582726672565e-01,-6.543701668086109313e-01,-3.072895826839175393e-02,3.430871957483120349e-01,-2.228341328967504698e-01,0.000000000000000000e+00
4.655000000000000249e+00,-1.212031269383325588e-01,-6.549954314645429765e-01,-2.901768318513221062e-02,3.414070979489329249e-01,-1.985558168649175226e-01,0.000000000000000000e+00
4.660000000000000142e+00,-1.244793957166421827e-01,-6.554905722907869992e-01,-2.731504177211678541e-02,3.396343036131493909e-01,-1.746302568114161957e-01,0.000000000000000000e+00
4.665000000000000036e+00,-1.277578193810730289e-01,-6.558577435772411368e-01,-2.562148893585558182e-02,3.377722306694077581e-01,-1.510557511194641211e-01,0.000000000000000000e+00
4.669999999999999929e+00,-1.310377634349691733e-01,-6.560990829459726337e-01,-2.393746268037408656e-02,3.358242223711285224e-01,-1.278305373864876415e-01,0.000000000000000000e+00
4.674999999999999822e+00,-1.343186040276898585e-01,-6.562167111481933546e-01,-2.226338447777741550e-02,3.337935484192079416e-01,-1.049527950614923544e-01,0.000000000000000000e+00
4.679999999999999716e+00,-1.375997278697739801e-01,-6.562127318738759651e-01,-2.059965963322930860e-02,3.316834060737185452e-01,-8.242064803063642309e-02,0.000000000000000000e+00
4.685000000000000497e+00,-1.408805321471840177e-01,-6.560892315738462433e-01,-1.894667764439841862e-02,3.294969212553803262e-01,-6.023216714966861396e-02,0.000000000000000000e+00
4.690000000000000391e+00,-1.441604244346911257e-01,-6.558482792941705553e-01,-1.730481255542174954e-02,3.272371496373049915e-01,-3.838537272208486506e-02,0.000000000000000000e+00
4.695000000000000284e+00,-1.474388226084626385e-01,-6.554919265226392122e-01,-1.567442330543278306e-02,3.249070777274496447e-01,-1.687823692203771486e-02,0.000000000000000000e+00
4.700000000000000178e+00,-1.507151547579115847e-01,-6.550222070471293234e-01,-1.405585407169976028e-02,3.225096239421541555e-01,4.291313838793442414e-03,0.000000000000000000e+00
4.705000000000000071e+00,-1.539888590968674364e-01,-6.544411368256177752e-01,-1.244943460741788910e-02,3.200476396710813520e-01,2.512539660099988303e-02,0.000000000000000000e+00
4.709999999999999964e+00,-1.572593838741254135e-01,-6.537507138676021956e-01,-1.085548057419779416e-02,3.175239103338250990e-01,4.562616960438270475e-02,0.000000000000000000e+00
4.714999999999999858e+00,-1.605261872834309322e-01,-6.529529181266753302e-01,-9.274293869291280745e-03,3.149411564284030352e-01,6.579583009236289470e-02,0.000000000000000000e+00
4.719999999999999751e+00,-1.637887373729542684e-01,-6.520497114039893738e-01,-7.706162947594564355e-03,3.123020345718067747e-01,8.563661217404816561e-02,0.000000000000000000e+00
4.725000000000000533e+00,-1.670465119543092236e-01,-6.510430372623384754e-01,-6.151363138468320113e-03,3.096091385327406909e-01,1.051507847440198429e-01,0.000000000000000000e+00
4.730000000000000426e+00,-1.702989985111680871e-01,-6.499348209505794172e-01,-4.610156957413365404e-03,3.068650002566432056e-01,1.243406494597760759e-01,0.000000000000000000e+00
4.735000000000000320e+00,-1.735456941075240456e-01,-6.487269693381055857e-01,-3.082794412640398225e-03,3.040720908830508717e-01,1.432085387766586226e-01,0.000000000000000000e+00
4.740000000000000213e+00,-1.767861052956504198e-01,-6.474213708590828009e-01,-1.569513306571986575e-03,3.012328217553346676e-01,1.617568140399825438e-01,0.000000000000000000e+00
4.745000000000000107e+00,-1.800197480238049097e-01,-6.460198954661543480e-01,-7.053953231494353160e-05,2.983495454228102806e-01,1.799878636339894422e-01,0.000000000000000000e+00
4.750000000000000000e+00,-1.832461475437254239e-01,-6.445243945933170071e-01,1.413912634858746761e-03,2.954245566351995089e-01,1.979041011871572886e-01,0.000000000000000000e+00
4.754999999999999893e+00,-1.864648383179625668e-01,-6.429367011276699850e-01,2.883640250984096168e-03,2.924600933293987626e-01,2.155079638333146086e-01,0.000000000000000000e+00
4.759999999999999787e+00,-1.896753639270924996e-01,-6.412586293897365453e-01,4.338451421789762952e-03,2.894583376084900461e-01,2.328019105279297563e-01,0.000000000000000000e+00
4.764999999999999680e+00,-1.928772769768521134e-01,-6.394919751220587978e-01,5.778165025960197571e-03,2.864214167129146560e-01,2.497884204188776103e-01,0.000000000000000000e+00
4.770000000000000462e+00,-1.960701390052372595e-01,-6.376385154857665549e-01,7.202610443233867926e-03,2.833514039837143894e-01,2.664699912709218577e-01,0.000000000000000000e+00
4.775000000000000355e+00,-1.992535203896032281e-01,-6.357000090648222690e-01,8.611627287297640709e-03,2.802503198177331289e-01,2.828491379430927433e-01,0.000000000000000000e+00
4.780000000000000249e+00,-2.024270002538049174e-01,-6.336781958776456225e-01,1.000506514343682714e-02,2.771201326146618404e-01,2.989283909180905363e-01,0.000000000000000000e+00
4.785000000000000142e+00,-2.055901663754130526e-01,-6.315747973958261152e-01,1.138278331089980465e-02,2.739627597158012517e-01,3.147102948827971147e-01,0.000000000000000000e+00
4.790000000000000036e+00,-2.087426150930409563e-01,-6.293915165696321035e-01,1.274465054993546842e-02,2.707800683344103732e-01,3.301974073589389880e-01,0.000000000000000000e+00
4.794999999999999929e+00,-2.118839512138153969e-01,-6.271300378600309644e-01,1.409054483346111088e-02,2.675738764775040801e-01,3.453922973829061105e-01,0.000000000000000000e+00
4.799999999999999822e+00,-2.150137879210231584e-01,-6.247920272769380556e-01,1.542035310331761784e-02,2.643459538589597035e-01,3.602975442337070788e-01,0.000000000000000000e+00
4.804999999999999716e+00,-2.181317466819638895e-01,-6.223791324234170252e-01,1.673397103106817607e-02,2.610980228037906303e-01,3.749157362080056677e-01,0.000000000000000000e+00
4.810000000000000497e+00,-2.212374571560381531e-01,-6.198929825455583575e-01,1.803130278329595840e-02,2.578317591434443612e-01,3.892494694411705591e-01,0.000000000000000000e+00
4.815000000000000391e+00,-2.243305571030986822e-01,-6.173351885877699230e-01,1.931226079135559340e-02,2.545487931019829175e-01,4.033013467732449175e-01,0.000000000000000000e+00
4.820000000000000284e+00,-2.274106922920908769e-01,-6.147073432532167425e-01,2.057676552553240959e-02,2.512507101730054315e-01,4.170739766587336916e-01,0.000000000000000000e+00
4.825000000000000178e+00,-2.304775164100080209e-01,-6.120110210691548369e-01,2.182474527356289065e-02,2.479390519871748910e-01,4.305699721190934248e-01,0.000000000000000000e+00
4.830000000000000071e+00,-2.335306909711847567e-01,-6.092477784569089172e-01,2.305613592346899068e-02,2.446153171702148132e-01,4.437919497368016941e-01,0.000000000000000000e+00
4.834999999999999964e+00,-2.365698852269515762e-01,-6.064191538062504438e-01,2.427088075065831491e-02,2.412809621912459235e-01,4.567425286898800230e-01,0.000000000000000000e+00
4.839999999999999858e+00,-2.395947760756717559e-01,-6.035266675539389114e-01,2.546893020924160395e-02,2.379374022013378553e-01,4.694243298257460006e-01,0.000000000000000000e+00
4.844999999999999751e+00,-2.426050479731808873e-01,-6.005718222661957650e-01,2.665024172751823128e-02,2.345860118621560242e-01,4.818399747732625693e-01,0.000000000000000000e+00
4.850000000000000533e+00,-2.456003928436481243e-01,-5.975561027248866841e-01,2.781477950757996545e-02,2.312281261645908748e-01,4.939920850918684270e-01,0.000000000000000000e+00
4.855000000000000426e+00,-2.485805099908771632e-01,-5.944809760171950730e-01,2.896251432898258246e-02,2.278650412372623113e-01,5.058832814566709413e-01,0.000000000000000000e+00
4.860000000000000320e+00,-2.515451060100639125e-01,-5.913478916285759279e-01,3.009342335643450453e-02,2.244980151447998895e-01,5.175161828783946261e-01,0.000000000000000000e+00
4.865000000000000213e+00,-2.544938947000267571e-01,-5.881582815387869090e-01,3.120748995145106869e-02,2.211282686758061222e-01,5.288934059570880031e-01,0.000000000000000000e+00
4.870000000000000107e+00,-2.574265969759240158e-01,-5.849135603207988865e-01,3.230470348792265078e-02,2.177569861204182999e-01,5.400175641685049932e-01,0.000000000000000000e+00
4.875000000000000000e+00,-2.603429407824731090e-01,-5.816151252423960027e-01,3.338505917154441921e-02,2.143853160373918321e-01,5.508912671820865858e-01,0.000000000000000000e+00
4.879999999999999893e+00,-2.632426610076837870e-01,-5.782643563702817291e-01,3.444855786305518058e-02,2.110143720106361365e-01,5.615171202094921821e-01,0.000000000000000000e+00
4.884999999999999787e+00,-2.661254993971178817e-01,-5.748626166765143930e-01,3.549520590523240482e-02,2.076452333951422369e-01,5.718977233826331164e-01,0.000000000000000000e+00
4.889999999999999680e+00,-2.689912044686867398e-01,-5.714112521471016448e-01,3.652501495359024297e-02,2.042789460522496658e-01,5.820356711601936128e-01,0.000000000000000000e+00
4.895000000000000462e+00,-2.718395314279966057e-01,-5.679115918925908835e-01,3.753800181072714653e-02,2.009165230742080144e-01,5.919335517616289843e-01,0.000000000000000000e+00
4.900000000000000355e+00,-2.746702420842516146e-01,-5.643649482604975454e-01,3.853418826426944360e-02,1.975589454979974069e-01,6.015939466276635228e-01,0.000000000000000000e+00
4.905000000000000249e+00,-2.774831047667234429e-01,-5.607726169494221535e-01,3.951360092835713017e-02,1.942071630083798128e-01,6.110194299063173018e-01,0.000000000000000000e+00
4.910000000000000142e+00,-2.802778942417950558e-01,-5.571358771247102437e-01,4.047627108861791279e-02,1.908620946301614885e-01,6.202125679635245303e-01,0.000000000000000000e+00
4.915000000000000036e+00,-2.830543916305866547e-01,-5.534559915355177218e-01,4.142223455057559428e-02,1.875246294096549193e-01,6.291759189174197520e-01,0.000000000000000000e+00
4.919999999999999929e+00,-2.858123843271699882e-01,-5.497342066331497579e-01,4.235153149143876250e-02,1.841956270853367661e-01,6.379120321953911654e-01,0.000000000000000000e+00
4.924999999999999822e+00,-2.885516659173775200e-01,-5.459717526905463192e-01,4.326420631521572802e-02,1.808759187477055885e-01,6.464234481130275434e-01,0.000000000000000000e+00
4.929999999999999716e+00,-2.912720360982112289e-01,-5.421698439227944366e-01,4.416030751110183034e-02,1.775663074883512549e-01,6.547126974741022121e-01,0.000000000000000000e+00
4.935000000000000497e+00,-2.939733005978568126e-01,-5.383296786085525198e-01,4.503988751508510024e-02,1.742675690382554377e-01,6.627823011907613138e-01,0.000000000000000000e+00
4.940000000000000391e+00,-2.966552710963066275e-01,-5.344524392122770307e-01,4.590300257471659900e-02,1.709804523953493138e-01,6.706347699231118842e-01,0.000000000000000000e+00
4.945000000000000284e+00,-2.993177651465957489e-01,-5.305392925071479304e-01,4.674971261699174124e-02,1.677056804413623037e-01,6.782726037374213757e-01,0.000000000000000000e+00
4.950000000000000178e+00,-3.019606060966542049e-01,-5.265913896985940923e-01,4.758008111928915818e-02,1.644439505480020935e-01,6.856982917821684564e-01,0.000000000000000000e+00
4.955000000000000071e+00,-3.045836230117781596e-01,-5.226098665483255301e-01,4.839417498331391454e-02,1.611959351725130718e-01,6.929143119812041229e-01,0.000000000000000000e+00
4.959999999999999964e+00,-3.071866505977221551e-01,-5.185958434987830712e-01,4.919206441199205221e-02,1.579622824426662464e-01,6.999231307433106952e-01,0.000000000000000000e+00
4.964999999999999858e+00,-3.097695291244146887e-01,-5.145504257979222063e-01,4.997382278926380123e-02,1.547436167312405408e-01,7.067272026874601432e-01,0.000000000000000000e+00
4.969999999999999751e+00,-3.123321043502982897e-01,-5.104747036242508473e-01,5.073952656272304185e-02,1.515405392200604440e-01,7.133289703831090511e-01,0.000000000000000000e+00
4.975000000000000533e+00,-3.148742274472952629e-01,-5.063697522120472749e-01,5.148925512905098978e-02,1.483536284536611238e-01,7.197308641048743016e-01,0.000000000000000000e+00
4.980000000000000426e+00,-3.173957549263998201e-01,-5.022366319766869980e-01,5.222309072219247228e-02,1.451834408826573053e-01,7.259353016009691961e-01,0.000000000000000000e+00
4.985000000000000320e+00,-3.198965485638969319e-01,-4.980763886400118023e-01,5.294111830422343346e-02,1.420305113968972355e-01,7.319446878747942753e-01,0.000000000000000000e+00
4.990000000000000213e+00,-3.223764753282081230e-01,-4.938900533556791483e-01,5.364342545885886909e-02,1.388953538484880845e-01,7.377614149791005271e-01,0.000000000000000000e+00
4.995000000000000107e+00,-3.248354073073637660e-01,-4.896786428344327424e-01,5.433010228755074528e-02,1.357784615647833482e-01,7.433878618221642087e-01,0.000000000000000000e+00
5.000000000000000000e+00,-3.272732216371014302e-01,-4.854431594692396046e-01,5.500124130812598239e-02,1.326803078514274814e-01,7.488263939854330475e-01,0.000000000000000000e+00
5.004999999999999893e+00,-3.296898004295893414e-01,-4.811845914602420060e-01,5.565693735591498159e-02,1.296013464855568509e-01,7.540793635521239047e-01,0.000000000000000000e+00
5.009999999999999787e+00,-3.320850307027743975e-01,-4.769039129394763155e-01,5.629728748732176075e-02,1.265420121992598124e-01,7.591491089462707453e-01,0.000000000000000000e+00
5.014999999999999680e+00,-3.344588043103526309e-01,-4.726020840953138458e-01,5.692239088578730094e-02,1.235027211534024533e-01,7.640379547817461869e-01,0.000000000000000000e+00
5.020000000000000462e+00,-3.368110178723614512e-01,-4.682800512965820117e-01,5.753234877009809345e-02,1.204838714019296070e-01,7.687482117207906640e-01,0.000000000000000000e+00
5.025000000000000355e+00,-3.391415727063914476e-01,-4.639387472163271631e-01,5.812726430499268876e-02,1.174858433467539931e-01,7.732821763416117822e-01,0.000000000000000000e+00
5.030000000000000249e+00,-3.414503747594161420e-01,-4.595790909551829562e-01,5.870724251401934768e-02,1.145090001833488497e-01,7.776421310146242050e-01,0.000000000000000000e+00
5.035000000000000142e+00,-3.437373345402374158e-01,-4.552019881643111776e-01,5.927239019459869251e-02,1.115536883371623378e-01,7.818303437869279504e-01,0.000000000000000000e+00
5.040000000000000036e+00,-3.460023670525445016e-01,-4.508083311678844352e-01,5.982281583524570040e-02,1.086202378909739696e-01,7.858490682746350764e-01,0.000000000000000000e+00
5.044999999999999929e+00,-3.482453917285842637e-01,-4.463989990850824041e-01,6.035862953490613025e-02,1.057089630033157257e-01,7.897005435626680558e-01,0.000000000000000000e+00
5.049999999999999822e+00,-3.504663323634403249e-01,-4.419748579515757059e-01,6.087994292436294669e-02,1.028201623180821367e-01,7.933869941116808988e-01,0.000000000000000000e+00
5.054999999999999716e+00,-3.526651170499178201e-01,-4.375367608404739928e-01,6.138686908966904665e-02,9.995411936545553488e-02,7.969106296717538562e-01,0.000000000000000000e+00
5.060000000000000497e+00,-3.548416781140319998e-01,-4.330855479827163124e-01,6.187952249756314277e-02,9.711110295427394234e-02,8.002736452025455138e-01,0.000000000000000000e+00
5.065000000000000391e+00,-3.569959520510971873e-01,-4.286220468868847111e-01,6.235801892282639286e-02,9.429136755597050668e-02,8.034782207995851966e-01,0.000000000000000000e+00
5.070000000000000284e+00,-3.591278794624132020e-01,-4.241470724584225915e-01,6.282247537753789246e-02,9.149515368021429729e-02,8.065265216264114745e-01,0.000000000000000000e+00
5.075000000000000178e+00,-3.612374049925464181e-01,-4.196614271182426137e-01,6.327301004218791047e-02,8.872268824238337126e-02,8.094206978522768825e-01,0.000000000000000000e+00
5.080000000000000071e+00,-3.633244772672024059e-01,-4.151659009207095408e-01,6.370974219860836563e-02,8.597418492300155923e-02,8.121628845951476272e-01,0.000000000000000000e+00
5.084999999999999964e+00,-3.653890488316867691e-01,-4.106612716709852062e-01,6.413279216468065203e-02,8.324984451927111562e-02,8.147552018697448162e-01,0.000000000000000000e+00
5.089999999999999858e+00,-3.674310760899511807e-01,-4.061483050417247775e-01,6.454228123078160906e-02,8.054985528883358559e-02,8.171997545403804075e-01,0.000000000000000000e+00
5.094999999999999751e+00,-3.694505192442212316e-01,-4.016277546891139916e-01,6.493833159792923582e-02,7.787439328589175480e-02,8.194986322783615051e-01,0.000000000000000000e+00
5.100000000000000533e+00,-3.714473422352027043e-01,-3.971003623682394235e-01,6.532106631759007631e-02,7.522362268982524247e-02,8.216539095237375134e-01,0.000000000000000000e+00
5.105000000000000426e+00,-3.734215126828632214e-01,-3.925668580477839620e-01,6.569060923311130507e-02,7.259769612643265924e-02,8.236676454511888679e-01,0.000000000000000000e+00
5.110000000000000320e+00,-3.753730018277854907e-01,-3.880279600240414961e-01,6.604708492274077858e-02,6.999675498193265455e-02,8.255418839398517283e-01,0.000000000000000000e+00
5.115000000000000213e+00,-3.773017844730888748e-01,-3.834843750342461499e-01,6.639061864419931736e-02,6.742092970985616440e-02,8.272786535468976687e-01,0.000000000000000000e+00
5.120000000000000107e+00,-3.792078389269161742e-01,-3.789367983692111808e-01,6.672133628076992728e-02,6.487034013096151797e-02,8.288799674846863974e-01,0.000000000000000000e+00
5.125000000000000000e+00,-3.810911469454814626e-01,-3.743859139852749318e-01,6.703936428886944632e-02,6.234509572630363150e-02,8.303478236013261959e-01,0.000000000000000000e+00
5.129999999999999893e+00,-3.829516936766763080e-01,-3.698323946155514519e-01,6.734482964706867136e-02,5.984529592358767136e-02,8.316842043644816496e-01,0.000000000000000000e+00
5.134999999999999787e+00,-3.847894676042302731e-01,-3.652769018804839507e-01,6.763785980652774199e-02,5.737103037693701280e-02,8.328910768482761240e-01,0.000000000000000000e+00
5.139999999999999680e+00,-3.866044604924224193e-01,-3.607200863977007010e-01,6.791858264281420976e-02,5.492237924020424572e-02,8.339703927231549851e-01,0.000000000000000000e+00
5.145000000000000462e+00,-3.883966673313404283e-01,-3.561625878911728327e-01,6.818712640907167999e-02,5.249941343395310434e-02,8.349240882485620130e-01,0.000000000000000000e+00
5.150000000000000355e+00,-3.901660862826838994e-01,-3.516050352996747952e-01,6.844361969050795358e-02,5.010219490623811500e-02,8.357540842683178761e-01,0.000000000000000000e+00
5.155000000000000249e+00,-3.919127186261079365e-01,-3.470480468845483224e-01,6.868819136017169369e-02,4.773077688730767432e-02,8.364622862085691057e-01,0.000000000000000000e+00
5.160000000000000142e+00,-3.936365687061039731e-01,-3.424922303367716192e-01,6.892097053598772449e-02,4.538520413835493011e-02,8.370505840782002105e-01,0.000000000000000000e+00
5.165000000000000036e+00,-3.953376438794141134e-01,-3.379381828833357693e-01,6.914208653902149948e-02,4.306551319443971404e-02,8.375208524716060143e-01,0.000000000000000000e+00
5.169999999999999929e+00,-3.970159544629758841e-01,-3.333864913929304730e-01,6.935166885294380412e-02,4.077173260170332408e-02,8.378749505737198566e-01,0.000000000000000000e+00
5.174999999999999822e+00,-3.986715136823933414e-01,-3.288377324809425017e-01,6.954984708466752097e-02,3.850388314899657466e-02,8.381147221672045067e-01,0.000000000000000000e+00
5.179999999999999716e+00,-4.003043376209316495e-01,-3.242924726137693114e-01,6.973675092612885429e-02,3.626197809404011624e-02,8.382419956417224149e-01,0.000000000000000000e+00
5.185000000000000497e+00,-4.019144451690315756e-01,-3.197512682124519778e-01,6.991251011718591091e-02,3.404602338423442370e-02,8.382585840051992587e-01,0.000000000000000000e+00
5.190000000000000391e+00,-4.035018579743403500e-01,-3.152146657556306186e-01,7.007725440960818619e-02,3.185601787223542314e-02,8.381662848970026225e-01,0.000000000000000000e+00
5.195000000000000284e+00,-4.050666003922556158e-01,-3.106832018818263541e-01,7.023111353213107311e-02,2.969195352641001290e-02,8.379668806029658690e-01,0.000000000000000000e+00
5.200000000000000178e+00,-4.066086994369790819e-01,-3.061574034910541364e-01,7.037421715655012289e-02,2.755381563628420821e-02,8.376621380721900323e-01,0.000000000000000000e+00
5.205000000000000071e+00,-4.081281847330768264e-01,-3.016377878457703887e-01,7.050669486483025772e-02,2.544158301309484144e-02,8.372538089355565649e-01,0.000000000000000000e+00
5.209999999999999964e+00,-4.096250884675423087e-01,-2.971248626711602281e-01,7.062867611720564931e-02,2.335522818555419919e-02,8.367436295258935397e-01,0.000000000000000000e+00
5.214999999999999858e+00,-4.110994453423594819e-01,-2.926191262547687133e-01,7.074029022124679600e-02,2.129471759093516658e-02,8.361333208997409061e-01,0.000000000000000000e+00
5.219999999999999751e+00,-4.125512925275622300e-01,-2.881210675454803360e-01,7.084166630187144209e-02,1.926001176158272793e-02,8.354245888606602888e-01,0.000000000000000000e+00
5.225000000000000533e+00,-4.139806696147871889e-01,-2.836311662518521959e-01,7.093293327227692679e-02,1.725106550695589339e-02,8.346191239840428100e-01,0.000000000000000000e+00
5.230000000000000426e+00,-4.153876185713166191e-01,-2.791498929398049111e-01,7.101421980577170279e-02,1.526782809130239858e-02,8.337186016433690838e-01,0.000000000000000000e+00
5.235000000000000320e+00,-4.167721836946082226e-01,-2.746777091296764284e-01,7.108565430848458322e-02,1.331024340706666101e-02,8.327246820378785275e-01,0.000000000000000000e+00
5.240000000000000213e+00,-4.181344115673082951e-01,-2.702150673926432822e-01,7.114736489293051191e-02,1.137825014412973193e-02,8.316390102216086877e-01,0.000000000000000000e+00
5.245000000000000107e+00,-4.194743510127459385e-01,-2.657624114465142462e-01,7.119947935241238701e-02,9.471781954978142001e-03,8.304632161337691665e-01,0.000000000000000000e+00
5.250000000000000000e+00,-4.207920530509042245e-01,-2.613201762509007597e-01,7.124212513623867649e-02,7.590767615896753737e-03,8.291989146304136193e-01,0.000000000000000000e+00
5.254999999999999893e+00,-4.220875708548658678e-01,-2.568887881017692942e-01,7.127542932573728562e-02,5.735131184278892576e-03,8.278477055173794064e-01,0.000000000000000000e+00
5.259999999999999787e+00,-4.233609597077301889e-01,-2.524686647253799321e-01,7.129951861104646960e-02,3.904792152145238060e-03,8.264111735844653639e-01,0.000000000000000000e+00
5.264999999999999680e+00,-4.246122769599980362e-01,-2.480602153716157665e-01,7.131451926866401447e-02,2.099665595961126494e-03,8.248908886408173879e-01,0.000000000000000000e+00
5.270000000000000462e+00,-4.258415819874221131e-01,-2.436638409067077571e-01,7.132055713973650679e-02,3.196623228401357722e-04,8.232884055514998467e-01,0.000000000000000000e+00
5.275000000000000355e+00,-4.270489361493192138e-01,-2.392799339053593710e-01,7.131775760907065054e-02,-1.435310986780022899e-03,8.216052642752242896e-01,0.000000000000000000e+00
5.280000000000000249e+00,-4.282344027473415360e-01,-2.349088787422752012e-01,7.130624558484943698e-02,-3.165351639905000791e-03,8.198429899032158019e-01,0.000000000000000000e+00
5.285000000000000142e+00,-4.293980469847044623e-01,-2.305510516830980849e-01,7.128614547903598664e-02,-4.870560795112240278e-03,8.180030926991963547e-01,0.000000000000000000e+00
5.290000000000000036e+00,-4.305399359258672565e-01,-2.262068209747583880e-01,7.125758118844847944e-02,-6.551043329959625912e-03,8.160870681404598370e-01,0.000000000000000000e+00
5.294999999999999929e+00,-4.316601384566641775e-01,-2.218765469352398934e-01,7.122067607649007481e-02,-8.206907711595374036e-03,8.140963969600285566e-01,0.000000000000000000e+00
5.299999999999999822e+00,-4.327587252448830135e-01,-2.175605820427658488e-01,7.117555295551793171e-02,-9.838265870491960316e-03,8.120325451898670055e-01,0.000000000000000000e+00
5.304999999999999716e+00,-4.338357687012879271e-01,-2.132592710244090028e-01,7.112233406983584083e-02,-1.144523307722859935e-02,8.098969642051385698e-01,0.000000000000000000e+00
5.310000000000000497e+00,-4.348913429410841136e-01,-2.089729509441293764e-01,7.106114107929555057e-02,-1.302792782224846888e-02,8.076910907694910824e-01,0.000000000000000000e+00
5.315000000000000391e+00,-4.359255237458211085e-01,-2.047019512902431004e-01,7.099209504349197897e-02,-1.458647169851859556e-02,8.054163470813544556e-01,0.000000000000000000e+00
5.320000000000000284e+00,-4.369383885257321909e-01,-2.004465940623257336e-01,7.091531640653804536e-02,-1.612098928702197093e-02,8.030741408212371812e-01,0.000000000000000000e+00
5.325000000000000178e+00,-4.379300162825064957e-01,-1.962071938575533081e-01,7.083092498240507739e-02,-1.763160804501312517e-02,8.006658652000098186e-01,0.000000000000000000e+00
5.330000000000000071e+00,-4.389004875724920041e-01,-1.919840579564842664e-01,7.073903994081517932e-02,-1.911845819696997989e-02,7.981928990081592623e-01,0.000000000000000000e+00
5.334999999999999964e+00,-4.398498844703255806e-01,-1.877774864082850381e-01,7.063977979367225268e-02,-2.058167262817648183e-02,7.956566066660055725e-01,0.000000000000000000e+00
5.339999999999999858e+00,-4.407782905329879486e-01,-1.835877721154023645e-01,7.053326238201863829e-02,-2.202138678087199944e-02,7.930583382748678245e-01,0.000000000000000000e+00
5.344999999999999751e+00,-4.416857907642806058e-01,-1.794152009176847862e-01,7.041960486350476445e-02,-2.343773855290511021e-02,7.903994296691677635e-01,0.000000000000000000e+00
5.350000000000000533e+00,-4.425724715797220710e-01,-1.752600516759560689e-01,7.029892370035931148e-02,-2.483086819883089172e-02,7.876812024694590519e-01,0.000000000000000000e+00
5.355000000000000426e+00,-4.434384207718604642e-01,-1.711225963550429552e-01,7.017133464784798547e-02,-2.620091823339237153e-02,7.849049641363734509e-01,0.000000000000000000e+00
5.360000000000000320e+00,-4.442837274760000343e-01,-1.670031001062593223e-01,7.003695274320904940e-02,-2.754803333732821005e-02,7.820720080254751627e-01,0.000000000000000000e+00
5.365000000000000213e+00,-4.451084821363386346e-01,-1.629018213493493294e-01,6.989589229505401013e-02,-2.887236026545027603e-02,7.791836134430050187e-01,0.000000000000000000e+00
5.370000000000000107e+00,-4.459127764725135945e-01,-1.588190118538911622e-01,6.974826687322251140e-02,-3.017404775693604407e-02,7.762410457025159527e-01,0.000000000000000000e+00
5.375000000000000000e+00,-4.466967034465533781e-01,-1.547549168201635683e-01,6.959418929908020579e-02,-3.145324644778229456e-02,7.732455561823790013e-01,0.000000000000000000e+00
5.379999999999999893e+00,-4.474603572302319754e-01,-1.507097749594769054e-01,6.943377163624914195e-02,-3.271010878536789040e-02,7.701983823841556109e-01,0.000000000000000000e+00
5.384999999999999787e+00,-4.482038331728238623e-01,-1.466838185739704481e-01,6.926712518176016131e-02,-3.394478894507476502e-02,7.671007479918269256e-01,0.000000000000000000e+00
5.389999999999999680e+00,-4.489272277692565871e-01,-1.426772736358773164e-01,6.909436045761709055e-02,-3.515744274891765414e-02,7.639538629318651797e-01,0.000000000000000000e+00
5.395000000000000462e+00,-4.496306386286582080e-01,-1.386903598662587722e-01,6.891558720276295957e-02,-3.634822758613428378e-02,7.607589234341411988e-01,0.000000000000000000e+00
5.400000000000000355e+00,-4.503141644432972490e-01,-1.347232908132089957e-01,6.873091436543837807e-02,-3.751730233568912470e-02,7.575171120936573521e-01,0.000000000000000000e+00
5.405000000000000249e+00,-4.509779049579121235e-01,-1.307762739295317000e-01,6.854045009592278637e-02,-3.866482729064497914e-02,7.542295979330939648e-01,0.000000000000000000e+00
5.410000000000000142e+00,-4.516219609394279688e-01,-1.268495106498897518e-01,6.834430173964917143e-02,-3.979096408435790766e-02,7.508975364661601981e-01,0.000000000000000000e+00
5.415000000000000036e+00,-4.522464341470575633e-01,-1.229431964674288086e-01,6.814257583068342172e-02,-4.089587561845221819e-02,7.475220697617375176e-01,0.000000000000000000e+00
5.419999999999999929e+00,-4.528514273027842707e-01,-1.190575210098758357e-01,6.793537808555943913e-02,-4.197972599253341208e-02,7.441043265088076453e-01,0.000000000000000000e+00
5.424999999999999822e+00,-4.534370440622241261e-01,-1.151926681151135973e-01,6.772281339746137607e-02,-4.304268043559800194e-02,7.406454220821524492e-01,0.000000000000000000e+00
5.429999999999999716e+00,-4.540033889858644534e-01,-1.113488159062317323e-01,6.750498583074471259e-02,-4.408490523910046227e-02,7.371464586088124493e-01,0.000000000000000000e+00
5.435000000000000497e+00,-4.545505675106764065e-01,-1.075261368660552080e-01,6.728199861578791630e-02,-4.510656769163838564e-02,7.336085250352978315e-01,0.000000000000000000e+00
5.440000000000000391e+00,-4.550786859220988245e-01,-1.037247979111507179e-01,6.705395414416669142e-02,-4.610783601521818709e-02,7.300326971955367616e-01,0.000000000000000000e+00
5.445000000000000284e+00,-4.555878513263910135e-01,-9.994496046531171907e-02,6.682095396414310107e-02,-4.708887930306460828e-02,7.264200378795502289e-01,0.000000000000000000e+00
5.450000000000000178e+00,-4.560781716233514582e-01,-9.618678053252242843e-02,6.658309877646173547e-02,-4.804986745893836259e-02,7.227715969028414289e-01,0.000000000000000000e+00
5.455000000000000071e+00,-4.565497554793999657e-01,-9.245040876940140151e-02,6.634048843044572374e-02,-4.899097113792714314e-02,7.190884111764886955e-01,0.000000000000000000e+00
5.459999999999999964e+00,-4.570027123010210190e-01,-8.873599055712498573e-02,6.609322192038506738e-02,-4.991236168867629192e-02,7.153715047779281022e-01,0.000000000000000000e+00
5.464999999999999858e+00,-4.574371522085652897e-01,-8.504366607283096735e-02,6.584139738221037041e-02,-5.081421109702626698e-02,7.116218890224140781e-01,0.000000000000000000e+00
5.469999999999999751e+00,-4.578531860104067541e-01,-8.137357036050273107e-02,6.558511209044486090e-02,-5.169669193102496840e-02,7.078405625351449348e-01,0.000000000000000000e+00
5.475000000000000533e+00,-4.582509251774531944e-01,-7.772583340133414065e-02,6.532446245542807006e-02,-5.255997728728389884e-02,7.040285113240404291e-01,0.000000000000000000e+00
5.480000000000000426e+00,-4.586304818180069187e-01,-7.410058018357540410e-02,6.505954402080434129e-02,-5.340424073864798865e-02,7.001867088531588124e-01,0.000000000000000000e+00
5.485000000000000320e+00,-4.589919686529737586e-01,-7.049793077186004842e-02,6.479045146126981292e-02,-5.422965628314965758e-02,6.963161161167363833e-01,0.000000000000000000e+00
5.490000000000000213e+00,-4.593354989914170683e-01,-6.691800037601307316e-02,6.451727858057149101e-02,-5.503639829421866358e-02,6.924176817138433249e-01,0.000000000000000000e+00
5.495000000000000107e+00,-4.596611867064546719e-01,-6.336089941934050507e-02,6.424011830975213944e-02,-5.582464147211989997e-02,6.884923419236315123e-01,0.000000000000000000e+00
5.500000000000000000e+00,-4.599691462114959828e-01,-5.982673360640041599e-02,6.395906270563504747e-02,-5.659456079659220401e-02,6.845410207811701842e-01,0.000000000000000000e+00
5.504999999999999893e+00,-4.602594924368165752e-01,-5.631560399025535568e-02,6.367420294954258264e-02,-5.734633148066191344e-02,6.805646301538487153e-01,0.000000000000000000e+00
5.509999999999999787e+00,-4.605323408064675994e-01,-5.282760703920640066e-02,6.338562934624282497e-02,-5.808012892560562856e-02,6.765640698183330581e-01,0.000000000000000000e+00
5.514999999999999680e+00,-4.607878072155179860e-01,-4.936283470300877052e-02,6.309343132311855118e-02,-5.879612867703736673e-02,6.725402275380644168e-01,0.000000000000000000e+00
5.520000000000000462e+00,-4.610260080076260536e-01,-4.592137447856908111e-02,6.279769742955305933e-02,-5.949450638209595466e-02,6.684939791412798371e-01,0.000000000000000000e+00
5.525000000000000355e+00,-4.612470599529383541e-01,-4.250330947512419300e-02,6.249851533652729663e-02,-6.017543774770917758e-02,6.644261885995439432e-01,0.000000000000000000e+00
5.530000000000000249e+00,-4.614510802263133149e-01,-3.910871847890181469e-02,6.219597183642307237e-02,-6.083909849991182839e-02,6.603377081067748344e-01,0.000000000000000000e+00
5.535000000000000142e+00,-4.616381863858666779e-01,-3.573767601726271503e-02,6.189015284302706865e-02,-6.148566434419541066e-02,6.562293781587482666e-01,0.000000000000000000e+00
5.540000000000000036e+00,-4.618084963518365171e-01,-3.239025242232475288e-02,6.158114339173058338e-02,-6.211531092686789490e-02,6.521020276330651289e-01,0.000000000000000000e+00
5.544999999999999929e+00,-4.619621283857650029e-01,-2.906651389406863725e-02,6.126902763991996792e-02,-6.272821379740245451e-02,6.479564738695665627e-01,0.000000000000000000e+00
5.549999999999999822e+00,-4.620992010699943031e-01,-2.576652256292553955e-02,6.095388886755292307e-02,-6.332454837175464923e-02,6.437935227511800695e-01,0.000000000000000000e+00
5.554999999999999716e+00,-4.622198332874742910e-01,-2.249033655184661668e-02,6.063580947791580300e-02,-6.390448989662826651e-02,6.396139687851809530e-01,0.000000000000000000e+00
5.560000000000000497e+00,-4.623241442018792280e-01,-1.923801003785453184e-02,6.031487099855726425e-02,-6.446821341467016964e-02,6.354185951848528857e-01,0.000000000000000000e+00
5.565000000000000391e+00,-4.624122532380309791e-01,-1.600959331307709108e-02,5.999115408239368702e-02,-6.501589373057545251e-02,6.312081739515320589e-01,0.000000000000000000e+00
5.570000000000000284e+00,-4.624842800626259853e-01,-1.280513284526311156e-02,5.966473850898178916e-02,-6.554770537808435327e-02,6.269834659570177049e-01,0.000000000000000000e+00
5.575000000000000178e+00,-4.625403445652635503e-01,-9.624671337780704022e-03,5.933570318595408205e-02,-6.606382258785310768e-02,6.227452210263312304e-01,0.000000000000000000e+00
5.580000000000000071e+00,-4.625805668397728887e-01,-6.468247789098144351e-03,5.900412615061284560e-02,-6.656441925618114541e-02,6.184941780208115247e-01,0.000000000000000000e+00
5.584999999999999964e+00,-4.626050671658363256e-01,-3.335897551747568635e-03,5.867008457167832008e-02,-6.704966891457767031e-02,6.142310649215245721e-01,0.000000000000000000e+00
5.589999999999999858e+00,-4.626139659909057622e-01,-2.276523907717253707e-04,5.833365475118702792e-02,-6.751974470015102703e-02,6.099565989129760446e-01,0.000000000000000000e+00
5.594999999999999751e+00,-4.626073839124105191e-01,2.856459458345914169e-03,5.799491212653614530e-02,-6.797481932680470018e-02,6.056714864671051135e-01,0.000000000000000000e+00
5.600000000000000533e+00,-4.625854416602530605e-01,5.916413232267362168e-03,5.765393127266984358e-02,-6.841506505722404208e-02,6.013764234275480458e-01,0.000000000000000000e+00
5.605000000000000426e+00,-4.625482600795908783e-01,8.952187582902277133e-03,5.731078590440383258e-02,-6.884065367563850513e-02,5.970720950941483807e-01,0.000000000000000000e+00
5.610000000000000320e+00,-4.624959601139013166e-01,1.196376452102567225e-02,5.696554887888412300e-02,-6.925175646134429375e-02,5.927591763077049158e-01,0.000000000000000000e+00
5.615000000000000213e+00,-4.624286627883271716e-01,1.495112936041073648e-02,5.661829219817634401e-02,-6.964854416297272532e-02,5.884383315349339671e-01,0.000000000000000000e+00
5.620000000000000107e+00,-4.623464891933003473e-01,1.791427066247625738e-02,5.626908701198186230e-02,-7.003118697349013100e-02,5.841102149536315791e-01,0.000000000000000000e+00
5.625000000000000000e+00,-4.622495604684409010e-01,2.085318018144811242e-02,5.591800362047710804e-02,-7.039985450591522420e-02,5.797754705380211426e-01,0.000000000000000000e+00
5.629999999999999893e+00,-4.621379977867290378e-01,2.376785281003427480e-02,5.556511147727255517e-02,-7.075471576974033672e-02,5.754347321442665475e-01,0.000000000000000000e+00
5.634999999999999787e+00,-4.620119223389473340e-01,2.665828652561263654e-02,5.521047919248785879e-02,-7.109593914804324122e-02,5.710886235961358803e-01,0.000000000000000000e+00
5.639999999999999680e+00,-4.618714553183910221e-01,2.952448233693105717e-02,5.485417453593972870e-02,-7.142369237527650128e-02,5.667377587708000153e-01,0.000000000000000000e+00
5.645000000000000462e+00,-4.617167179058432880e-01,3.236644423131881942e-02,5.449626444043920159e-02,-7.173814251572165068e-02,5.623827416847456684e-01,0.000000000000000000e+00
5.650000000000000355e+00,-4.615478312548131901e-01,3.518417912240876660e-02,5.413681500519500200e-02,-7.203945594259571206e-02,5.580241665797933681e-01,0.000000000000000000e+00
5.655000000000000249e+00,-4.613649164770338151e-01,3.797769679836927870e-02,5.377589149931973761e-02,-7.232779831779798108e-02,5.536626180091976934e-01,0.000000000000000000e+00
5.660000000000000142e+00,-4.611680946282179505e-01,4.074700987064516777e-02,5.341355836543584812e-02,-7.260333457228509979e-02,5.492986709238159015e-01,0.000000000000000000e+00
5.665000000000000036e+00,-4.609574866940688298e-01,4.349213372320659410e-02,5.304987922337806028e-02,-7.286622888706278944e-02,5.449328907583299575e-01,0.000000000000000000e+00
5.669999999999999929e+00,-4.607332135765433434e-01,4.621308646230500028e-02,5.268491687398942080e-02,-7.311664467478284912e-02,5.405658335175053120e-01,0.000000000000000000e+00
5.674999999999999822e+00,-4.604953960803651047e-01,4.890988886673496711e-02,5.231873330300782637e-02,-7.335474456193430415e-02,5.361980458624682200e-01,0.000000000000000000e+00
5.679999999999999716e+00,-4.602441548997850407e-01,5.158256433860098494e-02,5.195138968504012938e-02,-7.358069037161761583e-02,5.318300651969909421e-01,0.000000000000000000e+00
5.685000000000000497e+00,-4.599796106055869527e-01,5.423113885458785699e-02,5.158294638762098150e-02,-7.379464310689141937e-02,5.274624197537641779e-01,0.000000000000000000e+00
5.690000000000000391e+00,-4.597018836323353286e-01,5.685564091773364498e-02,5.121346297535346592e-02,-7.399676293468117338e-02,5.230956286806429656e-01,0.000000000000000000e+00
5.695000000000000284e+00,-4.594110942658630736e-01,5.945610150970379038e-02,5.084299821412887471e-02,-7.418720917023947925e-02,5.187302021268540564e-01,0.000000000000000000e+00
5.700000000000000178e+00,-4.591073626309967737e-01,6.203255404356515512e-02,5.047161007542277228e-02,-7.436614026214791173e-02,5.143666413291438921e-01,0.000000000000000000e+00
5.705000000000000071e+00,-4.587908086795166041e-01,6.458503431705854558e-02,5.009935574066472913e-02,-7.453371377785049379e-02,5.100054386978556398e-01,0.000000000000000000e+00
5.709999999999999964e+00,-4.584615521783487191e-01,6.711358046636829722e-02,4.972629160567910989e-02,-7.469008638970910108e-02,5.056470779029222928e-01,0.000000000000000000e+00
5.714999999999999858e+00,-4.581197126979876799e-01,6.961823292038750444e-02,4.935247328519426491e-02,-7.483541386157123443e-02,5.012920339597559671e-01,0.000000000000000000e+00
5.719999999999999751e+00,-4.577654096011461449e-01,7.209903435547718176e-02,4.897795561741762754e-02,-7.496985103584076493e-02,4.969407733150236206e-01,0.000000000000000000e+00
5.725000000000000533e+00,-4.573987620316296021e-01,7.455602965071796151e-02,4.860279266867422593e-02,-7.509355182104252013e-02,4.925937539322937653e-01,0.000000000000000000e+00
5.730000000000000426e+00,-4.570198889034337020e-01,7.698926584365246850e-02,4.822703773810615990e-02,-7.520666917987153810e-02,4.882514253775381285e-01,0.000000000000000000e+00
5.735000000000000320e+00,-4.566289088900614135e-01,7.939879208651681730e-02,4.785074336243063525e-02,-7.530935511771824631e-02,4.839142289044788270e-01,0.000000000000000000e+00
5.740000000000000213e+00,-4.562259404140581731e-01,8.178465960295940029e-02,4.747396132075419606e-02,-7.540176067166075302e-02,4.795825975397613461e-01,0.000000000000000000e+00
5.745000000000000107e+00,-4.558111016367618618e-01,8.414692164524507911e-02,4.709674263944085143e-02,-7.548403589991560525e-02,4.752569561679466092e-01,0.000000000000000000e+00
5.750000000000000000e+00,-4.553845104482656669e-01,8.648563345194311414e-02,4.671913759703179986e-02,-7.555632987173870052e-02,4.709377216163035396e-01,0.000000000000000000e+00
5.754999999999999893e+00,-4.549462844575915543e-01,8.880085220609662544e-02,4.634119572921458624e-02,-7.561879065776790088e-02,4.666253027393926778e-01,0.000000000000000000e+00
5.759999999999999787e+00,-4.544965409830712399e-01,9.109263699387186441e-02,4.596296583383940870e-02,-7.567156532079927223e-02,4.623201005034258682e-01,0.000000000000000000e+00
5.764999999999999680e+00,-4.540353970429331087e-01,9.336104876368508942e-02,4.558449597598050740e-02,-7.571479990698878892e-02,4.580225080703914098e-01,0.000000000000000000e+00
5.770000000000000462e+00,-4.535629693460920264e-01,9.560615028580511654e-02,4.520583349304049120e-02,-7.574863943747167649e-02,4.537329108819311285e-01,0.000000000000000000e+00
5.775000000000000355e+00,-4.530793742831402127e-01,9.782800611242924160e-02,4.482702499989552752e-02,-7.577322790039153766e-02,4.494516867429576568e-01,0.000000000000000000e+00
5.780000000000000249e+00,-4.525847279175364002e-01,1.000266825382305352e-01,4.444811639407940385e-02,-7.578870824333154566e-02,4.451792059050006523e-01,0.000000000000000000e+00
5.785000000000000142e+00,-4.520791459769910037e-01,1.022022475613741932e-01,4.406915286100442086e-02,-7.579522236614016917e-02,4.409158311492697990e-01,0.000000000000000000e+00
5.790000000000000036e+00,-4.515627438450452447e-01,1.043547708450006523e-01,4.369017887921718829e-02,-7.579291111414394877e-02,4.366619178694235992e-01,0.000000000000000000e+00
5.794999999999999929e+00,-4.510356365528416234e-01,1.064843236791732234e-01,4.331123822568741510e-02,-7.578191427173995576e-02,4.324178141540322429e-01,0.000000000000000000e+00
5.799999999999999822e+00,-4.504979387710833505e-01,1.085909789432877998e-01,4.293237398112779296e-02,-7.576237055636067530e-02,4.281838608687261738e-01,0.000000000000000000e+00
5.804999999999999716e+00,-4.499497648021808516e-01,1.106748110689423636e-01,4.255362853534316175e-02,-7.573441761280418072e-02,4.239603917380158626e-01,0.000000000000000000e+00
5.810000000000000497e+00,-4.493912285725825129e-01,1.127358960032636276e-01,4.217504359260708380e-02,-7.569819200792252123e-02,4.197477334267767368e-01,0.000000000000000000e+00
5.815000000000000391e+00,-4.488224436252877814e-01,1.147743111726885618e-01,4.179666017706414050e-02,-7.565382922566138424e-02,4.155462056213850564e-01,0.000000000000000000e+00
5.820000000000000284e+00,-4.482435231125403430e-01,1.167901354471980735e-01,4.141851863815613349e-02,-7.560146366244420435e-02,4.113561211104982962e-01,0.000000000000000000e+00
5.825000000000000178e+00,-4.476545797886987144e-01,1.187834491050003827e-01,4.104065865607053887e-02,-7.554122862289380791e-02,4.071777858654697102e-01,0.000000000000000000e+00
5.830000000000000071e+00,-4.470557260032825830e-01,1.207543337976614423e-01,4.066311924720951432e-02,-7.547325631588513994e-02,4.030114991203864738e-01,0.000000000000000000e+00
5.834999999999999964e+00,-4.464470736941921758e-01,1.227028725156797395e-01,4.028593876967781484e-02,-7.539767785092223173e-02,3.988575534517227461e-01,0.000000000000000000e+00
5.839999999999999858e+00,-4.458287343810988235e-01,1.246291495545027855e-01,3.990915492878806259e-02,-7.531462323483315013e-02,3.947162348576004343e-01,0.000000000000000000e+00
5.844999999999999751e+00,-4.452008191590042241e-01,1.265332504809826286e-01,3.953280478258171943e-02,-7.522422136877628118e-02,3.905878228366481131e-01,0.000000000000000000e+00
5.850000000000000533e+00,-4.445634386919662950e-01,1.284152621002675465e-01,3.915692474736431200e-02,-7.512660004555177240e-02,3.864725904664488287e-01,0.000000000000000000e+00
5.855000000000000426e+00,-4.439167032069897822e-01,1.302752724231271420e-01,3.878155060325328557e-02,-7.502188594721183323e-02,3.823708044815705143e-01,0.000000000000000000e+00
5.860000000000000320e+00,-4.432607224880786290e-01,1.321133706337081215e-01,3.840671749973712662e-02,-7.491020464296363479e-02,3.782827253511701349e-01,0.000000000000000000e+00
5.865000000000000213e+00,-4.425956058704491047e-01,1.339296470577176768e-01,3.803245996124423461e-02,-7.479168058735886915e-02,3.742086073561639026e-01,0.000000000000000000e+00
5.870000000000000107e+00,-4.419214622349004751e-01,1.357241931310318450e-01,3.765881189272012042e-02,-7.466643711876377876e-02,3.701486986659583422e-01,0.000000000000000000e+00
5.875000000000000000e+00,-4.412384000023418240e-01,1.374971013687257548e-01,3.728580658521161301e-02,-7.453459645810382728e-02,3.661032414147309955e-01,0.000000000000000000e+00
5.879999999999999893e+00,-4.405465271284725870e-01,1.392484653345228418e-01,3.691347672145662423e-02,-7.439627970787711375e-02,3.620724717772603740e-01,0.000000000000000000e+00
5.884999999999999787e+00,-4.398459510986148513e-01,1.409783796106600096e-01,3.654185438147820181e-02,-7.425160685143070149e-02,3.580566200442900637e-01,0.000000000000000000e+00
5.889999999999999680e+00,-4.391367789226951479e-01,1.426869397681659879e-01,3.617097104818155218e-02,-7.410069675249417176e-02,3.540559106974293102e-01,0.000000000000000000e+00
5.895000000000000462e+00,-4.384191171303741807e-01,1.443742423375495021e-01,3.580085761295279112e-02,-7.394366715496471232e-02,3.500705624835794283e-01,0.000000000000000000e+00
5.900000000000000355e+00,-4.376930717663216064e-01,1.460403847798944776e-01,3.543154438125811073e-02,-7.378063468293818983e-02,3.461007884888794850e-01,0.000000000000000000e+00
5.905000000000000249e+00,-4.369587483856346988e-01,1.476854654583590609e-01,3.506306107824220392e-02,-7.361171484098073814e-02,3.421467962121687578e-01,0.000000000000000000e+00
5.910000000000000142e+00,-4.362162520493984563e-01,1.493095836100754858e-01,3.469543685432475294e-02,-7.343702201463525592e-02,3.382087876379584745e-01,0.000000000000000000e+00
5.915000000000000036e+00,-4.354656873203849865e-01,1.509128393184475392e-01,3.432870029079380242e-02,-7.325666947115763716e-02,3.342869593089082825e-01,0.000000000000000000e+00
5.919999999999999929e+00,-4.347071582588907246e-01,1.524953334858426546e-01,3.396287940539487182e-02,-7.307076936047730842e-02,3.303815023978037835e-01,0.000000000000000000e+00
5.924999999999999822e+00,-4.339407684187089886e-01,1.540571678066753047e-01,3.359800165791473892e-02,-7.287943271637682685e-02,3.264926027790271967e-01,0.000000000000000000e+00
5.929999999999999716e+00,-4.331666208432362608e-01,1.555984447408787219e-01,3.323409395575877695e-02,-7.268276945788543220e-02,3.226204410995209826e-01,0.000000000000000000e+00
5.935000000000000497e+00,-4.323848180617100856e-01,1.571192674877615325e-01,3.287118265952080481e-02,-7.248088839088137614e-02,3.187651928492374886e-01,0.000000000000000000e+00
5.940000000000000391e+00,-4.315954620855768087e-01,1.586197399602464198e-01,3.250929358854440232e-02,-7.227389720989801924e-02,3.149270284310706769e-01,0.000000000000000000e+00
5.945000000000000284e+00,-4.307986544049871025e-01,1.600999667594872888e-01,3.214845202647471228e-02,-7.206190250012869947e-02,3.111061132302675447e-01,0.000000000000000000e+00
5.950000000000000178e+00,-4.299944959854173909e-01,1.615600531498619097e-01,3.178868272679970935e-02,-7.184500973962547332e-02,3.073026076833147435e-01,0.000000000000000000e+00
5.955000000000000071e+00,-4.291830872644156747e-01,1.630001050343367897e-01,3.143000991838004049e-02,-7.162332330168683092e-02,3.035166673462976195e-01,0.000000000000000000e+00
5.959999999999999964e+00,-4.283645281484691481e-01,1.644202289302009456e-01,3.107245731096640665e-02,-7.139694645742963863e-02,2.997484429627275682e-01,0.000000000000000000e+00
5.964999999999999858e+00,-4.275389180099926634e-01,1.658205319451653559e-01,3.071604810070369812e-02,-7.116598137854056316e-02,2.959980805308363716e-01,0.000000000000000000e+00
5.969999999999999751e+00,-4.267063556844356564e-01,1.672011217538249550e-01,3.036080497562087741e-02,-7.093052914020231414e-02,2.922657213703327428e-01,0.000000000000000000e+00
5.975000000000000533e+00,-4.258669394675056452e-01,1.685621065744797031e-01,3.000675012110583934e-02,-7.069068972419007002e-02,2.885515021886210785e-01,0.000000000000000000e+00
5.980000000000000426e+00,-4.250207671125070252e-01,1.699035951463115923e-01,2.965390522536435688e-02,-7.044656202213357699e-02,2.848555551464775348e-01,0.000000000000000000e+00
5.985000000000000320e+00,-4.241679358277929968e-01,1.712256967069142877e-01,2.930229148486232504e-02,-7.019824383894046615e-02,2.811780079231829821e-01,0.000000000000000000e+00
5.990000000000000213e+00,-4.233085422743289028e-01,1.725285209701721001e-01,2.895192960975047705e-02,-6.994583189637627874e-02,2.775189837811111171e-01,0.000000000000000000e+00
5.995000000000000107e+00,-4.224426825633653682e-01,1.738121781044849601e-01,2.860283982927082358e-02,-6.968942183679686930e-02,2.738786016297674597e-01,0.000000000000000000e+00
6.000000000000000000e+00,-4.215704522542194077e-01,1.750767787113362839e-01,2.825504189714407241e-02,-6.942910822702894058e-02,2.702569760892822304e-01,0.000000000000000000e+00
6.004999999999999893e+00,-4.206919463521620051e-01,1.763224338042001516e-01,2.790855509693726533e-02,-6.916498456239443537e-02,2.666542175533495040e-01,0.000000000000000000e+00
6.009999999999999787e+00,-4.198072593064101077e-01,1.775492547877848271e-01,2.756339824741094527e-02,-6.889714327087452517e-02,2.630704322516185245e-01,0.000000000000000000e+00
6.015000000000000568e+00,-4.189164850082215952e-01,1.787573534376090123e-01,2.721958970784517373e-02,-6.862567571740914307e-02,2.595057223115297407e-01,0.000000000000000000e+00
6.020000000000000462e+00,-4.180197167890916665e-01,1.799468418799078651e-01,2.687714738334371148e-02,-6.835067220832805046e-02,2.559601858195992286e-01,0.000000000000000000e+00
6.025000000000000355e+00,-4.171170474190488697e-01,1.811178325718652005e-01,2.653608873011572417e-02,-6.807222199590927392e-02,2.524339168821475576e-01,0.000000000000000000e+00
6.030000000000000249e+00,-4.162085691050489422e-01,1.822704382821688507e-01,2.619643076073438492e-02,-6.779041328306108227e-02,2.489270056854757107e-01,0.000000000000000000e+00
6.035000000000000142e+00,-4.152943734894654071e-01,1.834047720718856300e-01,2.585819004937177715e-02,-6.750533322812361792e-02,2.454395385554842268e-01,0.000000000000000000e+00
6.040000000000000036e+00,-4.143745516486747049e-01,1.845209472756528801e-01,2.552138273700947993e-02,-6.721706794978619948e-02,2.419715980167383429e-01,0.000000000000000000e+00
6.044999999999999929e+00,-4.134491940917348063e-01,1.856190774831832091e-01,2.518602453662429491e-02,-6.692570253211671538e-02,2.385232628509774688e-01,0.000000000000000000e+00
6.049999999999999822e+00,-4.125183907591553623e-01,1.866992765210791216e-01,2.485213073834855943e-02,-6.663132102969925030e-02,2.350946081550688294e-01,0.000000000000000000e+00
6.054999999999999716e+00,-4.115822310217580604e-01,1.877616584349543483e-01,2.451971621460450126e-02,-6.633400647287632235e-02,2.316857053984070491e-01,0.000000000000000000e+00
6.060000000000000497e+00,-4.106408036796257432e-01,1.888063374718586263e-01,2.418879542521212150e-02,-6.603384087309209505e-02,2.282966224797579602e-01,0.000000000000000000e+00
6.065000000000000391e+00,-4.096941969611384016e-01,1.898334280630026016e-01,2.385938242247013716e-02,-6.573090522833309468e-02,2.249274237835486856e-01,0.000000000000000000e+00
6.070000000000000284e+00,-4.087424985220950435e-01,1.908430448067797713e-01,2.353149085620946657e-02,-6.542527952866281082e-02,2.215781702356045546e-01,0.000000000000000000e+00
6.075000000000000178e+00,-4.077857954449194966e-01,1.918353024520820793e-01,2.320513397881881004e-02,-6.511704276184686335e-02,2.182489193583318776e-01,0.000000000000000000e+00
6.080000000000000071e+00,-4.068241742379492543e-01,1.928103158819059748e-01,2.288032465024190942e-02,-6.480627291906521092e-02,2.149397253253500506e-01,0.000000000000000000e+00
6.084999999999999964e+00,-4.058577208348049803e-01,1.937682000972458796e-01,2.255707534294600775e-02,-6.449304700070819518e-02,2.116506390155718509e-01,0.000000000000000000e+00
6.089999999999999858e+00,-4.048865205938405598e-01,1.947090702012717334e-01,2.223539814686114474e-02,-6.417744102225311775e-02,2.083817080667339783e-01,0.000000000000000000e+00
6.094999999999999751e+00,-4.039106582976709214e-01,1.956330413837873983e-01,2.191530477428986837e-02,-6.385953002021803326e-02,2.051329769283793403e-01,0.000000000000000000e+00
6.100000000000000533e+00,-4.029302181527773530e-01,1.965402289059668961e-01,2.159680656478699112e-02,-6.353938805818969138e-02,2.019044869142914977e-01,0.000000000000000000e+00
6.105000000000000426e+00,-4.019452837891879793e-01,1.974307480853652597e-01,2.127991449000903035e-02,-6.321708823292251922e-02,1.986962762543835748e-01,0.000000000000000000e+00
6.110000000000000320e+00,-4.009559382602330690e-01,1.983047142812006947e-01,2.096463915853297513e-02,-6.289270268050543844e-02,1.955083801460428539e-01,0.000000000000000000e+00
6.115000000000000213e+00,-3.999622640423726727e-01,1.991622428799052769e-01,2.065099082064406413e-02,-6.256630258259371358e-02,1.923408308049327498e-01,0.000000000000000000e+00
6.120000000000000107e+00,-3.989643430350963693e-01,2.000034492809407149e-01,2.033897937309224468e-02,-6.223795817270270231e-02,1.891936575152539657e-01,0.000000000000000000e+00
6.125000000000000000e+00,-3.979622565608927909e-01,2.008284488828763203e-01,2.002861436381701138e-02,-6.190773874256069037e-02,1.860668866794662757e-01,0.000000000000000000e+00
6.129999999999999893e+00,-3.969560853652885912e-01,2.016373570697259088e-01,1.971990499664035001e-02,-6.157571264851795928e-02,1.829605418674746797e-01,0.000000000000000000e+00
6.134999999999999787e+00,-3.959459096169546388e-01,2.024302891975408025e-01,1.941286013592748161e-02,-6.124194731800920721e-02,1.798746438652782942e-01,0.000000000000000000e+00
6.140000000000000568e+00,-3.949318089078789340e-01,2.032073605812556305e-01,1.910748831121518790e-02,-6.090650925606669319e-02,1.768092107230892218e-01,0.000000000000000000e+00
6.145000000000000462e+00,-3.939138622536045853e-01,2.039686864817840117e-01,1.880379772180743037e-02,-6.056946405188130128e-02,1.737642578029176821e-01,0.000000000000000000e+00
6.150000000000000355e+00,-3.928921480935315125e-01,2.047143820933612357e-01,1.850179624133807196e-02,-6.023087638540890881e-02,1.707397978256323112e-01,0.000000000000000000e+00
6.155000000000000249e+00,-3.918667442912811549e-01,2.054445625311306090e-01,1.820149142230043787e-02,-5.989081003401951209e-02,1.677358409174918574e-01,0.000000000000000000e+00
6.160000000000000142e+00,-3.908377281351222976e-01,2.061593428189708310e-01,1.790289050054353487e-02,-5.954932787918646581e-02,1.647523946561544050e-01,0.000000000000000000e+00
6.165000000000000036e+00,-3.898051763384574597e-01,2.068588378775612358e-01,1.760600039973474543e-02,-5.920649191321340765e-02,1.617894641161664870e-01,0.000000000000000000e+00
6.169999999999999929e+00,-3.887691650403681254e-01,2.075431625126819835e-01,1.731082773578877104e-02,-5.886236324599639774e-02,1.588470519139324744e-01,0.000000000000000000e+00
6.174999999999999822e+00,-3.877297698062181497e-01,2.082124314037463175e-01,1.701737882126270335e-02,-5.851700211181885131e-02,1.559251582521695434e-01,0.000000000000000000e+00
6.179999999999999716e+00,-3.866870656283136753e-01,2.088667590925620265e-01,1.672565966971703913e-02,-5.817046787617694004e-02,1.530237809638493873e-01,0.000000000000000000e+00
6.185000000000000497e+00,-3.856411269266187825e-01,2.095062599723190033e-01,1.643567600004248661e-02,-5.782281904263314454e-02,1.501429155556300021e-01,0.000000000000000000e+00
6.190000000000000391e+00,-3.845920275495256502e-01,2.101310482768003751e-01,1.614743324075244846e-02,-5.747411325969568885e-02,1.472825552507798508e-01,0.000000000000000000e+00
6.195000000000000284e+00,-3.835398407746781757e-01,2.107412380698139853e-01,1.586093653424104286e-02,-5.712440732772163660e-02,1.444426910315984858e-01,0.000000000000000000e+00
6.200000000000000178e+00,-3.824846393098477182e-01,2.113369432348417565e-01,1.557619074100656184e-02,-5.677375720584151852e-02,1.416233116813357396e-01,0.000000000000000000e+00
6.205000000000000071e+00,-3.814264952938601905e-01,2.119182774649038536e-01,1.529320044384024739e-02,-5.642221801890335425e-02,1.388244038256119806e-01,0.000000000000000000e+00
6.209999999999999964e+00,-3.803654802975733884e-01,2.124853542526349837e-01,1.501196995198030709e-02,-5.606984406443396574e-02,1.360459519733444866e-01,0.000000000000000000e+00
6.214999999999999858e+00,-3.793016653249030590e-01,2.130382868805701380e-01,1.473250330523108789e-02,-5.571668881961559100e-02,1.332879385571806852e-01,0.000000000000000000e+00
6.219999999999999751e+00,-3.782351208138973742e-01,2.135771884116367536e-01,1.445480427804732466e-02,-5.536280494827579279e-02,1.305503439734431170e-01,0.000000000000000000e+00
6.225000000000000533e+00,-3.771659166378584227e-01,2.141021716798510166e-01,1.417887638358341848e-02,-5.500824430788874703e-02,1.278331466215888446e-01,0.000000000000000000e+00
6.230000000000000426e+00,-3.760941221065093876e-01,2.146133492812151156e-01,1.390472287770767694e-02,-5.465305795658595422e-02,1.251363229431859958e-01,0.000000000000000000e+00
6.235000000000000320e+00,-3.750198059672071316e-01,2.151108335648131975e-01,1.363234676298149053e-02,-5.429729616017459071e-02,1.224598474604121912e-01,0.000000000000000000e+00
6.240000000000000213e+00,-3.739430364061985257e-01,2.155947366241030838e-01,1.336175079260338780e-02,-5.394100839916164680e-02,1.198036928140761570e-01,0.000000000000000000e+00
6.245000000000000107e+00,-3.728638810499200207e-01,2.160651702884012204e-01,1.309293747431797446e-02,-5.358424337578211044e-02,1.171678298011677444e-01,0.000000000000000000e+00
6.250000000000000000e+00,-3.717824069663391851e-01,2.165222461145581978e-01,1.282590907428971319e-02,-5.322704902102940588e-02,1.145522274119391004e-01,0.000000000000000000e+00
6.254999999999999893e+00,-3.706986806663375988e-01,2.169660753788224539e-01,1.256066762094155444e-02,-5.286947250168651247e-02,1.119568528665195462e-01,0.000000000000000000e+00
6.259999999999999787e+00,-3.696127681051336045e-01,2.173967690688891619e-01,1.229721490875841476e-02,-5.251156022735600087e-02,1.093816716510692955e-01,0.000000000000000000e+00
6.265000000000000568e+00,-3.685247346837446925e-01,2.178144378761323052e-01,1.203555250205550799e-02,-5.215335785748746039e-02,1.068266475534742355e-01,0.000000000000000000e+00
6.270000000000000462e+00,-3.674346452504881344e-01,2.182191921880169139e-01,1.177568173871154818e-02,-5.179491030840071425e-02,1.042917426985859319e-01,0.000000000000000000e+00
6.275000000000000355e+00,-3.663425641025190860e-01,2.186111420806893246e-01,1.151760373386685569e-02,-5.143626176030333813e-02,1.017769175830093298e-01,0.000000000000000000e+00
6.280000000000000249e+00,-3.652485549874054938e-01,2.189903973117428015e-01,1.126131938358638368e-02,-5.107745566430093448e-02,9.928213110944400510e-02,0.000000000000000000e+00
6.285000000000000142e+00,-3.641526811047383627e-01,2.193570673131560733e-01,1.100682936848772567e-02,-5.071853474939876788e-02,9.680734062057952394e-02,0.000000000000000000e+00
6.290000000000000036e+00,-3.630550051077772178e-01,2.197112611844024010e-01,1.075413415733413210e-02,-5.035954102949333211e-02,9.435250193255109719e-02,0.000000000000000000e+00
6.294999999999999929e+00,-3.619555891051296492e-01,2.200530876857268447e-01,1.050323401059259643e-02,-5.000051581035246107e-02,9.191756936795789090e-02,0.000000000000000000e+00
6.299999999999999822e+00,-3.608544946624636096e-01,2.203826552315891474e-01,1.025412898395707852e-02,-4.964149969658267908e-02,8.950249578844718390e-02,0.000000000000000000e+00
6.304999999999999716e+00,-3.597517828042527399e-01,2.207000718842700160e-01,1.000681893183691905e-02,-4.928253259858247221e-02,8.710723262687009028e-02,0.000000000000000000e+00
6.310000000000000497e+00,-3.586475140155526153e-01,2.210054453476383851e-01,9.761303510810528244e-03,-4.892365373948019680e-02,8.473172991900890239e-02,0.000000000000000000e+00
6.315000000000000391e+00,-3.575417482438082439e-01,2.212988829610774699e-01,9.517582183044426963e-03,-4.856490166205545272e-02,8.237593633488435318e-02,0.000000000000000000e+00
6.320000000000000284e+00,-3.564345449006913191e-01,2.215804916935671942e-01,9.275654219677723425e-03,-4.820631423564266521e-02,8.003979920964232608e-02,0.000000000000000000e+00
6.325000000000000178e+00,-3.553259628639666157e-01,2.218503781379206341e-01,9.035518704172119248e-03,-4.784792866301575825e-02,7.772326457402567446e-02,0.000000000000000000e+00
6.330000000000000071e+00,-3.542160604793870293e-01,2.221086485051725623e-01,8.797174535627543673e-03,-4.748978148725278847e-02,7.542627718443473128e-02,0.000000000000000000e+00
6.334999999999999964e+00,-3.531048955626160946e-01,2.223554086191174284e-01,8.560620432063513127e-03,-4.713190859857941534e-02,7.314878055258047795e-02,0.000000000000000000e+00
6.339999999999999858e+00,-3.519925254011775917e-01,2.225907639109949709e-01,8.325854933666328866e-03,-4.677434524119019471e-02,7.089071697473259270e-02,0.000000000000000000e+00
6.344999999999999751e+00,-3.508790067564312998e-01,2.228148194143209915e-01,8.092876406002230683e-03,-4.641712602004664096e-02,6.865202756056729139e-02,0.000000000000000000e+00
6.350000000000000533e+00,-3.497643958655742291e-01,2.230276797598612637e-01,7.861683043196617676e-03,-4.606028490765106537e-02,6.643265226161937376e-02,0.000000000000000000e+00
6.355000000000000426e+00,-3.486487484436666673e-01,2.232294491707464690e-01,7.632272871079456671e-03,-4.570385525079521949e-02,6.423252989933994628e-02,0.000000000000000000e+00
6.360000000000000320e+00,-3.475321196856822059e-01,2.234202314577259374e-01,7.404643750297024846e-03,-4.534786977728285512e-02,6.205159819276559463e-02,0.000000000000000000e+00
6.365000000000000213e+00,-3.464145642685813042e-01,2.236001300145582238e-01,7.178793379390094147e-03,-4.499236060262522957e-02,5.988979378580175372e-02,0.000000000000000000e+00
6.370000000000000107e+00,-3.452961363534074457e-01,2.237692478135363261e-01,6.954719297838714460e-03,-4.463735923670873740e-02,5.774705227412366138e-02,0.000000000000000000e+00
6.375000000000000000e+00,-3.441768895874053324e-01,2.239276874011455476e-01,6.732418889073729998e-03,-4.428289659043380122e-02,5.562330823169969740e-02,0.000000000000000000e+00
6.379999999999999893e+00,-3.430568771061606737e-01,2.240755508938520879e-01,6.511889383455170266e-03,-4.392900298232421674e-02,5.351849523693930077e-02,0.000000000000000000e+00
6.384999999999999787e+00,-3.419361515357603465e-01,2.242129399740202256e-01,6.293127861217676089e-03,-4.357570814510615398e-02,5.143254589847090497e-02,0.000000000000000000e+00
6.390000000000000568e+00,-3.408147649949729852e-01,2.243399558859560661e-01,6.076131255383102926e-03,-4.322304123225606531e-02,4.936539188055164007e-02,0.000000000000000000e+00
6.395000000000000462e+00,-3.396927690974487768e-01,2.244566994320761066e-01,5.860896354640466287e-03,-4.287103082451676483e-02,4.731696392811399199e-02,0.000000000000000000e+00
6.400000000000000355e+00,-3.385702149539383532e-01,2.245632709691984807e-01,5.647419806193387098e-03,-4.251970493638100590e-02,4.528719189145205548e-02,0.000000000000000000e+00
6.405000000000000249e+00,-3.374471531745297237e-01,2.246597704049550781e-01,5.435698118575202700e-03,-4.216909102254179365e-02,4.327600475055207174e-02,0.000000000000000000e+00
6.410000000000000142e+00,-3.363236338709029716e-01,2.247462971943226528e-01,5.225727664431910856e-03,-4.181921598430889120e-02,4.128333063906911016e-02,0.000000000000000000e+00
6.415000000000000036e+00,-3.351997066586019369e-01,2.248229503362709214e-01,5.017504683273114191e-03,-4.147010617599082571e-02,3.930909686795600044e-02,0.000000000000000000e+00
6.419999999999999929e+00,-3.340754206593223863e-01,2.248898283705259016e-01,4.811025284191145467e-03,-4.112178741124178361e-02,3.735322994874534785e-02,0.000000000000000000e+00
6.424999999999999822e+00,-3.329508245032161140e-01,2.249470293744467719e-01,4.606285448548548024e-03,-4.077428496937288149e-02,3.541565561649084870e-02,0.000000000000000000e+00
6.429999999999999716e+00,-3.318259663312103092e-01,2.249946509600141420e-01,4.403281032634084879e-03,-4.042762360162717450e-02,3.349629885236904414e-02,0.000000000000000000e+00
6.435000000000000497e+00,-3.307008937973417995e-01,2.250327902709283456e-01,4.202007770287471619e-03,-4.008182753741795779e-02,3.159508390594739646e-02,0.000000000000000000e+00
6.440000000000000391e+00,-3.295756540711054505e-01,2.250615439798155093e-01,4.002461275493003102e-03,-3.973692049052979236e-02,2.971193431711996458e-02,0.000000000000000000e+00
6.445000000000000284e+00,-3.284502938398162764e-01,2.250810082855402017e-01,3.804637044942276499e-03,-3.939292566528180412e-02,2.784677293771625761e-02,0.000000000000000000e+00
6.450000000000000178e+00,-3.273248593109847615e-01,2.250912789106224166e-01,3.608530460566188036e-03,-3.904986576265277037e-02,2.599952195278534828e-02,0.000000000000000000e+00
6.455000000000000071e+00,-3.261993962147049508e-01,2.250924510987575566e-01,3.414136792036402083e-03,-3.870776298636761231e-02,2.417010290155888197e-02,0.000000000000000000e+00
6.459999999999999964e+00,-3.250739498060543076e-01,2.250846196124375864e-01,3.221451199236486859e-03,-3.836663904894475896e-02,2.235843669809781109e-02,0.000000000000000000e+00
6.464999999999999858e+00,-3.239485648675056728e-01,2.250678787306716888e-01,3.030468734702909325e-03,-3.802651517770412604e-02,2.056444365162432564e-02,0.000000000000000000e+00
6.469999999999999751e+00,-3.228232857113501608e-01,2.250423222468047324e-01,2.841184346036091345e-03,-3.768741212073523084e-02,1.878804348654372625e-02,0.000000000000000000e+00
6.475000000000000533e+00,-3.216981561821306013e-01,2.250080434664322171e-01,2.653592878281724882e-03,-3.734935015282512399e-02,1.702915536215948711e-02,0.000000000000000000e+00
6.480000000000000426e+00,-3.205732196590854732e-01,2.249651352054095332e-01,2.467689076282549195e-03,-3.701234908134580504e-02,1.528769789208431207e-02,0.000000000000000000e+00
6.485000000000000320e+00,-3.194485190586022205e-01,2.249136897879546459e-01,2.283467587000791686e-03,-3.667642825210078866e-02,1.356358916335148601e-02,0.000000000000000000e+00
6.490000000000000213e+00,-3.183240968366800594e-01,2.248537990448420121e-01,2.100922961811480579e-03,-3.634160655513052340e-02,1.185674675522885302e-02,0.000000000000000000e+00
6.495000000000000107e+00,-3.171999949914016681e-01,2.247855543116866195e-01,1.920049658766832595e-03,-3.600790243047639200e-02,1.016708775773972340e-02,0.000000000000000000e+00
6.500000000000000000e+00,-3.160762550654128145e-01,2.247090464273163446e-01,1.740842044831924455e-03,-3.567533387390304372e-02,8.494528789893263099e-03,0.000000000000000000e+00
6.504999999999999893e+00,-3.149529181484104212e-01,2.246243657322313514e-01,1.563294398091858968e-03,-3.534391844257875337e-02,6.838986017628084779e-03,0.000000000000000000e+00
6.509999999999999787e+00,-3.138300248796376812e-01,2.245316020671488666e-01,1.387400909930633450e-03,-3.501367326071364028e-02,5.200375171472315650e-03,0.000000000000000000e+00
6.515000000000000568e+00,-3.127076154503866667e-01,2.244308447716319155e-01,1.213155687181922959e-03,-3.468461502515553935e-02,3.578611563923139727e-03,0.000000000000000000e+00
6.520000000000000462e+00,-3.115857296065071003e-01,2.243221826828006304e-01,1.040552754251991086e-03,-3.435676001094324639e-02,1.973610106549172905e-03,0.000000000000000000e+00
6.525000000000000355e+00,-3.104644066509217870e-01,2.242057041341245782e-01,8.695860552149404675e-04,-3.403012407681706847e-02,3.852853268188627389e-04,0.000000000000000000e+00
6.530000000000000249e+00,-3.093436854461476537e-01,2.240814969542948287e-01,7.002494558805190004e-04,-3.370472267068642946e-02,-1.186448615341617607e-03,0.000000000000000000e+00
6.535000000000000142e+00,-3.082236044168223943e-01,2.239496484661742393e-01,5.325367458346943637e-04,-3.338057083505441280e-02,-2.741677911258413869e-03,0.000000000000000000e+00
6.540000000000000036e+00,-3.071042015522358892e-01,2.238102454858247048e-01,3.664416404532144528e-04,-3.305768321239913737e-02,-4.280489087484323774e-03,0.000000000000000000e+00
6.544999999999999929e+00,-3.059855144088667322e-01,2.236633743216099313e-01,2.019577828883690194e-04,-3.273607405051178615e-02,-5.802968990034573782e-03,0.000000000000000000e+00
6.549999999999999822e+00,-3.048675801129225316e-01,2.235091207733723717e-01,3.907874602916992573e-05,-3.241575720779121816e-02,-7.309204768880778191e-03,0.000000000000000000e+00
6.554999999999999716e+00,-3.037504353628847076e-01,2.233475701316829931e-01,-1.222019655648335778e-04,-3.209674615849508750e-02,-8.799283862700221781e-03,0.000000000000000000e+00
6.560000000000000497e+00,-3.026341164320562882e-01,2.231788071771627913e-01,-2.818909137558854366e-04,-3.177905399794734437e-02,-1.027329398387702430e-02,0.000000000000000000e+00
6.565000000000000391e+00,-3.015186591711134789e-01,2.230029161798743609e-01,-4.399947249462822334e-04,-3.146269344770210447e-02,-1.173132310375298026e-02,0.000000000000000000e+00
6.570000000000000284e+00,-3.004040990106596198e-01,2.228199808987826047e-01,-5.965200882223425320e-04,-3.114767686066376856e-02,-1.317345943812388287e-02,0.000000000000000000e+00
6.575000000000000178e+00,-2.992904709637819738e-01,2.226300845812830831e-01,-7.514737535238677664e-04,-3.083401622616343749e-02,-1.459979143297952808e-02,0.000000000000000000e+00
6.580000000000000071e+00,-2.981778096286106794e-01,2.224333099627970045e-01,-9.048625298388752319e-04,-3.052172317499152882e-02,-1.601040775048383213e-02,0.000000000000000000e+00
6.584999999999999964e+00,-2.970661491908793694e-01,2.222297392664313864e-01,-1.056693283423385064e-03,-3.021080898438658138e-02,-1.740539725519206493e-02,0.000000000000000000e+00
6.589999999999999858e+00,-2.959555234264875101e-01,2.220194542027032203e-01,-1.206972936046041625e-03,-2.990128458298028924e-02,-1.878484900050284012e-02,0.000000000000000000e+00
6.594999999999999751e+00,-2.948459657040639059e-01,2.218025359693267529e-01,-1.355708463257350839e-03,-2.959316055569871304e-02,-2.014885221534112869e-02,0.000000000000000000e+00
6.600000000000000533e+00,-2.937375089875312040e-01,2.215790652510621628e-01,-1.502906892683313371e-03,-2.928644714861973475e-02,-2.149749629107085280e-02,0.000000000000000000e+00
6.605000000000000426e+00,-2.926301858386707311e-01,2.213491222196250774e-01,-1.648575302343236598e-03,-2.898115427378674877e-02,-2.283087076863210552e-02,0.000000000000000000e+00
6.610000000000000320e+00,-2.915240284196879972e-01,2.211127865336552090e-01,-1.792720818991505290e-03,-2.867729151397863802e-02,-2.414906532590273269e-02,0.000000000000000000e+00
6.615000000000000213e+00,-2.904190684957779212e-01,2.208701373387434719e-01,-1.935350616483092617e-03,-2.837486812743609393e-02,-2.545216976527939212e-02,0.000000000000000000e+00
6.620000000000000107e+00,-2.893153374376899456e-01,2.206212532675161375e-01,-2.076471914162594887e-03,-2.807389305254431866e-02,-2.674027400147645228e-02,0.000000000000000000e+00
6.625000000000000000e+00,-2.882128662242924855e-01,2.203662124397750832e-01,-2.216091975276569467e-03,-2.777437491247217866e-02,-2.801346804953971925e-02,0.000000000000000000e+00
6.629999999999999893e+00,-2.871116854451366551e-01,2.201050924626930527e-01,-2.354218105408960142e-03,-2.747632201976790353e-02,-2.927184201307223010e-02,0.000000000000000000e+00
6.634999999999999787e+00,-2.860118253030187185e-01,2.198379704310626515e-01,-2.490857650939394367e-03,-2.717974238091138556e-02,-3.051548607266954538e-02,0.000000000000000000e+00
6.640000000000000568e+00,-2.849133156165413738e-01,2.195649229275984660e-01,-2.626017997524129725e-03,-2.688464370082318741e-02,-3.174449047456195938e-02,0.000000000000000000e+00
6.645000000000000462e+00,-2.838161858226731504e-01,2.192860260232906977e-01,-2.759706568599441627e-03,-2.659103338733037614e-02,-3.295894551946085271e-02,0.000000000000000000e+00
6.650000000000000355e+00,-2.827204649793061408e-01,2.190013552778097838e-01,-2.891930823907230223e-03,-2.629891855558924227e-02,-3.415894155160646706e-02,0.000000000000000000e+00
6.655000000000000249e+00,-2.816261817678114565e-01,2.187109857399607282e-01,-3.022698258042633580e-03,-2.600830603246508110e-02,-3.534456894801496496e-02,0.000000000000000000e+00
6.660000000000000142e+00,-2.805333644955922967e-01,2.184149919481861712e-01,-3.152016399023432891e-03,-2.571920236086910547e-02,-3.651591810792177012e-02,0.000000000000000000e+00
6.665000000000000036e+00,-2.794420410986344083e-01,2.181134479311172825e-01,-3.279892806881034607e-03,-2.543161380405266001e-02,-3.767307944241896078e-02,0.000000000000000000e+00
6.669999999999999929e+00,-2.783522391440536592e-01,2.178064272081714770e-01,-3.406335072272820026e-03,-2.514554634985886189e-02,-3.881614336428403089e-02,0.000000000000000000e+00
6.674999999999999822e+00,-2.772639858326405582e-01,2.174940027901959838e-01,-3.531350815115642024e-03,-2.486100571493179631e-02,-3.994520027799769446e-02,0.000000000000000000e+00
6.679999999999999716e+00,-2.761773080014013892e-01,2.171762471801563510e-01,-3.654947683240267284e-03,-2.457799734888344023e-02,-4.106034056994828374e-02,0.000000000000000000e+00
6.685000000000000497e+00,-2.750922321260957371e-01,2.168532323738689704e-01,-3.777133351066543684e-03,-2.429652643841846704e-02,-4.216165459881983379e-02,0.000000000000000000e+00
6.690000000000000391e+00,-2.740087843237704601e-01,2.165250298607765689e-01,-3.897915518299089038e-03,-2.401659791141708480e-02,-4.324923268616244487e-02,0.000000000000000000e+00
6.695000000000000284e+00,-2.729269903552893894e-01,2.161917106247659981e-01,-4.017301908643288247e-03,-2.373821644097608846e-02,-4.432316510714157110e-02,0.000000000000000000e+00
6.700000000000000178e+00,-2.718468756278590304e-01,2.158533451450272145e-01,-4.135300268541392855e-03,-2.346138644940829604e-02,-4.538354208146432034e-02,0.000000000000000000e+00
6.705000000000000071e+00,-2.707684651975498236e-01,2.155100033969528095e-01,-4.251918365928512682e-03,-2.318611211220053883e-02,-4.643045376448037831e-02,0.000000000000000000e+00
6.709999999999999964e+00,-2.696917837718127986e-01,2.151617548530768420e-01,-4.367163989008295694e-03,-2.291239736193042414e-02,-4.746399023845536413e-02,0.000000000000000000e+00
6.714999999999999858e+00,-2.686168557119913980e-01,2.148086684840525562e-01,-4.481044945048086661e-03,-2.264024589214201980e-02,-4.848424150401405008e-02,0.000000000000000000e+00
6.719999999999999751e+00,-2.675437050358284163e-01,2.144508127596679303e-01,-4.593569059193365091e-03,-2.236966116118067199e-02,-4.949129747175144700e-02,0.000000000000000000e+00
6.725000000000000533e+00,-2.664723554199677213e-01,2.140882556498980849e-01,-4.704744173301253843e-03,-2.210064639598717864e-02,-5.048524795400946563e-02,0.000000000000000000e+00
6.730000000000000426e+00,-2.654028302024505348e-01,2.137210646259940783e-01,-4.814578144792896336e-03,-2.183320459585148116e-02,-5.146618265681682236e-02,0.000000000000000000e+00
6.735000000000000320e+00,-2.643351523852062734e-01,2.133493066616070077e-01,-4.923078845524503713e-03,-2.156733853612611412e-02,-5.243419117198998280e-02,0.000000000000000000e+00
6.740000000000000213e+00,-2.632693446365377832e-01,2.129730482339466935e-01,-5.030254160676867273e-03,-2.130305077189961413e-02,-5.338936296939318649e-02,0.000000000000000000e+00
6.745000000000000107e+00,-2.622054292936003561e-01,2.125923553249742248e-01,-5.136111987663139269e-03,-2.104034364163010623e-02,-5.433178738935547092e-02,0.000000000000000000e+00
6.750000000000000000e+00,-2.611434283648751964e-01,2.122072934226275909e-01,-5.240660235054681731e-03,-2.077921927073928671e-02,-5.526155363524203057e-02,0.000000000000000000e+00
6.754999999999999893e+00,-2.600833635326361137e-01,2.118179275220794799e-01,-5.343906821524788998e-03,-2.051967957516702065e-02,-5.617875076617824537e-02,0.000000000000000000e+00
6.759999999999999787e+00,-2.590252561554104438e-01,2.114243221270267481e-01,-5.445859674810081021e-03,-2.026172626488680073e-02,-5.708346768992469955e-02,0.000000000000000000e+00
6.765000000000000568e+00,-2.579691272704328631e-01,2.110265412510106409e-01,-5.546526730689380069e-03,-2.000536084738227527e-02,-5.797579315589972138e-02,0.000000000000000000e+00
6.770000000000000462e+00,-2.569149975960929866e-01,2.106246484187671020e-01,-5.645915931979873098e-03,-1.975058463108507814e-02,-5.885581574834947149e-02,0.000000000000000000e+00
6.775000000000000355e+00,-2.558628875343758602e-01,2.102187066676063920e-01,-5.744035227550363734e-03,-1.949739872877423452e-02,-5.972362387966162478e-02,0.000000000000000000e+00
6.780000000000000249e+00,-2.548128171732956249e-01,2.098087785488215173e-01,-5.840892571351431750e-03,-1.924580406093732293e-02,-6.057930578382161868e-02,0.000000000000000000e+00
6.785000000000000142e+00,-2.537648062893220202e-01,2.093949261291244146e-01,-5.936495921462295322e-03,-1.899580135909367806e-02,-6.142294951001012193e-02,0.000000000000000000e+00
6.790000000000000036e+00,-2.527188743497996160e-01,2.089772109921095855e-01,-6.030853239154202600e-03,-1.874739116907987030e-02,-6.225464291633764358e-02,0.000000000000000000e+00
6.794999999999999929e+00,-2.516750405153597714e-01,2.085556942397442659e-01,-6.123972487970150494e-03,-1.850057385429770135e-02,-6.307447366371718434e-02,0.000000000000000000e+00
6.799999999999999822e+00,-2.506333236423248234e-01,2.081304364938846019e-01,-6.215861632820757210e-03,-1.825534959892496575e-02,-6.388252920987054495e-02,0.000000000000000000e+00
6.804999999999999716e+00,-2.495937422851049470e-01,2.077014978978169724e-01,-6.306528639096087296e-03,-1.801171841108922464e-02,-6.467889680346802783e-02,0.000000000000000000e+00
6.810000000000000497e+00,-2.485563146985870775e-01,2.072689381178240975e-01,-6.395981471793262679e-03,-1.776968012600486230e-02,-6.546366347839892297e-02,0.000000000000000000e+00
6.815000000000000391e+00,-2.475210588405159229e-01,2.068328163447751278e-01,-6.484228094659659318e-03,-1.752923440907366154e-02,-6.623691604817082135e-02,0.000000000000000000e+00
6.820000000000000284e+00,-2.464879923738669820e-01,2.063931912957391035e-01,-6.571276469351523819e-03,-1.729038075894916496e-02,-6.699874110043695097e-02,0.000000000000000000e+00
6.825000000000000178e+00,-2.454571326692115696e-01,2.059501212156211458e-01,-6.657134554607815717e-03,-1.705311851056506151e-02,-6.774922499164828804e-02,0.000000000000000000e+00
6.830000000000000071e+00,-2.444284968070733755e-01,2.055036638788208803e-01,-6.741810305439105422e-03,-1.681744683812789673e-02,-6.848845384182965235e-02,0.000000000000000000e+00
6.834999999999999964e+00,-2.434021015802769194e-01,2.050538765909124261e-01,-6.825311672331346551e-03,-1.658336475807431487e-02,-6.921651352947791325e-02,0.000000000000000000e+00
6.839999999999999858e+00,-2.423779634962873186e-01,2.046008161903452582e-01,-6.907646600464346573e-03,-1.635087113199314504e-02,-6.993348968658050224e-02,0.000000000000000000e+00
6.844999999999999751e+00,-2.413560987795416724e-01,2.041445390501656632e-01,-6.988823028944759694e-03,-1.611996466951255702e-02,-7.063946769375185897e-02,0.000000000000000000e+00
6.850000000000000533e+00,-2.403365233737717876e-01,2.036851010797578188e-01,-7.068848890053429368e-03,-1.589064393115256421e-02,-7.133453267548731103e-02,0.000000000000000000e+00
6.855000000000000426e+00,-2.393192529443179950e-01,2.032225577266043581e-01,-7.147732108506905241e-03,-1.566290733114314784e-02,-7.201876949553179252e-02,0.000000000000000000e+00
6.860000000000000320e+00,-2.383043028804343044e-01,2.027569639780654187e-01,-7.225480600732971451e-03,-1.543675314020826091e-02,-7.269226275236222168e-02,0.000000000000000000e+00
6.865000000000000213e+00,-2.372916882975844299e-01,2.022883743631761211e-01,-7.302102274160001544e-03,-1.521217948831596334e-02,-7.335509677478135870e-02,0.000000000000000000e+00
6.870000000000000107e+00,-2.362814240397289878e-01,2.018168429544614229e-01,-7.377605026519985613e-03,-1.498918436739498164e-02,-7.400735561762233905e-02,0.000000000000000000e+00
6.875000000000000000e+00,-2.352735246816034520e-01,2.013424233697683474e-01,-7.451996745165057924e-03,-1.476776563401794272e-02,-7.464912305756161992e-02,0.000000000000000000e+00
6.879999999999999893e+00,-2.342680045309868397e-01,2.008651687741145886e-01,-7.525285306397352415e-03,-1.454792101205155778e-02,-7.528048258903866086e-02,0.000000000000000000e+00
6.884999999999999787e+00,-2.332648776309613481e-01,2.003851318815533522e-01,-7.597478574812031697e-03,-1.432964809527402170e-02,-7.590151742028167225e-02,0.000000000000000000e+00
6.890000000000000568e+00,-2.322641577621623321e-01,1.999023649570537131e-01,-7.668584402653320399e-03,-1.411294434995989666e-02,-7.651231046943673952e-02,0.000000000000000000e+00
6.895000000000000462e+00,-2.312658584450191235e-01,1.994169198183960434e-01,-7.738610629183380676e-03,-1.389780711743274742e-02,-7.711294436079954573e-02,0.000000000000000000e+00
6.900000000000000355e+00,-2.302699929419861069e-01,1.989288478380821235e-01,-7.807565080063873751e-03,-1.368423361658580896e-02,-7.770350142114790248e-02,0.000000000000000000e+00
6.905000000000000249e+00,-2.292765742597643874e-01,1.984381999452592138e-01,-7.875455566750042685e-03,-1.347222094637093304e-02,-7.828406367617402051e-02,0.000000000000000000e+00
6.910000000000000142e+00,-2.282856151515136600e-01,1.979450266276580050e-01,-7.942289885897162866e-03,-1.326176608825610677e-02,-7.885471284701403571e-02,0.000000000000000000e+00
6.915000000000000036e+00,-2.272971281190544479e-01,1.974493779335435295e-01,-8.008075818779200605e-03,-1.305286590865179647e-02,-7.941553034687448553e-02,0.000000000000000000e+00
6.919999999999999929e+00,-2.263111254150605434e-01,1.969513034736790069e-01,-8.072821130719529809e-03,-1.284551716130639433e-02,-7.996659727775380644e-02,0.000000000000000000e+00
6.924999999999999822e+00,-2.253276190452415118e-01,1.964508524233017639e-01,-8.136533570533541898e-03,-1.263971648967102991e-02,-8.050799442725671551e-02,0.000000000000000000e+00
6.929999999999999716e+00,-2.243466207705154813e-01,1.959480735241111438e-01,-8.199220869983011098e-03,-1.243546042923402047e-02,-8.103980226550200339e-02,0.000000000000000000e+00
6.935000000000000497e+00,-2.233681421091717190e-01,1.954430150862677962e-01,-8.260890743242052872e-03,-1.223274540982522557e-02,-8.156210094211976958e-02,0.000000000000000000e+00
6.940000000000000391e+00,-2.223921943390233524e-01,1.949357249904039024e-01,-8.321550886374531539e-03,-1.203156775789057317e-02,-8.207497028333912703e-02,0.000000000000000000e+00
6.945000000000000284e+00,-2.214187884995499622e-01,1.944262506896439757e-01,-8.381208976822764403e-03,-1.183192369873702944e-02,-8.257848978916332294e-02,0.000000000000000000e+00
6.950000000000000178e+00,-2.204479353940300701e-01,1.939146392116357642e-01,-8.439872672907376694e-03,-1.163380935874827084e-02,-8.307273863063185937e-02,0.000000000000000000e+00
6.955000000000000071e+00,-2.194796455916633582e-01,1.934009371605909799e-01,-8.497549613338166788e-03,-1.143722076757132909e-02,-8.355779564716792063e-02,0.000000000000000000e+00
6.959999999999999964e+00,-2.185139294296828127e-01,1.928851907193352699e-01,-8.554247416735827336e-03,-1.124215386027447791e-02,-8.403373934400992784e-02,0.000000000000000000e+00
6.964999999999999858e+00,-2.175507970154564596e-01,1.923674456513672082e-01,-8.609973681164386980e-03,-1.104860447947661646e-02,-8.450064788972569407e-02,0.000000000000000000e+00
6.969999999999999751e+00,-2.165902582285788025e-01,1.918477473029257530e-01,-8.664735983674232145e-03,-1.085656837744842888e-02,-8.495859911380845841e-02,0.000000000000000000e+00
6.975000000000000533e+00,-2.156323227229520467e-01,1.913261406050659197e-01,-8.718541879855552790e-03,-1.066604121818556447e-02,-8.540767050435277286e-02,0.000000000000000000e+00
6.980000000000000426e+00,-2.146769999288566932e-01,1.908026700757422811e-01,-8.771398903402097616e-03,-1.047701857945411950e-02,-8.584793920580954807e-02,0.000000000000000000e+00
6.985000000000000320e+00,-2.137242990550118904e-01,1.902773798218998502e-01,-8.823314565685084349e-03,-1.028949595480867056e-02,-8.627948201681900908e-02,0.000000000000000000e+00
6.990000000000000213e+00,-2.127742290906252109e-01,1.897503135415720410e-01,-8.874296355337124576e-03,-1.010346875558312298e-02,-8.670237538812008982e-02,0.000000000000000000e+00
6.995000000000000107e+00,-2.118267988074319375e-01,1.892215145259853459e-01,-8.924351737846048654e-03,-9.918932312854631186e-03,-8.711669542053487869e-02,0.000000000000000000e+00
7.000000000000000000e+00,-2.108820167617238561e-01,1.886910256616703974e-01,-8.973488155158467622e-03,-9.735881879380861581e-03,-8.752251786302775449e-02,0.000000000000000000e+00
7.004999999999999893e+00,-2.099398912963674479e-01,1.881588894325789685e-01,-9.021713025292973226e-03,-9.554312631510844186e-03,-8.791991811083743613e-02,0.000000000000000000e+00
7.009999999999999787e+00,-2.090004305428114217e-01,1.876251479222067198e-01,-9.069033741962809550e-03,-9.374219671069669926e-03,-8.830897120368026709e-02,0.000000000000000000e+00
7.015000000000000568e+00,-2.080636424230837278e-01,1.870898428157213300e-01,-9.115457674207913877e-03,-9.195598027217295398e-03,-8.868975182402499824e-02,0.000000000000000000e+00
7.020000000000000462e+00,-2.071295346517778857e-01,1.865530154020954845e-01,-9.160992166036188017e-03,-9.018442658281710170e-03,-8.906233429543661262e-02,0.000000000000000000e+00
7.025000000000000355e+00,-2.061981147380285706e-01,1.860147065762447482e-01,-9.205644536073863057e-03,-8.842748453566711200e-03,-8.942679258098880368e-02,0.000000000000000000e+00
7.030000000000000249e+00,-2.052693899874765415e-01,1.854749568411697414e-01,-9.249422077224846508e-03,-8.668510235134542843e-03,-8.978320028174349710e-02,0.000000000000000000e+00
7.035000000000000142e+00,-2.043433675042228836e-01,1.849338063101023111e-01,-9.292332056338921745e-03,-8.495722759563660922e-03,-9.013163063529736063e-02,0.000000000000000000e+00
7.040000000000000036e+00,-2.034200541927724815e-01,1.843912947086555898e-01,-9.334381713888671370e-03,-8.324380719681851587e-03,-9.047215651439252659e-02,0.000000000000000000e+00
7.044999999999999929e+00,-2.024994567599666673e-01,1.838474613769774946e-01,-9.375578263655004810e-03,-8.154478746274972101e-03,-9.080485042559219289e-02,0.000000000000000000e+00
7.049999999999999822e+00,-2.015815817169052671e-01,1.833023452719073354e-01,-9.415928892421168706e-03,-7.986011409771551217e-03,-9.112978450801889618e-02,0.000000000000000000e+00
7.054999999999999716e+00,-2.006664353808576551e-01,1.827559849691353655e-01,-9.455440759675125609e-03,-7.818973221903498944e-03,-9.144703053215505473e-02,0.000000000000000000e+00
7.060000000000000497e+00,-1.997540238771630949e-01,1.822084186653649129e-01,-9.494120997320170882e-03,-7.653358637343164218e-03,-9.175665989870425421e-02,0.000000000000000000e+00
7.065000000000000391e+00,-1.988443531411203391e-01,1.816596841804768714e-01,-9.531976709393680247e-03,-7.489162055316993770e-03,-9.205874363751283262e-02,0.000000000000000000e+00
7.070000000000000284e+00,-1.979374289198662651e-01,1.811098189596961339e-01,-9.569014971793864816e-03,-7.326377821196022877e-03,-9.235335240655040412e-02,0.000000000000000000e+00
7.075000000000000178e+00,-1.970332567742437146e-01,1.805588600757599416e-01,-9.605242832014420848e-03,-7.165000228063449564e-03,-9.264055649094811440e-02,0.000000000000000000e+00
7.080000000000000071e+00,-1.961318420806585916e-01,1.800068442310876482e-01,-9.640667308886968420e-03,-7.005023518259522949e-03,-9.292042580209455838e-02,0.000000000000000000e+00
7.084999999999999964e+00,-1.952331900329259684e-01,1.794538077599517889e-01,-9.675295392331143690e-03,-6.846441884903984275e-03,-9.319302987678693140e-02,0.000000000000000000e+00
7.089999999999999858e+00,-1.943373056441053404e-01,1.788997866306501205e-01,-9.709134043112261497e-03,-6.689249473396304338e-03,-9.345843787643817735e-02,0.000000000000000000e+00
7.094999999999999751e+00,-1.934441937483251939e-01,1.783448164476784115e-01,-9.742190192606419927e-03,-6.533440382893940246e-03,-9.371671858633816299e-02,0.000000000000000000e+00
7.100000000000000533e+00,-1.925538590025964725e-01,1.777889324539037863e-01,-9.774470742572934079e-03,-6.379008667768852614e-03,-9.396794041496736583e-02,0.000000000000000000e+00
7.105000000000000426e+00,-1.916663058886153570e-01,1.772321695327382651e-01,-9.805982564934012310e-03,-6.225948339042516530e-03,-9.421217139336414415e-02,0.000000000000000000e+00
7.110000000000000320e+00,-1.907815387145550545e-01,1.766745622103124136e-01,-9.836732501561544842e-03,-6.074253365799650931e-03,-9.444947917454268871e-02,0.000000000000000000e+00
7.115000000000000213e+00,-1.898995616168467904e-01,1.761161446576487155e-01,-9.866727364070905851e-03,-5.923917676580892772e-03,-9.467993103296144797e-02,0.000000000000000000e+00
7.120000000000000107e+00,-1.890203785619499477e-01,1.755569506928344736e-01,-9.895973933621675378e-03,-5.774935160754656252e-03,-9.490359386404222108e-02,0.000000000000000000e+00
7.125000000000000000e+00,-1.881439933481112714e-01,1.749970137831942663e-01,-9.924478960725166554e-03,-5.627299669868386992e-03,-9.512053418373692115e-02,0.000000000000000000e+00
7.129999999999999893e+00,-1.872704096071132474e-01,1.744363670474612660e-01,-9.952249165058654062e-03,-5.481005018979445351e-03,-9.533081812814314659e-02,0.000000000000000000e+00
7.134999999999999787e+00,-1.863996308060116569e-01,1.738750432579476146e-01,-9.979291235286206693e-03,-5.336044987965838336e-03,-9.553451145316650683e-02,0.000000000000000000e+00
7.140000000000000568e+00,-1.855316602488623068e-01,1.733130748427135215e-01,-1.000561182888602858e-02,-5.192413322817019533e-03,-9.573167953422946630e-02,0.000000000000000000e+00
7.145000000000000462e+00,-1.846665010784367400e-01,1.727504938877347795e-01,-1.003121757198420505e-02,-5.050103736904977374e-03,-9.592238736602559657e-02,0.000000000000000000e+00
7.150000000000000355e+00,-1.838041562779273719e-01,1.721873321390685607e-01,-1.005611505919474548e-02,-4.909109912235833789e-03,-9.610669956231852884e-02,0.000000000000000000e+00
7.155000000000000249e+00,-1.829446286726416071e-01,1.716236210050174626e-01,-1.008031085346584865e-02,-4.769425500682160542e-03,-9.628468035578456596e-02,0.000000000000000000e+00
7.160000000000000142e+00,-1.820879209316852154e-01,1.710593915582911684e-01,-1.010381148593227259e-02,-4.631044125196236150e-03,-9.645639359789900946e-02,0.000000000000000000e+00
7.165000000000000036e+00,-1.812340355696348826e-01,1.704946745381661632e-01,-1.012662345577372905e-02,-4.493959381004451574e-03,-9.662190275886393953e-02,0.000000000000000000e+00
7.169999999999999929e+00,-1.803829749482000200e-01,1.699295003526426207e-01,-1.014875323007920042e-02,-4.358164836783078033e-03,-9.678127092757836392e-02,0.000000000000000000e+00
7.174999999999999822e+00,-1.795347412778737495e-01,1.693638990805989286e-01,-1.017020724371709046e-02,-4.223654035815605119e-03,-9.693456081164841809e-02,0.000000000000000000e+00
7.179999999999999716e+00,-1.786893366195731192e-01,1.687979004739431355e-01,-1.019099189921111523e-02,-4.090420497131860844e-03,-9.708183473743822733e-02,0.000000000000000000e+00
7.185000000000000497e+00,-1.778467628862685779e-01,1.682315339597615367e-01,-1.021111356662184229e-02,-3.958457716629112250e-03,-9.722315465015955727e-02,0.000000000000000000e+00
7.190000000000000391e+00,-1.770070218446027077e-01,1.676648286424639867e-01,-1.023057858343380012e-02,-3.827759168175363848e-03,-9.735858211400034989e-02,0.000000000000000000e+00
7.195000000000000284e+00,-1.761701151164982992e-01,1.670978133059258519e-01,-1.024939325444804844e-02,-3.698318304695043853e-03,-9.748817831229095177e-02,0.000000000000000000e+00
7.200000000000000178e+00,-1.753360441807556291e-01,1.665305164156264672e-01,-1.026756385168013826e-02,-3.570128559237290260e-03,-9.761200404770747907e-02,0.000000000000000000e+00
7.205000000000000071e+00,-1.745048103746391632e-01,1.659629661207839002e-01,-1.028509661426337332e-02,-3.443183346027029346e-03,-9.773011974251173684e-02,0.000000000000000000e+00
7.209999999999999964e+00,-1.736764148954534071e-01,1.653951902564858578e-01,-1.030199774835727743e-02,-3.317476061499050836e-03,-9.784258543882647097e-02,0.000000000000000000e+00
7.214999999999999858e+00,-1.728508588021084036e-01,1.648272163458165684e-01,-1.031827342706119650e-02,-3.193000085315273167e-03,-9.794946079894625846e-02,0.000000000000000000e+00
7.219999999999999751e+00,-1.720281430166742953e-01,1.642590716019795283e-01,-1.033392979033294183e-02,-3.069748781365394443e-03,-9.805080510568231489e-02,0.000000000000000000e+00
7.225000000000000533e+00,-1.712082683259255333e-01,1.636907829304159456e-01,-1.034897294491239628e-02,-2.947715498751121623e-03,-9.814667726274116377e-02,0.000000000000000000e+00
7.230000000000000426e+00,-1.703912353828743731e-01,1.631223769309187721e-01,-1.036340896425000206e-02,-2.826893572754174411e-03,-9.823713579513633498e-02,0.000000000000000000e+00
7.235000000000000320e+00,-1.695770447082937948e-01,1.625538798997419876e-01,-1.037724388844004503e-02,-2.707276325788249022e-03,-9.832223884963252336e-02,0.000000000000000000e+00
7.240000000000000213e+00,-1.687656966922299884e-01,1.619853178317054165e-01,-1.039048372415866603e-02,-2.588857068335130053e-03,-9.840204419522136092e-02,0.000000000000000000e+00
7.245000000000000107e+00,-1.679571915955042627e-01,1.614167164222943818e-01,-1.040313444460650230e-02,-2.471629099865144293e-03,-9.847660922362853897e-02,0.000000000000000000e+00
7.250000000000000000e+00,-1.671515295512044641e-01,1.608481010697545566e-01,-1.041520198945590503e-02,-2.355585709742135173e-03,-9.854599094985128094e-02,0.000000000000000000e+00
7.254999999999999893e+00,-1.663487105661659304e-01,1.602794968771816542e-01,-1.042669226480263424e-02,-2.240720178113143023e-03,-9.861024601272555534e-02,0.000000000000000000e+00
7.259999999999999787e+00,-1.655487345224420925e-01,1.597109286546057605e-01,-1.043761114312196855e-02,-2.127025776782976753e-03,-9.866943067552304270e-02,0.000000000000000000e+00
7.265000000000000568e+00,-1.647516011787645285e-01,1.591424209210703933e-01,-1.044796446322914830e-02,-2.014495770073853904e-03,-9.872360082657634373e-02,0.000000000000000000e+00
7.270000000000000462e+00,-1.639573101719927761e-01,1.585739979067060101e-01,-1.045775803024408257e-02,-1.903123415670288391e-03,-9.877281197993238726e-02,0.000000000000000000e+00
7.275000000000000355e+00,-1.631658610185536817e-01,1.580056835547978267e-01,-1.046699761556024039e-02,-1.792901965449407876e-03,-9.881711927603374634e-02,0.000000000000000000e+00
7.280000000000000249e+00,-1.623772531158704513e-01,1.574375015238480557e-01,-1.047568895681766192e-02,-1.683824666296869672e-03,-9.885657748242605847e-02,0.000000000000000000e+00
7.285000000000000142e+00,-1.615914857437815155e-01,1.568694751896320960e-01,-1.048383775788001154e-02,-1.575884760908555617e-03,-9.889124099449288219e-02,0.000000000000000000e+00
7.290000000000000036e+00,-1.608085580659489033e-01,1.563016276472489197e-01,-1.049144968881559822e-02,-1.469075488578214803e-03,-9.892116383621543663e-02,0.000000000000000000e+00
7.294999999999999929e+00,-1.600284691312566232e-01,1.557339817131652981e-01,-1.049853038588231292e-02,-1.363390085971227230e-03,-9.894639966095812589e-02,0.000000000000000000e+00
7.299999999999999822e+00,-1.592512178751986918e-01,1.551665599272538110e-01,-1.050508545151638759e-02,-1.258821787884657718e-03,-9.896700175227889085e-02,0.000000000000000000e+00
7.304999999999999716e+00,-1.584768031212569761e-01,1.545993845548247481e-01,-1.051112045432492544e-02,-1.155363827993766612e-03,-9.898302302476300052e-02,0.000000000000000000e+00
7.310000000000000497e+00,-1.577052235822689885e-01,1.540324775886513786e-01,-1.051664092908213485e-02,-1.053009439585147295e-03,-9.899451602488168467e-02,0.000000000000000000e+00
7.315000000000000391e+00,-1.569364778617855227e-01,1.534658607509889472e-01,-1.052165237672918544e-02,-9.517518562766517183e-04,-9.900153293187280434e-02,0.000000000000000000e+00
7.320000000000000284e+00,-1.561705644554181871e-01,1.528995554955870362e-01,-1.052616026437763926e-02,-8.515843127242680955e-04,-9.900412555864468445e-02,0.000000000000000000e+00
7.325000000000000178e+00,-1.554074817521769181e-01,1.523335830096951837e-01,-1.053017002531638283e-02,-7.525000453161164414e-04,-9.900234535270220626e-02,0.000000000000000000e+00
7.330000000000000071e+00,-1.546472280357975293e-01,1.517679642160618680e-01,-1.053368705902199727e-02,-6.544922928537161115e-04,-9.899624339709398035e-02,0.000000000000000000e+00
7.334999999999999964e+00,-1.538898014860591579e-01,1.512027197749264973e-01,-1.053671673117249734e-02,-5.575542972206896106e-04,-9.898587041138134923e-02,0.000000000000000000e+00
7.339999999999999858e+00,-1.531352001800918572e-01,1.506378700860046271e-01,-1.053926437366439414e-02,-4.616793040390560258e-04,-9.897127675262727686e-02,0.000000000000000000e+00
7.344999999999999751e+00,-1.523834220936743644e-01,1.500734352904660174e-01,-1.054133528463299836e-02,-3.668605633132754687e-04,-9.895251241640619366e-02,0.000000000000000000e+00
7.350000000000000533e+00,-1.516344651025217372e-01,1.495094352729057219e-01,-1.054293472847591534e-02,-2.730913300621902982e-04,-9.892962703783263201e-02,0.000000000000000000e+00
7.355000000000000426e+00,-1.508883269835634700e-01,1.489458896633078511e-01,-1.054406793587967829e-02,-1.803648649390247774e-04,-9.890266989261019270e-02,0.000000000000000000e+00
7.360000000000000320e+00,-1.501450054162115633e-01,1.483828178390022845e-01,-1.054474010384943983e-02,-8.867443483958840748e-05,-9.887168989809808073e-02,0.000000000000000000e+00
7.365000000000000213e+00,-1.494044979836189058e-01,1.478202389266138062e-01,-1.054495639574168364e-02,1.986686501162100954e-06,-9.883673561439690336e-02,0.000000000000000000e+00
7.370000000000000107e+00,-1.486668021739280254e-01,1.472581718040040788e-01,-1.054472194129988868e-02,9.162521792405970236e-05,-9.879785524545202369e-02,0.000000000000000000e+00
7.375000000000000000e+00,-1.479319153815100152e-01,1.466966351022059578e-01,-1.054404183669308687e-02,1.802478702720093206e-04,-9.875509664017403932e-02,0.000000000000000000e+00
7.379999999999999893e+00,-1.471998349081938551e-01,1.461356472073503665e-01,-1.054292114455726397e-02,2.678613458274755319e-04,-9.870850729357680264e-02,0.000000000000000000e+00
7.384999999999999787e+00,-1.464705579644861033e-01,1.455752262625855942e-01,-1.054136489403954824e-02,3.544723377610279583e-04,-9.865813434793156700e-02,0.000000000000000000e+00
7.390000000000000568e+00,-1.457440816707810394e-01,1.450153901699888226e-01,-1.053937808084511908e-02,4.400875295908015811e-04,-9.860402459393745322e-02,0.000000000000000000e+00
7.395000000000000462e+00,-1.450204030585613146e-01,1.444561565924699642e-01,-1.053696566728680624e-02,5.247135946527335237e-04,-9.854622447190775070e-02,0.000000000000000000e+00
7.400000000000000355e+00,-1.442995190715889720e-01,1.438975429556677565e-01,-1.053413258233729631e-02,6.083571955814340943e-04,-9.848478007297137293e-02,0.000000000000000000e+00
7.405000000000000249e+00,-1.435814265670871115e-01,1.433395664498378907e-01,-1.053088372168391879e-02,6.910249838015525281e-04,-9.841973714028937059e-02,0.000000000000000000e+00
7.410000000000000142e+00,-1.428661223169120920e-01,1.427822440317333963e-01,-1.052722394778594396e-02,7.727235990295060197e-04,-9.835114107028580799e-02,0.000000000000000000e+00
7.415000000000000036e+00,-1.421536030087163227e-01,1.422255924264768934e-01,-1.052315808993435284e-02,8.534596687854268749e-04,-9.827903691389285046e-02,0.000000000000000000e+00
7.419999999999999929e+00,-1.414438652471018687e-01,1.416696281294249071e-01,-1.051869094431400961e-02,9.332398079152015233e-04,-9.820346937780988217e-02,0.000000000000000000e+00
7.424999999999999822e+00,-1.407369055547644798e-01,1.411143674080241883e-01,-1.051382727406821593e-02,1.012070618122467170e-03,-9.812448282577529435e-02,0.000000000000000000e+00
7.429999999999999716e+00,-1.400327203736286275e-01,1.405598263036597351e-01,-1.050857180936556542e-02,1.089958687510428825e-03,-9.804212127985205416e-02,0.000000000000000000e+00
7.435000000000000497e+00,-1.393313060659731872e-01,1.400060206334948210e-01,-1.050292924746907414e-02,1.166910590133373978e-03,-9.795642842172544440e-02,0.000000000000000000e+00
7.440000000000000391e+00,-1.386326589155479627e-01,1.394529659923026965e-01,-1.049690425280752279e-02,1.242932885557748853e-03,-9.786744759401311278e-02,0.000000000000000000e+00
7.445000000000000284e+00,-1.379367751286810218e-01,1.389006777542901583e-01,-1.049050145704897956e-02,1.318032118432677525e-03,-9.777522180158705611e-02,0.000000000000000000e+00
7.450000000000000178e+00,-1.372436508353770679e-01,1.383491710749126802e-01,-1.048372545917643575e-02,1.392214818069785432e-03,-9.767979371290723412e-02,0.000000000000000000e+00
7.455000000000000071e+00,-1.365532820904066247e-01,1.377984608926813015e-01,-1.047658082556552663e-02,1.465487498032213903e-03,-9.758120566136631313e-02,0.000000000000000000e+00
7.459999999999999964e+00,-1.358656648743863105e-01,1.372485619309610771e-01,-1.046907209006428183e-02,1.537856655732694477e-03,-9.747949964664526235e-02,0.000000000000000000e+00
7.464999999999999858e+00,-1.351807950948499815e-01,1.366994886997611736e-01,-1.046120375407486383e-02,1.609328772040565089e-03,-9.737471733607952484e-02,0.000000000000000000e+00
7.469999999999999751e+00,-1.344986685873111876e-01,1.361512554975164990e-01,-1.045298028663725100e-02,1.679910310897603405e-03,-9.726690006603518068e-02,0.000000000000000000e+00
7.475000000000000533e+00,-1.338192811163164964e-01,1.356038764128607854e-01,-1.044440612451481322e-02,1.749607718942559377e-03,-9.715608884329535178e-02,0.000000000000000000e+00
7.480000000000000426e+00,-1.331426283764901575e-01,1.350573653263912322e-01,-1.043548567228175239e-02,1.818427425144266644e-03,-9.704232434645579386e-02,0.000000000000000000e+00
7.485000000000000320e+00,-1.324687059935698852e-01,1.345117359124244905e-01,-1.042622330241234872e-02,1.886375840443220474e-03,-9.692564692733002252e-02,0.000000000000000000e+00
7.490000000000000213e+00,-1.317975095254338147e-01,1.339670016407442654e-01,-1.041662335537197996e-02,1.953459357401498425e-03,-9.680609661236271035e-02,0.000000000000000000e+00
7.495000000000000107e+00,-1.311290344631189375e-01,1.334231757783400363e-01,-1.040669013970987530e-02,2.019684349860914000e-03,-9.668371310405278474e-02,0.000000000000000000e+00
7.500000000000000000e+00,-1.304632762318306272e-01,1.328802713911373945e-01,-1.039642793215355375e-02,2.085057172609290112e-03,-9.655853578238365875e-02,0.000000000000000000e+00
7.504999999999999893e+00,-1.298002301919436996e-01,1.323383013457195279e-01,-1.038584097770490697e-02,2.149584161054733308e-03,-9.643060370626231614e-02,0.000000000000000000e+00
7.509999999999999787e+00,-1.291398916399948693e-01,1.317972783110401003e-01,-1.037493348973790239e-02,2.213271630907808363e-03,-9.629995561496566825e-02,0.000000000000000000e+00
7.515000000000000568e+00,-1.284822558096666012e-01,1.312572147601274442e-01,-1.036370965009784408e-02,2.276125877871492450e-03,-9.616662992959447431e-02,0.000000000000000000e+00
7.520000000000000462e+00,-1.278273178727624693e-01,1.307181229717799820e-01,-1.035217360920217232e-02,2.338153177338806333e-03,-9.603066475453415907e-02,0.000000000000000000e+00
7.525000000000000355e+00,-1.271750729401741331e-01,1.301800150322528771e-01,-1.034032948614275332e-02,2.399359784098011993e-03,-9.589209787892305492e-02,0.000000000000000000e+00
7.530000000000000249e+00,-1.265255160628398490e-01,1.296429028369359138e-01,-1.032818136878962435e-02,2.459751932045272163e-03,-9.575096677812665324e-02,0.000000000000000000e+00
7.535000000000000142e+00,-1.258786422326945986e-01,1.291067980920226621e-01,-1.031573331389615440e-02,2.519335833904665090e-03,-9.560730861521821167e-02,0.000000000000000000e+00
7.540000000000000036e+00,-1.252344463836119193e-01,1.285717123161706776e-01,-1.030298934720559438e-02,2.578117680955450009e-03,-9.546116024246588394e-02,0.000000000000000000e+00
7.544999999999999929e+00,-1.245929233923374624e-01,1.280376568421530414e-01,-1.028995346355896477e-02,2.636103642766480116e-03,-9.531255820282512337e-02,0.000000000000000000e+00
7.549999999999999822e+00,-1.239540680794143090e-01,1.275046428185010183e-01,-1.027662962700425994e-02,2.693299866937663711e-03,-9.516153873143670672e-02,0.000000000000000000e+00
7.554999999999999716e+00,-1.233178752101000558e-01,1.269726812111377223e-01,-1.026302177090691881e-02,2.749712478848368152e-03,-9.500813775713019826e-02,0.000000000000000000e+00
7.560000000000000497e+00,-1.226843394952758515e-01,1.264417828050031500e-01,-1.024913379806154969e-02,2.805347581412669881e-03,-9.485239090393227102e-02,0.000000000000000000e+00
7.565000000000000391e+00,-1.220534555923472181e-01,1.259119582056701103e-01,-1.023496958080484867e-02,2.860211254841350803e-03,-9.469433349257991295e-02,0.000000000000000000e+00
7.570000000000000284e+00,-1.214252181061368785e-01,1.253832178409514941e-01,-1.022053296112969932e-02,2.914309556410545586e-03,-9.453400054203792147e-02,0.000000000000000000e+00
7.575000000000000178e+00,-1.207996215897695624e-01,1.248555719624984128e-01,-1.020582775080041381e-02,2.967648520236936677e-03,-9.437142677102106081e-02,0.000000000000000000e+00
7.580000000000000071e+00,-1.201766605455488468e-01,1.243290306473896212e-01,-1.019085773146907389e-02,3.020234157059412464e-03,-9.420664659951995257e-02,0.000000000000000000e+00
7.584999999999999964e+00,-1.195563294258260301e-01,1.238036037997119615e-01,-1.017562665479295261e-02,3.072072454027083635e-03,-9.403969415033072710e-02,0.000000000000000000e+00
7.589999999999999858e+00,-1.189386226338611935e-01,1.232793011521318566e-01,-1.016013824255298376e-02,3.123169374493569694e-03,-9.387060325058871335e-02,0.000000000000000000e+00
7.594999999999999751e+00,-1.183235345246763798e-01,1.227561322674579625e-01,-1.014439618677323920e-02,3.173530857817464124e-03,-9.369940743330511246e-02,0.000000000000000000e+00
7.600000000000000533e+00,-1.177110594059010001e-01,1.222341065401948423e-01,-1.012840414984138813e-02,3.223162819168882368e-03,-9.352613993890668276e-02,0.000000000000000000e+00
7.605000000000000426e+00,-1.171011915386094560e-01,1.217132331980877308e-01,-1.011216576463011378e-02,3.272071149342007605e-03,-9.335083371677906083e-02,0.000000000000000000e+00
7.610000000000000320e+00,-1.164939251381511554e-01,1.211935213036583608e-01,-1.009568463461944614e-02,3.320261714573541963e-03,-9.317352142681192828e-02,0.000000000000000000e+00
7.615000000000000213e+00,-1.158892543749727444e-01,1.206749797557318815e-01,-1.007896433401999324e-02,3.367740356366974702e-03,-9.299423544094720384e-02,0.000000000000000000e+00
7.620000000000000107e+00,-1.152871733754328304e-01,1.201576172909548518e-01,-1.006200840789703288e-02,3.414512891322584506e-03,-9.281300784472960863e-02,0.000000000000000000e+00
7.625000000000000000e+00,-1.146876762226091001e-01,1.196414424853042835e-01,-1.004482037229544565e-02,3.460585110973079647e-03,-9.262987043885900773e-02,0.000000000000000000e+00
7.629999999999999893e+00,-1.140907569570978886e-01,1.191264637555877609e-01,-1.002740371436544944e-02,3.505962781624805732e-03,-9.244485474074487508e-02,0.000000000000000000e+00
7.634999999999999787e+00,-1.134964095778063231e-01,1.186126893609346922e-01,-1.000976189248911283e-02,3.550651644204421732e-03,-9.225799198606238205e-02,0.000000000000000000e+00
7.640000000000000568e+00,-1.129046280427369597e-01,1.181001274042785543e-01,-9.991898336407635181e-03,3.594657414110971009e-03,-9.206931313031004038e-02,0.000000000000000000e+00
7.645000000000000462e+00,-1.123154062697651334e-01,1.175887858338303255e-01,-9.973816447349332856e-03,3.637985781073260153e-03,-9.187884885036884386e-02,0.000000000000000000e+00
7.650000000000000355e+00,-1.117287381374088701e-01,1.170786724445428972e-01,-9.955519598158343517e-03,3.680642409012465852e-03,-9.168662954606204840e-02,0.000000000000000000e+00
7.655000000000000249e+00,-1.111446174855915403e-01,1.165697948795666877e-01,-9.937011133423994877e-03,3.722632935909890844e-03,-9.149268534171667300e-02,0.000000000000000000e+00
7.660000000000000142e+00,-1.105630381163972553e-01,1.160621606316963317e-01,-9.918294369610823960e-03,3.763962973679784840e-03,-9.129704608772508390e-02,0.000000000000000000e+00
7.665000000000000036e+00,-1.099839937948190322e-01,1.155557770448084332e-01,-9.899372595189219123e-03,3.804638108047156235e-03,-9.109974136210766127e-02,0.000000000000000000e+00
7.669999999999999929e+00,-1.094074782494998399e-01,1.150506513152905058e-01,-9.880249070766660563e-03,3.844663898430495264e-03,-9.090080047207556302e-02,0.000000000000000000e+00
7.674999999999999822e+00,-1.088334851734664571e-01,1.145467904934610315e-01,-9.860927029219540216e-03,3.884045877829330959e-03,-9.070025245559416860e-02,0.000000000000000000e+00
7.679999999999999716e+00,-1.082620082248563209e-01,1.140442014849806368e-01,-9.841409675825524631e-03,3.922789552716547321e-03,-9.049812608294613425e-02,0.000000000000000000e+00
7.685000000000000497e+00,-1.076930410276372707e-01,1.135428910522544160e-01,-9.821700188396446929e-03,3.960900402935382814e-03,-9.029444985829490622e-02,0.000000000000000000e+00
7.690000000000000391e+00,-1.071265771723203530e-01,1.130428658158254829e-01,-9.801801717411703571e-03,3.998383881601039018e-03,-9.008925202124749843e-02,0.000000000000000000e+00
7.695000000000000284e+00,-1.065626102166656736e-01,1.125441322557596269e-01,-9.781717386152133376e-03,4.035245415006825584e-03,-8.988256054841733955e-02,0.000000000000000000e+00
7.700000000000000178e+00,-1.060011336863813242e-01,1.120466967130211988e-01,-9.761450290834349300e-03,4.071490402534769064e-03,-8.967440315498641235e-02,0.000000000000000000e+00
7.705000000000000071e+00,-1.054421410758154959e-01,1.115505653908402117e-01,-9.741003500745512578e-03,4.107124216570614932e-03,-8.946480729626660189e-02,0.000000000000000000e+00
7.709999999999999964e+00,-1.048856258486417226e-01,1.110557443560706015e-01,-9.720380058378511046e-03,4.142152202423148195e-03,-8.925380016926037774e-02,0.000000000000000000e+00
7.714999999999999858e+00,-1.043315814385373935e-01,1.105622395405397862e-01,-9.699582979567545130e-03,4.176579678247765819e-03,-8.904140871422039361e-02,0.000000000000000000e+00
7.719999999999999751e+00,-1.037800012498555496e-01,1.100700567423894410e-01,-9.678615253624071185e-03,4.210411934974235895e-03,-8.882765961620808781e-02,0.000000000000000000e+00
7.725000000000000533e+00,-1.032308786582899346e-01,1.095792016274075437e-01,-9.657479843473105660e-03,4.243654236238563783e-03,-8.861257930665110416e-02,0.000000000000000000e+00
7.730000000000000426e+00,-1.026842070115334959e-01,1.090896797303517185e-01,-9.636179685789850180e-03,4.276311818318912286e-03,-8.839619396489867276e-02,0.000000000000000000e+00
7.735000000000000320e+00,-1.021399796299302110e-01,1.086014964562638380e-01,-9.614717691136639294e-03,4.308389890075496088e-03,-8.817852951977658837e-02,0.000000000000000000e+00
7.740000000000000213e+00,-1.015981898071204453e-01,1.081146570817760194e-01,-9.593096744100167508e-03,4.339893632894392325e-03,-8.795961165113941327e-02,0.000000000000000000e+00
7.745000000000000107e+00,-1.010588308106796923e-01,1.076291667564078375e-01,-9.571319703428993880e-03,4.370828200635200507e-03,-8.773946579142158364e-02,0.000000000000000000e+00
7.750000000000000000e+00,-1.005218958827509557e-01,1.071450305038550155e-01,-9.549389402171299876e-03,4.401198719582488476e-03,-8.751811712718636505e-02,0.000000000000000000e+00
7.754999999999999893e+00,-9.998737824067065183e-02,1.066622532232694431e-01,-9.527308647812872747e-03,4.431010288400958480e-03,-8.729559060067276777e-02,0.000000000000000000e+00
7.759999999999999787e+00,-9.945527107758815599e-02,1.061808396905305485e-01,-9.505080222415314417e-03,4.460267978094269170e-03,-8.707191091134020011e-02,0.000000000000000000e+00
7.765000000000000568e+00,-9.892556756307896437e-02,1.057007945595081488e-01,-9.482706882754441194e-03,4.488976831967460626e-03,-8.684710251741115106e-02,0.000000000000000000e+00
7.770000000000000462e+00,-9.839826084375166704e-02,1.052221223633167113e-01,-9.460191360458860416e-03,4.517141865592908673e-03,-8.662118963741105571e-02,0.000000000000000000e+00
7.775000000000000355e+00,-9.787334404384856468e-02,1.047448275155610786e-01,-9.437536362148713637e-03,4.544768066779758184e-03,-8.639419625170581540e-02,0.000000000000000000e+00
7.780000000000000249e+00,-9.735081026584010977e-02,1.042689143115736600e-01,-9.414744569574562058e-03,4.571860395546769457e-03,-8.616614610403697250e-02,0.000000000000000000e+00
7.785000000000000142e+00,-9.683065259101322764e-02,1.037943869296431565e-01,-9.391818639756400328e-03,4.598423784098522142e-03,-8.593706270305352668e-02,0.000000000000000000e+00
7.790000000000000036e+00,-9.631286408005347577e-02,1.033212494322347658e-01,-9.368761205122777894e-03,4.624463136804916018e-03,-8.570696932384153088e-02,0.000000000000000000e+00
7.794999999999999929e+00,-9.579743777362109691e-02,1.028495057672020180e-01,-9.345574873650020972e-03,4.649983330183913958e-03,-8.547588900945034263e-02,0.000000000000000000e+00
7.799999999999999822e+00,-9.528436669292109085e-02,1.023791597689901051e-01,-9.322262229001520434e-03,4.674989212887467258e-03,-8.524384457241572510e-02,0.000000000000000000e+00
7.805000000000000604e+00,-9.477364384026727706e-02,1.019102151598308553e-01,-9.298825830667101222e-03,4.699485605690566919e-03,-8.501085859628035313e-02,0.000000000000000000e+00
7.810000000000000497e+00,-9.426526219964034836e-02,1.014426755509292843e-01,-9.275268214102419528e-03,4.723477301483372352e-03,-8.477695343711032228e-02,0.000000000000000000e+00
7.815000000000000391e+00,-9.375921473724010968e-02,1.009765444436418885e-01,-9.251591890868403334e-03,4.746969065266348937e-03,-8.454215122500885471e-02,0.000000000000000000e+00
7.820000000000000284e+00,-9.325549440203176332e-02,1.005118252306465287e-01,-9.227799348770710300e-03,4.769965634148378916e-03,-8.430647386562636902e-02,0.000000000000000000e+00
7.825000000000000178e+00,-9.275409412628637940e-02,1.000485211971040428e-01,-9.203893051999176983e-03,4.792471717347771866e-03,-8.406994304166678922e-02,0.000000000000000000e+00
7.830000000000000071e+00,-9.225500682611562087e-02,9.958663552181158674e-02,-9.179875441267271521e-03,4.814491996196140940e-03,-8.383258021439059238e-02,0.000000000000000000e+00
7.834999999999999964e+00,-9.175822540200068156e-02,9.912617127834774666e-02,-9.155748933951502952e-03,4.836031124145077215e-03,-8.359440662511380404e-02,0.000000000000000000e+00
7.839999999999999858e+00,-9.126374273931556202e-02,9.866713143620940707e-02,-9.131515924230807976e-03,4.857093726775582251e-03,-8.335544329670346864e-02,0.000000000000000000e+00
7.844999999999999751e+00,-9.077155170884460000e-02,9.820951886194045910e-02,-9.107178783225864868e-03,4.877684401810203352e-03,-8.311571103506890101e-02,0.000000000000000000e+00
7.850000000000000533e+00,-9.028164516729446365e-02,9.775333632025230701e-02,-9.082739859138360544e-03,4.897807719127815138e-03,-8.287523043064927430e-02,0.000000000000000000e+00
7.855000000000000426e+00,-8.979401595780055201e-02,9.729858647513628389e-02,-9.058201477390157019e-03,4.917468220781015358e-03,-8.263402185989678073e-02,0.000000000000000000e+00
7.860000000000000320e+00,-8.930865691042777499e-02,9.684527189096793498e-02,-9.033565940762379801e-03,4.936670421016064667e-03,-8.239210548675610091e-02,0.000000000000000000e+00
7.865000000000000213e+00,-8.882556084266593488e-02,9.639339503360323802e-02,-9.008835529534391789e-03,4.955418806295339151e-03,-8.214950126413927967e-02,0.000000000000000000e+00
7.870000000000000107e+00,-8.834472055991958450e-02,9.594295827146677447e-02,-8.984012501622652691e-03,4.973717835322236623e-03,-8.190622893539631355e-02,0.000000000000000000e+00
7.875000000000000000e+00,-8.786612885599247302e-02,9.549396387663189323e-02,-8.959099092719446586e-03,4.991571939068499379e-03,-8.166230803578176933e-02,0.000000000000000000e+00
7.879999999999999893e+00,-8.738977851356662108e-02,9.504641402589283916e-02,-8.934097516431465519e-03,5.008985520803897057e-03,-8.141775789391640650e-02,0.000000000000000000e+00
7.884999999999999787e+00,-8.691566230467608067e-02,9.460031080182899899e-02,-8.909009964418243901e-03,5.025962956128231414e-03,-8.117259763324470578e-02,0.000000000000000000e+00
7.890000000000000568e+00,-8.644377299117531055e-02,9.415565619386116747e-02,-8.883838606530417709e-03,5.042508593005616199e-03,-8.092684617348762377e-02,0.000000000000000000e+00
7.895000000000000462e+00,-8.597410332520240284e-02,9.371245209929995879e-02,-8.858585590947818875e-03,5.058626751800983541e-03,-8.068052223209068452e-02,0.000000000000000000e+00
7.900000000000000355e+00,-8.550664604963699456e-02,9.327070032438629366e-02,-8.833253044317370198e-03,5.074321725318777822e-03,-8.043364432566760258e-02,0.000000000000000000e+00
7.905000000000000249e+00,-8.504139389855303044e-02,9.283040258532411493e-02,-8.807843071890791159e-03,5.089597778843790200e-03,-8.018623077143860467e-02,0.000000000000000000e+00
7.910000000000000142e+00,-8.457833959766639098e-02,9.239156050930524833e-02,-8.782357757662085165e-03,5.104459150184092152e-03,-7.993829968866460189e-02,0.000000000000000000e+00
7.915000000000000036e+00,-8.411747586477742733e-02,9.195417563552654716e-02,-8.756799164504815158e-03,5.118910049716027255e-03,-7.968986900007589413e-02,0.000000000000000000e+00
7.919999999999999929e+00,-8.365879541020836141e-02,9.151824941619926546e-02,-8.731169334309145033e-03,5.132954660431216128e-03,-7.944095643329626699e-02,0.000000000000000000e+00
7.924999999999999822e+00,-8.320229093723575942e-02,9.108378321755071505e-02,-8.705470288118638197e-03,5.146597137985533740e-03,-7.919157952226177355e-02,0.000000000000000000e+00
7.930000000000000604e+00,-8.274795514251792605e-02,9.065077832081826215e-02,-8.679704026266813269e-03,5.159841610750022685e-03,-7.894175560863467278e-02,0.000000000000000000e+00
7.935000000000000497e+00,-8.229578071651739990e-02,9.021923592323569108e-02,-8.653872528513436094e-03,5.172692179863696421e-03,-7.869150184321235808e-02,0.000000000000000000e+00
7.940000000000000391e+00,-8.184576034391850829e-02,8.978915713901197693e-02,-8.627977754180546355e-03,5.185152919288199547e-03,-7.844083518733069305e-02,0.000000000000000000e+00
7.945000000000000284e+00,-8.139788670404009274e-02,8.936054300030239761e-02,-8.602021642288197947e-03,5.197227875864274781e-03,-7.818977241426246227e-02,0.000000000000000000e+00
7.950000000000000178e+00,-8.095215247124332159e-02,8.893339445817222133e-02,-8.576006111689925271e-03,5.208921069370013243e-03,-7.793833011061049310e-02,0.000000000000000000e+00
7.955000000000000071e+00,-8.050855031533478423e-02,8.850771238355278903e-02,-8.549933061207902474e-03,5.220236492580836857e-03,-7.768652467769522618e-02,0.000000000000000000e+00
7.959999999999999964e+00,-8.006707290196476978e-02,8.808349756819017218e-02,-8.523804369767806061e-03,5.231178111331182511e-03,-7.743437233293737343e-02,0.000000000000000000e+00
7.964999999999999858e+00,-7.962771289302082722e-02,8.766075072558639214e-02,-8.497621896533360045e-03,5.241749864577848091e-03,-7.718188911123460838e-02,0.000000000000000000e+00
7.969999999999999751e+00,-7.919046294701666266e-02,8.723947249193315934e-02,-8.471387481040565381e-03,5.251955664464964812e-03,-7.692909086633321902e-02,0.000000000000000000e+00
7.975000000000000533e+00,-7.875531571947635978e-02,8.681966342703835438e-02,-8.445102943331594600e-03,5.261799396390560296e-03,-7.667599327219402905e-02,0.000000000000000000e+00
7.980000000000000426e+00,-7.832226386331402057e-02,8.640132401524505679e-02,-8.418770084088353367e-03,5.271284919074676820e-03,-7.642261182435299005e-02,0.000000000000000000e+00
7.985000000000000320e+00,-7.789130002920879869e-02,8.598445466634335732e-02,-8.392390684765698577e-03,5.280416064629006589e-03,-7.616896184127577851e-02,0.000000000000000000e+00
7.990000000000000213e+00,-7.746241686597536702e-02,8.556905571647484277e-02,-8.365966507724300824e-03,5.289196638628013668e-03,-7.591505846570728577e-02,0.000000000000000000e+00
7.995000000000000107e+00,-7.703560702092997203e-02,8.515512742902983656e-02,-8.339499296363149516e-03,5.297630420181504395e-03,-7.566091666601509891e-02,0.000000000000000000e+00
8.000000000000000000e+00,-7.661086314025190858e-02,8.474266999553747848e-02,-8.312990775251695441e-03,5.305721162008619415e-03,-7.540655123752747213e-02,0.000000000000000000e+00
8.005000000000000782e+00,-7.618817786934063696e-02,8.433168353654864335e-02,-8.286442650261609949e-03,5.313472590513205682e-03,-7.515197680386526136e-02,0.000000000000000000e+00
8.009999999999999787e+00,-7.576754385316850082e-02,8.392216810251165726e-02,-8.259856608698178115e-03,5.320888405860538933e-03,-7.489720781826866847e-02,0.000000000000000000e+00
8.015000000000000568e+00,-7.534895373662903184e-02,8.351412367464099151e-02,-8.233234319431289444e-03,5.327972282055368040e-03,-7.464225856491749078e-02,0.000000000000000000e+00
8.019999999999999574e+00,-7.493240016488098010e-02,8.310755016577883736e-02,-8.206577433026046933e-03,5.334727867021245643e-03,-7.438714316024605533e-02,0.000000000000000000e+00
8.025000000000000355e+00,-7.451787578368804232e-02,8.270244742124968629e-02,-8.179887581872971949e-03,5.341158782681112126e-03,-7.413187555425224118e-02,0.000000000000000000e+00
8.029999999999999361e+00,-7.410537323975431578e-02,8.229881521970791591e-02,-8.153166380317803177e-03,5.347268625039106049e-03,-7.387646953180031228e-02,0.000000000000000000e+00
8.035000000000000142e+00,-7.369488518105553332e-02,8.189665327397842309e-02,-8.126415424790879236e-03,5.353060964263571531e-03,-7.362093871391796329e-02,0.000000000000000000e+00
8.040000000000000924e+00,-7.328640425716616280e-02,8.149596123189029040e-02,-8.099636293936115367e-03,5.358539344771221825e-03,-7.336529655908780034e-02,0.000000000000000000e+00
8.044999999999999929e+00,-7.287992311958227387e-02,8.109673867710363859e-02,-8.072830548739542977e-03,5.363707285312444353e-03,-7.310955636453224382e-02,0.000000000000000000e+00
8.050000000000000711e+00,-7.247543442204036623e-02,8.069898512992954021e-02,-8.045999732657429376e-03,5.368568279057709877e-03,-7.285373126749290773e-02,0.000000000000000000e+00
8.054999999999999716e+00,-7.207293082083204849e-02,8.030270004814323015e-02,-8.019145371743953421e-03,5.373125793685054608e-03,-7.259783424650363692e-02,0.000000000000000000e+00
8.060000000000000497e+00,-7.167240497511470632e-02,7.990788282779041907e-02,-7.992268974778454424e-03,5.377383271468613550e-03,-7.234187812265788220e-02,0.000000000000000000e+00
8.064999999999999503e+00,-7.127384954721815991e-02,7.951453280398695922e-02,-7.965372033392223092e-03,5.381344129368172136e-03,-7.208587556086963610e-02,0.000000000000000000e+00
8.070000000000000284e+00,-7.087725720294732468e-02,7.912264925171173802e-02,-7.938456022194848374e-03,5.385011759119710979e-03,-7.182983907112841515e-02,0.000000000000000000e+00
8.074999999999999289e+00,-7.048262061188093064e-02,7.873223138659292408e-02,-7.911522398900108083e-03,5.388389527326915146e-03,-7.157378100974837176e-02,0.000000000000000000e+00
8.080000000000000071e+00,-7.008993244766630049e-02,7.834327836568757975e-02,-7.884572604451401540e-03,5.391480775553621901e-03,-7.131771358061095301e-02,0.000000000000000000e+00
8.085000000000000853e+00,-6.969918538831029742e-02,7.795578928825469545e-02,-7.857608063146712118e-03,5.394288820417180060e-03,-7.106164883640161967e-02,0.000000000000000000e+00
8.089999999999999858e+00,-6.931037211646638718e-02,7.756976319652159058e-02,-7.830630182763106614e-03,5.396816953682694908e-03,-7.080559867984026479e-02,0.000000000000000000e+00
8.095000000000000639e+00,-6.892348531971789760e-02,7.718519907644386113e-02,-7.803640354680761032e-03,5.399068442358136155e-03,-7.054957486490581742e-02,0.000000000000000000e+00
8.099999999999999645e+00,-6.853851769085747558e-02,7.680209585845880482e-02,-7.776639954006504124e-03,5.401046528790275081e-03,-7.029358899805418504e-02,0.000000000000000000e+00
8.105000000000000426e+00,-6.815546192816282489e-02,7.642045241823235135e-02,-7.749630339696880407e-03,5.402754430761437868e-03,-7.003765253943027014e-02,0.000000000000000000e+00
8.109999999999999432e+00,-6.777431073566871078e-02,7.604026757739966447e-02,-7.722612854680732664e-03,5.404195341587039562e-03,-6.978177680407390837e-02,0.000000000000000000e+00
8.115000000000000213e+00,-6.739505682343525927e-02,7.566154010429926302e-02,-7.695588825981289176e-03,5.405372430213883049e-03,-6.952597296311918695e-02,0.000000000000000000e+00
8.120000000000000995e+00,-6.701769290781263433e-02,7.528426871470086934e-02,-7.668559564837758302e-03,5.406288841319190942e-03,-6.927025204498790667e-02,0.000000000000000000e+00
8.125000000000000000e+00,-6.664221171170206515e-02,7.490845207252685989e-02,-7.641526366826429523e-03,5.406947695410355657e-03,-6.901462493657672947e-02,0.000000000000000000e+00
8.130000000000000782e+00,-6.626860596481329302e-02,7.453408879056756808e-02,-7.614490511981270547e-03,5.407352088925380766e-03,-6.875910238443780353e-02,0.000000000000000000e+00
8.134999999999999787e+00,-6.589686840391846545e-02,7.416117743119020334e-02,-7.587453264914023089e-03,5.407505094333983284e-03,-6.850369499595362899e-02,0.000000000000000000e+00
8.140000000000000568e+00,-6.552699177310249146e-02,7.378971650704166385e-02,-7.560415874933787764e-03,5.407409760239352547e-03,-6.824841324050505420e-02,0.000000000000000000e+00
8.144999999999999574e+00,-6.515896882400987189e-02,7.341970448174515995e-02,-7.533379576166102445e-03,5.407069111480524055e-03,-6.799326745063356825e-02,0.000000000000000000e+00
8.150000000000000355e+00,-6.479279231608814360e-02,7.305113977059067565e-02,-7.506345587671506281e-03,5.406486149235356989e-03,-6.773826782319694595e-02,0.000000000000000000e+00
8.154999999999999361e+00,-6.442845501682777087e-02,7.268402074121936562e-02,-7.479315113563586755e-03,5.405663851124095469e-03,-6.748342442051868950e-02,0.000000000000000000e+00
8.160000000000000142e+00,-6.406594970199872008e-02,7.231834571430187375e-02,-7.452289343126506337e-03,5.404605171313486660e-03,-6.722874717153132229e-02,0.000000000000000000e+00
8.165000000000000924e+00,-6.370526915588366201e-02,7.195411296421065639e-02,-7.425269450932010448e-03,5.403313040621435769e-03,-6.697424587291320175e-02,0.000000000000000000e+00
8.169999999999999929e+00,-6.334640617150771869e-02,7.159132071968628275e-02,-7.398256596955908072e-03,5.401790366622182329e-03,-6.671993019021910110e-02,0.000000000000000000e+00
8.175000000000000711e+00,-6.298935355086504595e-02,7.122996716449779553e-02,-7.371251926694025874e-03,5.400040033751975221e-03,-6.646580965900460158e-02,0.000000000000000000e+00
8.179999999999999716e+00,-6.263410410514198834e-02,7.087005043809715965e-02,-7.344256571277633233e-03,5.398064903415220397e-03,-6.621189368594390667e-02,0.000000000000000000e+00
8.185000000000000497e+00,-6.228065065493709751e-02,7.051156863626782678e-02,-7.317271647588334711e-03,5.395867814091094387e-03,-6.595819154994175815e-02,0.000000000000000000e+00
8.189999999999999503e+00,-6.192898603047783390e-02,7.015451981176745733e-02,-7.290298258372429965e-03,5.393451581440590614e-03,-6.570471240323866313e-02,0.000000000000000000e+00
8.195000000000000284e+00,-6.157910307183409038e-02,6.979890197496482762e-02,-7.263337492354734158e-03,5.390818998413992452e-03,-6.545146527250998714e-02,0.000000000000000000e+00
8.199999999999999289e+00,-6.123099462912858643e-02,6.944471309447097784e-02,-7.236390424351864942e-03,5.387972835358744404e-03,-6.519845905995887148e-02,0.000000000000000000e+00
8.205000000000000071e+00,-6.088465356274407048e-02,6.909195109776460064e-02,-7.209458115384982137e-03,5.384915840127707520e-03,-6.494570254440247548e-02,0.000000000000000000e+00
8.210000000000000853e+00,-6.054007274352744133e-02,6.874061387181173988e-02,-7.182541612791993116e-03,5.381650738187782577e-03,-6.469320438235243165e-02,0.000000000000000000e+00
8.214999999999999858e+00,-6.019724505299076101e-02,6.839069926367984109e-02,-7.155641950339208281e-03,5.378180232728877602e-03,-6.444097310908857013e-02,0.000000000000000000e+00
8.220000000000000639e+00,-5.985616338350923521e-02,6.804220508114612598e-02,-7.128760148332453569e-03,5.374507004773211062e-03,-6.418901713972643974e-02,0.000000000000000000e+00
8.224999999999999645e+00,-5.951682063851615467e-02,6.769512909330040185e-02,-7.101897213727633926e-03,5.370633713284922971e-03,-6.393734477027882002e-02,0.000000000000000000e+00
8.230000000000000426e+00,-5.917920973269483881e-02,6.734946903114231997e-02,-7.075054140240750328e-03,5.366562995279986967e-03,-6.368596417871062731e-02,0.000000000000000000e+00
8.234999999999999432e+00,-5.884332359216758873e-02,6.700522258817308285e-02,-7.048231908457365177e-03,5.362297465936400817e-03,-6.343488342598760377e-02,0.000000000000000000e+00
8.240000000000000213e+00,-5.850915515468172595e-02,6.666238742098166969e-02,-7.021431485941516046e-03,5.357839718704639730e-03,-6.318411045711885832e-02,0.000000000000000000e+00
8.245000000000000995e+00,-5.817669736979270978e-02,6.632096114982562185e-02,-6.994653827344075175e-03,5.353192325418357732e-03,-6.293365310219306563e-02,0.000000000000000000e+00
8.250000000000000000e+00,-5.784594319904431958e-02,6.598094135920640202e-02,-6.967899874510557340e-03,5.348357836405323237e-03,-6.268351907740830897e-02,0.000000000000000000e+00
8.255000000000000782e+00,-5.751688561614604761e-02,6.564232559843932724e-02,-6.941170556588373459e-03,5.343338780598565381e-03,-6.243371598609592787e-02,0.000000000000000000e+00
8.259999999999999787e+00,-5.718951760714758442e-02,6.530511138221824219e-02,-6.914466790133523035e-03,5.338137665647727653e-03,-6.218425131973772529e-02,0.000000000000000000e+00
8.265000000000000568e+00,-5.686383217061054957e-02,6.496929619117478016e-02,-6.887789479216733200e-03,5.332756978030603681e-03,-6.193513245897735997e-02,0.000000000000000000e+00
8.269999999999999574e+00,-5.653982231777739120e-02,6.463487747243240600e-02,-6.861139515529040070e-03,5.327199183164845614e-03,-6.168636667462519541e-02,0.000000000000000000e+00
8.275000000000000355e+00,-5.621748107273757955e-02,6.430185264015519930e-02,-6.834517778486808026e-03,5.321466725519827766e-03,-6.143796112865715364e-02,0.000000000000000000e+00
8.279999999999999361e+00,-5.589680147259102477e-02,6.397021907609141966e-02,-6.807925135336192167e-03,5.315562028728655977e-03,-6.118992287520703954e-02,0.000000000000000000e+00
8.285000000000000142e+00,-5.557777656760880952e-02,6.363997413011188153e-02,-6.781362441257039568e-03,5.309487495700301873e-03,-6.094225886155312660e-02,0.000000000000000000e+00
8.290000000000000924e+00,-5.526039942139124306e-02,6.331111512074323600e-02,-6.754830539466227628e-03,5.303245508731853353e-03,-6.069497592909800510e-02,0.000000000000000000e+00
8.294999999999999929e+00,-5.494466311102326472e-02,6.298363933569608997e-02,-6.728330261320445566e-03,5.296838429620865686e-03,-6.044808081434288605e-02,0.000000000000000000e+00
8.300000000000000711e+00,-5.463056072722721063e-02,6.265754403238807391e-02,-6.701862426418408666e-03,5.290268599777804559e-03,-6.020158014985506345e-02,0.000000000000000000e+00
8.304999999999999716e+00,-5.431808537451298519e-02,6.233282643846189269e-02,-6.675427842702513076e-03,5.283538340338555031e-03,-5.995548046522977681e-02,0.000000000000000000e+00
8.310000000000000497e+00,-5.400723017132563059e-02,6.200948375229832499e-02,-6.649027306559927679e-03,5.276649952277002488e-03,-5.970978818804548172e-02,0.000000000000000000e+00
8.314999999999999503e+00,-5.369798825019039823e-02,6.168751314352430293e-02,-6.622661602923122191e-03,5.269605716517653492e-03,-5.946450964481345136e-02,0.000000000000000000e+00
8.320000000000000284e+00,-5.339035275785522505e-02,6.136691175351599581e-02,-6.596331505369833204e-03,5.262407894048303468e-03,-5.921965106192078609e-02,0.000000000000000000e+00
8.324999999999999289e+00,-5.308431685543076733e-02,6.104767669589705043e-02,-6.570037776222463835e-03,5.255058726032720007e-03,-5.897521856656771921e-02,0.000000000000000000e+00
8.330000000000000071e+00,-5.277987371852791570e-02,6.072980505703192561e-02,-6.543781166646925676e-03,5.247560433923344377e-03,-5.873121818769852509e-02,0.000000000000000000e+00
8.335000000000000853e+00,-5.247701653739285377e-02,6.041329389651439036e-02,-6.517562416750910005e-03,5.239915219573992172e-03,-5.848765585692649455e-02,0.000000000000000000e+00
8.339999999999999858e+00,-5.217573851703972976e-02,6.009814024765123414e-02,-6.491382255681601293e-03,5.232125265352545289e-03,-5.824453740945290808e-02,0.000000000000000000e+00
8.345000000000000639e+00,-5.187603287738087182e-02,5.978434111794119626e-02,-6.465241401722824320e-03,5.224192734253617874e-03,-5.800186858497982656e-02,0.000000000000000000e+00
8.349999999999999645e+00,-5.157789285335463714e-02,5.947189348954916299e-02,-6.439140562391630108e-03,5.216119770011196262e-03,-5.775965502861690748e-02,0.000000000000000000e+00
8.355000000000000426e+00,-5.128131169505092957e-02,5.916079431977567388e-02,-6.413080434534316338e-03,5.207908497211227727e-03,-5.751790229178213587e-02,0.000000000000000000e+00
8.359999999999999432e+00,-5.098628266783433033e-02,5.885104054152171665e-02,-6.387061704421886574e-03,5.199561021404160675e-03,-5.727661583309680282e-02,0.000000000000000000e+00
8.365000000000000213e+00,-5.069279905246495271e-02,5.854262906374893549e-02,-6.361085047844947452e-03,5.191079429217416302e-03,-5.703580101927410717e-02,0.000000000000000000e+00
8.370000000000000995e+00,-5.040085414521701390e-02,5.823555677193520408e-02,-6.335151130208039466e-03,5.182465788467786535e-03,-5.679546312600212976e-02,0.000000000000000000e+00
8.375000000000000000e+00,-5.011044125799509613e-02,5.792982052852563291e-02,-6.309260606623414390e-03,5.173722148273745235e-03,-5.655560733882061819e-02,0.000000000000000000e+00
8.380000000000000782e+00,-4.982155371844821518e-02,5.762541717337903852e-02,-6.283414122004241965e-03,5.164850539167666586e-03,-5.631623875399205392e-02,0.000000000000000000e+00
8.384999999999999787e+00,-4.953418487008163368e-02,5.732234352420990942e-02,-6.257612311157262353e-03,5.155852973207935945e-03,-5.607736237936659235e-02,0.000000000000000000e+00
8.390000000000000568e+00,-4.924832807236648874e-02,5.702059637702588946e-02,-6.231855798874875660e-03,5.146731444090947918e-03,-5.583898313524121582e-02,0.000000000000000000e+00
8.394999999999999574e+00,-4.896397670084725456e-02,5.672017250656082032e-02,-6.206145200026671159e-03,5.137487927262978683e-03,-5.560110585521303717e-02,0.000000000000000000e+00
8.400000000000000355e+00,-4.868112414724700548e-02,5.642106866670337784e-02,-6.180481119650399653e-03,5.128124380031927332e-03,-5.536373528702662195e-02,0.000000000000000000e+00
8.404999999999999361e+00,-4.839976381957061813e-02,5.612328159092132285e-02,-6.154864153042386397e-03,5.118642741678912367e-03,-5.512687609341557216e-02,0.000000000000000000e+00
8.410000000000000142e+00,-4.811988914220580865e-02,5.582680799268141536e-02,-6.129294885847384571e-03,5.109044933569720746e-03,-5.489053285293823969e-02,0.000000000000000000e+00
8.415000000000000924e+00,-4.784149355602208137e-02,5.553164456586499875e-02,-6.103773894147875370e-03,5.099332859266095599e-03,-5.465471006080763888e-02,0.000000000000000000e+00
8.419999999999999929e+00,-4.756457051846764428e-02,5.523778798517931660e-02,-6.078301744552810394e-03,5.089508404636855672e-03,-5.441941212971551645e-02,0.000000000000000000e+00
8.425000000000000711e+00,-4.728911350366426375e-02,5.494523490656456205e-02,-6.052878994285798044e-03,5.079573437968836966e-03,-5.418464339065084262e-02,0.000000000000000000e+00
8.429999999999999716e+00,-4.701511600250007222e-02,5.465398196759672228e-02,-6.027506191272736548e-03,5.069529810077654831e-03,-5.395040809371225154e-02,0.000000000000000000e+00
8.435000000000000497e+00,-4.674257152272040527e-02,5.436402578788621098e-02,-6.002183874228892747e-03,5.059379354418268304e-03,-5.371671040891502075e-02,0.000000000000000000e+00
8.439999999999999503e+00,-4.647147358901664027e-02,5.407536296947237225e-02,-5.976912572745432702e-03,5.049123887195349283e-03,-5.348355442699229134e-02,0.000000000000000000e+00
8.445000000000000284e+00,-4.620181574311306438e-02,5.378799009721382113e-02,-5.951692807375392850e-03,5.038765207473437473e-03,-5.325094416019039018e-02,0.000000000000000000e+00
8.449999999999999289e+00,-4.593359154385182747e-02,5.350190373917471792e-02,-5.926525089719109941e-03,5.028305097286888022e-03,-5.301888354305877432e-02,0.000000000000000000e+00
8.455000000000000071e+00,-4.566679456727594510e-02,5.321710044700696252e-02,-5.901409922509094109e-03,5.017745321749590183e-03,-5.278737643323420242e-02,0.000000000000000000e+00
8.460000000000000853e+00,-4.540141840671040735e-02,5.293357675632835713e-02,-5.876347799694360725e-03,5.007087629164457855e-03,-5.255642661221918144e-02,0.000000000000000000e+00
8.464999999999999858e+00,-4.513745667284143476e-02,5.265132918709674453e-02,-5.851339206524209732e-03,4.996333751132684201e-03,-5.232603778615506351e-02,0.000000000000000000e+00
8.470000000000000639e+00,-4.487490299379381931e-02,5.237035424398020500e-02,-5.826384619631462015e-03,4.985485402662755139e-03,-5.209621358658926560e-02,0.000000000000000000e+00
8.474999999999999645e+00,-4.461375101520648895e-02,5.209064841672328416e-02,-5.801484507115151068e-03,4.974544282279206101e-03,-5.186695757123713224e-02,0.000000000000000000e+00
8.480000000000000426e+00,-4.435399440030619173e-02,5.181220818050930044e-02,-5.776639328622671689e-03,4.963512072131128113e-03,-5.163827322473819870e-02,0.000000000000000000e+00
8.484999999999999432e+00,-4.409562682997941740e-02,5.153502999631880133e-02,-5.751849535431386579e-03,4.952390438100406737e-03,-5.141016395940695149e-02,0.000000000000000000e+00
8.490000000000000213e+00,-4.383864200284251500e-02,5.125911031128411316e-02,-5.727115570529691703e-03,4.941181029909693864e-03,-5.118263311597805176e-02,0.000000000000000000e+00
8.495000000000000995e+00,-4.358303363531007557e-02,5.098444555904011605e-02,-5.702437868697543891e-03,4.929885481230102812e-03,-5.095568396434611846e-02,0.000000000000000000e+00
8.500000000000000000e+00,-4.332879546166152479e-02,5.071103216007118164e-02,-5.677816856586448933e-03,4.918505409788620671e-03,-5.072931970430004378e-02,0.000000000000000000e+00
8.505000000000000782e+00,-4.307592123410602936e-02,5.043886652205437082e-02,-5.653252952798914523e-03,4.907042417475235285e-03,-5.050354346625197943e-02,0.000000000000000000e+00
8.509999999999999787e+00,-4.282440472284567562e-02,5.016794504019887746e-02,-5.628746567967368025e-03,4.895498090449768198e-03,-5.027835831196067473e-02,0.000000000000000000e+00
8.515000000000000568e+00,-4.257423971613698288e-02,4.989826409758176678e-02,-5.604298104832542565e-03,4.883873999248407489e-03,-5.005376723524979782e-02,0.000000000000000000e+00
8.519999999999999574e+00,-4.232542002035071665e-02,4.962982006548003616e-02,-5.579907958321326210e-03,4.872171698889938771e-03,-4.982977316272050455e-02,0.000000000000000000e+00
8.525000000000000355e+00,-4.207793946003007823e-02,4.936260930369903294e-02,-5.555576515624088135e-03,4.860392728981663933e-03,-4.960637895445904610e-02,0.000000000000000000e+00
8.529999999999999361e+00,-4.183179187794723586e-02,4.909662816089722243e-02,-5.531304156271467029e-03,4.848538613825008510e-03,-4.938358740473870745e-02,0.000000000000000000e+00
8.535000000000000142e+00,-4.158697113515827382e-02,4.883187297490738238e-02,-5.507091252210641677e-03,4.836610862520804646e-03,-4.916140124271670131e-02,0.000000000000000000e+00
8.540000000000000924e+00,-4.134347111105650396e-02,4.856834007305423778e-02,-5.482938167881068990e-03,4.824610969074254012e-03,-4.893982313312580934e-02,0.000000000000000000e+00
8.544999999999999929e+00,-4.110128570342422988e-02,4.830602577246852908e-02,-5.458845260289699880e-03,4.812540412499558516e-03,-4.871885567696054853e-02,0.000000000000000000e+00
8.550000000000000711e+00,-4.086040882848294281e-02,4.804492638039759705e-02,-5.434812879085675584e-03,4.800400656924216219e-03,-4.849850141215843180e-02,0.000000000000000000e+00
8.554999999999999716e+00,-4.062083442094197028e-02,4.778503819451247747e-02,-5.410841366634500105e-03,4.788193151692981576e-03,-4.827876281427573302e-02,0.000000000000000000e+00
8.560000000000000497e+00,-4.038255643404558420e-02,4.752635750321154012e-02,-5.386931058091693966e-03,4.775919331471478735e-03,-4.805964229715830455e-02,0.000000000000000000e+00
8.564999999999999503e+00,-4.014556883961861722e-02,4.726888058592070008e-02,-5.363082281475931891e-03,4.763580616349468756e-03,-4.784114221360713515e-02,0.000000000000000000e+00
8.570000000000000284e+00,-3.990986562811059402e-02,4.701260371339022193e-02,-5.339295357741665263e-03,4.751178411943766423e-03,-4.762326485603887716e-02,0.000000000000000000e+00
8.575000000000001066e+00,-3.967544080863835698e-02,4.675752314798817255e-02,-5.315570600851230246e-03,4.738714109500797959e-03,-4.740601245714108625e-02,0.000000000000000000e+00
8.580000000000000071e+00,-3.944228840902726935e-02,4.650363514399050852e-02,-5.291908317846443291e-03,4.726189085998801394e-03,-4.718938719052272190e-02,0.000000000000000000e+00
8.585000000000000853e+00,-3.921040247585093341e-02,4.625093594786785361e-02,-5.268308808919689237e-03,4.713604704249661770e-03,-4.697339117135923559e-02,0.000000000000000000e+00
8.589999999999999858e+00,-3.897977707446952794e-02,4.599942179856899432e-02,-5.244772367484496801e-03,4.700962313000380324e-03,-4.675802645703284327e-02,0.000000000000000000e+00
8.595000000000000639e+00,-3.875040628906670920e-02,4.574908892780108621e-02,-5.221299280245610998e-03,4.688263247034169835e-03,-4.654329504776776039e-02,0.000000000000000000e+00
8.599999999999999645e+00,-3.852228422268511726e-02,4.549993356030665459e-02,-5.197889827268560754e-03,4.675508827271176136e-03,-4.632919888726046154e-02,0.000000000000000000e+00
8.605000000000000426e+00,-3.829540499726052233e-02,4.525195191413736162e-02,-5.174544282048722590e-03,4.662700360868823196e-03,-4.611573986330496505e-02,0.000000000000000000e+00
8.609999999999999432e+00,-3.806976275365461099e-02,4.500514020092458850e-02,-5.151262911579885563e-03,4.649839141321772222e-03,-4.590291980841321173e-02,0.000000000000000000e+00
8.615000000000000213e+00,-3.784535165168638471e-02,4.475949462614687430e-02,-5.128045976422313142e-03,4.636926448561501726e-03,-4.569074050043057250e-02,0.000000000000000000e+00
8.620000000000000995e+00,-3.762216587016230240e-02,4.451501138939420454e-02,-5.104893730770313290e-03,4.623963549055494678e-03,-4.547920366314633922e-02,0.000000000000000000e+00
8.625000000000000000e+00,-3.740019960690503520e-02,4.427168668462921897e-02,-5.081806422519310681e-03,4.610951695906033605e-03,-4.526831096689960809e-02,0.000000000000000000e+00
8.630000000000000782e+00,-3.717944707878097915e-02,4.402951670044529670e-02,-5.058784293332426255e-03,4.597892128948606258e-03,-4.505806402918011155e-02,0.000000000000000000e+00
8.634999999999999787e+00,-3.695990252172645651e-02,4.378849762032162307e-02,-5.035827578706566707e-03,4.584786074849911408e-03,-4.484846441522435251e-02,0.000000000000000000e+00
8.640000000000000568e+00,-3.674156019077264718e-02,4.354862562287521027e-02,-5.012936508038023931e-03,4.571634747205464804e-03,-4.463951363860697852e-02,0.000000000000000000e+00
8.644999999999999574e+00,-3.652441436006928499e-02,4.330989688210991340e-02,-4.990111304687586992e-03,4.558439346636803530e-03,-4.443121316182731262e-02,0.000000000000000000e+00
8.650000000000000355e+00,-3.630845932290709815e-02,4.307230756766247670e-02,-4.967352186045170120e-03,4.545201060888281845e-03,-4.422356439689123508e-02,0.000000000000000000e+00
8.654999999999999361e+00,-3.609368939173905610e-02,4.283585384504561000e-02,-4.944659363593959314e-03,4.531921064923465428e-03,-4.401656870588838838e-02,0.000000000000000000e+00
8.660000000000000142e+00,-3.588009889820036047e-02,4.260053187588814377e-02,-4.922033042974073222e-03,4.518600521021109290e-03,-4.381022740156458040e-02,0.000000000000000000e+00
8.665000000000000924e+00,-3.566768219312728416e-02,4.236633781817228384e-02,-4.899473424045749578e-03,4.505240578870728894e-03,-4.360454174788967047e-02,0.000000000000000000e+00
8.669999999999999929e+00,-3.545643364657482394e-02,4.213326782646797247e-02,-4.876980700952054590e-03,4.491842375667749743e-03,-4.339951296062077857e-02,0.000000000000000000e+00
8.675000000000000711e+00,-3.524634764783317331e-02,4.190131805216441158e-02,-4.854555062181113538e-03,4.478407036208248426e-03,-4.319514220786084546e-02,0.000000000000000000e+00
8.679999999999999716e+00,-3.503741860544305753e-02,4.167048464369873390e-02,-4.832196690627874741e-03,4.464935672983267809e-03,-4.299143061061272419e-02,0.000000000000000000e+00
8.685000000000000497e+00,-3.482964094720990972e-02,4.144076374678187791e-02,-4.809905763655397334e-03,4.451429386272714138e-03,-4.278837924332857395e-02,0.000000000000000000e+00
8.689999999999999503e+00,-3.462300912021697846e-02,4.121215150462168714e-02,-4.787682453155673278e-03,4.437889264238830886e-03,-4.258598913445481304e-02,0.000000000000000000e+00
8.695000000000000284e+00,-3.441751759083725576e-02,4.098464405814322697e-02,-4.765526925609984456e-03,4.424316383019248448e-03,-4.238426126697271423e-02,0.000000000000000000e+00
8.700000000000001066e+00,-3.421316084474437108e-02,4.075823754620638839e-02,-4.743439342148793141e-03,4.410711806819605368e-03,-4.218319657893417063e-02,0.000000000000000000e+00
8.705000000000000071e+00,-3.400993338692236828e-02,4.053292810582076466e-02,-4.721419858611171014e-03,4.397076588005743684e-03,-4.198279596399336067e-02,0.000000000000000000e+00
8.710000000000000853e+00,-3.380782974167441390e-02,4.030871187235784275e-02,-4.699468625603768490e-03,4.383411767195474068e-03,-4.178306027193379180e-02,0.000000000000000000e+00
8.714999999999999858e+00,-3.360684445263049241e-02,4.008558497976053708e-02,-4.677585788559326073e-03,4.369718373349907280e-03,-4.158399030919097961e-02,0.000000000000000000e+00
8.720000000000000639e+00,-3.340697208275400509e-02,3.986354356075007266e-02,-4.655771487794732946e-03,4.355997423864354547e-03,-4.138558683937082483e-02,0.000000000000000000e+00
8.724999999999999645e+00,-3.320820721434737666e-02,3.964258374703023835e-02,-4.634025858568625866e-03,4.342249924658794259e-03,-4.118785058376354252e-02,0.000000000000000000e+00
8.730000000000000426e+00,-3.301054444905663493e-02,3.942270166948907278e-02,-4.612349031138543096e-03,4.328476870267901518e-03,-4.099078222185330300e-02,0.000000000000000000e+00
8.734999999999999432e+00,-3.281397840787499826e-02,3.920389345839794121e-02,-4.590741130817625575e-03,4.314679243930643129e-03,-4.079438239182362619e-02,0.000000000000000000e+00
8.740000000000000213e+00,-3.261850373114544288e-02,3.898615524360809353e-02,-4.569202278030873136e-03,4.300858017679429386e-03,-4.059865169105834892e-02,0.000000000000000000e+00
8.745000000000000995e+00,-3.242411507856235442e-02,3.876948315474466888e-02,-4.547732588370955766e-03,4.287014152428833894e-03,-4.040359067663862325e-02,0.000000000000000000e+00
8.750000000000000000e+00,-3.223080712917214541e-02,3.855387332139820211e-02,-4.526332172653579899e-03,4.273148598063865843e-03,-4.020919986583529337e-02,0.000000000000000000e+00
8.755000000000000782e+00,-3.203857458137297082e-02,3.833932187331365316e-02,-4.505001136972418448e-03,4.259262293527807733e-03,-4.001547973659749791e-02,0.000000000000000000e+00
8.759999999999999787e+00,-3.184741215291348598e-02,3.812582494057695920e-02,-4.483739582753600190e-03,4.245356166909604670e-03,-3.982243072803677564e-02,0.000000000000000000e+00
8.765000000000000568e+00,-3.165731458089068862e-02,3.791337865379916516e-02,-4.462547606809763763e-03,4.231431135530814777e-03,-3.963005324090711906e-02,0.000000000000000000e+00
8.769999999999999574e+00,-3.146827662174681711e-02,3.770197914429811864e-02,-4.441425301393677957e-03,4.217488106032114652e-03,-3.943834763808103105e-02,0.000000000000000000e+00
8.775000000000000355e+00,-3.128029305126538151e-02,3.749162254427775703e-02,-4.420372754251430947e-03,4.203527974459358128e-03,-3.924731424502125865e-02,0.000000000000000000e+00
8.779999999999999361e+00,-3.109335866456628891e-02,3.728230498700507017e-02,-4.399390048675190165e-03,4.189551626349192689e-03,-3.905695335024863407e-02,0.000000000000000000e+00
8.785000000000000142e+00,-3.090746827610009462e-02,3.707402260698464819e-02,-4.378477263555535445e-03,4.175559936814228316e-03,-3.886726520580577326e-02,0.000000000000000000e+00
8.790000000000000924e+00,-3.072261671964137200e-02,3.686677154013091873e-02,-4.357634473433367149e-03,4.161553770627758782e-03,-3.867825002771678455e-02,0.000000000000000000e+00
8.794999999999999929e+00,-3.053879884828124974e-02,3.666054792393809436e-02,-4.336861748551391893e-03,4.147533982308038852e-03,-3.848990799644297356e-02,0.000000000000000000e+00
8.800000000000000711e+00,-3.035600953441907821e-02,3.645534789764779543e-02,-4.316159154905187603e-03,4.133501416202108730e-03,-3.830223925733450968e-02,0.000000000000000000e+00
8.804999999999999716e+00,-3.017424366975329092e-02,3.625116760241442471e-02,-4.295526754293851369e-03,4.119456906569177006e-03,-3.811524392107825537e-02,0.000000000000000000e+00
8.810000000000000497e+00,-2.999349616527142298e-02,3.604800318146826610e-02,-4.274964604370230965e-03,4.105401277663549980e-03,-3.792892206414157086e-02,0.000000000000000000e+00
8.814999999999999503e+00,-2.981376195123933842e-02,3.584585078027638372e-02,-4.254472758690742637e-03,4.091335343817113432e-03,-3.774327372921225388e-02,0.000000000000000000e+00
8.820000000000000284e+00,-2.963503597718964225e-02,3.564470654670130745e-02,-4.234051266764778630e-03,4.077259909521368554e-03,-3.755829892563464223e-02,0.000000000000000000e+00
8.825000000000001066e+00,-2.945731321190930840e-02,3.544456663115751194e-02,-4.213700174103704454e-03,4.063175769509014268e-03,-3.737399762984175422e-02,0.000000000000000000e+00
8.830000000000000071e+00,-2.928058864342653750e-02,3.524542718676573066e-02,-4.193419522269450223e-03,4.049083708835082840e-03,-3.719036978578377228e-02,0.000000000000000000e+00
8.835000000000000853e+00,-2.910485727899684086e-02,3.504728436950513976e-02,-4.173209348922696064e-03,4.034984502957625341e-03,-3.700741530535241186e-02,0.000000000000000000e+00
8.839999999999999858e+00,-2.893011414508838211e-02,3.485013433836339769e-02,-4.153069687870658555e-03,4.020878917817947810e-03,-3.682513406880200818e-02,0.000000000000000000e+00
8.845000000000000639e+00,-2.875635428736655202e-02,3.465397325548456864e-02,-4.133000569114472084e-03,4.006767709920398129e-03,-3.664352592516630092e-02,0.000000000000000000e+00
8.849999999999999645e+00,-2.858357277067782518e-02,3.445879728631497108e-02,-4.113002018896176441e-03,3.992651626411702730e-03,-3.646259069267184655e-02,0.000000000000000000e+00
8.855000000000000426e+00,-2.841176467903288802e-02,3.426460259974695860e-02,-4.093074059745308024e-03,3.978531405159854012e-03,-3.628232815914762821e-02,0.000000000000000000e+00
8.859999999999999432e+00,-2.824092511558905921e-02,3.407138536826063990e-02,-4.073216710525095520e-03,3.964407774832550205e-03,-3.610273808243090465e-02,0.000000000000000000e+00
8.865000000000000213e+00,-2.807104920263199521e-02,3.387914176806355870e-02,-4.053429986478268750e-03,3.950281454975181593e-03,-3.592382019076956895e-02,0.000000000000000000e+00
8.870000000000000995e+00,-2.790213208155670199e-02,3.368786797922837528e-02,-4.033713899272472862e-03,3.936153156088375259e-03,-3.574557418322059366e-02,0.000000000000000000e+00
8.875000000000000000e+00,-2.773416891284788410e-02,3.349756018582856348e-02,-4.014068457045302622e-03,3.922023579705082724e-03,-3.556799973004524940e-02,0.000000000000000000e+00
8.880000000000000782e+00,-2.756715487605959636e-02,3.330821457607210240e-02,-3.994493664448947254e-03,3.907893418467225238e-03,-3.539109647310034745e-02,0.000000000000000000e+00
8.884999999999999787e+00,-2.740108516979423633e-02,3.311982734243323900e-02,-3.974989522694454512e-03,3.893763356201888903e-03,-3.521486402622618639e-02,0.000000000000000000e+00
8.890000000000000568e+00,-2.723595501168090197e-02,3.293239468178230100e-02,-3.955556029595616585e-03,3.879634067997071376e-03,-3.503930197563082799e-02,0.000000000000000000e+00
8.894999999999999574e+00,-2.707175963835307952e-02,3.274591279551358064e-02,-3.936193179612476091e-03,3.865506220276983609e-03,-3.486440988027092458e-02,0.000000000000000000e+00
8.900000000000000355e+00,-2.690849430542571058e-02,3.256037788967133806e-02,-3.916900963894457376e-03,3.851380470876902308e-03,-3.469018727222893117e-02,0.000000000000000000e+00
8.904999999999999361e+00,-2.674615428747163098e-02,3.237578617507391732e-02,-3.897679370323126578e-03,3.837257469117577851e-03,-3.451663365708704939e-02,0.000000000000000000e+00
8.910000000000000142e+00,-2.658473487799739576e-02,3.219213386743598193e-02,-3.878528383554577432e-03,3.823137855879194229e-03,-3.434374851429754932e-02,0.000000000000000000e+00
8.915000000000000924e+00,-2.642423138941849339e-02,3.200941718748891163e-02,-3.859447985061451904e-03,3.809022263674887061e-03,-3.417153129754975371e-02,0.000000000000000000e+00
8.919999999999999929e+00,-2.626463915303396679e-02,3.182763236109936722e-02,-3.840438153174590905e-03,3.794911316723813613e-03,-3.399998143513353888e-02,0.000000000000000000e+00
8.925000000000000711e+00,-2.610595351900044450e-02,3.164677561938605832e-02,-3.821498863124323311e-03,3.780805631023781335e-03,-3.382909833029962288e-02,0.000000000000000000e+00
8.929999999999999716e+00,-2.594816985630558903e-02,3.146684319883469999e-02,-3.802630087081391563e-03,3.766705814423431005e-03,-3.365888136161623856e-02,0.000000000000000000e+00
8.935000000000000497e+00,-2.579128355274098658e-02,3.128783134141119304e-02,-3.783831794197518601e-03,3.752612466693978823e-03,-3.348932988332279509e-02,0.000000000000000000e+00
8.939999999999999503e+00,-2.563529001487445391e-02,3.110973629467304186e-02,-3.765103950645616159e-03,3.738526179600514844e-03,-3.332044322567997985e-02,0.000000000000000000e+00
8.945000000000000284e+00,-2.548018466802181442e-02,3.093255431187905483e-02,-3.746446519659637868e-03,3.724447536972862096e-03,-3.315222069531662680e-02,0.000000000000000000e+00
8.950000000000001066e+00,-2.532596295621812252e-02,3.075628165209728232e-02,-3.727859461574080206e-03,3.710377114775994210e-03,-3.298466157557342765e-02,0.000000000000000000e+00
8.955000000000000071e+00,-2.517262034218834335e-02,3.058091458031127197e-02,-3.709342733863130442e-03,3.696315481180013733e-03,-3.281776512684329156e-02,0.000000000000000000e+00
8.960000000000000853e+00,-2.502015230731751902e-02,3.040644936752462044e-02,-3.690896291179467624e-03,3.682263196629691118e-03,-3.265153058690854065e-02,0.000000000000000000e+00
8.964999999999999858e+00,-2.486855435162041092e-02,3.023288229086384948e-02,-3.672520085392716200e-03,3.668220813913566566e-03,-3.248595717127486515e-02,0.000000000000000000e+00
8.970000000000000639e+00,-2.471782199371062513e-02,3.006020963367963053e-02,-3.654214065627555720e-03,3.654188878232615158e-03,-3.232104407350218367e-02,0.000000000000000000e+00
8.974999999999999645e+00,-2.456795077076924863e-02,2.988842768564635780e-02,-3.635978178301487070e-03,3.640167927268474820e-03,-3.215679046553227699e-02,0.000000000000000000e+00
8.980000000000000426e+00,-2.441893623851298240e-02,2.971753274286009772e-02,-3.617812367162260428e-03,3.626158491251241060e-03,-3.199319549801332707e-02,0.000000000000000000e+00
8.984999999999999432e+00,-2.427077397116179230e-02,2.954752110793493203e-02,-3.599716573324963659e-03,3.612161093026824976e-03,-3.183025830062132661e-02,0.000000000000000000e+00
8.990000000000000213e+00,-2.412345956140607775e-02,2.937838909009770141e-02,-3.581690735308776328e-03,3.598176248123881055e-03,-3.166797798237844241e-02,0.000000000000000000e+00
8.995000000000000995e+00,-2.397698862037338577e-02,2.921013300528117404e-02,-3.563734789073388486e-03,3.584204464820300862e-03,-3.150635363196833960e-02,0.000000000000000000e+00
9.000000000000000000e+00,-2.383135677759463250e-02,2.904274917621564242e-02,-3.545848668055090729e-03,3.570246244209276942e-03,-3.134538431804832076e-02,0.000000000000000000e+00
9.005000000000000782e+00,-2.368655968096991180e-02,2.887623393251899373e-02,-3.528032303202532048e-03,3.556302080264936091e-03,-3.118506908955864798e-02,0.000000000000000000e+00
9.009999999999999787e+00,-2.354259299673381461e-02,2.871058361078522581e-02,-3.510285623012152859e-03,3.542372459907545436e-03,-3.102540697602872155e-02,0.000000000000000000e+00
9.015000000000000568e+00,-2.339945240942034599e-02,2.854579455467146087e-02,-3.492608553563291904e-03,3.528457863068288312e-03,-3.086639698788034084e-02,0.000000000000000000e+00
9.019999999999999574e+00,-2.325713362182738747e-02,2.838186311498345354e-02,-3.475001018552970056e-03,3.514558762753616436e-03,-3.070803811672797451e-02,0.000000000000000000e+00
9.025000000000000355e+00,-2.311563235498074673e-02,2.821878564975961040e-02,-3.457462939330355374e-03,3.500675625109174027e-03,-3.055032933567625175e-02,0.000000000000000000e+00
9.029999999999999361e+00,-2.297494434809778385e-02,2.805655852435355244e-02,-3.439994234930906364e-03,3.486808909483301265e-03,-3.039326959961423380e-02,0.000000000000000000e+00
9.035000000000000142e+00,-2.283506535855063177e-02,2.789517811151519949e-02,-3.422594822110202120e-03,3.472959068490111875e-03,-3.023685784550707994e-02,0.000000000000000000e+00
9.040000000000000924e+00,-2.269599116182902110e-02,2.773464079147044264e-02,-3.405264615377455884e-03,3.459126548072150031e-03,-3.008109299268479572e-02,0.000000000000000000e+00
9.044999999999999929e+00,-2.255771755150269564e-02,2.757494295199936288e-02,-3.388003527028718084e-03,3.445311787562627907e-03,-2.992597394312796616e-02,0.000000000000000000e+00
9.050000000000000711e+00,-2.242024033918345316e-02,2.741608098851305506e-02,-3.370811467179766260e-03,3.431515219747243405e-03,-2.977149958175088346e-02,0.000000000000000000e+00
9.054999999999999716e+00,-2.228355535448680452e-02,2.725805130412904675e-02,-3.353688343798691407e-03,3.417737270925579832e-03,-2.961766877668171871e-02,0.000000000000000000e+00
9.060000000000000497e+00,-2.214765844499324773e-02,2.710085030974535014e-02,-3.336634062738173812e-03,3.403978360972089671e-03,-2.946448037953994237e-02,0.000000000000000000e+00
9.064999999999999503e+00,-2.201254547620919502e-02,2.694447442411311913e-02,-3.319648527767459206e-03,3.390238903396663745e-03,-2.931193322571104543e-02,0.000000000000000000e+00
9.070000000000000284e+00,-2.187821233152751135e-02,2.678892007390797775e-02,-3.302731640604028747e-03,3.376519305404784930e-03,-2.916002613461844001e-02,0.000000000000000000e+00
9.075000000000001066e+00,-2.174465491218773375e-02,2.663418369379999887e-02,-3.285883300944972794e-03,3.362819967957272026e-03,-2.900875790999263640e-02,0.000000000000000000e+00
9.080000000000000071e+00,-2.161186913723591937e-02,2.648026172652234722e-02,-3.269103406498066310e-03,3.349141285829609471e-03,-2.885812734013782840e-02,0.000000000000000000e+00
9.085000000000000853e+00,-2.147985094348415711e-02,2.632715062293863179e-02,-3.252391853012546758e-03,3.335483647670871993e-03,-2.870813319819563031e-02,0.000000000000000000e+00
9.089999999999999858e+00,-2.134859628546975294e-02,2.617484684210893975e-02,-3.235748534309600567e-03,3.321847436062235967e-03,-2.855877424240627419e-02,0.000000000000000000e+00
9.095000000000000639e+00,-2.121810113541409276e-02,2.602334685135459721e-02,-3.219173342312556425e-03,3.308233027575088747e-03,-2.841004921636712532e-02,0.000000000000000000e+00
9.099999999999999645e+00,-2.108836148318116513e-02,2.587264712632165661e-02,-3.202666167076791050e-03,3.294640792828729039e-03,-2.826195684928861640e-02,0.000000000000000000e+00
9.105000000000000426e+00,-2.095937333623578910e-02,2.572274415104312470e-02,-3.186226896819344383e-03,3.281071096547666550e-03,-2.811449585624743036e-02,0.000000000000000000e+00
9.109999999999999432e+00,-2.083113271960151947e-02,2.557363441799994155e-02,-3.169855417948252898e-03,3.267524297618517020e-03,-2.796766493843737961e-02,0.000000000000000000e+00
9.115000000000000213e+00,-2.070363567581826741e-02,2.542531442818073834e-02,-3.153551615091597111e-03,3.254000749146498256e-03,-2.782146278341739165e-02,0.000000000000000000e+00
9.120000000000000995e+00,-2.057687826489960903e-02,2.527778069114037726e-02,-3.137315371126267200e-03,3.240500798511525889e-03,-2.767588806535723617e-02,0.000000000000000000e+00
9.125000000000000000e+00,-2.045085656428980575e-02,2.513102972505726687e-02,-3.121146567206451502e-03,3.227024787423911009e-03,-2.753093944528053200e-02,0.000000000000000000e+00
9.130000000000000782e+00,-2.032556666882055427e-02,2.498505805678951502e-02,-3.105045082791845282e-03,3.213573051979663579e-03,-2.738661557130540533e-02,0.000000000000000000e+00
9.134999999999999787e+00,-2.020100469066744842e-02,2.483986222192987453e-02,-3.089010795675585421e-03,3.200145922715399039e-03,-2.724291507888252500e-02,0.000000000000000000e+00
9.140000000000000568e+00,-2.007716675930616701e-02,2.469543876485954387e-02,-3.073043582011910149e-03,3.186743724662852422e-03,-2.709983659103074732e-02,0.000000000000000000e+00
9.144999999999999574e+00,-1.995404902146840145e-02,2.455178423880079869e-02,-3.057143316343548158e-03,3.173366777403001729e-03,-2.695737871857032189e-02,0.000000000000000000e+00
9.150000000000000355e+00,-1.983164764109752315e-02,2.440889520586848535e-02,-3.041309871628838837e-03,3.160015395119800553e-03,-2.681554006035365839e-02,0.000000000000000000e+00
9.154999999999999361e+00,-1.970995879930399070e-02,2.426676823712039036e-02,-3.025543119268582319e-03,3.146689886653522995e-03,-2.667431920349362662e-02,0.000000000000000000e+00
9.160000000000000142e+00,-1.958897869432051422e-02,2.412539991260648914e-02,-3.009842929132627160e-03,3.133390555553721736e-03,-2.653371472358959787e-02,0.000000000000000000e+00
9.165000000000000924e+00,-1.946870354145697687e-02,2.398478682141709159e-02,-2.994209169586190423e-03,3.120117700131799267e-03,-2.639372518495098144e-02,0.000000000000000000e+00
9.169999999999999929e+00,-1.934912957305510647e-02,2.384492556172988775e-02,-2.978641707515919303e-03,3.106871613513199210e-03,-2.625434914081846427e-02,0.000000000000000000e+00
9.175000000000000711e+00,-1.923025303844292863e-02,2.370581274085592147e-02,-2.963140408355690366e-03,3.093652583689211668e-03,-2.611558513358296085e-02,0.000000000000000000e+00
9.179999999999999716e+00,-1.911207020388898739e-02,2.356744497528449542e-02,-2.947705136112152048e-03,3.080460893568402140e-03,-2.597743169500215873e-02,0.000000000000000000e+00
9.185000000000000497e+00,-1.899457735255634383e-02,2.342981889072701107e-02,-2.932335753390009989e-03,3.067296821027658792e-03,-2.583988734641486790e-02,0.000000000000000000e+00
9.189999999999999503e+00,-1.887777078445635609e-02,2.329293112215977124e-02,-2.917032121417059524e-03,3.054160638962864164e-03,-2.570295059895299356e-02,0.000000000000000000e+00
9.195000000000000284e+00,-1.876164681640225124e-02,2.315677831386573834e-02,-2.901794100068964041e-03,3.041052615339192178e-03,-2.556661995375130586e-02,0.000000000000000000e+00
9.200000000000001066e+00,-1.864620178196249242e-02,2.302135711947528307e-02,-2.886621547893783099e-03,3.027973013241030877e-03,-2.543089390215497875e-02,0.000000000000000000e+00
9.205000000000000071e+00,-1.853143203141393788e-02,2.288666420200591647e-02,-2.871514322136253794e-03,3.014922090921532197e-03,-2.529577092592489099e-02,0.000000000000000000e+00
9.210000000000000853e+00,-1.841733393169480565e-02,2.275269623390102289e-02,-2.856472278761822744e-03,3.001900101851793980e-03,-2.516124949744064435e-02,0.000000000000000000e+00
9.214999999999999858e+00,-1.830390386635745784e-02,2.261944989706759709e-02,-2.841495272480434788e-03,2.988907294769671628e-03,-2.502732807990156599e-02,0.000000000000000000e+00
9.220000000000000639e+00,-1.819113823552098719e-02,2.248692188291302047e-02,-2.826583156770076655e-03,2.975943913728223283e-03,-2.489400512752534822e-02,0.000000000000000000e+00
9.224999999999999645e+00,-1.807903345582361973e-02,2.235510889238085178e-02,-2.811735783900082535e-03,2.963010198143789867e-03,-2.476127908574466546e-02,0.000000000000000000e+00
9.230000000000000426e+00,-1.796758596037495090e-02,2.222400763598567780e-02,-2.796953004954196801e-03,2.950106382843712110e-03,-2.462914839140161599e-02,0.000000000000000000e+00
9.234999999999999432e+00,-1.785679219870800472e-02,2.209361483384701674e-02,-2.782234669853400361e-03,2.937232698113686341e-03,-2.449761147294001601e-02,0.000000000000000000e+00
9.240000000000000213e+00,-1.774664863673112991e-02,2.196392721572227799e-02,-2.767580627378502835e-03,2.924389369744758577e-03,-2.436666675059566411e-02,0.000000000000000000e+00
9.245000000000000995e+00,-1.763715175667972604e-02,2.183494152103880939e-02,-2.752990725192497063e-03,2.911576619079961261e-03,-2.423631263658444432e-02,0.000000000000000000e+00
9.250000000000000000e+00,-1.752829805706781000e-02,2.170665449892502860e-02,-2.738464809862685076e-03,2.898794663060595689e-03,-2.410654753528838554e-02,0.000000000000000000e+00
9.255000000000000782e+00,-1.742008405263944723e-02,2.157906290824064890e-02,-2.724002726882570301e-03,2.886043714272154906e-03,-2.397736984343973310e-02,0.000000000000000000e+00
9.259999999999999787e+00,-1.731250627432001296e-02,2.145216351760602380e-02,-2.709604320693523392e-03,2.873323980989898798e-03,-2.384877795030286921e-02,0.000000000000000000e+00
9.265000000000000568e+00,-1.720556126916731807e-02,2.132595310543059994e-02,-2.695269434706220376e-03,2.860635667224073996e-03,-2.372077023785432864e-02,0.000000000000000000e+00
9.269999999999999574e+00,-1.709924560032259622e-02,2.120042845994049574e-02,-2.680997911321854419e-03,2.847978972764786398e-03,-2.359334508096077102e-02,0.000000000000000000e+00
9.275000000000000355e+00,-1.699355584696135568e-02,2.107558637920523698e-02,-2.666789591953126412e-03,2.835354093226524156e-03,-2.346650084755492680e-02,0.000000000000000000e+00
9.279999999999999361e+00,-1.688848860424409237e-02,2.095142367116362148e-02,-2.652644317045010913e-03,2.822761220092337604e-03,-2.334023589880966296e-02,0.000000000000000000e+00
9.285000000000000142e+00,-1.678404048326688491e-02,2.082793715364875467e-02,-2.638561926095304815e-03,2.810200540757670958e-03,-2.321454858931002591e-02,0.000000000000000000e+00
9.290000000000000924e+00,-1.668020811101185441e-02,2.070512365441224897e-02,-2.624542257674956566e-03,2.797672238573855295e-03,-2.308943726722340745e-02,0.000000000000000000e+00
9.294999999999999929e+00,-1.657698813029752360e-02,2.058298001114760786e-02,-2.610585149448177694e-03,2.785176492891258508e-03,-2.296490027446770540e-02,0.000000000000000000e+00
9.300000000000000711e+00,-1.647437719972904765e-02,2.046150307151278769e-02,-2.596690438192340942e-03,2.772713479102096104e-03,-2.284093594687772177e-02,0.000000000000000000e+00
9.304999999999999716e+00,-1.637237199364833043e-02,2.034068969315197192e-02,-2.582857959817665052e-03,2.760283368682907214e-03,-2.271754261436950695e-02,0.000000000000000000e+00
9.310000000000000497e+00,-1.627096920208404712e-02,2.022053674371653356e-02,-2.569087549386687465e-03,2.747886329236691461e-03,-2.259471860110300739e-02,0.000000000000000000e+00
9.314999999999999503e+00,-1.617016553070155585e-02,2.010104110088523771e-02,-2.555379041133527557e-03,2.735522524534715789e-03,-2.247246222564271145e-02,0.000000000000000000e+00
9.320000000000000284e+00,-1.606995770075271210e-02,1.998219965238365314e-02,-2.541732268482940846e-03,2.723192114557987809e-03,-2.235077180111652573e-02,0.000000000000000000e+00
9.325000000000001066e+00,-1.597034244902558603e-02,1.986400929600280404e-02,-2.528147064069167626e-03,2.710895255538398226e-03,-2.222964563537282306e-02,0.000000000000000000e+00
9.330000000000000071e+00,-1.587131652779409305e-02,1.974646693961706542e-02,-2.514623259754576474e-03,2.698632099999535849e-03,-2.210908203113572112e-02,0.000000000000000000e+00
9.335000000000000853e+00,-1.577287670476753417e-02,1.962956950120131952e-02,-2.501160686648104363e-03,2.686402796797176910e-03,-2.198907928615847357e-02,0.000000000000000000e+00
9.339999999999999858e+00,-1.567501976304004965e-02,1.951331390884737324e-02,-2.487759175123495110e-03,2.674207491159447808e-03,-2.186963569337515428e-02,0.000000000000000000e+00
9.345000000000000639e+00,-1.557774250103999281e-02,1.939769710077962964e-02,-2.474418554837338764e-03,2.662046324726665639e-03,-2.175074954105058606e-02,0.000000000000000000e+00
9.349999999999999645e+00,-1.548104173247923446e-02,1.928271602537007245e-02,-2.461138654746909769e-03,2.649919435590857800e-03,-2.163241911292848596e-02,0.000000000000000000e+00
9.355000000000000426e+00,-1.538491428630238585e-02,1.916836764115251168e-02,-2.447919303127811703e-03,2.637826958334961534e-03,-2.151464268837789337e-02,0.000000000000000000e+00
9.359999999999999432e+00,-1.528935700663595562e-02,1.905464891683614562e-02,-2.434760327591425563e-03,2.625769024071706453e-03,-2.139741854253786671e-02,0.000000000000000000e+00
9.365000000000000213e+00,-1.519436675273744264e-02,1.894155683131841517e-02,-2.421661555102163754e-03,2.613745760482180484e-03,-2.128074494646053916e-02,0.000000000000000000e+00
9.370000000000000995e+00,-1.509994039894436112e-02,1.882908837369718508e-02,-2.408622811994531963e-03,2.601757291854082249e-03,-2.116462016725241882e-02,0.000000000000000000e+00
9.375000000000000000e+00,-1.500607483462321201e-02,1.871724054328225209e-02,-2.395643923990002817e-03,2.589803739119660338e-03,-2.104904246821402702e-02,0.000000000000000000e+00
9.380000000000000782e+00,-1.491276696411839367e-02,1.860601034960616962e-02,-2.382724716213696550e-03,2.577885219893343363e-03,-2.093401010897789905e-02,0.000000000000000000e+00
9.384999999999999787e+00,-1.482001370670106392e-02,1.849539481243442710e-02,-2.369865013210879084e-03,2.566001848509059068e-03,-2.081952134564495766e-02,0.000000000000000000e+00
9.390000000000000568e+00,-1.472781199651795186e-02,1.838539096177497362e-02,-2.357064638963270176e-03,2.554153736057248551e-03,-2.070557443091919705e-02,0.000000000000000000e+00
9.394999999999999574e+00,-1.463615878254011932e-02,1.827599583788709625e-02,-2.344323416905169828e-03,2.542340990421574319e-03,-2.059216761424083331e-02,0.000000000000000000e+00
9.400000000000000355e+00,-1.454505102851168935e-02,1.816720649128967732e-02,-2.331641169939400408e-03,2.530563716315324327e-03,-2.047929914191776862e-02,0.000000000000000000e+00
9.404999999999999361e+00,-1.445448571289852276e-02,1.805901998276880291e-02,-2.319017720453069205e-03,2.518822015317515473e-03,-2.036696725725553603e-02,0.000000000000000000e+00
9.410000000000000142e+00,-1.436445982883686849e-02,1.795143338338476766e-02,-2.306452890333148854e-03,2.507115985908695260e-03,-2.025517020068563073e-02,0.000000000000000000e+00
9.415000000000000924e+00,-1.427497038408197423e-02,1.784444377447846897e-02,-2.293946500981881246e-03,2.495445723506447243e-03,-2.014390620989232189e-02,0.000000000000000000e+00
9.419999999999999929e+00,-1.418601440095667091e-02,1.773804824767719057e-02,-2.281498373332004927e-03,2.483811320500598982e-03,-2.003317351993785106e-02,0.000000000000000000e+00
9.425000000000000711e+00,-1.409758891629992600e-02,1.763224390489979976e-02,-2.269108327861805562e-03,2.472212866288136385e-03,-1.992297036338621860e-02,0.000000000000000000e+00
9.429999999999999716e+00,-1.400969098141537257e-02,1.752702785836135480e-02,-2.256776184609994226e-03,2.460650447307822716e-03,-1.981329497042528393e-02,0.000000000000000000e+00
9.435000000000000497e+00,-1.392231766201982093e-02,1.742239723057711909e-02,-2.244501763190411350e-03,2.449124147074528777e-03,-1.970414556898753000e-02,0.000000000000000000e+00
9.439999999999999503e+00,-1.383546603819174430e-02,1.731834915436603062e-02,-2.232284882806562405e-03,2.437634046213273380e-03,-1.959552038486921111e-02,0.000000000000000000e+00
9.445000000000000284e+00,-1.374913320431976095e-02,1.721488077285357812e-02,-2.220125362265981846e-03,2.426180222492974568e-03,-1.948741764184812320e-02,0.000000000000000000e+00
9.450000000000001066e+00,-1.366331626905108523e-02,1.711198923947413950e-02,-2.208023019994430087e-03,2.414762750859916329e-03,-1.937983556179980610e-02,0.000000000000000000e+00
9.455000000000000071e+00,-1.357801235523998715e-02,1.700967171797275815e-02,-2.195977674049923514e-03,2.403381703470931254e-03,-1.927277236481241690e-02,0.000000000000000000e+00
9.460000000000000853e+00,-1.349321859989623118e-02,1.690792538240638160e-02,-2.183989142136599261e-03,2.392037149726299137e-03,-1.916622626930002474e-02,0.000000000000000000e+00
9.464999999999999858e+00,-1.340893215413351512e-02,1.680674741714457271e-02,-2.172057241618416488e-03,2.380729156302367581e-03,-1.906019549211460454e-02,0.000000000000000000e+00
9.470000000000000639e+00,-1.332515018311790714e-02,1.670613501686967622e-02,-2.160181789532694598e-03,2.369457787183890714e-03,-1.895467824865652157e-02,0.000000000000000000e+00
9.474999999999999645e+00,-1.324186986601628112e-02,1.660608538657646835e-02,-2.148362602603492294e-03,2.358223103696091647e-03,-1.884967275298374961e-02,0.000000000000000000e+00
9.480000000000000426e+00,-1.315908839594476069e-02,1.650659574157130674e-02,-2.136599497254823565e-03,2.347025164536451283e-03,-1.874517721791951058e-02,0.000000000000000000e+00
9.484999999999999432e+00,-1.307680297991715979e-02,1.640766330747074966e-02,-2.124892289623719725e-03,2.335864025806220004e-03,-1.864118985515871019e-02,0.000000000000000000e+00
9.490000000000000213e+00,-1.299501083879343703e-02,1.630928532019969984e-02,-2.113240795573130548e-03,2.324739741041660038e-03,-1.853770887537291995e-02,0.000000000000000000e+00
9.495000000000000995e+00,-1.291370920722816062e-02,1.621145902598902441e-02,-2.101644830704672753e-03,2.313652361245016349e-03,-1.843473248831406508e-02,0.000000000000000000e+00
9.500000000000000000e+00,-1.283289533361898702e-02,1.611418168137272386e-02,-2.090104210371222793e-03,2.302601934915218633e-03,-1.833225890291672114e-02,0.000000000000000000e+00
9.505000000000000782e+00,-1.275256648005515005e-02,1.601745055318458399e-02,-2.078618749689357427e-03,2.291588508078316617e-03,-1.823028632739911309e-02,0.000000000000000000e+00
9.509999999999999787e+00,-1.267271992226597435e-02,1.592126291855438039e-02,-2.067188263551641633e-03,2.280612124317650362e-03,-1.812881296936281680e-02,0.000000000000000000e+00
9.515000000000000568e+00,-1.259335294956940264e-02,1.582561606490360748e-02,-2.055812566638769504e-03,2.269672824803756466e-03,-1.802783703589114911e-02,0.000000000000000000e+00
9.519999999999999574e+00,-1.251446286482055248e-02,1.573050728994074624e-02,-2.044491473431551184e-03,2.258770648324013187e-03,-1.792735673364622209e-02,0.000000000000000000e+00
9.525000000000000355e+00,-1.243604698436029214e-02,1.563593390165607042e-02,-2.033224798222757566e-03,2.247905631312024487e-03,-1.782737026896483862e-02,0.000000000000000000e+00
9.529999999999999361e+00,-1.235810263796384423e-02,1.554189321831602084e-02,-2.022012355128814925e-03,2.237077807876746045e-03,-1.772787584795298965e-02,0.000000000000000000e+00
9.535000000000000142e+00,-1.228062716878942223e-02,1.544838256845712521e-02,-2.010853958101356444e-03,2.226287209831355387e-03,-1.762887167657917198e-02,0.000000000000000000e+00
9.540000000000000924e+00,-1.220361793332689487e-02,1.535539929087948591e-02,-1.999749420938628456e-03,2.215533866721863983e-03,-1.753035596076645691e-02,0.000000000000000000e+00
9.544999999999999929e+00,-1.212707230134648685e-02,1.526294073463984116e-02,-1.988698557296756601e-03,2.204817805855479543e-03,-1.743232690648335165e-02,0.000000000000000000e+00
9.550000000000000711e+00,-1.205098765584751257e-02,1.517100425904419937e-02,-1.977701180700868876e-03,2.194139052328714611e-03,-1.733478271983335608e-02,0.000000000000000000e+00
9.554999999999999716e+00,-1.197536139300714800e-02,1.507958723364006236e-02,-1.966757104556079040e-03,2.183497629055243614e-03,-1.723772160714341639e-02,0.000000000000000000e+00
9.560000000000000497e+00,-1.190019092212924595e-02,1.498868703820822705e-02,-1.955866142158332530e-03,2.172893556793514900e-03,-1.714114177505115383e-02,0.000000000000000000e+00
9.564999999999999503e+00,-1.182547366559318948e-02,1.489830106275419341e-02,-1.945028106705112749e-03,2.162326854174112956e-03,-1.704504143059083071e-02,0.000000000000000000e+00
9.570000000000000284e+00,-1.175120705880279039e-02,1.480842670749916816e-02,-1.934242811306014203e-03,2.151797537726876479e-03,-1.694941878127828594e-02,0.000000000000000000e+00
9.575000000000001066e+00,-1.167738855013523633e-02,1.471906138287067296e-02,-1.923510068993177294e-03,2.141305621907773141e-03,-1.685427203519455214e-02,0.000000000000000000e+00
9.580000000000000071e+00,-1.160401560089008126e-02,1.463020250949276756e-02,-1.912829692731592146e-03,2.130851119125532801e-03,-1.675959940106848400e-02,0.000000000000000000e+00
9.585000000000000853e+00,-1.153108568523828793e-02,1.454184751817589293e-02,-1.902201495429268205e-03,2.120434039768038289e-03,-1.666539908835810990e-02,0.000000000000000000e+00
9.589999999999999858e+00,-1.145859629017132245e-02,1.445399384990633633e-02,-1.891625289947273083e-03,2.110054392228479826e-03,-1.657166930733091140e-02,0.000000000000000000e+00
9.595000000000000639e+00,-1.138654491545030428e-02,1.436663895583532510e-02,-1.881100889109640862e-03,2.099712182931272667e-03,-1.647840826914299950e-02,0.000000000000000000e+00
9.599999999999999645e+00,-1.131492907355520668e-02,1.427978029726775268e-02,-1.870628105713152472e-03,2.089407416357735772e-03,-1.638561418591716334e-02,0.000000000000000000e+00
9.605000000000000426e+00,-1.124374628963411768e-02,1.419341534565055248e-02,-1.860206752536986384e-03,2.079140095071541506e-03,-1.629328527081982947e-02,0.000000000000000000e+00
9.609999999999999432e+00,-1.117299410145256196e-02,1.410754158256071270e-02,-1.849836642352244631e-03,2.068910219743928976e-03,-1.620141973813690045e-02,0.000000000000000000e+00
9.615000000000000213e+00,-1.110267005934287808e-02,1.402215649969294070e-02,-1.839517587931351972e-03,2.058717789178688817e-03,-1.611001580334859434e-02,0.000000000000000000e+00
9.620000000000000995e+00,-1.103277172615366522e-02,1.393725759884699086e-02,-1.829249402057330810e-03,2.048562800336919433e-03,-1.601907168320314268e-02,0.000000000000000000e+00
9.625000000000000000e+00,-1.096329667719928708e-02,1.385284239191464893e-02,-1.819031897532954242e-03,2.038445248361552952e-03,-1.592858559578944413e-02,0.000000000000000000e+00
9.630000000000000782e+00,-1.089424250020944521e-02,1.376890840086637986e-02,-1.808864887189775075e-03,2.028365126601659133e-03,-1.583855576060876069e-02,0.000000000000000000e+00
9.634999999999999787e+00,-1.082560679527882173e-02,1.368545315773765647e-02,-1.798748183897035374e-03,2.018322426636521595e-03,-1.574898039864523064e-02,0.000000000000000000e+00
9.640000000000000568e+00,-1.075738717481678798e-02,1.360247420461496368e-02,-1.788681600570455211e-03,2.008317138299492866e-03,-1.565985773243548304e-02,0.000000000000000000e+00
9.644999999999999574e+00,-1.068958126349718422e-02,1.351996909362148010e-02,-1.778664950180903906e-03,1.998349249701628257e-03,-1.557118598613718014e-02,0.000000000000000000e+00
9.650000000000000355e+00,-1.062218669820817404e-02,1.343793538690245086e-02,-1.768698045762951993e-03,1.988418747255099855e-03,-1.548296338559655705e-02,0.000000000000000000e+00
9.654999999999999361e+00,-1.055520112800217153e-02,1.335637065661025337e-02,-1.758780700423308481e-03,1.978525615696392383e-03,-1.539518815841500743e-02,0.000000000000000000e+00
9.660000000000000142e+00,-1.048862221404584134e-02,1.327527248488915776e-02,-1.748912727349140588e-03,1.968669838109281776e-03,-1.530785853401459701e-02,0.000000000000000000e+00
9.665000000000000924e+00,-1.042244762957017859e-02,1.319463846385979071e-02,-1.739093939816281588e-03,1.958851395947600396e-03,-1.522097274370271675e-02,0.000000000000000000e+00
9.669999999999999929e+00,-1.035667505982067020e-02,1.311446619560331303e-02,-1.729324151197322856e-03,1.949070269057786480e-03,-1.513452902073565004e-02,0.000000000000000000e+00
9.675000000000000711e+00,-1.029130220200752746e-02,1.303475329214529368e-02,-1.719603174969595990e-03,1.939326435701223912e-03,-1.504852560038130033e-02,0.000000000000000000e+00
9.679999999999999716e+00,-1.022632676525600873e-02,1.295549737543931490e-02,-1.709930824723041943e-03,1.929619872576370139e-03,-1.496296071998089693e-02,0.000000000000000000e+00
9.685000000000000497e+00,-1.016174647055681501e-02,1.287669607735029455e-02,-1.700306914167970876e-03,1.919950554840675052e-03,-1.487783261900972771e-02,0.000000000000000000e+00
9.689999999999999503e+00,-1.009755905071658445e-02,1.279834703963753095e-02,-1.690731257142713160e-03,1.910318456132293220e-03,-1.479313953913709463e-02,0.000000000000000000e+00
9.695000000000000284e+00,-1.003376225030845614e-02,1.272044791393748056e-02,-1.681203667621161734e-03,1.900723548591589469e-03,-1.470887972428517459e-02,0.000000000000000000e+00
9.700000000000001066e+00,-9.970353825622729413e-03,1.264299636174626845e-02,-1.671723959720207561e-03,1.891165802882440209e-03,-1.462505142068706507e-02,0.000000000000000000e+00
9.705000000000000071e+00,-9.907331544617613284e-03,1.256599005440194386e-02,-1.662291947707069707e-03,1.881645188213331571e-03,-1.454165287694397096e-02,0.000000000000000000e+00
9.710000000000000853e+00,-9.844693186870057469e-03,1.248942667306647374e-02,-1.652907446006519595e-03,1.872161672358256318e-03,-1.445868234408134029e-02,0.000000000000000000e+00
9.714999999999999858e+00,-9.782436543526680517e-03,1.241330390870748653e-02,-1.643570269208001608e-03,1.862715221677410616e-03,-1.437613807560430418e-02,0.000000000000000000e+00
9.720000000000000639e+00,-9.720559417254788157e-03,1.233761946207977134e-02,-1.634280232072651134e-03,1.853305801137691746e-03,-1.429401832755213334e-02,0.000000000000000000e+00
9.724999999999999645e+00,-9.659059622193481853e-03,1.226237104370652906e-02,-1.625037149540210042e-03,1.843933374332999784e-03,-1.421232135855183751e-02,0.000000000000000000e+00
9.730000000000000426e+00,-9.597934983904864506e-03,1.218755637386038579e-02,-1.615840836735841102e-03,1.834597903504341749e-03,-1.413104542987093579e-02,0.000000000000000000e+00
9.734999999999999432e+00,-9.537183339325345025e-03,1.211317318254417734e-02,-1.606691108976842676e-03,1.825299349559743843e-03,-1.405018880546936993e-02,0.000000000000000000e+00
9.740000000000000213e+00,-9.476802536717031378e-03,1.203921920947149428e-02,-1.597587781779264511e-03,1.816037672093968316e-03,-1.396974975205060240e-02,0.000000000000000000e+00
9.745000000000000995e+00,-9.416790435619227725e-03,1.196569220404701019e-02,-1.588530670864424883e-03,1.806812829408041467e-03,-1.388972653911181403e-02,0.000000000000000000e+00
9.750000000000000000e+00,-9.357144906800028694e-03,1.189258992534657743e-02,-1.579519592165330808e-03,1.797624778528589306e-03,-1.381011743899334884e-02,0.000000000000000000e+00
9.755000000000000782e+00,-9.297863832208016002e-03,1.181991014209711477e-02,-1.570554361833002626e-03,1.788473475226986511e-03,-1.373092072692734880e-02,0.000000000000000000e+00
9.759999999999999787e+00,-9.238945104924047025e-03,1.174765063265627470e-02,-1.561634796242702093e-03,1.779358874038317398e-03,-1.365213468108550376e-02,0.000000000000000000e+00
9.765000000000000568e+00,-9.180386629113159586e-03,1.167580918499189734e-02,-1.552760712000067229e-03,1.770280928280151041e-03,-1.357375758262610067e-02,0.000000000000000000e+00
9.769999999999999574e+00,-9.122186319976568689e-03,1.160438359666127010e-02,-1.543931925947153276e-03,1.761239590071132311e-03,-1.349578771574023311e-02,0.000000000000000000e+00
9.775000000000000355e+00,-9.064342103703774273e-03,1.153337167479017399e-02,-1.535148255168381068e-03,1.752234810349390104e-03,-1.341822336769721985e-02,0.000000000000000000e+00
9.779999999999999361e+00,-9.006851917424769580e-03,1.146277123605173032e-02,-1.526409516996393885e-03,1.743266538890763219e-03,-1.334106282888930170e-02,0.000000000000000000e+00
9.785000000000000142e+00,-8.949713709162358810e-03,1.139258010664506368e-02,-1.517715529017824331e-03,1.734334724326846901e-03,-1.326430439287551444e-02,0.000000000000000000e+00
9.790000000000000924e+00,-8.892925437784578863e-03,1.132279612227376185e-02,-1.509066109078970128e-03,1.725439314162860276e-03,-1.318794635642484871e-02,0.000000000000000000e+00
9.794999999999999929e+00,-8.836485072957233830e-03,1.125341712812415358e-02,-1.500461075291382096e-03,1.716580254795335974e-03,-1.311198701955865534e-02,0.000000000000000000e+00
9.800000000000000711e+00,-8.780390595096535314e-03,1.118444097884340772e-02,-1.491900246037363223e-03,1.707757491529634120e-03,-1.303642468559227351e-02,0.000000000000000000e+00
9.804999999999999716e+00,-8.724639995321852026e-03,1.111586553851743805e-02,-1.483383439975382093e-03,1.698970968597280891e-03,-1.296125766117598582e-02,0.000000000000000000e+00
9.810000000000000497e+00,-8.669231275408572149e-03,1.104768868064864677e-02,-1.474910476045397829e-03,1.690220629173134256e-03,-1.288648425633519626e-02,0.000000000000000000e+00
9.814999999999999503e+00,-8.614162447741078449e-03,1.097990828813348411e-02,-1.466481173474101785e-03,1.681506415392376892e-03,-1.281210278450991419e-02,0.000000000000000000e+00
9.820000000000000284e+00,-8.559431535265834418e-03,1.091252225323984665e-02,-1.458095351780073568e-03,1.672828268367339754e-03,-1.273811156259353067e-02,0.000000000000000000e+00
9.825000000000001066e+00,-8.505036571444579696e-03,1.084552847758430034e-02,-1.449752830778853379e-03,1.664186128204153898e-03,-1.266450891097088867e-02,0.000000000000000000e+00
9.830000000000000071e+00,-8.450975600207650401e-03,1.077892487210915275e-02,-1.441453430587931938e-03,1.655579934019235991e-03,-1.259129315355563515e-02,0.000000000000000000e+00
9.835000000000000853e+00,-8.397246675907403535e-03,1.071270935705935165e-02,-1.433196971631658023e-03,1.647009623955606643e-03,-1.251846261782695036e-02,0.000000000000000000e+00
9.839999999999999858e+00,-8.343847863271761089e-03,1.064687986195924155e-02,-1.424983274646065331e-03,1.638475135199042197e-03,-1.244601563486550169e-02,0.000000000000000000e+00
9.845000000000000639e+00,-8.290777237357877319e-03,1.058143432558916047e-02,-1.416812160683618470e-03,1.629976403994063674e-03,-1.237395053938881301e-02,0.000000000000000000e+00
9.849999999999999645e+00,-8.238032883505911827e-03,1.051637069596188419e-02,-1.408683451117879364e-03,1.621513365659761141e-03,-1.230226566978592957e-02,0.000000000000000000e+00
9.855000000000000426e+00,-8.185612897292929291e-03,1.045168693029893507e-02,-1.400596967648095378e-03,1.613085954605458262e-03,-1.223095936815138743e-02,0.000000000000000000e+00
9.859999999999999432e+00,-8.133515384486911942e-03,1.038738099500673487e-02,-1.392552532303709600e-03,1.604694104346214220e-03,-1.216002998031863111e-02,0.000000000000000000e+00
9.865000000000000213e+00,-8.081738461000902152e-03,1.032345086565263081e-02,-1.384549967448793278e-03,1.596337747518168431e-03,-1.208947585589267674e-02,0.000000000000000000e+00
9.870000000000000995e+00,-8.030280252847249098e-03,1.025989452694077604e-02,-1.376589095786402792e-03,1.588016815893726098e-03,-1.201929534828220444e-02,0.000000000000000000e+00
9.875000000000000000e+00,-7.979138896091992478e-03,1.019670997268787814e-02,-1.368669740362860304e-03,1.579731240396587419e-03,-1.194948681473100710e-02,0.000000000000000000e+00
9.880000000000000782e+00,-7.928312536809357242e-03,1.013389520579882283e-02,-1.360791724571960024e-03,1.571480951116621758e-03,-1.188004861634879214e-02,0.000000000000000000e+00
9.884999999999999787e+00,-7.877799331036373226e-03,1.007144823824216058e-02,-1.352954872159101195e-03,1.563265877324586557e-03,-1.181097911814142642e-02,0.000000000000000000e+00
9.890000000000000568e+00,-7.827597444727621423e-03,1.000936709102547874e-02,-1.345159007225346474e-03,1.555085947486695109e-03,-1.174227668904046992e-02,0.000000000000000000e+00
9.894999999999999574e+00,-7.777705053710098210e-03,9.947649794170647028e-03,-1.337403954231408546e-03,1.546941089279030377e-03,-1.167393970193221150e-02,0.000000000000000000e+00
9.900000000000000355e+00,-7.728120343638206213e-03,9.886294386688945085e-03,-1.329689538001565391e-03,1.538831229601809840e-03,-1.160596653368603168e-02,0.000000000000000000e+00
9.904999999999999361e+00,-7.678841509948870943e-03,9.825298916556073764e-03,-1.322015583727504003e-03,1.530756294593500072e-03,-1.153835556518222928e-02,0.000000000000000000e+00
9.910000000000000142e+00,-7.629866757816778852e-03,9.764661440687057159e-03,-1.314381916972094709e-03,1.522716209644784302e-03,-1.147110518133922889e-02,0.000000000000000000e+00
9.915000000000000924e+00,-7.581194302109748109e-03,9.704380024911030134e-03,-1.306788363673094594e-03,1.514710899412381653e-03,-1.140421377114021924e-02,0.000000000000000000e+00
9.919999999999999929e+00,-7.532822367344216459e-03,9.644452743945921766e-03,-1.299234750146783688e-03,1.506740287832721752e-03,-1.133767972765921048e-02,0.000000000000000000e+00
9.925000000000000711e+00,-7.484749187640864394e-03,9.584877681373034711e-03,-1.291720903091532653e-03,1.498804298135474056e-03,-1.127150144808658147e-02,0.000000000000000000e+00
9.929999999999999716e+00,-7.436973006680359759e-03,9.525652929611518743e-03,-1.284246649591302362e-03,1.490902852856934059e-03,-1.120567733375397133e-02,0.000000000000000000e+00
9.935000000000000497e+00,-7.389492077659233320e-03,9.466776589892752364e-03,-1.276811817119078221e-03,1.483035873853267477e-03,-1.114020579015871301e-02,0.000000000000000000e+00
9.939999999999999503e+00,-7.342304663245882712e-03,9.408246772234623787e-03,-1.269416233540237920e-03,1.475203282313612609e-03,-1.107508522698767012e-02,0.000000000000000000e+00
9.945000000000000284e+00,-7.295409035536703016e-03,9.350061595415716520e-03,-1.262059727115853692e-03,1.467404998773043931e-03,-1.101031405814053080e-02,0.000000000000000000e+00
9.950000000000001066e+00,-7.248803476012349173e-03,9.292219186949408211e-03,-1.254742126505931045e-03,1.459640943125395602e-03,-1.094589070175261761e-02,0.000000000000000000e+00
9.955000000000000071e+00,-7.202486275494125907e-03,9.234717683057879281e-03,-1.247463260772582868e-03,1.451911034635947929e-03,-1.088181358021709545e-02,0.000000000000000000e+00
9.960000000000000853e+00,-7.156455734100508614e-03,9.177555228646034832e-03,-1.240222959383140882e-03,1.444215191953978315e-03,-1.081808112020672327e-02,0.000000000000000000e+00
9.964999999999999858e+00,-7.110710161203796960e-03,9.120729977275345013e-03,-1.233021052213204623e-03,1.436553333125174499e-03,-1.075469175269505931e-02,0.000000000000000000e+00
9.970000000000000639e+00,-7.065247875386896845e-03,9.064240091137605593e-03,-1.225857369549628430e-03,1.428925375603915535e-03,-1.069164391297713901e-02,0.000000000000000000e+00
9.974999999999999645e+00,-7.020067204400233345e-03,9.008083741028611799e-03,-1.218731742093447697e-03,1.421331236265419191e-03,-1.062893604068970710e-02,0.000000000000000000e+00
9.980000000000000426e+00,-6.975166485118797222e-03,8.952259106321767967e-03,-1.211644000962744643e-03,1.413770831417756431e-03,-1.056656657983088415e-02,0.000000000000000000e+00
9.984999999999999432e+00,-6.930544063499324142e-03,8.896764374941619133e-03,-1.204593977695454224e-03,1.406244076813735781e-03,-1.050453397877938906e-02,0.000000000000000000e+00
9.990000000000000213e+00,-6.886198294537604001e-03,8.841597743337304555e-03,-1.197581504252110849e-03,1.398750887662657391e-03,-1.044283669031324455e-02,0.000000000000000000e+00
9.995000000000000995e+00,-6.842127542225924682e-03,8.786757416455952263e-03,-1.190606413018537209e-03,1.391291178641938927e-03,-1.038147317162801259e-02,0.000000000000000000e+00
1.000000000000000000e+01,-6.798330179510650266e-03,8.732241607716004217e-03,-1.183668536808474324e-03,1.383864863908612674e-03,-1.032044188435457706e-02,0.000000000000000000e+00
1.000500000000000078e+01,-6.754804588249928472e-03,8.678048538980472071e-03,-1.176767708866155449e-03,1.376471857110697075e-03,-1.025974129457640424e-02,0.000000000000000000e+00
1.000999999999999979e+01,-6.711549159171537743e-03,8.624176440530137433e-03,-1.169903762868822932e-03,1.369112071398442083e-03,-1.019936987284637483e-02,0.000000000000000000e+00
1.001500000000000057e+01,-6.668562291830862701e-03,8.570623551036689672e-03,-1.163076532929188710e-03,1.361785419435449819e-03,-1.013932609420316495e-02,0.000000000000000000e+00
1.001999999999999957e+01,-6.625842394569009253e-03,8.517388117535806477e-03,-1.156285853597841017e-03,1.354491813409672502e-03,-1.007960843818714661e-02,0.000000000000000000e+00
1.002500000000000036e+01,-6.583387884471051527e-03,8.464468395400177175e-03,-1.149531559865594283e-03,1.347231165044287431e-03,-1.002021538885585102e-02,0.000000000000000000e+00
1.002999999999999936e+01,-6.541197187324413256e-03,8.411862648312475738e-03,-1.142813487165786563e-03,1.340003385608450320e-03,-9.961145434798982651e-03,0.000000000000000000e+00
1.003500000000000014e+01,-6.499268737577386205e-03,8.359569148238280012e-03,-1.136131471376523394e-03,1.332808385927928716e-03,-9.902397069153016929e-03,0.000000000000000000e+00
1.004000000000000092e+01,-6.457600978297783900e-03,8.307586175398944117e-03,-1.129485348822867460e-03,1.325646076395616598e-03,-9.843968789615319126e-03,0.000000000000000000e+00
1.004499999999999993e+01,-6.416192361131729804e-03,8.255912018244422265e-03,-1.122874956278978147e-03,1.318516366981928832e-03,-9.785859098457918084e-03,0.000000000000000000e+00
1.005000000000000071e+01,-6.375041346262583404e-03,8.204544973426050949e-03,-1.116300130970196902e-03,1.311419167245080498e-03,-9.728066502540731741e-03,0.000000000000000000e+00
1.005499999999999972e+01,-6.334146402369999866e-03,8.153483345769280827e-03,-1.109760710575083799e-03,1.304354386341248463e-03,-9.670589513324506434e-03,0.000000000000000000e+00
1.006000000000000050e+01,-6.293506006589130210e-03,8.102725448246375639e-03,-1.103256533227402062e-03,1.297321933034618034e-03,-9.613426646883260068e-03,0.000000000000000000e+00
1.006499999999999950e+01,-6.253118644469952449e-03,8.052269601949067768e-03,-1.096787437518053146e-03,1.290321715707315551e-03,-9.556576423916340185e-03,0.000000000000000000e+00
1.007000000000000028e+01,-6.212982809936745850e-03,8.002114136061179092e-03,-1.090353262496962603e-03,1.283353642369227136e-03,-9.500037369760079564e-03,0.000000000000000000e+00
1.007500000000000107e+01,-6.173097005247696160e-03,7.952257387831205421e-03,-1.083953847674916935e-03,1.276417620667705775e-03,-9.443808014399071929e-03,0.000000000000000000e+00
1.008000000000000007e+01,-6.133459740954642220e-03,7.902697702544866226e-03,-1.077589033025352092e-03,1.269513557897165856e-03,-9.387886892477008763e-03,0.000000000000000000e+00
1.008500000000000085e+01,-6.094069535862959609e-03,7.853433433497628360e-03,-1.071258658986094922e-03,1.262641361008569069e-03,-9.332272543307186530e-03,0.000000000000000000e+00
1.008999999999999986e+01,-6.054924916991577880e-03,7.804462941967191605e-03,-1.064962566461056040e-03,1.255800936618799071e-03,-9.276963510882576744e-03,0.000000000000000000e+00
1.009500000000000064e+01,-6.016024419533141758e-03,7.755784597185956010e-03,-1.058700596821877601e-03,1.248992191019928375e-03,-9.221958343885547360e-03,0.000000000000000000e+00
1.009999999999999964e+01,-5.977366586814303329e-03,7.707396776313457133e-03,-1.052472591909534667e-03,1.242215030188378129e-03,-9.167255595697204260e-03,0.000000000000000000e+00
1.010500000000000043e+01,-5.938949970256156459e-03,7.659297864408779605e-03,-1.046278394035889949e-03,1.235469359793970549e-03,-9.112853824406366710e-03,0.000000000000000000e+00
1.010999999999999943e+01,-5.900773129334809138e-03,7.611486254402948133e-03,-1.040117845985205191e-03,1.228755085208875757e-03,-9.058751592818159448e-03,0.000000000000000000e+00
1.011500000000000021e+01,-5.862834631542091120e-03,7.563960347071295963e-03,-1.033990791015607005e-03,1.222072111516454103e-03,-9.004947468462276908e-03,0.000000000000000000e+00
1.012000000000000099e+01,-5.825133052346402954e-03,7.516718551005818587e-03,-1.027897072860508914e-03,1.215420343519994827e-03,-8.951440023600838042e-03,0.000000000000000000e+00
1.012500000000000000e+01,-5.787666975153701182e-03,7.469759282587505773e-03,-1.021836535729990243e-03,1.208799685751351521e-03,-8.898227835235961863e-03,0.000000000000000000e+00
1.013000000000000078e+01,-5.750434991268621454e-03,7.423080965958661452e-03,-1.015809024312131631e-03,1.202210042479474796e-03,-8.845309485116931852e-03,0.000000000000000000e+00
1.013499999999999979e+01,-5.713435699855743885e-03,7.376682032995207985e-03,-1.009814383774308710e-03,1.195651317718845856e-03,-8.792683559747042910e-03,0.000000000000000000e+00
1.014000000000000057e+01,-5.676667707900991990e-03,7.330560923278977431e-03,-1.003852459764443487e-03,1.189123415237807509e-03,-8.740348650390118712e-03,0.000000000000000000e+00
1.014499999999999957e+01,-5.640129630173172995e-03,7.284716084069994130e-03,-9.979230984122147447e-04,1.182626238566797383e-03,-8.688303353076683860e-03,0.000000000000000000e+00
1.015000000000000036e+01,-5.603820089185656064e-03,7.239145970278748621e-03,-9.920261463302263837e-04,1.176159691006482474e-03,-8.636546268609799487e-03,0.000000000000000000e+00
1.015499999999999936e+01,-5.567737715158190166e-03,7.193849044438458545e-03,-9.861614506151369398e-04,1.169723675635795474e-03,-8.585076002570579679e-03,0.000000000000000000e+00
1.016000000000000014e+01,-5.531881145978858987e-03,7.148823776677333021e-03,-9.803288588487479079e-04,1.163318095319875248e-03,-8.533891165323399114e-03,0.000000000000000000e+00
1.016500000000000092e+01,-5.496249027166174618e-03,7.104068644690822269e-03,-9.745282190990534662e-04,1.156942852717910385e-03,-8.482990372020760700e-03,0.000000000000000000e+00
1.016999999999999993e+01,-5.460840011831312631e-03,7.059582133713872450e-03,-9.687593799212501936e-04,1.150597850290889079e-03,-8.432372242607857893e-03,0.000000000000000000e+00
1.017500000000000071e+01,-5.425652760640483317e-03,7.015362736493173552e-03,-9.630221903587095995e-04,1.144282990309254027e-03,-8.382035401826831711e-03,0.000000000000000000e+00
1.017999999999999972e+01,-5.390685941777439982e-03,6.971408953259410762e-03,-9.573164999439112959e-04,1.137998174860464307e-03,-8.331978479220729372e-03,0.000000000000000000e+00
1.018500000000000050e+01,-5.355938230906132948e-03,6.927719291699514087e-03,-9.516421586993397417e-04,1.131743305856464663e-03,-8.282200109137133337e-03,0.000000000000000000e+00
1.018999999999999950e+01,-5.321408311133492795e-03,6.884292266928914057e-03,-9.459990171383428218e-04,1.125518285041063500e-03,-8.232698930731519732e-03,0.000000000000000000e+00
1.019500000000000028e+01,-5.287094872972361061e-03,6.841126401463799162e-03,-9.403869262659546487e-04,1.119323013997219809e-03,-8.183473587970323607e-03,0.000000000000000000e+00
1.020000000000000107e+01,-5.252996614304552767e-03,6.798220225193379353e-03,-9.348057375796816086e-04,1.113157394154240315e-03,-8.134522729633685001e-03,0.000000000000000000e+00
1.020500000000000007e+01,-5.219112240344063805e-03,6.755572275352155626e-03,-9.292553030702529549e-04,1.107021326794887508e-03,-8.085845009317943477e-03,0.000000000000000000e+00
1.021000000000000085e+01,-5.185440463600410159e-03,6.713181096492201738e-03,-9.237354752223357309e-04,1.100914713062399637e-03,-8.037439085437830810e-03,0.000000000000000000e+00
1.021499999999999986e+01,-5.151980003842113708e-03,6.671045240455449402e-03,-9.182461070152151067e-04,1.094837453967422228e-03,-7.989303621228396532e-03,0.000000000000000000e+00
1.022000000000000064e+01,-5.118729588060317269e-03,6.629163266345989951e-03,-9.127870519234404555e-04,1.088789450394853737e-03,-7.941437284746636835e-03,0.000000000000000000e+00
1.022499999999999964e+01,-5.085687950432547094e-03,6.587533740502383821e-03,-9.073581639174366264e-04,1.082770603110605771e-03,-7.893838748872877148e-03,0.000000000000000000e+00
1.023000000000000043e+01,-5.052853832286607200e-03,6.546155236469986503e-03,-9.019592974640826917e-04,1.076780812768276781e-03,-7.846506691311887563e-03,0.000000000000000000e+00
1.023499999999999943e+01,-5.020225982064615948e-03,6.505026334973287513e-03,-8.965903075272566502e-04,1.070819979915742281e-03,-7.799439794593693819e-03,0.000000000000000000e+00
1.024000000000000021e+01,-4.987803155287179671e-03,6.464145623888264969e-03,-8.912510495683478211e-04,1.064888005001662008e-03,-7.752636746074195728e-03,0.000000000000000000e+00
1.024500000000000099e+01,-4.955584114517701602e-03,6.423511698214760118e-03,-8.859413795467370369e-04,1.058984788381902740e-03,-7.706096237935464686e-03,0.000000000000000000e+00
1.025000000000000000e+01,-4.923567629326835657e-03,6.383123160048864882e-03,-8.806611539202443108e-04,1.053110230325881094e-03,-7.659816967185820863e-03,0.000000000000000000e+00
1.025500000000000078e+01,-4.891752476257072053e-03,6.342978618555333674e-03,-8.754102296455458206e-04,1.047264231022823058e-03,-7.613797635659655394e-03,0.000000000000000000e+00
1.025999999999999979e+01,-4.860137438787461711e-03,6.303076689940014313e-03,-8.701884641785592343e-04,1.041446690587944810e-03,-7.568036950017016651e-03,0.000000000000000000e+00
1.026500000000000057e+01,-4.828721307298481161e-03,6.263415997422299743e-03,-8.649957154747982442e-04,1.035657509068552444e-03,-7.522533621742905942e-03,0.000000000000000000e+00
1.026999999999999957e+01,-4.797502879037035366e-03,6.223995171207602310e-03,-8.598318419896973938e-04,1.029896586450063404e-03,-7.477286367146417957e-03,0.000000000000000000e+00
1.027500000000000036e+01,-4.766480958081591515e-03,6.184812848459854927e-03,-8.546967026789063305e-04,1.024163822661949439e-03,-7.432293907359551616e-03,0.000000000000000000e+00
1.027999999999999936e+01,-4.735654355307460268e-03,6.145867673274033050e-03,-8.495901569985551093e-04,1.018459117583602131e-03,-7.387554968335856113e-03,0.000000000000000000e+00
1.028500000000000014e+01,-4.705021888352207103e-03,6.107158296648707019e-03,-8.445120649054897906e-04,1.012782371050121233e-03,-7.343068280848829774e-03,0.000000000000000000e+00
1.029000000000000092e+01,-4.674582381581201575e-03,6.068683376458619549e-03,-8.394622868574799562e-04,1.007133482858027767e-03,-7.298832580490055219e-03,0.000000000000000000e+00
1.029499999999999993e+01,-4.644334666053306221e-03,6.030441577427289243e-03,-8.344406838133970605e-04,1.001512352770900791e-03,-7.254846607667173215e-03,0.000000000000000000e+00
1.030000000000000071e+01,-4.614277579486701641e-03,5.992431571099647927e-03,-8.294471172333655684e-04,9.959188805249400041e-04,-7.211109107601587631e-03,0.000000000000000000e+00
1.030499999999999972e+01,-4.584409966224846887e-03,5.954652035814705750e-03,-8.244814490788859038e-04,9.903529658344546304e-04,-7.167618830325971774e-03,0.000000000000000000e+00
1.031000000000000050e+01,-4.554730677202578626e-03,5.917101656678247501e-03,-8.195435418129302929e-04,9.848145083972785745e-04,-7.124374530681562220e-03,0.000000000000000000e+00
1.031499999999999950e+01,-4.525238569912343016e-03,5.879779125535559287e-03,-8.146332584000119366e-04,9.793034079001129363e-04,-7.081374968315245350e-03,0.000000000000000000e+00
1.032000000000000028e+01,-4.495932508370568091e-03,5.842683140944194241e-03,-8.097504623062272942e-04,9.738195640237976188e-04,-7.038618907676417492e-03,0.000000000000000000e+00
1.032500000000000107e+01,-4.466811363084170587e-03,5.805812408146765989e-03,-8.048950174992724549e-04,9.683628764485106193e-04,-6.996105118013661202e-03,0.000000000000000000e+00
1.033000000000000007e+01,-4.437874011017198944e-03,5.769165639043782011e-03,-8.000667884484335968e-04,9.629332448588976074e-04,-6.953832373371206417e-03,0.000000000000000000e+00
1.033500000000000085e+01,-4.409119335557609015e-03,5.732741552166508228e-03,-7.952656401245519670e-04,9.575305689491312453e-04,-6.911799452585197338e-03,0.000000000000000000e+00
1.033999999999999986e+01,-4.380546226484181155e-03,5.696538872649876094e-03,-7.904914379999637090e-04,9.521547484279016624e-04,-6.870005139279764146e-03,0.000000000000000000e+00
1.034500000000000064e+01,-4.352153579933568280e-03,5.660556332205422640e-03,-7.857440480484148603e-04,9.468056830233382995e-04,-6.828448221862905634e-03,0.000000000000000000e+00
1.034999999999999964e+01,-4.323940298367479236e-03,5.624792669094271294e-03,-7.810233367449521740e-04,9.414832724878637732e-04,-6.787127493522168015e-03,0.000000000000000000e+00
1.035500000000000043e+01,-4.295905290540000948e-03,5.589246628100154324e-03,-7.763291710657895450e-04,9.361874166029811708e-04,-6.746041752220149380e-03,0.000000000000000000e+00
1.035999999999999943e+01,-4.268047471465050667e-03,5.553916960502469982e-03,-7.716614184881508002e-04,9.309180151839941244e-04,-6.705189800689815086e-03,0.000000000000000000e+00
1.036500000000000021e+01,-4.240365762383965266e-03,5.518802424049387353e-03,-7.670199469900890708e-04,9.256749680846612909e-04,-6.664570446429637918e-03,0.000000000000000000e+00
1.037000000000000099e+01,-4.212859090733224975e-03,5.483901782930989365e-03,-7.624046250502829625e-04,9.204581752017858883e-04,-6.624182501698537909e-03,0.000000000000000000e+00
1.037500000000000000e+01,-4.185526390112311555e-03,5.449213807752458297e-03,-7.578153216478100652e-04,9.152675364797402879e-04,-6.584024783510675563e-03,0.000000000000000000e+00
1.038000000000000078e+01,-4.158366600251697451e-03,5.414737275507308135e-03,-7.532519062618976951e-04,9.101029519149267475e-04,-6.544096113630054265e-03,0.000000000000000000e+00
1.038499999999999979e+01,-4.131378666980972843e-03,5.380470969550658553e-03,-7.487142488716521695e-04,9.049643215601748270e-04,-6.504395318564941408e-03,0.000000000000000000e+00
1.039000000000000057e+01,-4.104561542197104548e-03,5.346413679572553992e-03,-7.442022199557653131e-04,8.998515455290760287e-04,-6.464921229562155952e-03,0.000000000000000000e+00
1.039499999999999957e+01,-4.077914183832826757e-03,5.312564201571333064e-03,-7.397156904922002566e-04,8.947645240002565295e-04,-6.425672682601147809e-03,0.000000000000000000e+00
1.040000000000000036e+01,-4.051435555825167074e-03,5.278921337827036965e-03,-7.352545319578556587e-04,8.897031572215882223e-04,-6.386648518387948864e-03,0.000000000000000000e+00
1.040499999999999936e+01,-4.025124628084103540e-03,5.245483896874872549e-03,-7.308186163282091126e-04,8.846673455143390418e-04,-6.347847582348944452e-03,0.000000000000000000e+00
1.041000000000000014e+01,-3.998980376461355214e-03,5.212250693478719631e-03,-7.264078160769397345e-04,8.796569892772626836e-04,-6.309268724624497379e-03,0.000000000000000000e+00
1.041500000000000092e+01,-3.973001782719305479e-03,5.179220548604688591e-03,-7.220220041755306961e-04,8.746719889906292341e-04,-6.270910800062392404e-03,0.000000000000000000e+00
1.041999999999999993e+01,-3.947187834500057169e-03,5.146392289394726566e-03,-7.176610540928519142e-04,8.697122452201959527e-04,-6.232772668211174032e-03,0.000000000000000000e+00
1.042500000000000071e+01,-3.921537525294617813e-03,5.113764749140274797e-03,-7.133248397947224671e-04,8.647776586211203742e-04,-6.194853193313286550e-03,0.000000000000000000e+00
1.042999999999999972e+01,-3.896049854412219314e-03,5.081336767255976300e-03,-7.090132357434542542e-04,8.598681299418147557e-04,-6.157151244298095238e-03,0.000000000000000000e+00
1.043500000000000050e+01,-3.870723826949766869e-03,5.049107189253436434e-03,-7.047261168973759224e-04,8.549835600277437119e-04,-6.119665694774744508e-03,0.000000000000000000e+00
1.043999999999999950e+01,-3.845558453761419720e-03,5.017074866715031181e-03,-7.004633587103384698e-04,8.501238498251648210e-04,-6.082395423024883341e-03,0.000000000000000000e+00
1.044500000000000028e+01,-3.820552751428302456e-03,4.985238657267775271e-03,-6.962248371312018767e-04,8.452889003848130687e-04,-6.045339311995254553e-03,0.000000000000000000e+00
1.045000000000000107e+01,-3.795705742228348140e-03,4.953597424557238879e-03,-6.920104286033037372e-04,8.404786128655296730e-04,-6.008496249290127059e-03,0.000000000000000000e+00
1.045500000000000007e+01,-3.771016454106269379e-03,4.922150038221517233e-03,-6.878200100639096778e-04,8.356928885378357231e-04,-5.971865127163611051e-03,0.000000000000000000e+00
1.046000000000000085e+01,-3.746483920643660804e-03,4.890895373865260937e-03,-6.836534589436461026e-04,8.309316287874519329e-04,-5.935444842511817913e-03,0.000000000000000000e+00
1.046499999999999986e+01,-3.722107181029232076e-03,4.859832313033754861e-03,-6.795106531659156996e-04,8.261947351187632098e-04,-5.899234296864920395e-03,0.000000000000000000e+00
1.047000000000000064e+01,-3.697885280029168404e-03,4.828959743187057757e-03,-6.753914711462953840e-04,8.214821091582310717e-04,-5.863232396379048847e-03,0.000000000000000000e+00
1.047499999999999964e+01,-3.673817267957621164e-03,4.798276557674193907e-03,-6.712957917919176514e-04,8.167936526577523979e-04,-5.827438051828077309e-03,0.000000000000000000e+00
1.048000000000000043e+01,-3.649902200647328621e-03,4.767781655707407223e-03,-6.672234945008348028e-04,8.121292674979660280e-04,-5.791850178595289028e-03,0.000000000000000000e+00
1.048499999999999943e+01,-3.626139139420362853e-03,4.737473942336466529e-03,-6.631744591613675547e-04,8.074888556915077540e-04,-5.756467696664910143e-03,0.000000000000000000e+00
1.049000000000000021e+01,-3.602527151059006782e-03,4.707352328423034145e-03,-6.591485661514367381e-04,8.028723193862138128e-04,-5.721289530613521065e-03,0.000000000000000000e+00
1.049500000000000099e+01,-3.579065307776758704e-03,4.677415730615089133e-03,-6.551456963378792745e-04,7.982795608682737454e-04,-5.686314609601355111e-03,0.000000000000000000e+00
1.050000000000000000e+01,-3.555752687189463884e-03,4.647663071321413847e-03,-6.511657310757488657e-04,7.937104825653329507e-04,-5.651541867363479160e-03,0.000000000000000000e+00
1.050500000000000078e+01,-3.532588372286575400e-03,4.618093278686135131e-03,-6.472085522076009628e-04,7.891649870495454728e-04,-5.616970242200850297e-03,0.000000000000000000e+00
1.050999999999999979e+01,-3.509571451402539871e-03,4.588705286563329704e-03,-6.432740420627627723e-04,7.846429770405780003e-04,-5.582598676971291772e-03,0.000000000000000000e+00
1.051500000000000057e+01,-3.486701018188311570e-03,4.559498034491685919e-03,-6.393620834565880845e-04,7.801443554085643172e-04,-5.548426119080309381e-03,0.000000000000000000e+00
1.051999999999999957e+01,-3.463976171582992293e-03,4.530470467669231449e-03,-6.354725596896978980e-04,7.756690251770126995e-04,-5.514451520471834109e-03,0.000000000000000000e+00
1.052500000000000036e+01,-3.441396015785597867e-03,4.501621536928119074e-03,-6.316053545472061909e-04,7.712168895256646308e-04,-5.480673837618858096e-03,0.000000000000000000e+00
1.052999999999999936e+01,-3.418959660226950862e-03,4.472950198709474065e-03,-6.277603522979318144e-04,7.667878517933067895e-04,-5.447092031513944832e-03,0.000000000000000000e+00
1.053500000000000014e+01,-3.396666219541697763e-03,4.444455415038307475e-03,-6.239374376935964001e-04,7.623818154805363061e-04,-5.413705067659663889e-03,0.000000000000000000e+00
1.054000000000000092e+01,-3.374514813540452352e-03,4.416136153498487552e-03,-6.201364959680082806e-04,7.579986842524798337e-04,-5.380511916058891217e-03,0.000000000000000000e+00
1.054499999999999993e+01,-3.352504567182064410e-03,4.387991387207777934e-03,-6.163574128362332922e-04,7.536383619414666491e-04,-5.347511551205045253e-03,0.000000000000000000e+00
1.055000000000000071e+01,-3.330634610546011603e-03,4.360020094792937430e-03,-6.126000744937520242e-04,7.493007525496567581e-04,-5.314702952072207671e-03,0.000000000000000000e+00
1.055499999999999972e+01,-3.308904078804917118e-03,4.332221260364885716e-03,-6.088643676156044919e-04,7.449857602516243328e-04,-5.282085102105146118e-03,0.000000000000000000e+00
1.056000000000000050e+01,-3.287312112197190907e-03,4.304593873493930620e-03,-6.051501793555213657e-04,7.406932893968962628e-04,-5.249656989209262360e-03,0.000000000000000000e+00
1.056499999999999950e+01,-3.265857855999794099e-03,4.277136929185064787e-03,-6.014573973450431646e-04,7.364232445124476627e-04,-5.217417605740419864e-03,0.000000000000000000e+00
1.057000000000000028e+01,-3.244540460501127866e-03,4.249849427853322203e-03,-5.977859096926267657e-04,7.321755303051533624e-04,-5.185365948494714133e-03,0.000000000000000000e+00
1.057500000000000107e+01,-3.223359080974044170e-03,4.222730375299203233e-03,-5.941356049827398785e-04,7.279500516641967869e-04,-5.153501018698136357e-03,0.000000000000000000e+00
1.058000000000000007e+01,-3.202312877648980094e-03,4.195778782684166444e-03,-5.905063722749435929e-04,7.237467136634364445e-04,-5.121821821996139917e-03,0.000000000000000000e+00
1.058500000000000085e+01,-3.181401015687213615e-03,4.168993666506184623e-03,-5.868981011029632180e-04,7.195654215637301314e-04,-5.090327368443161790e-03,0.000000000000000000e+00
1.058999999999999986e+01,-3.160622665154242533e-03,4.142374048575368436e-03,-5.833106814737474112e-04,7.154060808152179355e-04,-5.059016672492013846e-03,0.000000000000000000e+00
1.059500000000000064e+01,-3.139977000993284407e-03,4.115918955989657756e-03,-5.797440038665163577e-04,7.112685970595637166e-04,-5.027888752983229043e-03,0.000000000000000000e+00
1.059999999999999964e+01,-3.119463202998897910e-03,4.089627421110577157e-03,-5.761979592317984563e-04,7.071528761321562535e-04,-4.996942633134316553e-03,0.000000000000000000e+00
1.060500000000000043e+01,-3.099080455790725625e-03,4.063498481539064289e-03,-5.726724389904562723e-04,7.030588240642700586e-04,-4.966177340528928411e-03,0.000000000000000000e+00
1.060999999999999943e+01,-3.078827948787356966e-03,4.037531180091361548e-03,-5.691673350327019739e-04,6.989863470851865115e-04,-4.935591907105966319e-03,0.000000000000000000e+00
1.061500000000000021e+01,-3.058704876180312528e-03,4.011724564774978886e-03,-5.656825397171020339e-04,6.949353516242753100e-04,-4.905185369148614728e-03,0.000000000000000000e+00
1.062000000000000099e+01,-3.038710436908146403e-03,3.986077688764721669e-03,-5.622179458695713075e-04,6.909057443130373240e-04,-4.874956767273272429e-03,0.000000000000000000e+00
1.062500000000000000e+01,-3.018843834630670787e-03,3.960589610378793118e-03,-5.587734467823578938e-04,6.868974319871085261e-04,-4.844905146418467673e-03,0.000000000000000000e+00
1.063000000000000078e+01,-2.999104277703297690e-03,3.935259393054960954e-03,-5.553489362130171548e-04,6.829103216882263013e-04,-4.815029555833636246e-03,0.000000000000000000e+00
1.063499999999999979e+01,-2.979490979151501202e-03,3.910086105326792544e-03,-5.519443083833766280e-04,6.789443206661576998e-04,-4.785329049067902143e-03,0.000000000000000000e+00
1.064000000000000057e+01,-2.960003156645397288e-03,3.885068820799966825e-03,-5.485594579784907471e-04,6.749993363805908281e-04,-4.755802683958719468e-03,0.000000000000000000e+00
1.064499999999999957e+01,-2.940640032474441980e-03,3.860206618128647366e-03,-5.451942801455869972e-04,6.710752765029888347e-04,-4.726449522620516930e-03,0.000000000000000000e+00
1.065000000000000036e+01,-2.921400833522249264e-03,3.835498580991931767e-03,-5.418486704930023127e-04,6.671720489184075750e-04,-4.697268631433229591e-03,0.000000000000000000e+00
1.065499999999999936e+01,-2.902284791241523890e-03,3.810943798070369135e-03,-5.385225250891105845e-04,6.632895617272778228e-04,-4.668259081030799382e-03,0.000000000000000000e+00
1.066000000000000014e+01,-2.883291141629112583e-03,3.786541363022547825e-03,-5.352157404612414935e-04,6.594277232471508357e-04,-4.639419946289588884e-03,0.000000000000000000e+00
1.066500000000000092e+01,-2.864419125201173207e-03,3.762290374461755172e-03,-5.319282135945905621e-04,6.555864420144095518e-04,-4.610750306316767355e-03,0.000000000000000000e+00
1.066999999999999993e+01,-2.845667986968458858e-03,3.738189935932707906e-03,-5.286598419311209661e-04,6.517656267859442236e-04,-4.582249244438608288e-03,0.000000000000000000e+00
1.067500000000000071e+01,-2.827036976411718625e-03,3.714239155888353697e-03,-5.254105233684565638e-04,6.479651865407941172e-04,-4.553915848188752266e-03,0.000000000000000000e+00
1.067999999999999972e+01,-2.808525347457214560e-03,3.690437147666744255e-03,-5.221801562587673369e-04,6.441850304817546254e-04,-4.525749209296401308e-03,0.000000000000000000e+00
1.068500000000000050e+01,-2.790132358452353592e-03,3.666783029467981288e-03,-5.189686394076466983e-04,6.404250680369509867e-04,-4.497748423674469836e-03,0.000000000000000000e+00
1.068999999999999950e+01,-2.771857272141435222e-03,3.643275924331231420e-03,-5.157758720729807784e-04,6.366852088613786115e-04,-4.469912591407679270e-03,0.000000000000000000e+00
1.069500000000000028e+01,-2.753699355641512844e-03,3.619914960111817424e-03,-5.126017539638104458e-04,6.329653628384102320e-04,-4.442240816740604045e-03,0.000000000000000000e+00
1.070000000000000107e+01,-2.735657880418370866e-03,3.596699269458378430e-03,-5.094461852391856315e-04,6.292654400812706331e-04,-4.414732208065657790e-03,0.000000000000000000e+00
1.070500000000000007e+01,-2.717732122262614576e-03,3.573627989790103404e-03,-5.063090665070127134e-04,6.255853509344792927e-04,-4.387385877911056074e-03,0.000000000000000000e+00
1.071000000000000085e+01,-2.699921361265874079e-03,3.550700263274039238e-03,-5.031902988228939859e-04,6.219250059752606027e-04,-4.360200942928693299e-03,0.000000000000000000e+00
1.071499999999999986e+01,-2.682224881797121412e-03,3.527915236802468216e-03,-5.000897836889611672e-04,6.182843160149233000e-04,-4.333176523882025649e-03,0.000000000000000000e+00
1.072000000000000064e+01,-2.664641972479101732e-03,3.505272061970361817e-03,-4.970074230527014251e-04,6.146631921002082381e-04,-4.306311745633854306e-03,0.000000000000000000e+00
1.072499999999999964e+01,-2.647171926164875073e-03,3.482769895052905199e-03,-4.939431193057767892e-04,6.110615455146055841e-04,-4.279605737134112992e-03,0.000000000000000000e+00
1.073000000000000043e+01,-2.629814039914471751e-03,3.460407896983096719e-03,-4.908967752828373833e-04,6.074792877796413330e-04,-4.253057631407581793e-03,0.000000000000000000e+00
1.073499999999999943e+01,-2.612567614971659201e-03,3.438185233329419440e-03,-4.878682942603279355e-04,6.039163306561342237e-04,-4.226666565541575826e-03,0.000000000000000000e+00
1.074000000000000021e+01,-2.595431956740820289e-03,3.416101074273587661e-03,-4.848575799552882169e-04,6.003725861454221879e-04,-4.200431680673595743e-03,0.000000000000000000e+00
1.074500000000000099e+01,-2.578406374763941768e-03,3.394154594588365444e-03,-4.818645365241476259e-04,5.968479664905601773e-04,-4.174352121978929658e-03,0.000000000000000000e+00
1.075000000000000000e+01,-2.561490182697715931e-03,3.372344973615460598e-03,-4.788890685615134835e-04,5.933423841774883908e-04,-4.148427038658222127e-03,0.000000000000000000e+00
1.075500000000000078e+01,-2.544682698290748942e-03,3.350671395243491526e-03,-4.759310810989537998e-04,5.898557519361716630e-04,-4.122655583925018824e-03,0.000000000000000000e+00
1.075999999999999979e+01,-2.527983243360883668e-03,3.329133047886028655e-03,-4.729904796037744563e-04,5.863879827417110965e-04,-4.097036914993261794e-03,0.000000000000000000e+00
1.076500000000000057e+01,-2.511391143772627454e-03,3.307729124459710037e-03,-4.700671699777906427e-04,5.829389898154269632e-04,-4.071570193064755205e-03,0.000000000000000000e+00
1.076999999999999957e+01,-2.494905729414692661e-03,3.286458822362430237e-03,-4.671610585560933052e-04,5.795086866259143918e-04,-4.046254583316601615e-03,0.000000000000000000e+00
1.077500000000000036e+01,-2.478526334177643883e-03,3.265321343451605112e-03,-4.642720521058099582e-04,5.760969868900710830e-04,-4.021089254888607009e-03,0.000000000000000000e+00
1.077999999999999936e+01,-2.462252295931655326e-03,3.244315894022510322e-03,-4.614000578248608330e-04,5.727038045740984618e-04,-3.996073380870655486e-03,0.000000000000000000e+00
1.078500000000000014e+01,-2.446082956504375301e-03,3.223441684786693563e-03,-4.585449833407098772e-04,5.693290538944757251e-04,-3.971206138290048378e-03,0.000000000000000000e+00
1.079000000000000092e+01,-2.430017661658898272e-03,3.202697930850462692e-03,-4.557067367091109287e-04,5.659726493189075423e-04,-3.946486708098826887e-03,0.000000000000000000e+00
1.079499999999999993e+01,-2.414055761071844889e-03,3.182083851693448019e-03,-4.528852264128493369e-04,5.626345055672455188e-04,-3.921914275161060906e-03,0.000000000000000000e+00
1.080000000000000071e+01,-2.398196608311548711e-03,3.161598671147240053e-03,-4.500803613604789752e-04,5.593145376123841812e-04,-3.897488028240111372e-03,0.000000000000000000e+00
1.080499999999999972e+01,-2.382439560816350475e-03,3.141241617374099238e-03,-4.472920508850548090e-04,5.560126606811307236e-04,-3.873207159985870944e-03,0.000000000000000000e+00
1.081000000000000050e+01,-2.366783979872996886e-03,3.121011922845745492e-03,-4.445202047428611805e-04,5.527287902550502520e-04,-3.849070866921972586e-03,0.000000000000000000e+00
1.081499999999999950e+01,-2.351229230595146096e-03,3.100908824322218000e-03,-4.417647331121360280e-04,5.494628420712856579e-04,-3.825078349432994244e-03,0.000000000000000000e+00
1.082000000000000028e+01,-2.335774681901979424e-03,3.080931562830812199e-03,-4.390255465917909314e-04,5.462147321233532058e-04,-3.801228811751620595e-03,0.000000000000000000e+00
1.082500000000000107e+01,-2.320419706496917173e-03,3.061079383645092227e-03,-4.363025562001274162e-04,5.429843766619134012e-04,-3.777521461945794381e-03,0.000000000000000000e+00
1.083000000000000007e+01,-2.305163680846439821e-03,3.041351536263977532e-03,-4.335956733735492471e-04,5.397716921955180054e-04,-3.753955511905850400e-03,0.000000000000000000e+00
1.083500000000000085e+01,-2.290005985159013300e-03,3.021747274390904070e-03,-4.309048099652711974e-04,5.365765954913335242e-04,-3.730530177331623908e-03,0.000000000000000000e+00
1.083999999999999986e+01,-2.274946003364118358e-03,3.002265855913062702e-03,-4.282298782440241858e-04,5.333990035758408429e-04,-3.707244677719536904e-03,0.000000000000000000e+00
1.084500000000000064e+01,-2.259983123091383571e-03,2.982906542880710016e-03,-4.255707908927569994e-04,5.302388337355118776e-04,-3.684098236349688318e-03,0.000000000000000000e+00
1.084999999999999964e+01,-2.245116735649821567e-03,2.963668601486557207e-03,-4.229274610073348165e-04,5.270960035174634571e-04,-3.661090080272905167e-03,0.000000000000000000e+00
1.085500000000000043e+01,-2.230346236007167606e-03,2.944551302045232254e-03,-4.202998020952342074e-04,5.239704307300885452e-04,-3.638219440297786340e-03,0.000000000000000000e+00
1.085999999999999943e+01,-2.215671022769322672e-03,2.925553918972817989e-03,-4.176877280742354232e-04,5.208620334436646956e-04,-3.615485550977735104e-03,0.000000000000000000e+00
1.086500000000000021e+01,-2.201090498159895010e-03,2.906675730766464325e-03,-4.150911532711112168e-04,5.177707299909412551e-04,-3.592887650597978173e-03,0.000000000000000000e+00
1.087000000000000099e+01,-2.186604067999847485e-03,2.887916019984078982e-03,-4.125099924203133855e-04,5.146964389677039084e-04,-3.570424981162568720e-03,0.000000000000000000e+00
1.087500000000000000e+01,-2.172211141687243382e-03,2.869274073224088902e-03,-4.099441606626560617e-04,5.116390792333187299e-04,-3.548096788381379860e-03,0.000000000000000000e+00
1.088000000000000078e+01,-2.157911132177094994e-03,2.850749181105280590e-03,-4.073935735439964019e-04,5.085985699112536857e-04,-3.525902321657079039e-03,0.000000000000000000e+00
1.088499999999999979e+01,-2.143703455961311084e-03,2.832340638246714625e-03,-4.048581470139129982e-04,5.055748303895805104e-04,-3.503840834072111110e-03,0.000000000000000000e+00
1.089000000000000057e+01,-2.129587533048746695e-03,2.814047743247714752e-03,-4.023377974243815252e-04,5.025677803214547920e-04,-3.481911582375652771e-03,0.000000000000000000e+00
1.089499999999999957e+01,-2.115562786945350549e-03,2.795869798667932008e-03,-3.998324415284482732e-04,4.995773396255761070e-04,-3.460113826970573087e-03,0.000000000000000000e+00
1.090000000000000036e+01,-2.101628644634414341e-03,2.777806111007486475e-03,-3.973419964789011872e-04,4.966034284866280984e-04,-3.438446831900374492e-03,0.000000000000000000e+00
1.090499999999999936e+01,-2.087784536556918768e-03,2.759855990687180589e-03,-3.948663798269390086e-04,4.936459673556981703e-04,-3.416909864836137258e-03,0.000000000000000000e+00
1.091000000000000014e+01,-2.074029896591979717e-03,2.742018752028791383e-03,-3.924055095208381404e-04,4.907048769506777751e-04,-3.395502197063445752e-03,0.000000000000000000e+00
1.091500000000000092e+01,-2.060364162037393344e-03,2.724293713235434282e-03,-3.899593039046177234e-04,4.877800782566430230e-04,-3.374223103469324234e-03,0.000000000000000000e+00
1.091999999999999993e+01,-2.046786773590276998e-03,2.706680196372005399e-03,-3.875276817167028686e-04,4.848714925262163715e-04,-3.353071862529161812e-03,0.000000000000000000e+00
1.092500000000000071e+01,-2.033297175327810312e-03,2.689177527345696251e-03,-3.851105620885859394e-04,4.819790412799092338e-04,-3.332047756293628725e-03,0.000000000000000000e+00
1.092999999999999972e+01,-2.019894814688070854e-03,2.671785035886585676e-03,-3.827078645434863141e-04,4.791026463064459377e-04,-3.311150070375588721e-03,0.000000000000000000e+00
1.093500000000000050e+01,-2.006579142450969945e-03,2.654502055528304601e-03,-3.803195089950086325e-04,4.762422296630689292e-04,-3.290378093937028348e-03,0.000000000000000000e+00
1.093999999999999950e+01,-1.993349612719280857e-03,2.637327923588777146e-03,-3.779454157457994143e-04,4.733977136758262482e-04,-3.269731119675958059e-03,0.000000000000000000e+00
1.094500000000000028e+01,-1.980205682899767190e-03,2.620261981151037617e-03,-3.755855054862023237e-04,4.705690209398405736e-04,-3.249208443813327192e-03,0.000000000000000000e+00
1.095000000000000107e+01,-1.967146813684404489e-03,2.603303573044119055e-03,-3.732396992929122408e-04,4.677560743195606496e-04,-3.228809366079943288e-03,0.000000000000000000e+00
1.095500000000000007e+01,-1.954172469031697709e-03,2.586452047824020287e-03,-3.709079186276279774e-04,4.649587969489953651e-04,-3.208533189703377531e-03,0.000000000000000000e+00
1.096000000000000085e+01,-1.941282116148093434e-03,2.569706757754745829e-03,-3.685900853357039638e-04,4.621771122319301059e-04,-3.188379221394881460e-03,0.000000000000000000e+00
1.096499999999999986e+01,-1.928475225469488156e-03,2.553067058789420390e-03,-3.662861216448007958e-04,4.594109438421266280e-04,-3.168346771336306295e-03,0.000000000000000000e+00
1.097000000000000064e+01,-1.915751270642828720e-03,2.536532310551478826e-03,-3.639959501635349698e-04,4.566602157235054196e-04,-3.148435153167017039e-03,0.000000000000000000e+00
1.097499999999999964e+01,-1.903109728507808599e-03,2.520101876315929829e-03,-3.617194938801275876e-04,4.539248520903121269e-04,-3.128643683970816144e-03,0.000000000000000000e+00
1.098000000000000043e+01,-1.890550079078655689e-03,2.503775122990695504e-03,-3.594566761610525183e-04,4.512047774272669024e-04,-3.108971684262873663e-03,0.000000000000000000e+00
1.098499999999999943e+01,-1.878071805526014852e-03,2.487551421098023376e-03,-3.572074207496834229e-04,4.484999164896980874e-04,-3.089418477976652640e-03,0.000000000000000000e+00
1.099000000000000021e+01,-1.865674394158922623e-03,2.471430144755973855e-03,-3.549716517649406156e-04,4.458101943036597392e-04,-3.069983392450846647e-03,0.000000000000000000e+00
1.099500000000000099e+01,-1.853357334406874075e-03,2.455410671659983158e-03,-3.527492936999371124e-04,4.431355361660332210e-04,-3.050665758416319477e-03,0.000000000000000000e+00
1.100000000000000000e+01,-1.841120118801981833e-03,2.439492383064497359e-03,-3.505402714206242451e-04,4.404758676446137214e-04,-3.031464909983055261e-03,0.000000000000000000e+00
1.100500000000000078e+01,-1.828962242961226824e-03,2.423674663764683636e-03,-3.483445101644369515e-04,4.378311145781808356e-04,-3.012380184627115945e-03,0.000000000000000000e+00
1.100999999999999979e+01,-1.816883205568800737e-03,2.407956902078214369e-03,-3.461619355389387387e-04,4.352012030765545106e-04,-2.993410923177593566e-03,0.000000000000000000e+00
1.101500000000000057e+01,-1.804882508358537831e-03,2.392338489827124104e-03,-3.439924735204662144e-04,4.325860595206359733e-04,-2.974556469803591591e-03,0.000000000000000000e+00
1.101999999999999957e+01,-1.792959656096439550e-03,2.376818822319741974e-03,-3.418360504527738334e-04,4.299856105624336438e-04,-2.955816172001196705e-03,0.000000000000000000e+00
1.102500000000000036e+01,-1.781114156563286949e-03,2.361397298332697410e-03,-3.396925930456781576e-04,4.273997831250749523e-04,-2.937189380580472291e-03,0.000000000000000000e+00
1.102999999999999936e+01,-1.769345520537344858e-03,2.346073320092998283e-03,-3.375620283737022775e-04,4.248285044028035748e-04,-2.918675449652452340e-03,0.000000000000000000e+00
1.103500000000000014e+01,-1.757653261777154287e-03,2.330846293260185366e-03,-3.354442838747203975e-04,4.222717018609627366e-04,-2.900273736616152710e-03,0.000000000000000000e+00
1.104000000000000092e+01,-1.746036897004414178e-03,2.315715626908556625e-03,-3.333392873486022570e-04,4.197293032359643663e-04,-2.881983602145585417e-03,0.000000000000000000e+00
1.104499999999999993e+01,-1.734495945886951841e-03,2.300680733509467835e-03,-3.312469669558579331e-04,4.172012365352447522e-04,-2.863804410176800687e-03,0.000000000000000000e+00
1.105000000000000071e+01,-1.723029931021782075e-03,2.285741028913704752e-03,-3.291672512162829660e-04,4.146874300372065374e-04,-2.845735527894918161e-03,0.000000000000000000e+00
1.105499999999999972e+01,-1.711638377918253901e-03,2.270895932333930316e-03,-3.271000690076035413e-04,4.121878122911474878e-04,-2.827776325721185861e-03,0.000000000000000000e+00
1.106000000000000050e+01,-1.700320814981284455e-03,2.256144866327201241e-03,-3.250453495641223204e-04,4.097023121171759785e-04,-2.809926177300052594e-03,0.000000000000000000e+00
1.106499999999999950e+01,-1.689076773494680925e-03,2.241487256777561794e-03,-3.230030224753645436e-04,4.072308586061135780e-04,-2.792184459486242096e-03,0.000000000000000000e+00
1.107000000000000028e+01,-1.677905787604549222e-03,2.226922532878707842e-03,-3.209730176847248374e-04,4.047733811193848395e-04,-2.774550552331857527e-03,0.000000000000000000e+00
1.107500000000000107e+01,-1.666807394302788521e-03,2.212450127116722884e-03,-3.189552654881145093e-04,4.023298092888945689e-04,-2.757023839073484243e-03,0.000000000000000000e+00
1.108000000000000007e+01,-1.655781133410672099e-03,2.198069475252889537e-03,-3.169496965326092769e-04,3.999000730168925707e-04,-2.739603706119319443e-03,0.000000000000000000e+00
1.108500000000000085e+01,-1.644826547562514918e-03,2.183780016306570860e-03,-3.149562418150981895e-04,3.974841024758261421e-04,-2.722289543036308327e-03,0.000000000000000000e+00
1.108999999999999986e+01,-1.633943182189425336e-03,2.169581192538164519e-03,-3.129748326809328202e-04,3.950818281081806957e-04,-2.705080742537308014e-03,0.000000000000000000e+00
1.109500000000000064e+01,-1.623130585503142469e-03,2.155472449432130257e-03,-3.110054008225775972e-04,3.926931806263082381e-04,-2.687976700468251885e-03,0.000000000000000000e+00
1.109999999999999964e+01,-1.612388308479958347e-03,2.141453235680088486e-03,-3.090478782782608391e-04,3.903180910122443573e-04,-2.670976815795340388e-03,0.000000000000000000e+00
1.110500000000000043e+01,-1.601715904844723754e-03,2.127523003163990425e-03,-3.071021974306269837e-04,3.879564905175134451e-04,-2.654080490592254388e-03,0.000000000000000000e+00
1.110999999999999943e+01,-1.591112931054939087e-03,2.113681206939360246e-03,-3.051682910053895204e-04,3.856083106629229159e-04,-2.637287130027374596e-03,0.000000000000000000e+00
1.111500000000000021e+01,-1.580578946284927821e-03,2.099927305218610065e-03,-3.032460920699851163e-04,3.832734832383457701e-04,-2.620596142351021805e-03,0.000000000000000000e+00
1.112000000000000099e+01,-1.570113512410093891e-03,2.086260759354424763e-03,-3.013355340322288801e-04,3.809519403024924232e-04,-2.604006938882720990e-03,0.000000000000000000e+00
1.112500000000000000e+01,-1.559716193991261476e-03,2.072681033823218794e-03,-2.994365506389707644e-04,3.786436141826716941e-04,-2.587518933998481010e-03,0.000000000000000000e+00
1.113000000000000078e+01,-1.549386558259097839e-03,2.059187596208665420e-03,-2.975490759747532695e-04,3.763484374745408416e-04,-2.571131545118093831e-03,0.000000000000000000e+00
1.113499999999999979e+01,-1.539124175098617684e-03,2.045779917185294467e-03,-2.956730444604701766e-04,3.740663430418452481e-04,-2.554844192692450229e-03,0.000000000000000000e+00
1.114000000000000057e+01,-1.528928617033770360e-03,2.032457470502162938e-03,-2.938083908520269620e-04,3.717972640161476940e-04,-2.538656300190881947e-03,0.000000000000000000e+00
1.114499999999999957e+01,-1.518799459212107072e-03,2.019219732966596754e-03,-2.919550502390022952e-04,3.695411337965474408e-04,-2.522567294088521195e-03,0.000000000000000000e+00
1.115000000000000036e+01,-1.508736279389530713e-03,2.006066184428001442e-03,-2.901129580433111635e-04,3.672978860493891773e-04,-2.506576603853677074e-03,0.000000000000000000e+00
1.115499999999999936e+01,-1.498738657915125484e-03,1.992996307761744391e-03,-2.882820500178692432e-04,3.650674547079619365e-04,-2.490683661935243209e-03,0.000000000000000000e+00
1.116000000000000014e+01,-1.488806177716067410e-03,1.980009588853107357e-03,-2.864622622452591143e-04,3.628497739721885801e-04,-2.474887903750112340e-03,0.000000000000000000e+00
1.116500000000000092e+01,-1.478938424282614421e-03,1.967105516581309655e-03,-2.846535311363978301e-04,3.606447783083053626e-04,-2.459188767670630795e-03,0.000000000000000000e+00
1.116999999999999993e+01,-1.469134985653176677e-03,1.954283582803599886e-03,-2.828557934292061132e-04,3.584524024485322255e-04,-2.443585695012056441e-03,0.000000000000000000e+00
1.117500000000000071e+01,-1.459395452399466246e-03,1.941543282339419207e-03,-2.810689861872793949e-04,3.562725813907337670e-04,-2.428078130020056968e-03,0.000000000000000000e+00
1.117999999999999972e+01,-1.449719417611725070e-03,1.928884112954633344e-03,-2.792930467985603720e-04,3.541052503980707798e-04,-2.412665519858217707e-03,0.000000000000000000e+00
1.118500000000000050e+01,-1.440106476884032505e-03,1.916305575345834218e-03,-2.775279129740134071e-04,3.519503449986433313e-04,-2.397347314595578080e-03,0.000000000000000000e+00
1.118999999999999950e+01,-1.430556228299690929e-03,1.903807173124711814e-03,-2.757735227463008264e-04,3.498078009851244121e-04,-2.382122967194194498e-03,0.000000000000000000e+00
1.119500000000000028e+01,-1.421068272416688757e-03,1.891388412802494584e-03,-2.740298144684608973e-04,3.476775544143851271e-04,-2.366991933496722343e-03,0.000000000000000000e+00
1.120000000000000107e+01,-1.411642212253241737e-03,1.879048803774458366e-03,-2.722967268125878128e-04,3.455595416071113217e-04,-2.351953672214022670e-03,0.000000000000000000e+00
1.120500000000000007e+01,-1.402277653273411228e-03,1.866787858304505771e-03,-2.705741987685136808e-04,3.434536991474116427e-04,-2.337007644912798398e-03,0.000000000000000000e+00
1.121000000000000085e+01,-1.392974203372799669e-03,1.854605091509813238e-03,-2.688621696424923569e-04,3.413599638824173590e-04,-2.322153316003251755e-03,0.000000000000000000e+00
1.121499999999999986e+01,-1.383731472864322158e-03,1.842500021345546812e-03,-2.671605790558852288e-04,3.392782729218739974e-04,-2.307390152726762969e-03,0.000000000000000000e+00
1.122000000000000064e+01,-1.374549074464054580e-03,1.830472168589646455e-03,-2.654693669438493316e-04,3.372085636377250084e-04,-2.292717625143602788e-03,0.000000000000000000e+00
1.122499999999999964e+01,-1.365426623277158063e-03,1.818521056827678657e-03,-2.637884735540274150e-04,3.351507736636874101e-04,-2.278135206120667118e-03,0.000000000000000000e+00
1.123000000000000043e+01,-1.356363736783878018e-03,1.806646212437757132e-03,-2.621178394452400697e-04,3.331048408948196243e-04,-2.263642371319236381e-03,0.000000000000000000e+00
1.123499999999999943e+01,-1.347360034825619089e-03,1.794847164575531394e-03,-2.604574054861801859e-04,3.310707034870819963e-04,-2.249238599182759590e-03,0.000000000000000000e+00
1.124000000000000021e+01,-1.338415139591095327e-03,1.783123445159243191e-03,-2.588071128541094708e-04,3.290482998568892894e-04,-2.234923370924674427e-03,0.000000000000000000e+00
1.124500000000000099e+01,-1.329528675602554113e-03,1.771474588854850176e-03,-2.571669030335574065e-04,3.270375686806563506e-04,-2.220696170516240318e-03,0.000000000000000000e+00
1.125000000000000000e+01,-1.320700269702074214e-03,1.759900133061217216e-03,-2.555367178150223751e-04,3.250384488943361318e-04,-2.206556484674410557e-03,0.000000000000000000e+00
1.125500000000000078e+01,-1.311929551037938893e-03,1.748399617895374930e-03,-2.539164992936751163e-04,3.230508796929506101e-04,-2.192503802849726530e-03,0.000000000000000000e+00
1.125999999999999979e+01,-1.303216151051081202e-03,1.736972586177845451e-03,-2.523061898680645145e-04,3.210748005301149849e-04,-2.178537617214236673e-03,0.000000000000000000e+00
1.126500000000000057e+01,-1.294559703461603452e-03,1.725618583418034530e-03,-2.507057322388259895e-04,3.191101511175546668e-04,-2.164657422649456184e-03,0.000000000000000000e+00
1.126999999999999957e+01,-1.285959844255368887e-03,1.714337157799690438e-03,-2.491150694073920001e-04,3.171568714246156512e-04,-2.150862716734334122e-03,0.000000000000000000e+00
1.127500000000000036e+01,-1.277416211670666423e-03,1.703127860166430080e-03,-2.475341446747053131e-04,3.152149016777683875e-04,-2.137152999733269929e-03,0.000000000000000000e+00
1.127999999999999936e+01,-1.268928446184947392e-03,1.691990244007330604e-03,-2.459629016399346034e-04,3.132841823601047637e-04,-2.123527774584146443e-03,0.000000000000000000e+00
1.128500000000000014e+01,-1.260496190501633621e-03,1.680923865442587352e-03,-2.444012841991924931e-04,3.113646542108291278e-04,-2.109986546886389799e-03,0.000000000000000000e+00
1.129000000000000092e+01,-1.252119089536998364e-03,1.669928283209238173e-03,-2.428492365442564641e-04,3.094562582247425866e-04,-2.096528824889073560e-03,0.000000000000000000e+00
1.129499999999999993e+01,-1.243796790407116631e-03,1.659003058646952569e-03,-2.413067031612920203e-04,3.075589356517215048e-04,-2.083154119479028923e-03,0.000000000000000000e+00
1.130000000000000071e+01,-1.235528942414888592e-03,1.648147755683888058e-03,-2.397736288295787500e-04,3.056726279961897151e-04,-2.069861944169011300e-03,0.000000000000000000e+00
1.130499999999999972e+01,-1.227315197037131276e-03,1.637361940822609861e-03,-2.382499586202388279e-04,3.037972770165848200e-04,-2.056651815085871679e-03,0.000000000000000000e+00
1.131000000000000050e+01,-1.219155207911742488e-03,1.626645183126077367e-03,-2.367356378949683358e-04,3.019328247248188012e-04,-2.043523250958773074e-03,0.000000000000000000e+00
1.131499999999999950e+01,-1.211048630824933031e-03,1.615997054203695445e-03,-2.352306123047712670e-04,3.000792133857326655e-04,-2.030475773107436044e-03,0.000000000000000000e+00
1.132000000000000028e+01,-1.202995123698529607e-03,1.605417128197429710e-03,-2.337348277886961865e-04,2.982363855165456163e-04,-2.017508905430407187e-03,0.000000000000000000e+00
1.132500000000000107e+01,-1.194994346577346253e-03,1.594904981767987289e-03,-2.322482305725758465e-04,2.964042838862988036e-04,-2.004622174393363640e-03,0.000000000000000000e+00
1.133000000000000007e+01,-1.187045961616625808e-03,1.584460194081061760e-03,-2.307707671677693216e-04,2.945828515152934361e-04,-1.991815109017448793e-03,0.000000000000000000e+00
1.133500000000000085e+01,-1.179149633069548168e-03,1.574082346793642499e-03,-2.293023843699072890e-04,2.927720316745237436e-04,-1.979087240867637501e-03,0.000000000000000000e+00
1.133999999999999986e+01,-1.171305027274808803e-03,1.563771024040387777e-03,-2.278430292576398564e-04,2.909717678851047890e-04,-1.966438104041129051e-03,0.000000000000000000e+00
1.134500000000000064e+01,-1.163511812644264050e-03,1.553525812420061825e-03,-2.263926491913875066e-04,2.891820039176951312e-04,-1.953867235155776552e-03,0.000000000000000000e+00
1.134999999999999964e+01,-1.155769659650643854e-03,1.543346300982036297e-03,-2.249511918120947261e-04,2.874026837919143912e-04,-1.941374173338549294e-03,0.000000000000000000e+00
1.135500000000000043e+01,-1.148078240815333245e-03,1.533232081212853974e-03,-2.235186050399867773e-04,2.856337517757560483e-04,-1.928958460214017867e-03,0.000000000000000000e+00
1.135999999999999943e+01,-1.140437230696219077e-03,1.523182747022856862e-03,-2.220948370733292088e-04,2.838751523849955744e-04,-1.916619639892878533e-03,0.000000000000000000e+00
1.136500000000000021e+01,-1.132846305875605079e-03,1.513197894732876744e-03,-2.206798363871905096e-04,2.821268303825935804e-04,-1.904357258960506869e-03,0.000000000000000000e+00
1.137000000000000099e+01,-1.125305144948192176e-03,1.503277123060989479e-03,-2.192735517322076362e-04,2.803887307780945719e-04,-1.892170866465545239e-03,0.000000000000000000e+00
1.137500000000000000e+01,-1.117813428509125155e-03,1.493420033109330676e-03,-2.178759321333546307e-04,2.786607988270210974e-04,-1.880060013908522358e-03,0.000000000000000000e+00
1.138000000000000078e+01,-1.110370839142105258e-03,1.483626228350975323e-03,-2.164869268887142733e-04,2.769429800302636671e-04,-1.868024255230500176e-03,0.000000000000000000e+00
1.138499999999999979e+01,-1.102977061407568260e-03,1.473895314616878579e-03,-2.151064855682526900e-04,2.752352201334661735e-04,-1.856063146801758277e-03,0.000000000000000000e+00
1.139000000000000057e+01,-1.095631781830927812e-03,1.464226900082879652e-03,-2.137345580125972401e-04,2.735374651264070828e-04,-1.844176247410515357e-03,0.000000000000000000e+00
1.139499999999999957e+01,-1.088334688890882753e-03,1.454620595256767056e-03,-2.123710943318173582e-04,2.718496612423768315e-04,-1.832363118251670656e-03,0.000000000000000000e+00
1.140000000000000036e+01,-1.081085473007790130e-03,1.445076012965405658e-03,-2.110160449042085122e-04,2.701717549575506161e-04,-1.820623322915588312e-03,0.000000000000000000e+00
1.140499999999999936e+01,-1.073883826532101744e-03,1.435592768341925314e-03,-2.096693603750794156e-04,2.685036929903578747e-04,-1.808956427376914476e-03,0.000000000000000000e+00
1.141000000000000014e+01,-1.066729443732864456e-03,1.426170478812970868e-03,-2.083309916555423286e-04,2.668454223008473783e-04,-1.797361999983423898e-03,0.000000000000000000e+00
1.141500000000000092e+01,-1.059622020786284667e-03,1.416808764086013731e-03,-2.070008899213065308e-04,2.651968900900489616e-04,-1.785839611444898188e-03,0.000000000000000000e+00
1.141999999999999993e+01,-1.052561255764355693e-03,1.407507246136723315e-03,-2.056790066114750465e-04,2.635580437993311864e-04,-1.774388834822045700e-03,0.000000000000000000e+00
1.142500000000000071e+01,-1.045546848623548231e-03,1.398265549196400044e-03,-2.043652934273445685e-04,2.619288311097557544e-04,-1.763009245515446358e-03,0.000000000000000000e+00
1.142999999999999972e+01,-1.038578501193563285e-03,1.389083299739469080e-03,-2.030597023312085802e-04,2.603091999414282862e-04,-1.751700421254533775e-03,0.000000000000000000e+00
1.143500000000000050e+01,-1.031655917166148179e-03,1.379960126471033903e-03,-2.017621855451637845e-04,2.586990984528455780e-04,-1.740461942086611634e-03,0.000000000000000000e+00
1.143999999999999950e+01,-1.024778802083973735e-03,1.370895660314489731e-03,-2.004726955499198124e-04,2.570984750402396045e-04,-1.729293390365904117e-03,0.000000000000000000e+00
1.144500000000000028e+01,-1.017946863329573454e-03,1.361889534399197878e-03,-1.991911850836121302e-04,2.555072783369182160e-04,-1.718194350742635601e-03,0.000000000000000000e+00
1.145000000000000107e+01,-1.011159810114345154e-03,1.352941384048218874e-03,-1.979176071406183888e-04,2.539254572126027447e-04,-1.707164410152153941e-03,0.000000000000000000e+00
1.145500000000000007e+01,-1.004417353467612021e-03,1.344050846766105646e-03,-1.966519149703779986e-04,2.523529607727623592e-04,-1.696203157804077174e-03,0.000000000000000000e+00
1.146000000000000085e+01,-9.977192062257465421e-04,1.335217562226756124e-03,-1.953940620762150109e-04,2.507897383579455993e-04,-1.685310185171480773e-03,0.000000000000000000e+00
1.146499999999999986e+01,-9.910650830213534219e-04,1.326441172261324380e-03,-1.941440022141644427e-04,2.492357395431086587e-04,-1.674485085980118720e-03,0.000000000000000000e+00
1.147000000000000064e+01,-9.844547002725132119e-04,1.317721320846191408e-03,-1.929016893918019066e-04,2.476909141369411740e-04,-1.663727456197676251e-03,0.000000000000000000e+00
1.147499999999999964e+01,-9.778877761720868728e-04,1.309057654090993797e-03,-1.916670778670766576e-04,2.461552121811888690e-04,-1.653036894023061833e-03,0.000000000000000000e+00
1.148000000000000043e+01,-9.713640306770787757e-04,1.300449820226712034e-03,-1.904401221471480000e-04,2.446285839499737604e-04,-1.642412999875727565e-03,0.000000000000000000e+00
1.148499999999999943e+01,-9.648831854980595511e-04,1.291897469593816057e-03,-1.892207769872251099e-04,2.431109799491114353e-04,-1.631855376385030979e-03,0.000000000000000000e+00
1.149000000000000021e+01,-9.584449640886485685e-04,1.283400254630469349e-03,-1.880089973894102722e-04,2.416023509154260527e-04,-1.621363628379624824e-03,0.000000000000000000e+00
1.149500000000000099e+01,-9.520490916350543131e-04,1.274957829860790936e-03,-1.868047386015455886e-04,2.401026478160626606e-04,-1.610937362876887612e-03,0.000000000000000000e+00
1.150000000000000000e+01,-9.456952950456745015e-04,1.266569851883175488e-03,-1.856079561160630179e-04,2.386118218477971560e-04,-1.600576189072383006e-03,0.000000000000000000e+00
1.150500000000000078e+01,-9.393833029407531185e-04,1.258235979358670025e-03,-1.844186056688380218e-04,2.371298244363438321e-04,-1.590279718329359535e-03,0.000000000000000000e+00
1.150999999999999979e+01,-9.331128456420965424e-04,1.249955872999408734e-03,-1.832366432380466269e-04,2.356566072356607023e-04,-1.580047564168285228e-03,0.000000000000000000e+00
1.151500000000000057e+01,-9.268836551628465911e-04,1.241729195557104157e-03,-1.820620250430258461e-04,2.341921221272525214e-04,-1.569879342256409564e-03,0.000000000000000000e+00
1.151999999999999957e+01,-9.206954651973116820e-04,1.233555611811596071e-03,-1.808947075431378414e-04,2.327363212194717733e-04,-1.559774670397373348e-03,0.000000000000000000e+00
1.152500000000000036e+01,-9.145480111108543692e-04,1.225434788559456086e-03,-1.797346474366372856e-04,2.312891568468174901e-04,-1.549733168520839831e-03,0.000000000000000000e+00
1.152999999999999936e+01,-9.084410299298360195e-04,1.217366394602650143e-03,-1.785818016595424901e-04,2.298505815692320658e-04,-1.539754458672173325e-03,0.000000000000000000e+00
1.153500000000000014e+01,-9.023742603316184082e-04,1.209350100737255221e-03,-1.774361273845098956e-04,2.284205481713961182e-04,-1.529838165002142970e-03,0.000000000000000000e+00
1.154000000000000092e+01,-8.963474426346208258e-04,1.201385579742234380e-03,-1.762975820197121659e-04,2.269990096620215351e-04,-1.519983913756670080e-03,0.000000000000000000e+00
1.154499999999999993e+01,-8.903603187884339982e-04,1.193472506368265570e-03,-1.751661232077198339e-04,2.255859192731425416e-04,-1.510191333266604338e-03,0.000000000000000000e+00
1.155000000000000071e+01,-8.844126323639890826e-04,1.185610557326627693e-03,-1.740417088243863893e-04,2.241812304594052491e-04,-1.500460053937540100e-03,0.000000000000000000e+00
1.155499999999999972e+01,-8.785041285437823928e-04,1.177799411278141091e-03,-1.729242969777370796e-04,2.227848968973552266e-04,-1.490789708239665876e-03,0.000000000000000000e+00
1.156000000000000050e+01,-8.726345541121553100e-04,1.170038748822164196e-03,-1.718138460068611539e-04,2.213968724847236347e-04,-1.481179930697648292e-03,0.000000000000000000e+00
1.156499999999999950e+01,-8.668036574456286199e-04,1.162328252485643953e-03,-1.707103144808077113e-04,2.200171113397117332e-04,-1.471630357880553564e-03,0.000000000000000000e+00
1.157000000000000028e+01,-8.610111885032924704e-04,1.154667606712222409e-03,-1.696136611974852085e-04,2.186455678002738713e-04,-1.462140628391806266e-03,0.000000000000000000e+00
1.157500000000000107e+01,-8.552568988172493461e-04,1.147056497851397074e-03,-1.685238451825644100e-04,2.172821964233989872e-04,-1.452710382859174988e-03,0.000000000000000000e+00
1.158000000000000007e+01,-8.495405414831123372e-04,1.139494614147735715e-03,-1.674408256883850514e-04,2.159269519843907785e-04,-1.443339263924807436e-03,0.000000000000000000e+00
1.158500000000000085e+01,-8.438618711505562094e-04,1.131981645730146006e-03,-1.663645621928660806e-04,2.145797894761464642e-04,-1.434026916235286997e-03,0.000000000000000000e+00
1.158999999999999986e+01,-8.382206440139226833e-04,1.124517284601198085e-03,-1.652950143984194503e-04,2.132406641084343536e-04,-1.424772986431734620e-03,0.000000000000000000e+00
1.159500000000000064e+01,-8.326166178028785152e-04,1.117101224626502630e-03,-1.642321422308676228e-04,2.119095313071701144e-04,-1.415577123139943015e-03,0.000000000000000000e+00
1.159999999999999964e+01,-8.270495517731270285e-04,1.109733161524140317e-03,-1.631759058383646266e-04,2.105863467136918476e-04,-1.406438976960545754e-03,0.000000000000000000e+00
1.160500000000000043e+01,-8.215192066971716868e-04,1.102412792854146799e-03,-1.621262655903207720e-04,2.092710661840341605e-04,-1.397358200459222809e-03,0.000000000000000000e+00
1.160999999999999943e+01,-8.160253448551327933e-04,1.095139818008049066e-03,-1.610831820763309165e-04,2.079636457882011002e-04,-1.388334448156942295e-03,0.000000000000000000e+00
1.161500000000000021e+01,-8.105677300256159063e-04,1.087913938198456455e-03,-1.600466161051065266e-04,2.066640418094380853e-04,-1.379367376520236697e-03,0.000000000000000000e+00
1.162000000000000099e+01,-8.051461274766326219e-04,1.080734856448702834e-03,-1.590165287034112616e-04,2.053722107435028876e-04,-1.370456643951518342e-03,0.000000000000000000e+00
1.162500000000000000e+01,-7.997603039565723141e-04,1.073602277582542779e-03,-1.579928811150002447e-04,2.040881092979357481e-04,-1.361601910779424145e-03,0.000000000000000000e+00
1.163000000000000078e+01,-7.944100276852259163e-04,1.066515908213898920e-03,-1.569756347995629117e-04,2.028116943913285425e-04,-1.352802839249200471e-03,0.000000000000000000e+00
1.163499999999999979e+01,-7.890950683448607695e-04,1.059475456736662206e-03,-1.559647514316696813e-04,2.015429231525933250e-04,-1.344059093513125074e-03,0.000000000000000000e+00
1.164000000000000057e+01,-7.838151970713458849e-04,1.052480633314543989e-03,-1.549601928997220953e-04,2.002817529202299222e-04,-1.335370339620962866e-03,0.000000000000000000e+00
1.164499999999999957e+01,-7.785701864453281650e-04,1.045531149870979710e-03,-1.539619213049067800e-04,1.990281412415929581e-04,-1.326736245510452047e-03,0.000000000000000000e+00
1.165000000000000036e+01,-7.733598104834589308e-04,1.038626720079084209e-03,-1.529698989601530133e-04,1.977820458721582021e-04,-1.318156480997840531e-03,0.000000000000000000e+00
1.165499999999999936e+01,-7.681838446296707567e-04,1.031767059351658194e-03,-1.519840883890938418e-04,1.965434247747882925e-04,-1.309630717768437130e-03,0.000000000000000000e+00
1.166000000000000014e+01,-7.630420657465035277e-04,1.024951884831246107e-03,-1.510044523250311289e-04,1.953122361189979191e-04,-1.301158629367221275e-03,0.000000000000000000e+00
1.166500000000000092e+01,-7.579342521064808035e-04,1.018180915380245168e-03,-1.500309537099040445e-04,1.940884382802184353e-04,-1.292739891189468573e-03,0.000000000000000000e+00
1.166999999999999993e+01,-7.528601833835348641e-04,1.011453871571064500e-03,-1.490635556932613499e-04,1.928719898390621732e-04,-1.284374180471426451e-03,0.000000000000000000e+00
1.167500000000000071e+01,-7.478196406444815193e-04,1.004770475676335009e-03,-1.481022216312373148e-04,1.916628495805861347e-04,-1.276061176281016903e-03,0.000000000000000000e+00
1.167999999999999972e+01,-7.428124063405430570e-04,9.981304516591697675e-04,-1.471469150855313202e-04,1.904609764935554926e-04,-1.267800559508577840e-03,0.000000000000000000e+00
1.168500000000000050e+01,-7.378382642989201982e-04,9.915335251634749443e-04,-1.461975998223912561e-04,1.892663297697065778e-04,-1.259592012857640216e-03,0.000000000000000000e+00
1.168999999999999950e+01,-7.328969997144121895e-04,9.849794235043092885e-04,-1.452542398116003894e-04,1.880788688030098110e-04,-1.251435220835740931e-03,0.000000000000000000e+00
1.169500000000000028e+01,-7.279883991410852516e-04,9.784678756582947980e-04,-1.443167992254680793e-04,1.868985531889321469e-04,-1.243329869745272162e-03,0.000000000000000000e+00
1.170000000000000107e+01,-7.231122504839884073e-04,9.719986122540760646e-04,-1.433852424378241532e-04,1.857253427236995463e-04,-1.235275647674362147e-03,0.000000000000000000e+00
1.170500000000000007e+01,-7.182683429909170148e-04,9.655713655628293856e-04,-1.424595340230169955e-04,1.845591974035591491e-04,-1.227272244487797367e-03,0.000000000000000000e+00
1.171000000000000085e+01,-7.134564672442242220e-04,9.591858694888206636e-04,-1.415396387549151596e-04,1.834000774240413390e-04,-1.219319351817974885e-03,0.000000000000000000e+00
1.171499999999999986e+01,-7.086764151526783913e-04,9.528418595600120959e-04,-1.406255216059129382e-04,1.822479431792218088e-04,-1.211416663055895227e-03,0.000000000000000000e+00
1.172000000000000064e+01,-7.039279799433684464e-04,9.465390729187180864e-04,-1.397171477459394019e-04,1.811027552609835434e-04,-1.203563873342187356e-03,0.000000000000000000e+00
1.172499999999999964e+01,-6.992109561536552975e-04,9.402772483123094044e-04,-1.388144825414712067e-04,1.799644744582788042e-04,-1.195760679558168123e-03,0.000000000000000000e+00
1.173000000000000043e+01,-6.945251396231695616e-04,9.340561260839653742e-04,-1.379174915545491409e-04,1.788330617563911931e-04,-1.188006780316943137e-03,0.000000000000000000e+00
1.173499999999999943e+01,-6.898703274858555791e-04,9.278754481634746360e-04,-1.370261405417982502e-04,1.777084783361977725e-04,-1.180301875954533871e-03,0.000000000000000000e+00
1.174000000000000021e+01,-6.852463181620613991e-04,9.217349580580837210e-04,-1.361403954534517850e-04,1.765906855734312921e-04,-1.172645668521050738e-03,0.000000000000000000e+00
1.174500000000000099e+01,-6.806529113506740863e-04,9.156344008433928974e-04,-1.352602224323787251e-04,1.754796450379426335e-04,-1.165037861771892188e-03,0.000000000000000000e+00
1.175000000000000000e+01,-6.760899080213007796e-04,9.095735231543000459e-04,-1.343855878131149908e-04,1.743753184929633902e-04,-1.157478161158983923e-03,0.000000000000000000e+00
1.175500000000000078e+01,-6.715571104064945286e-04,9.035520731759916994e-04,-1.335164581208984761e-04,1.732776678943686915e-04,-1.149966273822052801e-03,0.000000000000000000e+00
1.175999999999999979e+01,-6.670543219940254509e-04,8.975698006349810271e-04,-1.326528000707076320e-04,1.721866553899403785e-04,-1.142501908579936307e-03,0.000000000000000000e+00
1.176500000000000057e+01,-6.625813475191965566e-04,8.916264567901929826e-04,-1.317945805663037098e-04,1.711022433186303157e-04,-1.135084775921924114e-03,0.000000000000000000e+00
1.176999999999999957e+01,-6.581379929572033763e-04,8.857217944240958554e-04,-1.309417666992768799e-04,1.700243942098242182e-04,-1.127714587999139977e-03,0.000000000000000000e+00
1.177500000000000036e+01,-6.537240655155389076e-04,8.798555678338796596e-04,-1.300943257480957930e-04,1.689530707826057763e-04,-1.120391058615955067e-03,0.000000000000000000e+00
1.177999999999999936e+01,-6.493393736264414969e-04,8.740275328226808187e-04,-1.292522251771609633e-04,1.678882359450211055e-04,-1.113113903221434921e-03,0.000000000000000000e+00
1.178500000000000014e+01,-6.449837269393871725e-04,8.682374466908524945e-04,-1.284154326358618377e-04,1.668298527933437931e-04,-1.105882838900828884e-03,0.000000000000000000e+00
1.179000000000000092e+01,-6.406569363136253468e-04,8.624850682272815379e-04,-1.275839159576374162e-04,1.657778846113403242e-04,-1.098697584367083627e-03,0.000000000000000000e+00
1.179499999999999993e+01,-6.363588138107575606e-04,8.567701577007507579e-04,-1.267576431590406664e-04,1.647322948695360226e-04,-1.091557859952401116e-03,0.000000000000000000e+00
1.180000000000000071e+01,-6.320891726873597042e-04,8.510924768513467280e-04,-1.259365824388065979e-04,1.636930472244815880e-04,-1.084463387599827588e-03,0.000000000000000000e+00
1.180499999999999972e+01,-6.278478273876467392e-04,8.454517888819130210e-04,-1.251207021769238867e-04,1.626601055180200667e-04,-1.077413890854875050e-03,0.000000000000000000e+00
1.181000000000000050e+01,-6.236345935361802461e-04,8.398478584495487620e-04,-1.243099709337103221e-04,1.616334337765545817e-04,-1.070409094857182903e-03,0.000000000000000000e+00
1.181499999999999950e+01,-6.194492879306182564e-04,8.342804516571515269e-04,-1.235043574488917768e-04,1.606129962103166047e-04,-1.063448726332209045e-03,0.000000000000000000e+00
1.182000000000000028e+01,-6.152917285345073676e-04,8.287493360450057765e-04,-1.227038306406849448e-04,1.595987572126349055e-04,-1.056532513582960665e-03,0.000000000000000000e+00
1.182500000000000107e+01,-6.111617344701168178e-04,8.232542805824154177e-04,-1.219083596048836302e-04,1.585906813592051522e-04,-1.049660186481753219e-03,0.000000000000000000e+00
1.183000000000000007e+01,-6.070591260113140843e-04,8.177950556593807088e-04,-1.211179136139487622e-04,1.575887334073603516e-04,-1.042831476462011912e-03,0.000000000000000000e+00
1.183500000000000085e+01,-6.029837245764820084e-04,8.123714330783194000e-04,-1.203324621161020570e-04,1.565928782953418855e-04,-1.036046116510101148e-03,0.000000000000000000e+00
1.183999999999999986e+01,-5.989353527214776604e-04,8.069831860458321097e-04,-1.195519747344232428e-04,1.556030811415714426e-04,-1.029303841157189984e-03,0.000000000000000000e+00
1.184500000000000064e+01,-5.949138341326316469e-04,8.016300891645108517e-04,-1.187764212659510126e-04,1.546193072439236535e-04,-1.022604386471155299e-03,0.000000000000000000e+00
1.184999999999999964e+01,-5.909189936197887247e-04,7.963119184247919062e-04,-1.180057716807875678e-04,1.536415220789996759e-04,-1.015947490048517074e-03,0.000000000000000000e+00
1.185500000000000043e+01,-5.869506571093885319e-04,7.910284511968516258e-04,-1.172399961212068078e-04,1.526696913014015649e-04,-1.009332891006402277e-03,0.000000000000000000e+00
1.185999999999999943e+01,-5.830086516375874084e-04,7.857794662225455005e-04,-1.164790649007661110e-04,1.517037807430074567e-04,-1.002760329974556686e-03,0.000000000000000000e+00
1.186500000000000021e+01,-5.790928053434200081e-04,7.805647436073905911e-04,-1.157229485034218019e-04,1.507437564122478095e-04,-9.962295490873757792e-04,0.000000000000000000e+00
1.187000000000000099e+01,-5.752029474620007007e-04,7.753840648125901380e-04,-1.149716175826481692e-04,1.497895844933825661e-04,-9.897402919759798728e-04,0.000000000000000000e+00
1.187500000000000000e+01,-5.713389083177651973e-04,7.702372126471014298e-04,-1.142250429605601428e-04,1.488412313457790749e-04,-9.832923037603187415e-04,0.000000000000000000e+00
1.188000000000000078e+01,-5.675005193177516411e-04,7.651239712597459556e-04,-1.134831956270395217e-04,1.478986635031913127e-04,-9.768853310413118038e-04,0.000000000000000000e+00
1.188499999999999979e+01,-5.636876129449206211e-04,7.600441261313615159e-04,-1.127460467388649020e-04,1.469618476730398385e-04,-9.705191218930218086e-04,0.000000000000000000e+00
1.189000000000000057e+01,-5.599000227515147591e-04,7.549974640669969428e-04,-1.120135676188450876e-04,1.460307507356929408e-04,-9.641934258548624575e-04,0.000000000000000000e+00
1.189499999999999957e+01,-5.561375833524571108e-04,7.499837731881480200e-04,-1.112857297549561732e-04,1.451053397437488410e-04,-9.579079939238380106e-04,0.000000000000000000e+00
1.190000000000000036e+01,-5.524001304187882736e-04,7.450028429250360115e-04,-1.105625047994821794e-04,1.441855819213188467e-04,-9.516625785468207314e-04,0.000000000000000000e+00
1.190499999999999936e+01,-5.486875006711418746e-04,7.400544640089267399e-04,-1.098438645681592776e-04,1.432714446633118048e-04,-9.454569336128591231e-04,0.000000000000000000e+00
1.191000000000000014e+01,-5.449995318732586561e-04,7.351384284644915147e-04,-1.091297810393236076e-04,1.423628955347195041e-04,-9.392908144455164136e-04,0.000000000000000000e+00
1.191500000000000092e+01,-5.413360628255380752e-04,7.302545296022093686e-04,-1.084202263530626044e-04,1.414599022699033245e-04,-9.331639777952523010e-04,0.000000000000000000e+00
1.191999999999999993e+01,-5.376969333586287172e-04,7.254025620108096265e-04,-1.077151728103699580e-04,1.405624327718820517e-04,-9.270761818318249727e-04,0.000000000000000000e+00
1.192500000000000071e+01,-5.340819843270553551e-04,7.205823215497558906e-04,-1.070145928723041228e-04,1.396704551116208573e-04,-9.210271861367412636e-04,0.000000000000000000e+00
1.192999999999999972e+01,-5.304910576028842818e-04,7.157936053417702496e-04,-1.063184591591503247e-04,1.387839375273214988e-04,-9.150167516957230778e-04,0.000000000000000000e+00
1.193500000000000050e+01,-5.269239960694255048e-04,7.110362117653979287e-04,-1.056267444495861724e-04,1.379028484237137392e-04,-9.090446408912260679e-04,0.000000000000000000e+00
1.193999999999999950e+01,-5.233806436149722376e-04,7.063099404476121633e-04,-1.049394216798507656e-04,1.370271563713480951e-04,-9.031106174949730600e-04,0.000000000000000000e+00
1.194500000000000028e+01,-5.198608451265769289e-04,7.016145922564591885e-04,-1.042564639429173945e-04,1.361568301058897767e-04,-8.972144466605337741e-04,0.000000000000000000e+00
1.195000000000000107e+01,-5.163644464838644792e-04,6.969499692937429101e-04,-1.035778444876696817e-04,1.352918385274139027e-04,-8.913558949159314324e-04,0.000000000000000000e+00
1.195500000000000007e+01,-5.128912945528814544e-04,6.923158748877495825e-04,-1.029035367180813291e-04,1.344321506997021506e-04,-8.855347301562835208e-04,0.000000000000000000e+00
1.196000000000000085e+01,-5.094412371799820517e-04,6.877121135860114103e-04,-1.022335141923993339e-04,1.335777358495406010e-04,-8.797507216364759425e-04,0.000000000000000000e+00
1.196499999999999986e+01,-5.060141231857495214e-04,6.831384911481100473e-04,-1.015677506223306884e-04,1.327285633660190442e-04,-8.740036399638670970e-04,0.000000000000000000e+00
1.197000000000000064e+01,-5.026098023589540154e-04,6.785948145385186942e-04,-1.009062198722326568e-04,1.318846027998315617e-04,-8.682932570910314226e-04,0.000000000000000000e+00
1.197499999999999964e+01,-4.992281254505459998e-04,6.740808919194836608e-04,-1.002488959583064539e-04,1.310458238625785712e-04,-8.626193463085254920e-04,0.000000000000000000e+00
1.198000000000000043e+01,-4.958689441676849023e-04,6.695965326439442004e-04,-9.959575304779450238e-05,1.302121964260701990e-04,-8.569816822376963902e-04,0.000000000000000000e+00
1.198499999999999943e+01,-4.925321111678036476e-04,6.651415472484911587e-04,-9.894676545818107706e-05,1.293836905216311716e-04,-8.513800408235157888e-04,0.000000000000000000e+00
1.199000000000000021e+01,-4.892174800527074536e-04,6.607157474463641123e-04,-9.830190765639650085e-05,1.285602763394070615e-04,-8.458141993274488233e-04,0.000000000000000000e+00
1.199500000000000099e+01,-4.859249053627082431e-04,6.563189461204865620e-04,-9.766115425802476900e-05,1.277419242276719969e-04,-8.402839363203576644e-04,0.000000000000000000e+00
1.200000000000000000e+01,-4.826542425707936964e-04,6.519509573165391822e-04,-9.702448002651460233e-05,1.269286046921379166e-04,-8.347890316754308935e-04,0.000000000000000000e+00
