time_s,x_m,v_m_s,theta_rad,omega_rad_s,controller_force_N,disturbance_N
0.000000000000000000e+00,0.000000000000000000e+00,0.000000000000000000e+00,8.726646259971647390e-02,0.000000000000000000e+00,1.705524536512378120e+00,0.000000000000000000e+00
5.000000000000000104e-03,2.379456364383266339e-05,9.488468249001858965e-03,8.724042841920588709e-02,-1.035560990219444415e-02,1.677994127758712928e+00,0.000000000000000000e+00
1.000000000000000021e-02,9.459232346914534081e-05,1.880152159957934610e-02,8.716348042020195808e-02,-2.036685450558757549e-02,1.650580220906177953e+00,0.000000000000000000e+00
1.499999999999999944e-02,2.115198556798136181e-04,2.794062105854824146e-02,8.703732066149875990e-02,-3.004161338731784620e-02,1.623287397080520611e+00,0.000000000000000000e+00
2.000000000000000042e-02,3.737110522674405252e-04,3.690723190008441540e-02,8.686361221343534555e-02,-3.938760296891405388e-02,1.596120108570777019e+00,0.000000000000000000e+00
2.500000000000000139e-02,5.803071418393286520e-04,4.570282346266026779e-02,8.664397996447936734e-02,-4.841238018289568956e-02,1.569082680331733259e+00,0.000000000000000000e+00
2.999999999999999889e-02,8.304567094368072930e-04,5.432886894799245775e-02,8.638001140964812752e-02,-5.712334607065807507e-02,1.542179311395963204e+00,0.000000000000000000e+00
3.500000000000000333e-02,1.123315715350311703e-03,6.278684522057742523e-02,8.607325742111855693e-02,-6.552774930853186297e-02,1.515414076212307837e+00,0.000000000000000000e+00
4.000000000000000083e-02,1.458047512931081799e-03,7.107823260662357590e-02,8.572523300139170410e-02,-7.363268965954651579e-02,1.488790925925812081e+00,0.000000000000000000e+00
4.499999999999999833e-02,1.833822865393927018e-03,7.920451469139758172e-02,8.533741801938828087e-02,-8.144512134900158684e-02,1.462313689612421808e+00,0.000000000000000000e+00
5.000000000000000278e-02,2.249819961601063224e-03,8.716717811418882300e-02,8.491125792985976251e-02,-8.897185636246372764e-02,1.435986075480172097e+00,0.000000000000000000e+00
5.500000000000000028e-02,2.705224430813474301e-03,9.496771236026231577e-02,8.444816447650546620e-02,-9.621956766526627847e-02,1.409811672047195152e+00,0.000000000000000000e+00
5.999999999999999778e-02,3.199229356393476845e-03,1.026076095493190787e-01,8.394951637918950105e-02,-1.031947923429968050e-01,1.383793949305555548e+00,0.000000000000000000e+00
6.500000000000000222e-02,3.731035288440102699e-03,1.100883642201139073e-01,8.341666000565323147e-02,-1.099039346628207653e-01,1.357936259878762097e+00,0.000000000000000000e+00
7.000000000000000666e-02,4.299850255337455199e-03,1.174114731109970333e-01,8.285091002811871552e-02,-1.163532690558103655e-01,1.332241840179714032e+00,0.000000000000000000e+00
7.499999999999999722e-02,4.904889774195290292e-03,1.245784349362485388e-01,8.225355006517710843e-02,-1.225489430207299391e-01,1.306713811574875539e+00,0.000000000000000000e+00
8.000000000000000167e-02,5.545376860160646133e-03,1.315907501581639882e-01,8.162583330935312131e-02,-1.284969799499773857e-01,1.281355181559579393e+00,0.000000000000000000e+00
8.500000000000000611e-02,6.220542034579344508e-03,1.384499207549279021e-01,8.096898314073243397e-02,-1.342032818785968418e-01,1.256168844948565066e+00,0.000000000000000000e+00
8.999999999999999667e-02,6.929623331986529619e-03,1.451574499843797939e-01,8.028419372703418655e-02,-1.396736321574654771e-01,1.231157585085130846e+00,0.000000000000000000e+00
9.500000000000000111e-02,7.671866305906101073e-03,1.517148421438353767e-01,7.957263061050444397e-02,-1.449136980519178663e-01,1.206324075071619983e+00,0.000000000000000000e+00
1.000000000000000056e-01,8.446524033439822485e-03,1.581236023261756718e-01,7.883543128200011518e-02,-1.499290332672094384e-01,1.181670879023385412e+00,0.000000000000000000e+00
1.049999999999999961e-01,9.252857118628065453e-03,1.643852361724582600e-01,7.807370574262521845e-02,-1.547250804023354853e-01,1.157200453347831282e+00,0.000000000000000000e+00
1.100000000000000006e-01,1.009013369456551561e-02,1.705012496213404172e-01,7.728853705327391743e-02,-1.593071733338193297e-01,1.132915148049668641e+00,0.000000000000000000e+00
1.150000000000000050e-01,1.095762942425668185e-02,1.764731486556319062e-01,7.648098187242614865e-02,-1.636805395311612121e-01,1.108817208063095583e+00,0.000000000000000000e+00
1.199999999999999956e-01,1.185462750019769529e-02,1.823024390463183209e-01,7.565207098253318163e-02,-1.678503023057029697e-01,1.084908774611230031e+00,0.000000000000000000e+00
1.250000000000000000e-01,1.278041864267264772e-02,1.879906260944139151e-01,7.480280980532159896e-02,-1.718214829947111999e-01,1.061191886592796951e+00,0.000000000000000000e+00
1.300000000000000044e-01,1.373430109675454099e-02,1.935392143710153723e-01,7.393417890633496858e-02,-1.755990030825181070e-01,1.037668481995767555e+00,0.000000000000000000e+00
1.350000000000000089e-01,1.471558062800280148e-02,1.989497074559377632e-01,7.304713448902333539e-02,-1.791876862605822907e-01,1.014340399337400722e+00,0.000000000000000000e+00
1.400000000000000133e-01,1.572357051685123117e-02,2.042236076753187468e-01,7.214260887868112482e-02,-1.825922604283464201e-01,9.912093791298901557e-01,0.000000000000000000e+00
1.449999999999999900e-01,1.675759155168220910e-02,2.093624158385797296e-01,7.122151099652491990e-02,-1.858173596367720670e-01,9.682770653706493924e-01,0.000000000000000000e+00
1.499999999999999944e-01,1.781697202058490220e-02,2.143676309751314513e-01,7.028472682419291406e-02,-1.888675259764292791e-01,9.455450070560763587e-01,0.000000000000000000e+00
1.549999999999999989e-01,1.890104770179716273e-02,2.192407500712085788e-01,6.933311985893865492e-02,-1.917472114120065685e-01,9.230146597175072909e-01,0.000000000000000000e+00
1.600000000000000033e-01,2.000916185283272211e-02,2.239832678072123384e-01,6.836753155978235463e-02,-1.944607795650901694e-01,9.006873869779404851e-01,0.000000000000000000e+00
1.650000000000000078e-01,2.114066519829712817e-02,2.285966762959325549e-01,6.738878178487377191e-02,-1.970125074470377990e-01,8.785644621280247479e-01,0.000000000000000000e+00
1.700000000000000122e-01,2.229491591639775824e-02,2.330824648220116424e-01,6.639766922031176133e-02,-1.994065871437444015e-01,8.566470697197036133e-01,0.000000000000000000e+00
1.750000000000000167e-01,2.347127962415499272e-02,2.374421195830022646e-01,6.539497180065659276e-02,-2.016471274540651837e-01,8.349363071758667543e-01,0.000000000000000000e+00
1.799999999999999933e-01,2.466912936132337544e-02,2.416771234323589479e-01,6.438144712136240067e-02,-2.037381554836248665e-01,8.134331864142980706e-01,0.000000000000000000e+00
1.849999999999999978e-01,2.588784557303323852e-02,2.457889556246907192e-01,6.335783284334857435e-02,-2.056836181957032716e-01,7.921386354841754018e-01,0.000000000000000000e+00
1.900000000000000022e-01,2.712681609116490700e-02,2.497790915635884068e-01,6.232484708992056671e-02,-2.074873839208457305e-01,7.710535002133654947e-01,0.000000000000000000e+00
1.950000000000000067e-01,2.838543611446910780e-02,2.536490025523259750e-01,6.128318883624257057e-02,-2.091532438268024208e-01,7.501785458647434179e-01,0.000000000000000000e+00
2.000000000000000111e-01,2.966310818744866129e-02,2.574001555477201109e-01,6.023353829155631695e-02,-2.106849133503556348e-01,7.295144587997604013e-01,0.000000000000000000e+00
2.050000000000000155e-01,3.095924217801793166e-02,2.610340129174174573e-01,5.917655727433293600e-02,-2.120860335925463247e-01,7.090618481475089441e-01,0.000000000000000000e+00
2.099999999999999922e-01,3.227325525395780687e-02,2.645520322008624303e-01,5.811288958053707071e-02,-2.133601726787636710e-01,6.888212474775393668e-01,0.000000000000000000e+00
2.149999999999999967e-01,3.360457185818523096e-02,2.679556658741840680e-01,5.704316134517547349e-02,-2.145108270851120158e-01,6.687931164747143997e-01,0.000000000000000000e+00
2.200000000000000011e-01,3.495262368285741855e-02,2.712463611192234003e-01,5.596798139729519672e-02,-2.155414229324205677e-01,6.489778426144223733e-01,0.000000000000000000e+00
2.250000000000000056e-01,3.631684964233200530e-02,2.744255595969076200e-01,5.488794160858986859e-02,-2.164553172492112987e-01,6.293757428365014395e-01,0.000000000000000000e+00
2.300000000000000100e-01,3.769669584500533188e-02,2.774946972251612909e-01,5.380361723576612687e-02,-2.172557992048911035e-01,6.099870652162788787e-01,0.000000000000000000e+00
2.350000000000000144e-01,3.909161556405198190e-02,2.804552039615296755e-01,5.271556725681592059e-02,-2.179460913143848599e-01,5.908119906311679603e-01,0.000000000000000000e+00
2.399999999999999911e-01,4.050106920708956143e-02,2.833085035906730553e-01,5.162433470133466484e-02,-2.185293506153765941e-01,5.718506344213248882e-01,0.000000000000000000e+00
2.449999999999999956e-01,4.192452428479344351e-02,2.860560135168770390e-01,5.053044697501929416e-02,-2.190086698192782177e-01,5.531030480429144358e-01,0.000000000000000000e+00
2.500000000000000000e-01,4.336145537848685311e-02,2.886991445617077545e-01,4.943441617847493114e-02,-2.193870784369964799e-01,5.345692207125971596e-01,0.000000000000000000e+00
2.550000000000000044e-01,4.481134410673234814e-02,2.912393007669275558e-01,4.833673942045355054e-02,-2.196675438805226199e-01,5.162490810419010367e-01,0.000000000000000000e+00
2.600000000000000089e-01,4.627367909095123771e-02,2.936778792027715523e-01,4.723789912564312771e-02,-2.198529725413225222e-01,4.981424986602076554e-01,0.000000000000000000e+00
2.650000000000000133e-01,4.774795592009797862e-02,2.960162697816732802e-01,4.613836333712086762e-02,-2.199462108464599330e-01,4.802492858251465879e-01,0.000000000000000000e+00
2.700000000000000178e-01,4.923367711441696548e-02,2.982558550775130102e-01,4.503858601357961511e-02,-2.199500462933418610e-01,4.625691990192395409e-01,0.000000000000000000e+00
2.750000000000000222e-01,5.073035208830951187e-02,3.003980101504505895e-01,4.393900732143222326e-02,-2.198672084639315960e-01,4.451019405317200306e-01,0.000000000000000000e+00
2.800000000000000266e-01,5.223749711233906939e-02,3.024441023773918324e-01,4.284005392189450118e-02,-2.197003700192333431e-01,4.278471600244955209e-01,0.000000000000000000e+00
2.850000000000000311e-01,5.375463527440291212e-02,3.043954912881263186e-01,4.174213925314346207e-02,-2.194521476748121924e-01,4.108044560813007839e-01,0.000000000000000000e+00
2.899999999999999800e-01,5.528129644009877747e-02,3.062535284071625230e-01,4.064566380764386699e-02,-2.191251031580735142e-01,3.939733777391372094e-01,0.000000000000000000e+00
2.949999999999999845e-01,5.681701721231495472e-02,3.080195571012761535e-01,3.955101540473253408e-02,-2.187217441479882563e-01,3.773534260011679464e-01,0.000000000000000000e+00
2.999999999999999889e-01,5.836134089007238845e-02,3.096949124327769143e-01,3.845856945854653902e-02,-2.182445251979137912e-01,3.609440553302911692e-01,0.000000000000000000e+00
3.049999999999999933e-01,5.991381742664744076e-02,3.112809210184891429e-01,3.736868924137830283e-02,-2.176958486421251560e-01,3.447446751226763695e-01,0.000000000000000000e+00
3.099999999999999978e-01,6.147400338700377553e-02,3.127789008944331095e-01,3.628172614253749595e-02,-2.170780654866370230e-01,3.287546511606095345e-01,0.000000000000000000e+00
3.150000000000000022e-01,6.304146190456190457e-02,3.141901613861846077e-01,3.519801992279700253e-02,-2.163934762848648552e-01,3.129733070440466891e-01,0.000000000000000000e+00
3.200000000000000067e-01,6.461576263733460890e-02,3.155160029848822489e-01,3.411789896449737153e-02,-2.156443319986419971e-01,2.973999256003355685e-01,0.000000000000000000e+00
3.250000000000000111e-01,6.619648172345647674e-02,3.167577172288445486e-01,3.304168051738175932e-02,-2.148328348450799230e-01,2.820337502716169231e-01,0.000000000000000000e+00
3.300000000000000155e-01,6.778320173613547328e-02,3.179165865907515598e-01,3.196967094023104444e-02,-2.139611391297303322e-01,2.668739864794696937e-01,0.000000000000000000e+00
3.350000000000000200e-01,6.937551163805415200e-02,3.189938843703388760e-01,3.090216593836642156e-02,-2.130313520664803839e-01,2.519198029664214689e-01,0.000000000000000000e+00
3.400000000000000244e-01,7.097300673524808978e-02,3.199908745925458264e-01,2.983945079708487033e-02,-2.120455345845865813e-01,2.371703331139837223e-01,0.000000000000000000e+00
3.450000000000000289e-01,7.257528863048848256e-02,3.209088119110538595e-01,2.878180061109080964e-02,-2.110057021232282504e-01,2.226246762369359367e-01,0.000000000000000000e+00
3.500000000000000333e-01,7.418196517619581043e-02,3.217489415171458922e-01,2.772948050998541233e-02,-2.099138254139379656e-01,2.082818988536100369e-01,0.000000000000000000e+00
3.549999999999999822e-01,7.579265042691096799e-02,3.225124990538119074e-01,2.668274587987339713e-02,-2.087718312512442387e-01,1.941410359319862833e-01,0.000000000000000000e+00
3.599999999999999867e-01,7.740696459134982499e-02,3.232007105350225840e-01,2.564184258114540413e-02,-2.075816032518406073e-01,1.802010921114466369e-01,0.000000000000000000e+00
3.649999999999999911e-01,7.902453398406690532e-02,3.238147922700875814e-01,2.460700716249259942e-02,-2.063449826025756662e-01,1.664610429000714653e-01,0.000000000000000000e+00
3.699999999999999956e-01,8.064499097675345562e-02,3.243559507930124930e-01,2.357846707120869051e-02,-2.050637687975394863e-01,1.529198358474094244e-01,0.000000000000000000e+00
3.750000000000000000e-01,8.226797394919450890e-02,3.248253827967642060e-01,2.255644085983323638e-02,-2.037397203645045229e-01,1.395763916926809900e-01,0.000000000000000000e+00
3.800000000000000044e-01,8.389312723990945131e-02,3.252242750723519094e-01,2.154113838918885263e-02,-2.023745555809622343e-01,1.264296054884161968e-01,0.000000000000000000e+00
3.850000000000000089e-01,8.552010109649978153e-02,3.255538044526286034e-01,2.053276102786377733e-02,-2.009699531799813144e-01,1.134783476995568918e-01,0.000000000000000000e+00
3.900000000000000133e-01,8.714855162572746061e-02,3.258151377607151344e-01,1.953150184819014631e-02,-1.995275530460985103e-01,1.007214652780847874e-01,0.000000000000000000e+00
3.950000000000000178e-01,8.877814074334677841e-02,3.260094317629472771e-01,1.853754581876732033e-02,-1.980489569014396156e-01,8.815778271327079363e-02,0.000000000000000000e+00
4.000000000000000222e-01,9.040853612371202441e-02,3.261378331262443919e-01,1.755106999357864198e-02,-1.965357289822549647e-01,7.578610305766209088e-02,0.000000000000000000e+00
4.050000000000000266e-01,9.203941114918283428e-02,3.262014783797972939e-01,1.657224369774911929e-02,-1.949893967060425670e-01,6.360520892895393796e-02,0.000000000000000000e+00
4.100000000000000311e-01,9.367044485934859777e-02,3.262014938809714160e-01,1.560122870999067907e-02,-1.934114513294202531e-01,5.161386348791763279e-02,0.000000000000000000e+00
4.150000000000000355e-01,9.530132190009263371e-02,3.261389957853202404e-01,1.463817944178088387e-02,-1.918033485968979879e-01,3.981081139257458545e-02,0.000000000000000000e+00
4.199999999999999845e-01,9.693173247251658797e-02,3.260150900206046365e-01,1.368324311332022591e-02,-1.901665093806925722e-01,2.819477972883277506e-02,0.000000000000000000e+00
4.249999999999999889e-01,9.856137228174459419e-02,3.258308722647119127e-01,1.273655992631246917e-02,-1.885023203117171808e-01,1.676447891781818189e-02,0.000000000000000000e+00
4.299999999999999933e-01,1.001899424856267096e-01,3.255874279273687777e-01,1.179826323361184148e-02,-1.868121344018708885e-01,5.518603600151106292e-03,0.000000000000000000e+00
4.349999999999999978e-01,1.018171496433600276e-01,3.252858321355432403e-01,1.086847970578029045e-02,-1.850972716577452548e-01,-5.544166502562508647e-03,0.000000000000000000e+00
4.400000000000000022e-01,1.034427056640459114e-01,3.249271497224290872e-01,9.947329494597423327e-03,-1.833590196858584376e-01,-1.642516574874219870e-02,0.000000000000000000e+00
4.450000000000000067e-01,1.050663277552008612e-01,3.245124352199087459e-01,9.034926393565245045e-03,-1.815986342895210548e-01,-2.712574176005166926e-02,0.000000000000000000e+00
4.500000000000000111e-01,1.066877383712381278e-01,3.240427328543893926e-01,8.131377995449278959e-03,-1.798173400574321346e-01,-3.764725462651352661e-02,0.000000000000000000e+00
4.550000000000000155e-01,1.083066651619368215e-01,3.235190765459093343e-01,7.236785846897192051e-03,-1.780163309440980779e-01,-4.799107613319908427e-02,0.000000000000000000e+00
4.600000000000000200e-01,1.099228409209143803e-01,3.229424899104110791e-01,6.351245600175574324e-03,-1.761967708421635082e-01,-5.815858900816528454e-02,0.000000000000000000e+00
4.650000000000000244e-01,1.115360035341182166e-01,3.223139862650798992e-01,5.474847162065117970e-03,-1.743597941467376899e-01,-6.815118619129623134e-02,0.000000000000000000e+00
4.700000000000000289e-01,1.131458959283514892e-01,3.216345686366468559e-01,4.607674839953997820e-03,-1.725065063117971476e-01,-7.797027012370316701e-02,0.000000000000000000e+00
4.750000000000000333e-01,1.147522660198475597e-01,3.209052297725569214e-01,3.749807485168895477e-03,-1.706379843987412270e-01,-8.761725205732839861e-02,0.000000000000000000e+00
4.799999999999999822e-01,1.163548666629072720e-01,3.201269521549039987e-01,2.901318633582703616e-03,-1.687552776171744040e-01,-9.709355138439457189e-02,0.000000000000000000e+00
4.849999999999999867e-01,1.179534555986126027e-01,3.193007080170363055e-01,2.062276643537606056e-03,-1.668594078579865025e-01,-1.064005949863315870e-01,0.000000000000000000e+00
4.899999999999999911e-01,1.195477954036298501e-01,3.184274593627368644e-01,1.232744831121866235e-03,-1.649513702187994924e-01,-1.155398166018136719e-01,0.000000000000000000e+00
4.949999999999999956e-01,1.211376534391149368e-01,3.175081579878852867e-01,4.127816028383289289e-04,-1.630321335218475609e-01,-1.245126562135369097e-01,0.000000000000000000e+00
5.000000000000000000e-01,1.227228017997330639e-01,3.165437455045091997e-01,-3.975594142977003330e-04,-1.611026408243552699e-01,-1.333205594533584670e-01,0.000000000000000000e+00
5.050000000000000044e-01,1.243030172628043495e-01,3.155351533671349462e-01,-1.198229245193842100e-03,-1.591638099214772450e-01,-1.419649770254254872e-01,0.000000000000000000e+00
5.100000000000000089e-01,1.258780812375868696e-01,3.144833029013488490e-01,-1.989183441612262220e-03,-1.572165338418612113e-01,-1.504473641469149525e-01,0.000000000000000000e+00
5.150000000000000133e-01,1.274477797147077762e-01,3.133891053344825539e-01,-2.770381959560791214e-03,-1.552616813358956571e-01,-1.587691800060079261e-01,0.000000000000000000e+00
5.200000000000000178e-01,1.290119032157529821e-01,3.122534618283375196e-01,-3.541789039107119934e-03,-1.533000973567018588e-01,-1.669318872367235307e-01,0.000000000000000000e+00
5.250000000000000222e-01,1.305702467430254754e-01,3.110772635138654985e-01,-4.303373086579938625e-03,-1.513326035339299380e-01,-1.749369514102326884e-01,0.000000000000000000e+00
5.300000000000000266e-01,1.321226097294816437e-01,3.098613915277239617e-01,-5.055106559121191369e-03,-1.493599986404177127e-01,-1.827858405422834176e-01,0.000000000000000000e+00
5.350000000000000311e-01,1.336687959888549493e-01,3.086067170506273660e-01,-5.796965851553900588e-03,-1.473830590517708761e-01,-1.904800246163601551e-01,0.000000000000000000e+00
5.400000000000000355e-01,1.352086136659757243e-01,3.073141013474164351e-01,-6.528931185530320244e-03,-1.454025391989227922e-01,-1.980209751222136161e-01,0.000000000000000000e+00
5.450000000000000400e-01,1.367418751872953864e-01,3.059843958087706817e-01,-7.250986500925456560e-03,-1.434191720137321102e-01,-2.054101646093883238e-01,0.000000000000000000e+00
5.500000000000000444e-01,1.382683972116231785e-01,3.046184419944902300e-01,-7.963119349441293016e-03,-1.414336693676762347e-01,-2.126490662553909283e-01,0.000000000000000000e+00
5.550000000000000488e-01,1.397880005810831494e-01,3.032170716782756070e-01,-8.665320790387343042e-03,-1.394467225036990221e-01,-2.197391534481342723e-01,0.000000000000000000e+00
5.600000000000000533e-01,1.413005102722985906e-01,3.017811068939357799e-01,-9.357585288603450027e-03,-1.374590024612710459e-01,-2.266818993823066508e-01,0.000000000000000000e+00
5.650000000000000577e-01,1.428057553478109531e-01,3.003113599829568270e-01,-1.003991061449104050e-02,-1.354711604947212711e-01,-2.334787766693120492e-01,0.000000000000000000e+00
5.700000000000000622e-01,1.443035689077398209e-01,2.988086336433652956e-01,-1.071229774611933729e-02,-1.334838284848988976e-01,-2.401312569604364677e-01,0.000000000000000000e+00
5.750000000000000666e-01,1.457937880416903809e-01,2.972737209798224089e-01,-1.137475077337333357e-02,-1.314976193442248531e-01,-2.466408105828981068e-01,0.000000000000000000e+00
5.799999999999999600e-01,1.472762537809142736e-01,2.957074055548871705e-01,-1.202727680411061657e-02,-1.295131274151926914e-01,-2.530089061884453483e-01,0.000000000000000000e+00
5.849999999999999645e-01,1.487508110507295978e-01,2.941104614413879714e-01,-1.266988587229445247e-02,-1.275309288623790449e-01,-2.592370104141714093e-01,0.000000000000000000e+00
5.899999999999999689e-01,1.502173086232053145e-01,2.924836532758445240e-01,-1.330259084807081625e-02,-1.255515820580243858e-01,-2.653265875552198727e-01,0.000000000000000000e+00
5.949999999999999734e-01,1.516755990701154078e-01,2.908277363128834447e-01,-1.392540734975738700e-02,-1.235756279612451047e-01,-2.712790992490605735e-01,0.000000000000000000e+00
5.999999999999999778e-01,1.531255387161673809e-01,2.891434564805928642e-01,-1.453835365771280301e-02,-1.216035904909388426e-01,-2.770960041710225918e-01,0.000000000000000000e+00
6.049999999999999822e-01,1.545669875925098358e-01,2.874315504367629392e-01,-1.514145063005480595e-02,-1.196359768924449146e-01,-2.827787577407743780e-01,0.000000000000000000e+00
6.099999999999999867e-01,1.559998093905233252e-01,2.856927456259610310e-01,-1.573472162019621395e-02,-1.176732780980228182e-01,-2.883288118394499722e-01,0.000000000000000000e+00
6.149999999999999911e-01,1.574238714158985308e-01,2.839277603373919767e-01,-1.631819239616794787e-02,-1.157159690812118863e-01,-2.937476145371235581e-01,0.000000000000000000e+00
6.199999999999999956e-01,1.588390445430057085e-01,2.821373037634953840e-01,-1.689189106169871474e-02,-1.137645092051357831e-01,-2.990366098303428588e-01,0.000000000000000000e+00
6.250000000000000000e-01,1.602452031695588142e-01,2.803220760592338712e-01,-1.745584797902118707e-02,-1.118193425648162237e-01,-3.041972373894371584e-01,0.000000000000000000e+00
6.300000000000000044e-01,1.616422251715775860e-01,2.784827684020275140e-01,-1.801009569337492025e-02,-1.098808983235603776e-01,-3.092309323153196177e-01,0.000000000000000000e+00
6.350000000000000089e-01,1.630299918586510799e-01,2.766200630522911430e-01,-1.855466885917652145e-02,-1.079495910434872807e-01,-3.141391249055155988e-01,0.000000000000000000e+00
6.400000000000000133e-01,1.644083879295050454e-01,2.747346334145331914e-01,-1.908960416782794559e-02,-1.060258210102587584e-01,-3.189232404291481027e-01,0.000000000000000000e+00
6.450000000000000178e-01,1.657773014278762780e-01,2.728271440989756824e-01,-1.961494027713407695e-02,-1.041099745520809722e-01,-3.235846989106222482e-01,0.000000000000000000e+00
6.500000000000000222e-01,1.671366236986962794e-01,2.708982509836568853e-01,-2.013071774230114699e-02,-1.022024243530427895e-01,-3.281249149217547734e-01,0.000000000000000000e+00
6.550000000000000266e-01,1.684862493445865028e-01,2.689486012769793932e-01,-2.063697894848782327e-02,-1.003035297608579623e-01,-3.325452973821013125e-01,0.000000000000000000e+00
6.600000000000000311e-01,1.698260761826674015e-01,2.669788335806676516e-01,-2.113376804488115157e-02,-9.841363708907804875e-02,-3.368472493672403090e-01,0.000000000000000000e+00
6.650000000000000355e-01,1.711560052016832256e-01,2.649895779531005191e-01,-2.162113088026988358e-02,-9.653307991384349473e-02,-3.410321679247778071e-01,0.000000000000000000e+00
6.700000000000000400e-01,1.724759405194443429e-01,2.629814559729855006e-01,-2.209911494008805558e-02,-9.466217936524054521e-02,-3.451014438978451948e-01,0.000000000000000000e+00
6.750000000000000444e-01,1.737857893405887200e-01,2.609550808033429536e-01,-2.256776928490199230e-02,-9.280124441333187368e-02,-3.490564617558643556e-01,0.000000000000000000e+00
6.800000000000000488e-01,1.750854619146640367e-01,2.589110572557693501e-01,-2.302714449031429550e-02,-9.095057214892890429e-02,-3.528985994323653452e-01,0.000000000000000000e+00
6.850000000000000533e-01,1.763748714945317375e-01,2.568499818549503377e-01,-2.347729258825869553e-02,-8.911044805917427147e-02,-3.566292281696421540e-01,0.000000000000000000e+00
6.900000000000000577e-01,1.776539342950942679e-01,2.547724429033949023e-01,-2.391826700965998115e-02,-8.728114629800252933e-02,-3.602497123700434956e-01,0.000000000000000000e+00
6.950000000000000622e-01,1.789225694523463861e-01,2.526790205463638750e-01,-2.435012252843355915e-02,-8.546292995154770866e-02,-3.637614094536952836e-01,0.000000000000000000e+00
7.000000000000000666e-01,1.801806989827516303e-01,2.505702868369662495e-01,-2.477291520679958739e-02,-8.365605129856623634e-02,-3.671656697224622845e-01,0.000000000000000000e+00
7.049999999999999600e-01,1.814282477429446094e-01,2.484468058013985237e-01,-2.518670234188687129e-02,-8.186075206594360665e-02,-3.704638362299579324e-01,0.000000000000000000e+00
7.099999999999999645e-01,1.826651433897597265e-01,2.463091335043031405e-01,-2.559154241360217519e-02,-8.007726367935344425e-02,-3.736572446574193962e-01,0.000000000000000000e+00
7.149999999999999689e-01,1.838913163405871132e-01,2.441578181142225745e-01,-2.598749503374083239e-02,-7.830580750913734844e-02,-3.767472231952679884e-01,0.000000000000000000e+00
7.199999999999999734e-01,1.851066997340558296e-01,2.419933999691274706e-01,-2.637462089631495768e-02,-7.654659511147379747e-02,-3.797350924301817199e-01,0.000000000000000000e+00
7.249999999999999778e-01,1.863112293910449968e-01,2.398164116419973790e-01,-2.675298172907587119e-02,-7.479982846490444703e-02,-3.826221652375118021e-01,0.000000000000000000e+00
7.299999999999999822e-01,1.875048437760228337e-01,2.376273780064338814e-01,-2.712264024620768266e-02,-7.306570020228585205e-02,-3.854097466788778958e-01,0.000000000000000000e+00
7.349999999999999867e-01,1.886874839587138752e-01,2.354268163022869564e-01,-2.748366010216933900e-02,-7.134439383823447389e-02,-3.880991339047849542e-01,0.000000000000000000e+00
7.399999999999999911e-01,1.898590935760942067e-01,2.332152362012756552e-01,-2.783610584666278143e-02,-6.963608399213265521e-02,-3.906916160621066170e-01,0.000000000000000000e+00
7.449999999999999956e-01,1.910196187947148516e-01,2.309931398725857121e-01,-2.818004288070516047e-02,-6.794093660676289725e-02,-3.931884742062843885e-01,0.000000000000000000e+00
7.500000000000000000e-01,1.921690082733530647e-01,2.287610220484267987e-01,-2.851553741378344900e-02,-6.625910916263760830e-02,-3.955909812181003238e-01,0.000000000000000000e+00
7.550000000000000044e-01,1.933072131259911119e-01,2.265193700895334894e-01,-2.884265642207006416e-02,-6.459075088809113074e-02,-3.979004017248795599e-01,0.000000000000000000e+00
7.600000000000000089e-01,1.944341868851226229e-01,2.242686640505941464e-01,-2.916146760767851162e-02,-6.293600296520041049e-02,-4.001179920259887446e-01,0.000000000000000000e+00
7.650000000000000133e-01,1.955498854653857088e-01,2.220093767455931233e-01,-2.947203935893833240e-02,-6.129499873160039469e-02,-4.022450000224958577e-01,0.000000000000000000e+00
7.700000000000000178e-01,1.966542671275225418e-01,2.197419738130520495e-01,-2.977444071166899728e-02,-5.966786387825996629e-02,-4.042826651508651947e-01,0.000000000000000000e+00
7.750000000000000222e-01,1.977472924426649792e-01,2.174669137811566511e-01,-3.006874131143272635e-02,-5.805471664328344661e-02,-4.062322183205627768e-01,0.000000000000000000e+00
7.800000000000000266e-01,1.988289242569453996e-01,2.151846481327563398e-01,-3.035501137674651018e-02,-5.645566800180259331e-02,-4.080948818554501756e-01,0.000000000000000000e+00
7.850000000000000311e-01,1.998991276564322794e-01,2.128956213702240807e-01,-3.063332166323395889e-02,-5.487082185202342421e-02,-4.098718694388540640e-01,0.000000000000000000e+00
7.900000000000000355e-01,2.009578699323895656e-01,2.106002710801649358e-01,-3.090374342869789057e-02,-5.330027519749155895e-02,-4.115643860621933658e-01,0.000000000000000000e+00
7.950000000000000400e-01,2.020051205468593458e-01,2.082990279979620163e-01,-3.116634839909493762e-02,-5.174411832563956259e-02,-4.131736279770598097e-01,0.000000000000000000e+00
8.000000000000000444e-01,2.030408510985667048e-01,2.059923160721492952e-01,-3.142120873539372417e-02,-5.020243498267887294e-02,-4.147007826506418082e-01,0.000000000000000000e+00
8.050000000000000488e-01,2.040650352891460462e-01,2.036805525286009000e-01,-3.166839700129848306e-02,-4.867530254489863678e-02,-4.161470287243910215e-01,0.000000000000000000e+00
8.100000000000000533e-01,2.050776488896878524e-01,2.013641479345274210e-01,-3.190798613182033172e-02,-4.716279218643304461e-02,-4.175135359758336273e-01,0.000000000000000000e+00
8.150000000000000577e-01,2.060786697076049667e-01,1.990435062622697426e-01,-3.214004940267867205e-02,-4.566496904355818454e-02,-4.188014652834256557e-01,0.000000000000000000e+00
8.200000000000000622e-01,2.070680775538172591e-01,1.967190249528820156e-01,-3.236466040051551307e-02,-4.418189237557885313e-02,-4.200119685943646264e-01,0.000000000000000000e+00
8.250000000000000666e-01,2.080458542102537056e-01,1.943910949794948606e-01,-3.258189299390585464e-02,-4.271361572236511556e-02,-4.211461888952627852e-01,0.000000000000000000e+00
8.300000000000000711e-01,2.090119833976707142e-01,1.920601009104513923e-01,-3.279182130514748245e-02,-4.126018705859778313e-02,-4.222052601855972309e-01,0.000000000000000000e+00
8.349999999999999645e-01,2.099664507437855321e-01,1.897264209722080985e-01,-3.299451968281388176e-02,-3.982164894478131684e-02,-4.231903074538521103e-01,0.000000000000000000e+00
8.399999999999999689e-01,2.109092437517235685e-01,1.873904271119935794e-01,-3.319006267505426877e-02,-3.839803867508199964e-02,-4.241024466562690609e-01,0.000000000000000000e+00
8.449999999999999734e-01,2.118403517687783566e-01,1.850524850602181526e-01,-3.337852500362498837e-02,-3.698938842204855387e-02,-4.249427846981287948e-01,0.000000000000000000e+00
8.499999999999999778e-01,2.127597659554830156e-01,1.827129543926280242e-01,-3.355998153863683220e-02,-3.559572537827167954e-02,-4.257124194174874976e-01,0.000000000000000000e+00
8.549999999999999822e-01,2.136674792549916879e-01,1.803721885921976409e-01,-3.373450727400312960e-02,-3.421707189503832985e-02,-4.264124395712896587e-01,0.000000000000000000e+00
8.599999999999999867e-01,2.145634863627699507e-01,1.780305351107544787e-01,-3.390217730357372034e-02,-3.285344561803581198e-02,-4.270439248237908325e-01,0.000000000000000000e+00
8.649999999999999911e-01,2.154477836965924820e-01,1.756883354303305778e-01,-3.406306679794014053e-02,-3.150485962016009306e-02,-4.276079457372159442e-01,0.000000000000000000e+00
8.699999999999999956e-01,2.163203693668469541e-01,1.733459251242357169e-01,-3.421725098189778991e-02,-3.017132253148198731e-02,-4.281055637645895806e-01,0.000000000000000000e+00
8.750000000000000000e-01,2.171812431471424887e-01,1.710036339178470643e-01,-3.436480511255087661e-02,-2.885283866642419232e-02,-4.285378312446679883e-01,0.000000000000000000e+00
8.800000000000000044e-01,2.180304064452213142e-01,1.686617857491105321e-01,-3.450580445804640739e-02,-2.754940814820138612e-02,-4.289057913989153814e-01,0.000000000000000000e+00
8.850000000000000089e-01,2.188678622741723756e-01,1.663206988287494470e-01,-3.464032427692365773e-02,-2.626102703057490995e-02,-4.292104783304578342e-01,0.000000000000000000e+00
8.900000000000000133e-01,2.196936152239450379e-01,1.639806857001761264e-01,-3.476843979806578527e-02,-2.498768741697276682e-02,-4.294529170249580252e-01,0.000000000000000000e+00
8.950000000000000178e-01,2.205076714331616894e-01,1.616420532991024173e-01,-3.489022620124055535e-02,-2.372937757702503828e-02,-4.296341233533536585e-01,0.000000000000000000e+00
9.000000000000000222e-01,2.213100385612276344e-01,1.593051030128453116e-01,-3.500575859821742492e-02,-2.248608206056395761e-02,-4.297551040764009955e-01,0.000000000000000000e+00
9.050000000000000266e-01,2.221007257607367502e-01,1.569701307393239764e-01,-3.511511201444832836e-02,-2.125778180913725016e-02,-4.298168568509722620e-01,0.000000000000000000e+00
9.100000000000000311e-01,2.228797436501713802e-01,1.546374269457448658e-01,-3.521836137129998046e-02,-2.004445426508256675e-02,-4.298203702380525293e-01,0.000000000000000000e+00
9.150000000000000355e-01,2.236471042868947712e-01,1.523072767269715577e-01,-3.531558146882549098e-02,-1.884607347821009443e-02,-4.297666237123861643e-01,0.000000000000000000e+00
9.200000000000000400e-01,2.244028211404346107e-01,1.499799598635763176e-01,-3.540684696906356427e-02,-1.766261021013972379e-02,-4.296565876737230005e-01,0.000000000000000000e+00
9.250000000000000444e-01,2.251469090660560834e-01,1.476557508795705020e-01,-3.549223237985357771e-02,-1.649403203633837897e-02,-4.294912234596163780e-01,0.000000000000000000e+00
9.300000000000000488e-01,2.258793842786226969e-01,1.453349190998109719e-01,-3.557181203915519424e-02,-1.534030344590245343e-02,-4.292714833597266466e-01,0.000000000000000000e+00
9.350000000000000533e-01,2.266002643267433225e-01,1.430177287070801273e-01,-3.564566009986136486e-02,-1.420138593912946730e-02,-4.289983106315845562e-01,0.000000000000000000e+00
9.400000000000000577e-01,2.273095680672038710e-01,1.407044387988369283e-01,-3.571385051509373687e-02,-1.307723812292244277e-02,-4.286726395177725135e-01,0.000000000000000000e+00
9.450000000000000622e-01,2.280073156396818512e-01,1.383953034436367080e-01,-3.577645702396974742e-02,-1.196781580406969421e-02,-4.282953952644780182e-01,0.000000000000000000e+00
9.500000000000000666e-01,2.286935284417422054e-01,1.360905717372176693e-01,-3.583355313783091051e-02,-1.087307208044204811e-02,-4.278674941413818100e-01,0.000000000000000000e+00
9.550000000000000711e-01,2.293682291041127252e-01,1.337904878582520107e-01,-3.588521212692197260e-02,-9.792957430148794759e-03,-4.273898434628369825e-01,0.000000000000000000e+00
9.599999999999999645e-01,2.300314414662374407e-01,1.314952911237597666e-01,-3.593150700751079202e-02,-8.727419798692945263e-03,-4.268633416103033151e-01,0.000000000000000000e+00
9.649999999999999689e-01,2.306831905521061488e-01,1.292052160441835573e-01,-3.597251052943912369e-02,-7.676404684165700175e-03,-4.262888780559955793e-01,0.000000000000000000e+00
9.699999999999999734e-01,2.313235025463585282e-01,1.269204923781226402e-01,-3.600829516409452535e-02,-6.639855220519287789e-03,-4.256673333877136756e-01,0.000000000000000000e+00
9.749999999999999778e-01,2.319524047706610081e-01,1.246413451867247474e-01,-3.603893309279392054e-02,-5.617712258956701100e-03,-4.249995793348130269e-01,0.000000000000000000e+00
9.799999999999999822e-01,2.325699256603548093e-01,1.223679948877341439e-01,-3.606449619556945790e-02,-4.609914447476114001e-03,-4.242864787952850825e-01,0.000000000000000000e+00
9.849999999999999867e-01,2.331760947413733520e-01,1.201006573091945862e-01,-3.608505604034760450e-02,-3.616398308607141412e-03,-4.235288858639128518e-01,0.000000000000000000e+00
9.899999999999999911e-01,2.337709426074272012e-01,1.178395437428060022e-01,-3.610068387251241101e-02,-2.637098315375368228e-03,-4.227276458614664945e-01,0.000000000000000000e+00
9.949999999999999956e-01,2.343545008974551036e-01,1.155848609969336582e-01,-3.611145060484430291e-02,-1.671946965530980798e-03,-4.218835953649098247e-01,0.000000000000000000e+00
1.000000000000000000e+00,2.349268022733390637e-01,1.133368114492687012e-01,-3.611742680782571019e-02,-7.208748540766127472e-04,-4.209975622385841998e-01,0.000000000000000000e+00
1.005000000000000115e+00,2.354878803978819324e-01,1.110955930991391477e-01,-3.611868270030518802e-02,2.161892558710936134e-04,-4.200703656663415386e-01,0.000000000000000000e+00
1.010000000000000009e+00,2.360377699130456197e-01,1.088613996194704031e-01,-3.611528814051170877e-02,1.139318363852366046e-03,-4.191028161845937183e-01,0.000000000000000000e+00
1.015000000000000124e+00,2.365765064184482125e-01,1.066344204083944092e-01,-3.610731261741112474e-02,2.048587164434403744e-03,-4.180957157162529803e-01,0.000000000000000000e+00
1.020000000000000018e+00,2.371041264501183299e-01,1.044148406405066981e-01,-3.609482524239684964e-02,2.944071981148124913e-03,-4.170498576055333140e-01,0.000000000000000000e+00
1.024999999999999911e+00,2.376206674595049140e-01,1.022028413177707012e-01,-3.607789474130697338e-02,3.825850701959590712e-03,-4.159660266535840645e-01,0.000000000000000000e+00
1.030000000000000027e+00,2.381261677927404563e-01,9.999859932006859020e-02,-3.605658944676028155e-02,4.694002716244731130e-03,-4.148449991549325033e-01,0.000000000000000000e+00
1.034999999999999920e+00,2.386206666701563561e-01,9.780228745539816526e-02,-3.603097729080368544e-02,5.548608853236649749e-03,-4.136875429347059985e-01,0.000000000000000000e+00
1.040000000000000036e+00,2.391042041660482176e-01,9.561407450971530497e-02,-3.600112579786381856e-02,6.389751321915312053e-03,-4.124944173866094133e-01,0.000000000000000000e+00
1.044999999999999929e+00,2.395768211886894206e-01,9.343412529642147746e-02,-3.596710207799562464e-02,7.217513652310056718e-03,-4.112663735116335872e-01,0.000000000000000000e+00
1.050000000000000044e+00,2.400385594605914663e-01,9.126260070549600811e-02,-3.592897282042096380e-02,8.031980638185927043e-03,-4.100041539574694194e-01,0.000000000000000000e+00
1.054999999999999938e+00,2.404894614990088775e-01,8.909965775227272899e-02,-3.588680428735038785e-02,8.833238281085389540e-03,-4.087084930586041276e-01,0.000000000000000000e+00
1.060000000000000053e+00,2.409295705966871537e-01,8.694544962586084336e-02,-3.584066230808137521e-02,9.621373735697552262e-03,-4.073801168770767589e-01,0.000000000000000000e+00
1.064999999999999947e+00,2.413589308028520064e-01,8.480012573720963065e-02,-3.579061227336646778e-02,1.039647525652757226e-02,-4.060197432438702458e-01,0.000000000000000000e+00
1.070000000000000062e+00,2.417775869044379577e-01,8.266383176681708911e-02,-3.573671913004485695e-02,1.115863214583945849e-02,-4.046280818009173053e-01,0.000000000000000000e+00
1.074999999999999956e+00,2.421855844075546382e-01,8.053670971208212737e-02,-3.567904737593112496e-02,1.190793470284602293e-02,-4.032058340436993071e-01,0.000000000000000000e+00
1.080000000000000071e+00,2.425829695191888680e-01,7.841889793430047162e-02,-3.561766105495497298e-02,1.264447417412024703e-02,-4.017536933644158537e-01,0.000000000000000000e+00
1.084999999999999964e+00,2.429697891291409673e-01,7.631053120530416345e-02,-3.555262375254589907e-02,1.336834270520285452e-02,-4.002723450957054729e-01,0.000000000000000000e+00
1.090000000000000080e+00,2.433460907921932426e-01,7.421174075374474544e-02,-3.548399859125690725e-02,1.407963329338137587e-02,-3.987624665548968883e-01,0.000000000000000000e+00
1.094999999999999973e+00,2.437119227105090380e-01,7.212265431102019009e-02,-3.541184822662140491e-02,1.477843974161651038e-02,-3.972247270887689363e-01,0.000000000000000000e+00
1.100000000000000089e+00,2.440673337162605760e-01,7.004339615684566922e-02,-3.533623484323769603e-02,1.546485661359203907e-02,-3.956597881188038124e-01,0.000000000000000000e+00
1.104999999999999982e+00,2.444123732544837557e-01,6.797408716446845522e-02,-3.525722015107543572e-02,1.613897918986506239e-02,-3.940683031869102182e-01,0.000000000000000000e+00
1.110000000000000098e+00,2.447470913661580205e-01,6.591484484552699585e-02,-3.517486538199864066e-02,1.680090342509379941e-02,-3.924509180016008125e-01,0.000000000000000000e+00
1.114999999999999991e+00,2.450715386715098254e-01,6.386578339455453723e-02,-3.508923128649990564e-02,1.745072590632060910e-02,-3.908082704846039812e-01,0.000000000000000000e+00
1.120000000000000107e+00,2.453857663535375377e-01,6.182701373312756571e-02,-3.500037813064062892e-02,1.808854381228842262e-02,-3.891409908178930510e-01,0.000000000000000000e+00
1.125000000000000000e+00,2.456898261417563289e-01,5.979864355365936690e-02,-3.490836569319209076e-02,1.871445487376913533e-02,-3.874497014911150727e-01,0.000000000000000000e+00
1.130000000000000115e+00,2.459837702961611416e-01,5.778077736283911831e-02,-3.481325326297243783e-02,1.932855733488302030e-02,-3.857350173494007439e-01,0.000000000000000000e+00
1.135000000000000009e+00,2.462676515914058450e-01,5.577351652471687626e-02,-3.471509963637459811e-02,1.993094991538860161e-02,-3.839975456415415378e-01,0.000000000000000000e+00
1.140000000000000124e+00,2.465415233011970519e-01,5.377695930343493608e-02,-3.461396311508039420e-02,2.052173177392286468e-02,-3.822378860685139434e-01,0.000000000000000000e+00
1.145000000000000018e+00,2.468054391829007377e-01,5.179120090560601630e-02,-3.450990150395609468e-02,2.110100247217210762e-02,-3.804566308323374946e-01,0.000000000000000000e+00
1.150000000000000133e+00,2.470594534623596628e-01,4.981633352233884315e-02,-3.440297210912485193e-02,2.166886193995411908e-02,-3.786543646852494893e-01,0.000000000000000000e+00
1.155000000000000027e+00,2.473036208189203500e-01,4.785244637091157216e-02,-3.429323173621146720e-02,2.222541044119276041e-02,-3.768316649791798589e-01,0.000000000000000000e+00
1.159999999999999920e+00,2.475379963706672293e-01,4.589962573609377566e-02,-3.418073668875509785e-02,2.277074854076646671e-02,-3.749891017155135842e-01,0.000000000000000000e+00
1.165000000000000036e+00,2.477626356598627566e-01,4.395795501111748188e-02,-3.406554276678559062e-02,2.330497707221248702e-02,-3.731272375951223408e-01,0.000000000000000000e+00
1.169999999999999929e+00,2.479775946385914254e-01,4.202751473829798717e-02,-3.394770526555915963e-02,2.382819710626912085e-02,-3.712466280686536058e-01,0.000000000000000000e+00
1.175000000000000044e+00,2.481829296546059493e-01,4.010838264930513541e-02,-3.382727897444932214e-02,2.434050992023853791e-02,-3.693478213870604598e-01,0.000000000000000000e+00
1.179999999999999938e+00,2.483786974373740353e-01,3.820063370508570283e-02,-3.370431817598899815e-02,2.484201696815314941e-02,-3.674313586523605402e-01,0.000000000000000000e+00
1.185000000000000053e+00,2.485649550843238575e-01,3.630434013543772792e-02,-3.357887664505978392e-02,2.533281985172882583e-02,-3.654977738686060462e-01,0.000000000000000000e+00
1.189999999999999947e+00,2.487417600472864865e-01,3.441957147823748731e-02,-3.345100764822456219e-02,2.581302029208859886e-02,-3.635475939930567502e-01,0.000000000000000000e+00
1.195000000000000062e+00,2.489091701191336325e-01,3.254639461831998482e-02,-3.332076394319957724e-02,2.628272010224087102e-02,-3.615813389875376371e-01,0.000000000000000000e+00
1.199999999999999956e+00,2.490672434206089580e-01,3.068487382601372757e-02,-3.318819777846226254e-02,2.674202116029640933e-02,-3.595995218699709062e-01,0.000000000000000000e+00
1.205000000000000071e+00,2.492160383873510965e-01,2.883507079533071185e-02,-3.305336089299117791e-02,2.719102538340877756e-02,-3.576026487660682873e-01,0.000000000000000000e+00
1.209999999999999964e+00,2.493556137571069087e-01,2.699704468181247582e-02,-3.291630451613446889e-02,2.762983470242315331e-02,-3.555912189611717400e-01,0.000000000000000000e+00
1.215000000000000080e+00,2.494860285571329495e-01,2.517085214003317653e-02,-3.277707936760334423e-02,2.805855103721879157e-02,-3.535657249522295986e-01,0.000000000000000000e+00
1.219999999999999973e+00,2.496073420917837571e-01,2.335654736076060028e-02,-3.263573565758711575e-02,2.847727627273069495e-02,-3.515266524998959530e-01,0.000000000000000000e+00
1.225000000000000089e+00,2.497196139302849394e-01,2.155418210777612989e-02,-3.249232308698649790e-02,2.888611223563635616e-02,-3.494744806807415505e-01,0.000000000000000000e+00
1.229999999999999982e+00,2.498229038946896408e-01,1.976380575435464707e-02,-3.234689084776180140e-02,2.928516067169370518e-02,-3.474096819395649516e-01,0.000000000000000000e+00
1.235000000000000098e+00,2.499172720480164478e-01,1.798546531940541093e-02,-3.219948762339285703e-02,2.967452322371669227e-02,-3.453327221417911708e-01,0.000000000000000000e+00
1.239999999999999991e+00,2.500027786825672615e-01,1.621920550327499155e-02,-3.205016158944750532e-02,3.005430141017522219e-02,-3.432440606259478666e-01,0.000000000000000000e+00
1.245000000000000107e+00,2.500794843084232499e-01,1.446506872321331495e-02,-3.189896041425552276e-02,3.042459660440641200e-02,-3.411441502562075900e-01,0.000000000000000000e+00
1.250000000000000000e+00,2.501474496421173810e-01,1.272309514850394722e-02,-3.174593125968502849e-02,3.078551001442440468e-02,-3.390334374749838786e-01,0.000000000000000000e+00
1.255000000000000115e+00,2.502067355954816774e-01,1.099332273525977302e-02,-3.159112078201833235e-02,3.113714266331624528e-02,-3.369123623555740910e-01,0.000000000000000000e+00
1.260000000000000009e+00,2.502574032646676105e-01,9.275787260885206414e-03,-3.143457513292439304e-02,3.147959537021156884e-02,-3.347813586548334386e-01,0.000000000000000000e+00
1.265000000000000124e+00,2.502995139193381346e-01,7.570522358206127622e-03,-3.127633996052500698e-02,3.181296873181412022e-02,-3.326408538658751080e-01,0.000000000000000000e+00
1.270000000000000018e+00,2.503331289920293079e-01,5.877559549268776377e-03,-3.111646041055195558e-02,3.213736310448329220e-02,-3.304912692707824284e-01,0.000000000000000000e+00
1.275000000000000133e+00,2.503583100676803896e-01,4.196928278808815388e-03,-3.095498112759240486e-02,3.245287858685424326e-02,-3.283330199933259808e-01,0.000000000000000000e+00
1.280000000000000027e+00,2.503751188733300270e-01,2.528655947391840637e-03,-3.079194625641987204e-02,3.275961500298524287e-02,-3.261665150516743772e-01,0.000000000000000000e+00
1.284999999999999920e+00,2.503836172679776984e-01,8.727679442266111660e-04,-3.062739944340816742e-02,3.305767188602118378e-02,-3.239921574110902203e-01,0.000000000000000000e+00
1.290000000000000036e+00,2.503838672326084147e-01,-7.707123203476863148e-04,-3.046138383802574415e-02,3.334714846236247476e-02,-3.218103440366004708e-01,0.000000000000000000e+00
1.294999999999999929e+00,2.503759308603786260e-01,-2.401763382698813946e-03,-3.029394209440796834e-02,3.362814363632863485e-02,-3.196214659456351748e-01,0.000000000000000000e+00
1.300000000000000044e+00,2.503598703469626652e-01,-4.020365694062149470e-03,-3.012511637300484962e-02,3.390075597530618767e-02,-3.174259082606214477e-01,0.000000000000000000e+00
1.304999999999999938e+00,2.503357479810572328e-01,-5.626501589023270161e-03,-2.995494834230184519e-02,3.416508369537066270e-02,-3.152240502615281104e-01,0.000000000000000000e+00
1.310000000000000053e+00,2.503036261350428116e-01,-7.220155254321057071e-03,-2.978347918061140243e-02,3.442122464737270432e-02,-3.130162654383498166e-01,0.000000000000000000e+00
1.314999999999999947e+00,2.502635672558001234e-01,-8.801312697969909671e-03,-2.961074957793290510e-02,3.466927630347846345e-02,-3.108029215435229586e-01,0.000000000000000000e+00
1.320000000000000062e+00,2.502156338556804083e-01,-1.036996171869963498e-02,-2.943679973787882709e-02,3.490933574415467505e-02,-3.085843806442661319e-01,0.000000000000000000e+00
1.324999999999999956e+00,2.501598885036275810e-01,-1.192609187571154646e-02,-2.926166937966484874e-02,3.514149964558901940e-02,-3.063609991748350581e-01,0.000000000000000000e+00
1.330000000000000071e+00,2.500963938164507128e-01,-1.346969445874931365e-02,-2.908539774016181967e-02,3.536586426753646900e-02,-3.041331279886869687e-01,0.000000000000000000e+00
1.334999999999999964e+00,2.500252124502456152e-01,-1.500076245848305616e-02,-2.890802357600743763e-02,3.558252544158262837e-02,-3.019011124105448474e-01,0.000000000000000000e+00
1.340000000000000080e+00,2.499464070919635295e-01,-1.651929053720517515e-02,-2.872958516577557228e-02,3.579157855981518477e-02,-2.996652922883531467e-01,0.000000000000000000e+00
1.344999999999999973e+00,2.498600404511256701e-01,-1.802527499983637774e-02,-2.855012031220125618e-02,3.599311856389471320e-02,-2.974260020451215403e-01,0.000000000000000000e+00
1.350000000000000089e+00,2.497661752516818767e-01,-1.951871376524036417e-02,-2.836966634445931695e-02,3.618723993451634924e-02,-2.951835707306446621e-01,0.000000000000000000e+00
1.354999999999999982e+00,2.496648742240120122e-01,-2.099960633784560618e-02,-2.818826012049475971e-02,3.637403668125395451e-02,-2.929383220730948922e-01,0.000000000000000000e+00
1.360000000000000098e+00,2.495562000970684147e-01,-2.246795377957259976e-02,-2.800593802940298110e-02,3.655360233277855225e-02,-2.906905745304788624e-01,0.000000000000000000e+00
1.364999999999999991e+00,2.494402155906580432e-01,-2.392375868206505704e-02,-2.782273599385796242e-02,3.672602992744299771e-02,-2.884406413419525750e-01,0.000000000000000000e+00
1.370000000000000107e+00,2.493169834078625691e-01,-2.536702513922333216e-02,-2.763868947258666525e-02,3.689141200422496603e-02,-2.861888305789868636e-01,0.000000000000000000e+00
1.375000000000000000e+00,2.491865662275951909e-01,-2.679775872003853712e-02,-2.745383346288780488e-02,3.704984059402056246e-02,-2.839354451963790327e-01,0.000000000000000000e+00
1.380000000000000115e+00,2.490490266972924804e-01,-2.821596644172562687e-02,-2.726820250319331868e-02,3.720140721128090827e-02,-2.816807830831030701e-01,0.000000000000000000e+00
1.385000000000000009e+00,2.489044274257397882e-01,-2.962165674315382635e-02,-2.708183067567079480e-02,3.734620284598431234e-02,-2.794251371129928829e-01,0.000000000000000000e+00
1.390000000000000124e+00,2.487528309760287659e-01,-3.101483945857271343e-02,-2.689475160886521318e-02,3.748431795593665933e-02,-2.771687951952519491e-01,0.000000000000000000e+00
1.395000000000000018e+00,2.485942998586455621e-01,-3.239552579163224727e-02,-2.670699848037839941e-02,3.761584245939292304e-02,-2.749120403247846123e-01,0.000000000000000000e+00
1.400000000000000133e+00,2.484288965246881364e-01,-3.376372828969507328e-02,-2.651860401958455737e-02,3.774086572799269235e-02,-2.726551506323440233e-01,0.000000000000000000e+00
1.405000000000000027e+00,2.482566833592113331e-01,-3.511946081843932838e-02,-2.632960051038037846e-02,3.785947658000288207e-02,-2.703983994344885122e-01,0.000000000000000000e+00
1.409999999999999920e+00,2.480777226746981867e-01,-3.646273853675027071e-02,-2.614001979396816250e-02,3.797176327386084932e-02,-2.681420552833447268e-01,0.000000000000000000e+00
1.415000000000000036e+00,2.478920767046560725e-01,-3.779357787189892293e-02,-2.594989327167049331e-02,3.807781350201124015e-02,-2.658863820161695424e-01,0.000000000000000000e+00
1.419999999999999929e+00,2.476998075973361746e-01,-3.911199649500604614e-02,-2.575925190777501872e-02,3.817771438503008569e-02,-2.636316388047075243e-01,0.000000000000000000e+00
1.425000000000000044e+00,2.475009774095751069e-01,-4.041801329678960941e-02,-2.556812623240788465e-02,3.827155246602979149e-02,-2.613780802043377260e-01,0.000000000000000000e+00
1.429999999999999938e+00,2.472956481007568263e-01,-4.171164836359399913e-02,-2.537654634443448076e-02,3.835941370533865052e-02,-2.591259562030066022e-01,0.000000000000000000e+00
1.435000000000000053e+00,2.470838815268939781e-01,-4.299292295369917805e-02,-2.518454191438609241e-02,3.844138347544884954e-02,-2.568755122699412086e-01,0.000000000000000000e+00
1.439999999999999947e+00,2.468657394348267586e-01,-4.426185947390797598e-02,-2.499214218741116489e-02,3.851754655622681434e-02,-2.546269894041389703e-01,0.000000000000000000e+00
1.445000000000000062e+00,2.466412834565383239e-01,-4.551848145640973592e-02,-2.479937598624987541e-02,3.858798713038009975e-02,-2.523806241826290764e-01,0.000000000000000000e+00
1.449999999999999956e+00,2.464105751035850778e-01,-4.676281353591841411e-02,-2.460627171423073259e-02,3.865278877917485700e-02,-2.501366488085023931e-01,0.000000000000000000e+00
1.455000000000000071e+00,2.461736757616406757e-01,-4.799488142708341343e-02,-2.441285735828797876e-02,3.871203447839832029e-02,-2.478952911587043451e-01,0.000000000000000000e+00
1.459999999999999964e+00,2.459306466851522710e-01,-4.921471190217121400e-02,-2.421916049199858076e-02,3.876580659456060896e-02,-2.456567748315884592e-01,0.000000000000000000e+00
1.465000000000000080e+00,2.456815489921075624e-01,-5.042233276901597616e-02,-2.402520827863761921e-02,3.881418688133041195e-02,-2.434213191942257992e-01,0.000000000000000000e+00
1.469999999999999973e+00,2.454264436589116694e-01,-5.161777284923730474e-02,-2.383102747425093135e-02,3.885725647619911460e-02,-2.411891394294666535e-01,0.000000000000000000e+00
1.475000000000000089e+00,2.451653915153719776e-01,-5.280106195672325947e-02,-2.363664443074387292e-02,3.889509589736811490e-02,-2.389604465827517843e-01,0.000000000000000000e+00
1.479999999999999982e+00,2.448984532397901204e-01,-5.397223087637673805e-02,-2.344208509898508888e-02,3.892778504085410429e-02,-2.367354476086686033e-01,0.000000000000000000e+00
1.485000000000000098e+00,2.446256893541594590e-01,-5.513131134312339310e-02,-2.324737503192423824e-02,3.895540317780722683e-02,-2.345143454172497754e-01,0.000000000000000000e+00
1.489999999999999991e+00,2.443471602194669245e-01,-5.627833602117918166e-02,-2.305253938772259051e-02,3.897802895203711371e-02,-2.322973389200115590e-01,0.000000000000000000e+00
1.495000000000000107e+00,2.440629260310978321e-01,-5.741333848357561831e-02,-2.285760293289548772e-02,3.899574037774186652e-02,-2.300846230757274402e-01,0.000000000000000000e+00
1.500000000000000000e+00,2.437730468143425033e-01,-5.853635319194092079e-02,-2.266259004546567271e-02,3.900861483743518071e-02,-2.278763889359353423e-01,0.000000000000000000e+00
1.505000000000000115e+00,2.434775824200032524e-01,-5.964741547653504977e-02,-2.246752471812648796e-02,3.901672908006686286e-02,-2.256728236901754947e-01,0.000000000000000000e+00
1.510000000000000009e+00,2.431765925201006540e-01,-6.074656151653680392e-02,-2.227243056141399100e-02,3.902015921933210674e-02,-2.234741107109549929e-01,0.000000000000000000e+00
1.515000000000000124e+00,2.428701366036776499e-01,-6.183382832058104128e-02,-2.207733080688708063e-02,3.901898073216494151e-02,-2.212804295984388825e-01,0.000000000000000000e+00
1.520000000000000018e+00,2.425582739727004944e-01,-6.290925370754411883e-02,-2.188224831031468712e-02,3.901326845741142496e-02,-2.190919562248623553e-01,0.000000000000000000e+00
1.525000000000000133e+00,2.422410637380550125e-01,-6.397287628757562794e-02,-2.168720555486916557e-02,3.900309659467812717e-02,-2.169088627786650292e-01,0.000000000000000000e+00
1.530000000000000027e+00,2.419185648156371438e-01,-6.502473544337449007e-02,-2.149222465432501852e-02,3.898853870335163008e-02,-2.147313178083412322e-01,0.000000000000000000e+00
1.535000000000000142e+00,2.415908359225365232e-01,-6.606487131170751814e-02,-2.129732735626209059e-02,3.896966770178479644e-02,-2.125594862660074025e-01,0.000000000000000000e+00
1.540000000000000036e+00,2.412579355733118214e-01,-6.709332476516853550e-02,-2.110253504527243376e-02,3.894655586664563796e-02,-2.103935295506834668e-01,0.000000000000000000e+00
1.544999999999999929e+00,2.409199220763567351e-01,-6.811013739417601243e-02,-2.090786874617003854e-02,3.891927483242472313e-02,-2.082336055512854778e-01,0.000000000000000000e+00
1.550000000000000044e+00,2.405768535303553779e-01,-6.911535148920749938e-02,-2.071334912720261198e-02,3.888789559109710053e-02,-2.060798686893282605e-01,0.000000000000000000e+00
1.554999999999999938e+00,2.402287878208259064e-01,-7.010901002326870579e-02,-2.051899650326470537e-02,3.885248849193482373e-02,-2.039324699613373204e-01,0.000000000000000000e+00
1.560000000000000053e+00,2.398757826167511875e-01,-7.109115663459544820e-02,-2.032483083911137620e-02,3.881312324146619225e-02,-2.017915569809661802e-01,0.000000000000000000e+00
1.564999999999999947e+00,2.395178953672954247e-01,-7.206183560958644152e-02,-2.013087175257172179e-02,3.876986890357796145e-02,-1.996572740208199248e-01,0.000000000000000000e+00
1.570000000000000062e+00,2.391551832986056059e-01,-7.302109186596511536e-02,-1.993713851776152471e-02,3.872279389975671893e-02,-1.975297620539814836e-01,0.000000000000000000e+00
1.574999999999999956e+00,2.387877034106963836e-01,-7.396897093616837393e-02,-1.974365006829438898e-02,3.867196600946590929e-02,-1.954091587952413722e-01,0.000000000000000000e+00
1.580000000000000071e+00,2.384155124744176679e-01,-7.490551895096050905e-02,-1.955042500049061771e-02,3.861745237065478814e-02,-1.932955987420268140e-01,0.000000000000000000e+00
1.584999999999999964e+00,2.380386670285034312e-01,-7.583078262327021257e-02,-1.935748157658325266e-02,3.855931948039586360e-02,-1.911892132150330714e-01,0.000000000000000000e+00
1.590000000000000080e+00,2.376572233767008380e-01,-7.674480923224893947e-02,-1.916483772792060628e-02,3.849763319564736969e-02,-1.890901303985510762e-01,0.000000000000000000e+00
1.594999999999999973e+00,2.372712375849785615e-01,-7.764764660754845671e-02,-1.897251105816466499e-02,3.843245873413735775e-02,-1.869984753804948829e-01,0.000000000000000000e+00
1.600000000000000089e+00,2.368807654788130934e-01,-7.853934311381588484e-02,-1.878051884648478456e-02,3.836386067536612376e-02,-1.849143701921243943e-01,0.000000000000000000e+00
1.604999999999999982e+00,2.364858626405521302e-01,-7.941994763540410895e-02,-1.858887805074608754e-02,3.829190296172361313e-02,-1.828379338474654114e-01,0.000000000000000000e+00
1.610000000000000098e+00,2.360865844068537611e-01,-8.028950956129583816e-02,-1.839760531069197999e-02,3.821664889971875673e-02,-1.807692823824238459e-01,0.000000000000000000e+00
1.614999999999999991e+00,2.356829858662005950e-01,-8.114807877023923199e-02,-1.820671695112026714e-02,3.813816116131742845e-02,-1.787085288935959804e-01,0.000000000000000000e+00
1.620000000000000107e+00,2.352751218564876623e-01,-8.199570561609322017e-02,-1.801622898505229192e-02,3.805650178538605433e-02,-1.766557835767706697e-01,0.000000000000000000e+00
1.625000000000000000e+00,2.348630469626830919e-01,-8.283244091338073933e-02,-1.782615711689461077e-02,3.797173217923779931e-02,-1.746111537651270917e-01,0.000000000000000000e+00
1.630000000000000115e+00,2.344468155145604249e-01,-8.365833592304773580e-02,-1.763651674559269661e-02,3.788391312027838964e-02,-1.725747439671241612e-01,0.000000000000000000e+00
1.635000000000000009e+00,2.340264815845017055e-01,-8.447344233842626893e-02,-1.744732296777614516e-02,3.779310475774860095e-02,-1.705466559040833552e-01,0.000000000000000000e+00
1.640000000000000124e+00,2.336020989853702101e-01,-8.527781227139966114e-02,-1.725859058089495440e-02,3.769936661456064347e-02,-1.685269885474634244e-01,0.000000000000000000e+00
1.645000000000000018e+00,2.331737212684519001e-01,-8.607149823876790451e-02,-1.707033408634639135e-02,3.760275758922553002e-02,-1.665158381558277112e-01,0.000000000000000000e+00
1.650000000000000133e+00,2.327414017214644304e-01,-8.685455314881131150e-02,-1.688256769259198140e-02,3.750333595786879692e-02,-1.645132983115029091e-01,0.000000000000000000e+00
1.655000000000000027e+00,2.323051933666329949e-01,-8.762703028805067518e-02,-1.669530531826423150e-02,3.740115937633175375e-02,-1.625194599569304843e-01,0.000000000000000000e+00
1.660000000000000142e+00,2.318651489588318126e-01,-8.838898330820198213e-02,-1.650856059526261896e-02,3.729628488235572914e-02,-1.605344114307091785e-01,0.000000000000000000e+00
1.665000000000000036e+00,2.314213209837903407e-01,-8.914046621332376297e-02,-1.632234687183846053e-02,3.718876889784662049e-02,-1.585582385033298680e-01,0.000000000000000000e+00
1.669999999999999929e+00,2.309737616563632967e-01,-8.988153334715529019e-02,-1.613667721566826654e-02,3.707866723121724939e-02,-1.565910244126024753e-01,0.000000000000000000e+00
1.675000000000000044e+00,2.305225229188635483e-01,-9.061223938064373595e-02,-1.595156441691519822e-02,3.696603507980503883e-02,-1.546328498987748212e-01,0.000000000000000000e+00
1.679999999999999938e+00,2.300676564394568135e-01,-9.133263929965845795e-02,-1.576702099127824316e-02,3.685092703236252792e-02,-1.526837932393440844e-01,0.000000000000000000e+00
1.685000000000000053e+00,2.296092136106174242e-01,-9.204278839289049829e-02,-1.558305918302876555e-02,3.673339707161829559e-02,-1.507439302835611450e-01,0.000000000000000000e+00
1.689999999999999947e+00,2.291472455476440684e-01,-9.274274223993551891e-02,-1.539969096803408578e-02,3.661349857690604503e-02,-1.488133344866272301e-01,0.000000000000000000e+00
1.695000000000000062e+00,2.286818030872346807e-01,-9.343255669955832787e-02,-1.521692805676773917e-02,3.649128432685939255e-02,-1.468920769435851092e-01,0.000000000000000000e+00
1.699999999999999956e+00,2.282129367861195635e-01,-9.411228789813713691e-02,-1.503478189730611189e-02,3.636680650217023053e-02,-1.449802264229032855e-01,0.000000000000000000e+00
1.705000000000000071e+00,2.277406969197518227e-01,-9.478199221828578769e-02,-1.485326367831112278e-02,3.624011668840834005e-02,-1.430778493997551803e-01,0.000000000000000000e+00
1.709999999999999964e+00,2.272651334810542600e-01,-9.544172628765208721e-02,-1.467238433199865959e-02,3.611126587890014367e-02,-1.411850100889927018e-01,0.000000000000000000e+00
1.715000000000000080e+00,2.267862961792219134e-01,-9.609154696789042049e-02,-1.449215453709248348e-02,3.598030447766444734e-02,-1.393017704778161114e-01,0.000000000000000000e+00
1.719999999999999973e+00,2.263042344385791382e-01,-9.673151134380697513e-02,-1.431258472176331203e-02,3.584728230240304125e-02,-1.374281903581395792e-01,0.000000000000000000e+00
1.725000000000000089e+00,2.258189973974907006e-01,-9.736167671267563495e-02,-1.413368506655281361e-02,3.571224858754417503e-02,-1.355643273586540354e-01,0.000000000000000000e+00
1.729999999999999982e+00,2.253306339073257725e-01,-9.798210057372283566e-02,-1.395546550728226677e-02,3.557525198733686722e-02,-1.337102369765874876e-01,0.000000000000000000e+00
1.735000000000000098e+00,2.248391925314740525e-01,-9.859284061777962016e-02,-1.377793573794561244e-02,3.543634057899403694e-02,-1.318659726091641893e-01,0.000000000000000000e+00
1.739999999999999991e+00,2.243447215444134002e-01,-9.919395471709911705e-02,-1.360110521358668008e-02,3.529556186588263950e-02,-1.300315855847625768e-01,0.000000000000000000e+00
1.745000000000000107e+00,2.238472689308277086e-01,-9.978550091533769373e-02,-1.342498315316034870e-02,3.515296278075880076e-02,-1.282071251937743905e-01,0.000000000000000000e+00
1.750000000000000000e+00,2.233468823847746532e-01,-1.003675374176979940e-01,-1.324957854237742393e-02,3.500858968904616009e-02,-1.263926387191640077e-01,0.000000000000000000e+00
1.755000000000000115e+00,2.228436093089022629e-01,-1.009401225812321945e-01,-1.307490013653301447e-02,3.486248839215561751e-02,-1.245881714667306239e-01,0.000000000000000000e+00
1.760000000000000009e+00,2.223374968137136198e-01,-1.015033149053037181e-01,-1.290095646331821874e-02,3.471470413084466744e-02,-1.227937667950732281e-01,0.000000000000000000e+00
1.765000000000000124e+00,2.218285917168787424e-01,-1.020571730222057105e-01,-1.272775582561490836e-02,3.456528158861462557e-02,-1.210094661452602305e-01,0.000000000000000000e+00
1.770000000000000018e+00,2.213169405425931546e-01,-1.026017556879344900e-01,-1.255530630427344370e-02,3.441426489514402831e-02,-1.192353090702036045e-01,0.000000000000000000e+00
1.775000000000000133e+00,2.208025895209820288e-01,-1.031371217731164025e-01,-1.238361576087313419e-02,3.426169762975651845e-02,-1.174713332637405128e-01,0.000000000000000000e+00
1.780000000000000027e+00,2.202855845875494878e-01,-1.036633302540862916e-01,-1.221269184046526804e-02,3.410762282492160041e-02,-1.157175745894217789e-01,0.000000000000000000e+00
1.785000000000000142e+00,2.197659713826720096e-01,-1.041804402041159316e-01,-1.204254197429856926e-02,3.395208296978671769e-02,-1.139740671090092305e-01,0.000000000000000000e+00
1.790000000000000036e+00,2.192437952511353538e-01,-1.046885107847908003e-01,-1.187317338252691888e-02,3.379512001373899399e-02,-1.122408431106834970e-01,0.000000000000000000e+00
1.794999999999999929e+00,2.187191012417142588e-01,-1.051876012375334568e-01,-1.170459307689918592e-02,3.363677536999518103e-02,-1.105179331369625928e-01,0.000000000000000000e+00
1.800000000000000044e+00,2.181919341067941609e-01,-1.056777708752719425e-01,-1.153680786343105370e-02,3.347708991921830718e-02,-1.088053660123332600e-01,0.000000000000000000e+00
1.804999999999999938e+00,2.176623383020341584e-01,-1.061590790742515111e-01,-1.136982434505869402e-02,3.331610401315952125e-02,-1.071031688705963714e-01,0.000000000000000000e+00
1.810000000000000053e+00,2.171303579860706379e-01,-1.066315852659881075e-01,-1.120364892427416770e-02,3.315385747832377134e-02,-1.054113671819270071e-01,0.000000000000000000e+00
1.814999999999999947e+00,2.165960370202607288e-01,-1.070953489293619693e-01,-1.103828780574244925e-02,3.299038961965783390e-02,-1.037299847796518959e-01,0.000000000000000000e+00
1.820000000000000062e+00,2.160594189684649502e-01,-1.075504295828497436e-01,-1.087374699889995071e-02,3.282573922425939539e-02,-1.020590438867443051e-01,0.000000000000000000e+00
1.824999999999999956e+00,2.155205470968683812e-01,-1.079968867768934526e-01,-1.071003232053445442e-02,3.265994456510581262e-02,-1.003985651420383068e-01,0.000000000000000000e+00
1.830000000000000071e+00,2.149794643738396072e-01,-1.084347800864048639e-01,-1.054714939734635246e-02,3.249304340480124037e-02,-9.874856762616439354e-02,0.000000000000000000e+00
1.834999999999999964e+00,2.144362134698268862e-01,-1.088641691034035741e-01,-1.038510366849111285e-02,3.232507299934087724e-02,-9.710906888720700902e-02,0.000000000000000000e+00
1.840000000000000080e+00,2.138908367572906477e-01,-1.092851134297872923e-01,-1.022390038810287727e-02,3.215607010189101139e-02,-9.548008496608625939e-02,0.000000000000000000e+00
1.844999999999999973e+00,2.133433763106719894e-01,-1.096976726702327404e-01,-1.006354462779912411e-02,3.198607096658374893e-02,-9.386163042166442705e-02,0.000000000000000000e+00
1.850000000000000089e+00,2.127938739063962026e-01,-1.101019064252256735e-01,-9.904041279166327788e-03,3.181511135232512749e-02,-9.225371835558017486e-02,0.000000000000000000e+00
1.854999999999999982e+00,2.122423710229109084e-01,-1.104978742842184641e-01,-9.745395056226537761e-03,3.164322652661549773e-02,-9.065636043681045420e-02,0.000000000000000000e+00
1.860000000000000098e+00,2.116889088407581110e-01,-1.108856358189137248e-01,-9.587610497884839142e-03,3.147045126938104870e-02,-8.906956692596311453e-02,0.000000000000000000e+00
1.864999999999999991e+00,2.111335282426793636e-01,-1.112652505766724420e-01,-9.430691970357618636e-03,3.129681987681533217e-02,-8.749334669930045050e-02,0.000000000000000000e+00
1.870000000000000107e+00,2.105762698137538247e-01,-1.116367780740452204e-01,-9.274643669581606256e-03,3.112236616522968957e-02,-8.592770727249664231e-02,0.000000000000000000e+00
1.875000000000000000e+00,2.100171738415681777e-01,-1.120002777904249985e-01,-9.119469623603644257e-03,3.094712347491158227e-02,-8.437265482412968642e-02,0.000000000000000000e+00
1.880000000000000115e+00,2.094562803164179698e-01,-1.123558091618199473e-01,-8.965173694951146868e-03,3.077112467398972206e-02,-8.282819421890998124e-02,0.000000000000000000e+00
1.885000000000000009e+00,2.088936289315400097e-01,-1.127034315747448556e-01,-8.811759582983217862e-03,3.059440216230503023e-02,-8.129432903064688631e-02,0.000000000000000000e+00
1.890000000000000124e+00,2.083292590833746849e-01,-1.130432043602297987e-01,-8.659230826222401659e-03,3.041698787528641576e-02,-7.977106156495573919e-02,0.000000000000000000e+00
1.895000000000000018e+00,2.077632098718582843e-01,-1.133751867879445041e-01,-8.507590804667048909e-03,3.023891328783045312e-02,-7.825839288170556574e-02,0.000000000000000000e+00
1.900000000000000133e+00,2.071955201007441294e-01,-1.136994380604369470e-01,-8.356842742084265308e-03,3.006020941818396408e-02,-7.675632281721060657e-02,0.000000000000000000e+00
1.905000000000000027e+00,2.066262282779524062e-01,-1.140160173074849237e-01,-8.206989708283457530e-03,2.988090683182863597e-02,-7.526485000616681131e-02,0.000000000000000000e+00
1.910000000000000142e+00,2.060553726159478904e-01,-1.143249835805590503e-01,-8.058034621370439854e-03,2.970103564536676066e-02,-7.378397190333471634e-02,0.000000000000000000e+00
1.915000000000000036e+00,2.054829910321451236e-01,-1.146263958473958122e-01,-7.909980249982118822e-03,2.952062553040724416e-02,-7.231368480497092632e-02,0.000000000000000000e+00
1.919999999999999929e+00,2.049091211493403730e-01,-1.149203129866793738e-01,-7.762829215501744658e-03,2.933970571745101591e-02,-7.085398387000978182e-02,0.000000000000000000e+00
1.925000000000000044e+00,2.043338002961700151e-01,-1.152067937828306771e-01,-7.616583994254739857e-03,2.915830499977504001e-02,-6.940486314099679477e-02,0.000000000000000000e+00
1.929999999999999938e+00,2.037570655075946202e-01,-1.154858969209024838e-01,-7.471246919685116221e-03,2.897645173731410589e-02,-6.796631556477612801e-02,0.000000000000000000e+00
1.935000000000000053e+00,2.031789535254083789e-01,-1.157576809815790975e-01,-7.326820184512482931e-03,2.879417386053962497e-02,-6.653833301293286817e-02,0.000000000000000000e+00
1.939999999999999947e+00,2.025995007987732022e-01,-1.160222044362792942e-01,-7.183305842869678638e-03,2.861149887433466626e-02,-6.512090630199329766e-02,0.000000000000000000e+00
1.945000000000000062e+00,2.020187434847770525e-01,-1.162795256423612561e-01,-7.040705812421032758e-03,2.842845386186449927e-02,-6.371402521338374869e-02,0.000000000000000000e+00
1.949999999999999956e+00,2.014367174490160617e-01,-1.165297028384280759e-01,-6.899021876461287200e-03,2.824506548844192555e-02,-6.231767851315010709e-02,0.000000000000000000e+00
1.955000000000000071e+00,2.008534582661998524e-01,-1.167727941397327246e-01,-6.758255685995211495e-03,2.806136000538667422e-02,-6.093185397144046389e-02,0.000000000000000000e+00
1.959999999999999964e+00,2.002690012207795356e-01,-1.170088575336808989e-01,-6.618408761797929529e-03,2.787736325387820541e-02,-5.955653838175166415e-02,0.000000000000000000e+00
1.965000000000000080e+00,1.996833813075979680e-01,-1.172379508754307631e-01,-6.479482496456005595e-03,2.769310066880125917e-02,-5.819171757994245908e-02,0.000000000000000000e+00
1.969999999999999973e+00,1.990966332325618815e-01,-1.174601318835881286e-01,-6.341478156389320116e-03,2.750859728258348014e-02,-5.683737646301420532e-02,0.000000000000000000e+00
1.975000000000000089e+00,1.985087914133351061e-01,-1.176754581359958640e-01,-6.204396883853780138e-03,2.732387772902451079e-02,-5.549349900766194221e-02,0.000000000000000000e+00
1.979999999999999982e+00,1.979198899800527767e-01,-1.178839870656163274e-01,-6.068239698924902774e-03,2.713896624711595318e-02,-5.416006828859680489e-02,0.000000000000000000e+00
1.985000000000000098e+00,1.973299627760558284e-01,-1.180857759565055454e-01,-5.933007501462327950e-03,2.695388668485159886e-02,-5.283706649664196564e-02,0.000000000000000000e+00
1.989999999999999991e+00,1.967390433586453657e-01,-1.182808819398779299e-01,-5.798701073055302115e-03,2.676866250302733369e-02,-5.152447495660386623e-02,0.000000000000000000e+00
1.995000000000000107e+00,1.961471649998566269e-01,-1.184693619902602579e-01,-5.665321078949190139e-03,2.658331677903021453e-02,-5.022227414492057285e-02,0.000000000000000000e+00
2.000000000000000000e+00,1.955543606872517104e-01,-1.186512729217338996e-01,-5.532868069953072662e-03,2.639787221061611761e-02,-4.893044370708916901e-02,0.000000000000000000e+00
2.004999999999999893e+00,1.949606631247311206e-01,-1.188266713842638655e-01,-5.401342484328480048e-03,2.621235111967547965e-02,-4.764896247487375447e-02,0.000000000000000000e+00
2.010000000000000231e+00,1.943661047333632985e-01,-1.189956138601136193e-01,-5.270744649659331489e-03,2.602677545598661504e-02,-4.637780848329600691e-02,0.000000000000000000e+00
2.015000000000000124e+00,1.937707176522319441e-01,-1.191581566603445719e-01,-5.141074784703140825e-03,2.584116680095609880e-02,-4.511695898741044375e-02,0.000000000000000000e+00
2.020000000000000018e+00,1.931745337393006023e-01,-1.193143559213988847e-01,-5.012333001223550667e-03,2.565554637134576446e-02,-4.386639047886560505e-02,0.000000000000000000e+00
2.024999999999999911e+00,1.925775845722941249e-01,-1.194642676017646371e-01,-4.884519305804267686e-03,2.546993502298585191e-02,-4.262607870225337825e-02,0.000000000000000000e+00
2.030000000000000249e+00,1.919799014495965628e-01,-1.196079474787221375e-01,-4.757633601644465846e-03,2.528435325447384724e-02,-4.139599867124833799e-02,0.000000000000000000e+00
2.035000000000000142e+00,1.913815153911652411e-01,-1.197454511451702119e-01,-4.631675690335737387e-03,2.509882121085858786e-02,-4.017612468453851671e-02,0.000000000000000000e+00
2.040000000000000036e+00,1.907824571394604041e-01,-1.198768340065314991e-01,-4.506645273620654008e-03,2.491335868730924427e-02,-3.896643034154997909e-02,0.000000000000000000e+00
2.044999999999999929e+00,1.901827571603901812e-01,-1.200021512777354749e-01,-4.382541955133025836e-03,2.472798513276873097e-02,-3.776688855796646316e-02,0.000000000000000000e+00
2.049999999999999822e+00,1.895824456442704031e-01,-1.201214579802782900e-01,-4.259365242119932810e-03,2.454271965359119262e-02,-3.657747158104636409e-02,0.000000000000000000e+00
2.055000000000000160e+00,1.889815525067990165e-01,-1.202348089393581732e-01,-4.137114547145609098e-03,2.435758101716317681e-02,-3.539815100473835130e-02,0.000000000000000000e+00
2.060000000000000053e+00,1.883801073900445433e-01,-1.203422587810854677e-01,-4.015789189777261257e-03,2.417258765550813274e-02,-3.422889778459822785e-02,0.000000000000000000e+00
2.064999999999999947e+00,1.877781396634483346e-01,-1.204438619297661939e-01,-3.895388398252909879e-03,2.398775766887389915e-02,-3.306968225250773996e-02,0.000000000000000000e+00
2.069999999999999840e+00,1.871756784248402583e-01,-1.205396726052580525e-01,-3.775911311131333221e-03,2.380310882930282423e-02,-3.192047413119826482e-02,0.000000000000000000e+00
2.075000000000000178e+00,1.865727525014673760e-01,-1.206297448203978995e-01,-3.657356978924206949e-03,2.361865858418421560e-02,-3.078124254858009834e-02,0.000000000000000000e+00
2.080000000000000071e+00,1.859693904510353879e-01,-1.207141323784996223e-01,-3.539724365710525834e-03,2.343442405978879775e-02,-2.965195605188010453e-02,0.000000000000000000e+00
2.084999999999999964e+00,1.853656205627622344e-01,-1.207928888709214332e-01,-3.423012350733397637e-03,2.325042206478487861e-02,-2.853258262158885061e-02,0.000000000000000000e+00
2.089999999999999858e+00,1.847614708584439658e-01,-1.208660676747015245e-01,-3.307219729979304999e-03,2.306666909373594754e-02,-2.742308968521922630e-02,0.000000000000000000e+00
2.095000000000000195e+00,1.841569690935319914e-01,-1.209337219502611555e-01,-3.192345217739922959e-03,2.288318133057942044e-02,-2.632344413087817081e-02,0.000000000000000000e+00
2.100000000000000089e+00,1.835521427582218756e-01,-1.209959046391741455e-01,-3.078387448156593136e-03,2.269997465208626469e-02,-2.523361232065368664e-02,0.000000000000000000e+00
2.104999999999999982e+00,1.829470190785528749e-01,-1.210526684620018417e-01,-2.965344976747547826e-03,2.251706463130126457e-02,-2.415356010381834728e-02,0.000000000000000000e+00
2.109999999999999876e+00,1.823416250175184383e-01,-1.211040659161924798e-01,-2.853216281917979845e-03,2.233446654096367043e-02,-2.308325282985140836e-02,0.000000000000000000e+00
2.115000000000000213e+00,1.817359872761867556e-01,-1.211501492740441888e-01,-2.741999766453060913e-03,2.215219535690800268e-02,-2.202265536128114598e-02,0.000000000000000000e+00
2.120000000000000107e+00,1.811301322948315751e-01,-1.211909705807305143e-01,-2.631693758994003551e-03,2.197026576144481269e-02,-2.097173208634924013e-02,0.000000000000000000e+00
2.125000000000000000e+00,1.805240862540725411e-01,-1.212265816523875883e-01,-2.522296515497273166e-03,2.178869214672114057e-02,-1.993044693149863267e-02,0.000000000000000000e+00
2.129999999999999893e+00,1.799178750760251355e-01,-1.212570340742620684e-01,-2.413806220677045325e-03,2.160748861806051704e-02,-1.889876337368720516e-02,0.000000000000000000e+00
2.135000000000000231e+00,1.793115244254595286e-01,-1.212823791989188632e-01,-2.306220989431017904e-03,2.142666899728229088e-02,-1.787664445252834522e-02,0.000000000000000000e+00
2.140000000000000124e+00,1.787050597109683947e-01,-1.213026681445077970e-01,-2.199538868249675729e-03,2.124624682600010847e-02,-1.686405278226037197e-02,0.000000000000000000e+00
2.145000000000000018e+00,1.780985060861432212e-01,-1.213179517930882689e-01,-2.093757836609117396e-03,2.106623536889937892e-02,-1.586095056354649979e-02,0.000000000000000000e+00
2.149999999999999911e+00,1.774918884507588057e-01,-1.213282807890110615e-01,-1.988875808347547076e-03,2.088664761699354083e-02,-1.486729959510722787e-02,0.000000000000000000e+00
2.155000000000000249e+00,1.768852314519657187e-01,-1.213337055373564510e-01,-1.884890633025536897e-03,2.070749629085898852e-02,-1.388306128518647375e-02,0.000000000000000000e+00
2.160000000000000142e+00,1.762785594854904825e-01,-1.213342762024276350e-01,-1.781800097270171135e-03,2.052879384384853276e-02,-1.290819666285339395e-02,0.000000000000000000e+00
2.165000000000000036e+00,1.756718966968430495e-01,-1.213300427062987963e-01,-1.679601926103174584e-03,2.035055246528321565e-02,-1.194266638914140422e-02,0.000000000000000000e+00
2.169999999999999929e+00,1.750652669825314978e-01,-1.213210547274168050e-01,-1.578293784253137402e-03,2.017278408362237901e-02,-1.098643076802621743e-02,0.000000000000000000e+00
2.175000000000000266e+00,1.744586939912835810e-01,-1.213073616992558362e-01,-1.477873277451944006e-03,1.999550036961186134e-02,-1.003944975724438415e-02,0.000000000000000000e+00
2.180000000000000160e+00,1.738522011252747745e-01,-1.212890128090239744e-01,-1.378337953715515728e-03,1.981871273941021236e-02,-9.101682978954070413e-03,0.000000000000000000e+00
2.185000000000000053e+00,1.732458115413628430e-01,-1.212660569964210816e-01,-1.279685304608978039e-03,1.964243235769280380e-02,-8.173089730239599393e-03,0.000000000000000000e+00
2.189999999999999947e+00,1.726395481523282371e-01,-1.212385429524470565e-01,-1.181912766496362064e-03,1.946667014073375293e-02,-7.253628993461727625e-03,0.000000000000000000e+00
2.194999999999999840e+00,1.720334336281206244e-01,-1.212065191182597618e-01,-1.085017721774952492e-03,1.929143675946558278e-02,-6.343259446454502237e-03,0.000000000000000000e+00
2.200000000000000178e+00,1.714274903971107211e-01,-1.211700336840816905e-01,-9.889975000943933368e-04,1.911674264251648353e-02,-5.441939472571377667e-03,0.000000000000000000e+00
2.205000000000000071e+00,1.708217406473476752e-01,-1.211291345881547604e-01,-8.938493795606623597e-04,1.894259797922516822e-02,-4.549627170581119207e-03,0.000000000000000000e+00
2.209999999999999964e+00,1.702162063278214454e-01,-1.210838695157423484e-01,-7.995705879250292886e-04,1.876901272263319792e-02,-3.666280364415921977e-03,0.000000000000000000e+00
2.214999999999999858e+00,1.696109091497301768e-01,-1.210342858981778430e-01,-7.061583037581067998e-04,1.859599659245475198e-02,-2.791856612772466995e-03,0.000000000000000000e+00
2.220000000000000195e+00,1.690058705877519885e-01,-1.209804309119589666e-01,-6.136096576091108149e-04,1.842355907802374973e-02,-1.926313218568828645e-03,0.000000000000000000e+00
2.225000000000000089e+00,1.684011118813214525e-01,-1.209223514778870884e-01,-5.219217331504408079e-04,1.825170944121830979e-02,-1.069607238256775616e-03,0.000000000000000000e+00
2.229999999999999982e+00,1.677966540359100700e-01,-1.208600942602508638e-01,-4.310915683076951572e-04,1.808045671936248447e-02,-2.216954909932677964e-04,0.000000000000000000e+00
2.234999999999999876e+00,1.671925178243107712e-01,-1.207937056660533803e-01,-3.411161563752345706e-04,1.790980972810524152e-02,6.174654323291423053e-04,0.000000000000000000e+00
2.240000000000000213e+00,1.665887237879262739e-01,-1.207232318442821445e-01,-2.519924471174075334e-04,1.773977706427664128e-02,1.447919160190602739e-03,0.000000000000000000e+00
2.245000000000000107e+00,1.659852922380607998e-01,-1.206487186852212151e-01,-1.637173478555517818e-04,1.757036710872120905e-02,2.269709531689423354e-03,0.000000000000000000e+00
2.250000000000000000e+00,1.653822432572152612e-01,-1.205702118198047207e-01,-7.628772454088628217e-05,1.740158802910848554e-02,3.082880587923525484e-03,0.000000000000000000e+00
2.254999999999999893e+00,1.647795967003855833e-01,-1.204877566190111354e-01,1.029959718659270219e-05,1.723344778272069625e-02,3.887476563506256366e-03,0.000000000000000000e+00
2.260000000000000231e+00,1.641773721963638299e-01,-1.204013981932975930e-01,9.604783095309658424e-05,1.706595411921758842e-02,4.683541878214889098e-03,0.000000000000000000e+00
2.265000000000000124e+00,1.635755891490421887e-01,-1.203111813920735296e-01,1.809602286197964361e-04,1.689911458337839748e-02,5.471121128770746467e-03,0.000000000000000000e+00
2.270000000000000018e+00,1.629742667387194810e-01,-1.202171508032130742e-01,2.650400792652278688e-04,1.673293651782094965e-02,6.250259080749165363e-03,0.000000000000000000e+00
2.274999999999999911e+00,1.623734239234098931e-01,-1.201193507526054083e-01,3.482907081812340469e-04,1.656742706569790460e-02,7.021000660617893185e-03,0.000000000000000000e+00
2.280000000000000249e+00,1.617730794401540384e-01,-1.200178253037425674e-01,4.307154758823328062e-04,1.640259317337017242e-02,7.783390947902563139e-03,0.000000000000000000e+00
2.285000000000000142e+00,1.611732518063318520e-01,-1.199126182573439364e-01,5.123177771283939520e-04,1.623844159305747048e-02,8.537475167477742710e-03,0.000000000000000000e+00
2.290000000000000036e+00,1.605739593209772609e-01,-1.198037731510168541e-01,5.931010399605121794e-04,1.607497888546610687e-02,9.283298681982216083e-03,0.000000000000000000e+00
2.294999999999999929e+00,1.599752200660946311e-01,-1.196913332589527035e-01,6.730687247499619495e-04,1.591221142239394523e-02,1.002090698435705723e-02,0.000000000000000000e+00
2.300000000000000266e+00,1.593770519079764636e-01,-1.195753415916577939e-01,7.522243232601203995e-04,1.575014538931264127e-02,1.075034569050515448e-02,0.000000000000000000e+00
2.305000000000000160e+00,1.587794724985224504e-01,-1.194558408957185486e-01,8.305713577212443365e-04,1.558878678792713704e-02,1.147166053207040320e-02,0.000000000000000000e+00
2.310000000000000053e+00,1.581824992765595572e-01,-1.193328736536002493e-01,9.081133799179882341e-04,1.542814143871248066e-02,1.218489734933601853e-02,0.000000000000000000e+00
2.314999999999999947e+00,1.575861494691630782e-01,-1.192064820834788375e-01,9.848539702895498221e-04,1.526821498342799052e-02,1.289010208423969905e-02,0.000000000000000000e+00
2.319999999999999840e+00,1.569904400929784671e-01,-1.190767081391051752e-01,1.060796737042329213e-03,1.510901288760882824e-02,1.358732077350475326e-02,0.000000000000000000e+00
2.325000000000000178e+00,1.563953879555436688e-01,-1.189435935097010871e-01,1.135945315274990760e-03,1.495054044303501667e-02,1.427659954188611330e-02,0.000000000000000000e+00
2.330000000000000071e+00,1.558010096566120606e-01,-1.188071796198867242e-01,1.210303366115812393e-03,1.479280277017795339e-02,1.495798459552900861e-02,0.000000000000000000e+00
2.334999999999999964e+00,1.552073215894754499e-01,-1.186675076296386244e-01,1.283874575872212716e-03,1.463580482062448555e-02,1.563152221544011206e-02,0.000000000000000000e+00
2.339999999999999858e+00,1.546143399422874321e-01,-1.185246184342779036e-01,1.356662655192340718e-03,1.447955137947859461e-02,1.629725875106882022e-02,0.000000000000000000e+00
2.345000000000000195e+00,1.540220806993866376e-01,-1.183785526644880320e-01,1.428671338238620336e-03,1.432404706774075692e-02,1.695524061399805021e-02,0.000000000000000000e+00
2.350000000000000089e+00,1.534305596426197293e-01,-1.182293506863616450e-01,1.499904381873134063e-03,1.416929634466505133e-02,1.760551427174288086e-02,0.000000000000000000e+00
2.354999999999999982e+00,1.528397923526642332e-01,-1.180770526014758431e-01,1.570365564854738069e-03,1.401530351009406920e-02,1.824812624165619845e-02,0.000000000000000000e+00
2.359999999999999876e+00,1.522497942103509250e-01,-1.179216982469954572e-01,1.640058687047795402e-03,1.386207270677171019e-02,1.888312308493939051e-02,0.000000000000000000e+00
2.365000000000000213e+00,1.516605803979854672e-01,-1.177633271958037353e-01,1.708987568642419096e-03,1.370960792263393319e-02,1.951055140075753230e-02,0.000000000000000000e+00
2.370000000000000107e+00,1.510721659006694917e-01,-1.176019787566599667e-01,1.777156049386113042e-03,1.355791299307753869e-02,2.013045782045721349e-02,0.000000000000000000e+00
2.375000000000000000e+00,1.504845655076207933e-01,-1.174376919743834458e-01,1.844567987826702896e-03,1.340699160320706594e-02,2.074288900188646367e-02,0.000000000000000000e+00
2.379999999999999893e+00,1.498977938134924692e-01,-1.172705056300634013e-01,1.911227260566446826e-03,1.325684729005987758e-02,2.134789162381474370e-02,0.000000000000000000e+00
2.385000000000000231e+00,1.493118652196910034e-01,-1.171004582412942391e-01,1.977137761527216191e-03,1.310748344480953259e-02,2.194551238045239216e-02,0.000000000000000000e+00
2.390000000000000124e+00,1.487267939356931301e-01,-1.169275880624357083e-01,2.042303401226640974e-03,1.295890331494752024e-02,2.253579797606810459e-02,0.000000000000000000e+00
2.395000000000000018e+00,1.481425939803612812e-01,-1.167519330848974524e-01,2.106728106065107638e-03,1.281111000644345223e-02,2.311879511970333506e-02,0.000000000000000000e+00
2.399999999999999911e+00,1.475592791832575634e-01,-1.165735310374475392e-01,2.170415817623506851e-03,1.266410648588380330e-02,2.369455051998205219e-02,0.000000000000000000e+00
2.405000000000000249e+00,1.469768631859561525e-01,-1.163924193865443629e-01,2.233370491971618972e-03,1.251789558258929388e-02,2.426311088001539829e-02,0.000000000000000000e+00
2.410000000000000142e+00,1.463953594433540228e-01,-1.162086353366915403e-01,2.295596098987035590e-03,1.237247999071100502e-02,2.482452289239941989e-02,0.000000000000000000e+00
2.415000000000000036e+00,1.458147812249796504e-01,-1.160222158308153589e-01,2.357096621684505889e-03,1.222786227130534184e-02,2.537883323430501631e-02,0.000000000000000000e+00
2.419999999999999929e+00,1.452351416163000786e-01,-1.158331975506642630e-01,2.417876055555608084e-03,1.208404485438792364e-02,2.592608856265891937e-02,0.000000000000000000e+00
2.425000000000000266e+00,1.446564535200256241e-01,-1.156416169172299058e-01,2.477938407918636211e-03,1.194103004096651842e-02,2.646633550941471930e-02,0.000000000000000000e+00
2.430000000000000160e+00,1.440787296574126686e-01,-1.154475100911894064e-01,2.537287697278599926e-03,1.179882000505311224e-02,2.699962067691233369e-02,0.000000000000000000e+00
2.435000000000000053e+00,1.435019825695639795e-01,-1.152509129733683274e-01,2.595927952697231478e-03,1.165741679565523471e-02,2.752599063332546864e-02,0.000000000000000000e+00
2.439999999999999947e+00,1.429262246187268659e-01,-1.150518612052239126e-01,2.653863213172900568e-03,1.151682233874663612e-02,2.804549190819546900e-02,0.000000000000000000e+00
2.444999999999999840e+00,1.423514679895887258e-01,-1.148503901693482127e-01,2.711097527030327352e-03,1.137703843921742883e-02,2.855817098805076698e-02,0.000000000000000000e+00
2.450000000000000178e+00,1.417777246905700395e-01,-1.146465349899906255e-01,2.767634951319998191e-03,1.123806678280379889e-02,2.906407431211038145e-02,0.000000000000000000e+00
2.455000000000000071e+00,1.412050065551147815e-01,-1.144403305335994908e-01,2.823479551227177451e-03,1.109990893799740752e-02,2.956324826807125300e-02,0.000000000000000000e+00
2.459999999999999964e+00,1.406333252429780578e-01,-1.142318114093822806e-01,2.878635399490417357e-03,1.096256635793459513e-02,3.005573918797745103e-02,0.000000000000000000e+00
2.464999999999999858e+00,1.400626922415108278e-01,-1.140210119698839702e-01,2.933106575829460931e-03,1.082604038226548694e-02,3.054159334417066995e-02,0.000000000000000000e+00
2.470000000000000195e+00,1.394931188669417121e-01,-1.138079663115832696e-01,2.986897166382443056e-03,1.069033223900313703e-02,3.102085694532084881e-02,0.000000000000000000e+00
2.475000000000000089e+00,1.389246162656558592e-01,-1.135927082755062711e-01,3.040011263152286002e-03,1.055544304635281858e-02,3.149357613253612326e-02,0.000000000000000000e+00
2.479999999999999982e+00,1.383571954154705907e-01,-1.133752714478570567e-01,3.092452963462193581e-03,1.042137381452157285e-02,3.195979697555062504e-02,0.000000000000000000e+00
2.484999999999999876e+00,1.377908671269079399e-01,-1.131556891606650267e-01,3.144226369420141578e-03,1.028812544750814205e-02,3.241956546898945579e-02,0.000000000000000000e+00
2.490000000000000213e+00,1.372256420444638303e-01,-1.129339944924484668e-01,3.195335587392272077e-03,1.015569874487340721e-02,3.287292752870988460e-02,0.000000000000000000e+00
2.495000000000000107e+00,1.366615306478739522e-01,-1.127102202688940041e-01,3.245784727485088051e-03,1.002409440349145107e-02,3.331992898821746485e-02,0.000000000000000000e+00
2.500000000000000000e+00,1.360985432533762252e-01,-1.124843990635515933e-01,3.295577903036358419e-03,9.893313019281367235e-03,3.376061559515639715e-02,0.000000000000000000e+00
2.504999999999999893e+00,1.355366900149696796e-01,-1.122565631985446566e-01,3.344719230114631681e-03,9.763355088919935254e-03,3.419503300787299360e-02,0.000000000000000000e+00
2.510000000000000231e+00,1.349759809256697585e-01,-1.120267447452951010e-01,3.393212827027267467e-03,9.634221011535293658e-03,3.462322679205111914e-02,0.000000000000000000e+00
2.515000000000000124e+00,1.344164258187600380e-01,-1.117949755252626992e-01,3.441062813836887144e-03,9.505911090381725242e-03,3.504524241741938800e-02,0.000000000000000000e+00
2.520000000000000018e+00,1.338580343690401186e-01,-1.115612871106986120e-01,3.488273311886153256e-03,9.378425534495693494e-03,3.546112525452799896e-02,0.000000000000000000e+00
2.524999999999999911e+00,1.333008160940697961e-01,-1.113257108254127326e-01,3.534848443330780229e-03,9.251764460333237669e-03,3.587092057159538966e-02,0.000000000000000000e+00
2.530000000000000249e+00,1.327447803554092642e-01,-1.110882777455544090e-01,3.580792330680689171e-03,9.125927893388872253e-03,3.627467353142312112e-02,0.000000000000000000e+00
2.535000000000000142e+00,1.321899363598555144e-01,-1.108490187004062405e-01,3.626109096349207882e-03,9.000915769796101820e-03,3.667242918837819443e-02,0.000000000000000000e+00
2.540000000000000036e+00,1.316362931606745446e-01,-1.106079642731907231e-01,3.670802862210228914e-03,8.876727937909695276e-03,3.706423248544216814e-02,0.000000000000000000e+00
2.544999999999999929e+00,1.310838596588297378e-01,-1.103651448018892756e-01,3.714877749163234596e-03,8.753364159869827035e-03,3.745012825132579964e-02,0.000000000000000000e+00
2.550000000000000266e+00,1.305326446042059385e-01,-1.101205903800734354e-01,3.758337876706096658e-03,8.630824113148237789e-03,3.783016119764856522e-02,0.000000000000000000e+00
2.555000000000000160e+00,1.299826565968294212e-01,-1.098743308577478511e-01,3.801187362515561548e-03,8.509107392076522419e-03,3.820437591618208728e-02,0.000000000000000000e+00
2.560000000000000053e+00,1.294339040880835290e-01,-1.096263958422047935e-01,3.843430322035334707e-03,8.388213509356685568e-03,3.857281687615664312e-02,0.000000000000000000e+00
2.564999999999999947e+00,1.288863953819201491e-01,-1.093768146988898654e-01,3.885070868071670985e-03,8.268141897554098438e-03,3.893552842162983918e-02,0.000000000000000000e+00
2.569999999999999840e+00,1.283401386360667196e-01,-1.091256165522785926e-01,3.926113110396388384e-03,8.148891910572971312e-03,3.929255476891663906e-02,0.000000000000000000e+00
2.575000000000000178e+00,1.277951418632289060e-01,-1.088728302867636583e-01,3.966561155357214465e-03,8.030462825114492720e-03,3.964394000407991253e-02,0.000000000000000000e+00
2.580000000000000071e+00,1.272514129322887544e-01,-1.086184845475524352e-01,4.006419105495380439e-03,7.912853842117749739e-03,3.998972808048063127e-02,0.000000000000000000e+00
2.584999999999999964e+00,1.267089595694983195e-01,-1.083626077415745514e-01,4.045691059170377496e-03,7.796064088183563869e-03,4.032996281638678848e-02,0.000000000000000000e+00
2.589999999999999858e+00,1.261677893596687972e-01,-1.081052280383991843e-01,4.084381110191790364e-03,7.680092616981381258e-03,4.066468789264052891e-02,0.000000000000000000e+00
2.595000000000000195e+00,1.256279097473549933e-01,-1.078463733711618328e-01,4.122493347458120946e-03,7.564938410639337855e-03,4.099394685038242059e-02,0.000000000000000000e+00
2.600000000000000089e+00,1.250893280380352413e-01,-1.075860714375002775e-01,4.160031854602523962e-03,7.450600381117636513e-03,4.131778308883205658e-02,0.000000000000000000e+00
2.604999999999999982e+00,1.245520513992863926e-01,-1.073243497004994912e-01,4.197000709645365250e-03,7.337077371565367025e-03,4.163623986312421643e-02,0.000000000000000000e+00
2.609999999999999876e+00,1.240160868619542972e-01,-1.070612353896451263e-01,4.233403984653524681e-03,7.224368157660898335e-03,4.194936028220021956e-02,0.000000000000000000e+00
2.615000000000000213e+00,1.234814413213193712e-01,-1.067967555017855091e-01,4.269245745406358671e-03,7.112471448935974751e-03,4.225718730675268042e-02,0.000000000000000000e+00
2.620000000000000107e+00,1.229481215382573767e-01,-1.065309368021016556e-01,4.304530051068244240e-03,7.001385890083649741e-03,4.255976374722431760e-02,0.000000000000000000e+00
2.625000000000000000e+00,1.224161341403952746e-01,-1.062638058250852530e-01,4.339260953867620473e-03,6.891110062250187414e-03,4.285713226185863811e-02,0.000000000000000000e+00
2.629999999999999893e+00,1.218854856232622630e-01,-1.059953888755242046e-01,4.373442498782454529e-03,6.781642484311056589e-03,4.314933535480270504e-02,0.000000000000000000e+00
2.635000000000000231e+00,1.213561823514357901e-01,-1.057257120294955999e-01,4.407078723232041133e-03,6.672981614131163162e-03,4.343641537426106564e-02,0.000000000000000000e+00
2.640000000000000124e+00,1.208282305596826006e-01,-1.054548011353658027e-01,4.440173656775069609e-03,6.565125849809432673e-03,4.371841451069943818e-02,0.000000000000000000e+00
2.645000000000000018e+00,1.203016363540947847e-01,-1.051826818147974518e-01,4.472731320813872619e-03,6.458073530907892240e-03,4.399537479509868509e-02,0.000000000000000000e+00
2.649999999999999911e+00,1.197764057132207904e-01,-1.049093794637631222e-01,4.504755728304782846e-03,6.351822939665368976e-03,4.426733809725699742e-02,0.000000000000000000e+00
2.655000000000000249e+00,1.192525444891912867e-01,-1.046349192535653977e-01,4.536250883474518721e-03,6.246372302195940182e-03,4.453434612414074178e-02,0.000000000000000000e+00
2.660000000000000142e+00,1.187300584088399891e-01,-1.043593261318631754e-01,4.567220781542526316e-03,6.141719789672268892e-03,4.479644041828219347e-02,0.000000000000000000e+00
2.665000000000000036e+00,1.182089530748192396e-01,-1.040826248237039509e-01,4.597669408449197616e-03,6.037863519493947076e-03,4.505366235622447479e-02,0.000000000000000000e+00
2.669999999999999929e+00,1.176892339667105492e-01,-1.038048398325618071e-01,4.627600740589896643e-03,5.934801556440984401e-03,4.530605314701234565e-02,0.000000000000000000e+00
2.675000000000000266e+00,1.171709064421297963e-01,-1.035259954413810246e-01,4.657018744554712771e-03,5.832531913812563987e-03,4.555365383072834673e-02,0.000000000000000000e+00
2.680000000000000160e+00,1.166539757378272923e-01,-1.032461157136249502e-01,4.685927376873876178e-03,5.731052554551199600e-03,4.579650527707369162e-02,0.000000000000000000e+00
2.685000000000000053e+00,1.161384469707825162e-01,-1.029652244943300293e-01,4.714330583768752171e-03,5.630361392352421779e-03,4.603464818399301273e-02,0.000000000000000000e+00
2.689999999999999947e+00,1.156243251392936600e-01,-1.026833454111646809e-01,4.742232300908350191e-03,5.530456292760121267e-03,4.626812307634297489e-02,0.000000000000000000e+00
2.694999999999999840e+00,1.151116151240617475e-01,-1.024005018754929747e-01,4.769636453171276387e-03,5.431335074247674657e-03,4.649697030460276520e-02,0.000000000000000000e+00
2.700000000000000178e+00,1.146003216892695353e-01,-1.021167170834426791e-01,4.796546954413052552e-03,5.332995509284987543e-03,4.672123004362756238e-02,0.000000000000000000e+00
2.705000000000000071e+00,1.140904494836550015e-01,-1.018320140169777510e-01,4.822967707238738980e-03,5.235435325391569680e-03,4.694094229144284147e-02,0.000000000000000000e+00
2.709999999999999964e+00,1.135820030415794629e-01,-1.015464154449748219e-01,4.848902602780785775e-03,5.138652206175784408e-03,4.715614686807967360e-02,0.000000000000000000e+00
2.714999999999999858e+00,1.130749867840903228e-01,-1.012599439243036664e-01,4.874355520482044971e-03,5.042643792360387671e-03,4.736688341445026429e-02,0.000000000000000000e+00
2.720000000000000195e+00,1.125694050199784052e-01,-1.009726218009113774e-01,4.899330327883880121e-03,4.947407682794483300e-03,4.757319139126298113e-02,0.000000000000000000e+00
2.725000000000000089e+00,1.120652619468298222e-01,-1.006844712109100787e-01,4.923830880419298797e-03,4.852941435452027240e-03,4.777511007797635711e-02,0.000000000000000000e+00
2.729999999999999982e+00,1.115625616520724561e-01,-1.003955140816680386e-01,4.947861021211046387e-03,4.759242568416997832e-03,4.797267857179152856e-02,0.000000000000000000e+00
2.734999999999999876e+00,1.110613081140169184e-01,-1.001057721329039057e-01,4.971424580874590944e-03,4.666308560855360506e-03,4.816593578668232345e-02,0.000000000000000000e+00
2.740000000000000213e+00,1.105615052028920686e-01,-9.981526687778401186e-02,4.994525377325934913e-03,4.574136853973950929e-03,4.835492045246268106e-02,0.000000000000000000e+00
2.745000000000000107e+00,1.100631566818750240e-01,-9.952401962402245006e-02,5.017167215594191265e-03,4.482724851966398034e-03,4.853967111389045908e-02,0.000000000000000000e+00
2.750000000000000000e+00,1.095662662081156730e-01,-9.923205147498387335e-02,5.039353887638853800e-03,4.392069922946210958e-03,4.872022612980744100e-02,0.000000000000000000e+00
2.754999999999999893e+00,1.090708373337556381e-01,-9.893938333078876324e-02,5.061089172171704363e-03,4.302169399867156532e-03,4.889662367231480122e-02,0.000000000000000000e+00
2.760000000000000231e+00,1.085768735069417429e-01,-9.864603588942101597e-02,5.082376834483287587e-03,4.213020581431038344e-03,4.906890172598336874e-02,0.000000000000000000e+00
2.765000000000000124e+00,1.080843780728339421e-01,-9.835202964783772150e-02,5.103220626273895916e-03,4.124620732983011809e-03,4.923709808709822444e-02,0.000000000000000000e+00
2.770000000000000018e+00,1.075933542746076305e-01,-9.805738490308092692e-02,5.123624285488996392e-03,4.036967087394544539e-03,4.940125036293727817e-02,0.000000000000000000e+00
2.774999999999999911e+00,1.071038052544504848e-01,-9.776212175339128729e-02,5.143591536159047156e-03,3.950056845934151253e-03,4.956139597108284028e-02,0.000000000000000000e+00
2.780000000000000249e+00,1.066157340545536431e-01,-9.746626009932339574e-02,5.163126088243632540e-03,3.863887179126017282e-03,4.971757213876618064e-02,0.000000000000000000e+00
2.785000000000000142e+00,1.061291436180973602e-01,-9.716981964486265388e-02,5.182231637479862985e-03,3.778455227596629919e-03,4.986981590224393718e-02,0.000000000000000000e+00
2.790000000000000036e+00,1.056440367902310579e-01,-9.687281989854358566e-02,5.200911865234979052e-03,3.693758102909539074e-03,5.001816410620665843e-02,0.000000000000000000e+00
2.794999999999999929e+00,1.051604163190477809e-01,-9.657528017456935843e-02,5.219170438363097964e-03,3.609792888388361695e-03,5.016265340321793970e-02,0.000000000000000000e+00
2.800000000000000266e+00,1.046782848565530472e-01,-9.627721959393242823e-02,5.237011009066048876e-03,3.526556639928149234e-03,5.030332025318473566e-02,0.000000000000000000e+00
2.805000000000000160e+00,1.041976449596281190e-01,-9.597865708553618425e-02,5.254437214758232721e-03,3.444046386795232648e-03,5.044020092285744772e-02,0.000000000000000000e+00
2.810000000000000053e+00,1.037184990909876120e-01,-9.567961138731738424e-02,5.271452677935455425e-03,3.362259132415664192e-03,5.057333148535978623e-02,0.000000000000000000e+00
2.814999999999999947e+00,1.032408496201315390e-01,-9.538010104736933947e-02,5.288061006047674664e-03,3.281191855152365295e-03,5.070274781974773437e-02,0.000000000000000000e+00
2.819999999999999840e+00,1.027646988242917059e-01,-9.508014442506559916e-02,5.304265791375602050e-03,3.200841509071101956e-03,5.082848561059728765e-02,0.000000000000000000e+00
2.825000000000000178e+00,1.022900488893725285e-01,-9.477975969218413455e-02,5.320070610911110422e-03,3.121205024695396929e-03,5.095058034762020571e-02,0.000000000000000000e+00
2.830000000000000071e+00,1.018169019108861595e-01,-9.447896483403177281e-02,5.335479026241387278e-03,3.042279309750491045e-03,5.106906732530754750e-02,0.000000000000000000e+00
2.834999999999999964e+00,1.013452598948820643e-01,-9.417777765056886685e-02,5.350494583436779701e-03,2.964061249896473346e-03,5.118398164260046929e-02,0.000000000000000000e+00
2.839999999999999858e+00,1.008751247588709210e-01,-9.387621575753395120e-02,5.365120812942278730e-03,2.886547709450680652e-03,5.129535820258772361e-02,0.000000000000000000e+00
2.845000000000000195e+00,1.004064983327429272e-01,-9.357429658756839796e-02,5.379361229472592008e-03,2.809735532099488873e-03,5.140323171222963006e-02,0.000000000000000000e+00
2.850000000000000089e+00,9.993938235968047312e-02,-9.327203739134083682e-02,5.393219331910743992e-03,2.733621541599598383e-03,5.150763668210768531e-02,0.000000000000000000e+00
2.854999999999999982e+00,9.947377849706520725e-02,-9.296945523867131134e-02,5.406698603210160353e-03,2.658202542468927985e-03,5.160860742619974295e-02,0.000000000000000000e+00
2.859999999999999876e+00,9.900968831737945453e-02,-9.266656701965499121e-02,5.419802510300178455e-03,2.583475320667224118e-03,5.170617806168012476e-02,0.000000000000000000e+00
2.865000000000000213e+00,9.854711330910202738e-02,-9.236338944578535715e-02,5.432534503994937945e-03,2.509436644266494626e-03,5.180038250874425404e-02,0.000000000000000000e+00
2.870000000000000107e+00,9.808605487759843033e-02,-9.205993905107674735e-02,5.444898018905598540e-03,2.436083264111374609e-03,5.189125449045751959e-02,0.000000000000000000e+00
2.875000000000000000e+00,9.762651434600547184e-02,-9.175623219318616852e-02,5.456896473355830370e-03,2.363411914469531507e-03,5.197882753262763472e-02,0.000000000000000000e+00
2.879999999999999893e+00,9.716849295611024173e-02,-9.145228505453423251e-02,5.468533269300536112e-03,2.291419313672214773e-03,5.206313496370036653e-02,0.000000000000000000e+00
2.885000000000000231e+00,9.671199186922345425e-02,-9.114811364342514932e-02,5.479811792247751140e-03,2.220102164745057279e-03,5.214420991467809408e-02,0.000000000000000000e+00
2.890000000000000124e+00,9.625701216704728169e-02,-9.084373379516563762e-02,5.490735411183668771e-03,2.149457156029231653e-03,5.222208531906086942e-02,0.000000000000000000e+00
2.895000000000000018e+00,9.580355485253753967e-02,-9.053916117318266954e-02,5.501307478500755063e-03,2.079480961793067368e-03,5.229679391280946804e-02,0.000000000000000000e+00
2.899999999999999911e+00,9.535162085076025196e-02,-9.023441127014002194e-02,5.511531329928890700e-03,2.010170242834228346e-03,5.236836823433001220e-02,0.000000000000000000e+00
2.905000000000000249e+00,9.490121100974273360e-02,-8.992949940905334283e-02,5.521410284469506144e-03,1.941521647072559685e-03,5.243684062447991762e-02,0.000000000000000000e+00
2.910000000000000142e+00,9.445232610131899798e-02,-8.962444074440388542e-02,5.530947644332654539e-03,1.873531810133700036e-03,5.250224322659478859e-02,0.000000000000000000e+00
2.915000000000000036e+00,9.400496682196969600e-02,-8.931925026325064632e-02,5.540146694876979007e-03,1.806197355923562812e-03,5.256460798653556782e-02,0.000000000000000000e+00
2.919999999999999929e+00,9.355913379365640714e-02,-8.901394278634086610e-02,5.549010704552534423e-03,1.739514897193787093e-03,5.262396665275589913e-02,0.000000000000000000e+00
2.925000000000000266e+00,9.311482756465044863e-02,-8.870853296921880904e-02,5.557542924846408175e-03,1.673481036098257947e-03,5.268035077638925923e-02,0.000000000000000000e+00
2.930000000000000160e+00,9.267204861035611974e-02,-8.840303530333275261e-02,5.565746590231105198e-03,1.608092364740794410e-03,5.273379171135528232e-02,0.000000000000000000e+00
2.935000000000000053e+00,9.223079733412840875e-02,-8.809746411714004799e-02,5.573624918115651326e-03,1.543345465714104437e-03,5.278432061448533330e-02,0.000000000000000000e+00
2.939999999999999947e+00,9.179107406808520442e-02,-8.779183357721020986e-02,5.581181108799362044e-03,1.479236912630101791e-03,5.283196844566633715e-02,0.000000000000000000e+00
2.944999999999999840e+00,9.135287907391397011e-02,-8.748615768932599401e-02,5.588418345428250618e-03,1.415763270641686149e-03,5.287676596800319068e-02,0.000000000000000000e+00
2.950000000000000178e+00,9.091621254367293625e-02,-8.718045029958222669e-02,5.595339793954018370e-03,1.352921096956078784e-03,5.291874374799897945e-02,0.000000000000000000e+00
2.955000000000000071e+00,9.048107460058678331e-02,-8.687472509548253841e-02,5.601948603095592387e-03,1.290706941339809675e-03,5.295793215575272245e-02,0.000000000000000000e+00
2.959999999999999964e+00,9.004746529983688463e-02,-8.656899560703369689e-02,5.608247904303166435e-03,1.229117346615452759e-03,5.299436136517435281e-02,0.000000000000000000e+00
2.964999999999999858e+00,8.961538462934603988e-02,-8.626327520783765024e-02,5.614240811724708659e-03,1.168148849150200822e-03,5.302806135421674061e-02,0.000000000000000000e+00
2.970000000000000195e+00,8.918483251055778216e-02,-8.595757711618107200e-02,5.619930422174884872e-03,1.107797979336373924e-03,5.305906190512395260e-02,0.000000000000000000e+00
2.975000000000000089e+00,8.875580879921021737e-02,-8.565191439612239444e-02,5.625319815106373175e-03,1.048061262063955477e-03,5.308739260469613752e-02,0.000000000000000000e+00
2.979999999999999982e+00,8.832831328610450672e-02,-8.534629995857628826e-02,5.630412052583515237e-03,9.889352171852439956e-04,5.311308284456999623e-02,0.000000000000000000e+00
2.984999999999999876e+00,8.790234569786781194e-02,-8.504074656239546393e-02,5.635210179258273028e-03,9.304163599717152951e-04,5.313616182151503081e-02,0.000000000000000000e+00
2.990000000000000213e+00,8.747790569771093927e-02,-8.473526681544973904e-02,5.639717222348451103e-03,8.725012015631825133e-04,5.315665853774486499e-02,0.000000000000000000e+00
2.995000000000000107e+00,8.705499288618057108e-02,-8.442987317570234407e-02,5.643936191618145401e-03,8.151862494093456857e-04,5.317460180124381625e-02,0.000000000000000000e+00
3.000000000000000000e+00,8.663360680190609897e-02,-8.412457795228338309e-02,5.647870079360381261e-03,7.584680077038173911e-04,5.319002022610776897e-02,0.000000000000000000e+00
3.004999999999999893e+00,8.621374692234112791e-02,-8.381939330656032472e-02,5.651521860381901637e-03,7.023429778107153233e-04,5.320294223289969565e-02,0.000000000000000000e+00
3.010000000000000231e+00,8.579541266449958181e-02,-8.351433125320559259e-02,5.654894491990071666e-03,6.468076586839042975e-04,5.321339604901899334e-02,0.000000000000000000e+00
3.015000000000000124e+00,8.537860338568656338e-02,-8.320940366126104715e-02,5.657990913981859708e-03,5.918585472789816924e-04,5.322140970908480206e-02,0.000000000000000000e+00
3.020000000000000018e+00,8.496331838422382932e-02,-8.290462225519946993e-02,5.660814048634861886e-03,5.374921389580837377e-04,5.322701105533244464e-02,0.000000000000000000e+00
3.024999999999999911e+00,8.454955690016997816e-02,-8.259999861598280035e-02,5.663366800700330231e-03,4.837049278876045361e-04,5.323022773802340429e-02,0.000000000000000000e+00
3.030000000000000249e+00,8.413731811603537836e-02,-8.229554418211719458e-02,5.665652057398175810e-03,4.304934074289091866e-04,5.323108721586797959e-02,0.000000000000000000e+00
3.035000000000000142e+00,8.372660115749182286e-02,-8.199127025070489239e-02,5.667672688413905209e-03,3.778540705221241692e-04,5.322961675646057517e-02,0.000000000000000000e+00
3.040000000000000036e+00,8.331740509407691009e-02,-8.168718797849265634e-02,5.669431545897457396e-03,3.257834100630897746e-04,5.322584343672732976e-02,0.000000000000000000e+00
3.044999999999999929e+00,8.290972893989322079e-02,-8.138330838291697733e-02,5.670931464463914960e-03,2.742779192735558401e-04,5.321979414338579017e-02,0.000000000000000000e+00
3.050000000000000266e+00,8.250357165430226292e-02,-8.107964234314574137e-02,5.672175261196041145e-03,2.233340920647030020e-04,5.321149557341649239e-02,0.000000000000000000e+00
3.055000000000000160e+00,8.209893214261319849e-02,-8.077620060111653788e-02,5.673165735648623594e-03,1.729484233940686096e-04,5.320097423454585306e-02,0.000000000000000000e+00
3.060000000000000053e+00,8.169580925676643568e-02,-8.047299376257138759e-02,5.673905669854585783e-03,1.231174096159602714e-04,5.318825644574048245e-02,0.000000000000000000e+00
3.064999999999999947e+00,8.129420179601200280e-02,-8.017003229808794540e-02,5.674397828332831441e-03,7.383754882543360409e-05,5.317336833771243304e-02,0.000000000000000000e+00
3.070000000000000284e+00,8.089410850758281535e-02,-7.986732654410712284e-02,5.674644958097796801e-03,2.510534119591496376e-05,5.315633585343532141e-02,0.000000000000000000e+00
3.075000000000000178e+00,8.049552808736279430e-02,-7.956488670395699125e-02,5.674649788670673399e-03,-2.308271068945329837e-05,5.313718474867074049e-02,0.000000000000000000e+00
3.080000000000000071e+00,8.009845918054986358e-02,-7.926272284887309061e-02,5.674415032092271043e-03,-7.073010151266954926e-05,5.311594059250510785e-02,0.000000000000000000e+00
3.084999999999999964e+00,7.970290038231388208e-02,-7.896084491901496361e-02,5.673943382937491481e-03,-1.178403229018511959e-04,5.309262876789636737e-02,0.000000000000000000e+00
3.089999999999999858e+00,7.930885023844951032e-02,-7.865926272447891499e-02,5.673237518331385003e-03,-1.644168631182616695e-04,5.306727447223063415e-02,0.000000000000000000e+00
3.095000000000000195e+00,7.891630724602397007e-02,-7.835798594630694058e-02,5.672300097966753545e-03,-2.104632067493103335e-04,5.303990271788829730e-02,0.000000000000000000e+00
3.100000000000000089e+00,7.852526985401980797e-02,-7.805702413749190938e-02,5.671133764123274280e-03,-2.559828344074499573e-04,5.301053833281930971e-02,0.000000000000000000e+00
3.104999999999999982e+00,7.813573646397264927e-02,-7.775638672397872098e-02,5.669741141688116812e-03,-3.009792224348973168e-04,5.297920596112772745e-02,0.000000000000000000e+00
3.109999999999999876e+00,7.774770543060392780e-02,-7.745608300566166060e-02,5.668124838178019258e-03,-3.454558426141058681e-04,5.294593006366499904e-02,0.000000000000000000e+00
3.115000000000000213e+00,7.736117506244867548e-02,-7.715612215737772950e-02,5.666287443762799830e-03,-3.894161618839160621e-04,5.291073491863185208e-02,0.000000000000000000e+00
3.120000000000000107e+00,7.697614362247831576e-02,-7.685651322989604795e-02,5.664231531290270932e-03,-4.328636420613114722e-04,5.287364462218859668e-02,0.000000000000000000e+00
3.125000000000000000e+00,7.659260932871854444e-02,-7.655726515090316431e-02,5.661959656312535831e-03,-4.758017395687108315e-04,5.283468308907367933e-02,0.000000000000000000e+00
3.129999999999999893e+00,7.621057035486226983e-02,-7.625838672598436729e-02,5.659474357113628874e-03,-5.182339051667237979e-04,5.279387405323008459e-02,0.000000000000000000e+00
3.135000000000000231e+00,7.583002483087770973e-02,-7.595988663960089038e-02,5.656778154738482771e-03,-5.601635836923019810e-04,5.275124106843961241e-02,0.000000000000000000e+00
3.140000000000000124e+00,7.545097084361156170e-02,-7.566177345606303617e-02,5.653873553023189974e-03,-6.015942138022154070e-04,5.270680750896451078e-02,0.000000000000000000e+00
3.145000000000000018e+00,7.507340643738730224e-02,-7.536405562049910967e-02,5.650763038626534750e-03,-6.425292277217847618e-04,5.266059657019672713e-02,0.000000000000000000e+00
3.149999999999999911e+00,7.469732961459873977e-02,-7.506674145982020208e-02,5.647449081062766441e-03,-6.829720509988044695e-04,5.261263126931407103e-02,0.000000000000000000e+00
3.155000000000000249e+00,7.432273833629865489e-02,-7.476983918368081128e-02,5.643934132735592239e-03,-7.229261022625852644e-04,5.256293444594336423e-02,0.000000000000000000e+00
3.160000000000000142e+00,7.394963052278269444e-02,-7.447335688543518795e-02,5.640220628973361718e-03,-7.623947929880535912e-04,5.251152876283046722e-02,0.000000000000000000e+00
3.165000000000000036e+00,7.357800405416851930e-02,-7.417730254308947668e-02,5.636310988065417957e-03,-8.013815272648389847e-04,5.245843670651660628e-02,0.000000000000000000e+00
3.169999999999999929e+00,7.320785677097013666e-02,-7.388168402024956893e-02,5.632207611299590994e-03,-8.398897015712854632e-04,5.240368058802135492e-02,0.000000000000000000e+00
3.175000000000000266e+00,7.283918647466756935e-02,-7.358650906706465378e-02,5.627912883000809295e-03,-8.779227045533218813e-04,5.234728254353156196e-02,0.000000000000000000e+00
3.180000000000000160e+00,7.247199092827177891e-02,-7.329178532116646660e-02,5.623429170570804110e-03,-9.154839168081276013e-04,5.228926453509632338e-02,0.000000000000000000e+00
3.185000000000000053e+00,7.210626785688491192e-02,-7.299752030860419405e-02,5.618758824528884144e-03,-9.525767106725285382e-04,5.222964835132783146e-02,0.000000000000000000e+00
3.189999999999999947e+00,7.174201494825588332e-02,-7.270372144477504905e-02,5.613904178553757139e-03,-9.892044500160628636e-04,5.216845560810776106e-02,0.000000000000000000e+00
3.195000000000000284e+00,7.137922985333131076e-02,-7.241039603535039115e-02,5.608867549526374077e-03,-1.025370490038652509e-03,5.210570774929913773e-02,0.000000000000000000e+00
3.200000000000000178e+00,7.101791018680186918e-02,-7.211755127719754466e-02,5.603651237573773446e-03,-1.061078177072819753e-03,5.204142604746355566e-02,0.000000000000000000e+00
3.205000000000000071e+00,7.065805352764398251e-02,-7.182519425929714818e-02,5.598257526113902156e-03,-1.096330848390388284e-03,5.197563160458330833e-02,0.000000000000000000e+00
3.209999999999999964e+00,7.029965741965699122e-02,-7.153333196365607716e-02,5.592688681901395766e-03,-1.131131832013605211e-03,5.190834535278868178e-02,0.000000000000000000e+00
3.214999999999999858e+00,6.994271937199574019e-02,-7.124197126621591158e-02,5.586946955074286771e-03,-1.165484446530630231e-03,5.183958805508984830e-02,0.000000000000000000e+00
3.220000000000000195e+00,6.958723685969864237e-02,-7.095111893775697676e-02,5.581034579201628841e-03,-1.199392000915326922e-03,5.176938030611346470e-02,0.000000000000000000e+00
3.225000000000000089e+00,6.923320732421124613e-02,-7.066078164479787371e-02,5.574953771332009228e-03,-1.232857794351300846e-03,5.169774253284360049e-02,0.000000000000000000e+00
3.229999999999999982e+00,6.888062817390527837e-02,-7.037096595049051329e-02,5.568706732042932005e-03,-1.265885116060124632e-03,5.162469499536707918e-02,0.000000000000000000e+00
3.234999999999999876e+00,6.852949678459328842e-02,-7.008167831551063987e-02,5.562295645491047852e-03,-1.298477245133695165e-03,5.155025778762296201e-02,0.000000000000000000e+00
3.240000000000000213e+00,6.817981050003876775e-02,-6.979292509894387264e-02,5.555722679463214776e-03,-1.330637450370663688e-03,5.147445083815582051e-02,0.000000000000000000e+00
3.245000000000000107e+00,6.783156663246193985e-02,-6.950471255916718105e-02,5.548989985428362873e-03,-1.362368990116882882e-03,5.139729391087299870e-02,0.000000000000000000e+00
3.250000000000000000e+00,6.748476246304106752e-02,-6.921704685472583607e-02,5.542099698590150988e-03,-1.393675112109817342e-03,5.131880660580550452e-02,0.000000000000000000e+00
3.254999999999999893e+00,6.713939524240945811e-02,-6.892993404520576795e-02,5.535053937940386665e-03,-1.424559053326858709e-03,5.123900835987240526e-02,0.000000000000000000e+00
3.260000000000000231e+00,6.679546219114808336e-02,-6.864338009210142755e-02,5.527854806313201551e-03,-1.455024039837495139e-03,5.115791844764872032e-02,0.000000000000000000e+00
3.265000000000000124e+00,6.645296050027386936e-02,-6.835739085967901252e-02,5.520504390439948464e-03,-1.485073286659278295e-03,5.107555598213631837e-02,0.000000000000000000e+00
3.270000000000000018e+00,6.611188733172367049e-02,-6.807197211583514151e-02,5.513004761004816623e-03,-1.514709997617535390e-03,5.099193991553822164e-02,0.000000000000000000e+00
3.274999999999999911e+00,6.577223981883403847e-02,-6.778712953295093491e-02,5.505357972701134701e-03,-1.543937365208772512e-03,5.090708904003558161e-02,0.000000000000000000e+00
3.280000000000000249e+00,6.543401506681661983e-02,-6.750286868874150192e-02,5.497566064288347820e-03,-1.572758570467719993e-03,5.082102198856771474e-02,0.000000000000000000e+00
3.285000000000000142e+00,6.509721015322937621e-02,-6.721919506710082037e-02,5.489631058649652867e-03,-1.601176782837963452e-03,5.073375723561469874e-02,0.000000000000000000e+00
3.290000000000000036e+00,6.476182212844361352e-02,-6.693611405894199506e-02,5.481554962850268727e-03,-1.629195160046113680e-03,5.064531309798253611e-02,0.000000000000000000e+00
3.294999999999999929e+00,6.442784801610679235e-02,-6.665363096303290880e-02,5.473339768196330141e-03,-1.656816847979462231e-03,5.055570773559088515e-02,0.000000000000000000e+00
3.300000000000000266e+00,6.409528481360114716e-02,-6.637175098682725205e-02,5.464987450294380919e-03,-1.684044980567072844e-03,5.046495915226296286e-02,0.000000000000000000e+00
3.305000000000000160e+00,6.376412949249822548e-02,-6.609047924729094525e-02,5.456499969111457821e-03,-1.710882679664261228e-03,5.037308519651766126e-02,0.000000000000000000e+00
3.310000000000000053e+00,6.343437899900922217e-02,-6.580982077172391198e-02,5.447879269035739089e-03,-1.737333054940410270e-03,5.028010356236372463e-02,0.000000000000000000e+00
3.314999999999999947e+00,6.310603025443133063e-02,-6.552978049857720311e-02,5.439127278937748965e-03,-1.763399203770076246e-03,5.018603179009598764e-02,0.000000000000000000e+00
3.320000000000000284e+00,6.277908015558988919e-02,-6.525036327826552740e-02,5.430245912232095629e-03,-1.789084211127335046e-03,5.009088726709319539e-02,0.000000000000000000e+00
3.325000000000000178e+00,6.245352557527657916e-02,-6.497157387397511918e-02,5.421237066939733895e-03,-1.814391149483323340e-03,4.999468722861780123e-02,0.000000000000000000e+00
3.330000000000000071e+00,6.212936336268354981e-02,-6.469341696246695694e-02,5.412102625750725773e-03,-1.839323078706925872e-03,4.989744875861713141e-02,0.000000000000000000e+00
3.334999999999999964e+00,6.180659034383354650e-02,-6.441589713487536062e-02,5.402844456087497159e-03,-1.863883045968562930e-03,4.979918879052620817e-02,0.000000000000000000e+00
3.339999999999999858e+00,6.148520332200604205e-02,-6.413901889750196761e-02,5.393464410168562033e-03,-1.888074085647032871e-03,4.969992410807176630e-02,0.000000000000000000e+00
3.345000000000000195e+00,6.116519907815944762e-02,-6.386278667260500419e-02,5.383964325072708099e-03,-1.911899219239363533e-03,4.959967134607774081e-02,0.000000000000000000e+00
3.350000000000000089e+00,6.084657437134935454e-02,-6.358720479918397728e-02,5.374346022803623904e-03,-1.935361455273626767e-03,4.949844699127164960e-02,0.000000000000000000e+00
3.354999999999999982e+00,6.052932593914287646e-02,-6.331227753375971712e-02,5.364611310354957911e-03,-1.958463789224674460e-03,4.939626738309226689e-02,0.000000000000000000e+00
3.359999999999999876e+00,6.021345049802910576e-02,-6.303800905114974318e-02,5.354761979775785226e-03,-1.981209203432748780e-03,4.929314871449806679e-02,0.000000000000000000e+00
3.365000000000000213e+00,5.989894474382569112e-02,-6.276440344523900872e-02,5.344799808236481986e-03,-2.003600667024924790e-03,4.918910703277669383e-02,0.000000000000000000e+00
3.370000000000000107e+00,5.958580535208160556e-02,-6.249146472974605182e-02,5.334726558094980524e-03,-2.025641135839343580e-03,4.908415824035494007e-02,0.000000000000000000e+00
3.375000000000000000e+00,5.927402897847604268e-02,-6.221919683898446268e-02,5.324543976963396624e-03,-2.047333552352191034e-03,4.897831809560950628e-02,0.000000000000000000e+00
3.379999999999999893e+00,5.896361225921356586e-02,-6.194760362861975039e-02,5.314253797775017607e-03,-2.068680845607381250e-03,4.887160221367839452e-02,0.000000000000000000e+00
3.385000000000000231e+00,5.865455181141546875e-02,-6.167668887642156067e-02,5.303857738851632149e-03,-2.089685931148903622e-03,4.876402606727251593e-02,0.000000000000000000e+00
3.390000000000000124e+00,5.834684423350737503e-02,-6.140645628301130005e-02,5.293357503971196643e-03,-2.110351710955792829e-03,4.865560498748794371e-02,0.000000000000000000e+00
3.395000000000000018e+00,5.804048610560312571e-02,-6.113690947260511793e-02,5.282754782435814672e-03,-2.130681073379678790e-03,4.854635416461818009e-02,0.000000000000000000e+00
3.399999999999999911e+00,5.773547398988494728e-02,-6.086805199375228820e-02,5.272051249140025271e-03,-2.150676893084878857e-03,4.843628864896677710e-02,0.000000000000000000e+00
3.405000000000000249e+00,5.743180443097996302e-02,-6.059988732006899026e-02,5.261248564639384347e-03,-2.170342030990991041e-03,4.832542335165995739e-02,0.000000000000000000e+00
3.410000000000000142e+00,5.712947395633303366e-02,-6.033241885096747581e-02,5.250348375219326263e-03,-2.189679334217951422e-03,4.821377304545932524e-02,0.000000000000000000e+00
3.415000000000000036e+00,5.682847907657594816e-02,-6.006564991238063506e-02,5.239352312964295176e-03,-2.208691636033512356e-03,4.810135236557435551e-02,0.000000000000000000e+00
3.419999999999999929e+00,5.652881628589302709e-02,-5.979958375748199023e-02,5.228261995827132233e-03,-2.227381755803108099e-03,4.798817581047495201e-02,0.000000000000000000e+00
3.425000000000000266e+00,5.623048206238313862e-02,-5.953422356740109556e-02,5.217079027698706510e-03,-2.245752498942067080e-03,4.787425774270343687e-02,0.000000000000000000e+00
3.430000000000000160e+00,5.593347286841813398e-02,-5.926957245193435753e-02,5.205804998477781866e-03,-2.263806656870133091e-03,4.775961238968658845e-02,0.000000000000000000e+00
3.435000000000000053e+00,5.563778515099773031e-02,-5.900563345025128942e-02,5.194441484141101503e-03,-2.281547006968261560e-03,4.764425384454698542e-02,0.000000000000000000e+00
3.439999999999999947e+00,5.534341534210091007e-02,-5.874240953159622081e-02,5.182990046813687642e-03,-2.298976312537649291e-03,4.752819606691401771e-02,0.000000000000000000e+00
3.445000000000000284e+00,5.505035985903379558e-02,-5.847990359598542742e-02,5.171452234839337206e-03,-2.316097322760965992e-03,4.741145288373424527e-02,0.000000000000000000e+00
3.450000000000000178e+00,5.475861510477404714e-02,-5.821811847489972991e-02,5.159829582851306606e-03,-2.332912772665749444e-03,4.729403799008128489e-02,0.000000000000000000e+00
3.455000000000000071e+00,5.446817746831182638e-02,-5.795705693197255454e-02,5.148123611843173457e-03,-2.349425383089928307e-03,4.717596494996479511e-02,0.000000000000000000e+00
3.459999999999999964e+00,5.417904332498732489e-02,-5.769672166367346977e-02,5.136335829239870032e-03,-2.365637860649441333e-03,4.705724719713885035e-02,0.000000000000000000e+00
3.464999999999999858e+00,5.389120903682487890e-02,-5.743711529998719867e-02,5.124467728968865043e-03,-2.381552897707913535e-03,4.693789803590937837e-02,0.000000000000000000e+00
3.470000000000000195e+00,5.360467095286371164e-02,-5.717824040508813488e-02,5.112520791531501539e-03,-2.397173172348360248e-03,4.681793064194077203e-02,0.000000000000000000e+00
3.475000000000000089e+00,5.331942540948529652e-02,-5.692009947801034142e-02,5.100496484074462308e-03,-2.412501348346878741e-03,4.669735806306134218e-02,0.000000000000000000e+00
3.479999999999999982e+00,5.303546873073740342e-02,-5.666269495331308775e-02,5.088396260461368857e-03,-2.427540075148302244e-03,4.657619322006802121e-02,0.000000000000000000e+00
3.484999999999999876e+00,5.275279722865480747e-02,-5.640602920174187657e-02,5.076221561344493143e-03,-2.442291987843776043e-03,4.645444890752956080e-02,0.000000000000000000e+00
3.490000000000000213e+00,5.247140720357673649e-02,-5.615010453088502967e-02,5.063973814236580329e-03,-2.456759707150229198e-03,4.633213779458907056e-02,0.000000000000000000e+00
3.495000000000000107e+00,5.219129494446099471e-02,-5.589492318582580527e-02,5.051654433582764350e-03,-2.470945839391703279e-03,4.620927242576473165e-02,0.000000000000000000e+00
3.500000000000000000e+00,5.191245672919489462e-02,-5.564048734979008121e-02,5.039264820832577152e-03,-2.484852976482513406e-03,4.608586522174978189e-02,0.000000000000000000e+00
3.504999999999999893e+00,5.163488882490291365e-02,-5.538679914478959743e-02,5.026806364512035122e-03,-2.498483695912206027e-03,4.596192848021064120e-02,0.000000000000000000e+00
3.510000000000000231e+00,5.135858748825117975e-02,-5.513386063226077133e-02,5.014280440295796649e-03,-2.511840560732280479e-03,4.583747437658400314e-02,0.000000000000000000e+00
3.515000000000000124e+00,5.108354896574875126e-02,-5.488167381369912085e-02,5.001688411079383001e-03,-2.524926119544650040e-03,4.571251496487228200e-02,0.000000000000000000e+00
3.520000000000000018e+00,5.080976949404574644e-02,-5.463024063128926744e-02,4.989031627051449501e-03,-2.537742906491806481e-03,4.558706217843757486e-02,0.000000000000000000e+00
3.524999999999999911e+00,5.053724530022833672e-02,-5.437956296853058841e-02,4.976311425766105287e-03,-2.550293441248661225e-03,4.546112783079393760e-02,0.000000000000000000e+00
3.530000000000000249e+00,5.026597260211061041e-02,-5.412964265085844912e-02,4.963529132215267758e-03,-2.562580229016031899e-03,4.533472361639823145e-02,0.000000000000000000e+00
3.535000000000000142e+00,4.999594760852335562e-02,-5.388048144626113312e-02,4.950686058901045648e-03,-2.574605760515746942e-03,4.520786111143914460e-02,0.000000000000000000e+00
3.540000000000000036e+00,4.972716651959976225e-02,-5.363208106589237995e-02,4.937783505908144646e-03,-2.586372511987337919e-03,4.508055177462443053e-02,0.000000000000000000e+00
3.544999999999999929e+00,4.945962552705807092e-02,-5.338444316467962081e-02,4.924822760976280828e-03,-2.597882945186292224e-03,4.495280694796652265e-02,0.000000000000000000e+00
3.550000000000000266e+00,4.919332081448118260e-02,-5.313756934192787051e-02,4.911805099572604492e-03,-2.609139507383836671e-03,4.482463785756612973e-02,0.000000000000000000e+00
3.555000000000000160e+00,4.892824855759328462e-02,-5.289146114191933812e-02,4.898731784964118798e-03,-2.620144631368225962e-03,4.469605561439404795e-02,0.000000000000000000e+00
3.560000000000000053e+00,4.866440492453347200e-02,-5.264612005450873544e-02,4.885604068290086248e-03,-2.630900735447506966e-03,4.456707121507108571e-02,0.000000000000000000e+00
3.564999999999999947e+00,4.840178607612639905e-02,-5.240154751571430430e-02,4.872423188634421309e-03,-2.641410223453734100e-03,4.443769554264587196e-02,0.000000000000000000e+00
3.570000000000000284e+00,4.814038816614999577e-02,-5.215774490830459714e-02,4.859190373098057868e-03,-2.651675484748605878e-03,4.430793936737075639e-02,0.000000000000000000e+00
3.575000000000000178e+00,4.788020734160026298e-02,-5.191471356238099716e-02,4.845906836871281126e-03,-2.661698894230498345e-03,4.417781334747553079e-02,0.000000000000000000e+00
3.580000000000000071e+00,4.762123974295316003e-02,-5.167245475595601267e-02,4.832573783306027410e-03,-2.671482812342870685e-03,4.404732802993925611e-02,0.000000000000000000e+00
3.584999999999999964e+00,4.736348150442359906e-02,-5.143096971552733182e-02,4.819192403988131063e-03,-2.681029585084012193e-03,4.391649385125966087e-02,0.000000000000000000e+00
3.589999999999999858e+00,4.710692875422160808e-02,-5.119025961664772084e-02,4.805763878809527108e-03,-2.690341544018112416e-03,4.378532113822052041e-02,0.000000000000000000e+00
3.595000000000000195e+00,4.685157761480562844e-02,-5.095032558449068966e-02,4.792289376040387988e-03,-2.699421006287622792e-03,4.365382010865680174e-02,0.000000000000000000e+00
3.600000000000000089e+00,4.659742420313302269e-02,-5.071116869441200797e-02,4.778770052401200459e-03,-2.708270274626888539e-03,4.352200087221744923e-02,0.000000000000000000e+00
3.604999999999999982e+00,4.634446463090775153e-02,-5.047278997250705113e-02,4.765207053134768757e-03,-2.716891637377026516e-03,4.338987343112593598e-02,0.000000000000000000e+00
3.609999999999999876e+00,4.609269500482528897e-02,-5.023519039616401727e-02,4.751601512078142305e-03,-2.725287368502023015e-03,4.325744768093846282e-02,0.000000000000000000e+00
3.615000000000000213e+00,4.584211142681480361e-02,-4.999837089461302286e-02,4.737954551734455816e-03,-2.733459727606029829e-03,4.312473341129973575e-02,0.000000000000000000e+00
3.620000000000000107e+00,4.559270999427856436e-02,-4.976233234947107648e-02,4.724267283344686999e-03,-2.741410959951832548e-03,4.299174030669636326e-02,0.000000000000000000e+00
3.625000000000000000e+00,4.534448680032866774e-02,-4.952707559528295861e-02,4.710540806959310177e-03,-2.749143296480469848e-03,4.285847794720780424e-02,0.000000000000000000e+00
3.629999999999999893e+00,4.509743793402103823e-02,-4.929260142005802842e-02,4.696776211509857968e-03,-2.756658953831981219e-03,4.272495580925484565e-02,0.000000000000000000e+00
3.635000000000000231e+00,4.485155948058678482e-02,-4.905891056580299892e-02,4.682974574880368474e-03,-2.763960134367258840e-03,4.259118326634544344e-02,0.000000000000000000e+00
3.640000000000000124e+00,4.460684752166089312e-02,-4.882600372905060437e-02,4.669136963978725782e-03,-2.771049026190982364e-03,4.245716958981819028e-02,0.000000000000000000e+00
3.645000000000000018e+00,4.436329813550826673e-02,-4.859388156138429865e-02,4.655264434807881643e-03,-2.777927803175613605e-03,4.232292394958315357e-02,0.000000000000000000e+00
3.649999999999999911e+00,4.412090739724718047e-02,-4.836254466995892898e-02,4.641358032536953976e-03,-2.784598624986432073e-03,4.218845541485993778e-02,0.000000000000000000e+00
3.655000000000000249e+00,4.387967137907013843e-02,-4.813199361801739212e-02,4.627418791572197876e-03,-2.791063637107584882e-03,4.205377295491346396e-02,0.000000000000000000e+00
3.660000000000000142e+00,4.363958615046213685e-02,-4.790222892540334232e-02,4.613447735627845651e-03,-2.797324970869136292e-03,4.191888543978669612e-02,0.000000000000000000e+00
3.665000000000000036e+00,4.340064777841638743e-02,-4.767325106906993015e-02,4.599445877796804610e-03,-2.803384743475090864e-03,4.178380164103090433e-02,0.000000000000000000e+00
3.669999999999999929e+00,4.316285232764750790e-02,-4.744506048358458628e-02,4.585414220621218673e-03,-2.809245058032372021e-03,4.164853023243316604e-02,0.000000000000000000e+00
3.675000000000000266e+00,4.292619586080220762e-02,-4.721765756162989852e-02,4.571353756162876460e-03,-2.814908003580734314e-03,4.151307979074107118e-02,0.000000000000000000e+00
3.680000000000000160e+00,4.269067443866745443e-02,-4.699104265450058243e-02,4.557265466073471931e-03,-2.820375655123592059e-03,4.137745879638476953e-02,0.000000000000000000e+00
3.685000000000000053e+00,4.245628412037618510e-02,-4.676521607259654517e-02,4.543150321664707163e-03,-2.825650073659739629e-03,4.124167563419603444e-02,0.000000000000000000e+00
3.689999999999999947e+00,4.222302096361054552e-02,-4.654017808591207755e-02,4.529009283978234664e-03,-2.830733306215950373e-03,4.110573859412471748e-02,0.000000000000000000e+00
3.695000000000000284e+00,4.199088102480273005e-02,-4.631592892452120885e-02,4.514843303855432290e-03,-2.835627385880429025e-03,4.096965587195222636e-02,0.000000000000000000e+00
3.700000000000000178e+00,4.175986035933334367e-02,-4.609246877905921053e-02,4.500653322007013360e-03,-2.840334331837101548e-03,4.083343557000218560e-02,0.000000000000000000e+00
3.705000000000000071e+00,4.152995502172742576e-02,-4.586979780120028355e-02,4.486440269082458097e-03,-2.844856149400724638e-03,4.069708569784816210e-02,0.000000000000000000e+00
3.709999999999999964e+00,4.130116106584805213e-02,-4.564791610413144324e-02,4.472205065739271596e-03,-2.849194830052792764e-03,4.056061417301856653e-02,0.000000000000000000e+00
3.714999999999999858e+00,4.107347454508759876e-02,-4.542682376302262237e-02,4.457948622712059640e-03,-2.853352351478228438e-03,4.042402882169860573e-02,0.000000000000000000e+00
3.720000000000000195e+00,4.084689151255667394e-02,-4.520652081549299955e-02,4.443671840881414578e-03,-2.857330677602834459e-03,4.028733737942920279e-02,0.000000000000000000e+00
3.725000000000000089e+00,4.062140802127069822e-02,-4.498700726207358752e-02,4.429375611342619909e-03,-2.861131758631493827e-03,4.015054749180310689e-02,0.000000000000000000e+00
3.729999999999999982e+00,4.039702012433419448e-02,-4.476828306666610913e-02,4.415060815474155381e-03,-2.864757531087096069e-03,4.001366671515783902e-02,0.000000000000000000e+00
3.734999999999999876e+00,4.017372387512280901e-02,-4.455034815699811940e-02,4.400728325006009536e-03,-2.868209917850176108e-03,3.987670251726583431e-02,0.000000000000000000e+00
3.740000000000000213e+00,3.995151532746304274e-02,-4.433320242507447079e-02,4.386379002087789289e-03,-2.871490828199246143e-03,3.973966227802135792e-02,0.000000000000000000e+00
3.745000000000000107e+00,3.973039053580974117e-02,-4.411684572762508694e-02,4.372013699356629146e-03,-2.874602157851805818e-03,3.960255329012456194e-02,0.000000000000000000e+00
3.750000000000000000e+00,3.951034555542136395e-02,-4.390127788654909352e-02,4.357633260004892262e-03,-2.877545789006012451e-03,3.946538275976240601e-02,0.000000000000000000e+00
3.754999999999999893e+00,3.929137644253303391e-02,-4.368649868935527841e-02,4.343238517847660719e-03,-2.880323590382995701e-03,3.932815780728656646e-02,0.000000000000000000e+00
3.760000000000000231e+00,3.907347925452739346e-02,-4.347250788959897833e-02,4.328830297390015049e-03,-2.882937417269801090e-03,3.919088546788815353e-02,0.000000000000000000e+00
3.765000000000000124e+00,3.885665005010329603e-02,-4.325930520731533641e-02,4.314409413894094297e-03,-2.885389111562945870e-03,3.905357269226951422e-02,0.000000000000000000e+00
3.770000000000000018e+00,3.864088488944231181e-02,-4.304689032944895855e-02,4.299976673445939264e-03,-2.887680501812572072e-03,3.891622634731275315e-02,0.000000000000000000e+00
3.774999999999999911e+00,3.842617983437313783e-02,-4.283526291028005861e-02,4.285532873022114553e-03,-2.889813403267180690e-03,3.877885321674525571e-02,0.000000000000000000e+00
3.780000000000000249e+00,3.821253094853383631e-02,-4.262442257184700239e-02,4.271078800556099911e-03,-2.891789617918931812e-03,3.864146000180200546e-02,0.000000000000000000e+00
3.785000000000000142e+00,3.799993429753202590e-02,-4.241436890436535434e-02,4.256615235004461255e-03,-2.893610934549498137e-03,3.850405332188487628e-02,0.000000000000000000e+00
3.790000000000000036e+00,3.778838594910292198e-02,-4.220510146664342016e-02,4.242142946412784908e-03,-2.895279128776453211e-03,3.836663971521851735e-02,0.000000000000000000e+00
3.794999999999999929e+00,3.757788197326536461e-02,-4.199661978649427141e-02,4.227662695981381988e-03,-2.896795963100181823e-03,3.822922563950342800e-02,0.000000000000000000e+00
3.800000000000000266e+00,3.736841844247576483e-02,-4.178892336114433531e-02,4.213175236130756868e-03,-2.898163186951299968e-03,3.809181747256554229e-02,0.000000000000000000e+00
3.805000000000000160e+00,3.715999143178001785e-02,-4.158201165763848739e-02,4.198681310566835384e-03,-2.899382536738566614e-03,3.795442151300288530e-02,0.000000000000000000e+00
3.810000000000000053e+00,3.695259701896342480e-02,-4.137588411324175791e-02,4.184181654345952781e-03,-2.900455735897276843e-03,3.781704398082880170e-02,0.000000000000000000e+00
3.814999999999999947e+00,3.674623128469856059e-02,-4.117054013583758276e-02,4.169676993939599660e-03,-2.901384494938119476e-03,3.767969101811209642e-02,0.000000000000000000e+00
3.820000000000000284e+00,3.654089031269123350e-02,-4.096597910432269590e-02,4.155168047298923341e-03,-2.902170511496488751e-03,3.754236868961405987e-02,0.000000000000000000e+00
3.825000000000000178e+00,3.633657018982440479e-02,-4.076220036899860788e-02,4.140655523918976809e-03,-2.902815470382235329e-03,3.740508298342208604e-02,0.000000000000000000e+00
3.830000000000000071e+00,3.613326700630021399e-02,-4.055920325195973286e-02,4.126140124902725678e-03,-2.903321043629841433e-03,3.726783981158027226e-02,0.000000000000000000e+00
3.834999999999999964e+00,3.593097685578004047e-02,-4.035698704747820581e-02,4.111622543024794074e-03,-2.903688890549012327e-03,3.713064501071650092e-02,0.000000000000000000e+00
3.839999999999999858e+00,3.572969583552266376e-02,-4.015555102238534124e-02,4.097103462794965054e-03,-2.903920657775666339e-03,3.699350434266669707e-02,0.000000000000000000e+00
3.845000000000000195e+00,3.552942004652052260e-02,-3.995489441644980294e-02,4.082583560521418214e-03,-2.904017979323313039e-03,3.685642349509538063e-02,0.000000000000000000e+00
3.850000000000000089e+00,3.533014559363408663e-02,-3.975501644275249852e-02,4.068063504373714903e-03,-2.903982476634807842e-03,3.671940808211335283e-02,0.000000000000000000e+00
3.854999999999999982e+00,3.513186858572436150e-02,-3.955591628805819188e-02,4.053543954445519744e-03,-2.903815758634470043e-03,3.658246364489191327e-02,0.000000000000000000e+00
3.859999999999999876e+00,3.493458513578355518e-02,-3.935759311318388909e-02,4.039025562817063694e-03,-2.903519421780552130e-03,3.644559565227393355e-02,0.000000000000000000e+00
3.865000000000000213e+00,3.473829136106389853e-02,-3.916004605336396993e-02,4.024508973617340821e-03,-2.903095050118049535e-03,3.630880950138155872e-02,0.000000000000000000e+00
3.870000000000000107e+00,3.454298338320465483e-02,-3.896327421861214141e-02,4.009994823086042263e-03,-2.902544215331836954e-03,3.617211051822074447e-02,0.000000000000000000e+00
3.875000000000000000e+00,3.434865732835731822e-02,-3.876727669408017857e-02,3.995483739635224789e-03,-2.901868476800123844e-03,3.603550395828244990e-02,0.000000000000000000e+00
3.879999999999999893e+00,3.415530932730903579e-02,-3.857205254041350811e-02,3.980976343910708724e-03,-2.901069381648213510e-03,3.589899500714070074e-02,0.000000000000000000e+00
3.885000000000000231e+00,3.396293551560426033e-02,-3.837760079410361402e-02,3.966473248853207012e-03,-2.900148464802556648e-03,3.576258878104714156e-02,0.000000000000000000e+00
3.890000000000000124e+00,3.377153203366464740e-02,-3.818392046783735533e-02,3.951975059759185380e-03,-2.899107249045090699e-03,3.562629032752256258e-02,0.000000000000000000e+00
3.895000000000000018e+00,3.358109502690720394e-02,-3.799101055084311285e-02,3.937482374341445823e-03,-2.897947245067848503e-03,3.549010462594498483e-02,0.000000000000000000e+00
3.899999999999999911e+00,3.339162064586072287e-02,-3.779887000923389667e-02,3.922995782789442075e-03,-2.896669951527832809e-03,3.535403658813449784e-02,0.000000000000000000e+00
3.905000000000000249e+00,3.320310504628051773e-02,-3.760749778634731727e-02,3.908515867829315781e-03,-2.895276855102138416e-03,3.521809105893494718e-02,0.000000000000000000e+00
3.910000000000000142e+00,3.301554438926145030e-02,-3.741689280308254512e-02,3.894043204783655988e-03,-2.893769430543320642e-03,3.508227281679206916e-02,0.000000000000000000e+00
3.915000000000000036e+00,3.282893484134928597e-02,-3.722705395823421026e-02,3.879578361630985853e-03,-2.892149140734991478e-03,3.494658657432869742e-02,0.000000000000000000e+00
3.919999999999999929e+00,3.264327257465038379e-02,-3.703798012882327656e-02,3.865121899064966580e-03,-2.890417436747638649e-03,3.481103697891637511e-02,0.000000000000000000e+00
3.925000000000000266e+00,3.245855376693974892e-02,-3.684967017042491827e-02,3.850674370553322078e-03,-2.888575757894656752e-03,3.467562861324383766e-02,0.000000000000000000e+00
3.930000000000000160e+00,3.227477460176744750e-02,-3.666212291749340602e-02,3.836236322396486056e-03,-2.886625531788580487e-03,3.454036599588228285e-02,0.000000000000000000e+00
3.935000000000000053e+00,3.209193126856341172e-02,-3.647533718368404371e-02,3.821808293785963328e-03,-2.884568174397510003e-03,3.440525358184720606e-02,0.000000000000000000e+00
3.939999999999999947e+00,3.191001996274062114e-02,-3.628931176217213561e-02,3.807390816862412253e-03,-2.882405090101720132e-03,3.427029576315701598e-02,0.000000000000000000e+00
3.945000000000000284e+00,3.172903688579672976e-02,-3.610404542596901828e-02,3.792984416773440091e-03,-2.880137671750443960e-03,3.413549686938851385e-02,0.000000000000000000e+00
3.950000000000000178e+00,3.154897824541408324e-02,-3.591953692823523364e-02,3.778589611731117751e-03,-2.877767300718822498e-03,3.400086116822881310e-02,0.000000000000000000e+00
3.955000000000000071e+00,3.136984025555820260e-02,-3.573578500259072532e-02,3.764206913069206156e-03,-2.875295346965007874e-03,3.386639286602433074e-02,0.000000000000000000e+00
3.959999999999999964e+00,3.119161913657473098e-02,-3.555278836342225246e-02,3.749836825300098975e-03,-2.872723169087417882e-03,3.373209610832622607e-02,0.000000000000000000e+00
3.965000000000000302e+00,3.101431111528481568e-02,-3.537054570618787530e-02,3.735479846171477821e-03,-2.870052114382128008e-03,3.359797498043271685e-02,0.000000000000000000e+00
3.970000000000000195e+00,3.083791242507901223e-02,-3.518905570771863056e-02,3.721136466722679489e-03,-2.867283518900393558e-03,3.346403350792813425e-02,0.000000000000000000e+00
3.975000000000000089e+00,3.066241930600965837e-02,-3.500831702651740346e-02,3.706807171340776967e-03,-2.864418707506294955e-03,3.333027565721870256e-02,0.000000000000000000e+00
3.979999999999999982e+00,3.048782800488178749e-02,-3.482832830305496868e-02,3.692492437816369873e-03,-2.861458993934498391e-03,3.319670533606500218e-02,0.000000000000000000e+00
3.984999999999999876e+00,3.031413477534254663e-02,-3.464908816006326275e-02,3.678192737399088239e-03,-2.858405680848120130e-03,3.306332639411130314e-02,0.000000000000000000e+00
3.990000000000000213e+00,3.014133587796916092e-02,-3.447059520282590162e-02,3.663908534852803982e-03,-2.855260059896692296e-03,3.293014262341153325e-02,0.000000000000000000e+00
3.995000000000000107e+00,2.996942758035546148e-02,-3.429284801946593658e-02,3.649640288510554425e-03,-2.852023411774216692e-03,3.279715775895208907e-02,0.000000000000000000e+00
4.000000000000000000e+00,2.979840615719697022e-02,-3.099085550618991408e-02,3.635388450329175240e-03,-9.098635056386604469e-03,1.291459848954600032e-02,3.000000000000000000e+00
4.004999999999999893e+00,2.968983358421176458e-02,-1.256221298016030677e-02,3.498016520674222980e-03,-4.560429850834203658e-02,-1.049598987493500224e-01,3.000000000000000000e+00
4.009999999999999787e+00,2.967155174876368387e-02,5.127060444806361139e-03,3.181772677324547390e-03,-8.065357021555555339e-02,-2.216897236724516274e-01,3.000000000000000000e+00
4.014999999999999680e+00,2.973988809705937694e-02,2.208667675680049680e-02,2.693846980705442810e-03,-1.142830810989578505e-01,-3.372636196153530053e-01,3.000000000000000000e+00
4.020000000000000462e+00,2.989121856215569070e-02,3.832631821334207822e-02,2.041248254177871740e-03,-1.465286968246728716e-01,-4.516709596190161546e-01,3.000000000000000000e+00
4.025000000000000355e+00,3.012196740847241164e-02,5.385563471814817232e-02,1.230807882317922711e-03,-1.774255292984956156e-01,-5.649017196558889786e-01,3.000000000000000000e+00
4.030000000000000249e+00,3.042860706473259763e-02,6.868424179338665503e-02,2.691835476228116681e-04,-2.070079497335588492e-01,-6.769464582896639326e-01,3.000000000000000000e+00
4.035000000000000142e+00,3.080765794799342205e-02,8.282171902466813063e-02,-8.371371012598117925e-04,-2.353096029150162638e-01,-7.877963016271029018e-01,3.000000000000000000e+00
4.040000000000000036e+00,3.125568828086063705e-02,9.627760887322492356e-02,-2.081832854930560413e-03,-2.623634223362224516e-01,-8.974429325572474969e-01,3.000000000000000000e+00
4.044999999999999929e+00,3.176931390349099771e-02,1.090614157650771632e-01,-3.458745425904313602e-03,-2.882016459262968233e-01,-1.005878583397247672e+00,3.000000000000000000e+00
4.049999999999999822e+00,3.234519808157095000e-02,1.211826053806556586e-01,-4.961876010885715553e-03,-3.128558321295719091e-01,-1.113096031176040501e+00,3.000000000000000000e+00
4.054999999999999716e+00,3.298005131110808008e-02,1.326506040804932562e-01,-6.585381933891213020e-03,-3.363568761336767077e-01,-1.219088594888161126e+00,3.000000000000000000e+00
4.060000000000000497e+00,3.367063112057740171e-02,1.434747984133512011e-01,-8.323573370520708642e-03,-3.587350260752852349e-01,-1.323850134140991397e+00,3.000000000000000000e+00
4.065000000000000391e+00,3.441374187072061136e-02,1.536645346626472064e-01,-1.017091015290017865e-02,-3.800198990812385103e-01,-1.427375048700637361e+00,3.000000000000000000e+00
4.070000000000000284e+00,3.520623455209710012e-02,1.632291183954158731e-01,-1.212199865416995967e-02,-4.002404970281598362e-01,-1.529658278515122483e+00,3.000000000000000000e+00
4.075000000000000178e+00,3.604500658032550736e-02,1.721778139853709366e-01,-1.417158875086634538e-02,-4.194252219261372372e-01,-1.630695303859468259e+00,3.000000000000000000e+00
4.080000000000000071e+00,3.692700158882872286e-02,1.805198440880532718e-01,-1.631457086112246893e-02,-4.376018908518276573e-01,-1.730482145306165620e+00,3.000000000000000000e+00
4.084999999999999964e+00,3.784920921879957045e-02,1.882643890516288165e-01,-1.854597305628562925e-02,-4.547977503737003491e-01,-1.829015363277116668e+00,3.000000000000000000e+00
4.089999999999999858e+00,3.880866490603449709e-02,1.954205862517325032e-01,-2.086095824330057996e-02,-4.710394904273170757e-01,-1.926292056979951095e+00,3.000000000000000000e+00
4.094999999999999751e+00,3.980244966423535091e-02,2.019975293429119023e-01,-2.325482141503163944e-02,-4.863532576117604589e-01,-2.022309862573168360e+00,3.000000000000000000e+00
4.099999999999999645e+00,4.082768986435104247e-02,2.080042674227776667e-01,-2.572298696558129524e-02,-5.007646678897589299e-01,-2.117066950441337081e+00,3.000000000000000000e+00
4.105000000000000426e+00,4.188155700951937122e-02,2.134498041079797015e-01,-2.826100606760098555e-02,-5.142988186838980402e-01,-2.210562021493980733e+00,3.000000000000000000e+00
4.110000000000000320e+00,4.296126750517126336e-02,2.183430965236553001e-01,-3.086455410857322917e-02,-5.269803003697127730e-01,-2.302794302430235973e+00,3.000000000000000000e+00
4.115000000000000213e+00,4.406408242387330892e-02,2.226930542100900579e-01,-3.352942818306658274e-02,-5.388332071735658646e-01,-2.393763539936184515e+00,3.000000000000000000e+00
4.120000000000000107e+00,4.518730726450773116e-02,2.265085379520417608e-01,-3.625154463801974480e-02,-5.498811474891743822e-01,-2.483469993803328002e+00,3.000000000000000000e+00
4.125000000000000000e+00,4.632829170541955671e-02,2.297983585375433513e-01,-3.902693666819313095e-02,-5.601472536315637019e-01,-2.571914428975228262e+00,3.000000000000000000e+00
4.129999999999999893e+00,4.748442935119772529e-02,2.325712754540640304e-01,-4.185175195903052120e-02,-5.696541910512175066e-01,-2.659098106545195073e+00,3.000000000000000000e+00
4.134999999999999787e+00,4.865315747279837233e-02,2.348359955307015301e-01,-4.472225037429542610e-02,-5.784241670343569508e-01,-2.745022773741301769e+00,3.000000000000000000e+00
4.139999999999999680e+00,4.983195674076326687e-02,2.366011715356370060e-01,-4.763480168598281661e-02,-5.864789389177116341e-01,-2.829690652946182716e+00,3.000000000000000000e+00
4.145000000000000462e+00,5.101835095133359921e-02,2.378754007384344671e-01,-5.058588334415348164e-02,-5.938398218479192803e-01,-2.913104429808224705e+00,3.000000000000000000e+00
4.150000000000000355e+00,5.220990674530769787e-02,2.386672234469380538e-01,-5.357207828449202236e-02,-6.005276961168963812e-01,-2.995267240508111772e+00,3.000000000000000000e+00
4.155000000000000249e+00,5.340423331954007730e-02,2.389851215285348496e-01,-5.659007277154833732e-02,-6.065630141052155144e-01,-3.076182658250392166e+00,3.000000000000000000e+00
4.160000000000000142e+00,5.459898213102785253e-02,2.388375169254316477e-01,-5.963665427578323380e-02,-6.119658068657815031e-01,-3.155854679053986978e+00,3.000000000000000000e+00
4.165000000000000036e+00,5.579184659357827591e-02,2.382327701733606418e-01,-6.270870938270028949e-02,-6.167556903799684687e-01,-3.234287706918496319e+00,3.000000000000000000e+00
4.169999999999999929e+00,5.698056176709734993e-02,2.371791789327994115e-01,-6.580322173250573170e-02,-6.209518715179223047e-01,-3.311486538444948557e+00,3.000000000000000000e+00
4.174999999999999822e+00,5.816290403958401106e-02,2.356849765413814024e-01,-6.891726998889488587e-02,-6.245731537339909156e-01,-3.387456346990360245e+00,3.000000000000000000e+00
4.179999999999999716e+00,5.933669080195654033e-02,2.337583305956996149e-01,-7.204802583571637276e-02,-6.276379425272673451e-01,-3.462202666435351794e+00,3.000000000000000000e+00
4.185000000000000497e+00,6.049978011587757443e-02,2.314073415701802805e-01,-7.519275200041203311e-02,-6.301642506960551948e-01,-3.535731374643093616e+00,3.000000000000000000e+00
4.190000000000000391e+00,6.165007037478110324e-02,2.286400414801392222e-01,-7.834880030327152911e-02,-6.321697034137293558e-01,-3.608048676686230305e+00,3.000000000000000000e+00
4.195000000000000284e+00,6.278549995833893060e-02,2.254643925955398254e-01,-8.151360973167426360e-02,-6.336715431520023589e-01,-3.679161087916233086e+00,3.000000000000000000e+00
4.200000000000000178e+00,6.390404688063507088e-02,2.187688655582892827e-01,-8.468470453861740022e-02,-6.284701506175832675e-01,-3.729446078855739088e+00,0.000000000000000000e+00
4.205000000000000071e+00,6.494227188484019697e-02,1.965800763779861071e-01,-8.773722142105515320e-02,-5.927057195458272920e-01,-3.681161010568470005e+00,0.000000000000000000e+00
4.209999999999999964e+00,6.587043504011036443e-02,1.747437219702981104e-01,-9.061343372988737987e-02,-5.579445219765857278e-01,-3.632862027602050681e+00,0.000000000000000000e+00
4.214999999999999858e+00,6.669029242461785301e-02,1.532573573342215223e-01,-9.331830096712127876e-02,-5.241639563524972401e-01,-3.584561919128061103e+00,0.000000000000000000e+00
4.219999999999999751e+00,6.740358779758318097e-02,1.321185012251479829e-01,-9.585667060803684802e-02,-4.913418156896250943e-01,-3.536272847129790176e+00,0.000000000000000000e+00
4.224999999999999645e+00,6.801205243712582504e-02,1.113246435963486103e-01,-9.823328010370620256e-02,-4.594562989357079963e-01,-3.488006419201067132e+00,0.000000000000000000e+00
4.230000000000000426e+00,6.851740501263547944e-02,9.087325198586113095e-02,-1.004527589330516668e-01,-4.284860194833987057e-01,-3.439773752817269603e+00,0.000000000000000000e+00
4.235000000000000320e+00,6.892135148668375455e-02,7.076177696410203277e-02,-1.025196306910323291e-01,-3.984100111594625071e-01,-3.391585531893215766e+00,0.000000000000000000e+00
4.240000000000000213e+00,6.922558504204655294e-02,5.098765674721857794e-02,-1.044383152010816135e-01,-3.692077319825257664e-01,-3.343452056377465453e+00,0.000000000000000000e+00
4.245000000000000107e+00,6.943178602990830728e-02,3.154832107162570953e-02,-1.062131306413146986e-01,-3.408590659555383318e-01,-3.295383285571238829e+00,0.000000000000000000e+00
4.250000000000000000e+00,6.954162193577399786e-02,1.244119441631251488e-02,-1.078482956752933597e-01,-3.133443231345854896e-01,-3.247388875802698749e+00,0.000000000000000000e+00
4.254999999999999893e+00,6.955674736002702419e-02,-6.336301348677814832e-03,-1.093479315792862533e-01,-2.866442381929936167e-01,-3.199478213033672969e+00,0.000000000000000000e+00
4.259999999999999787e+00,6.947880401044413679e-02,-2.478674481672626592e-02,-1.107160643590046761e-01,-2.607399676787346410e-01,-3.151660440926042472e+00,0.000000000000000000e+00
4.264999999999999680e+00,6.930942070431506119e-02,-4.291271333813281852e-02,-1.119566268497346750e-01,-2.356130861438617830e-01,-3.103944484848697449e+00,0.000000000000000000e+00
4.270000000000000462e+00,6.905021337811835525e-02,-6.071678169503975930e-02,-1.130734607946354137e-01,-2.112455813070109045e-01,-3.056339072263182910e+00,0.000000000000000000e+00
4.275000000000000355e+00,6.870278510297810060e-02,-7.820152110601305551e-02,-1.140703188967375492e-01,-1.876198483937788763e-01,-3.008852749886609779e+00,0.000000000000000000e+00
4.280000000000000249e+00,6.826872610437136057e-02,-9.536949851382942045e-02,-1.149508668408619205e-01,-1.647186837849526353e-01,-2.961493897994054603e+00,0.000000000000000000e+00
4.285000000000000142e+00,6.774961378477621643e-02,-1.122232761148701519e-01,-1.157186852822941481e-01,-1.425252780890101378e-01,-2.914270742189164487e+00,0.000000000000000000e+00
4.290000000000000036e+00,6.714701274814725840e-02,-1.287654110929459250e-01,-1.163772717996016670e-01,-1.210232087429586878e-01,-2.867191362941006183e+00,0.000000000000000000e+00
4.294999999999999929e+00,6.646247482528061523e-02,-1.449984555244022699e-01,-1.169300428094713212e-01,-1.001964322343264352e-01,-2.820263703157034563e+00,0.000000000000000000e+00
4.299999999999999822e+00,6.569753909928750801e-02,-1.609249564250139208e-01,-1.173803354418839207e-01,-8.002927602689485775e-02,-2.773495574036277667e+00,0.000000000000000000e+00
4.304999999999999716e+00,6.485373193053392549e-02,-1.765474559124975973e-01,-1.177314093743312418e-01,-6.050643026347295172e-02,-2.726894659423280576e+00,0.000000000000000000e+00
4.310000000000000497e+00,6.393256698052758591e-02,-1.918684914614835202e-01,-1.179864486241263971e-01,-4.161293931059149853e-02,-2.680468518861831129e+00,0.000000000000000000e+00
4.315000000000000391e+00,6.293554523434199965e-02,-2.068905962305135349e-01,-1.181485632981631312e-01,-2.333419320236626918e-02,-2.634224589527812910e+00,0.000000000000000000e+00
4.320000000000000284e+00,6.186415502126337701e-02,-2.216162994430994349e-01,-1.182207912997486760e-01,-5.655919033876428276e-03,-2.588170187202656791e+00,0.000000000000000000e+00
4.325000000000000178e+00,6.071987203343025274e-02,-2.360481268071041860e-01,-1.182060999923703060e-01,1.143582765183452643e-02,-2.542312506432495844e+00,0.000000000000000000e+00
4.330000000000000071e+00,5.950415934230948722e-02,-2.501886009587198645e-01,-1.181073878204623034e-01,2.795467144466013201e-02,-2.496658620003274986e+00,0.000000000000000000e+00
4.334999999999999964e+00,5.821846741291596822e-02,-2.640402419191285044e-01,-1.179274858874190951e-01,4.391392558283847142e-02,-2.451215477848520230e+00,0.000000000000000000e+00
4.339999999999999858e+00,5.686423411573908460e-02,-2.776055675535643585e-01,-1.176691594912561284e-01,5.932660037404489939e-02,-2.405989905494158254e+00,0.000000000000000000e+00
4.344999999999999751e+00,5.544288473638653292e-02,-2.908870940239633995e-01,-1.173351096184532816e-01,7.420541149746537335e-02,-2.360988602133570424e+00,0.000000000000000000e+00
4.350000000000000533e+00,5.395583198299675615e-02,-3.038873362277027534e-01,-1.169279743966299273e-01,8.856278816584521596e-02,-2.316218138415869099e+00,0.000000000000000000e+00
4.355000000000000426e+00,5.240447599150586944e-02,-3.166088082161149786e-01,-1.164503305067973449e-01,1.024108811298280741e-01,-2.271684954021159442e+00,0.000000000000000000e+00
4.360000000000000320e+00,5.079020432888371045e-02,-3.290540235875183406e-01,-1.159046945560148617e-01,1.157615705098762326e-01,-2.227395355088094053e+00,0.000000000000000000e+00
4.365000000000000213e+00,4.911439199447764636e-02,-3.412254958504499225e-01,-1.152935244113431207e-01,1.286264734437265189e-01,-2.183355511551431594e+00,0.000000000000000000e+00
4.370000000000000107e+00,4.737840141962210150e-02,-3.531257387536307357e-01,-1.146192204960417571e-01,1.410169515397168005e-01,-2.139571454440359233e+00,0.000000000000000000e+00
4.375000000000000000e+00,4.558358246568720157e-02,-3.647572665799423963e-01,-1.138841270490019431e-01,1.529441181284408313e-01,-2.096049073182050915e+00,0.000000000000000000e+00
4.379999999999999893e+00,4.373127242075194876e-02,-3.761225944023612877e-01,-1.130905333484369529e-01,1.644188453070798972e-01,-2.052794112949221095e+00,0.000000000000000000e+00
4.384999999999999787e+00,4.182279599509600154e-02,-3.872242383003853261e-01,-1.122406749008779681e-01,1.754517707724392583e-01,-2.009812172085279069e+00,0.000000000000000000e+00
4.389999999999999680e+00,3.985946531571012835e-02,-3.980647155360106937e-01,-1.113367345965383948e-01,1.860533044402056524e-01,-1.967108699635976343e+00,0.000000000000000000e+00
4.395000000000000462e+00,3.784257992002900556e-02,-4.086465446887734831e-01,-1.103808438321190744e-01,1.962336348492578486e-01,-1.924688993012214633e+00,0.000000000000000000e+00
4.400000000000000355e+00,3.577342674909140402e-02,-4.189722457497738750e-01,-1.093750836021294415e-01,2.060027353510210935e-01,-1.882558195804832302e+00,0.000000000000000000e+00
4.405000000000000249e+00,3.365328014033230203e-02,-4.290443401749507446e-01,-1.083214855597975368e-01,2.153703700848737523e-01,-1.840721295768713794e+00,0.000000000000000000e+00
4.410000000000000142e+00,3.148340182020935990e-02,-4.388653508981799067e-01,-1.072220330486339523e-01,2.243460997415039071e-01,-1.799183122990432038e+00,0.000000000000000000e+00
4.415000000000000036e+00,2.926504089686266658e-02,-4.484378023050315520e-01,-1.060786621057037415e-01,2.329392871168868007e-01,-1.757948348250800041e+00,0.000000000000000000e+00
4.419999999999999929e+00,2.699943385300185295e-02,-4.577642201682474710e-01,-1.048932624376451017e-01,2.411591024602233180e-01,-1.717021481591171739e+00,0.000000000000000000e+00
4.424999999999999822e+00,2.468780453920898024e-02,-4.668471315461897309e-01,-1.036676783704553045e-01,2.490145286197535390e-01,-1.676406871090014850e+00,0.000000000000000000e+00
4.429999999999999716e+00,2.233136416783881861e-02,-4.756890646456728433e-01,-1.024037097740439356e-01,2.565143659908484253e-01,-1.636108701854246839e+00,0.000000000000000000e+00
4.435000000000000497e+00,1.993131130769083478e-02,-4.842925486507240751e-01,-1.011031129625298841e-01,2.636672372711943435e-01,-1.596130995227954763e+00,0.000000000000000000e+00
4.440000000000000391e+00,1.748883187961912042e-02,-4.926601135189234149e-01,-9.976760157123408523e-02,2.704815920282277464e-01,-1.556477608219493325e+00,0.000000000000000000e+00
4.445000000000000284e+00,1.500509915323806724e-02,-5.007942897470613053e-01,-9.839884741129317769e-02,2.769657110842558834e-01,-1.517152233146477958e+00,0.000000000000000000e+00
4.450000000000000178e+00,1.248127374487272359e-02,-5.086976081079164214e-01,-9.699848130279156710e-02,2.831277107249240976e-01,-1.478158397496877274e+00,0.000000000000000000e+00
4.455000000000000071e+00,9.918503616893607766e-03,-5.163725993600031261e-01,-9.556809388728064458e-02,2.889755467368607111e-01,-1.439499464003276552e+00,0.000000000000000000e+00
4.459999999999999964e+00,7.317924078566451912e-03,-5.238217939321695438e-01,-9.410923642052451688e-02,2.945170182804593972e-01,-1.401178630926344759e+00,0.000000000000000000e+00
4.464999999999999858e+00,4.680657788537869943e-03,-5.310477215849442878e-01,-9.262342154628132318e-02,2.997597716038427063e-01,-1.363198932542683650e+00,0.000000000000000000e+00
4.469999999999999751e+00,2.007814759068466196e-03,-5.380529110505326562e-01,-9.111212405189915431e-02,3.047113036041013134e-01,-1.325563239831427875e+00,0.000000000000000000e+00
4.475000000000000533e+00,-6.995076378846173427e-04,-5.448398896533567237e-01,-8.957678160647479515e-02,3.093789652419192682e-01,-1.288274261353330230e+00,0.000000000000000000e+00
4.480000000000000426e+00,-3.440224662643124806e-03,-5.514111829130168285e-01,-8.801879548229324390e-02,3.137699648156832000e-01,-1.251334544315491515e+00,0.000000000000000000e+00
4.485000000000000320e+00,-6.213264197757830537e-03,-5.577693141315241965e-01,-8.643953126023525002e-02,3.178913711011346899e-01,-1.214746475814411975e+00,0.000000000000000000e+00
4.490000000000000213e+00,-9.017566735859324292e-03,-5.639168039666221377e-01,-8.484031951981027553e-02,3.217501163625640648e-01,-1.178512284249655373e+00,0.000000000000000000e+00
4.495000000000000107e+00,-1.185208536534432602e-02,-5.698561699929716173e-01,-8.322245651444229453e-02,3.253529992414615490e-01,-1.142634040900100123e+00,0.000000000000000000e+00
4.500000000000000000e+00,-1.471578575384121200e-02,-5.755899262529318161e-01,-8.158720483260653578e-02,3.287066875284431755e-01,-1.107113661654487213e+00,0.000000000000000000e+00
4.504999999999999893e+00,-1.760764612940693419e-02,-5.811205827986133388e-01,-7.993579404538646294e-02,3.318177208241532283e-01,-1.071952908887804368e+00,0.000000000000000000e+00
4.509999999999999787e+00,-2.052665725941577729e-02,-5.864506452268281045e-01,-7.826942134099228177e-02,3.346925130947169813e-01,-1.037153393474914642e+00,0.000000000000000000e+00
4.514999999999999680e+00,-2.347182242710838668e-02,-5.915826142084995576e-01,-7.658925214675428583e-02,3.373373551271784399e-01,-1.002716576932737969e+00,0.000000000000000000e+00
4.520000000000000462e+00,-2.644215740577713497e-02,-5.965189850140356631e-01,-7.489642073907816500e-02,3.397584168902071933e-01,-9.686437736823056976e-01,0.000000000000000000e+00
4.525000000000000355e+00,-2.943669043057128148e-02,-6.012622470361036475e-01,-7.319203084182279717e-02,3.419617498052018312e-01,-9.349361534219768899e-01,0.000000000000000000e+00
4.530000000000000249e+00,-3.245446216791236099e-02,-6.058148833111774989e-01,-7.147715621353620263e-02,3.439532889327527321e-01,-9.015947436031874762e-01,0.000000000000000000e+00
4.535000000000000142e+00,-3.549452568251700024e-02,-6.101793700411654031e-01,-6.975284122396074871e-02,3.457388550792572235e-01,-8.686204320001746915e-01,0.000000000000000000e+00
4.540000000000000036e+00,-3.855594640203064555e-02,-6.143581761163533494e-01,-6.802010142019521144e-02,3.473241568283068070e-01,-8.360139693652488546e-01,0.000000000000000000e+00
4.544999999999999929e+00,-4.163780207928176325e-02,-6.183537626408343035e-01,-6.627992408287872173e-02,3.487147925012887839e-01,-8.037759721613140229e-01,0.000000000000000000e+00
4.549999999999999822e+00,-4.473918275217169532e-02,-6.221685824615240668e-01,-6.453326877273973805e-02,3.499162520514662034e-01,-7.719069253635286731e-01,0.000000000000000000e+00
4.554999999999999716e+00,-4.785919070122072322e-02,-6.258050797017958855e-01,-6.278106786783237137e-02,3.509339188956198674e-01,-7.404071853221769750e-01,0.000000000000000000e+00
4.560000000000000497e+00,-5.099694040479589574e-02,-6.292656893006988161e-01,-6.102422709176241744e-02,3.517730716871562135e-01,-7.092769826790383814e-01,0.000000000000000000e+00
4.565000000000000391e+00,-5.415155849205077754e-02,-6.325528365586574608e-01,-5.926362603318637706e-02,3.524388860344049856e-01,-6.785164253297610859e-01,0.000000000000000000e+00
4.570000000000000284e+00,-5.732218369361164606e-02,-6.356689366904859639e-01,-5.750011865684863388e-02,3.529364361676524120e-01,-6.481255014250151270e-01,0.000000000000000000e+00
4.575000000000000178e+00,-6.050796679004865480e-02,-6.386163943864829884e-01,-5.573453380640454313e-02,3.532706965582786962e-01,-6.181040824034118586e-01,0.000000000000000000e+00
4.580000000000000071e+00,-6.370807055817416520e-02,-6.413976033823121092e-01,-5.396767569926087804e-02,3.534465434931943761e-01,-5.884519260494829318e-01,0.000000000000000000e+00
4.584999999999999964e+00,-6.692166971521379404e-02,-6.440149460383102209e-01,-5.220032441364952369e-02,3.534687566075990217e-01,-5.591686795702532908e-01,0.000000000000000000e+00
4.589999999999999858e+00,-7.014795086089878340e-02,-6.464707929288066035e-01,-5.043323636813558386e-02,3.533420203789169878e-01,-5.302538826842388975e-01,0.000000000000000000e+00
4.594999999999999751e+00,-7.338611241753111025e-02,-6.487675024419767844e-01,-4.866714479374724400e-02,3.530709255846011252e-01,-5.017069707169663495e-01,0.000000000000000000e+00
4.600000000000000533e+00,-7.663536456807518160e-02,-6.509074203906997091e-01,-4.690276019890160519e-02,3.526599707263344263e-01,-4.735272776974142062e-01,0.000000000000000000e+00
4.605000000000000426e+00,-7.989492919233220913e-02,-6.528928796348316688e-01,-4.514077082728857465e-02,3.521135634230037614e-01,-4.457140394500473946e-01,0.000000000000000000e+00
4.610000000000000320e+00,-8.316403980125525175e-02,-6.547261997152585833e-01,-4.338184310886327583e-02,3.514360217746680948e-01,-4.182663966774098352e-01,0.000000000000000000e+00
4.615000000000000213e+00,-8.644194146946460044e-02,-6.564096865000389469e-01,-4.162662210408678287e-02,3.506315756995970756e-01,-3.911833980285237544e-01,0.000000000000000000e+00
4.620000000000000107e+00,-8.972789076602473435e-02,-6.579456318429003359e-01,-3.987573194154494377e-02,3.497043682463138459e-01,-3.644640031486297005e-01,0.000000000000000000e+00
4.625000000000000000e+00,-9.302115568354502040e-02,-6.593363132543073046e-01,-3.812977624906566110e-02,3.486584568824388497e-01,-3.381070857060806123e-01,0.000000000000000000e+00
4.629999999999999893e+00,-9.632101556566759204e-02,-6.605839935852751976e-01,-3.638933857844651315e-02,3.474978147620008673e-01,-3.121114363924761825e-01,0.000000000000000000e+00
4.634999999999999787e+00,-9.962676103300646679e-02,-6.616909207240628810e-01,-3.465498282389637558e-02,3.462263319727538202e-01,-2.864757658924044215e-01,0.000000000000000000e+00
4.639999999999999680e+00,-1.029376939076024899e-01,-6.626593273058378752e-01,-3.292725363428748719e-02,3.448478167649181025e-01,-2.611987078194131229e-01,0.000000000000000000e+00
4.645000000000000462e+00,-1.062531271359591911e-01,-6.634914304353701775e-01,-3.120667681930750295e-02,3.433659967626490617e-01,-2.362788216151010534e-01,0.000000000000000000e+00
4.650000000000000355e+00,-1.095723847107247101e-01,-6.641894314227775320e-01,-2.949375974959489097e-02,3.417845201594248983e-01,-2.117145954084700410e-01,0.000000000000000000e+00
4.655000000000000249e+00,-1.128948015910850866e-01,-6.647555155323106035e-01,-2.778899175093528170e-02,3.401069568984413927e-01,-1.875044488329258296e-01,0.000000000000000000e+00
4.660000000000000142e+00,-1.162197236219339597e-01,-6.651918517441364198e-01,-2.609284449259127031e-02,3.383367998390013343e-01,-1.636467357985531557e-01,0.000000000000000000e+00
4.665000000000000036e+00,-1.195465074518835685e-01,-6.655005925290505830e-01,-2.440577236983340614e-02,3.364774659097920506e-01,-1.401397472175234249e-01,0.000000000000000000e+00
4.669999999999999929e+00,-1.228745204501814486e-01,-6.656838736360207731e-01,-2.272821288073585688e-02,3.345322972498547820e-01,-1.169817136807151936e-01,0.000000000000000000e+00
4.674999999999999822e+00,-1.262031406225966323e-01,-6.657438138924413051e-01,-2.106058699729650499e-02,3.325045623379660475e-01,-9.417080808384081791e-02,0.000000000000000000e+00
4.679999999999999716e+00,-1.295317565263386650e-01,-6.656825150169540795e-01,-1.940329953093775442e-02,3.303974571110714908e-01,-7.170514820158602198e-02,0.000000000000000000e+00
4.685000000000000497e+00,-1.328597671840717198e-01,-6.655020614446711669e-01,-1.775673949244132438e-02,3.282141060723385295e-01,-4.958279920844654853e-02,0.000000000000000000e+00
4.690000000000000391e+00,-1.361865819970855540e-01,-6.652045201646156203e-01,-1.612128044636769800e-02,3.259575633893241342e-01,-2.780177614516721185e-02,0.000000000000000000e+00
4.695000000000000284e+00,-1.395116206576837159e-01,-6.647919405691787853e-01,-1.449728086000853962e-02,3.236308139826896690e-01,-6.360046329833446421e-03,0.000000000000000000e+00
4.700000000000000178e+00,-1.428343130608486500e-01,-6.642663543153778383e-01,-1.288508444691836494e-02,3.212367746058336082e-01,1.474446828714226498e-02,0.000000000000000000e+00
4.705000000000000071e+00,-1.461540992152421670e-01,-6.636297751976827364e-01,-1.128502050507010357e-02,3.187782949157569878e-01,3.551388882473549558e-02,0.000000000000000000e+00
4.709999999999999964e+00,-1.494704291535983720e-01,-6.628841990321683308e-01,-9.697404249677684523e-03,3.162581585354242719e-01,5.595037723018236875e-02,0.000000000000000000e+00
4.714999999999999858e+00,-1.527827628425652007e-01,-6.620316035517382902e-01,-8.122537140727631791e-03,3.136790841078344605e-01,7.605613409530764812e-02,0.000000000000000000e+00
4.719999999999999751e+00,-1.560905700920492134e-01,-6.610739483121561566e-01,-6.560707205260651181e-03,3.110437263419731369e-01,9.583339653047429074e-02,0.000000000000000000e+00
4.725000000000000533e+00,-1.593933304641169668e-01,-6.600131746086109752e-01,-5.012189354443486941e-03,3.083546770507753498e-01,1.152844360961968739e-01,0.000000000000000000e+00
4.730000000000000426e+00,-1.626905331815050038e-01,-6.588512054025390530e-01,-3.477245695470731687e-03,3.056144661811928120e-01,1.344115567923334087e-01,0.000000000000000000e+00
4.735000000000000320e+00,-1.659816770357889215e-01,-6.575899452584150762e-01,-1.956125838335906302e-03,3.028255628364253105e-01,1.532170931046645812e-01,0.000000000000000000e+00
4.740000000000000213e+00,-1.692662702952608123e-01,-6.562312802902235953e-01,-4.490671975109084956e-04,2.999903762903459725e-01,1.717034081085673236e-01,0.000000000000000000e+00
4.745000000000000107e+00,-1.725438306125625654e-01,-6.547770781173170018e-01,1.043704711427163607e-03,2.971112569941221637e-01,1.898728916293760394e-01,0.000000000000000000e+00
4.750000000000000000e+00,-1.758138849321214392e-01,-6.532291878293635667e-01,2.521975980182738879e-03,2.941904975750113671e-01,2.077279584589668548e-01,0.000000000000000000e+00
4.754999999999999893e+00,-1.790759693974322830e-01,-6.515894399600874465e-01,3.985544021102829272e-03,2.912303338272875242e-01,2.252710466279828072e-01,0.000000000000000000e+00
4.759999999999999787e+00,-1.823296292582299583e-01,-6.498596464695017838e-01,5.434217285472922078e-03,2.882329456952364422e-01,2.425046157330711383e-01,0.000000000000000000e+00
4.764999999999999680e+00,-1.855744187775935639e-01,-6.480416007343363649e-01,6.867814986707859379e-03,2.852004582481412753e-01,2.594311453184179328e-01,0.000000000000000000e+00
4.770000000000000462e+00,-1.888099011390225179e-01,-6.461370775463614047e-01,8.286166828397424633e-03,2.821349426471655986e-01,2.760531333108068308e-01,0.000000000000000000e+00
4.775000000000000355e+00,-1.920356483535234915e-01,-6.441478331183109196e-01,9.689112737165883615e-03,2.790384171040290462e-01,2.923730945073830245e-01,0.000000000000000000e+00
4.780000000000000249e+00,-1.952512411667453318e-01,-6.420756050971111462e-01,1.107650260030413822e-02,2.759128478313613853e-01,3.083935591152312528e-01,0.000000000000000000e+00
4.785000000000000142e+00,-1.984562689661977242e-01,-6.399221125841222380e-01,1.244819600813259347e-02,2.727601499846118993e-01,3.241170713418547455e-01,0.000000000000000000e+00
4.790000000000000036e+00,-2.016503296885880925e-01,-6.376890561621046949e-01,1.380406200105220062e-02,2.695821885953855190e-01,3.395461880355858941e-01,0.000000000000000000e+00
4.794999999999999929e+00,-2.048330297273094625e-01,-6.353781179286256409e-01,1.514397882124045996e-02,2.663807794960718622e-01,3.546834773749321101e-01,0.000000000000000000e+00
4.799999999999999822e+00,-2.080039838401108732e-01,-6.329909615356246189e-01,1.646783366894852274e-02,2.631576902356306258e-01,3.695315176058301398e-01,0.000000000000000000e+00
4.804999999999999716e+00,-2.111628150569805351e-01,-6.305292322348623468e-01,1.777552246335481825e-02,2.599146409863948293e-01,3.840928958257541215e-01,0.000000000000000000e+00
4.810000000000000497e+00,-2.143091545882702120e-01,-6.279945569289826501e-01,1.906694960792996302e-02,2.566533054417525217e-01,3.983702068136002472e-01,0.000000000000000000e+00
4.815000000000000391e+00,-2.174426417330885819e-01,-6.253885442279203399e-01,2.034202776026696607e-02,2.533753117045691172e-01,4.123660519042604555e-01,0.000000000000000000e+00
4.820000000000000284e+00,-2.205629237879893068e-01,-6.227127845103967996e-01,2.160067760633013409e-02,2.500822431662136358e-01,4.260830379067761520e-01,0.000000000000000000e+00
4.825000000000000178e+00,-2.236696559559788466e-01,-6.199688499902471506e-01,2.284282763907532002e-02,2.467756393760543454e-01,4.395237760649576275e-01,0.000000000000000000e+00
4.830000000000000071e+00,-2.267625012558673880e-01,-6.171582947873326397e-01,2.406841394139356410e-02,2.434569969012941593e-01,4.526908810593459620e-01,0.000000000000000000e+00
4.834999999999999964e+00,-2.298411304319854798e-01,-6.142826550027954413e-01,2.527737997332949252e-02,2.401277701770191120e-01,4.655869700493924235e-01,0.000000000000000000e+00
4.839999999999999858e+00,-2.329052218642870264e-01,-6.113434487984203969e-01,2.646967636352523523e-02,2.367893723463390943e-01,4.782146617547291534e-01,0.000000000000000000e+00
4.844999999999999751e+00,-2.359544614788591510e-01,-6.083421764798750964e-01,2.764526070484003492e-02,2.334431760905051334e-01,4.905765755744038170e-01,0.000000000000000000e+00
4.850000000000000533e+00,-2.389885426588573003e-01,-6.052803205836059242e-01,2.880409735409516364e-02,2.300905144488940568e-01,5.026753307429618900e-01,0.000000000000000000e+00
4.855000000000000426e+00,-2.420071661558836351e-01,-6.021593459671740201e-01,2.994615723589320530e-02,2.267326816287575930e-01,5.145135455222590304e-01,0.000000000000000000e+00
4.860000000000000320e+00,-2.450100400018252189e-01,-5.989806999028234324e-01,3.107141765046030416e-02,2.233709338046401538e-01,5.260938364278997526e-01,0.000000000000000000e+00
4.865000000000000213e+00,-2.479968794211676320e-01,-5.957458121740777379e-01,3.217986208545947635e-02,2.200064899073767843e-01,5.374188174892093883e-01,0.000000000000000000e+00
4.870000000000000107e+00,-2.509674067437989153e-01,-5.924560951751711713e-01,3.327148003172269997e-02,2.166405324025905133e-01,5.484910995416554247e-01,0.000000000000000000e+00
4.875000000000000000e+00,-2.539213513183171123e-01,-5.891129440131248618e-01,3.434626680284907918e-02,2.132742080586158551e-01,5.593132895506506275e-01,0.000000000000000000e+00
4.879999999999999893e+00,-2.568584494258547291e-01,-5.857177366122870987e-01,3.540422335861606595e-02,2.099086287037834064e-01,5.698879899656846826e-01,0.000000000000000000e+00
4.884999999999999787e+00,-2.597784441944314127e-01,-5.822718338211615441e-01,3.644535613215037911e-02,2.065448719730084703e-01,5.802177981037495158e-01,0.000000000000000000e+00
4.889999999999999680e+00,-2.626810855138462797e-01,-5.787765795213557496e-01,3.746967686080501098e-02,2.031839820436348587e-01,5.903053055610374411e-01,0.000000000000000000e+00
4.895000000000000462e+00,-2.655661299511198892e-01,-5.752333007384875518e-01,3.847720242068853463e-02,1.998269703604930725e-01,6.001530976519151572e-01,0.000000000000000000e+00
4.900000000000000355e+00,-2.684333406664953792e-01,-5.716433077548938035e-01,3.946795466479264408e-02,1.964748163501405243e-01,6.097637528741906010e-01,0.000000000000000000e+00
4.905000000000000249e+00,-2.712824873300073159e-01,-5.680078942239924489e-01,4.044196026466378990e-02,1.931284681242592949e-01,6.191398423997159783e-01,0.000000000000000000e+00
4.910000000000000142e+00,-2.741133460386261933e-01,-5.643283372861553904e-01,4.139925055556470390e-02,1.897888431721951319e-01,6.282839295893843934e-01,0.000000000000000000e+00
4.915000000000000036e+00,-2.769256992339856893e-01,-5.606058976859545906e-01,4.233986138507140479e-02,1.864568290426296404e-01,6.371985695316078058e-01,0.000000000000000000e+00
4.919999999999999929e+00,-2.797193356206995052e-01,-5.568418198906514016e-01,4.326383296505142279e-02,1.831332840143849450e-01,6.458863086033779233e-01,0.000000000000000000e+00
4.924999999999999822e+00,-2.824940500852732850e-01,-5.530373322098041111e-01,4.417120972696889775e-02,1.798190377563684272e-01,6.543496840530389491e-01,0.000000000000000000e+00
4.929999999999999716e+00,-2.852496436156173321e-01,-5.491936469158748002e-01,4.506204018046224696e-02,1.765148919766720281e-01,6.625912236039198655e-01,0.000000000000000000e+00
4.935000000000000497e+00,-2.879859232211643971e-01,-5.453119603657216041e-01,4.593637677514030015e-02,1.732216210608489848e-01,6.706134450780053546e-01,0.000000000000000000e+00
4.940000000000000391e+00,-2.907027018535972007e-01,-5.413934531228690172e-01,4.679427576554279905e-02,1.699399726993967019e-01,6.784188560388347833e-01,0.000000000000000000e+00
4.945000000000000284e+00,-2.933997983281886324e-01,-5.374392900804534356e-01,4.763579707921140188e-02,1.666706685044828107e-01,6.860099534528530940e-01,0.000000000000000000e+00
4.950000000000000178e+00,-2.960770372457586230e-01,-5.334506205847459048e-01,4.846100418781753433e-02,1.634144046159572705e-01,6.933892233684545436e-01,0.000000000000000000e+00
4.955000000000000071e+00,-2.987342489152495784e-01,-5.294285785591608118e-01,4.926996398129358107e-02,1.601718522967001956e-01,7.005591406119840991e-01,0.000000000000000000e+00
4.959999999999999964e+00,-3.013712692769228152e-01,-5.253742826286621481e-01,5.006274664491431464e-02,1.569436585173615284e-01,7.075221684999878358e-01,0.000000000000000000e+00
4.964999999999999858e+00,-3.039879398261782772e-01,-5.212888362444842993e-01,5.083942553927559005e-02,1.537304465305545098e-01,7.142807585670207793e-01,0.000000000000000000e+00
4.969999999999999751e+00,-3.065841075379979186e-01,-5.171733278090901997e-01,5.160007708311781238e-02,1.505328164345706432e-01,7.208373503083478351e-01,0.000000000000000000e+00
4.975000000000000533e+00,-3.091596247920148088e-01,-5.130288308012919130e-01,5.234478063894191374e-02,1.473513457266895643e-01,7.271943709368936526e-01,0.000000000000000000e+00
4.980000000000000426e+00,-3.117143492982077935e-01,-5.088564039014641383e-01,5.307361840136605446e-02,1.441865898461625051e-01,7.333542351538222537e-01,0.000000000000000000e+00
4.985000000000000320e+00,-3.142481440232223755e-01,-5.046570911167862494e-01,5.378667528817155513e-02,1.410390827069525621e-01,7.393193449321429078e-01,0.000000000000000000e+00
4.990000000000000213e+00,-3.167608771173179294e-01,-5.004319219064498059e-01,5.448403883398716258e-02,1.379093372203205048e-01,7.450920893127664923e-01,0.000000000000000000e+00
4.995000000000000107e+00,-3.192524218419403592e-01,-4.961819113067749143e-01,5.516579908656099596e-02,1.347978458073487151e-01,7.506748442124575593e-01,0.000000000000000000e+00
5.000000000000000000e+00,-3.217226564979204784e-01,-4.919080600561806516e-01,5.583204850557019899e-02,1.317050809015002932e-01,7.560699722431399872e-01,0.000000000000000000e+00
5.004999999999999893e+00,-3.241714643542964458e-01,-4.876113547199592557e-01,5.648288186391865751e-02,1.286314954413143308e-01,7.612798225420478460e-01,0.000000000000000000e+00
5.009999999999999787e+00,-3.265987335777595368e-01,-4.832927678148070116e-01,5.711839615147377980e-02,1.255775233533421020e-01,7.663067306122193223e-01,0.000000000000000000e+00
5.014999999999999680e+00,-3.290043571627219166e-01,-4.789532579330671447e-01,5.773869048119376068e-02,1.225435800254322943e-01,7.711530181728600830e-01,0.000000000000000000e+00
5.020000000000000462e+00,-3.313882328620048057e-01,-4.745937698666445326e-01,5.834386599759738140e-02,1.195300627704764806e-01,7.758209930191195536e-01,0.000000000000000000e+00
5.025000000000000355e+00,-3.337502631181453738e-01,-4.702152347305536551e-01,5.893402578752892501e-02,1.165373512807294093e-01,7.803129488908389089e-01,0.000000000000000000e+00
5.030000000000000249e+00,-3.360903549953202507e-01,-4.658185700860647538e-01,5.950927479317139057e-02,1.135658080728209757e-01,7.846311653498520000e-01,0.000000000000000000e+00
5.035000000000000142e+00,-3.384084201118838231e-01,-4.614046800634157841e-01,6.006971972726170977e-02,1.106157789235794192e-01,7.887779076654353183e-01,0.000000000000000000e+00
5.040000000000000036e+00,-3.407043745735188200e-01,-4.569744554840597384e-01,6.061546899046239834e-02,1.076875932967875787e-01,7.927554267075207495e-01,0.000000000000000000e+00
5.044999999999999929e+00,-3.429781389069970210e-01,-4.525287739824203070e-01,6.114663259084456015e-02,1.047815647609960654e-01,7.965659588473052999e-01,0.000000000000000000e+00
5.049999999999999822e+00,-3.452296379945475335e-01,-4.480685001271299539e-01,6.166332206543785610e-02,1.018979913985188640e-01,8.002117258648977494e-01,0.000000000000000000e+00
5.054999999999999716e+00,-3.474588010088296985e-01,-4.435944855417280341e-01,6.216565040380368085e-02,9.903715620573878831e-02,8.036949348636728274e-01,0.000000000000000000e+00
5.060000000000000497e+00,-3.496655613485081804e-01,-4.391075690247971952e-01,6.265373197358840851e-02,9.619932748485141016e-02,8.070177781910063963e-01,0.000000000000000000e+00
5.065000000000000391e+00,-3.518498565744273554e-01,-4.346085766695194086e-01,6.312768244801422735e-02,9.338475922717727473e-02,8.101824333650848864e-01,0.000000000000000000e+00
5.070000000000000284e+00,-3.540116283463820568e-01,-4.300983219826344239e-01,6.358761873526570796e-02,9.059369148817349171e-02,8.131910630074961066e-01,0.000000000000000000e+00
5.075000000000000178e+00,-3.561508223604812895e-01,-4.255776060027848251e-01,6.403365890973100605e-02,8.782635075427625004e-02,8.160458147813238750e-01,0.000000000000000000e+00
5.080000000000000071e+00,-3.582673882871024174e-01,-4.210472174182343097e-01,6.446592214505704466e-02,8.508295030170687223e-02,8.187488213344787935e-01,0.000000000000000000e+00
5.084999999999999964e+00,-3.603612797094322695e-01,-4.165079326839464247e-01,6.488452864897899242e-02,8.236369054737424644e-02,8.213022002480112604e-01,0.000000000000000000e+00
5.089999999999999858e+00,-3.624324540625919466e-01,-4.119605161380134328e-01,6.528959959988474282e-02,7.966875939200686318e-02,8.237080539891691311e-01,0.000000000000000000e+00
5.094999999999999751e+00,-3.644808725733421628e-01,-4.074057201174255960e-01,6.568125708507588367e-02,7.699833255564797474e-02,8.259684698689691018e-01,0.000000000000000000e+00
5.100000000000000533e+00,-3.665065002003657368e-01,-4.028442850731725478e-01,6.605962404068736749e-02,7.435257390564731228e-02,8.280855200040648789e-01,0.000000000000000000e+00
5.105000000000000426e+00,-3.685093055751239022e-01,-3.982769396846702614e-01,6.642482419322864873e-02,7.173163577728280949e-02,8.300612612827069636e-01,0.000000000000000000e+00
5.110000000000000320e+00,-3.704892609432832717e-01,-3.937044009735072847e-01,6.677698200270974771e-02,6.913565928714524023e-02,8.318977353345969883e-01,0.000000000000000000e+00
5.115000000000000213e+00,-3.724463421067094604e-01,-3.891273744165058557e-01,6.711622260731646417e-02,6.656477463941889994e-02,8.335969685044528621e-01,0.000000000000000000e+00
5.120000000000000107e+00,-3.743805283660245342e-01,-3.845465540580937924e-01,6.744267176959949095e-02,6.401910142519022517e-02,8.351609718291095330e-01,0.000000000000000000e+00
5.125000000000000000e+00,-3.762918024637245118e-01,-3.799626226219844360e-01,6.775645582414292767e-02,6.149874891491625972e-02,8.365917410179870561e-01,0.000000000000000000e+00
5.129999999999999893e+00,-3.781801505278535869e-01,-3.753762516221623158e-01,6.805770162667829082e-02,5.900381634418383481e-02,8.378912564367717586e-01,0.000000000000000000e+00
5.134999999999999787e+00,-3.800455620162314085e-01,-3.707881014731737035e-01,6.834653650461081087e-02,5.653439319288962317e-02,8.390614830941588442e-01,0.000000000000000000e+00
5.139999999999999680e+00,-3.818880296612303105e-01,-3.661988215997209473e-01,6.862308820892551453e-02,5.409055945797025533e-02,8.401043706315214354e-01,0.000000000000000000e+00
5.145000000000000462e+00,-3.837075494150985477e-01,-3.616090505455609172e-01,6.888748486744100674e-02,5.167238591981081208e-02,8.410218533153674958e-01,0.000000000000000000e+00
5.150000000000000355e+00,-3.855041203958262663e-01,-3.570194160817083961e-01,6.913985493937982452e-02,4.927993440245870271e-02,8.418158500324639526e-01,0.000000000000000000e+00
5.155000000000000249e+00,-3.872777448335510408e-01,-3.524305353139451924e-01,6.938032717122462334e-02,4.691325802776905030e-02,8.424882642875104466e-01,0.000000000000000000e+00
5.160000000000000142e+00,-3.890284280174989284e-01,-3.478430147896371394e-01,6.960903055383012294e-02,4.457240146360619271e-02,8.430409842032493550e-01,0.000000000000000000e+00
5.165000000000000036e+00,-3.907561782434580411e-01,-3.432574506038607032e-01,6.982609428076157199e-02,4.225740116622481862e-02,8.434758825229113910e-01,0.000000000000000000e+00
5.169999999999999929e+00,-3.924610067617808618e-01,-3.386744285048424730e-01,7.003164770783072701e-02,3.996828561695274507e-02,8.437948166148970808e-01,0.000000000000000000e+00
5.174999999999999822e+00,-3.941429277259123620e-01,-3.340945239987135329e-01,7.022582031380125711e-02,3.770507555329597610e-02,8.439996284795995285e-01,0.000000000000000000e+00
5.179999999999999716e+00,-3.958019581414398691e-01,-3.295183024535827121e-01,7.040874166223602681e-02,3.546778419458523901e-02,8.440921447582884207e-01,0.000000000000000000e+00
5.185000000000000497e+00,-3.974381178156617400e-01,-3.249463192029320990e-01,7.058054136445918170e-02,3.325641746228154977e-02,8.440741767439681187e-01,0.000000000000000000e+00
5.190000000000000391e+00,-3.990514293076713459e-01,-3.203791196483384840e-01,7.074134904360664111e-02,3.107097419505689545e-02,8.439475203941371184e-01,0.000000000000000000e+00
5.195000000000000284e+00,-4.006419178789528135e-01,-3.158172393615247264e-01,7.089129429973922703e-02,2.891144635876443519e-02,8.437139563453766034e-01,0.000000000000000000e+00
5.200000000000000178e+00,-4.022096114444857484e-01,-3.112612041857454881e-01,7.103050667599299095e-02,2.677781925141102526e-02,8.433752499297018090e-01,0.000000000000000000e+00
5.205000000000000071e+00,-4.037545405243547769e-01,-3.067115303365114398e-01,7.115911562574227245e-02,2.467007170324314255e-02,8.429331511926125842e-01,0.000000000000000000e+00
5.209999999999999964e+00,-4.052767381958612969e-01,-3.021687245016566603e-01,7.127725048075110592e-02,2.258817627205558440e-02,8.423893949127873038e-01,0.000000000000000000e+00
5.214999999999999858e+00,-4.067762400461339967e-01,-2.976332839407538344e-01,7.138504042028949448e-02,2.053209943383059802e-02,8.417457006233636241e-01,0.000000000000000000e+00
5.219999999999999751e+00,-4.082530841252346998e-01,-2.931056965838814143e-01,7.148261444119141661e-02,1.850180176881333766e-02,8.410037726347550091e-01,0.000000000000000000e+00
5.225000000000000533e+00,-4.097073108997563162e-01,-2.885864411297483501e-01,7.157010132883198650e-02,1.649723814312772235e-02,8.401653000589559550e-01,0.000000000000000000e+00
5.230000000000000426e+00,-4.111389632069102351e-01,-2.840759871431803862e-01,7.164762962900184107e-02,1.451835788603504131e-02,8.392319568352933912e-01,0.000000000000000000e+00
5.235000000000000320e+00,-4.125480862090990519e-01,-2.795747951519733099e-01,7.171532762065704891e-02,1.256510496293582711e-02,8.382054017575805149e-01,0.000000000000000000e+00
5.240000000000000213e+00,-4.139347273489725199e-01,-2.750833167431173676e-01,7.177332328952364116e-02,1.063741814421367143e-02,8.370872785026330920e-01,0.000000000000000000e+00
5.245000000000000107e+00,-4.152989363049625071e-01,-2.706019946583980151e-01,7.182174430253614184e-02,8.735231170017889943e-03,8.358792156601182466e-01,0.000000000000000000e+00
5.250000000000000000e+00,-4.166407649472948505e-01,-2.661312628893777732e-01,7.186071798309009995e-02,6.858472911080086380e-03,8.345828267636947739e-01,0.000000000000000000e+00
5.254999999999999893e+00,-4.179602672944743302e-01,-2.616715467717636301e-01,7.189037128708891666e-02,5.007067525657860584e-03,8.331997103234202173e-01,0.000000000000000000e+00
5.259999999999999787e+00,-4.192574994702401581e-01,-2.572232630791648211e-01,7.191083077976595517e-02,3.180934612697063069e-03,8.317314498593889605e-01,0.000000000000000000e+00
5.264999999999999680e+00,-4.205325196609884242e-01,-2.527868201162453143e-01,7.192222261326319810e-02,1.379989361302219131e-03,8.301796139365836824e-01,0.000000000000000000e+00
5.270000000000000462e+00,-4.217853880736592287e-01,-2.483626178112759708e-01,7.192467250494817554e-02,-3.958573033971382518e-04,8.285457562009033161e-01,0.000000000000000000e+00
5.275000000000000355e+00,-4.230161668940846664e-01,-2.439510478080901823e-01,7.191830571645138614e-02,-2.146698577898218697e-03,8.268314154163518559e-01,0.000000000000000000e+00
5.280000000000000249e+00,-4.242249202457954449e-01,-2.395524935574477876e-01,7.190324703340687795e-02,-3.872631641410637787e-03,8.250381155033662539e-01,0.000000000000000000e+00
5.285000000000000142e+00,-4.254117141492825271e-01,-2.351673304078110982e-01,7.187962074587900263e-02,-5.573757520293624521e-03,8.231673655782563159e-01,0.000000000000000000e+00
5.290000000000000036e+00,-4.265766164817115791e-01,-2.307959256955373351e-01,7.184755062945870352e-02,-7.250180955764132934e-03,8.212206599937444951e-01,0.000000000000000000e+00
5.294999999999999929e+00,-4.277196969370865021e-01,-2.264386388344914458e-01,7.180715992701330874e-02,-8.902010274797035952e-03,8.191994783805817137e-01,0.000000000000000000e+00
5.299999999999999822e+00,-4.288410269868599412e-01,-2.220958214050829382e-01,7.175857133107396701e-02,-1.052935726414025788e-02,8.171052856902270012e-01,0.000000000000000000e+00
5.304999999999999716e+00,-4.299406798409873831e-01,-2.177678172427307823e-01,7.170190696684543286e-02,-1.213233704736950413e-02,8.149395322385716289e-01,0.000000000000000000e+00
5.310000000000000497e+00,-4.310187304094221794e-01,-2.134549625257596006e-01,7.163728837582307440e-02,-1.371106796490890317e-02,8.127036537506947544e-01,0.000000000000000000e+00
5.315000000000000391e+00,-4.320752552640486077e-01,-2.091575858627309215e-01,7.156483650000253216e-02,-1.526567145694559396e-02,8.103990714066333645e-01,0.000000000000000000e+00
5.320000000000000284e+00,-4.331103326010501964e-01,-2.048760083792126596e-01,7.148467166666770678e-02,-1.679627194916796101e-02,8.080271918881567483e-01,0.000000000000000000e+00
5.325000000000000178e+00,-4.341240422037105917e-01,-2.006105438039900990e-01,7.139691357374321201e-02,-1.830299674125886872e-02,8.055894074265309568e-01,0.000000000000000000e+00
5.330000000000000071e+00,-4.351164654056440262e-01,-1.963614985547212644e-01,7.130168127569748437e-02,-1.978597589807686366e-02,8.030870958512589253e-01,0.000000000000000000e+00
5.334999999999999964e+00,-4.360876850544525007e-01,-1.921291718230398460e-01,7.119909316998351834e-02,-2.124534214345996652e-02,8.005216206397879342e-01,0.000000000000000000e+00
5.339999999999999858e+00,-4.370377854758074609e-01,-1.879138556591082587e-01,7.108926698400409860e-02,-2.268123075658819848e-02,7.978943309681706397e-01,0.000000000000000000e+00
5.344999999999999751e+00,-4.379668524379526362e-01,-1.837158350556235831e-01,7.097231976258898400e-02,-2.409377947084259328e-02,7.952065617626692395e-01,0.000000000000000000e+00
5.350000000000000533e+00,-4.388749731166254886e-01,-1.795353880312789141e-01,7.084836785597165010e-02,-2.548312837509994835e-02,7.924596337522928913e-01,0.000000000000000000e+00
5.355000000000000426e+00,-4.397622360603948843e-01,-1.753727857136823942e-01,7.071752690825362786e-02,-2.684941981740413680e-02,7.896548535222556175e-01,0.000000000000000000e+00
5.360000000000000320e+00,-4.406287311564117126e-01,-1.712282924217362612e-01,7.057991184634462845e-02,-2.819279831095619637e-02,7.867935135683480352e-01,0.000000000000000000e+00
5.365000000000000213e+00,-4.414745495965701760e-01,-1.671021657474781319e-01,7.043563686936708812e-02,-2.951341044236696978e-02,7.838768923522085874e-01,0.000000000000000000e+00
5.370000000000000107e+00,-4.422997838440770879e-01,-1.629946566373861316e-01,7.028481543851382296e-02,-3.081140478211741654e-02,7.809062543574887272e-01,0.000000000000000000e+00
5.375000000000000000e+00,-4.431045276004260680e-01,-1.589060094731502837e-01,7.012756026734809356e-02,-3.208693179717320154e-02,7.778828501468986190e-01,0.000000000000000000e+00
5.379999999999999893e+00,-4.438888757727745271e-01,-1.548364621519114082e-01,6.996398331253519953e-02,-3.334014376570148402e-02,7.748079164201235880e-01,0.000000000000000000e+00
5.384999999999999787e+00,-4.446529244417203874e-01,-1.507862461659695008e-01,6.979419576499544531e-02,-3.457119469383922866e-02,7.716826760726062107e-01,0.000000000000000000e+00
5.389999999999999680e+00,-4.453967708294759853e-01,-1.467555866819628962e-01,6.961830804146813823e-02,-3.578024023446364082e-02,7.685083382551767262e-01,0.000000000000000000e+00
5.395000000000000462e+00,-4.461205132684367136e-01,-1.427447026195197421e-01,6.943642977647693226e-02,-3.696743760791668804e-02,7.652860984345282169e-01,0.000000000000000000e+00
5.400000000000000355e+00,-4.468242511701414621e-01,-1.387538067293829225e-01,6.924866981468665028e-02,-3.813294552463687009e-02,7.620171384545225690e-01,0.000000000000000000e+00
5.405000000000000249e+00,-4.475080849946223571e-01,-1.347831056710099007e-01,6.905513620364239769e-02,-3.927692410965273606e-02,7.587026265983187745e-01,0.000000000000000000e+00
5.410000000000000142e+00,-4.481721162201412478e-01,-1.308328000896481769e-01,6.885593618688153061e-02,-4.039953482889374614e-02,7.553437176513138063e-01,0.000000000000000000e+00
5.415000000000000036e+00,-4.488164473133103849e-01,-1.269030846928878020e-01,6.865117619740969401e-02,-4.150094041727538097e-02,7.519415529648828533e-01,0.000000000000000000e+00
5.419999999999999929e+00,-4.494411816995942388e-01,-1.229941483266914215e-01,6.844096185153207557e-02,-4.258130480851650412e-02,7.484972605209128105e-01,0.000000000000000000e+00
5.424999999999999822e+00,-4.500464237341905149e-01,-1.191061740509029437e-01,6.822539794303127125e-02,-4.364079306664812169e-02,7.450119549971130350e-01,0.000000000000000000e+00
5.429999999999999716e+00,-4.506322786732871455e-01,-1.152393392142355005e-01,6.800458843768356076e-02,-4.467957131917381364e-02,7.414867378330968206e-01,0.000000000000000000e+00
5.435000000000000497e+00,-4.511988526456930382e-01,-1.113938155287392817e-01,6.777863646810521059e-02,-4.569780669184317357e-02,7.379226972972201537e-01,0.000000000000000000e+00
5.440000000000000391e+00,-4.517462526248398613e-01,-1.075697691437499381e-01,6.754764432892106096e-02,-4.669566724500069654e-02,7.343209085541653192e-01,0.000000000000000000e+00
5.445000000000000284e+00,-4.522745864011522565e-01,-1.037673607193179137e-01,6.731171347224747248e-02,-4.767332191147347076e-02,7.306824337332620267e-01,0.000000000000000000e+00
5.450000000000000178e+00,-4.527839625547839253e-01,-9.998674549911930332e-02,6.707094450348202730e-02,-4.863094043596222910e-02,7.270083219975289612e-01,0.000000000000000000e+00
5.455000000000000071e+00,-4.532744904287169807e-01,-9.622807338284851408e-02,6.682543717739262978e-02,-4.956869331590107314e-02,7.232996096134263198e-01,0.000000000000000000e+00
5.459999999999999964e+00,-4.537462801022218439e-01,-9.249148899809311875e-02,6.657529039449870678e-02,-5.048675174375231306e-02,7.195573200213076781e-01,0.000000000000000000e+00
5.464999999999999858e+00,-4.541994423646753543e-01,-8.877713177169110903e-02,6.632060219773736054e-02,-5.138528755070367188e-02,7.157824639065573091e-01,0.000000000000000000e+00
5.469999999999999751e+00,-4.546340886897344280e-01,-8.508513600057082682e-02,6.606146976940767412e-02,-5.226447315173612246e-02,7.119760392713998520e-01,0.000000000000000000e+00
5.475000000000000533e+00,-4.550503312098624353e-01,-8.141563092207378116e-02,6.579798942838628595e-02,-5.312448149203139597e-02,7.081390315073707864e-01,0.000000000000000000e+00
5.480000000000000426e+00,-4.554482826912060189e-01,-7.776874078376039279e-02,6.553025662760759984e-02,-5.396548599468910939e-02,7.042724134684330561e-01,0.000000000000000000e+00
5.485000000000000320e+00,-4.558280565088196346e-01,-7.414458491269890206e-02,6.525836595180223298e-02,-5.478766050972432022e-02,7.003771455447257432e-01,0.000000000000000000e+00
5.490000000000000213e+00,-4.561897666222352044e-01,-7.054327778423741258e-02,6.498241111548735960e-02,-5.559117926431703105e-02,6.964541757369354658e-01,0.000000000000000000e+00
5.495000000000000107e+00,-4.565335275513744406e-01,-6.696492909025916762e-02,6.470248496120269144e-02,-5.637621681428607590e-02,6.925044397312687394e-01,0.000000000000000000e+00
5.500000000000000000e+00,-4.568594543528010088e-01,-6.340964380692108715e-02,6.441867945798607220e-02,-5.714294799676049308e-02,6.885288609750183086e-01,0.000000000000000000e+00
5.504999999999999893e+00,-4.571676625963101981e-01,-5.987752226187561394e-02,6.413108570008284326e-02,-5.789154788402222501e-02,6.845283507527055722e-01,0.000000000000000000e+00
5.509999999999999787e+00,-4.574582683418533802e-01,-5.636866020097577867e-02,6.383979390588305491e-02,-5.862219173849479714e-02,6.805038082627851148e-01,0.000000000000000000e+00
5.514999999999999680e+00,-4.577313881167947018e-01,-5.288314885446352559e-02,6.354489341708095818e-02,-5.933505496885321112e-02,6.764561206948960237e-01,0.000000000000000000e+00
5.520000000000000462e+00,-4.579871388934974030e-01,-4.942107500264130565e-02,6.324647269805117045e-02,-6.003031308723107140e-02,6.723861633076455568e-01,0.000000000000000000e+00
5.525000000000000355e+00,-4.582256380672372620e-01,-4.598252104102681231e-02,6.294461933543614440e-02,-6.070814166750150564e-02,6.682947995069102864e-01,0.000000000000000000e+00
5.530000000000000249e+00,-4.584470034344403921e-01,-4.256756504499095706e-02,6.263942003793954161e-02,-6.136871630460919574e-02,6.641828809246382859e-01,0.000000000000000000e+00
5.535000000000000142e+00,-4.586513531712431702e-01,-3.917628083387895976e-02,6.233096063632041772e-02,-6.201221257493136352e-02,6.600512474981370392e-01,0.000000000000000000e+00
5.540000000000000036e+00,-4.588388058123711866e-01,-3.580873803461461641e-02,6.201932608358304982e-02,-6.263880599764619361e-02,6.559007275498327516e-01,0.000000000000000000e+00
5.544999999999999929e+00,-4.590094802303351651e-01,-3.246500214478768159e-02,6.170460045535745841e-02,-6.324867199708776588e-02,6.517321378674828525e-01,0.000000000000000000e+00
5.549999999999999822e+00,-4.591634956149409086e-01,-2.914513459522440411e-02,6.138686695046570441e-02,-6.384198586606702752e-02,6.475462837848270370e-01,0.000000000000000000e+00
5.554999999999999716e+00,-4.593009714531107734e-01,-2.584919281204123287e-02,6.106620789166924274e-02,-6.441892273013910541e-02,6.433439592626619685e-01,0.000000000000000000e+00
5.560000000000000497e+00,-4.594220275090143413e-01,-2.257723027818174868e-02,6.074270472659260012e-02,-6.497965751279752289e-02,6.391259469703193252e-01,0.000000000000000000e+00
5.565000000000000391e+00,-4.595267838045051234e-01,-1.932929659443684972e-02,6.041643802881878356e-02,-6.552436490157652338e-02,6.348930183675360883e-01,0.000000000000000000e+00
5.570000000000000284e+00,-4.596153605998613556e-01,-1.610543753994832933e-02,6.008748749915199250e-02,-6.605321931504322397e-02,6.306459337866960890e-01,0.000000000000000000e+00
5.575000000000000178e+00,-4.596878783748279962e-01,-1.290569513219591916e-02,5.975593196704312438e-02,-6.656639487066176586e-02,6.263854425154288252e-01,0.000000000000000000e+00
5.580000000000000071e+00,-4.597444578099572632e-01,-9.730107686467974470e-03,5.942184939217386164e-02,-6.706406535351197573e-02,6.221122828795488946e-01,0.000000000000000000e+00
5.584999999999999964e+00,-4.597852197682452124e-01,-6.578709874815957814e-03,5.908531686619503814e-02,-6.754640418584571815e-02,6.178271823263168372e-01,0.000000000000000000e+00
5.589999999999999858e+00,-4.598102852770619142e-01,-3.451532784492940004e-03,5.874641061461519098e-02,-6.801358439746435502e-02,6.135308575080092863e-01,0.000000000000000000e+00
5.594999999999999751e+00,-4.598197755103725637e-01,-3.486039758763695776e-04,5.840520599883517600e-02,-6.846577859690124168e-02,6.092240143657761120e-01,0.000000000000000000e+00
5.600000000000000533e+00,-4.598138117712466388e-01,2.730052460124616966e-03,5.806177751832489881e-02,-6.890315894339359148e-02,6.049073482137709012e-01,0.000000000000000000e+00
5.605000000000000426e+00,-4.597925154746532739e-01,5.784415845177000651e-03,5.771619881293826165e-02,-6.932589711962827694e-02,6.005815438235410086e-01,0.000000000000000000e+00
5.610000000000000320e+00,-4.597560081305392399e-01,8.814468857146458627e-03,5.736854266536246805e-02,-6.973416430524684295e-02,5.962472755086520859e-01,0.000000000000000000e+00
5.615000000000000213e+00,-4.597044113271880894e-01,1.182019747423427962e-02,5.701888100369791046e-02,-7.012813115109492457e-02,5.919052072095367656e-01,0.000000000000000000e+00
5.620000000000000107e+00,-4.596378467148568570e-01,1.480159091962818946e-02,5.666728490416503283e-02,-7.050796775420205276e-02,5.875559925785520665e-01,0.000000000000000000e+00
5.625000000000000000e+00,-4.595564359896885942e-01,1.775864160666656283e-02,5.631382459393444867e-02,-7.087384363347777605e-02,5.832002750652213185e-01,0.000000000000000000e+00
5.629999999999999893e+00,-4.594603008778975206e-01,2.069134508451549517e-02,5.595856945407683136e-02,-7.122592770611070601e-02,5.788386880016497260e-01,0.000000000000000000e+00
5.634999999999999787e+00,-4.593495631202246798e-01,2.359969998435809679e-02,5.560158802262909344e-02,-7.156438826465705283e-02,5.744718546880974719e-01,0.000000000000000000e+00
5.639999999999999680e+00,-4.592243444566613264e-01,2.648370796609543498e-02,5.524294799777340614e-02,-7.188939295480586966e-02,5.701003884786886022e-01,0.000000000000000000e+00
5.645000000000000462e+00,-4.590847666114374337e-01,2.934337366555833659e-02,5.488271624112573549e-02,-7.220110875380826576e-02,5.657248928672435895e-01,0.000000000000000000e+00
5.650000000000000355e+00,-4.589309512782731026e-01,3.217870464222938320e-02,5.452095878113060595e-02,-7.249970194955815406e-02,5.613459615732186991e-01,0.000000000000000000e+00
5.655000000000000249e+00,-4.587630201058897628e-01,3.498971132747423496e-02,5.415774081655883726e-02,-7.278533812031259820e-02,5.569641786277323980e-01,0.000000000000000000e+00
5.660000000000000142e+00,-4.585810946837792224e-01,3.777640697328146085e-02,5.379312672010513885e-02,-7.305818211503969928e-02,5.525801184596670357e-01,0.000000000000000000e+00
5.665000000000000036e+00,-4.583852965282276815e-01,4.053880760150995605e-02,5.342718004208238392e-02,-7.331839803438261471e-02,5.481943459818255926e-01,0.000000000000000000e+00
5.669999999999999929e+00,-4.581757470685921541e-01,4.327693195364298168e-02,5.305996351420955853e-02,-7.356614921222827397e-02,5.438074166771312834e-01,0.000000000000000000e+00
5.674999999999999822e+00,-4.579525676338268569e-01,4.599080144104779333e-02,5.269153905349039518e-02,-7.380159819786967501e-02,5.394198766848499194e-01,0.000000000000000000e+00
5.679999999999999716e+00,-4.577158794392571228e-01,4.868044009573982422e-02,5.232196776617970696e-02,-7.402490673875092297e-02,5.350322628868220409e-01,0.000000000000000000e+00
5.685000000000000497e+00,-4.574658035735982842e-01,5.134587452165020882e-02,5.195130995183458444e-02,-7.423623576378424183e-02,5.306451029936893882e-01,0.000000000000000000e+00
5.690000000000000391e+00,-4.572024609862168076e-01,5.398713384639557827e-02,5.157962510744758949e-02,-7.443574536722867563e-02,5.262589156310979455e-01,0.000000000000000000e+00
5.695000000000000284e+00,-4.569259724746313478e-01,5.660424967354875381e-02,5.120697193165917038e-02,-7.462359479312007104e-02,5.218742104258631276e-01,0.000000000000000000e+00
5.700000000000000178e+00,-4.566364586722513330e-01,5.919725603540914455e-02,5.083340832904657824e-02,-7.479994242024233519e-02,5.174914880920840066e-01,0.000000000000000000e+00
5.705000000000000071e+00,-4.563340400363503635e-01,6.176618934627140650e-02,5.045899141448658559e-02,-7.496494574763011565e-02,5.131112405171877056e-01,0.000000000000000000e+00
5.709999999999999964e+00,-4.560188368362719791e-01,6.431108835619103736e-02,5.008377751758938401e-02,-7.511876138059325747e-02,5.087339508478909700e-01,0.000000000000000000e+00
5.714999999999999858e+00,-4.556909691418654096e-01,6.683199410524533202e-02,4.970782218720107976e-02,-7.526154501725342005e-02,5.043600935760669257e-01,0.000000000000000000e+00
5.719999999999999751e+00,-4.553505568121488101e-01,6.932894987828829014e-02,4.933118019597225457e-02,-7.539345143558359719e-02,4.999901346244973732e-01,0.000000000000000000e+00
5.725000000000000533e+00,-4.549977194841975381e-01,7.180200116019777590e-02,4.895390554499006591e-02,-7.551463448094140885e-02,4.956245314324988493e-01,0.000000000000000000e+00
5.730000000000000426e+00,-4.546325765622547532e-01,7.425119559161338922e-02,4.857605146847147892e-02,-7.562524705408708858e-02,4.912637330414100778e-01,0.000000000000000000e+00
5.735000000000000320e+00,-4.542552472070622849e-01,7.667658292516331409e-02,4.819767043851522215e-02,-7.572544109967728476e-02,4.869081801799239329e-01,0.000000000000000000e+00
5.740000000000000213e+00,-4.538658503254091592e-01,7.907821498217837419e-02,4.781881416991010103e-02,-7.581536759522605751e-02,4.825583053492519259e-01,0.000000000000000000e+00
5.745000000000000107e+00,-4.534645045598952873e-01,8.145614560989154762e-02,4.743953362499733067e-02,-7.589517654052445328e-02,4.782145329081062268e-01,0.000000000000000000e+00
5.750000000000000000e+00,-4.530513282789078722e-01,8.381043063912102520e-02,4.705987901858468131e-02,-7.596501694751024714e-02,4.738772791574893395e-01,0.000000000000000000e+00
5.754999999999999893e+00,-4.526264395668083695e-01,8.614112784243498078e-02,4.667989982291014667e-02,-7.602503683057956763e-02,4.695469524252737781e-01,0.000000000000000000e+00
5.759999999999999787e+00,-4.521899562143272266e-01,8.844829689279601337e-02,4.629964477265296335e-02,-7.607538319733223031e-02,4.652239531505624193e-01,0.000000000000000000e+00
5.764999999999999680e+00,-4.517419957091644012e-01,9.073199932268331824e-02,4.591916186998983018e-02,-7.611620203974278631e-02,4.609086739678154299e-01,0.000000000000000000e+00
5.770000000000000462e+00,-4.512826752267928843e-01,9.299229848369044982e-02,4.553849838969425967e-02,-7.614763832574936164e-02,4.566014997907322792e-01,0.000000000000000000e+00
5.775000000000000355e+00,-4.508121116214632296e-01,9.522925950659663630e-02,4.515770088427690371e-02,-7.616983599125248805e-02,4.523028078958754028e-01,0.000000000000000000e+00
5.780000000000000249e+00,-4.503304214174064235e-01,9.744294926190946726e-02,4.477681518916492437e-02,-7.618293793251627866e-02,4.480129680060253583e-01,0.000000000000000000e+00
5.785000000000000142e+00,-4.498377208002328764e-01,9.963343632087665047e-02,4.439588642791834905e-02,-7.618708599896435729e-02,4.437323423732548178e-01,0.000000000000000000e+00
5.790000000000000036e+00,-4.493341256085253699e-01,1.018007909169647562e-01,4.401495901748146006e-02,-7.618242098636317239e-02,4.394612858617099049e-01,0.000000000000000000e+00
5.794999999999999929e+00,-4.488197513256230731e-01,1.039450849078024930e-01,4.363407667346734520e-02,-7.616908263038522919e-02,4.352001460300881086e-01,0.000000000000000000e+00
5.799999999999999822e+00,-4.482947130715950745e-01,1.060663917375861964e-01,4.325328241547367336e-02,-7.614720960054513488e-02,4.309492632138030022e-01,0.000000000000000000e+00
5.804999999999999716e+00,-4.477591255954004867e-01,1.081647863999451870e-01,4.287261857242787716e-02,-7.611693949450119845e-02,4.267089706068214472e-01,0.000000000000000000e+00
5.810000000000000497e+00,-4.472131032672332362e-01,1.102403454012645112e-01,4.249212678795993847e-02,-7.607840883271564658e-02,4.224795943431687295e-01,0.000000000000000000e+00
5.815000000000000391e+00,-4.466567600710489860e-01,1.122931467244625836e-01,4.211184802580097974e-02,-7.603175305346646096e-02,4.182614535780856957e-01,0.000000000000000000e+00
5.820000000000000284e+00,-4.460902095972720804e-01,1.143232697932212022e-01,4.173182257520594712e-02,-7.597710650820402312e-02,4.140548605688319506e-01,0.000000000000000000e+00
5.825000000000000178e+00,-4.455135650356802368e-01,1.163307954366654406e-01,4.135209005639863683e-02,-7.591460245724572509e-02,4.098601207551235137e-01,0.000000000000000000e+00
5.830000000000000071e+00,-4.449269391684646524e-01,1.183158058544906688e-01,4.097268942603743413e-02,-7.584437306580199545e-02,4.056775328391969415e-01,0.000000000000000000e+00
5.834999999999999964e+00,-4.443304443634634726e-01,1.202783845825342313e-01,4.059365898270011347e-02,-7.576654940032709340e-02,4.015073888654884793e-01,0.000000000000000000e+00
5.839999999999999858e+00,-4.437241925675661780e-01,1.222186164587889395e-01,4.021503637238606904e-02,-7.568126142518813437e-02,3.973499742999238027e-01,0.000000000000000000e+00
5.844999999999999751e+00,-4.431082953002868918e-01,1.241365875898557541e-01,3.983685859403443552e-02,-7.558863799964610219e-02,3.932055681088035270e-01,0.000000000000000000e+00
5.850000000000000533e+00,-4.424828636475042765e-01,1.260323853178329234e-01,3.945916200505651672e-02,-7.548880687514224197e-02,3.890744428372825414e-01,0.000000000000000000e+00
5.855000000000000426e+00,-4.418480082553659094e-01,1.279060981876386505e-01,3.908198232688105817e-02,-7.538189469288389399e-02,3.849568646874308442e-01,0.000000000000000000e+00
5.860000000000000320e+00,-4.412038393243550294e-01,1.297578159147646792e-01,3.870535465051083007e-02,-7.526802698172337103e-02,3.808530935958687191e-01,0.000000000000000000e+00
5.865000000000000213e+00,-4.405504666035173211e-01,1.315876293534577746e-01,3.832931344208911212e-02,-7.514732815632386986e-02,3.767633833109704233e-01,0.000000000000000000e+00
5.870000000000000107e+00,-4.398879993848459069e-01,1.333956304653262370e-01,3.795389254847462285e-02,-7.501992151560644972e-02,3.726879814696277271e-01,0.000000000000000000e+00
5.875000000000000000e+00,-4.392165464978219913e-01,1.351819122883686497e-01,3.757912520282355451e-02,-7.488592924147201291e-02,3.686271296735654790e-01,0.000000000000000000e+00
5.879999999999999893e+00,-4.385362163041096051e-01,1.369465689064217895e-01,3.720504403017731165e-02,-7.474547239779255614e-02,3.645810635652049769e-01,0.000000000000000000e+00
5.884999999999999787e+00,-4.378471166924018387e-01,1.386896954190247611e-01,3.683168105305460044e-02,-7.459867092966578073e-02,3.605500129030648759e-01,0.000000000000000000e+00
5.889999999999999680e+00,-4.371493550734169009e-01,1.404113879116964114e-01,3.645906769704665429e-02,-7.444564366292746871e-02,3.565342016366973010e-01,0.000000000000000000e+00
5.895000000000000462e+00,-4.364430383750415032e-01,1.421117434266229995e-01,3.608723479641422205e-02,-7.428650830391581028e-02,3.525338479811496173e-01,0.000000000000000000e+00
5.900000000000000355e+00,-4.357282730376201285e-01,1.437908599337529847e-01,3.571621259968513901e-02,-7.412138143948227009e-02,3.485491644909479159e-01,0.000000000000000000e+00
5.905000000000000249e+00,-4.350051650093875177e-01,1.454488363022959363e-01,3.534603077525121095e-02,-7.395037853724335808e-02,3.445803581335968868e-01,0.000000000000000000e+00
5.910000000000000142e+00,-4.342738197420429325e-01,1.470857722726225392e-01,3.497671841696329414e-02,-7.377361394606792022e-02,3.406276303625884738e-01,0.000000000000000000e+00
5.915000000000000036e+00,-4.335343421864635838e-01,1.487017684285624197e-01,3.460830404972331520e-02,-7.359120089679457855e-02,3.366911771899171457e-01,0.000000000000000000e+00
5.919999999999999929e+00,-4.327868367885559509e-01,1.502969261700968229e-01,3.424081563507217624e-02,-7.340325150317392189e-02,3.327711892580944020e-01,0.000000000000000000e+00
5.924999999999999822e+00,-4.320314074852422692e-01,1.518713476864429479e-01,3.387428057677235177e-02,-7.320987676303039593e-02,3.288678519116595700e-01,0.000000000000000000e+00
5.929999999999999716e+00,-4.312681577005810230e-01,1.534251359295266959e-01,3.350872572638420588e-02,-7.301118655963845239e-02,3.249813452681805104e-01,0.000000000000000000e+00
5.935000000000000497e+00,-4.304971903420188317e-01,1.549583945878407754e-01,3.314417738883482928e-02,-7.280728966330807239e-02,3.211118442887429536e-01,0.000000000000000000e+00
5.940000000000000391e+00,-4.297186077967721229e-01,1.564712280606848638e-01,3.278066132797850113e-02,-7.259829373317455703e-02,3.172595188479208073e-01,0.000000000000000000e+00
5.945000000000000284e+00,-4.289325119283368126e-01,1.579637414327847433e-01,3.241820277214764456e-02,-7.238430531918746413e-02,3.134245338032266015e-01,0.000000000000000000e+00
5.950000000000000178e+00,-4.281390040731238300e-01,1.594360404492870253e-01,3.205682641969340163e-02,-7.216542986429400064e-02,3.096070490640376316e-01,0.000000000000000000e+00
5.955000000000000071e+00,-4.273381850372186541e-01,1.608882314911263545e-01,3.169655644451477294e-02,-7.194177170681179123e-02,3.058072196599930792e-01,0.000000000000000000e+00
5.959999999999999964e+00,-4.265301550932632524e-01,1.623204215507618176e-01,3.133741650157545466e-02,-7.171343408298641586e-02,3.020251958088610023e-01,0.000000000000000000e+00
5.964999999999999858e+00,-4.257150139774583120e-01,1.637327182082793653e-01,3.097942973240742914e-02,-7.148051912972883115e-02,2.982611229838714739e-01,0.000000000000000000e+00
5.969999999999999751e+00,-4.248928608866842094e-01,1.651252296078567772e-01,3.062261877060042797e-02,-7.124312788752812375e-02,2.945151419805120963e-01,0.000000000000000000e+00
5.975000000000000533e+00,-4.240637944757385536e-01,1.664980644345881722e-01,3.026700574727640355e-02,-7.100136030353487726e-02,2.907873889827845559e-01,0.000000000000000000e+00
5.980000000000000426e+00,-4.232279128546887481e-01,1.678513318916646790e-01,2.991261229654816611e-02,-7.075531523481071172e-02,2.870779956289209456e-01,0.000000000000000000e+00
5.985000000000000320e+00,-4.223853135863379071e-01,1.691851416779078243e-01,2.955945956096136737e-02,-7.050509045173938838e-02,2.833870890765535777e-01,0.000000000000000000e+00
5.990000000000000213e+00,-4.215360936838021266e-01,1.704996039656526408e-01,2.920756819691902942e-02,-7.025078264159520525e-02,2.797147920673417332e-01,0.000000000000000000e+00
5.995000000000000107e+00,-4.206803496081974458e-01,1.717948293789770819e-01,2.885695838008785902e-02,-6.999248741226411774e-02,2.760612229910489601e-01,0.000000000000000000e+00
6.000000000000000000e+00,-4.198181772664348888e-01,1.730709289722743294e-01,2.850764981078557012e-02,-6.973029929611350430e-02,2.724264959490727556e-01,0.000000000000000000e+00
6.004999999999999893e+00,-4.189496720091216986e-01,1.743280142091648832e-01,2.815966171934850340e-02,-6.946431175400609448e-02,2.688107208174222995e-01,0.000000000000000000e+00
6.009999999999999787e+00,-4.180749286285672661e-01,1.755661969417450785e-01,2.781301287147882120e-02,-6.919461717945403489e-02,2.652140033091457960e-01,0.000000000000000000e+00
6.015000000000000568e+00,-4.171940413568919204e-01,1.767855893901687236e-01,2.746772157357059430e-02,-6.892130690290892980e-02,2.616364450362039240e-01,0.000000000000000000e+00
6.020000000000000462e+00,-4.163071038642370270e-01,1.779863041225585307e-01,2.712380567801409709e-02,-6.864447119618370674e-02,2.580781435707897864e-01,0.000000000000000000e+00
6.025000000000000355e+00,-4.154142092570745626e-01,1.791684540352441457e-01,2.678128258847768325e-02,-6.836419927700235211e-02,2.545391925060951355e-01,0.000000000000000000e+00
6.030000000000000249e+00,-4.145154500766149996e-01,1.803321523333233645e-01,2.644016926516660343e-02,-6.808057931367361704e-02,2.510196815165209872e-01,0.000000000000000000e+00
6.035000000000000142e+00,-4.136109182973112808e-01,1.814775125115434817e-01,2.610048223005813350e-02,-6.779369842988464123e-02,2.475196964173321801e-01,0.000000000000000000e+00
6.040000000000000036e+00,-4.127007053254576618e-01,1.826046483354991090e-01,2.576223757211246537e-02,-6.750364270961077551e-02,2.440393192237578224e-01,0.000000000000000000e+00
6.044999999999999929e+00,-4.117849019978819247e-01,1.837136738231435751e-01,2.542545095245875297e-02,-6.721049720213781442e-02,2.405786282095341289e-01,0.000000000000000000e+00
6.049999999999999822e+00,-4.108635985807291835e-01,1.848047032266104395e-01,2.509013760955577932e-02,-6.691434592719280872e-02,2.371376979648936456e-01,0.000000000000000000e+00
6.054999999999999716e+00,-4.099368847683356742e-01,1.858778510143418439e-01,2.475631236432669982e-02,-6.661527188017991874e-02,2.337165994539965874e-01,0.000000000000000000e+00
6.060000000000000497e+00,-4.090048496821913071e-01,1.869332318535205928e-01,2.442398962526735884e-02,-6.631335703751757571e-02,2.303154000718088956e-01,0.000000000000000000e+00
6.065000000000000391e+00,-4.080675818699892599e-01,1.879709605928025218e-01,2.409318339352766944e-02,-6.600868236207348139e-02,2.269341637004246293e-01,0.000000000000000000e+00
6.070000000000000284e+00,-4.071251693047611697e-01,1.889911522453460724e-01,2.376390726796558106e-02,-6.570132780869385181e-02,2.235729507648341885e-01,0.000000000000000000e+00
6.075000000000000178e+00,-4.061776993840964245e-01,1.899939219721357431e-01,2.343617445017318057e-02,-6.539137232982358827e-02,2.202318182881396191e-01,0.000000000000000000e+00
6.080000000000000071e+00,-4.052252589294441654e-01,1.909793850655963354e-01,2.310999774947445490e-02,-6.507889388121378127e-02,2.169108199462173037e-01,0.000000000000000000e+00
6.084999999999999964e+00,-4.042679341854963915e-01,1.919476569334945815e-01,2.278538958789432661e-02,-6.476396942771346643e-02,2.136100061218284829e-01,0.000000000000000000e+00
6.089999999999999858e+00,-4.033058108196508895e-01,1.928988530831251269e-01,2.246236200509850456e-02,-6.444667494914207984e-02,2.103294239581803282e-01,0.000000000000000000e+00
6.094999999999999751e+00,-4.023389739215525451e-01,1.938330891057775951e-01,2.214092666330379558e-02,-6.412708544623957341e-02,2.070691174119370648e-01,0.000000000000000000e+00
6.100000000000000533e+00,-4.013675080027117037e-01,1.947504806614815953e-01,2.182109485215847147e-02,-6.380527494669095689e-02,2.038291273056835884e-01,0.000000000000000000e+00
6.105000000000000426e+00,-4.003914969961980264e-01,1.956511434640265390e-01,2.150287749359233030e-02,-6.348131651122211616e-02,2.006094913798423807e-01,0.000000000000000000e+00
6.110000000000000320e+00,-3.994110242564083979e-01,1.965351932662530443e-01,2.118628514663610865e-02,-6.315528223976382693e-02,1.974102443440465537e-01,0.000000000000000000e+00
6.115000000000000213e+00,-3.984261725589080538e-01,1.974027458456129036e-01,2.087132801220991166e-02,-6.282724327768104966e-02,1.942314179279680253e-01,0.000000000000000000e+00
6.120000000000000107e+00,-3.974370241003430948e-01,1.982539169899943388e-01,2.055801593788034523e-02,-6.249726982206440379e-02,1.910730409316057921e-01,0.000000000000000000e+00
6.125000000000000000e+00,-3.964436604984230561e-01,1.990888224838095744e-01,2.024635842258602075e-02,-6.216543112808102511e-02,1.879351392750340521e-01,0.000000000000000000e+00
6.129999999999999893e+00,-3.954461627919726441e-01,1.999075780943416480e-01,1.993636462133119291e-02,-6.183179551538185714e-02,1.848177360476126185e-01,0.000000000000000000e+00
6.134999999999999787e+00,-3.944446114410508630e-01,2.007102995583472660e-01,1.962804334984719762e-02,-6.149643037456261480e-02,1.817208515566622884e-01,0.000000000000000000e+00
6.140000000000000568e+00,-3.934390863271368111e-01,2.014971025689127337e-01,1.932140308922147484e-02,-6.115940217367567960e-02,1.786445033756060563e-01,0.000000000000000000e+00
6.145000000000000462e+00,-3.924296667533800909e-01,2.022681027625600203e-01,1.901645199049390583e-02,-6.082077646479017163e-02,1.755887063915801127e-01,0.000000000000000000e+00
6.150000000000000355e+00,-3.914164314449156690e-01,2.030234157065996525e-01,1.871319787922023220e-02,-6.048061789059757526e-02,1.725534728525152939e-01,0.000000000000000000e+00
6.155000000000000249e+00,-3.903994585492407410e-01,2.037631568867277476e-01,1.841164826000233484e-02,-6.013899019106029586e-02,1.695388124136919250e-01,0.000000000000000000e+00
6.160000000000000142e+00,-3.893788256366535472e-01,2.044874416948639639e-01,1.811181032098518190e-02,-5.979595621010062173e-02,1.665447321837715822e-01,0.000000000000000000e+00
6.165000000000000036e+00,-3.883546097007519737e-01,2.051963854172275947e-01,1.781369093832022021e-02,-5.945157790232754452e-02,1.635712367703061609e-01,0.000000000000000000e+00
6.169999999999999929e+00,-3.873268871589914952e-01,2.058901032226486683e-01,1.751729668059505765e-02,-5.910591633979898202e-02,1.606183283247293037e-01,0.000000000000000000e+00
6.174999999999999822e+00,-3.862957338533008489e-01,2.065687101511113344e-01,1.722263381322923850e-02,-5.875903171881705078e-02,1.576860065868308791e-01,0.000000000000000000e+00
6.179999999999999716e+00,-3.852612250507543856e-01,2.072323211025263179e-01,1.692970830283597322e-02,-5.841098336675398101e-02,1.547742689287178175e-01,0.000000000000000000e+00
6.185000000000000497e+00,-3.842234354443000433e-01,2.078810508257299683e-01,1.663852582154965593e-02,-5.806182974890632814e-02,1.518831103982654640e-01,0.000000000000000000e+00
6.190000000000000391e+00,-3.831824391535417762e-01,2.085150139077066589e-01,1.634909175131906561e-02,-5.771162847537529561e-02,1.490125237620597842e-01,0.000000000000000000e+00
6.195000000000000284e+00,-3.821383097255752759e-01,2.091343247630318425e-01,1.606141118816607760e-02,-5.736043630797089954e-02,1.461624995478357503e-01,0.000000000000000000e+00
6.200000000000000178e+00,-3.810911201358759826e-01,2.097390976235329885e-01,1.577548894640982621e-02,-5.700830916713781060e-02,1.433330260864135453e-01,0.000000000000000000e+00
6.205000000000000071e+00,-3.800409427892381675e-01,2.103294465281655146e-01,1.549132956285616779e-02,-5.665530213890073580e-02,1.405240895531359446e-01,0.000000000000000000e+00
6.209999999999999964e+00,-3.789878495207642528e-01,2.109054853131008267e-01,1.520893730095237983e-02,-5.630146948182730010e-02,1.377356740088097053e-01,0.000000000000000000e+00
6.214999999999999858e+00,-3.779319115969029808e-01,2.114673276020239967e-01,1.492831615490701307e-02,-5.594686463400633247e-02,1.349677614401551262e-01,0.000000000000000000e+00
6.219999999999999751e+00,-3.768731997165357117e-01,2.120150867966379415e-01,1.464946985377480609e-02,-5.559154022003963413e-02,1.322203317997654726e-01,0.000000000000000000e+00
6.225000000000000533e+00,-3.758117840121096842e-01,2.125488760673717725e-01,1.437240186550661596e-02,-5.523554805804520990e-02,1.294933630455807894e-01,0.000000000000000000e+00
6.230000000000000426e+00,-3.747477340508170718e-01,2.130688083442902336e-01,1.409711540096431417e-02,-5.487893916667010985e-02,1.267868311798778513e-01,0.000000000000000000e+00
6.235000000000000320e+00,-3.736811188358193370e-01,2.135749963082018699e-01,1.382361341790058588e-02,-5.452176377211102876e-02,1.241007102877820234e-01,0.000000000000000000e+00
6.240000000000000213e+00,-3.726120068075150504e-01,2.140675523819630943e-01,1.355189862490362336e-02,-5.416407131514078960e-02,1.214349725753013920e-01,0.000000000000000000e+00
6.245000000000000107e+00,-3.715404658448511754e-01,2.145465887219755174e-01,1.328197348530666885e-02,-5.380591045813899742e-02,1.187895884068889685e-01,0.000000000000000000e+00
6.250000000000000000e+00,-3.704665632666762631e-01,2.150122172098739570e-01,1.301384022106239456e-02,-5.344732909212510097e-02,1.161645263425346297e-01,0.000000000000000000e+00
6.254999999999999893e+00,-3.693903658331344486e-01,2.154645494444025478e-01,1.274750081658212499e-02,-5.308837434379217596e-02,1.135597531743920974e-01,0.000000000000000000e+00
6.259999999999999787e+00,-3.683119397470999701e-01,2.159036967334764245e-01,1.248295702253988081e-02,-5.272909258253976467e-02,1.109752339629422602e-01,0.000000000000000000e+00
6.265000000000000568e+00,-3.672313506556508234e-01,2.163297700864262041e-01,1.222021035964127207e-02,-5.236952942750421058e-02,1.084109320726979186e-01,0.000000000000000000e+00
6.270000000000000462e+00,-3.661486636515805526e-01,2.167428802064231275e-01,1.195926212235724588e-02,-5.200972975458486441e-02,1.058668092074530331e-01,0.000000000000000000e+00
6.275000000000000355e+00,-3.650639432749477331e-01,2.171431374830819494e-01,1.170011338262271806e-02,-5.164973770346465570e-02,1.033428254450800277e-01,0.000000000000000000e+00
6.280000000000000249e+00,-3.639772535146618138e-01,2.175306519852393816e-01,1.144276499350011835e-02,-5.128959668462355209e-02,1.008389392718781197e-01,0.000000000000000000e+00
6.285000000000000142e+00,-3.628886578101047644e-01,2.179055334539055089e-01,1.118721759280788715e-02,-5.092934938634339354e-02,9.835510761647747735e-02,0.000000000000000000e+00
6.290000000000000036e+00,-3.617982190527874176e-01,2.182678912953857908e-01,1.093347160671397610e-02,-5.056903778170279001e-02,9.589128588330186886e-02,0.000000000000000000e+00
6.294999999999999929e+00,-3.607059995880398384e-01,2.186178345745711238e-01,1.068152725329440077e-02,-5.020870313556061171e-02,9.344742798559324548e-02,0.000000000000000000e+00
6.299999999999999822e+00,-3.596120612167348907e-01,2.189554720083937978e-01,1.043138454605690817e-02,-4.984838601152675325e-02,9.102348637800325437e-02,0.000000000000000000e+00
6.304999999999999716e+00,-3.585164651970439431e-01,2.192809119594467671e-01,1.018304329742981788e-02,-4.948812627891892302e-02,8.861941208875367959e-02,0.000000000000000000e+00
6.310000000000000497e+00,-3.574192722462242178e-01,2.195942624297639589e-01,9.936503122216130621e-03,-4.912796311970410446e-02,8.623515475137008557e-02,0.000000000000000000e+00
6.315000000000000391e+00,-3.563205425424368911e-01,2.198956310547593440e-01,9.691763441012956129e-03,-4.876793503542353747e-02,8.387066263599324278e-02,0.000000000000000000e+00
6.320000000000000284e+00,-3.552203357265949490e-01,2.201851250973224372e-01,9.448823483596368103e-03,-4.840807985409994324e-02,8.152588268027027851e-02,0.000000000000000000e+00
6.325000000000000178e+00,-3.541187109042401859e-01,2.204628514420679530e-01,9.207682292271769306e-03,-4.804843473712591684e-02,7.920076051983107601e-02,0.000000000000000000e+00
6.330000000000000071e+00,-3.530157266474487909e-01,2.207289165897373395e-01,8.968338725189862332e-03,-4.768903618613226647e-02,7.689524051835183727e-02,0.000000000000000000e+00
6.334999999999999964e+00,-3.519114409967642465e-01,2.209834266517500256e-01,8.730791459628326617e-03,-4.732992004983528622e-02,7.460926579721080532e-02,0.000000000000000000e+00
6.339999999999999858e+00,-3.508059114631573716e-01,2.212264873449021341e-01,8.495038995239326610e-03,-4.697112153086185210e-02,7.234277826473980988e-02,0.000000000000000000e+00
6.344999999999999751e+00,-3.496991950300122332e-01,2.214582039862103835e-01,8.261079657262937817e-03,-4.661267519255130748e-02,7.009571864507405103e-02,0.000000000000000000e+00
6.350000000000000533e+00,-3.485913481551378701e-01,2.216786814878993206e-01,8.028911599706634733e-03,-4.625461496573317344e-02,6.786802650660553327e-02,0.000000000000000000e+00
6.355000000000000426e+00,-3.474824267728042759e-01,2.218880243525293283e-01,7.798532808490942977e-03,-4.589697415547968479e-02,6.565964029004237035e-02,0.000000000000000000e+00
6.360000000000000320e+00,-3.463724862958026951e-01,2.220863366682635509e-01,7.569941104561403108e-03,-4.553978544783224280e-02,6.347049733607904032e-02,0.000000000000000000e+00
6.365000000000000213e+00,-3.452615816175291785e-01,2.222737221042717093e-01,7.343134146966961463e-03,-4.518308091650084790e-02,6.130053391267969998e-02,0.000000000000000000e+00
6.370000000000000107e+00,-3.441497671140907322e-01,2.224502839062684756e-01,7.118109435904939816e-03,-4.482689202953565877e-02,5.914968524198008226e-02,0.000000000000000000e+00
6.375000000000000000e+00,-3.430370966464334481e-01,2.226161248921846025e-01,6.894864315732711357e-03,-4.447124965596983837e-02,5.701788552680969735e-02,0.000000000000000000e+00
6.379999999999999893e+00,-3.419236235624920073e-01,2.227713474479686429e-01,6.673395977946243451e-03,-4.411618407243284024e-02,5.490506797684016616e-02,0.000000000000000000e+00
6.384999999999999787e+00,-3.408094006993598324e-01,2.229160535235172602e-01,6.453701464125643356e-03,-4.376172496973336490e-02,5.281116483436104625e-02,0.000000000000000000e+00
6.390000000000000568e+00,-3.396944803854792250e-01,2.230503446287322444e-01,6.235777668847870825e-03,-4.340790145941123696e-02,5.073610739968875682e-02,0.000000000000000000e+00
6.395000000000000462e+00,-3.385789144428509312e-01,2.231743218297021492e-01,6.019621342566768528e-03,-4.305474208025744653e-02,4.867982605621129499e-02,0.000000000000000000e+00
6.400000000000000355e+00,-3.374627541892625260e-01,2.232880857450067758e-01,5.805229094460574203e-03,-4.270227480480164733e-02,4.664225029507271247e-02,0.000000000000000000e+00
6.405000000000000249e+00,-3.363460504405348939e-01,2.233917365421423384e-01,5.592597395247076754e-03,-4.235052704576647287e-02,4.462330873950051680e-02,0.000000000000000000e+00
6.410000000000000142e+00,-3.352288535127863622e-01,2.234853739340656453e-01,5.381722579966586283e-03,-4.199952566248793540e-02,4.262292916878041016e-02,0.000000000000000000e+00
6.415000000000000036e+00,-3.341112132247138766e-01,2.235690971758553802e-01,5.172600850732888937e-03,-4.164929696730138714e-02,4.064103854188125253e-02,0.000000000000000000e+00
6.419999999999999929e+00,-3.329931788998903852e-01,2.236430050614885146e-01,4.965228279452355703e-03,-4.129986673189232210e-02,3.867756302073435681e-02,0.000000000000000000e+00
6.424999999999999822e+00,-3.318747993690782105e-01,2.237071959207301286e-01,4.759600810511392492e-03,-4.095126019361156056e-02,3.673242799317055773e-02,0.000000000000000000e+00
6.429999999999999716e+00,-3.307561229725576868e-01,2.237617676161347546e-01,4.555714263432398062e-03,-4.060350206175415005e-02,3.480555809551799662e-02,0.000000000000000000e+00
6.435000000000000497e+00,-3.296371975624703410e-01,2.238068175401575766e-01,4.353564335498423185e-03,-4.025661652380150418e-02,3.289687723486597881e-02,0.000000000000000000e+00
6.440000000000000391e+00,-3.285180705051765626e-01,2.238424426123736266e-01,4.153146604346711485e-03,-3.991062725162631414e-02,3.100630861099579194e-02,0.000000000000000000e+00
6.445000000000000284e+00,-3.273987886836266514e-01,2.238687392768031748e-01,3.954456530531308411e-03,-3.956555740765965029e-02,2.913377473798456352e-02,0.000000000000000000e+00
6.450000000000000178e+00,-3.262793984997450769e-01,2.238858034993417845e-01,3.757489460054931792e-03,-3.922142965101987205e-02,2.727919746548410074e-02,0.000000000000000000e+00
6.455000000000000071e+00,-3.251599458768272832e-01,2.238937307652930364e-01,3.562240626870293025e-03,-3.887826614360284649e-02,2.544249799967873704e-02,0.000000000000000000e+00
6.459999999999999964e+00,-3.240404762619486512e-01,2.238926160770025597e-01,3.368705155351065829e-03,-3.853608855613312179e-02,2.362359692392571042e-02,0.000000000000000000e+00
6.464999999999999858e+00,-3.229210346283849509e-01,2.238825539515914564e-01,3.176878062732696809e-03,-3.819491807417559753e-02,2.182241421908118206e-02,0.000000000000000000e+00
6.469999999999999751e+00,-3.218016654780438968e-01,2.238636384187875916e-01,2.986754261523257362e-03,-3.785477540410731728e-02,2.003886928351594765e-02,0.000000000000000000e+00
6.475000000000000533e+00,-3.206824128439074717e-01,2.238359630188531124e-01,2.798328561884537696e-03,-3.751568077904907095e-02,1.827288095282381120e-02,0.000000000000000000e+00
6.480000000000000426e+00,-3.195633202924841321e-01,2.237996208006065857e-01,2.611595673983583329e-03,-3.717765396475643941e-02,1.652436751922570224e-02,0.000000000000000000e+00
6.485000000000000320e+00,-3.184444309262707828e-01,2.237547043195381169e-01,2.426550210314878334e-03,-3.684071426546992739e-02,1.479324675067403283e-02,0.000000000000000000e+00
6.490000000000000213e+00,-3.173257873862239675e-01,2.237013056360159236e-01,2.243186687993380894e-03,-3.650488052972395564e-02,1.307943590965951475e-02,0.000000000000000000e+00
6.495000000000000107e+00,-3.162074318542397178e-01,2.236395163135829756e-01,2.061499531018618891e-03,-3.617017115611437933e-02,1.138285177172435048e-02,0.000000000000000000e+00
6.500000000000000000e+00,-3.150894060556418408e-01,2.235694274173417595e-01,1.881483072510048947e-03,-3.583660409902427596e-02,9.703410643684656778e-03,0.000000000000000000e+00
6.504999999999999893e+00,-3.139717512616779227e-01,2.234911295124261676e-01,1.703131556913894647e-03,-3.550419687430775295e-02,8.041028381566728278e-03,0.000000000000000000e+00
6.509999999999999787e+00,-3.128545082920228260e-01,2.234047126625586244e-01,1.526439142181669310e-03,-3.517296656493158757e-02,6.395620408258223533e-03,0.000000000000000000e+00
6.515000000000000568e+00,-3.117377175172891257e-01,2.233102664286912842e-01,1.351399901920596674e-03,-3.484292982657441473e-02,4.767101730879741428e-03,0.000000000000000000e+00
6.520000000000000462e+00,-3.106214188615443184e-01,2.232078798677294695e-01,1.178007827516142428e-03,-3.451410289318333074e-02,3.155386957878425491e-03,0.000000000000000000e+00
6.525000000000000355e+00,-3.095056518048339700e-01,2.230976415313363770e-01,1.006256830226869752e-03,-3.418650158248767029e-02,1.560390315847870468e-03,0.000000000000000000e+00
6.530000000000000249e+00,-3.083904553857108044e-01,2.229796394648172753e-01,8.361407432518331000e-04,-3.386014130146987322e-02,-1.797433392342062675e-05,0.000000000000000000e+00
6.535000000000000142e+00,-3.072758682037690092e-01,2.228539612060819464e-01,6.676533237707250054e-04,-3.353503705179321226e-02,-1.579793479170615855e-03,0.000000000000000000e+00
6.540000000000000036e+00,-3.061619284221838155e-01,2.227206937846840096e-01,5.007882549569928586e-04,-3.321120343518627754e-02,-3.125153940636823946e-03,0.000000000000000000e+00
6.544999999999999929e+00,-3.050486737702553519e-01,2.225799237209356851e-01,3.355391479641414145e-04,-3.288865465878413469e-02,-4.654142856317808330e-03,0.000000000000000000e+00
6.549999999999999822e+00,-3.039361415459571059e-01,2.224317370250967485e-01,1.718995438854381129e-04,-3.256740454042595517e-02,-6.166847665965813352e-03,0.000000000000000000e+00
6.554999999999999716e+00,-3.028243686184878269e-01,2.222762191966362322e-01,9.862915687239054603e-06,-3.224746651390915375e-02,-7.663356095848714022e-03,0.000000000000000000e+00
6.560000000000000497e+00,-3.017133914308273712e-01,2.221134552235657089e-01,-1.505773298838465493e-04,-3.192885363419983163e-02,-9.143756143761089250e-03,0.000000000000000000e+00
6.565000000000000391e+00,-3.006032460022954877e-01,2.219435295818426579e-01,-3.094278504197348805e-04,-3.161157858259954628e-02,-1.060813606428499811e-02,0.000000000000000000e+00
6.570000000000000284e+00,-2.994939679311132696e-01,2.217665262348429700e-01,-4.666953659953706644e-04,-3.129565367186829677e-02,-1.205658435429676767e-02,0.000000000000000000e+00
6.575000000000000178e+00,-2.983855923969674362e-01,2.215825286329009824e-01,-6.223866573387353647e-04,-3.098109085130374557e-02,-1.348918973871718330e-02,0.000000000000000000e+00
6.580000000000000071e+00,-2.972781541635763913e-01,2.213916197129159880e-01,-7.765085640261426038e-04,-3.066790171177657606e-02,-1.490604115650216721e-02,0.000000000000000000e+00
6.584999999999999964e+00,-2.961716875812584471e-01,2.211938818980239696e-01,-9.290679827025999588e-04,-3.035609749072202754e-02,-1.630722774687067000e-02,0.000000000000000000e+00
6.589999999999999858e+00,-2.950662265895011571e-01,2.209893970973333122e-01,-1.080071865327019397e-03,-3.004568907708756592e-02,-1.769283883576754091e-02,0.000000000000000000e+00
6.594999999999999751e+00,-2.939618047195319828e-01,2.207782467057234077e-01,-1.229527217442056338e-03,-2.973668701623672153e-02,-1.906296392255699135e-02,0.000000000000000000e+00
6.600000000000000533e+00,-2.928584550968899025e-01,2.205605116037047952e-01,-1.377441096468357907e-03,-2.942910151480908690e-02,-2.041769266694652696e-02,0.000000000000000000e+00
6.605000000000000426e+00,-2.917562104439974657e-01,2.203362721573398075e-01,-1.523820610023002547e-03,-2.912294244553652670e-02,-2.175711487613533890e-02,0.000000000000000000e+00
6.610000000000000320e+00,-2.906551030827330684e-01,2.201056082182226425e-01,-1.668672914261910270e-03,-2.881821935201560325e-02,-2.308132049218672432e-02,0.000000000000000000e+00
6.615000000000000213e+00,-2.895551649370031733e-01,2.198685991235174997e-01,-1.812005212246006140e-03,-2.851494145343630784e-02,-2.439039957962056693e-02,0.000000000000000000e+00
6.620000000000000107e+00,-2.884564275353144192e-01,2.196253236960538369e-01,-1.953824752330918322e-03,-2.821311764926710819e-02,-2.568444231322382365e-02,0.000000000000000000e+00
6.625000000000000000e+00,-2.873589220133447864e-01,2.193758602444777217e-01,-2.094138826579992549e-03,-2.791275652389641967e-02,-2.696353896607521505e-02,0.000000000000000000e+00
6.629999999999999893e+00,-2.862626791165140405e-01,2.191202865634578889e-01,-2.232954769200403995e-03,-2.761386635123054892e-02,-2.822777989778321728e-02,0.000000000000000000e+00
6.634999999999999787e+00,-2.851677292025530663e-01,2.188586799339458655e-01,-2.370279955002152755e-03,-2.731645509924819637e-02,-2.947725554293267880e-02,0.000000000000000000e+00
6.640000000000000568e+00,-2.840741022440715913e-01,2.185911171234887207e-01,-2.506121797879719369e-03,-2.702053043451162206e-02,-3.071205639973841051e-02,0.000000000000000000e+00
6.645000000000000462e+00,-2.829818278311244106e-01,2.183176743865935243e-01,-2.640487749316172868e-03,-2.672609972663456818e-02,-3.193227301890384784e-02,0.000000000000000000e+00
6.650000000000000355e+00,-2.818909351737755031e-01,2.180384274651426535e-01,-2.773385296909506702e-03,-2.643317005270704942e-02,-3.313799599268053842e-02,0.000000000000000000e+00
6.655000000000000249e+00,-2.808014531046600371e-01,2.177534515888587541e-01,-2.904821962920991780e-03,-2.614174820167710495e-02,-3.432931594412680365e-02,0.000000000000000000e+00
6.660000000000000142e+00,-2.797134100815438784e-01,2.174628214758183298e-01,-3.034805302845333674e-03,-2.585184067868968871e-02,-3.550632351656334007e-02,0.000000000000000000e+00
6.665000000000000036e+00,-2.786268341898805456e-01,2.171666113330131265e-01,-3.163342904002413702e-03,-2.556345370938277115e-02,-3.666910936322274189e-02,0.000000000000000000e+00
6.669999999999999929e+00,-2.775417531453650000e-01,2.168648948569583124e-01,-3.290442384150405689e-03,-2.527659324414082212e-02,-3.781776413709006524e-02,0.000000000000000000e+00
6.674999999999999822e+00,-2.764581942964844941e-01,2.165577452343463161e-01,-3.416111390120054204e-03,-2.499126496230581057e-02,-3.895237848093285882e-02,0.000000000000000000e+00
6.679999999999999716e+00,-2.753761846270659230e-01,2.162452351427456010e-01,-3.540357596469900000e-03,-2.470747427634588725e-02,-4.007304301751785092e-02,0.000000000000000000e+00
6.685000000000000497e+00,-2.742957507588195676e-01,2.159274367513434045e-01,-3.663188704162247122e-03,-2.442522633598187554e-02,-4.117984834001112149e-02,0.000000000000000000e+00
6.690000000000000391e+00,-2.732169189538791176e-01,2.156044217217314152e-01,-3.784612439259652222e-03,-2.414452603227176461e-02,-4.227288500256076720e-02,0.000000000000000000e+00
6.695000000000000284e+00,-2.721397151173376439e-01,2.152762612087335270e-01,-3.904636551641736154e-03,-2.386537800165336454e-02,-4.335224351105852747e-02,0.000000000000000000e+00
6.700000000000000178e+00,-2.710641647997790726e-01,2.149430258612749223e-01,-4.023268813742102330e-03,-2.358778662994529332e-02,-4.441801431407817191e-02,0.000000000000000000e+00
6.705000000000000071e+00,-2.699902931998057198e-01,2.146047858232913719e-01,-4.140517019305157108e-03,-2.331175605630647976e-02,-4.547028779398934462e-02,0.000000000000000000e+00
6.709999999999999964e+00,-2.689181251665606620e-01,2.142616107346780596e-01,-4.256388982162623638e-03,-2.303729017715437297e-02,-4.650915425824260485e-02,0.000000000000000000e+00
6.714999999999999858e+00,-2.678476852022455001e-01,2.139135697322770147e-01,-4.370892535029544460e-03,-2.276439265004203544e-02,-4.753470393082548373e-02,0.000000000000000000e+00
6.719999999999999751e+00,-2.667789974646332385e-01,2.135607314509022914e-01,-4.484035528319565977e-03,-2.249306689749433485e-02,-4.854702694388596251e-02,0.000000000000000000e+00
6.725000000000000533e+00,-2.657120857695755567e-01,2.132031640244021753e-01,-4.595825828979306638e-03,-2.222331611080341843e-02,-4.954621332952147128e-02,0.000000000000000000e+00
6.730000000000000426e+00,-2.646469735935051415e-01,2.128409350867574157e-01,-4.706271319341591951e-03,-2.195514325378367798e-02,-5.053235301173099325e-02,0.000000000000000000e+00
6.735000000000000320e+00,-2.635836840759320232e-01,2.124741117732148188e-01,-4.815379895997375093e-03,-2.168855106648642436e-02,-5.150553579852920616e-02,0.000000000000000000e+00
6.740000000000000213e+00,-2.625222400219344165e-01,2.121027607214554522e-01,-4.923159468686120165e-03,-2.142354206887446544e-02,-5.246585137421823364e-02,0.000000000000000000e+00
6.745000000000000107e+00,-2.614626639046435108e-01,2.117269480727964615e-01,-5.029617959204464236e-03,-2.116011856445683056e-02,-5.341338929181743689e-02,0.000000000000000000e+00
6.750000000000000000e+00,-2.604049778677223204e-01,2.113467394734259708e-01,-5.134763300332954340e-03,-2.089828264388383580e-02,-5.434823896564724977e-02,0.000000000000000000e+00
6.754999999999999893e+00,-2.593492037278380957e-01,2.109622000756701532e-01,-5.238603434780657320e-03,-2.063803618850272234e-02,-5.527048966406584996e-02,0.000000000000000000e+00
6.759999999999999787e+00,-2.582953629771284065e-01,2.105733945392918027e-01,-5.341146314147453451e-03,-2.037938087387411792e-02,-5.618023050235623761e-02,0.000000000000000000e+00
6.765000000000000568e+00,-2.572434767856606186e-01,2.101803870328196044e-01,-5.442399897903810874e-03,-2.012231817324950170e-02,-5.707755043576173692e-02,0.000000000000000000e+00
6.770000000000000462e+00,-2.561935660038847096e-01,2.097832412349074638e-01,-5.542372152387855209e-03,-1.986684936100997084e-02,-5.796253825266806103e-02,0.000000000000000000e+00
6.775000000000000355e+00,-2.551456511650792569e-01,2.093820203357230902e-01,-5.641071049819534021e-03,-1.961297551606648940e-02,-5.883528256792991407e-02,0.000000000000000000e+00
6.780000000000000249e+00,-2.540997524877902647e-01,2.089767870383651693e-01,-5.738504567331686144e-03,-1.936069752522188644e-02,-5.969587181633946582e-02,0.000000000000000000e+00
6.785000000000000142e+00,-2.530558898782628297e-01,2.085676035603084844e-01,-5.834680686017825954e-03,-1.911001608649484651e-02,-6.054439424623597743e-02,0.000000000000000000e+00
6.790000000000000036e+00,-2.520140829328657017e-01,2.081545316348761554e-01,-5.929607389996456937e-03,-1.886093171240612806e-02,-6.138093791325348325e-02,0.000000000000000000e+00
6.794999999999999929e+00,-2.509743509405083506e-01,2.077376325127384959e-01,-6.023292665491715089e-03,-1.861344473322725998e-02,-6.220559067420515509e-02,0.000000000000000000e+00
6.799999999999999822e+00,-2.499367128850502606e-01,2.073169669634377099e-01,-6.115744499930171260e-03,-1.836755530019195531e-02,-6.301844018110237811e-02,0.000000000000000000e+00
6.804999999999999716e+00,-2.489011874477028430e-01,2.068925952769378462e-01,-6.206970881053590350e-03,-1.812326338867052689e-02,-6.381957387530670656e-02,0.000000000000000000e+00
6.810000000000000497e+00,-2.478677930094233817e-01,2.064645772651992617e-01,-6.296979796047474758e-03,-1.788056880130751286e-02,-6.460907898181260378e-02,0.000000000000000000e+00
6.815000000000000391e+00,-2.468365476533009861e-01,2.060329722637770644e-01,-6.385779230685203860e-03,-1.763947117112280027e-02,-6.538704250365930115e-02,0.000000000000000000e+00
6.820000000000000284e+00,-2.458074691669346612e-01,2.055978391334428723e-01,-6.473377168487587374e-03,-1.739996996457648937e-02,-6.615355121647005510e-02,0.000000000000000000e+00
6.825000000000000178e+00,-2.447805750448031059e-01,2.051592362618293031e-01,-6.559781589897652199e-03,-1.716206448459775200e-02,-6.690869166311674832e-02,0.000000000000000000e+00
6.830000000000000071e+00,-2.437558824906262411e-01,2.047172215650965299e-01,-6.645000471470489251e-03,-1.692575387357796515e-02,-6.765255014850810045e-02,0.000000000000000000e+00
6.834999999999999964e+00,-2.427334084197182995e-01,2.042718524896202925e-01,-6.729041785077968622e-03,-1.669103711632835899e-02,-6.838521273450021143e-02,0.000000000000000000e+00
6.839999999999999858e+00,-2.417131694613325887e-01,2.038231860137009466e-01,-6.811913497128163457e-03,-1.645791304300244992e-02,-6.910676523492670364e-02,0.000000000000000000e+00
6.844999999999999751e+00,-2.406951819609974841e-01,2.033712786492926916e-01,-6.893623567799292591e-03,-1.622638033198352953e-02,-6.981729321074811589e-02,0.000000000000000000e+00
6.850000000000000533e+00,-2.396794619828438444e-01,2.029161864437526996e-01,-6.974179950288016301e-03,-1.599643751273744849e-02,-7.051688196531710751e-02,0.000000000000000000e+00
6.855000000000000426e+00,-2.386660253119235187e-01,2.024579649816093674e-01,-7.053590590071909076e-03,-1.576808296863099756e-02,-7.120561653975959748e-02,0.000000000000000000e+00
6.860000000000000320e+00,-2.376548874565190816e-01,2.019966693863492757e-01,-7.131863424185938549e-03,-1.554131493971612661e-02,-7.188358170846881334e-02,0.000000000000000000e+00
6.865000000000000213e+00,-2.366460636504445214e-01,2.015323543222222180e-01,-7.209006380512783183e-03,-1.531613152548026886e-02,-7.255086197471152798e-02,0.000000000000000000e+00
6.870000000000000107e+00,-2.356395688553368784e-01,2.010650739960637978e-01,-7.285027377086814374e-03,-1.509253068756305494e-02,-7.320754156634418086e-02,0.000000000000000000e+00
6.875000000000000000e+00,-2.346354177629387250e-01,2.005948821591351239e-01,-7.359934321411577308e-03,-1.487051025243966637e-02,-7.385370443163766230e-02,0.000000000000000000e+00
6.879999999999999893e+00,-2.336336247973713753e-01,2.001218321089789642e-01,-7.433735109790611841e-03,-1.465006791407110799e-02,-7.448943423520905383e-02,0.000000000000000000e+00
6.884999999999999787e+00,-2.326342041173988795e-01,1.996459766912919986e-01,-7.506437626671437317e-03,-1.443120123652166624e-02,-7.511481435405883977e-02,0.000000000000000000e+00
6.890000000000000568e+00,-2.316371696186824425e-01,1.991673683018125585e-01,-7.578049744002543497e-03,-1.421390765654381716e-02,-7.572992787371171652e-02,0.000000000000000000e+00
6.895000000000000462e+00,-2.306425349360255450e-01,1.986860588882232992e-01,-7.648579320603228829e-03,-1.399818448613086679e-02,-7.633485758446051372e-02,0.000000000000000000e+00
6.900000000000000355e+00,-2.296503134456093498e-01,1.982020999520685833e-01,-7.718034201546116954e-03,-1.378402891503757548e-02,-7.692968597770985517e-02,0.000000000000000000e+00
6.905000000000000249e+00,-2.286605182672186987e-01,1.977155425506857689e-01,-7.786422217552202256e-03,-1.357143801326905069e-02,-7.751449524241983691e-02,0.000000000000000000e+00
6.910000000000000142e+00,-2.276731622664581456e-01,1.972264372991502090e-01,-7.853751184398256174e-03,-1.336040873353817361e-02,-7.808936726164761311e-02,0.000000000000000000e+00
6.915000000000000036e+00,-2.266882580569584971e-01,1.967348343722332416e-01,-7.920028902336444243e-03,-1.315093791369182502e-02,-7.865438360918478033e-02,0.000000000000000000e+00
6.919999999999999929e+00,-2.257058180025733329e-01,1.962407835063729178e-01,-7.985263155525999454e-03,-1.294302227910618455e-02,-7.920962554629051855e-02,0.000000000000000000e+00
6.924999999999999822e+00,-2.247258542195657571e-01,1.957443340016570277e-01,-8.049461711476791487e-03,-1.273665844505137389e-02,-7.975517401851761612e-02,0.000000000000000000e+00
6.929999999999999716e+00,-2.237483785787851287e-01,1.952455347238176986e-01,-8.112632320504641753e-03,-1.253184291902570240e-02,-8.029110965263068500e-02,0.000000000000000000e+00
6.935000000000000497e+00,-2.227734027078339119e-01,1.947444341062375683e-01,-8.174782715198244606e-03,-1.232857210305980319e-02,-8.081751275361559461e-02,0.000000000000000000e+00
6.940000000000000391e+00,-2.218009379932242842e-01,1.942410801519666996e-01,-8.235920609897520381e-03,-1.212684229599090766e-02,-8.133446330177779293e-02,0.000000000000000000e+00
6.945000000000000284e+00,-2.208309955825248083e-01,1.937355204357500693e-01,-8.296053700183273621e-03,-1.192664969570753596e-02,-8.184204094992848788e-02,0.000000000000000000e+00
6.950000000000000178e+00,-2.198635863864968343e-01,1.932278021060651052e-01,-8.355189662378002119e-03,-1.172799040136487427e-02,-8.234032502065810610e-02,0.000000000000000000e+00
6.955000000000000071e+00,-2.188987210812207429e-01,1.927179718871689373e-01,-8.413336153057709293e-03,-1.153086041557109531e-02,-8.282939450369444789e-02,0.000000000000000000e+00
6.959999999999999964e+00,-2.179364101102118645e-01,1.922060760811548918e-01,-8.470500808574569010e-03,-1.133525564654489816e-02,-8.330932805334539948e-02,0.000000000000000000e+00
6.964999999999999858e+00,-2.169766636865262111e-01,1.916921605700178666e-01,-8.526691244590317922e-03,-1.114117191024452565e-02,-8.378020398602376018e-02,0.000000000000000000e+00
6.969999999999999751e+00,-2.160194917948557169e-01,1.911762708177282000e-01,-8.581915055620217489e-03,-1.094860493246852841e-02,-8.424210027785401789e-02,0.000000000000000000e+00
6.975000000000000533e+00,-2.150649041936132100e-01,1.906584518723136723e-01,-8.636179814587441675e-03,-1.075755035092853563e-02,-8.469509456235906064e-02,0.000000000000000000e+00
6.980000000000000426e+00,-2.141129104170068631e-01,1.901387483679491952e-01,-8.689493072387775852e-03,-1.056800371729429804e-02,-8.513926412822619971e-02,0.000000000000000000e+00
6.985000000000000320e+00,-2.131635197771042378e-01,1.896172045270539952e-01,-8.741862357464456890e-03,-1.037996049921127012e-02,-8.557468591715006179e-02,0.000000000000000000e+00
6.990000000000000213e+00,-2.122167413658858359e-01,1.890938641623955974e-01,-8.793295175393039953e-03,-1.019341608229097640e-02,-8.600143652175298858e-02,0.000000000000000000e+00
6.995000000000000107e+00,-2.112725840572880487e-01,1.885687706792006646e-01,-8.843799008476151483e-03,-1.000836577207444775e-02,-8.641959218358002959e-02,0.000000000000000000e+00
7.000000000000000000e+00,-2.103310565092355588e-01,1.880419670772720819e-01,-8.893381315347982652e-03,-9.824804795968956894e-03,-8.682922879116813930e-02,0.000000000000000000e+00
7.004999999999999893e+00,-2.093921671656631955e-01,1.875134959531118972e-01,-8.942049530588415743e-03,-9.642728305158342755e-03,-8.723042187818867699e-02,0.000000000000000000e+00
7.009999999999999787e+00,-2.084559242585270478e-01,1.869833995020500073e-01,-8.989811064346623845e-03,-9.462131376487156048e-03,-8.762324662166115496e-02,0.000000000000000000e+00
7.015000000000000568e+00,-2.075223358098051141e-01,1.864517195203781452e-01,-9.036673301974029390e-03,-9.283009014318891611e-03,-8.800777784023797179e-02,0.000000000000000000e+00
7.020000000000000462e+00,-2.065914096334870165e-01,1.859184974074886698e-01,-9.082643603666494883e-03,-9.105356152368569364e-03,-8.838408999255845111e-02,0.000000000000000000e+00
7.025000000000000355e+00,-2.056631533375531951e-01,1.853837741680181561e-01,-9.127729304115605319e-03,-8.929167655509899840e-03,-8.875225717567142292e-02,0.000000000000000000e+00
7.030000000000000249e+00,-2.047375743259433889e-01,1.848475904139953163e-01,-9.171937712168929530e-03,-8.754438321557310096e-03,-8.911235312352494553e-02,0.000000000000000000e+00
7.035000000000000142e+00,-2.038146798005141536e-01,1.843099863669927785e-01,-9.215276110499126885e-03,-8.581162883023065943e-03,-8.946445120552212749e-02,0.000000000000000000e+00
7.040000000000000036e+00,-2.028944767629858592e-01,1.837710018602828066e-01,-9.257751755281776185e-03,-8.409336008849736810e-03,-8.980862442514250810e-02,0.000000000000000000e+00
7.044999999999999929e+00,-2.019769720168788085e-01,1.832306763409961847e-01,-9.299371875881807040e-03,-8.238952306118272131e-03,-9.014494541862677623e-02,0.000000000000000000e+00
7.049999999999999822e+00,-2.010621721694384467e-01,1.826890488722844597e-01,-9.340143674548415792e-03,-8.070006321731913040e-03,-9.047348645372513265e-02,0.000000000000000000e+00
7.054999999999999716e+00,-2.001500836335499134e-01,1.821461581354848203e-01,-9.380074326118332390e-03,-7.902492544076209977e-03,-9.079431942850746395e-02,0.000000000000000000e+00
7.060000000000000497e+00,-1.992407126296416864e-01,1.816020424322876692e-01,-9.419170977727332403e-03,-7.736405404655363922e-03,-9.110751587023406539e-02,0.000000000000000000e+00
7.065000000000000391e+00,-1.983340651875784011e-01,1.810567396869064150e-01,-9.457440748529877955e-03,-7.571739279705162751e-03,-9.141314693428680138e-02,0.000000000000000000e+00
7.070000000000000284e+00,-1.974301471485427895e-01,1.805102874482491793e-01,-9.494890729426753995e-03,-7.408488491782733859e-03,-9.171128340315912175e-02,0.000000000000000000e+00
7.075000000000000178e+00,-1.965289641669067389e-01,1.799627228920923638e-01,-9.531527982800602761e-03,-7.246647311333365496e-03,-9.200199568550360141e-02,0.000000000000000000e+00
7.080000000000000071e+00,-1.956305217120916096e-01,1.794140828232556051e-01,-9.567359542259235017e-03,-7.086209958234632698e-03,-9.228535381523719772e-02,0.000000000000000000e+00
7.084999999999999964e+00,-1.947348250704175054e-01,1.788644036777779778e-01,-9.602392412386607026e-03,-6.927170603318063766e-03,-9.256142745070172762e-02,0.000000000000000000e+00
7.089999999999999858e+00,-1.938418793469417478e-01,1.783137215250950591e-01,-9.636633568501343575e-03,-6.769523369868586660e-03,-9.283028587388020281e-02,0.000000000000000000e+00
7.094999999999999751e+00,-1.929516894672864413e-01,1.777620720702168533e-01,-9.670089956422711630e-03,-6.613262335101990387e-03,-9.309199798966651118e-02,0.000000000000000000e+00
7.100000000000000533e+00,-1.920642601794551596e-01,1.772094906559059935e-01,-9.702768492243919740e-03,-6.458381531620637286e-03,-9.334663232518911058e-02,0.000000000000000000e+00
7.105000000000000426e+00,-1.911795960556387508e-01,1.766560122648562769e-01,-9.734676062112647757e-03,-6.304874948847646529e-03,-9.359425702918638956e-02,0.000000000000000000e+00
7.110000000000000320e+00,-1.902977014940102629e-01,1.761016715218712003e-01,-9.765819522018692397e-03,-6.152736534439798635e-03,-9.383493987143397275e-02,0.000000000000000000e+00
7.115000000000000213e+00,-1.894185807205088778e-01,1.755465026960421060e-01,-9.796205697588622821e-03,-6.001960195679370905e-03,-9.406874824222193066e-02,0.000000000000000000e+00
7.120000000000000107e+00,-1.885422377906130487e-01,1.749905397029259957e-01,-9.825841383887340408e-03,-5.852539800845145759e-03,-9.429574915188222717e-02,0.000000000000000000e+00
7.125000000000000000e+00,-1.876686765911027843e-01,1.744338161067225668e-01,-9.854733345226452529e-03,-5.704469180562808835e-03,-9.451600923036466984e-02,0.000000000000000000e+00
7.129999999999999893e+00,-1.867979008418109155e-01,1.738763651224503604e-01,-9.882888314979335412e-03,-5.557742129134965806e-03,-9.472959472686062754e-02,0.000000000000000000e+00
7.134999999999999787e+00,-1.859299140973636466e-01,1.733182196181217438e-01,-9.910312995402804567e-03,-5.412352405851000858e-03,-9.493657150947432122e-02,0.000000000000000000e+00
7.140000000000000568e+00,-1.850647197489100892e-01,1.727594121169165886e-01,-9.937014057465280020e-03,-5.268293736276991046e-03,-9.513700506493971698e-02,0.000000000000000000e+00
7.145000000000000462e+00,-1.842023210258409704e-01,1.721999747993543939e-01,-9.962998140681356141e-03,-5.125559813525908115e-03,-9.533096049838325758e-02,0.000000000000000000e+00
7.150000000000000355e+00,-1.833427209974965999e-01,1.716399395054645505e-01,-9.988271852952666785e-03,-4.984144299508320303e-03,-9.551850253313137751e-02,0.000000000000000000e+00
7.155000000000000249e+00,-1.824859225748638458e-01,1.710793377369548840e-01,-1.001284177041496422e-02,-4.844040826163800544e-03,-9.569969551056121959e-02,0.000000000000000000e+00
7.160000000000000142e+00,-1.816319285122622862e-01,1.705182006593777833e-01,-1.003671443729129906e-02,-4.705242996673276133e-03,-9.587460338999488629e-02,0.000000000000000000e+00
7.165000000000000036e+00,-1.807807414090196740e-01,1.699565591042941637e-01,-1.005989636575121970e-02,-4.567744386652515011e-03,-9.604328974863581003e-02,0.000000000000000000e+00
7.169999999999999929e+00,-1.799323637111363838e-01,1.693944435714349050e-01,-1.008239403577589413e-02,-4.431538545326971570e-03,-9.620581778154645158e-02,0.000000000000000000e+00
7.174999999999999822e+00,-1.790867977129392274e-01,1.688318842308594581e-01,-1.010421389502905339e-02,-4.296618996688196697e-03,-9.636225030166695182e-02,0.000000000000000000e+00
7.179999999999999716e+00,-1.782440455587244177e-01,1.682689109251117587e-01,-1.012536235873367704e-02,-4.162979240632019330e-03,-9.651264973987343232e-02,0.000000000000000000e+00
7.185000000000000497e+00,-1.774041092443897349e-01,1.677055531713728675e-01,-1.014584580955432171e-02,-4.030612754078712924e-03,-9.665707814507575046e-02,0.000000000000000000e+00
7.190000000000000391e+00,-1.765669906190559801e-01,1.671418401636105278e-01,-1.016567059748500583e-02,-3.899512992075345862e-03,-9.679559718435375160e-02,0.000000000000000000e+00
7.195000000000000284e+00,-1.757326913866777141e-01,1.665778007747252265e-01,-1.018484303974256586e-02,-3.769673388880520528e-03,-9.692826814313125483e-02,0.000000000000000000e+00
7.200000000000000178e+00,-1.749012131076431720e-01,1.660134635586928142e-01,-1.020336942066538480e-02,-3.641087359031704423e-03,-9.705515192538687053e-02,0.000000000000000000e+00
7.205000000000000071e+00,-1.740725572003635480e-01,1.654488567527032383e-01,-1.022125599161742213e-02,-3.513748298395354130e-03,-9.717630905390148288e-02,0.000000000000000000e+00
7.209999999999999964e+00,-1.732467249428516209e-01,1.648840082792954742e-01,-1.023850897089744957e-02,-3.387649585200027281e-03,-9.729179967054132905e-02,0.000000000000000000e+00
7.214999999999999858e+00,-1.724237174742896672e-01,1.643189457484884319e-01,-1.025513454365340610e-02,-3.262784581052683743e-03,-9.740168353657593925e-02,0.000000000000000000e+00
7.219999999999999751e+00,-1.716035357965867425e-01,1.637536964599076161e-01,-1.027113886180179743e-02,-3.139146631938369465e-03,-9.750602003303036891e-02,0.000000000000000000e+00
7.225000000000000533e+00,-1.707861807759253059e-01,1.631882874049074561e-01,-1.028652804395205345e-02,-3.016729069203474660e-03,-9.760486816107137586e-02,0.000000000000000000e+00
7.230000000000000426e+00,-1.699716531442973244e-01,1.626227452686891395e-01,-1.030130817533575494e-02,-2.895525210522764941e-03,-9.769828654242615484e-02,0.000000000000000000e+00
7.235000000000000320e+00,-1.691599535010297473e-01,1.620570964324138941e-01,-1.031548530774066205e-02,-2.775528360850367145e-03,-9.778633341983350435e-02,0.000000000000000000e+00
7.240000000000000213e+00,-1.683510823142994328e-01,1.614913669753113845e-01,-1.032906545944945777e-02,-2.656731813354905412e-03,-9.786906665752717616e-02,0.000000000000000000e+00
7.245000000000000107e+00,-1.675450399226375009e-01,1.609255826767832243e-01,-1.034205461518312302e-02,-2.539128850338974452e-03,-9.794654374174958933e-02,0.000000000000000000e+00
7.250000000000000000e+00,-1.667418265364233043e-01,1.603597690185015745e-01,-1.035445872604887074e-02,-2.422712744143129971e-03,-9.801882178129628365e-02,0.000000000000000000e+00
7.254999999999999893e+00,-1.659414422393677702e-01,1.597939511865023587e-01,-1.036628370949256757e-02,-2.307476758034588370e-03,-9.808595750809032121e-02,0.000000000000000000e+00
7.259999999999999787e+00,-1.651438869899863882e-01,1.592281540732733702e-01,-1.037753544925555486e-02,-2.193414147080811373e-03,-9.814800727778588696e-02,0.000000000000000000e+00
7.265000000000000568e+00,-1.643491606230617352e-01,1.586624022798368838e-01,-1.038821979533580651e-02,-2.080518159008160322e-03,-9.820502707040019985e-02,0.000000000000000000e+00
7.270000000000000462e+00,-1.635572628510955917e-01,1.580967201178267167e-01,-1.039834256395333334e-02,-1.968782035045798812e-03,-9.825707249097383189e-02,0.000000000000000000e+00
7.275000000000000355e+00,-1.627681932657507879e-01,1.575311316115596272e-01,-1.040790953751978207e-02,-1.858199010755021054e-03,-9.830419877025842190e-02,0.000000000000000000e+00
7.280000000000000249e+00,-1.619819513392825039e-01,1.569656605001009952e-01,-1.041692646461213692e-02,-1.748762316844179425e-03,-9.834646076543100690e-02,0.000000000000000000e+00
7.285000000000000142e+00,-1.611985364259594378e-01,1.564003302393244810e-01,-1.042539905995046139e-02,-1.640465179969391408e-03,-9.838391296083495718e-02,0.000000000000000000e+00
7.290000000000000036e+00,-1.604179477634746498e-01,1.558351640039659092e-01,-1.043333300437961075e-02,-1.533300823521193323e-03,-9.841660946874644655e-02,0.000000000000000000e+00
7.294999999999999929e+00,-1.596401844743460530e-01,1.552701846896707705e-01,-1.044073394485484259e-02,-1.427262468397316481e-03,-9.844460403016652705e-02,0.000000000000000000e+00
7.299999999999999822e+00,-1.588652455673068287e-01,1.547054149150357549e-01,-1.044760749443125573e-02,-1.322343333761751439e-03,-9.846795001563726779e-02,0.000000000000000000e+00
7.304999999999999716e+00,-1.580931299386855726e-01,1.541408770236437631e-01,-1.045395923225698846e-02,-1.218536637790273167e-03,-9.848670042608247133e-02,0.000000000000000000e+00
7.310000000000000497e+00,-1.573238363737762269e-01,1.535765930860927275e-01,-1.045979470357011852e-02,-1.115835598402588683e-03,-9.850090789367192678e-02,0.000000000000000000e+00
7.315000000000000391e+00,-1.565573635481980197e-01,1.530125849020176898e-01,-1.046511941969918008e-02,-1.014233433981277582e-03,-9.851062468270860295e-02,0.000000000000000000e+00
7.320000000000000284e+00,-1.557937100292452193e-01,1.524488740021064381e-01,-1.046993885806725248e-02,-9.137233640776849580e-04,-9.851590269053851767e-02,0.000000000000000000e+00
7.325000000000000178e+00,-1.550328742772268398e-01,1.518854816501083727e-01,-1.047425846219953924e-02,-8.142986101049308522e-04,-9.851679344848270070e-02,0.000000000000000000e+00
7.330000000000000071e+00,-1.542748546467962723e-01,1.513224288448365984e-01,-1.047808364173438180e-02,-7.159523960181958351e-04,-9.851334812279038955e-02,0.000000000000000000e+00
7.334999999999999964e+00,-1.535196493882710900e-01,1.507597363221631070e-01,-1.048141977243765080e-02,-6.186779489824440446e-04,-9.850561751561402735e-02,0.000000000000000000e+00
7.339999999999999858e+00,-1.527672566489426675e-01,1.501974245570070476e-01,-1.048427219622042987e-02,-5.224685000277353624e-04,-9.849365206600396716e-02,0.000000000000000000e+00
7.344999999999999751e+00,-1.520176744743760855e-01,1.496355137653159750e-01,-1.048664622115996065e-02,-4.273172846922906041e-04,-9.847750185092392361e-02,0.000000000000000000e+00
7.350000000000000533e+00,-1.512709008096999319e-01,1.490740239060397987e-01,-1.048854712152376065e-02,-3.332175436534588579e-04,-9.845721658628578399e-02,0.000000000000000000e+00
7.355000000000000426e+00,-1.505269335008865006e-01,1.485129746830977926e-01,-1.048998013779687578e-02,-2.401625233467410882e-04,-9.843284562800355686e-02,0.000000000000000000e+00
7.360000000000000320e+00,-1.497857702960219695e-01,1.479523855473380556e-01,-1.049095047671219291e-02,-1.481454765730223907e-04,-9.840443797306637486e-02,0.000000000000000000e+00
7.365000000000000213e+00,-1.490474088465668645e-01,1.473922756984898386e-01,-1.049146331128375867e-02,-5.715966309416169123e-05,-9.837204226062916390e-02,0.000000000000000000e+00
7.370000000000000107e+00,-1.483118467086068093e-01,1.468326640871082667e-01,-1.049152378084305254e-02,3.280164978291021723e-05,-9.833570677312170050e-02,0.000000000000000000e+00
7.375000000000000000e+00,-1.475790813440935878e-01,1.462735694165117062e-01,-1.049113699107814476e-02,1.217451866334390981e-04,-9.829547943737478033e-02,0.000000000000000000e+00
7.379999999999999893e+00,-1.468491101220764372e-01,1.457150101447114432e-01,-1.049030801407569574e-02,2.096776633532969531e-04,-9.825140782576316512e-02,0.000000000000000000e+00
7.384999999999999787e+00,-1.461219303199237651e-01,1.451570044863337572e-01,-1.048904188836573617e-02,2.966057866084857286e-04,-9.820353915736554362e-02,0.000000000000000000e+00
7.390000000000000568e+00,-1.453975391245353743e-01,1.445995704145343896e-01,-1.048734361896916725e-02,3.825362532955562398e-04,-9.815192029914011906e-02,0.000000000000000000e+00
7.395000000000000462e+00,-1.446759336335449730e-01,1.440427256629051300e-01,-1.048521817744793409e-02,4.674757500127977639e-04,-9.809659776711596169e-02,0.000000000000000000e+00
7.400000000000000355e+00,-1.439571108565132762e-01,1.434864877273726858e-01,-1.048267050195781855e-02,5.514309525420592242e-04,-9.803761772759980730e-02,0.000000000000000000e+00
7.405000000000000249e+00,-1.432410677161115586e-01,1.429308738680895585e-01,-1.047970549730379251e-02,6.344085253410625775e-04,-9.797502599839760795e-02,0.000000000000000000e+00
7.410000000000000142e+00,-1.425278010492958547e-01,1.423759011113170658e-01,-1.047632803499789003e-02,7.164151210460740745e-04,-9.790886805005061255e-02,0.000000000000000000e+00
7.415000000000000036e+00,-1.418173076084716933e-01,1.418215862513003966e-01,-1.047254295331953404e-02,7.974573799847938524e-04,-9.783918900708547806e-02,0.000000000000000000e+00
7.419999999999999929e+00,-1.411095840626495901e-01,1.412679458521355347e-01,-1.046835505737827611e-02,8.775419296993315372e-04,-9.776603364927802242e-02,0.000000000000000000e+00
7.424999999999999822e+00,-1.404046269985909923e-01,1.407149962496281881e-01,-1.046376911917889542e-02,9.566753844791344406e-04,-9.768944641293032805e-02,0.000000000000000000e+00
7.429999999999999716e+00,-1.397024329219452576e-01,1.401627535531444757e-01,-1.045878987768881010e-02,1.034864344903735052e-03,-9.760947139216094581e-02,0.000000000000000000e+00
7.435000000000000497e+00,-1.390029982583771417e-01,1.396112336474534810e-01,-1.045342203890775243e-02,1.112115397395191298e-03,-9.752615234020757529e-02,0.000000000000000000e+00
7.440000000000000391e+00,-1.383063193546852365e-01,1.390604521945616179e-01,-1.044767027593964878e-02,1.188435113780086103e-03,-9.743953267074166591e-02,0.000000000000000000e+00
7.445000000000000284e+00,-1.376123924799111942e-01,1.385104246355385871e-01,-1.044153922906667850e-02,1.263830050860960050e-03,-9.734965545919545271e-02,0.000000000000000000e+00
7.450000000000000178e+00,-1.369212138264398471e-01,1.379611661923351718e-01,-1.043503350582544210e-02,1.338306749997053222e-03,-9.725656344409984444e-02,0.000000000000000000e+00
7.455000000000000071e+00,-1.362327795110903350e-01,1.374126918695925126e-01,-1.042815768108521120e-02,1.411871736694226545e-03,-9.716029902843409394e-02,0.000000000000000000e+00
7.459999999999999964e+00,-1.355470855761981286e-01,1.368650164564431115e-01,-1.042091629712819587e-02,1.484531520203941860e-03,-9.706090428098575196e-02,0.000000000000000000e+00
7.464999999999999858e+00,-1.348641279906880042e-01,1.363181545283032869e-01,-1.041331386373180526e-02,1.556292593131179073e-03,-9.695842093772133463e-02,0.000000000000000000e+00
7.469999999999999751e+00,-1.341839026511383037e-01,1.357721204486572741e-01,-1.040535485825283893e-02,1.627161431051166130e-03,-9.685289040316732989e-02,0.000000000000000000e+00
7.475000000000000533e+00,-1.335064053828360076e-01,1.352269283708326664e-01,-1.039704372571357942e-02,1.697144492134803869e-03,-9.674435375180046037e-02,0.000000000000000000e+00
7.480000000000000426e+00,-1.328316319408232304e-01,1.346825922397674735e-01,-1.038838487888972539e-02,1.766248216782665597e-03,-9.663285172944810486e-02,0.000000000000000000e+00
7.485000000000000320e+00,-1.321595780109346419e-01,1.341391257937684656e-01,-1.037938269840014971e-02,1.834479027267457143e-03,-9.651842475469732396e-02,0.000000000000000000e+00
7.490000000000000213e+00,-1.314902392108263651e-01,1.335965425662610506e-01,-1.037004153279840780e-02,1.901843327384816372e-03,-9.640111292031312840e-02,0.000000000000000000e+00
7.495000000000000107e+00,-1.308236110909959671e-01,1.330548558875303544e-01,-1.036036569866598256e-02,1.968347502112340920e-03,-9.628095599466519883e-02,0.000000000000000000e+00
7.500000000000000000e+00,-1.301596891357937880e-01,1.325140788864538066e-01,-1.035035948070720836e-02,2.033997917276730762e-03,-9.615799342316271037e-02,0.000000000000000000e+00
7.504999999999999893e+00,-1.294984687644257226e-01,1.319742244922249563e-01,-1.034002713184584317e-02,2.098800919228926542e-03,-9.603226432969727555e-02,0.000000000000000000e+00
7.509999999999999787e+00,-1.288399453319473698e-01,1.314353054360685169e-01,-1.032937287332323997e-02,2.162762834527143067e-03,-9.590380751809361726e-02,0.000000000000000000e+00
7.515000000000000568e+00,-1.281841141302495213e-01,1.308973342529468620e-01,-1.031840089479808820e-02,2.225889969627679356e-03,-9.577266147356740256e-02,0.000000000000000000e+00
7.520000000000000462e+00,-1.275309703890352975e-01,1.303603232832575842e-01,-1.030711535444768338e-02,2.288188610583398105e-03,-9.563886436419036241e-02,0.000000000000000000e+00
7.525000000000000355e+00,-1.268805092767887055e-01,1.298242846745223111e-01,-1.029552037907067487e-02,2.349665022749768562e-03,-9.550245404236197555e-02,0.000000000000000000e+00
7.530000000000000249e+00,-1.262327259017348435e-01,1.292892303830668610e-01,-1.028362006419128102e-02,2.410325450498366530e-03,-9.536346804628807738e-02,0.000000000000000000e+00
7.535000000000000142e+00,-1.255876153127916950e-01,1.287551721756924616e-01,-1.027141847416490096e-02,2.470176116937721801e-03,-9.522194360146521430e-02,0.000000000000000000e+00
7.540000000000000036e+00,-1.249451725005135821e-01,1.282221216313380874e-01,-1.025891964228511921e-02,2.529223223641414130e-03,-9.507791762217165932e-02,0.000000000000000000e+00
7.544999999999999929e+00,-1.243053923980263209e-01,1.276900901427341362e-01,-1.024612757089204268e-02,2.587472950383312362e-03,-9.493142671296331270e-02,0.000000000000000000e+00
7.549999999999999822e+00,-1.236682698819541876e-01,1.271590889180470862e-01,-1.023304623148194557e-02,2.644931454879851339e-03,-9.478250717017602800e-02,0.000000000000000000e+00
7.554999999999999716e+00,-1.230337997733386285e-01,1.266291289825153543e-01,-1.021967956481818936e-02,2.701604872539252467e-03,-9.463119498343239289e-02,0.000000000000000000e+00
7.560000000000000497e+00,-1.224019768385488094e-01,1.261002211800762718e-01,-1.020603148104337263e-02,2.757499316217581261e-03,-9.447752583715378349e-02,0.000000000000000000e+00
7.565000000000000391e+00,-1.217727957901841018e-01,1.255723761749841516e-01,-1.019210585979268835e-02,2.812620875981548633e-03,-9.432153511207715113e-02,0.000000000000000000e+00
7.570000000000000284e+00,-1.211462512879684650e-01,1.250456044534193900e-01,-1.017790655030845551e-02,2.866975618877953130e-03,-9.416325788677647191e-02,0.000000000000000000e+00
7.575000000000000178e+00,-1.205223379396367922e-01,1.245199163250887975e-01,-1.016343737155577312e-02,2.920569588709674355e-03,-9.400272893918797112e-02,0.000000000000000000e+00
7.580000000000000071e+00,-1.199010503018133056e-01,1.239953219248168814e-01,-1.014870211233928968e-02,2.973408805818113492e-03,-9.383998274813970530e-02,0.000000000000000000e+00
7.584999999999999964e+00,-1.192823828808820263e-01,1.234718312141282609e-01,-1.013370453142104465e-02,3.025499266871994192e-03,-9.367505349488494670e-02,0.000000000000000000e+00
7.589999999999999858e+00,-1.186663301338493209e-01,1.229494539828211164e-01,-1.011844835763934386e-02,3.076846944662426676e-03,-9.350797506463909281e-02,0.000000000000000000e+00
7.594999999999999751e+00,-1.180528864691986063e-01,1.224281998505317715e-01,-1.010293729002864280e-02,3.127457787904142257e-03,-9.333878104811936527e-02,0.000000000000000000e+00
7.600000000000000533e+00,-1.174420462477372834e-01,1.219080782682902264e-01,-1.008717499794042211e-02,3.177337721042809791e-03,-9.316750474308879704e-02,0.000000000000000000e+00
7.605000000000000426e+00,-1.168338037834359133e-01,1.213890985200668654e-01,-1.007116512116499295e-02,3.226492644068340836e-03,-9.299417915590191264e-02,0.000000000000000000e+00
7.610000000000000320e+00,-1.162281533442596215e-01,1.208712697243101292e-01,-1.005491127005423563e-02,3.274928432334096341e-03,-9.281883700305366969e-02,0.000000000000000000e+00
7.615000000000000213e+00,-1.156250891529919389e-01,1.203546008354752783e-01,-1.003841702564522119e-02,3.322650936381904650e-03,-9.264151071273107885e-02,0.000000000000000000e+00
7.620000000000000107e+00,-1.150246053880509128e-01,1.198391006455442470e-01,-1.002168593978469517e-02,3.369665981772807569e-03,-9.246223242636646134e-02,0.000000000000000000e+00
7.625000000000000000e+00,-1.144266961842977104e-01,1.193247777855364899e-01,-1.000472153525438883e-02,3.415979368923441253e-03,-9.228103400019325997e-02,0.000000000000000000e+00
7.629999999999999893e+00,-1.138313556338376997e-01,1.188116407270109198e-01,-9.987527305897143937e-03,3.461596872947974267e-03,-9.209794700680379309e-02,0.000000000000000000e+00
7.634999999999999787e+00,-1.132385777868139820e-01,1.182996977835589353e-01,-9.970106716743806080e-03,3.506524243505514810e-03,-9.191300273670817422e-02,0.000000000000000000e+00
7.640000000000000568e+00,-1.126483566521935126e-01,1.177889571122884421e-01,-9.952463204140870809e-03,3.550767204652901642e-03,-9.172623219989528565e-02,0.000000000000000000e+00
7.645000000000000462e+00,-1.120606861985458669e-01,1.172794267152990483e-01,-9.934600175878851441e-03,3.594331454702802409e-03,-9.153766612739462627e-02,0.000000000000000000e+00
7.650000000000000355e+00,-1.114755603548145679e-01,1.167711144411482521e-01,-9.916521011321345960e-03,3.637222666087029568e-03,-9.134733497283960280e-02,0.000000000000000000e+00
7.655000000000000249e+00,-1.108929730110811834e-01,1.162640279863087350e-01,-9.898229061534766574e-03,3.679446485225003685e-03,-9.115526891403136212e-02,0.000000000000000000e+00
7.660000000000000142e+00,-1.103129180193220815e-01,1.157581748966167584e-01,-9.879727649418728469e-03,3.721008532397274311e-03,-9.096149785450399761e-02,0.000000000000000000e+00
7.665000000000000036e+00,-1.097353891941580811e-01,1.152535625687116649e-01,-9.861020069837043989e-03,3.761914401624027321e-03,-9.076605142508960278e-02,0.000000000000000000e+00
7.669999999999999929e+00,-1.091603803135967748e-01,1.147501982514664842e-01,-9.842109589749317017e-03,3.802169660548496317e-03,-9.056895898548414370e-02,0.000000000000000000e+00
7.674999999999999822e+00,-1.085878851197678713e-01,1.142480890474096428e-01,-9.822999448343115031e-03,3.841779850325205675e-03,-9.037024962581376164e-02,0.000000000000000000e+00
7.679999999999999716e+00,-1.080178973196513348e-01,1.137472419141377922e-01,-9.803692857166675448e-03,3.880750485512963251e-03,-9.016995216820053449e-02,0.000000000000000000e+00
7.685000000000000497e+00,-1.074504105857985586e-01,1.132476636657198249e-01,-9.784193000262146264e-03,3.919087053972533825e-03,-8.996809516832882103e-02,0.000000000000000000e+00
7.690000000000000391e+00,-1.068854185570465021e-01,1.127493609740919944e-01,-9.764503034299322828e-03,3.956795016768916047e-03,-8.976470691701088356e-02,0.000000000000000000e+00
7.695000000000000284e+00,-1.063229148392248885e-01,1.122523403704442091e-01,-9.744626088709858192e-03,3.993879808078148325e-03,-8.955981544175233011e-02,0.000000000000000000e+00
7.700000000000000178e+00,-1.057628930058564648e-01,1.117566082465975275e-01,-9.724565265821933160e-03,4.030346835098575116e-03,-8.935344850831691832e-02,0.000000000000000000e+00
7.705000000000000071e+00,-1.052053465988504743e-01,1.112621708563728135e-01,-9.704323640995358297e-03,4.066201477966499035e-03,-8.914563362229069310e-02,0.000000000000000000e+00
7.709999999999999964e+00,-1.046502691291891912e-01,1.107690343169506209e-01,-9.683904262757085310e-03,4.101449089676148518e-03,-8.893639803064518068e-02,0.000000000000000000e+00
7.714999999999999858e+00,-1.040976540776077791e-01,1.102772046102222653e-01,-9.663310152937108766e-03,4.136094996003892091e-03,-8.872576872329973607e-02,0.000000000000000000e+00
7.719999999999999751e+00,-1.035474948952673918e-01,1.097866875841321671e-01,-9.642544306804737286e-03,4.170144495436628983e-03,-8.851377243468264155e-02,0.000000000000000000e+00
7.725000000000000533e+00,-1.029997850044215152e-01,1.092974889540114375e-01,-9.621609693205208230e-03,4.203602859104287569e-03,-8.830043564529076183e-02,0.000000000000000000e+00
7.730000000000000426e+00,-1.024545177990757727e-01,1.088096143039027075e-01,-9.600509254696635436e-03,4.236475330716368316e-03,-8.808578458324822780e-02,0.000000000000000000e+00
7.735000000000000320e+00,-1.019116866456410558e-01,1.083230690878763114e-01,-9.579245907687262279e-03,4.268767126502456648e-03,-8.786984522586296920e-02,0.000000000000000000e+00
7.740000000000000213e+00,-1.013712848835800900e-01,1.078378586313376714e-01,-9.557822542572997487e-03,4.300483435156649339e-03,-8.765264330118199831e-02,0.000000000000000000e+00
7.745000000000000107e+00,-1.008333058260475340e-01,1.073539881323261197e-01,-9.536242023875230248e-03,4.331629417785821598e-03,-8.743420428954476464e-02,0.000000000000000000e+00
7.750000000000000000e+00,-1.002977427605235838e-01,1.068714626628049780e-01,-9.514507190378881235e-03,4.362210207861674099e-03,-8.721455342513452502e-02,0.000000000000000000e+00
7.754999999999999893e+00,-9.976458894944113809e-02,1.063902871699430180e-01,-9.492620855270694769e-03,4.392230911176498408e-03,-8.699371569752752109e-02,0.000000000000000000e+00
7.759999999999999787e+00,-9.923383763080657893e-02,1.059104664773873744e-01,-9.470585806277739133e-03,4.421696605802591384e-03,-8.677171585324025549e-02,0.000000000000000000e+00
7.765000000000000568e+00,-9.870548201881421124e-02,1.054320052865277413e-01,-9.448404805806095985e-03,4.450612342055266547e-03,-8.654857839727414515e-02,0.000000000000000000e+00
7.770000000000000462e+00,-9.817951530445444275e-02,1.049549081777521042e-01,-9.426080591079733645e-03,4.478983142459389520e-03,-8.632432759465796801e-02,0.000000000000000000e+00
7.775000000000000355e+00,-9.765593065611562207e-02,1.044791796116938676e-01,-9.403615874279536505e-03,4.506814001719388132e-03,-8.609898747198760360e-02,0.000000000000000000e+00
7.780000000000000249e+00,-9.713472122017974275e-02,1.040048239304704469e-01,-9.381013342682474956e-03,4.534109886692671253e-03,-8.587258181896331721e-02,0.000000000000000000e+00
7.785000000000000142e+00,-9.661588012161194394e-02,1.035318453589133686e-01,-9.358275658800896749e-03,4.560875736366398238e-03,-8.564513418992399096e-02,0.000000000000000000e+00
7.790000000000000036e+00,-9.609940046454386320e-02,1.030602480057899173e-01,-9.335405460521932833e-03,4.587116461837540023e-03,-8.541666790537877363e-02,0.000000000000000000e+00
7.794999999999999929e+00,-9.558527533285093858e-02,1.025900358650162630e-01,-9.312405361246991684e-03,4.612836946296178069e-03,-8.518720605353546915e-02,0.000000000000000000e+00
7.799999999999999822e+00,-9.507349779072364615e-02,1.021212128168621641e-01,-9.289277950031324740e-03,4.638042045011980460e-03,-8.495677149182603860e-02,0.000000000000000000e+00
7.805000000000000604e+00,-9.456406088323272841e-02,1.016537826291473157e-01,-9.266025791723659505e-03,4.662736585323799636e-03,-8.472538684842896572e-02,0.000000000000000000e+00
7.810000000000000497e+00,-9.405695763688848299e-02,1.011877489584292605e-01,-9.242651427105872536e-03,4.686925366632340578e-03,-8.449307452378795880e-02,0.000000000000000000e+00
7.815000000000000391e+00,-9.355218106019411173e-02,1.007231153511829319e-01,-9.219157373032690200e-03,4.710613160395834415e-03,-8.425985669212779361e-02,0.000000000000000000e+00
7.820000000000000284e+00,-9.304972414419321325e-02,1.002598852449718969e-01,-9.195546122571410241e-03,4.733804710128678393e-03,-8.402575530296635398e-02,0.000000000000000000e+00
7.825000000000000178e+00,-9.254957986301141915e-02,9.979806196961128750e-02,-9.171820145141612937e-03,4.756504731402974584e-03,-8.379079208262298073e-02,0.000000000000000000e+00
7.830000000000000071e+00,-9.205174117439225701e-02,9.933764874832241853e-02,-9.147981886654867056e-03,4.778717911852922197e-03,-8.355498853572362883e-02,0.000000000000000000e+00
7.834999999999999964e+00,-9.155620102022722639e-02,9.887864869887917629e-02,-9.124033769654399384e-03,4.800448911182013216e-03,-8.331836594670176399e-02,0.000000000000000000e+00
7.839999999999999858e+00,-9.106295232708021270e-02,9.842106483474619139e-02,-9.099978193454726083e-03,4.821702361172972365e-03,-8.308094538129572049e-02,0.000000000000000000e+00
7.844999999999999751e+00,-9.057198800670619721e-02,9.796490006620876823e-02,-9.075817534281226812e-03,4.842482865700395434e-03,-8.284274768804214539e-02,0.000000000000000000e+00
7.850000000000000533e+00,-9.008330095656433278e-02,9.751015720149469601e-02,-9.051554145409645979e-03,4.862795000746038265e-03,-8.260379349976516850e-02,0.000000000000000000e+00
7.855000000000000426e+00,-8.959688406032546848e-02,9.705683894788787180e-02,-9.027190357305514209e-03,4.882643314416702622e-03,-8.236410323506183906e-02,0.000000000000000000e+00
7.860000000000000320e+00,-8.911273018837408133e-02,9.660494791283384675e-02,-9.002728477763476123e-03,4.902032326964670360e-03,-8.212369709978312171e-02,0.000000000000000000e+00
7.865000000000000213e+00,-8.863083219830472648e-02,9.615448660503726763e-02,-8.978170792046500162e-03,4.920966530810639943e-03,-8.188259508851084001e-02,0.000000000000000000e+00
7.870000000000000107e+00,-8.815118293541303329e-02,9.570545743555125551e-02,-8.953519563024980865e-03,4.939450390569118457e-03,-8.164081698603013748e-02,0.000000000000000000e+00
7.875000000000000000e+00,-8.767377523318121979e-02,9.525786271885877676e-02,-8.928777031315697152e-03,4.957488343076217087e-03,-8.139838236879776145e-02,0.000000000000000000e+00
7.879999999999999893e+00,-8.719860191375829184e-02,9.481170467394599288e-02,-8.903945415420631837e-03,4.975084797419807546e-03,-8.115531060640558680e-02,0.000000000000000000e+00
7.884999999999999787e+00,-8.672565578843483003e-02,9.436698542536767209e-02,-8.879026911865629812e-03,4.992244134971996969e-03,-8.091162086303982370e-02,0.000000000000000000e+00
7.890000000000000568e+00,-8.625492965811253077e-02,9.392370700430467678e-02,-8.854023695338894898e-03,5.008970709423866616e-03,-8.066733209893564571e-02,0.000000000000000000e+00
7.895000000000000462e+00,-8.578641631376841825e-02,9.348187134961348510e-02,-8.828937918829301082e-03,5.025268846822439697e-03,-8.042246307182707166e-02,0.000000000000000000e+00
7.900000000000000355e+00,-8.532010853691388008e-02,9.304148030886789933e-02,-8.803771713764516407e-03,5.041142845609827144e-03,-8.017703233839199028e-02,0.000000000000000000e+00
7.905000000000000249e+00,-8.485599910004849866e-02,9.260253563939289945e-02,-8.778527190148923895e-03,5.056596976664513160e-03,-7.993105825569263301e-02,0.000000000000000000e+00
7.910000000000000142e+00,-8.439408076710869233e-02,9.216503900929064186e-02,-8.753206436701334303e-03,5.071635483344731979e-03,-7.968455898261109227e-02,0.000000000000000000e+00
7.915000000000000036e+00,-8.393434629391130497e-02,9.172899199845875595e-02,-8.727811520992473371e-03,5.086262581533900276e-03,-7.943755248127983004e-02,0.000000000000000000e+00
7.919999999999999929e+00,-8.347678842859211634e-02,9.129439609960082747e-02,-8.702344489582240078e-03,5.100482459688056650e-03,-7.919005651850732908e-02,0.000000000000000000e+00
7.924999999999999822e+00,-8.302139991203925928e-02,9.086125271922920743e-02,-8.676807368156715106e-03,5.114299278885273484e-03,-7.894208866719863715e-02,0.000000000000000000e+00
7.930000000000000604e+00,-8.256817347832172416e-02,9.042956317866010507e-02,-8.651202161664929904e-03,5.127717172876994356e-03,-7.869366630777091531e-02,0.000000000000000000e+00
7.935000000000000497e+00,-8.211710185511285343e-02,8.999932871500108955e-02,-8.625530854455365146e-03,5.140740248141261425e-03,-7.844480662956371253e-02,0.000000000000000000e+00
7.940000000000000391e+00,-8.166817776410890961e-02,8.957055048213088955e-02,-8.599795410412178556e-03,5.153372583937792031e-03,-7.819552663224411948e-02,0.000000000000000000e+00
7.945000000000000284e+00,-8.122139392144284153e-02,8.914322955167167106e-02,-8.573997773091158667e-03,5.165618232364862020e-03,-7.794584312720684305e-02,0.000000000000000000e+00
7.950000000000000178e+00,-8.077674303809308232e-02,8.871736691395376573e-02,-8.548139865855383657e-03,5.177481218417962806e-03,-7.769577273896859093e-02,0.000000000000000000e+00
7.955000000000000071e+00,-8.033421782028765668e-02,8.829296347897284958e-02,-8.522223592010587032e-03,5.188965540050192310e-03,-7.744533190655741861e-02,0.000000000000000000e+00
7.959999999999999964e+00,-7.989381096990348652e-02,8.787002007733966946e-02,-8.496250834940211050e-03,5.200075168234338102e-03,-7.719453688489669174e-02,0.000000000000000000e+00
7.964999999999999858e+00,-7.945551518486090870e-02,8.744853746122227545e-02,-8.470223458240154837e-03,5.210814047026622424e-03,-7.694340374618349743e-02,0.000000000000000000e+00
7.969999999999999751e+00,-7.901932315951359920e-02,8.702851630528089799e-02,-8.444143305853191173e-03,5.221186093632065699e-03,-7.669194838126155989e-02,0.000000000000000000e+00
7.975000000000000533e+00,-7.858522758503376504e-02,8.660995720759540051e-02,-8.418012202203055405e-03,5.231195198471439052e-03,-7.644018650098874379e-02,0.000000000000000000e+00
7.980000000000000426e+00,-7.815322114979274259e-02,8.619286069058539057e-02,-8.391831952328197841e-03,5.240845225249767675e-03,-7.618813363759896484e-02,0.000000000000000000e+00
7.985000000000000320e+00,-7.772329653973701624e-02,8.577722720192303141e-02,-8.365604342015189182e-03,5.250140011026344262e-03,-7.593580514605850762e-02,0.000000000000000000e+00
7.990000000000000213e+00,-7.729544643875969900e-02,8.536305711543856756e-02,-8.339331137931768612e-03,5.259083366286230847e-03,-7.568321620541666739e-02,0.000000000000000000e+00
7.995000000000000107e+00,-7.686966352906746125e-02,8.495035073201857856e-02,-8.313014087759532794e-03,5.267679075013203052e-03,-7.543038182015057713e-02,0.000000000000000000e+00
8.000000000000000000e+00,-7.644594049154307402e-02,8.453910828049709947e-02,-8.286654920326257112e-03,5.275930894764104678e-03,-7.517731682150477490e-02,0.000000000000000000e+00
8.005000000000000782e+00,-7.602427000610340047e-02,8.412932991853945552e-02,-8.260255345737845672e-03,5.283842556744590066e-03,-7.492403586882445676e-02,0.000000000000000000e+00
8.009999999999999787e+00,-7.560464475205308510e-02,8.372101573351908854e-02,-8.233817055509891000e-03,5.291417765886206534e-03,-7.467055345088349783e-02,0.000000000000000000e+00
8.015000000000000568e+00,-7.518705740843381613e-02,8.331416574338715297e-02,-8.207341722698848624e-03,5.298660200924794339e-03,-7.441688388720602010e-02,0.000000000000000000e+00
8.019999999999999574e+00,-7.477150065436928561e-02,8.290877989753513144e-02,-8.180831002032819613e-03,5.305573514480170332e-03,-7.416304132938285332e-02,0.000000000000000000e+00
8.025000000000000355e+00,-7.435796716940584750e-02,8.250485807765034485e-02,-8.154286530041927189e-03,5.312161333137063214e-03,-7.390903976238159812e-02,0.000000000000000000e+00
8.029999999999999361e+00,-7.394644963384890135e-02,8.210240009856453747e-02,-8.127709925188287415e-03,5.318427257527269178e-03,-7.365489300585086052e-02,0.000000000000000000e+00
8.035000000000000142e+00,-7.353694072909507107e-02,8.170140570909543987e-02,-8.101102787995567017e-03,5.324374862412997560e-03,-7.340061471541881044e-02,0.000000000000000000e+00
8.040000000000000924e+00,-7.312943313796019251e-02,8.130187459288144847e-02,-8.074466701178119668e-03,5.330007696771379630e-03,-7.314621838398556453e-02,0.000000000000000000e+00
8.044999999999999929e+00,-7.272391954500313782e-02,8.090380636920938007e-02,-8.047803229769697267e-03,5.335329283880103218e-03,-7.289171734300950445e-02,0.000000000000000000e+00
8.050000000000000711e+00,-7.232039263684550412e-02,8.050720059383535687e-02,-8.021113921251732740e-03,5.340343121404152356e-03,-7.263712476378805794e-02,0.000000000000000000e+00
8.054999999999999716e+00,-7.191884510248723605e-02,8.011205675979893304e-02,-7.994400305681182220e-03,5.345052681483619846e-03,-7.238245365873174908e-02,0.000000000000000000e+00
8.060000000000000497e+00,-7.151926963361819600e-02,7.971837429823035170e-02,-7.967663895817928346e-03,5.349461410822563268e-03,-7.212771688263283631e-02,0.000000000000000000e+00
8.064999999999999503e+00,-7.112165892492569585e-02,7.932615257915112683e-02,-7.940906187251737733e-03,5.353572730778875799e-03,-7.187292713392751109e-02,0.000000000000000000e+00
8.070000000000000284e+00,-7.072600567439804586e-02,7.893539091226788040e-02,-7.914128658528763946e-03,5.357390037455148427e-03,-7.161809695595212910e-02,0.000000000000000000e+00
8.074999999999999289e+00,-7.033230258362418996e-02,7.854608854775949056e-02,-7.887332771277592511e-03,5.360916701790493198e-03,-7.136323873819332142e-02,0.000000000000000000e+00
8.080000000000000071e+00,-6.994054235808934428e-02,7.815824467705760614e-02,-7.860519970334829687e-03,5.364156069653298886e-03,-7.110836471753188837e-02,0.000000000000000000e+00
8.085000000000000853e+00,-6.955071770746684701e-02,7.777185843362056927e-02,-7.833691683870224604e-03,5.367111461934898249e-03,-7.085348697948083696e-02,0.000000000000000000e+00
8.089999999999999858e+00,-6.916282134590605313e-02,7.738692889370074601e-02,-7.806849323511311743e-03,5.369786174644117401e-03,-7.059861745941679867e-02,0.000000000000000000e+00
8.095000000000000639e+00,-6.877684599231650986e-02,7.700345507710533444e-02,-7.779994284467591122e-03,5.372183479002678660e-03,-7.034376794380575726e-02,0.000000000000000000e+00
8.099999999999999645e+00,-6.839278437064824634e-02,7.662143594795069179e-02,-7.753127945654221011e-03,5.374306621541439545e-03,-7.008895007142212918e-02,0.000000000000000000e+00
8.105000000000000426e+00,-6.801062921016839957e-02,7.624087041541015297e-02,-7.726251669815231010e-03,5.376158824197434932e-03,-6.983417533456198756e-02,0.000000000000000000e+00
8.109999999999999432e+00,-6.763037324573402398e-02,7.586175733445547908e-02,-7.699366803646245927e-03,5.377743284411704190e-03,-6.957945508024983294e-02,0.000000000000000000e+00
8.115000000000000213e+00,-6.725200921806132048e-02,7.548409550659185285e-02,-7.672474677916721331e-03,5.379063175227872910e-03,-6.932480051143950772e-02,0.000000000000000000e+00
8.120000000000000995e+00,-6.687552987399107696e-02,7.510788368058661513e-02,-7.645576607591679508e-03,5.380121645391472765e-03,-6.907022268820814381e-02,0.000000000000000000e+00
8.125000000000000000e+00,-6.650092796675059759e-02,7.473312055319156211e-02,-7.618673891952953622e-03,5.380921819449969133e-03,-6.881573252894471193e-02,0.000000000000000000e+00
8.130000000000000782e+00,-6.612819625621198238e-02,7.435980476985905308e-02,-7.591767814719923603e-03,5.381466797853476543e-03,-6.856134081153179849e-02,0.000000000000000000e+00
8.134999999999999787e+00,-6.575732750914682623e-02,7.398793492545185924e-02,-7.564859644169753296e-03,5.381759657056142850e-03,-6.830705817452112361e-02,0.000000000000000000e+00
8.140000000000000568e+00,-6.538831449947742069e-02,7.361750956494675369e-02,-7.537950633257110671e-03,5.381803449618170927e-03,-6.805289511830300841e-02,0.000000000000000000e+00
8.144999999999999574e+00,-6.502115000852443094e-02,7.324852718413200903e-02,-7.511042019733385824e-03,5.381601204308464857e-03,-6.779886200626933368e-02,0.000000000000000000e+00
8.150000000000000355e+00,-6.465582682525111702e-02,7.288098623029864997e-02,-7.484135026265386834e-03,5.381155926207871996e-03,-6.754496906597044770e-02,0.000000000000000000e+00
8.154999999999999361e+00,-6.429233774650408573e-02,7.251488510292572465e-02,-7.457230860553521259e-03,5.380470596813003575e-03,-6.729122639026551000e-02,0.000000000000000000e+00
8.160000000000000142e+00,-6.393067557725068406e-02,7.215022215435941411e-02,-7.430330715449457238e-03,5.379548174140613009e-03,-6.703764393846681213e-02,0.000000000000000000e+00
8.165000000000000924e+00,-6.357083313081293707e-02,7.178699569048617446e-02,-7.403435769073260682e-03,5.378391592832509373e-03,-6.678423153747747865e-02,0.000000000000000000e+00
8.169999999999999929e+00,-6.321280322909819671e-02,7.142520397139984212e-02,-7.376547184930005996e-03,5.377003764260984350e-03,-6.653099888292325625e-02,0.000000000000000000e+00
8.175000000000000711e+00,-6.285657870282645998e-02,7.106484521206282712e-02,-7.349666112025858566e-03,5.375387576634736188e-03,-6.627795554027743341e-02,0.000000000000000000e+00
8.179999999999999716e+00,-6.250215239175437032e-02,7.070591758296132512e-02,-7.322793684983628162e-03,5.373545895105266354e-03,-6.602511094598020880e-02,0.000000000000000000e+00
8.185000000000000497e+00,-6.214951714489597850e-02,7.034841921075472848e-02,-7.295931024157788040e-03,5.371481561873737640e-03,-6.577247440855109317e-02,0.000000000000000000e+00
8.189999999999999503e+00,-6.179866582074025616e-02,6.999234817891909766e-02,-7.269079235748958021e-03,5.369197396298262467e-03,-6.552005510969516333e-02,0.000000000000000000e+00
8.195000000000000284e+00,-6.144959128746542432e-02,6.963770252838487329e-02,-7.242239411917849798e-03,5.366696195001613608e-03,-6.526786210540327926e-02,0.000000000000000000e+00
8.199999999999999289e+00,-6.110228642315010394e-02,6.928448025816878741e-02,-7.215412630898675357e-03,5.363980731979333012e-03,-6.501590432704563993e-02,0.000000000000000000e+00
8.205000000000000071e+00,-6.075674411598130237e-02,6.893267932600007086e-02,-7.188599957112010684e-03,5.361053758708219687e-03,-6.476419058245916349e-02,0.000000000000000000e+00
8.210000000000000853e+00,-6.041295726445931880e-02,6.858229764894088754e-02,-7.161802441277117376e-03,5.357918004255183587e-03,-6.451272955702874734e-02,0.000000000000000000e+00
8.214999999999999858e+00,-6.007091877759951348e-02,6.823333310400117591e-02,-7.135021120523721283e-03,5.354576175386444731e-03,-6.426152981476182524e-02,0.000000000000000000e+00
8.220000000000000639e+00,-5.973062157513106540e-02,6.788578352874775901e-02,-7.108257018503239509e-03,5.351030956677055826e-03,-6.401059979935697086e-02,0.000000000000000000e+00
8.224999999999999645e+00,-5.939205858769266294e-02,6.753964672190794494e-02,-7.081511145499462707e-03,5.347285010620741498e-03,-6.375994783526611753e-02,0.000000000000000000e+00
8.230000000000000426e+00,-5.905522275702521778e-02,6.719492044396754848e-02,-7.054784498538688338e-03,5.343340977740029807e-03,-6.350958212875026931e-02,0.000000000000000000e+00
8.234999999999999432e+00,-5.872010703616157429e-02,6.685160241776330614e-02,-7.028078061499297945e-03,5.339201476696659593e-03,-6.325951076892923075e-02,0.000000000000000000e+00
8.240000000000000213e+00,-5.838670438961329756e-02,6.650969032906987877e-02,-7.001392805220786261e-03,5.334869104402248895e-03,-6.300974172882500834e-02,0.000000000000000000e+00
8.245000000000000995e+00,-5.805500779355451252e-02,6.616918182718137253e-02,-6.974729687612234337e-03,5.330346436129210566e-03,-6.276028286639864784e-02,0.000000000000000000e+00
8.250000000000000000e+00,-5.772501023600288411e-02,6.583007452548743366e-02,-6.948089653760228419e-03,5.325636025621896009e-03,-6.251114192558113181e-02,0.000000000000000000e+00
8.255000000000000782e+00,-5.739670471699769017e-02,6.549236600204394465e-02,-6.921473636036219387e-03,5.320740405207954882e-03,-6.226232653729783795e-02,0.000000000000000000e+00
8.259999999999999787e+00,-5.707008424877509090e-02,6.515605380013836379e-02,-6.894882554203330544e-03,5.315662085909888222e-03,-6.201384422048680789e-02,0.000000000000000000e+00
8.265000000000000568e+00,-5.674514185594056737e-02,6.482113542884977708e-02,-6.868317315522602488e-03,5.310403557556790666e-03,-6.176570238311072936e-02,0.000000000000000000e+00
8.269999999999999574e+00,-5.642187057563855662e-02,6.448760836360363513e-02,-6.841778814858681147e-03,5.304967288896257453e-03,-6.151790832316283986e-02,0.000000000000000000e+00
8.275000000000000355e+00,-5.610026345771936679e-02,6.415547004672124409e-02,-6.815267934784943749e-03,5.299355727706451039e-03,-6.127046922966620374e-02,0.000000000000000000e+00
8.279999999999999361e+00,-5.578031356490332354e-02,6.382471788796405254e-02,-6.788785545688067954e-03,5.293571300908302135e-03,-6.102339218366732015e-02,0.000000000000000000e+00
8.285000000000000142e+00,-5.546201397294221042e-02,6.349534926507276189e-02,-6.762332505872034605e-03,5.287616414677840000e-03,-6.077668415922301420e-02,0.000000000000000000e+00
8.290000000000000924e+00,-5.514535777077805845e-02,6.316736152430126039e-02,-6.735909661661572748e-03,5.281493454558634608e-03,-6.053035202438145079e-02,0.000000000000000000e+00
8.294999999999999929e+00,-5.483033806069924354e-02,6.284075198094549175e-02,-6.709517847505040884e-03,5.275204785574337703e-03,-6.028440254215684801e-02,0.000000000000000000e+00
8.300000000000000711e+00,-5.451694795849395397e-02,6.251551791986721673e-02,-6.683157886076743562e-03,5.268752752341310588e-03,-6.003884237149805653e-02,0.000000000000000000e+00
8.304999999999999716e+00,-5.420518059360108359e-02,6.219165659601270935e-02,-6.656830588378688518e-03,5.262139679181322173e-03,-5.979367806825090781e-02,0.000000000000000000e+00
8.310000000000000497e+00,-5.389502910925850210e-02,6.186916523492650560e-02,-6.630536753841773968e-03,5.255367870234309464e-03,-5.954891608611441456e-02,0.000000000000000000e+00
8.314999999999999503e+00,-5.358648666264880650e-02,6.154804103326013548e-02,-6.604277170426419916e-03,5.248439609571182302e-03,-5.930456277759095507e-02,0.000000000000000000e+00
8.320000000000000284e+00,-5.327954642504251909e-02,6.122828115927590742e-02,-6.578052614722627867e-03,5.241357161306666249e-03,-5.906062439493013627e-02,0.000000000000000000e+00
8.324999999999999289e+00,-5.297420158193878736e-02,6.090988275334582175e-02,-6.551863852049481969e-03,5.234122769712165439e-03,-5.881710709106677260e-02,0.000000000000000000e+00
8.330000000000000071e+00,-5.267044533320357907e-02,6.059284292844557135e-02,-6.525711636554082026e-03,5.226738659328636696e-03,-5.857401692055254350e-02,0.000000000000000000e+00
8.335000000000000853e+00,-5.236827089320546941e-02,6.027715877064371286e-02,-6.499596711309914461e-03,5.219207035079464520e-03,-5.833135984048173212e-02,0.000000000000000000e+00
8.339999999999999858e+00,-5.206767149094893715e-02,5.996282733958605698e-02,-6.473519808414657760e-03,5.211530082383322195e-03,-5.808914171141080218e-02,0.000000000000000000e+00
8.345000000000000639e+00,-5.176864037020529469e-02,5.964984566897526402e-02,-6.447481649087423265e-03,5.203709967267007748e-03,-5.784736829827192423e-02,0.000000000000000000e+00
8.349999999999999645e+00,-5.147117078964121017e-02,5.933821076704567932e-02,-6.421482943765432182e-03,5.195748836478247812e-03,-5.760604527128055513e-02,0.000000000000000000e+00
8.355000000000000426e+00,-5.117525602294487053e-02,5.902791961703350576e-02,-6.395524392200131400e-03,5.187648817598454649e-03,-5.736517820683685598e-02,0.000000000000000000e+00
8.359999999999999432e+00,-5.088088935894979903e-02,5.871896917764227175e-02,-6.369606683552741198e-03,5.179412019155425935e-03,-5.712477258842119099e-02,0.000000000000000000e+00
8.365000000000000213e+00,-5.058806410175638313e-02,5.841135638350367087e-02,-6.343730496489241762e-03,5.171040530735978615e-03,-5.688483380748367291e-02,0.000000000000000000e+00
8.370000000000000995e+00,-5.029677357085107076e-02,5.810507814563378032e-02,-6.317896499274797649e-03,5.162536423098505571e-03,-5.664536716432757441e-02,0.000000000000000000e+00
8.375000000000000000e+00,-5.000701110122332538e-02,5.780013135188472040e-02,-6.292105349867618477e-03,5.153901748285444687e-03,-5.640637786898697326e-02,0.000000000000000000e+00
8.380000000000000782e+00,-4.971877004348033979e-02,5.749651286739175526e-02,-6.266357696012255819e-03,5.145138539735649892e-03,-5.616787104209832598e-02,0.000000000000000000e+00
8.384999999999999787e+00,-4.943204376395948785e-02,5.719421953501591105e-02,-6.240654175332344122e-03,5.136248812396659001e-03,-5.592985171576615733e-02,0.000000000000000000e+00
8.390000000000000568e+00,-4.914682564483861121e-02,5.689324817578206989e-02,-6.214995415422773506e-03,5.127234562836839246e-03,-5.569232483442286552e-02,0.000000000000000000e+00
8.394999999999999574e+00,-4.886310908424412042e-02,5.659359558931265771e-02,-6.189382033941306580e-03,5.118097769357413986e-03,-5.545529525568256013e-02,0.000000000000000000e+00
8.400000000000000355e+00,-4.858088749635691705e-02,5.629525855425689812e-02,-6.163814638699635813e-03,5.108840392104348031e-03,-5.521876775118925162e-02,0.000000000000000000e+00
8.404999999999999361e+00,-4.830015431151620658e-02,5.599823382871570165e-02,-6.138293827753877989e-03,5.099464373180094198e-03,-5.498274700745883758e-02,0.000000000000000000e+00
8.410000000000000142e+00,-4.802090297632118088e-02,5.570251815066218359e-02,-6.112820189494514410e-03,5.089971636755184596e-03,-5.474723762671554472e-02,0.000000000000000000e+00
8.415000000000000924e+00,-4.774312695373062604e-02,5.540810823835786575e-02,-6.087394302735770792e-03,5.080364089179660592e-03,-5.451224412772248673e-02,0.000000000000000000e+00
8.419999999999999929e+00,-4.746681972316043469e-02,5.511500079076462472e-02,-6.062016736804442911e-03,5.070643619094335371e-03,-5.427777094660639345e-02,0.000000000000000000e+00
8.425000000000000711e+00,-4.719197478057908512e-02,5.482319248795233108e-02,-6.036688051628163673e-03,5.060812097541875221e-03,-5.404382243767652527e-02,0.000000000000000000e+00
8.429999999999999716e+00,-4.691858563860110132e-02,5.453267999150231138e-02,-6.011408797823116802e-03,5.050871378077698669e-03,-5.381040287423796697e-02,0.000000000000000000e+00
8.435000000000000497e+00,-4.664664582657848668e-02,5.424345994490658435e-02,-5.986179516781196287e-03,5.040823296880677859e-03,-5.357751644939909297e-02,0.000000000000000000e+00
8.439999999999999503e+00,-4.637614889069018725e-02,5.395552897396295455e-02,-5.961000740756613320e-03,5.030669672863641306e-03,-5.334516727687332177e-02,0.000000000000000000e+00
8.445000000000000284e+00,-4.610708839402957032e-02,5.366888368716597746e-02,-5.935872992951950720e-03,5.020412307783664145e-03,-5.311335939177518756e-02,0.000000000000000000e+00
8.449999999999999289e+00,-4.583945791668999487e-02,5.338352067609379581e-02,-5.910796787603663990e-03,5.010052986352144140e-03,-5.288209675141081201e-02,0.000000000000000000e+00
8.455000000000000071e+00,-4.557325105584841135e-02,5.309943651579095841e-02,-5.885772630067039393e-03,4.999593476344653918e-03,-5.265138323606254750e-02,0.000000000000000000e+00
8.460000000000000853e+00,-4.530846142584710190e-02,5.281662776514713109e-02,-5.860801016900594324e-03,4.989035528710558144e-03,-5.242122264976826346e-02,0.000000000000000000e+00
8.464999999999999858e+00,-4.504508265827349839e-02,5.253509096727186634e-02,-5.835882435949938177e-03,4.978380877682398245e-03,-5.219161872109470690e-02,0.000000000000000000e+00
8.470000000000000639e+00,-4.478310840203816173e-02,5.225482264986536229e-02,-5.811017366431081577e-03,4.967631240885024731e-03,-5.196257510390553391e-02,0.000000000000000000e+00
8.474999999999999645e+00,-4.452253232345090850e-02,5.197581932558525269e-02,-5.786206279013204369e-03,4.956788319444484919e-03,-5.173409537812367898e-02,0.000000000000000000e+00
8.480000000000000426e+00,-4.426334810629512645e-02,5.169807749240952488e-02,-5.761449635900875443e-03,4.945853798096648719e-03,-5.150618305048818013e-02,0.000000000000000000e+00
8.484999999999999432e+00,-4.400554945190025130e-02,5.142159363399552430e-02,-5.736747890915734789e-03,4.934829345295568999e-03,-5.127884155530536281e-02,0.000000000000000000e+00
8.490000000000000213e+00,-4.374913007921250180e-02,5.114636422003509403e-02,-5.712101489577630850e-03,4.923716613321573940e-03,-5.105207425519484726e-02,0.000000000000000000e+00
8.495000000000000995e+00,-4.349408372486381763e-02,5.087238570660589793e-02,-5.687510869185220981e-03,4.912517238389080103e-03,-5.082588444182979670e-02,0.000000000000000000e+00
8.500000000000000000e+00,-4.324040414323905568e-02,5.059965453651894818e-02,-5.662976458896030671e-03,4.901232840754121863e-03,-5.060027533667166288e-02,0.000000000000000000e+00
8.505000000000000782e+00,-4.298808510654147236e-02,5.032816713966235117e-02,-5.638498679805976736e-03,4.889865024821593749e-03,-5.037525009169989409e-02,0.000000000000000000e+00
8.509999999999999787e+00,-4.273712040485648511e-02,5.005791993334131329e-02,-5.614077945028357955e-03,4.878415379252198751e-03,-5.015081179013573809e-02,0.000000000000000000e+00
8.515000000000000568e+00,-4.248750384621372694e-02,4.978890932261443442e-02,-5.589714659772307935e-03,4.866885477069093045e-03,-4.992696344716101436e-02,0.000000000000000000e+00
8.519999999999999574e+00,-4.223922925664747724e-02,4.952113170062633074e-02,-5.565409221420715424e-03,4.855276875764229748e-03,-4.970370801063138388e-02,0.000000000000000000e+00
8.525000000000000355e+00,-4.199229048025537869e-02,4.925458344893658691e-02,-5.541162019607617263e-03,4.843591117404387816e-03,-4.948104836178428279e-02,0.000000000000000000e+00
8.529999999999999361e+00,-4.174668137925557215e-02,4.898926093784509300e-02,-5.516973436295058777e-03,4.831829728736887833e-03,-4.925898731594156865e-02,0.000000000000000000e+00
8.535000000000000142e+00,-4.150239583404216615e-02,4.872516052671378717e-02,-5.492843845849428551e-03,4.819994221294983394e-03,-4.903752762320692793e-02,0.000000000000000000e+00
8.540000000000000924e+00,-4.125942774323914514e-02,4.846227856428480391e-02,-5.468773615117263238e-03,4.808086091502931578e-03,-4.881667196915778772e-02,0.000000000000000000e+00
8.544999999999999929e+00,-4.101777102375267492e-02,4.820061138899512515e-02,-5.444763103500534565e-03,4.796106820780727739e-03,-4.859642297553232182e-02,0.000000000000000000e+00
8.550000000000000711e+00,-4.077741961082185368e-02,4.794015532928767170e-02,-5.420812663031406367e-03,4.784057875648506375e-03,-4.837678320091099576e-02,0.000000000000000000e+00
8.554999999999999716e+00,-4.053836745806790876e-02,4.768090670391895297e-02,-5.396922638446473817e-03,4.771940707830603715e-03,-4.815775514139287311e-02,0.000000000000000000e+00
8.560000000000000497e+00,-4.030060853754185990e-02,4.742286182226321950e-02,-5.373093367260484837e-03,4.759756754359273367e-03,-4.793934123126706442e-02,0.000000000000000000e+00
8.564999999999999503e+00,-4.006413683977069068e-02,4.716601698461321546e-02,-5.349325179839541089e-03,4.747507437678054158e-03,-4.772154384367865293e-02,0.000000000000000000e+00
8.570000000000000284e+00,-3.982894637380200720e-02,4.691036848247751717e-02,-5.325618399473782023e-03,4.735194165744785813e-03,-4.750436529128969354e-02,0.000000000000000000e+00
8.575000000000001066e+00,-3.959503116724720495e-02,4.665591259887450631e-02,-5.301973342449559784e-03,4.722818332134265558e-03,-4.728780782693511181e-02,0.000000000000000000e+00
8.580000000000000071e+00,-3.936238526632322710e-02,4.640264560862297771e-02,-5.278390318121097165e-03,4.710381316140546497e-03,-4.707187364427349585e-02,0.000000000000000000e+00
8.585000000000000853e+00,-3.913100273589280309e-02,4.615056377862943732e-02,-5.254869628981634691e-03,4.697884482878867361e-03,-4.685656487843274653e-02,0.000000000000000000e+00
8.589999999999999858e+00,-3.890087765950333426e-02,4.589966336817211112e-02,-5.231411570734072897e-03,4.685329183387217100e-03,-4.664188360665087046e-02,0.000000000000000000e+00
8.595000000000000639e+00,-3.867200413942430831e-02,4.564994062918168588e-02,-5.208016432361104592e-03,4.672716754727525637e-03,-4.642783184891166592e-02,0.000000000000000000e+00
8.599999999999999645e+00,-3.844437629668334688e-02,4.540139180651879547e-02,-5.184684496194842326e-03,4.660048520086475590e-03,-4.621441156857542670e-02,0.000000000000000000e+00
8.605000000000000426e+00,-3.821798827110087921e-02,4.515401313824832230e-02,-5.161416037985945386e-03,4.647325788875941027e-03,-4.600162467300472624e-02,0.000000000000000000e+00
8.609999999999999432e+00,-3.799283422132342797e-02,4.490780085591047910e-02,-5.138211326972241116e-03,4.634549856833037641e-03,-4.578947301418528903e-02,0.000000000000000000e+00
8.615000000000000213e+00,-3.776890832485556987e-02,4.466275118478874040e-02,-5.115070625946850115e-03,4.621722006119791289e-03,-4.557795838934178279e-02,0.000000000000000000e+00
8.620000000000000995e+00,-3.754620477809055001e-02,4.441886034417465851e-02,-5.091994191325814427e-03,4.608843505422412744e-03,-4.536708254154915576e-02,0.000000000000000000e+00
8.625000000000000000e+00,-3.732471779633959874e-02,4.417612454762954305e-02,-5.068982273215228741e-03,4.595915610050183876e-03,-4.515684716033855489e-02,0.000000000000000000e+00
8.630000000000000782e+00,-3.710444161385991618e-02,4.393454000324307357e-02,-5.046035115477878058e-03,4.582939562033948311e-03,-4.494725388229889318e-02,0.000000000000000000e+00
8.634999999999999787e+00,-3.688537048388140782e-02,4.369410291388883816e-02,-5.023152955799384430e-03,4.569916590224202234e-03,-4.473830429167327538e-02,0.000000000000000000e+00
8.640000000000000568e+00,-3.666749867863212248e-02,4.345480947747687450e-02,-5.000336025753864509e-03,4.556847910388785346e-03,-4.452999992095089954e-02,0.000000000000000000e+00
8.644999999999999574e+00,-3.645082048936244129e-02,4.321665588720315088e-02,-4.977584550869101378e-03,4.543734725310168490e-03,-4.432234225145405271e-02,0.000000000000000000e+00
8.650000000000000355e+00,-3.623533022636804546e-02,4.297963833179610504e-02,-4.954898750691224575e-03,4.530578224882334491e-03,-4.411533271392041600e-02,0.000000000000000000e+00
8.654999999999999361e+00,-3.602102221901162804e-02,4.274375299576022719e-02,-4.932278838848916554e-03,4.517379586207252197e-03,-4.390897268908061646e-02,0.000000000000000000e+00
8.660000000000000142e+00,-3.580789081574341920e-02,4.250899605961667993e-02,-4.909725023117127336e-03,4.504139973690937659e-03,-4.370326350823121320e-02,0.000000000000000000e+00
8.665000000000000924e+00,-3.559593038412051103e-02,4.227536370014103873e-02,-4.887237505480319065e-03,4.490860539139101583e-03,-4.349820645380295114e-02,0.000000000000000000e+00
8.669999999999999929e+00,-3.538513531082498192e-02,4.204285209059814565e-02,-4.864816482195227429e-03,4.477542421852382173e-03,-4.329380275992439353e-02,0.000000000000000000e+00
8.675000000000000711e+00,-3.517550000168088997e-02,4.181145740097409053e-02,-4.842462143853148646e-03,4.464186748721161654e-03,-4.309005361298089143e-02,0.000000000000000000e+00
8.679999999999999716e+00,-3.496701888167007277e-02,4.158117579820536786e-02,-4.820174675441758066e-03,4.450794634319960377e-03,-4.288696015216916096e-02,0.000000000000000000e+00
8.685000000000000497e+00,-3.475968639494684403e-02,4.135200344640523051e-02,-4.797954256406449999e-03,4.437367181001409394e-03,-4.268452347004706576e-02,0.000000000000000000e+00
8.689999999999999503e+00,-3.455349700485153830e-02,4.112393650708724702e-02,-4.775801060711216961e-03,4.423905478989801493e-03,-4.248274461307902095e-02,0.000000000000000000e+00
8.695000000000000284e+00,-3.434844519392295931e-02,4.089697113938609019e-02,-4.753715256899056218e-03,4.410410606474214623e-03,-4.228162458217693542e-02,0.000000000000000000e+00
8.700000000000001066e+00,-3.414452546390973897e-02,4.067110350027561272e-02,-4.731697008151914893e-03,4.396883629701208579e-03,-4.208116433323648431e-02,0.000000000000000000e+00
8.705000000000000071e+00,-3.394173233578058613e-02,4.044632974478418880e-02,-4.709746472350170160e-03,4.383325603067091472e-03,-4.188136477766910004e-02,0.000000000000000000e+00
8.710000000000000853e+00,-3.374006034973348056e-02,4.022264602620736346e-02,-4.687863802131652345e-03,4.369737569209757727e-03,-4.168222678292947403e-02,0.000000000000000000e+00
8.714999999999999858e+00,-3.353950406520383315e-02,4.000004849631785125e-02,-4.666049144950209192e-03,4.356120559100093263e-03,-4.148375117303872150e-02,0.000000000000000000e+00
8.720000000000000639e+00,-3.334005806087155660e-02,3.977853330557286349e-02,-4.644302643133809555e-03,4.342475592132945261e-03,-4.128593872910292506e-02,0.000000000000000000e+00
8.724999999999999645e+00,-3.314171693466714391e-02,3.955809660331883332e-02,-4.622624433942201273e-03,4.328803676217659116e-03,-4.108879018982774384e-02,0.000000000000000000e+00
8.730000000000000426e+00,-3.294447530377670602e-02,3.933873453799354575e-02,-4.601014649624110206e-03,4.315105807868177372e-03,-4.089230625202833203e-02,0.000000000000000000e+00
8.734999999999999432e+00,-3.274832780464602411e-02,3.912044325732567940e-02,-4.579473417473995181e-03,4.301382972292701508e-03,-4.069648757113503851e-02,0.000000000000000000e+00
8.740000000000000213e+00,-3.255326909298360272e-02,3.890321890853178782e-02,-4.558000859888351915e-03,4.287636143482914837e-03,-4.050133476169503338e-02,0.000000000000000000e+00
8.745000000000000995e+00,-3.235929384376272366e-02,3.868705763851078283e-02,-4.536597094421573710e-03,4.273866284302766522e-03,-4.030684839786931317e-02,0.000000000000000000e+00
8.750000000000000000e+00,-3.216639675122258402e-02,3.847195559403586429e-02,-4.515262233841369800e-03,4.260074346576814101e-03,-4.011302901392588272e-02,0.000000000000000000e+00
8.755000000000000782e+00,-3.197457252886842100e-02,3.825790892194399356e-02,-4.493996386183742205e-03,4.246261271178121063e-03,-3.991987710472844758e-02,0.000000000000000000e+00
8.759999999999999787e+00,-3.178381590947074176e-02,3.804491376932290364e-02,-4.472799654807522833e-03,4.232427988115716397e-03,-3.972739312622100560e-02,0.000000000000000000e+00
8.765000000000000568e+00,-3.159412164506360948e-02,3.783296628369564596e-02,-4.451672138448477777e-03,4.218575416621606587e-03,-3.953557749590834447e-02,0.000000000000000000e+00
8.769999999999999574e+00,-3.140548450694199273e-02,3.762206261320273637e-02,-4.430613931272975314e-03,4.204704465237344389e-03,-3.934443059333236903e-02,0.000000000000000000e+00
8.775000000000000355e+00,-3.121789928565825087e-02,3.741219890678189330e-02,-4.409625122931222843e-03,4.190816031900151777e-03,-3.915395276054431384e-02,0.000000000000000000e+00
8.779999999999999361e+00,-3.103136079101768280e-02,3.720337131434538896e-02,-4.388705798610073594e-03,4.176911004028598801e-03,-3.896414430257291728e-02,0.000000000000000000e+00
8.785000000000000142e+00,-3.084586385207322562e-02,3.699557598695506905e-02,-4.367856039085406608e-03,4.162990258607833158e-03,-3.877500548788845314e-02,0.000000000000000000e+00
8.790000000000000924e+00,-3.066140331711927902e-02,3.678880907699500630e-02,-4.347075920774082572e-03,4.149054662274361330e-03,-3.858653654886287643e-02,0.000000000000000000e+00
8.794999999999999929e+00,-3.047797405368465190e-02,3.658306673834186423e-02,-4.326365515785474646e-03,4.135105071400387369e-03,-3.839873768222588912e-02,0.000000000000000000e+00
8.800000000000000711e+00,-3.029557094852469712e-02,3.637834512653296409e-02,-4.305724891972582090e-03,4.121142332177698923e-03,-3.821160904951696746e-02,0.000000000000000000e+00
8.804999999999999716e+00,-3.011418890761257544e-02,3.617464039893205502e-02,-4.285154112982721489e-03,4.107167280701104831e-03,-3.802515077753354511e-02,0.000000000000000000e+00
8.810000000000000497e+00,-2.993382285612972843e-02,3.597194871489287765e-02,-4.264653238307805107e-03,4.093180743051425159e-03,-3.783936295877522726e-02,0.000000000000000000e+00
8.814999999999999503e+00,-2.975446773845551174e-02,3.577026623592044485e-02,-4.244222323334203781e-03,4.079183535378031952e-03,-3.765424565188398021e-02,0.000000000000000000e+00
8.820000000000000284e+00,-2.957611851815605125e-02,3.556958912583015747e-02,-4.223861419392199550e-03,4.065176463980940680e-03,-3.746979888208076814e-02,0.000000000000000000e+00
8.825000000000001066e+00,-2.939877017797229083e-02,3.536991355090469275e-02,-4.203570573805027154e-03,4.051160325392448060e-03,-3.728602264159792956e-02,0.000000000000000000e+00
8.830000000000000071e+00,-2.922241771980726641e-02,3.517123568004874162e-02,-4.183349829937509611e-03,4.037135906458326658e-03,-3.710291689010796617e-02,0.000000000000000000e+00
8.835000000000000853e+00,-2.904705616471262020e-02,3.497355168494160893e-02,-4.163199227244289598e-03,4.023103984418564122e-03,-3.692048155514850161e-02,0.000000000000000000e+00
8.839999999999999858e+00,-2.887268055287434826e-02,3.477685774018763470e-02,-4.143118801317656648e-03,4.009065326987654859e-03,-3.673871653254340286e-02,0.000000000000000000e+00
8.845000000000000639e+00,-2.869928594359779858e-02,3.458115002346456857e-02,-4.123108583934975355e-03,3.995020692434438948e-03,-3.655762168682021029e-02,0.000000000000000000e+00
8.849999999999999645e+00,-2.852686741529194756e-02,3.438642471566978609e-02,-4.103168603105714594e-03,3.980970829661495229e-03,-3.637719685162368877e-02,0.000000000000000000e+00
8.855000000000000426e+00,-2.835542006545293051e-02,3.419267800106449984e-02,-4.083298883118081229e-03,3.966916478284080762e-03,-3.619744183012588851e-02,0.000000000000000000e+00
8.859999999999999432e+00,-2.818493901064687140e-02,3.399990606741585403e-02,-4.063499444585260897e-03,3.952858368708622727e-03,-3.601835639543234102e-02,0.000000000000000000e+00
8.865000000000000213e+00,-2.801541938649200481e-02,3.380810510613703468e-02,-4.043770304491266752e-03,3.938797222210760167e-03,-3.583994029098468148e-02,0.000000000000000000e+00
8.870000000000000995e+00,-2.784685634764009349e-02,3.361727131242534666e-02,-4.024111476236398761e-03,3.924733751012933827e-03,-3.566219323095960736e-02,0.000000000000000000e+00
8.875000000000000000e+00,-2.767924506775716609e-02,3.342740088539827847e-02,-4.004522969682316157e-03,3.910668658361531047e-03,-3.548511490066414559e-02,0.000000000000000000e+00
8.880000000000000782e+00,-2.751258073950358859e-02,3.323849002822762411e-02,-3.985004791196727382e-03,3.896602638603580051e-03,-3.530870495692755434e-02,0.000000000000000000e+00
8.884999999999999787e+00,-2.734685857451345584e-02,3.305053494827162042e-02,-3.965556943697694930e-03,3.882536377262992347e-03,-3.513296302848937375e-02,0.000000000000000000e+00
8.890000000000000568e+00,-2.718207380337333071e-02,3.286353185720514158e-02,-3.946179426697562012e-03,3.868470551116362337e-03,-3.495788871638416673e-02,0.000000000000000000e+00
8.894999999999999574e+00,-2.701822167560034849e-02,3.267747697114801314e-02,-3.926872236346499317e-03,3.854405828268315896e-03,-3.478348159432261694e-02,0.000000000000000000e+00
8.900000000000000355e+00,-2.685529745961966197e-02,3.249236651079136229e-02,-3.907635365475677948e-03,3.840342868226412701e-03,-3.460974120906909479e-02,0.000000000000000000e+00
8.904999999999999361e+00,-2.669329644274128291e-02,3.230819670152212941e-02,-3.888468803640069381e-03,3.826282321975601423e-03,-3.443666708081594835e-02,0.000000000000000000e+00
8.910000000000000142e+00,-2.653221393113629548e-02,3.212496377354569915e-02,-3.869372537160872469e-03,3.812224832052229107e-03,-3.426425870355406800e-02,0.000000000000000000e+00
8.915000000000000924e+00,-2.637204524981245912e-02,3.194266396200667879e-02,-3.850346549167572244e-03,3.798171032617602989e-03,-3.409251554544030782e-02,0.000000000000000000e+00
8.919999999999999929e+00,-2.621278574258920774e-02,3.176129350710784477e-02,-3.831390819639632697e-03,3.784121549531110820e-03,-3.392143704916125019e-02,0.000000000000000000e+00
8.925000000000000711e+00,-2.605443077207207636e-02,3.158084865422727122e-02,-3.812505325447823959e-03,3.770077000422892774e-03,-3.375102263229381311e-02,0.000000000000000000e+00
8.929999999999999716e+00,-2.589697571962653114e-02,3.140132565403368214e-02,-3.793690040395188232e-03,3.756037994766072297e-03,-3.358127168766231185e-02,0.000000000000000000e+00
8.935000000000000497e+00,-2.574041598535123029e-02,3.122272076260000986e-02,-3.774944935257644463e-03,3.742005133948541999e-03,-3.341218358369232866e-02,0.000000000000000000e+00
8.939999999999999503e+00,-2.558474698805072306e-02,3.104503024151518409e-02,-3.756269977824237393e-03,3.727979011344309361e-03,-3.324375766476118238e-02,0.000000000000000000e+00
8.945000000000000284e+00,-2.542996416520759348e-02,3.086825035799419317e-02,-3.737665132937027530e-03,3.713960212384397920e-03,-3.307599325154516462e-02,0.000000000000000000e+00
8.950000000000001066e+00,-2.527606297295406299e-02,3.069237738498640372e-02,-3.719130362530631562e-03,3.699949314627310002e-03,-3.290888964136353539e-02,0.000000000000000000e+00
8.955000000000000071e+00,-2.512303888604304480e-02,3.051740760128218363e-02,-3.700665625671408897e-03,3.685946887829048401e-03,-3.274244610851911874e-02,0.000000000000000000e+00
8.960000000000000853e+00,-2.497088739781867794e-02,3.034333729161782164e-02,-3.682270878596299955e-03,3.671953494012699173e-03,-3.257666190463592154e-02,0.000000000000000000e+00
8.964999999999999858e+00,-2.481960402018634076e-02,3.017016274677877113e-02,-3.663946074751318373e-03,3.657969687537576415e-03,-3.241153625899334534e-02,0.000000000000000000e+00
8.970000000000000639e+00,-2.466918428358215107e-02,2.999788026370123553e-02,-3.645691164829696716e-03,3.643996015167928586e-03,-3.224706837885734506e-02,0.000000000000000000e+00
8.974999999999999645e+00,-2.451962373694195618e-02,2.982648614557210226e-02,-3.627506096809691733e-03,3.630033016141210288e-03,-3.208325744980838889e-02,0.000000000000000000e+00
8.980000000000000426e+00,-2.437091794766984426e-02,2.965597670192725646e-02,-3.609390815992049185e-03,3.616081222235916024e-03,-3.192010263606631648e-02,0.000000000000000000e+00
8.984999999999999432e+00,-2.422306250160614211e-02,2.948634824874828489e-02,-3.591345265037128223e-03,3.602141157838982879e-03,-3.175760308081198441e-02,0.000000000000000000e+00
8.990000000000000213e+00,-2.407605300299496195e-02,2.931759710855757345e-02,-3.573369384001693575e-03,3.588213340012756485e-03,-3.159575790650610838e-02,0.000000000000000000e+00
8.995000000000000995e+00,-2.392988507445125215e-02,2.914971961051183655e-02,-3.555463110375370328e-03,3.574298278561526768e-03,-3.143456621520457350e-02,0.000000000000000000e+00
9.000000000000000000e+00,-2.378455435692740372e-02,2.898271209049406438e-02,-3.537626379116769974e-03,3.560396476097630464e-03,-3.127402708887121185e-02,0.000000000000000000e+00
9.005000000000000782e+00,-2.364005650967938507e-02,2.881657089120394713e-02,-3.519859122689284695e-03,3.546508428107126871e-03,-3.111413958968723553e-02,0.000000000000000000e+00
9.009999999999999787e+00,-2.349638721023244309e-02,2.865129236224673789e-02,-3.502161271096556824e-03,3.532634623015039940e-03,-3.095490276035771024e-02,0.000000000000000000e+00
9.015000000000000568e+00,-2.335354215434634617e-02,2.848687286022062726e-02,-3.484532751917620436e-03,3.518775542250175779e-03,-3.079631562441518741e-02,0.000000000000000000e+00
9.019999999999999574e+00,-2.321151705598021447e-02,2.832330874880259128e-02,-3.466973490341721583e-03,3.504931660309511688e-03,-3.063837718652025546e-02,0.000000000000000000e+00
9.025000000000000355e+00,-2.307030764725690949e-02,2.816059639883275803e-02,-3.449483409202818481e-03,3.491103444822161051e-03,-3.048108643275920099e-02,0.000000000000000000e+00
9.029999999999999361e+00,-2.292990967842701081e-02,2.799873218839731698e-02,-3.432062429013760761e-03,3.477291356612912353e-03,-3.032444233093874869e-02,0.000000000000000000e+00
9.035000000000000142e+00,-2.279031891783237992e-02,2.783771250290994689e-02,-3.414710468000153008e-03,3.463495849765345358e-03,-3.016844383087795636e-02,0.000000000000000000e+00
9.040000000000000924e+00,-2.265153115186932867e-02,2.767753373519182825e-02,-3.397427442133904747e-03,3.449717371684525753e-03,-3.001308986469718512e-02,0.000000000000000000e+00
9.044999999999999929e+00,-2.251354218495137810e-02,2.751819228555020536e-02,-3.380213265166466009e-03,3.435956363159279985e-03,-2.985837934710416919e-02,0.000000000000000000e+00
9.050000000000000711e+00,-2.237634783947163586e-02,2.735968456185554690e-02,-3.363067848661754553e-03,3.422213258424048558e-03,-2.970431117567746276e-02,0.000000000000000000e+00
9.054999999999999716e+00,-2.223994395576479530e-02,2.720200697961730474e-02,-3.345991102028773867e-03,3.408488485220323005e-03,-2.955088423114678869e-02,0.000000000000000000e+00
9.060000000000000497e+00,-2.210432639206874258e-02,2.704515596205829195e-02,-3.328982932553925436e-03,3.394782464857664783e-03,-2.939809737767089259e-02,0.000000000000000000e+00
9.064999999999999503e+00,-2.196949102448582034e-02,2.688912794018769037e-02,-3.312043245433016116e-03,3.381095612274311307e-03,-2.924594946311244448e-02,0.000000000000000000e+00
9.070000000000000284e+00,-2.183543374694370612e-02,2.673391935287269816e-02,-3.295171943802964552e-03,3.367428336097364784e-03,-2.909443931931022381e-02,0.000000000000000000e+00
9.075000000000001066e+00,-2.170215047115595097e-02,2.657952664690884509e-02,-3.278368928773206601e-03,3.353781038702570785e-03,-2.894356576234861228e-02,0.000000000000000000e+00
9.080000000000000071e+00,-2.156963712658216056e-02,2.642594627708896859e-02,-3.261634099456805005e-03,3.340154116273683950e-03,-2.879332759282441506e-02,0.000000000000000000e+00
9.085000000000000853e+00,-2.143788966038785021e-02,2.627317470627088536e-02,-3.244967353001259810e-03,3.326547958861425167e-03,-2.864372359611090310e-02,0.000000000000000000e+00
9.089999999999999858e+00,-2.130690403740393563e-02,2.612120840544376182e-02,-3.228368584619028224e-03,3.312962950442029358e-03,-2.849475254261931226e-02,0.000000000000000000e+00
9.095000000000000639e+00,-2.117667624008592875e-02,2.597004385379319408e-02,-3.211837687617751739e-03,3.299399468975387339e-03,-2.834641318805758078e-02,0.000000000000000000e+00
9.099999999999999645e+00,-2.104720226847278663e-02,2.581967753876502139e-02,-3.195374553430192690e-03,3.285857886462780885e-03,-2.819870427368654370e-02,0.000000000000000000e+00
9.105000000000000426e+00,-2.091847814014545504e-02,2.567010595612787688e-02,-3.178979071643883714e-03,3.272338569004214475e-03,-2.805162452657349037e-02,0.000000000000000000e+00
9.109999999999999432e+00,-2.079049989018510319e-02,2.552132561003448569e-02,-3.162651130030492280e-03,3.258841876855345446e-03,-2.790517265984315820e-02,0.000000000000000000e+00
9.115000000000000213e+00,-2.066326357113105333e-02,2.537333301308174541e-02,-3.146390614574899863e-03,3.245368164484011258e-03,-2.775934737292614501e-02,0.000000000000000000e+00
9.120000000000000995e+00,-2.053676525293840482e-02,2.522612468636957830e-02,-3.130197409504002250e-03,3.231917780626358209e-03,-2.761414735180477836e-02,0.000000000000000000e+00
9.125000000000000000e+00,-2.041100102293538429e-02,2.507969715955857271e-02,-3.114071397315227533e-03,3.218491068342572026e-03,-2.746957126925651110e-02,0.000000000000000000e+00
9.130000000000000782e+00,-2.028596698578039037e-02,2.493404697092643785e-02,-3.098012458804776537e-03,3.205088365072212946e-03,-2.732561778509468367e-02,0.000000000000000000e+00
9.134999999999999787e+00,-2.016165926341878176e-02,2.478917066742327910e-02,-3.082020473095589599e-03,3.191710002689153100e-03,-2.718228554640698263e-02,0.000000000000000000e+00
9.140000000000000568e+00,-2.003807399503936687e-02,2.464506480472569358e-02,-3.066095317665038823e-03,3.178356307556124902e-03,-2.703957318779125901e-02,0.000000000000000000e+00
9.144999999999999574e+00,-1.991520733703064719e-02,2.450172594728972780e-02,-3.050236868372346692e-03,3.165027600578873036e-03,-2.689747933158903939e-02,0.000000000000000000e+00
9.150000000000000355e+00,-1.979305546293678650e-02,2.435915066840267651e-02,-3.034444999485738387e-03,3.151724197259919615e-03,-2.675600258811649396e-02,0.000000000000000000e+00
9.154999999999999361e+00,-1.967161456341332687e-02,2.421733555023375742e-02,-3.018719583709322200e-03,3.138446407751939449e-03,-2.661514155589307651e-02,0.000000000000000000e+00
9.160000000000000142e+00,-1.955088084618266178e-02,2.407627718388366533e-02,-3.003060492209707992e-03,3.125194536910748475e-03,-2.647489482186775323e-02,0.000000000000000000e+00
9.165000000000000924e+00,-1.943085053598924208e-02,2.393597216943302297e-02,-2.987467594642358518e-03,3.111968884347906215e-03,-2.633526096164283750e-02,0.000000000000000000e+00
9.169999999999999929e+00,-1.931151987455457381e-02,2.379641711598973891e-02,-2.971940759177680528e-03,3.098769744482935719e-03,-2.619623853969547250e-02,0.000000000000000000e+00
9.175000000000000711e+00,-1.919288512053195922e-02,2.365760864173527614e-02,-2.956479852526855672e-03,3.085597406595161005e-03,-2.605782610959685164e-02,0.000000000000000000e+00
9.179999999999999716e+00,-1.907494254946100892e-02,2.351954337396985895e-02,-2.941084739967411623e-03,3.072452154875162864e-03,-2.592002221422899655e-02,0.000000000000000000e+00
9.185000000000000497e+00,-1.895768845372194922e-02,2.338221794915661469e-02,-2.925755285368539065e-03,3.059334268475858223e-03,-2.578282538599935281e-02,0.000000000000000000e+00
9.189999999999999503e+00,-1.884111914248969011e-02,2.324562901296467129e-02,-2.910491351216151941e-03,3.046244021563200045e-03,-2.564623414705304028e-02,0.000000000000000000e+00
9.195000000000000284e+00,-1.872523094168769206e-02,2.310977322031122078e-02,-2.895292798637697472e-03,3.033181683366502086e-03,-2.551024700948287954e-02,0.000000000000000000e+00
9.200000000000001066e+00,-1.861002019394162807e-02,2.297464723540255591e-02,-2.880159487426713332e-03,3.020147518228391992e-03,-2.537486247553715282e-02,0.000000000000000000e+00
9.205000000000000071e+00,-1.849548325853283062e-02,2.284024773177409720e-02,-2.865091276067137632e-03,3.007141785654389703e-03,-2.524007903782513051e-02,0.000000000000000000e+00
9.210000000000000853e+00,-1.838161651135155131e-02,2.270657139232942420e-02,-2.850088021757370832e-03,2.994164740362116779e-03,-2.510589517952042243e-02,0.000000000000000000e+00
9.214999999999999858e+00,-1.826841634485002266e-02,2.257361490937830062e-02,-2.835149580434093500e-03,2.981216632330136243e-03,-2.497230937456213981e-02,0.000000000000000000e+00
9.220000000000000639e+00,-1.815587916799533963e-02,2.244137498467373842e-02,-2.820275806795839897e-03,2.968297706846426392e-03,-2.483932008785382645e-02,0.000000000000000000e+00
9.224999999999999645e+00,-1.804400140622214321e-02,2.230984832944808358e-02,-2.805466554326330447e-03,2.955408204556489015e-03,-2.470692577546029084e-02,0.000000000000000000e+00
9.230000000000000426e+00,-1.793277950138514112e-02,2.217903166444815458e-02,-2.790721675317564803e-03,2.942548361511092454e-03,-2.457512488480235319e-02,0.000000000000000000e+00
9.234999999999999432e+00,-1.782220991171145491e-02,2.204892171996942346e-02,-2.776041020892676837e-03,2.929718409213655141e-03,-2.444391585484929907e-02,0.000000000000000000e+00
9.240000000000000213e+00,-1.771228911175278323e-02,2.191951523588927045e-02,-2.761424441028553691e-03,2.916918574667267446e-03,-2.431329711630944232e-02,0.000000000000000000e+00
9.245000000000000995e+00,-1.760301359233741592e-02,2.179080896169930878e-02,-2.746871784578220656e-03,2.904149080421356173e-03,-2.418326709181842227e-02,0.000000000000000000e+00
9.250000000000000000e+00,-1.749437986052208502e-02,2.166279965653680403e-02,-2.732382899292993151e-03,2.891410144617990834e-03,-2.405382419612556513e-02,0.000000000000000000e+00
9.255000000000000782e+00,-1.738638443954365967e-02,2.153548408921518442e-02,-2.717957631844398862e-03,2.878701981037836907e-03,-2.392496683627810816e-02,0.000000000000000000e+00
9.259999999999999787e+00,-1.727902386877068486e-02,2.140885903825364908e-02,-2.703595827845870891e-03,2.866024799145753046e-03,-2.379669341180346703e-02,0.000000000000000000e+00
9.265000000000000568e+00,-1.717229470365478836e-02,2.128292129190591242e-02,-2.689297331874213222e-03,2.853378804136040905e-03,-2.366900231488940076e-02,0.000000000000000000e+00
9.269999999999999574e+00,-1.706619351568193499e-02,2.115766764818806725e-02,-2.675061987490841113e-03,2.840764196977341952e-03,-2.354189193056221291e-02,0.000000000000000000e+00
9.275000000000000355e+00,-1.696071689232354560e-02,2.103309491490557362e-02,-2.660889637262797269e-03,2.828181174457186902e-03,-2.341536063686300989e-02,0.000000000000000000e+00
9.279999999999999361e+00,-1.685586143698748415e-02,2.090919990967942538e-02,-2.646780122783548139e-03,2.815629929226199941e-03,-2.328940680502192967e-02,0.000000000000000000e+00
9.285000000000000142e+00,-1.675162376896892347e-02,2.078597945997143898e-02,-2.632733284693557739e-03,2.803110649841957739e-03,-2.316402879963045530e-02,0.000000000000000000e+00
9.290000000000000924e+00,-1.664800052340106862e-02,2.066343040310873388e-02,-2.618748962700643765e-03,2.790623520812506725e-03,-2.303922497881177867e-02,0.000000000000000000e+00
9.294999999999999929e+00,-1.654498835120577632e-02,2.054154958630739075e-02,-2.604826995600117729e-03,2.778168722639537749e-03,-2.291499369438924558e-02,0.000000000000000000e+00
9.300000000000000711e+00,-1.644258391904405633e-02,2.042033386669527689e-02,-2.590967221294709130e-03,2.765746431861223781e-03,-2.279133329205289965e-02,0.000000000000000000e+00
9.304999999999999716e+00,-1.634078390926645141e-02,2.029978011133408769e-02,-2.577169476814276678e-03,2.753356821094717598e-03,-2.266824211152414573e-02,0.000000000000000000e+00
9.310000000000000497e+00,-1.623958501986332015e-02,2.017988519724059002e-02,-2.563433598335308327e-03,2.741000059078316838e-03,-2.254571848671853979e-02,0.000000000000000000e+00
9.314999999999999503e+00,-1.613898396441500183e-02,2.006064601140707462e-02,-2.549759421200210527e-03,2.728676310713292526e-03,-2.242376074590674007e-02,0.000000000000000000e+00
9.320000000000000284e+00,-1.603897747204189456e-02,1.994205945082103831e-02,-2.536146779936388884e-03,2.716385737105388425e-03,-2.230236721187355692e-02,0.000000000000000000e+00
9.325000000000001066e+00,-1.593956228735443625e-02,1.982412242248410630e-02,-2.522595508275123251e-03,2.704128495605986025e-03,-2.218153620207524018e-02,0.000000000000000000e+00
9.330000000000000071e+00,-1.584073517040297807e-02,1.970683184343018438e-02,-2.509105439170238126e-03,2.691904739852945573e-03,-2.206126602879499715e-02,0.000000000000000000e+00
9.335000000000000853e+00,-1.574249289662758844e-02,1.959018464074287896e-02,-2.495676404816567044e-03,2.679714619811117936e-03,-2.194155499929653641e-02,0.000000000000000000e+00
9.339999999999999858e+00,-1.564483225680775649e-02,1.947417775157216091e-02,-2.482308236668218787e-03,2.667558281812530338e-03,-2.182240141597610941e-02,0.000000000000000000e+00
9.345000000000000639e+00,-1.554775005701202091e-02,1.935880812315032840e-02,-2.469000765456640621e-03,2.655435868596252042e-03,-2.170380357651252590e-02,0.000000000000000000e+00
9.349999999999999645e+00,-1.545124311854752588e-02,1.924407271280721352e-02,-2.455753821208484650e-03,2.643347519347936936e-03,-2.158575977401556989e-02,0.000000000000000000e+00
9.355000000000000426e+00,-1.535530827790948689e-02,1.912996848798470886e-02,-2.442567233263275971e-03,2.631293369739046064e-03,-2.146826829717264629e-02,0.000000000000000000e+00
9.359999999999999432e+00,-1.525994238673060444e-02,1.901649242625056899e-02,-2.429440830290887417e-03,2.619273551965753139e-03,-2.135132743039375516e-02,0.000000000000000000e+00
9.365000000000000213e+00,-1.516514231173039795e-02,1.890364151531153183e-02,-2.416374440308818265e-03,2.607288194787533032e-03,-2.123493545395464810e-02,0.000000000000000000e+00
9.370000000000000995e+00,-1.507090493466447731e-02,1.879141275302575326e-02,-2.403367890699282129e-03,2.595337423565438444e-03,-2.111909064413838855e-02,0.000000000000000000e+00
9.375000000000000000e+00,-1.497722715227376052e-02,1.867980314741455108e-02,-2.390421008226104906e-03,2.583421360300060428e-03,-2.100379127337526769e-02,0.000000000000000000e+00
9.380000000000000782e+00,-1.488410587623362896e-02,1.856880971667349695e-02,-2.377533619051431461e-03,2.571540123669181430e-03,-2.088903561038096129e-02,0.000000000000000000e+00
9.384999999999999787e+00,-1.479153803310302370e-02,1.845842948918283849e-02,-2.364705548752247567e-03,2.559693829065116943e-03,-2.077482192029309754e-02,0.000000000000000000e+00
9.390000000000000568e+00,-1.469952056427350877e-02,1.834865950351727629e-02,-2.351936622336713197e-03,2.547882588631752293e-03,-2.066114846480622547e-02,0.000000000000000000e+00
9.394999999999999574e+00,-1.460805042591826336e-02,1.823949680845508500e-02,-2.339226664260314094e-03,2.536106511301271932e-03,-2.054801350230510415e-02,0.000000000000000000e+00
9.400000000000000355e+00,-1.451712458894105322e-02,1.813093846298661008e-02,-2.326575498441828174e-03,2.524365702830586467e-03,-2.043541528799642723e-02,0.000000000000000000e+00
9.404999999999999361e+00,-1.442674003892514302e-02,1.802298153632213643e-02,-2.313982948279111503e-03,2.512660265837456542e-03,-2.032335207403895838e-02,0.000000000000000000e+00
9.410000000000000142e+00,-1.433689377608218275e-02,1.791562310789913265e-02,-2.301448836664704740e-03,2.500990299836318778e-03,-2.021182210967206044e-02,0.000000000000000000e+00
9.415000000000000924e+00,-1.424758281520105245e-02,1.780886026738887767e-02,-2.288972986001260035e-03,2.489355901273810311e-03,-2.010082364134272923e-02,0.000000000000000000e+00
9.419999999999999929e+00,-1.415880418559667744e-02,1.770269011470250106e-02,-2.276555218216792711e-03,2.477757163564000588e-03,-1.999035491283102442e-02,0.000000000000000000e+00
9.425000000000000711e+00,-1.407055493105881759e-02,1.759710975999641269e-02,-2.264195354779756884e-03,2.466194177123323499e-03,-1.988041416537397743e-02,0.000000000000000000e+00
9.429999999999999716e+00,-1.398283210980082701e-02,1.749211632367713917e-02,-2.251893216713945437e-03,2.454667029405221967e-03,-1.977099963778802816e-02,0.000000000000000000e+00
9.435000000000000497e+00,-1.389563279440839128e-02,1.738770693640560513e-02,-2.239648624613220854e-03,2.443175804934495914e-03,-1.966210956658986236e-02,0.000000000000000000e+00
9.439999999999999503e+00,-1.380895407178825071e-02,1.728387873910081085e-02,-2.227461398656071286e-03,2.431720585341365284e-03,-1.955374218611589249e-02,0.000000000000000000e+00
9.445000000000000284e+00,-1.372279304311689770e-02,1.718062888294295820e-02,-2.215331358620000086e-03,2.420301449395242509e-03,-1.944589572864006272e-02,0.000000000000000000e+00
9.450000000000001066e+00,-1.363714682378926353e-02,1.707795452937602154e-02,-2.203258323895746201e-03,2.408918473038218315e-03,-1.933856842449046057e-02,0.000000000000000000e+00
9.455000000000000071e+00,-1.355201254336739665e-02,1.697585285010975997e-02,-2.191242113501336731e-03,2.397571729418266490e-03,-1.923175850216420762e-02,0.000000000000000000e+00
9.460000000000000853e+00,-1.346738734552913042e-02,1.687432102712119186e-02,-2.179282546095975565e-03,2.386261288922163302e-03,-1.912546418844106311e-02,0.000000000000000000e+00
9.464999999999999858e+00,-1.338326838801674051e-02,1.677335625265552813e-02,-2.167379439993767642e-03,2.374987219208126756e-03,-1.901968370849557721e-02,0.000000000000000000e+00
9.470000000000000639e+00,-1.329965284258560754e-02,1.667295572922657121e-02,-2.155532613177281454e-03,2.363749585238176555e-03,-1.891441528600781505e-02,0.000000000000000000e+00
9.474999999999999645e+00,-1.321653789495286918e-02,1.657311666961661101e-02,-2.143741883310948046e-03,2.352548449310217817e-03,-1.880965714327269278e-02,0.000000000000000000e+00
9.480000000000000426e+00,-1.313392074474608456e-02,1.647383629687577608e-02,-2.132007067754303035e-03,2.341383871089848089e-03,-1.870540750130789132e-02,0.000000000000000000e+00
9.484999999999999432e+00,-1.305179860545189335e-02,1.637511184432090608e-02,-2.120327983575069457e-03,2.330255907641890726e-03,-1.860166457996046199e-02,0.000000000000000000e+00
9.490000000000000213e+00,-1.297016870436468704e-02,1.627694055553389682e-02,-2.108704447562082755e-03,2.319164613461655901e-03,-1.849842659801201328e-02,0.000000000000000000e+00
9.495000000000000995e+00,-1.288902828253529059e-02,1.617931968435957699e-02,-2.097136276238060950e-03,2.308110040505931444e-03,-1.839569177328255478e-02,0.000000000000000000e+00
9.500000000000000000e+00,-1.280837459471965284e-02,1.608224649490306787e-02,-2.085623285872220851e-03,2.297092238223705229e-03,-1.829345832273304023e-02,0.000000000000000000e+00
9.505000000000000782e+00,-1.272820490932755066e-02,1.598571826152668518e-02,-2.074165292492739874e-03,2.286111253586619110e-03,-1.819172446256653655e-02,0.000000000000000000e+00
9.509999999999999787e+00,-1.264851650837131580e-02,1.588973226884635159e-02,-2.062762111899067372e-03,2.275167131119159181e-03,-1.809048840832812310e-02,0.000000000000000000e+00
9.515000000000000568e+00,-1.256930668741457376e-02,1.579428581172755142e-02,-2.051413559674086350e-03,2.264259912928581493e-03,-1.798974837500344481e-02,0.000000000000000000e+00
9.519999999999999574e+00,-1.249057275552100874e-02,1.569937619528081335e-02,-2.040119451196124260e-03,2.253389638734575821e-03,-1.788950257711601627e-02,0.000000000000000000e+00
9.525000000000000355e+00,-1.241231203520314942e-02,1.560500073485674571e-02,-2.028879601650818067e-03,2.242556345898669666e-03,-1.778974922882325949e-02,0.000000000000000000e+00
9.529999999999999361e+00,-1.233452186237118248e-02,1.551115675604062064e-02,-2.017693826042831449e-03,2.231760069453372908e-03,-1.769048654401117471e-02,0.000000000000000000e+00
9.535000000000000142e+00,-1.225719958628179382e-02,1.541784159464651242e-02,-2.006561939207427998e-03,2.221000842131065720e-03,-1.759171273638794608e-02,0.000000000000000000e+00
9.540000000000000924e+00,-1.218034256948703938e-02,1.532505259671100573e-02,-1.995483755821900445e-03,2.210278694392631485e-03,-1.749342601957609017e-02,0.000000000000000000e+00
9.544999999999999929e+00,-1.210394818778325055e-02,1.523278711848646653e-02,-1.984459090416855909e-03,2.199593654455837301e-03,-1.739562460720352199e-02,0.000000000000000000e+00
9.550000000000000711e+00,-1.202801383015997261e-02,1.514104252643389339e-02,-1.973487757387361926e-03,2.188945748323459922e-03,-1.729830671299335820e-02,0.000000000000000000e+00
9.554999999999999716e+00,-1.195253689874893784e-02,1.504981619721535054e-02,-1.962569571003951966e-03,2.178334999811163634e-03,-1.720147055085251980e-02,0.000000000000000000e+00
9.560000000000000497e+00,-1.187751480877308544e-02,1.495910551768598815e-02,-1.951704345423491312e-03,2.167761430575127889e-03,-1.710511433495912059e-02,0.000000000000000000e+00
9.564999999999999503e+00,-1.180294498849561100e-02,1.486890788488565499e-02,-1.940891894699905453e-03,2.157225060139431223e-03,-1.700923627984865516e-02,0.000000000000000000e+00
9.570000000000000284e+00,-1.172882487916906795e-02,1.477922070603011374e-02,-1.930132032794773609e-03,2.146725905923184494e-03,-1.691383460049909748e-02,0.000000000000000000e+00
9.575000000000001066e+00,-1.165515193498450897e-02,1.469004139850185915e-02,-1.919424573587785645e-03,2.136263983267426472e-03,-1.681890751241474358e-02,0.000000000000000000e+00
9.580000000000000071e+00,-1.158192362302068110e-02,1.460136738984054924e-02,-1.908769330887065841e-03,2.125839305461773091e-03,-1.672445323170894393e-02,0.000000000000000000e+00
9.585000000000000853e+00,-1.150913742319325563e-02,1.451319611773305672e-02,-1.898166118439363744e-03,2.115451883770827317e-03,-1.663046997518568063e-02,0.000000000000000000e+00
9.589999999999999858e+00,-1.143679082820412730e-02,1.442552503000313693e-02,-1.887614749940114047e-03,2.105101727460351787e-03,-1.653695596042004806e-02,0.000000000000000000e+00
9.595000000000000639e+00,-1.136488134349075002e-02,1.433835158460072638e-02,-1.877115039043365493e-03,2.094788843823202924e-03,-1.644390940583759231e-02,0.000000000000000000e+00
9.599999999999999645e+00,-1.129340648717553665e-02,1.425167324959087864e-02,-1.866666799371581413e-03,2.084513238205029130e-03,-1.635132853079251936e-02,0.000000000000000000e+00
9.605000000000000426e+00,-1.122236379001530920e-02,1.416548750314233600e-02,-1.856269844525311680e-03,2.074274914029736530e-03,-1.625921155564483828e-02,0.000000000000000000e+00
9.609999999999999432e+00,-1.115175079535081146e-02,1.407979183351574896e-02,-1.845923988092738237e-03,2.064073872824720955e-03,-1.616755670183639415e-02,0.000000000000000000e+00
9.615000000000000213e+00,-1.108156505905628052e-02,1.399458373905154186e-02,-1.835629043659095516e-03,2.053910114245870080e-03,-1.607636219196589139e-02,0.000000000000000000e+00
9.620000000000000995e+00,-1.101180414948907740e-02,1.390986072815743844e-02,-1.825384824815965519e-03,2.043783636102336574e-03,-1.598562624986273745e-02,0.000000000000000000e+00
9.625000000000000000e+00,-1.094246564743938180e-02,1.382562031929564575e-02,-1.815191145170449950e-03,2.033694434381082706e-03,-1.589534710065990120e-02,0.000000000000000000e+00
9.630000000000000782e+00,-1.087354714607995446e-02,1.374186004096970837e-02,-1.805047818354220705e-03,2.023642503271199430e-03,-1.580552297086573743e-02,0.000000000000000000e+00
9.634999999999999787e+00,-1.080504625091596380e-02,1.365857743171102444e-02,-1.794954658032448490e-03,2.013627835188001262e-03,-1.571615208843474970e-02,0.000000000000000000e+00
9.640000000000000568e+00,-1.073696057973488015e-02,1.357577004006504939e-02,-1.784911477912612182e-03,2.003650420796898677e-03,-1.562723268283730538e-02,0.000000000000000000e+00
9.644999999999999574e+00,-1.066928776255643765e-02,1.349343542457717531e-02,-1.774918091753188926e-03,1.993710249037048028e-03,-1.553876298512840010e-02,0.000000000000000000e+00
9.650000000000000355e+00,-1.060202544158267771e-02,1.341157115377829799e-02,-1.764974313372227139e-03,1.983807307144782456e-03,-1.545074122801534666e-02,0.000000000000000000e+00
9.654999999999999361e+00,-1.053517127114805309e-02,1.333017480617007360e-02,-1.755079956655801986e-03,1.973941580676825958e-03,-1.536316564592450987e-02,0.000000000000000000e+00
9.660000000000000142e+00,-1.046872291766961192e-02,1.324924397020987334e-02,-1.745234835566356144e-03,1.964113053533286714e-03,-1.527603447506705597e-02,0.000000000000000000e+00
9.665000000000000924e+00,-1.040267805959725796e-02,1.316877624429544508e-02,-1.735438764150925650e-03,1.954321707980440949e-03,-1.518934595350370648e-02,0.000000000000000000e+00
9.669999999999999929e+00,-1.033703438736408714e-02,1.308876923674926959e-02,-1.725691556549252981e-03,1.944567524673298424e-03,-1.510309832120852909e-02,0.000000000000000000e+00
9.675000000000000711e+00,-1.027178960333680752e-02,1.300922056580263581e-02,-1.715993027001786950e-03,1.934850482677958044e-03,-1.501728982013177983e-02,0.000000000000000000e+00
9.679999999999999716e+00,-1.020694142176622847e-02,1.293012785957942980e-02,-1.706342989857571792e-03,1.925170559493752679e-03,-1.493191869426180665e-02,0.000000000000000000e+00
9.685000000000000497e+00,-1.014248756873784539e-02,1.285148875607964800e-02,-1.696741259582026755e-03,1.915527731075184967e-03,-1.484698318968598676e-02,0.000000000000000000e+00
9.689999999999999503e+00,-1.007842578212249547e-02,1.277330090316262413e-02,-1.687187650764614653e-03,1.905921971853654934e-03,-1.476248155465076373e-02,0.000000000000000000e+00
9.695000000000000284e+00,-1.001475381152711064e-02,1.269556195852999947e-02,-1.677681978126404835e-03,1.896353254758982717e-03,-1.467841203962074251e-02,0.000000000000000000e+00
9.700000000000001066e+00,-9.951469418245541612e-03,1.261826958970841718e-02,-1.668224056527526636e-03,1.886821551240725923e-03,-1.459477289733690508e-02,0.000000000000000000e+00
9.705000000000000071e+00,-9.888570375209479110e-03,1.254142147403196003e-02,-1.658813700974518315e-03,1.877326831289293169e-03,-1.451156238287384589e-02,0.000000000000000000e+00
9.710000000000000853e+00,-9.826054466939465257e-03,1.246501529862433129e-02,-1.649450726627570184e-03,1.867869063456858124e-03,-1.442877875369626139e-02,0.000000000000000000e+00
9.714999999999999858e+00,-9.763919489495984788e-03,1.238904876038077890e-02,-1.640134948807664503e-03,1.858448214878071240e-03,-1.434642026971439700e-02,0.000000000000000000e+00
9.720000000000000639e+00,-9.702163250430656874e-03,1.231351956594977683e-02,-1.630866183003611093e-03,1.849064251290574376e-03,-1.426448519333872733e-02,0.000000000000000000e+00
9.724999999999999645e+00,-9.640783568737511938e-03,1.223842543171445828e-02,-1.621644244878981669e-03,1.839717137055317227e-03,-1.418297178953370312e-02,0.000000000000000000e+00
9.730000000000000426e+00,-9.579778274804369095e-03,1.216376408377380786e-02,-1.612468950278942922e-03,1.830406835176678600e-03,-1.410187832587072795e-02,0.000000000000000000e+00
9.734999999999999432e+00,-9.519145210364302057e-03,1.208953325792362817e-02,-1.603340115236989846e-03,1.821133307322392531e-03,-1.402120307258015834e-02,0.000000000000000000e+00
9.740000000000000213e+00,-9.458882228447202181e-03,1.201573069963726356e-02,-1.594257555981578667e-03,1.811896513843282716e-03,-1.394094430260257866e-02,0.000000000000000000e+00
9.745000000000000995e+00,-9.398987193331443876e-03,1.194235416404609840e-02,-1.585221088942663503e-03,1.802696413792804608e-03,-1.386110029163922786e-02,0.000000000000000000e+00
9.750000000000000000e+00,-9.339457980495636732e-03,1.186940141591984188e-02,-1.576230530758134137e-03,1.793532964946397768e-03,-1.378166931820152229e-02,0.000000000000000000e+00
9.755000000000000782e+00,-9.280292476570490418e-03,1.179687022964658050e-02,-1.567285698280158164e-03,1.784406123820649363e-03,-1.370264966365987436e-02,0.000000000000000000e+00
9.759999999999999787e+00,-9.221488579290769774e-03,1.172475838921262746e-02,-1.558386408581427735e-03,1.775315845692270952e-03,-1.362403961229161076e-02,0.000000000000000000e+00
9.765000000000000568e+00,-9.163044197447354003e-03,1.165306368818215012e-02,-1.549532478961311967e-03,1.766262084616888580e-03,-1.354583745132816389e-02,0.000000000000000000e+00
9.769999999999999574e+00,-9.104957250839399927e-03,1.158178392967659787e-02,-1.540723726951915900e-03,1.757244793447649417e-03,-1.346804147100144622e-02,0.000000000000000000e+00
9.775000000000000355e+00,-9.047225670226605870e-03,1.151091692635392710e-02,-1.531959970324046644e-03,1.748263923853644744e-03,-1.339064996458942322e-02,0.000000000000000000e+00
9.779999999999999361e+00,-8.989847397281586563e-03,1.144046050038761801e-02,-1.523241027093087804e-03,1.739319426338151869e-03,-1.331366122846095942e-02,0.000000000000000000e+00
9.785000000000000142e+00,-8.932820384542339981e-03,1.137041248344550400e-02,-1.514566715524783480e-03,1.730411250256694766e-03,-1.323707356211984570e-02,0.000000000000000000e+00
9.790000000000000924e+00,-8.876142595364837351e-03,1.130077071666841029e-02,-1.505936854140932282e-03,1.721539343834926688e-03,-1.316088526824811533e-02,0.000000000000000000e+00
9.794999999999999929e+00,-8.819812003875705103e-03,1.123153305064859483e-02,-1.497351261724992220e-03,1.712703654186335193e-03,-1.308509465274860020e-02,0.000000000000000000e+00
9.800000000000000711e+00,-8.763826594925026511e-03,1.116269734540801216e-02,-1.488809757327597995e-03,1.703904127329770217e-03,-1.300970002478671686e-02,0.000000000000000000e+00
9.804999999999999716e+00,-8.708184364039247422e-03,1.109426147037639691e-02,-1.480312160271990028e-03,1.695140708206798255e-03,-1.293469969683156556e-02,0.000000000000000000e+00
9.810000000000000497e+00,-8.652883317374189531e-03,1.102622330436916522e-02,-1.471858290159358713e-03,1.686413340698882405e-03,-1.286009198469625567e-02,0.000000000000000000e+00
9.814999999999999503e+00,-8.597921471668181631e-03,1.095858073556514427e-02,-1.463447966874101714e-03,1.677721967644390253e-03,-1.278587520757756141e-02,0.000000000000000000e+00
9.820000000000000284e+00,-8.543296854195294929e-03,1.089133166148413372e-02,-1.455081010588997340e-03,1.669066530855431094e-03,-1.271204768809481439e-02,0.000000000000000000e+00
9.825000000000001066e+00,-8.489007502718698070e-03,1.082447398896429352e-02,-1.446757241770294661e-03,1.660446971134524026e-03,-1.263860775232815079e-02,0.000000000000000000e+00
9.830000000000000071e+00,-8.435051465444117977e-03,1.075800563413937920e-02,-1.438476481182719268e-03,1.651863228291096906e-03,-1.256555372985600563e-02,0.000000000000000000e+00
9.835000000000000853e+00,-8.381426800973422117e-03,1.069192452241580701e-02,-1.430238549894398588e-03,1.643315241157818768e-03,-1.249288395379196358e-02,0.000000000000000000e+00
9.839999999999999858e+00,-8.328131578258313530e-03,1.062622858844956830e-02,-1.422043269281704795e-03,1.634802947606767013e-03,-1.242059676082091051e-02,0.000000000000000000e+00
9.845000000000000639e+00,-8.275163876554140346e-03,1.056091577612298590e-02,-1.413890461034017715e-03,1.626326284565429801e-03,-1.234869049123450344e-02,0.000000000000000000e+00
9.849999999999999645e+00,-8.222521785373819794e-03,1.049598403852132662e-02,-1.405779947158408358e-03,1.617885188032545593e-03,-1.227716348896598642e-02,0.000000000000000000e+00
9.855000000000000426e+00,-8.170203404441885378e-03,1.043143133790926103e-02,-1.397711549984242876e-03,1.609479593093780499e-03,-1.220601410162435070e-02,0.000000000000000000e+00
9.859999999999999432e+00,-8.118206843648648544e-03,1.036725564570717927e-02,-1.389685092167709758e-03,1.601109433937246461e-03,-1.213524068052783400e-02,0.000000000000000000e+00
9.865000000000000213e+00,-8.066530223004476571e-03,1.030345494246737506e-02,-1.381700396696268528e-03,1.592774643868857896e-03,-1.206484158073676226e-02,0.000000000000000000e+00
9.870000000000000995e+00,-8.015171672594200575e-03,1.024002721785008223e-02,-1.373757286893023200e-03,1.584475155327532856e-03,-1.199481516108579296e-02,0.000000000000000000e+00
9.875000000000000000e+00,-7.964129332531625846e-03,1.017697047059938284e-02,-1.365855586421019187e-03,1.576210899900235473e-03,-1.192515978421547322e-02,0.000000000000000000e+00
9.880000000000000782e+00,-7.913401352914179246e-03,1.011428270851897834e-02,-1.357995119287465618e-03,1.567981808336864217e-03,-1.185587381660323410e-02,0.000000000000000000e+00
9.884999999999999787e+00,-7.862985893777672819e-03,1.005196194844784445e-02,-1.350175709847884582e-03,1.559787810564985120e-03,-1.178695562859370313e-02,0.000000000000000000e+00
9.890000000000000568e+00,-7.812881125051185371e-03,9.990006216235745515e-03,-1.342397182810185557e-03,1.551628835704412348e-03,-1.171840359442846528e-02,0.000000000000000000e+00
9.894999999999999574e+00,-7.763085226512070683e-03,9.928413546718637891e-03,-1.334659363238668069e-03,1.543504812081636758e-03,-1.165021609227516984e-02,0.000000000000000000e+00
9.900000000000000355e+00,-7.713596387741088016e-03,9.867181983693950123e-03,-1.326962076557953009e-03,1.535415667244103980e-03,-1.158239150425608745e-02,0.000000000000000000e+00
9.904999999999999361e+00,-7.664412808077659262e-03,9.806309579895748640e-03,-1.319305148556841958e-03,1.527361327974343513e-03,-1.151492821647602180e-02,0.000000000000000000e+00
9.910000000000000142e+00,-7.615532696575245779e-03,9.745794396969785500e-03,-1.311688405392107126e-03,1.519341720303948222e-03,-1.144782461904969399e-02,0.000000000000000000e+00
9.915000000000000924e+00,-7.566954271956852739e-03,9.685634505448442039e-03,-1.304111673592211248e-03,1.511356769527408966e-03,-1.138107910612849889e-02,0.000000000000000000e+00
9.919999999999999929e+00,-7.518675762570659234e-03,9.625827984725556299e-03,-1.296574780060958526e-03,1.503406400215801355e-03,-1.131469007592673416e-02,0.000000000000000000e+00
9.925000000000000711e+00,-7.470695406345775023e-03,9.566372923031155051e-03,-1.289077552081078571e-03,1.495490536230329381e-03,-1.124865593074721865e-02,0.000000000000000000e+00
9.929999999999999716e+00,-7.423011450748121312e-03,9.507267417406078253e-03,-1.281619817317741165e-03,1.487609100735724646e-03,-1.118297507700639903e-02,0.000000000000000000e+00
9.935000000000000497e+00,-7.375622152736440763e-03,9.448509573676501169e-03,-1.274201403822006412e-03,1.479762016213503548e-03,-1.111764592525885456e-02,0.000000000000000000e+00
9.939999999999999503e+00,-7.328525778718435885e-03,9.390097506428366284e-03,-1.266822140034207450e-03,1.471949204475084174e-03,-1.105266689022130558e-02,0.000000000000000000e+00
9.945000000000000284e+00,-7.281720604507033179e-03,9.332029338981714592e-03,-1.259481854787268323e-03,1.464170586674761387e-03,-1.098803639079604100e-02,0.000000000000000000e+00
9.950000000000001066e+00,-7.235204915276777400e-03,9.274303203364928430e-03,-1.252180377309957673e-03,1.456426083322545076e-03,-1.092375285009383745e-02,0.000000000000000000e+00
9.955000000000000071e+00,-7.188977005520354180e-03,9.216917240288887564e-03,-1.244917537230078464e-03,1.448715614296859199e-03,-1.085981469545632336e-02,0.000000000000000000e+00
9.960000000000000853e+00,-7.143035179005242756e-03,9.159869599121031603e-03,-1.237693164577594171e-03,1.441039098857105306e-03,-1.079622035847785030e-02,0.000000000000000000e+00
9.964999999999999858e+00,-7.097377748730497940e-03,9.103158437859346086e-03,-1.230507089787692731e-03,1.433396455656089875e-03,-1.073296827502683536e-02,0.000000000000000000e+00
9.970000000000000639e+00,-7.052003036883662188e-03,9.046781923106260101e-03,-1.223359143703789354e-03,1.425787602752317433e-03,-1.067005688526658641e-02,0.000000000000000000e+00
9.974999999999999645e+00,-7.006909374797809509e-03,8.990738230042471038e-03,-1.216249157580466880e-03,1.418212457622151186e-03,-1.060748463367565050e-02,0.000000000000000000e+00
9.980000000000000426e+00,-6.962095102908720350e-03,8.935025542400689552e-03,-1.209176963086356499e-03,1.410670937171840285e-03,-1.054524996906758966e-02,0.000000000000000000e+00
9.984999999999999432e+00,-6.917558570712184843e-03,8.879642052439306460e-03,-1.202142392306958631e-03,1.403162957749417433e-03,-1.048335134461037335e-02,0.000000000000000000e+00
9.990000000000000213e+00,-6.873298136721443102e-03,8.824585960915998922e-03,-1.195145277747404608e-03,1.395688435156465295e-03,-1.042178721784518466e-02,0.000000000000000000e+00
9.995000000000000995e+00,-6.829312168424753020e-03,8.769855477061251625e-03,-1.188185452335160019e-03,1.388247284659755191e-03,-1.036055605070482569e-02,0.000000000000000000e+00
1.000000000000000000e+01,-6.785599042243093369e-03,8.715448818551825919e-03,-1.181262749422669085e-03,1.380839421002757420e-03,-1.029965630953155742e-02,0.000000000000000000e+00
1.000500000000000078e+01,-6.742157143487999618e-03,8.661364211484154363e-03,-1.174377002789943293e-03,1.373464758417024733e-03,-1.023908646509454762e-02,0.000000000000000000e+00
1.000999999999999979e+01,-6.698984866319530711e-03,8.607599890347672825e-03,-1.167528046647093014e-03,1.366123210633450472e-03,-1.017884499260682599e-02,0.000000000000000000e+00
1.001500000000000057e+01,-6.656080613704372026e-03,8.554154097998098796e-03,-1.160715715636802302e-03,1.358814690893402457e-03,-1.011893037174175711e-02,0.000000000000000000e+00
1.001999999999999957e+01,-6.613442797374069308e-03,8.501025085630643796e-03,-1.153939844836749263e-03,1.351539111959732409e-03,-1.005934108664910051e-02,0.000000000000000000e+00
1.002500000000000036e+01,-6.571069837783401375e-03,8.448211112753175461e-03,-1.147200269761971354e-03,1.344296386127664163e-03,-1.000007562597058156e-02,0.000000000000000000e+00
1.002999999999999936e+01,-6.528960164068880329e-03,8.395710447159320661e-03,-1.140496826367176468e-03,1.337086425235559138e-03,-9.941132482855037297e-03,0.000000000000000000e+00
1.003500000000000014e+01,-6.487112214007393143e-03,8.343521364901521770e-03,-1.133829351049000893e-03,1.329909140675562340e-03,-9.882510154973139088e-03,0.000000000000000000e+00
1.004000000000000092e+01,-6.445524433974972496e-03,8.291642150264040903e-03,-1.127197680648213494e-03,1.322764443404128229e-03,-9.824207144531652003e-03,0.000000000000000000e+00
1.004499999999999993e+01,-6.404195278905708104e-03,8.240071095735912107e-03,-1.120601652451868289e-03,1.315652243952429492e-03,-9.766221958287267524e-03,0.000000000000000000e+00
1.005000000000000071e+01,-6.363123212250787301e-03,8.188806501983858857e-03,-1.114041104195405635e-03,1.308572452436646558e-03,-9.708553107560059792e-03,0.000000000000000000e+00
1.005499999999999972e+01,-6.322306705937676997e-03,8.137846677825157776e-03,-1.107515874064700714e-03,1.301524978568142617e-03,-9.651199108246442254e-03,0.000000000000000000e+00
1.006000000000000050e+01,-6.281744240329438338e-03,8.087189940200464194e-03,-1.101025800698063458e-03,1.294509731663521981e-03,-9.594158480831796454e-03,0.000000000000000000e+00
1.006499999999999950e+01,-6.241434304184176676e-03,8.036834614146599540e-03,-1.094570723188186641e-03,1.287526620654574384e-03,-9.537429750402625500e-03,0.000000000000000000e+00
1.007000000000000028e+01,-6.201375394614630325e-03,7.986779032769300568e-03,-1.088150481084045615e-03,1.280575554098106750e-03,-9.481011446658350189e-03,0.000000000000000000e+00
1.007500000000000107e+01,-6.161566017047892009e-03,7.937021537215928693e-03,-1.081764914392748834e-03,1.273656440185661322e-03,-9.424902103922680116e-03,0.000000000000000000e+00
1.008000000000000007e+01,-6.122004685185272570e-03,7.887560476648151561e-03,-1.075413863581340442e-03,1.266769186753123003e-03,-9.369100261154589271e-03,0.000000000000000000e+00
1.008500000000000085e+01,-6.082689920962293904e-03,7.838394208214591666e-03,-1.069097169578554080e-03,1.259913701290216095e-03,-9.313604461958925607e-03,0.000000000000000000e+00
1.008999999999999986e+01,-6.043620254508825888e-03,7.789521097023438534e-03,-1.062814673776521154e-03,1.253089890949891970e-03,-9.258413254596638969e-03,0.000000000000000000e+00
1.009500000000000064e+01,-6.004794224109354268e-03,7.740939516115041830e-03,-1.056566218032430320e-03,1.246297662557607246e-03,-9.203525191994563204e-03,0.000000000000000000e+00
1.009999999999999964e+01,-5.966210376163391671e-03,7.692647846434472365e-03,-1.050351644670142939e-03,1.239536922620495260e-03,-9.148938831754927642e-03,0.000000000000000000e+00
1.010500000000000043e+01,-5.927867265146018715e-03,7.644644476804057093e-03,-1.044170796481761268e-03,1.232807577336430442e-03,-9.094652736164405421e-03,0.000000000000000000e+00
1.010999999999999943e+01,-5.889763453568569104e-03,7.596927803895895011e-03,-1.038023516729153070e-03,1.226109532602986637e-03,-9.040665472202863429e-03,0.000000000000000000e+00
1.011500000000000021e+01,-5.851897511939450035e-03,7.549496232204351391e-03,-1.031909649145430243e-03,1.219442694026291350e-03,-8.986975611551708057e-03,0.000000000000000000e+00
1.012000000000000099e+01,-5.814268018725097034e-03,7.502348174018530318e-03,-1.025829037936384523e-03,1.212806966929775914e-03,-8.933581730601892687e-03,0.000000000000000000e+00
1.012500000000000000e+01,-5.776873560311071923e-03,7.455482049394730748e-03,-1.019781527781879167e-03,1.206202256362822215e-03,-8.880482410461566084e-03,0.000000000000000000e+00
1.013000000000000078e+01,-5.739712730963293479e-03,7.408896286128885227e-03,-1.013766963837197700e-03,1.199628467109307506e-03,-8.827676236963379053e-03,0.000000000000000000e+00
1.013499999999999979e+01,-5.702784132789409481e-03,7.362589319728987322e-03,-1.007785191734350593e-03,1.193085503696048825e-03,-8.775161800671456291e-03,0.000000000000000000e+00
1.014000000000000057e+01,-5.666086375700304933e-03,7.316559593387501718e-03,-1.001836057583339228e-03,1.186573270401145930e-03,-8.722937696887984871e-03,0.000000000000000000e+00
1.014499999999999957e+01,-5.629618077371749928e-03,7.270805557953766499e-03,-9.959194079733795293e-04,1.180091671262225575e-03,-8.671002525659547711e-03,0.000000000000000000e+00
1.015000000000000036e+01,-5.593377863206181085e-03,7.225325671906383286e-03,-9.900350899740830921e-04,1.173640610084587550e-03,-8.619354891783032047e-03,0.000000000000000000e+00
1.015499999999999936e+01,-5.557364366294628710e-03,7.180118401325601314e-03,-9.841829511365992808e-04,1.167219990449252284e-03,-8.567993404811298508e-03,0.000000000000000000e+00
1.016000000000000014e+01,-5.521576227378774057e-03,7.135182219865693690e-03,-9.783628394947161289e-04,1.160829715720912599e-03,-8.516916679058458145e-03,0.000000000000000000e+00
1.016500000000000092e+01,-5.486012094813148832e-03,7.090515608727328452e-03,-9.725746035659229649e-04,1.154469689055788537e-03,-8.466123333604870169e-03,0.000000000000000000e+00
1.016999999999999993e+01,-5.450670624527474348e-03,7.046117056629937030e-03,-9.668180923524329236e-04,1.148139813409388300e-03,-8.415611992301837846e-03,0.000000000000000000e+00
1.017500000000000071e+01,-5.415550479989135121e-03,7.001985059784079229e-03,-9.610931553421674014e-04,1.141839991544174419e-03,-8.365381283775945309e-03,0.000000000000000000e+00
1.017999999999999972e+01,-5.380650332165792110e-03,6.958118121863809090e-03,-9.553996425097022399e-04,1.135570126037136482e-03,-8.315429841433113339e-03,0.000000000000000000e+00
1.018500000000000050e+01,-5.345968859488135598e-03,6.914514753979039002e-03,-9.497374043171765041e-04,1.129330119287272121e-03,-8.265756303462396676e-03,0.000000000000000000e+00
1.018999999999999950e+01,-5.311504747812773389e-03,6.871173474647909903e-03,-9.441062917151637470e-04,1.123119873522975204e-03,-8.216359312839392748e-03,0.000000000000000000e+00
1.019500000000000028e+01,-5.277256690385259512e-03,6.828092809769160595e-03,-9.385061561435068455e-04,1.116939290809334248e-03,-8.167237517329431831e-03,0.000000000000000000e+00
1.020000000000000107e+01,-5.243223387803260839e-03,6.785271292594505753e-03,-9.329368495321165152e-04,1.110788273055340414e-03,-8.118389569490453220e-03,0.000000000000000000e+00
1.020500000000000007e+01,-5.209403547979860744e-03,6.742707463701018249e-03,-9.273982243017338300e-04,1.104666722021006376e-03,-8.069814126675583024e-03,0.000000000000000000e+00
1.021000000000000085e+01,-5.175795886107001538e-03,6.700399870963519300e-03,-9.218901333646576128e-04,1.098574539324396939e-03,-8.021509851035432681e-03,0.000000000000000000e+00
1.021499999999999986e+01,-5.142399124619064822e-03,6.658347069526978149e-03,-9.164124301254369161e-04,1.092511626448571839e-03,-7.973475409520161539e-03,0.000000000000000000e+00
1.022000000000000064e+01,-5.109211993156588007e-03,6.616547621778922153e-03,-9.109649684815283735e-04,1.086477884748442233e-03,-7.925709473881163009e-03,0.000000000000000000e+00
1.022499999999999964e+01,-5.076233228530123952e-03,6.575000097321857286e-03,-9.055476028239205916e-04,1.080473215457540895e-03,-7.878210720672598061e-03,0.000000000000000000e+00
1.023000000000000043e+01,-5.043461574684231577e-03,6.533703072945702510e-03,-9.001601880377239559e-04,1.074497519694707186e-03,-7.830977831252586979e-03,0.000000000000000000e+00
1.023499999999999943e+01,-5.010895782661608719e-03,6.492655132600238903e-03,-8.948025795027275860e-04,1.068550698470688114e-03,-7.784009491784149581e-03,0.000000000000000000e+00
1.024000000000000021e+01,-4.978534610567362899e-03,6.451854867367570918e-03,-8.894746330939234382e-04,1.062632652694655254e-03,-7.737304393235888700e-03,0.000000000000000000e+00
1.024500000000000099e+01,-4.946376823533418267e-03,6.411300875434607603e-03,-8.841762051819982088e-04,1.056743283180639273e-03,-7.690861231382447281e-03,0.000000000000000000e+00
1.025000000000000000e+01,-4.914421193683057854e-03,6.370991762065562024e-03,-8.789071526337930351e-04,1.050882490653882485e-03,-7.644678706804632420e-03,0.000000000000000000e+00
1.025500000000000078e+01,-4.882666500095609804e-03,6.330926139574463707e-03,-8.736673328127316472e-04,1.045050175757109229e-03,-7.598755524889379796e-03,0.000000000000000000e+00
1.025999999999999979e+01,-4.851111528771262851e-03,6.291102627297699701e-03,-8.684566035792177282e-04,1.039246239056716660e-03,-7.553090395829415403e-03,0.000000000000000000e+00
1.026500000000000057e+01,-4.819755072596026632e-03,6.251519851566569516e-03,-8.632748232910008321e-04,1.033470581048885530e-03,-7.507682034622679620e-03,0.000000000000000000e+00
1.026999999999999957e+01,-4.788595931306822984e-03,6.212176445679866085e-03,-8.581218508035127037e-04,1.027723102165611609e-03,-7.462529161071548324e-03,0.000000000000000000e+00
1.027500000000000036e+01,-4.757632911456717746e-03,6.173071049876479276e-03,-8.529975454701731316e-04,1.022003702780659466e-03,-7.417630499781757356e-03,0.000000000000000000e+00
1.027999999999999936e+01,-4.726864826380291346e-03,6.134202311308024555e-03,-8.479017671426663117e-04,1.016312283215437332e-03,-7.372984780161129237e-03,0.000000000000000000e+00
1.028500000000000014e+01,-4.696290496159138614e-03,6.095568884011495076e-03,-8.428343761711883705e-04,1.010648743744796711e-03,-7.328590736418097787e-03,0.000000000000000000e+00
1.029000000000000092e+01,-4.665908747587515192e-03,6.057169428881942382e-03,-8.377952334046653978e-04,1.005012984602755236e-03,-7.284447107559934367e-03,0.000000000000000000e+00
1.029499999999999993e+01,-4.635718414138111435e-03,6.019002613645186607e-03,-8.327842001909439417e-04,9.994049059881436256e-04,-7.240552637390809329e-03,0.000000000000000000e+00
1.030000000000000071e+01,-4.605718335927969434e-03,5.981067112830550959e-03,-8.278011383769525540e-04,9.938244080701784822e-04,-7.196906074509606260e-03,0.000000000000000000e+00
1.030499999999999972e+01,-4.575907359684532744e-03,5.943361607743627428e-03,-8.228459103088363400e-04,9.882713909939613676e-04,-7.153506172307529803e-03,0.000000000000000000e+00
1.031000000000000050e+01,-4.546284338711831415e-03,5.905884786439077189e-03,-8.179183788320637527e-04,9.827457548859039327e-04,-7.110351688965482753e-03,0.000000000000000000e+00
1.031499999999999950e+01,-4.516848132856808411e-03,5.868635343693457025e-03,-8.130184072915070401e-04,9.772473998590806236e-04,-7.067441387451267945e-03,0.000000000000000000e+00
1.032000000000000028e+01,-4.487597608475774394e-03,5.831611980978080451e-03,-8.081458595314951546e-04,9.717762260185100476e-04,-7.024774035516531678e-03,0.000000000000000000e+00
1.032500000000000107e+01,-4.458531638401003021e-03,5.794813406431915254e-03,-8.033005998958411831e-04,9.663321334663644560e-04,-6.982348405693542329e-03,0.000000000000000000e+00
1.033000000000000007e+01,-4.429649101907460682e-03,5.758238334834511404e-03,-7.984824932278439735e-04,9.609150223071090792e-04,-6.940163275291746925e-03,0.000000000000000000e+00
1.033500000000000085e+01,-4.400948884679671547e-03,5.721885487578967124e-03,-7.936914048702636316e-04,9.555247926525714227e-04,-6.898217426394135168e-03,0.000000000000000000e+00
1.033999999999999986e+01,-4.372429878778715320e-03,5.685753592644931381e-03,-7.889272006652721901e-04,9.501613446269417153e-04,-6.856509645853403091e-03,0.000000000000000000e+00
1.034500000000000064e+01,-4.344090982609363771e-03,5.649841384571640222e-03,-7.841897469543796656e-04,9.448245783717041865e-04,-6.815038725287931101e-03,0.000000000000000000e+00
1.034999999999999964e+01,-4.315931100887349971e-03,5.614147604430998195e-03,-7.794789105783351798e-04,9.395143940505012309e-04,-6.773803461077556459e-03,0.000000000000000000e+00
1.035500000000000043e+01,-4.287949144606771970e-03,5.578670999800690138e-03,-7.747945588770043359e-04,9.342306918539299183e-04,-6.732802654359180961e-03,0.000000000000000000e+00
1.035999999999999943e+01,-4.260144031007630054e-03,5.543410324737339800e-03,-7.701365596892224179e-04,9.289733720042721516e-04,-6.692035111022164376e-03,0.000000000000000000e+00
1.036500000000000021e+01,-4.232514683543500168e-03,5.508364339749707503e-03,-7.655047813526243876e-04,9.237423347601586869e-04,-6.651499641703561769e-03,0.000000000000000000e+00
1.037000000000000099e+01,-4.205060031849340053e-03,5.473531811771925951e-03,-7.608990927034515713e-04,9.185374804211683198e-04,-6.611195061783170859e-03,0.000000000000000000e+00
1.037500000000000000e+01,-4.177779011709429821e-03,5.438911514136782893e-03,-7.563193630763356866e-04,9.133587093323620185e-04,-6.571120191378399845e-03,0.000000000000000000e+00
1.038000000000000078e+01,-4.150670565025443501e-03,5.404502226549044545e-03,-7.517654623040598847e-04,9.082059218887531980e-04,-6.531273855338965220e-03,0.000000000000000000e+00
1.038499999999999979e+01,-4.123733639784656763e-03,5.370302735058823246e-03,-7.472372607172983244e-04,9.030790185397147849e-04,-6.491654883241411780e-03,0.000000000000000000e+00
1.039000000000000057e+01,-4.096967190028287346e-03,5.336311832034990217e-03,-7.427346291443334128e-04,8.979778997933231819e-04,-6.452262109383485184e-03,0.000000000000000000e+00
1.039499999999999957e+01,-4.070370175819966463e-03,5.302528316138634297e-03,-7.382574389107512524e-04,8.929024662206407580e-04,-6.413094372778297206e-03,0.000000000000000000e+00
1.040000000000000036e+01,-4.043941563214345503e-03,5.268950992296564904e-03,-7.338055618391165977e-04,8.878526184599358885e-04,-6.374150517148379110e-03,0.000000000000000000e+00
1.040499999999999936e+01,-4.017680324225831982e-03,5.235578671674864445e-03,-7.293788702486260185e-04,8.828282572208428223e-04,-6.335429390919536385e-03,0.000000000000000000e+00
1.041000000000000014e+01,-3.991585436797459065e-03,5.202410171652486690e-03,-7.249772369547410064e-04,8.778292832884610495e-04,-6.296929847214555176e-03,0.000000000000000000e+00
1.041500000000000092e+01,-3.965655884769889519e-03,5.169444315794904585e-03,-7.206005352688004805e-04,8.728555975273946058e-04,-6.258650743846750839e-03,0.000000000000000000e+00
1.041999999999999993e+01,-3.939890657850546318e-03,5.136679933827805779e-03,-7.162486389976132359e-04,8.679071008857329374e-04,-6.220590943313378599e-03,0.000000000000000000e+00
1.042500000000000071e+01,-3.914288751582877673e-03,5.104115861610838446e-03,-7.119214224430306598e-04,8.629836943989724601e-04,-6.182749312788870730e-03,0.000000000000000000e+00
1.042999999999999972e+01,-3.888849167315754779e-03,5.071750941111410026e-03,-7.076187604015002569e-04,8.580852791938807641e-04,-6.145124724117944498e-03,0.000000000000000000e+00
1.043500000000000050e+01,-3.863570912172995322e-03,5.039584020378531058e-03,-7.033405281635994426e-04,8.532117564923030317e-04,-6.107716053808543571e-03,0.000000000000000000e+00
1.043999999999999950e+01,-3.838452999023023605e-03,5.007613953516718876e-03,-6.990866015135509043e-04,8.483630276149119664e-04,-6.070522183024662337e-03,0.000000000000000000e+00
1.044500000000000028e+01,-3.813494446448655560e-03,4.975839600659945523e-03,-6.948568567287192067e-04,8.435389939849014538e-04,-6.033541997578998478e-03,0.000000000000000000e+00
1.045000000000000107e+01,-3.788694278717018651e-03,4.944259827945645530e-03,-6.906511705790889652e-04,8.387395571316242759e-04,-5.996774387925492798e-03,0.000000000000000000e+00
1.045500000000000007e+01,-3.764051525749598399e-03,4.912873507488771385e-03,-6.864694203267253467e-04,8.339646186941748578e-04,-5.960218249151723324e-03,0.000000000000000000e+00
1.046000000000000085e+01,-3.739565223092415885e-03,4.881679517355907126e-03,-6.823114837252161396e-04,8.292140804249178033e-04,-5.923872480971148491e-03,0.000000000000000000e+00
1.046499999999999986e+01,-3.715234411886333618e-03,4.850676741539436572e-03,-6.781772390190970176e-04,8.244878441929618957e-04,-5.887735987715249711e-03,0.000000000000000000e+00
1.047000000000000064e+01,-3.691058138837491516e-03,4.819864069931765332e-03,-6.740665649432591323e-04,8.197858119875808640e-04,-5.851807678325521289e-03,0.000000000000000000e+00
1.047499999999999964e+01,-3.667035456187870811e-03,4.789240398299597461e-03,-6.699793407223396825e-04,8.151078859215813485e-04,-5.816086466345333703e-03,0.000000000000000000e+00
1.048000000000000043e+01,-3.643165421685987636e-03,4.758804628258274556e-03,-6.659154460700961132e-04,8.104539682346186078e-04,-5.780571269911678918e-03,0.000000000000000000e+00
1.048499999999999943e+01,-3.619447098557712801e-03,4.728555667246162574e-03,-6.618747611887637258e-04,8.058239612964597509e-04,-5.745261011746792545e-03,0.000000000000000000e+00
1.049000000000000021e+01,-3.595879555477220820e-03,4.698492428499107150e-03,-6.578571667683970250e-04,8.012177676101964446e-04,-5.710154619149656295e-03,0.000000000000000000e+00
1.049500000000000099e+01,-3.572461866538066862e-03,4.668613831024935774e-03,-6.538625439861951282e-04,7.966352898154063387e-04,-5.675251023987363391e-03,0.000000000000000000e+00
1.050000000000000000e+01,-3.549193111224389040e-03,4.638918799578029342e-03,-6.498907745058114544e-04,7.920764306912645098e-04,-5.640549162686385107e-03,0.000000000000000000e+00
1.050500000000000078e+01,-3.526072374382241241e-03,4.609406264633943151e-03,-6.459417404766483418e-04,7.875410931596048139e-04,-5.606047976223729745e-03,0.000000000000000000e+00
1.050999999999999979e+01,-3.503098746191048683e-03,4.580075162364094683e-03,-6.420153245331358368e-04,7.830291802879323429e-04,-5.571746410117960242e-03,0.000000000000000000e+00
1.051500000000000057e+01,-3.480271322135192278e-03,4.550924434610507767e-03,-6.381114097939962794e-04,7.785405952923871989e-04,-5.537643414420128501e-03,0.000000000000000000e+00
1.051999999999999957e+01,-3.457589202975719627e-03,4.521953028860619186e-03,-6.342298798614934936e-04,7.740752415406594806e-04,-5.503737943704582226e-03,0.000000000000000000e+00
1.052500000000000036e+01,-3.435051494722179185e-03,4.493159898222144275e-03,-6.303706188206680992e-04,7.696330225548573233e-04,-5.470028957059684151e-03,0.000000000000000000e+00
1.052999999999999936e+01,-3.412657308604582791e-03,4.464544001398004953e-03,-6.265335112385581875e-04,7.652138420143272338e-04,-5.436515418078395091e-03,0.000000000000000000e+00
1.053500000000000014e+01,-3.390405761045491798e-03,4.436104302661322829e-03,-6.227184421634062274e-04,7.608176037584276968e-04,-5.403196294848792818e-03,0.000000000000000000e+00
1.054000000000000092e+01,-3.368295973632228109e-03,4.407839771830466928e-03,-6.189252971238522021e-04,7.564442117892565933e-04,-5.370070559944464285e-03,0.000000000000000000e+00
1.054499999999999993e+01,-3.346327073089210968e-03,4.379749384244173427e-03,-6.151539621281130847e-04,7.520935702743331919e-04,-5.337137190414797255e-03,0.000000000000000000e+00
1.055000000000000071e+01,-3.324498191250416495e-03,4.351832120736722626e-03,-6.114043236631493041e-04,7.477655835492342780e-04,-5.304395167775196457e-03,0.000000000000000000e+00
1.055499999999999972e+01,-3.302808465031962116e-03,4.324086967613180107e-03,-6.076762686938178741e-04,7.434601561201858305e-04,-5.271843477997180047e-03,0.000000000000000000e+00
1.056000000000000050e+01,-3.281257036404814156e-03,4.296512916624704685e-03,-6.039696846620126215e-04,7.391771926666104633e-04,-5.239481111498397146e-03,0.000000000000000000e+00
1.056499999999999950e+01,-3.259843052367619905e-03,4.269108964943917062e-03,-6.002844594857920536e-04,7.349165980436305227e-04,-5.207307063132545627e-03,0.000000000000000000e+00
1.057000000000000028e+01,-3.238565664919660671e-03,4.241874115140337881e-03,-5.966204815584947576e-04,7.306782772845282509e-04,-5.175320332179217039e-03,0.000000000000000000e+00
1.057500000000000107e+01,-3.217424031033928877e-03,4.214807375155885626e-03,-5.929776397478424407e-04,7.264621356031630145e-04,-5.143519922333616642e-03,0.000000000000000000e+00
1.058000000000000007e+01,-3.196417312630327884e-03,4.187907758280444773e-03,-5.893558233950311510e-04,7.222680783963455987e-04,-5.111904841696241798e-03,0.000000000000000000e+00
1.058500000000000085e+01,-3.175544676548991505e-03,4.161174283127497264e-03,-5.857549223138104654e-04,7.180960112461708686e-04,-5.080474102762444141e-03,0.000000000000000000e+00
1.058999999999999986e+01,-3.154805294523728432e-03,4.134605973609819900e-03,-5.821748267895517255e-04,7.139458399223086883e-04,-5.049226722411924960e-03,0.000000000000000000e+00
1.059500000000000064e+01,-3.134198343155585910e-03,4.108201858915251116e-03,-5.786154275783042403e-04,7.098174703842537485e-04,-5.018161721898136904e-03,0.000000000000000000e+00
1.059999999999999964e+01,-3.113723003886533988e-03,4.081960973482519350e-03,-5.750766159058405373e-04,7.057108087835347373e-04,-4.987278126837617169e-03,0.000000000000000000e+00
1.060500000000000043e+01,-3.093378462973272926e-03,4.055882356977146865e-03,-5.715582834666909891e-04,7.016257614658830697e-04,-4.956574967199234814e-03,0.000000000000000000e+00
1.060999999999999943e+01,-3.073163911461157700e-03,4.029965054267410814e-03,-5.680603224231672724e-04,6.975622349733619351e-04,-4.926051277293370424e-03,0.000000000000000000e+00
1.061500000000000021e+01,-3.053078545158245238e-03,4.004208115400382378e-03,-5.645826254043757441e-04,6.935201360464559889e-04,-4.895706095761013371e-03,0.000000000000000000e+00
1.062000000000000099e+01,-3.033121564609460481e-03,3.978610595578027480e-03,-5.611250855052197584e-04,6.894993716261219041e-04,-4.865538465562785353e-03,0.000000000000000000e+00
1.062500000000000000e+01,-3.013292175070879982e-03,3.953171555133376015e-03,-5.576875962853927683e-04,6.854998488558005417e-04,-4.835547433967902348e-03,0.000000000000000000e+00
1.063000000000000078e+01,-2.993589586484137789e-03,3.927890059506763953e-03,-5.542700517683604765e-04,6.815214750833907412e-04,-4.805732052543058505e-03,0.000000000000000000e+00
1.063499999999999979e+01,-2.974013013450946697e-03,3.902765179222141782e-03,-5.508723464403339877e-04,6.775641578631858139e-04,-4.776091377141238915e-03,0.000000000000000000e+00
1.064000000000000057e+01,-2.954561675207740927e-03,3.877795989863451909e-03,-5.474943752492329859e-04,6.736278049577723061e-04,-4.746624467890472529e-03,0.000000000000000000e+00
1.064499999999999957e+01,-2.935234795600432864e-03,3.852981572051075460e-03,-5.441360336036396963e-04,6.697123243398920081e-04,-4.717330389182524363e-03,0.000000000000000000e+00
1.065000000000000036e+01,-2.916031603059292092e-03,3.828321011418351488e-03,-5.407972173717431972e-04,6.658176241942677506e-04,-4.688208209661502701e-03,0.000000000000000000e+00
1.065499999999999936e+01,-2.896951330573936754e-03,3.803813398588162982e-03,-5.374778228802754932e-04,6.619436129193925549e-04,-4.659257002212435078e-03,0.000000000000000000e+00
1.066000000000000014e+01,-2.877993215668445907e-03,3.779457829149594425e-03,-5.341777469134380459e-04,6.580901991292836557e-04,-4.630475843949752313e-03,0.000000000000000000e+00
1.066500000000000092e+01,-2.859156500376586370e-03,3.755253403634660481e-03,-5.308968867118196320e-04,6.542572916552007439e-04,-4.601863816205734384e-03,0.000000000000000000e+00
1.066999999999999993e+01,-2.840440431217155365e-03,3.731199227495105367e-03,-5.276351399713061783e-04,6.504447995473296249e-04,-4.573420004518892121e-03,0.000000000000000000e+00
1.067500000000000071e+01,-2.821844259169440684e-03,3.707294411079271185e-03,-5.243924048419820304e-04,6.466526320764313983e-04,-4.545143498622290779e-03,0.000000000000000000e+00
1.067999999999999972e+01,-2.803367239648794917e-03,3.683538069609039976e-03,-5.211685799270228750e-04,6.428806987354571600e-04,-4.517033392431818103e-03,0.000000000000000000e+00
1.068500000000000050e+01,-2.785008632482325469e-03,3.659929323156846468e-03,-5.179635642815808537e-04,6.391289092411293112e-04,-4.489088784034402091e-03,0.000000000000000000e+00
1.068999999999999950e+01,-2.766767701884698637e-03,3.636467296622760640e-03,-5.147772574116618724e-04,6.353971735354891487e-04,-4.461308775676173233e-03,0.000000000000000000e+00
1.069500000000000028e+01,-2.748643716434058613e-03,3.613151119711644887e-03,-5.116095592729949949e-04,6.316854017874118203e-04,-4.433692473750575590e-03,0.000000000000000000e+00
1.070000000000000107e+01,-2.730635949048061412e-03,3.589979926910381001e-03,-5.084603702698948981e-04,6.279935043940883211e-04,-4.406238988786432761e-03,0.000000000000000000e+00
1.070500000000000007e+01,-2.712743676960020691e-03,3.566952857465169584e-03,-5.053295912541165211e-04,6.243213919824756137e-04,-4.378947435435956610e-03,0.000000000000000000e+00
1.071000000000000085e+01,-2.694966181695167620e-03,3.544069055358902744e-03,-5.022171235237025575e-04,6.206689754107143310e-04,-4.351816932462726495e-03,0.000000000000000000e+00
1.071499999999999986e+01,-2.677302749047024821e-03,3.521327669288608787e-03,-4.991228688218241191e-04,6.170361657695153622e-04,-4.324846602729592177e-03,0.000000000000000000e+00
1.072000000000000064e+01,-2.659752669053890451e-03,3.498727852642968903e-03,-4.960467293356145670e-04,6.134228743835149975e-04,-4.298035573186568051e-03,0.000000000000000000e+00
1.072499999999999964e+01,-2.642315235975437656e-03,3.476268763479907140e-03,-4.929886076949965140e-04,6.098290128125996058e-04,-4.271382974858659726e-03,0.000000000000000000e+00
1.073000000000000043e+01,-2.624989748269422867e-03,3.453949564504253666e-03,-4.899484069715023208e-04,6.062544928531994138e-04,-4.244887942833649834e-03,0.000000000000000000e+00
1.073499999999999943e+01,-2.607775508568507730e-03,3.431769423045480903e-03,-4.869260306770880871e-04,6.026992265395523596e-04,-4.218549616249856957e-03,0.000000000000000000e+00
1.074000000000000021e+01,-2.590671823657191182e-03,3.409727511035512068e-03,-4.839213827629416801e-04,5.991631261449380241e-04,-4.192367138283846842e-03,0.000000000000000000e+00
1.074500000000000099e+01,-2.573678004448852127e-03,3.387823004986604322e-03,-4.809343676182845279e-04,5.956461041828826127e-04,-4.166339656138098521e-03,0.000000000000000000e+00
1.075000000000000000e+01,-2.556793365962903991e-03,3.366055085969304334e-03,-4.779648900691672885e-04,5.921480734083341222e-04,-4.140466321028650476e-03,0.000000000000000000e+00
1.075500000000000078e+01,-2.540017227302056833e-03,3.344422939590478011e-03,-4.750128553772599337e-04,5.886689468188093183e-04,-4.114746288172688692e-03,0.000000000000000000e+00
1.075999999999999979e+01,-2.523348911629691785e-03,3.322925755971414385e-03,-4.720781692386360876e-04,5.852086376555119818e-04,-4.089178716776118230e-03,0.000000000000000000e+00
1.076500000000000057e+01,-2.506787746147342601e-03,3.301562729726002354e-03,-4.691607377825518900e-04,5.817670594044231820e-04,-4.063762770021094040e-03,0.000000000000000000e+00
1.076999999999999957e+01,-2.490333062072287371e-03,3.280333059938981156e-03,-4.662604675702193839e-04,5.783441257973639038e-04,-4.038497615053513595e-03,0.000000000000000000e+00
1.077500000000000036e+01,-2.473984194615248648e-03,3.259235950144266300e-03,-4.633772655935747536e-04,5.749397508130295927e-04,-4.013382422970491331e-03,0.000000000000000000e+00
1.077999999999999936e+01,-2.457740482958201567e-03,3.238270608303348355e-03,-4.605110392740414125e-04,5.715538486779986804e-04,-3.988416368807794904e-03,0.000000000000000000e+00
1.078500000000000014e+01,-2.441601270232289945e-03,3.217436246783765899e-03,-4.576616964612881581e-04,5.681863338677132450e-04,-3.963598631527240693e-03,0.000000000000000000e+00
1.079000000000000092e+01,-2.425565903495849069e-03,3.196732082337654796e-03,-4.548291454319823937e-04,5.648371211074338684e-04,-3.938928394004086696e-03,0.000000000000000000e+00
1.079499999999999993e+01,-2.409633733712536474e-03,3.176157336080367728e-03,-4.520132948885386879e-04,5.615061253731677129e-04,-3.914404843014379458e-03,0.000000000000000000e+00
1.080000000000000071e+01,-2.393804115729569835e-03,3.155711233469173094e-03,-4.492140539578629434e-04,5.581932618925716620e-04,-3.890027169222274976e-03,0.000000000000000000e+00
1.080499999999999972e+01,-2.378076408256069810e-03,3.135393004282024162e-03,-4.464313321900916865e-04,5.548984461458287892e-04,-3.865794567167345295e-03,0.000000000000000000e+00
1.081000000000000050e+01,-2.362449973841509576e-03,3.115201882596405850e-03,-4.436650395573275081e-04,5.516215938665004325e-04,-3.841706235251847370e-03,0.000000000000000000e+00
1.081499999999999950e+01,-2.346924178854269735e-03,3.095137106768253502e-03,-4.409150864523700593e-04,5.483626210423528987e-04,-3.817761375727989764e-03,0.000000000000000000e+00
1.082000000000000028e+01,-2.331498393460299055e-03,3.075197919410949284e-03,-4.381813836874428724e-04,5.451214439161596644e-04,-3.793959194685144268e-03,0.000000000000000000e+00
1.082500000000000107e+01,-2.316171991601879282e-03,3.055383567374390149e-03,-4.354638424929164965e-04,5.418979789864788576e-04,-3.770298902037072693e-03,0.000000000000000000e+00
1.083000000000000007e+01,-2.300944350976495342e-03,3.035693301724133424e-03,-4.327623745160277292e-04,5.386921430084075368e-04,-3.746779711509110305e-03,0.000000000000000000e+00
1.083500000000000085e+01,-2.285814853015807890e-03,3.016126377720614819e-03,-4.300768918195948913e-04,5.355038529943112512e-04,-3.723400840625333205e-03,0.000000000000000000e+00
1.083999999999999986e+01,-2.270782882864731678e-03,2.996682054798443205e-03,-4.274073068807299571e-04,5.323330262145305062e-04,-3.700161510695713571e-03,0.000000000000000000e+00
1.084500000000000064e+01,-2.255847829360616268e-03,2.977359596545769115e-03,-4.247535325895467279e-04,5.291795801980642448e-04,-3.677060946803259282e-03,0.000000000000000000e+00
1.084999999999999964e+01,-2.241009085012529104e-03,2.958158270683728264e-03,-4.221154822478660230e-04,5.260434327332301268e-04,-3.654098377791120591e-03,0.000000000000000000e+00
1.085500000000000043e+01,-2.226266045980641786e-03,2.939077349045960113e-03,-4.194930695679174024e-04,5.229245018683020396e-04,-3.631273036249704593e-03,0.000000000000000000e+00
1.085999999999999943e+01,-2.211618112055719568e-03,2.920116107558201873e-03,-4.168862086710379612e-04,5.198227059121258162e-04,-3.608584158503757178e-03,0.000000000000000000e+00
1.086500000000000021e+01,-2.197064686638711042e-03,2.901273826217956684e-03,-4.142948140863678716e-04,5.167379634347121862e-04,-3.586030984599441942e-03,0.000000000000000000e+00
1.087000000000000099e+01,-2.182605176720440153e-03,2.882549789074236816e-03,-4.117188007495430524e-04,5.136701932678082580e-04,-3.563612758291396111e-03,0.000000000000000000e+00
1.087500000000000000e+01,-2.168238992861398848e-03,2.863943284207383193e-03,-4.091580840013853441e-04,5.106193145054477517e-04,-3.541328727029785604e-03,0.000000000000000000e+00
1.088000000000000078e+01,-2.153965549171641194e-03,2.845453603708956915e-03,-4.066125795865894858e-04,5.075852465044792226e-04,-3.519178141947344046e-03,0.000000000000000000e+00
1.088499999999999979e+01,-2.139784263290776811e-03,2.827080043661709709e-03,-4.040822036524079237e-04,5.045679088850741180e-04,-3.497160257846396170e-03,0.000000000000000000e+00
1.089000000000000057e+01,-2.125694556368065355e-03,2.808821904119625495e-03,-4.015668727473328554e-04,5.015672215312131504e-04,-3.475274333185875142e-03,0.000000000000000000e+00
1.089499999999999957e+01,-2.111695853042610312e-03,2.790678489088039161e-03,-3.990665038197761588e-04,4.985831045911531551e-04,-3.453519630068345968e-03,0.000000000000000000e+00
1.090000000000000036e+01,-2.097787581423650807e-03,2.772649106503830788e-03,-3.965810142167467745e-04,4.956154784778731308e-04,-3.431895414226989859e-03,0.000000000000000000e+00
1.090499999999999936e+01,-2.083969173070954022e-03,2.754733068215692304e-03,-3.941103216825260817e-04,4.926642638695001141e-04,-3.410400955012614192e-03,0.000000000000000000e+00
1.091000000000000014e+01,-2.070240062975305193e-03,2.736929689964470898e-03,-3.916543443573410510e-04,4.897293817097162980e-04,-3.389035525380632539e-03,0.000000000000000000e+00
1.091500000000000092e+01,-2.056599689539095627e-03,2.719238291363587461e-03,-3.892130007760355556e-04,4.868107532081452781e-04,-3.367798401878049908e-03,0.000000000000000000e+00
1.091999999999999993e+01,-2.043047494557008719e-03,2.701658195879528320e-03,-3.867862098667397292e-04,4.839082998407204109e-04,-3.346688864630444505e-03,0.000000000000000000e+00
1.092500000000000071e+01,-2.029582923196803119e-03,2.684188730812413735e-03,-3.843738909495375360e-04,4.810219433500332762e-04,-3.325706197328936933e-03,0.000000000000000000e+00
1.092999999999999972e+01,-2.016205423980193916e-03,2.666829227276639250e-03,-3.819759637351326600e-04,4.781516057456639251e-04,-3.304849687217168482e-03,0.000000000000000000e+00
1.093500000000000050e+01,-2.002914448763827918e-03,2.649579020181592939e-03,-3.795923483235127136e-04,4.752972093044923168e-04,-3.284118625078262955e-03,0.000000000000000000e+00
1.093999999999999950e+01,-1.989709452720357825e-03,2.632437448212447684e-03,-3.772229652026121453e-04,4.724586765709916500e-04,-3.263512305221798453e-03,0.000000000000000000e+00
1.094500000000000028e+01,-1.976589894319610938e-03,2.615403853811026306e-03,-3.748677352469733585e-04,4.696359303575036955e-04,-3.243030025470770503e-03,0.000000000000000000e+00
1.095000000000000107e+01,-1.963555235309853274e-03,2.598477583156743459e-03,-3.725265797164069087e-04,4.668288937444962407e-04,-3.222671087148561240e-03,0.000000000000000000e+00
1.095500000000000007e+01,-1.950604940699149966e-03,2.581657986147620817e-03,-3.701994202546501824e-04,4.640374900808030769e-04,-3.202434795065899065e-03,0.000000000000000000e+00
1.096000000000000085e+01,-1.937738478736818247e-03,2.564944416381376852e-03,-3.678861788880249928e-04,4.612616429838466408e-04,-3.182320457507831733e-03,0.000000000000000000e+00
1.096499999999999986e+01,-1.924955320894977152e-03,2.548336231136590774e-03,-3.655867780240941445e-04,4.585012763398434166e-04,-3.162327386220691212e-03,0.000000000000000000e+00
1.097000000000000064e+01,-1.912254941850189587e-03,2.531832791353942364e-03,-3.633011404503170227e-04,4.557563143039928036e-04,-3.142454896399065473e-03,0.000000000000000000e+00
1.097499999999999964e+01,-1.899636819465198726e-03,2.515433461617523798e-03,-3.610291893327040986e-04,4.530266813006488544e-04,-3.122702306672770281e-03,0.000000000000000000e+00
1.098000000000000043e+01,-1.887100434770757869e-03,2.499137610136227365e-03,-3.587708482144710007e-04,4.503123020234760742e-04,-3.103068939093832270e-03,0.000000000000000000e+00
1.098499999999999943e+01,-1.874645271947552238e-03,2.482944608725206476e-03,-3.565260410146913394e-04,4.476131014355886326e-04,-3.083554119123463767e-03,0.000000000000000000e+00
1.099000000000000021e+01,-1.862270818308214230e-03,2.466853832787411702e-03,-3.542946920269493148e-04,4.449290047696738545e-04,-3.064157175619051932e-03,0.000000000000000000e+00
1.099500000000000099e+01,-1.849976564279429960e-03,2.450864661295199670e-03,-3.520767259179915110e-04,4.422599375280997181e-04,-3.044877440821150937e-03,0.000000000000000000e+00
1.100000000000000000e+01,-1.837762003384139052e-03,2.434976476772016986e-03,-3.498720677263783118e-04,4.396058254830069586e-04,-3.025714250340480645e-03,0.000000000000000000e+00
1.100500000000000078e+01,-1.825626632223823756e-03,2.419188665274157012e-03,-3.476806428611347731e-04,4.369665946763856123e-04,-3.006666943144929195e-03,0.000000000000000000e+00
1.100999999999999979e+01,-1.813569950460890666e-03,2.403500616372590808e-03,-3.455023771004012796e-04,4.343421714201366537e-04,-2.987734861546569899e-03,0.000000000000000000e+00
1.101500000000000057e+01,-1.801591460801142642e-03,2.387911723134872235e-03,-3.433371965900838211e-04,4.317324822961185623e-04,-2.968917351188673365e-03,0.000000000000000000e+00
1.101999999999999957e+01,-1.789690668976340717e-03,2.372421382107115038e-03,-3.411850278425041069e-04,4.291374541561790890e-04,-2.950213761032741307e-03,0.000000000000000000e+00
1.102500000000000036e+01,-1.777867083726856427e-03,2.357028993296046270e-03,-3.390457977350496256e-04,4.265570141221727125e-04,-2.931623443345543392e-03,0.000000000000000000e+00
1.102999999999999936e+01,-1.766120216784413484e-03,2.341733960151129966e-03,-3.369194335088235423e-04,4.239910895859634035e-04,-2.913145753686163623e-03,0.000000000000000000e+00
1.103500000000000014e+01,-1.754449582854918565e-03,2.326535689546765841e-03,-3.348058627672947040e-04,4.214396082094136204e-04,-2.894780050893057139e-03,0.000000000000000000e+00
1.104000000000000092e+01,-1.742854699601380794e-03,2.311433591764561288e-03,-3.327050134749477001e-04,4.189024979243591556e-04,-2.876525697071116543e-03,0.000000000000000000e+00
1.104499999999999993e+01,-1.731335087626920339e-03,2.296427080475675359e-03,-3.306168139559331385e-04,4.163796869325702126e-04,-2.858382057578755589e-03,0.000000000000000000e+00
1.105000000000000071e+01,-1.719890270457863747e-03,2.281515572723237344e-03,-3.285411928927179769e-04,4.138711037056991477e-04,-2.840348501014992432e-03,0.000000000000000000e+00
1.105499999999999972e+01,-1.708519774526929061e-03,2.266698488904836037e-03,-3.264780793247363416e-04,4.113766769852144961e-04,-2.822424399206558462e-03,0.000000000000000000e+00
1.106000000000000050e+01,-1.697223129156496570e-03,2.251975252755084034e-03,-3.244274026470406712e-04,4.088963357823222045e-04,-2.804609127195011910e-03,0.000000000000000000e+00
1.106499999999999950e+01,-1.685999866541966746e-03,2.237345291328253147e-03,-3.223890926089531864e-04,4.064300093778735285e-04,-2.786902063223864467e-03,0.000000000000000000e+00
1.107000000000000028e+01,-1.674849521735205776e-03,2.222808034980982683e-03,-3.203630793127179555e-04,4.039776273222605153e-04,-2.769302588725729587e-03,0.000000000000000000e+00
1.107500000000000107e+01,-1.663771632628076530e-03,2.208362917355061010e-03,-3.183492932121535562e-04,4.015391194352983676e-04,-2.751810088309473816e-03,0.000000000000000000e+00
1.108000000000000007e+01,-1.652765739936056053e-03,2.194009375360277819e-03,-3.163476651113061172e-04,3.991144158060958274e-04,-2.734423949747388522e-03,0.000000000000000000e+00
1.108500000000000085e+01,-1.641831387181937833e-03,2.179746849157350105e-03,-3.143581261631032812e-04,3.967034467929130372e-04,-2.717143563962381124e-03,0.000000000000000000e+00
1.108999999999999986e+01,-1.630968120679619727e-03,2.165574782140919710e-03,-3.123806078680088725e-04,3.943061430230074206e-04,-2.699968325015168931e-03,0.000000000000000000e+00
1.109500000000000064e+01,-1.620175489517977326e-03,2.151492620922621120e-03,-3.104150420726782696e-04,3.919224353924675823e-04,-2.682897630091510277e-03,0.000000000000000000e+00
1.109999999999999964e+01,-1.609453045544820358e-03,2.137499815314224724e-03,-3.084613609686146451e-04,3.895522550660355534e-04,-2.665930879489425247e-03,0.000000000000000000e+00
1.110500000000000043e+01,-1.598800343350934320e-03,2.123595818310848593e-03,-3.065194970908262893e-04,3.871955334769174896e-04,-2.649067476606455866e-03,0.000000000000000000e+00
1.110999999999999943e+01,-1.588216940254205808e-03,2.109780086074241820e-03,-3.045893833164846939e-04,3.848522023265827686e-04,-2.632306827926934531e-03,0.000000000000000000e+00
1.111500000000000021e+01,-1.577702396283830674e-03,2.096052077916142013e-03,-3.026709528635838269e-04,3.825221935845521371e-04,-2.615648343009271092e-03,0.000000000000000000e+00
1.112000000000000099e+01,-1.567256274164605676e-03,2.082411256281700880e-03,-3.007641392896002758e-04,3.802054394881746900e-04,-2.599091434473253803e-03,0.000000000000000000e+00
1.112500000000000000e+01,-1.556878139301302519e-03,2.068857086732983543e-03,-2.988688764901549087e-04,3.779018725423939000e-04,-2.582635517987379777e-03,0.000000000000000000e+00
1.113000000000000078e+01,-1.546567559763124735e-03,2.055389037932536366e-03,-2.969850986976752937e-04,3.756114255195030214e-04,-2.566280012256190630e-03,0.000000000000000000e+00
1.113499999999999979e+01,-1.536324106268246092e-03,2.042006581627028080e-03,-2.951127404800597993e-04,3.733340314588898148e-04,-2.550024339007643699e-03,0.000000000000000000e+00
1.114000000000000057e+01,-1.526147352168430319e-03,2.028709192630959428e-03,-2.932517367393426165e-04,3.710696236667710259e-04,-2.533867922980488456e-03,0.000000000000000000e+00
1.114499999999999957e+01,-1.516036873433733228e-03,2.015496348810445239e-03,-2.914020227103603523e-04,3.688181357159164018e-04,-2.517810191911670683e-03,0.000000000000000000e+00
1.115000000000000036e+01,-1.505992248637284424e-03,2.002367531067065446e-03,-2.895635339594199251e-04,3.665795014453628953e-04,-2.501850576523753124e-03,0.000000000000000000e+00
1.115499999999999936e+01,-1.496013058940150534e-03,1.989322223321787243e-03,-2.877362063829681403e-04,3.643536549601186238e-04,-2.485988510512368230e-03,0.000000000000000000e+00
1.116000000000000014e+01,-1.486098888076278464e-03,1.976359912498957486e-03,-2.859199762062623494e-04,3.621405306308572865e-04,-2.470223430533670470e-03,0.000000000000000000e+00
1.116500000000000092e+01,-1.476249322337517796e-03,1.963480088510364489e-03,-2.841147799820430619e-04,3.599400630936028787e-04,-2.454554776191836783e-03,0.000000000000000000e+00
1.116999999999999993e+01,-1.466463950558723845e-03,1.950682244239369204e-03,-2.823205545892080201e-04,3.577521872494047561e-04,-2.438981990026569194e-03,0.000000000000000000e+00
1.117500000000000071e+01,-1.456742364102939008e-03,1.937965875525107318e-03,-2.805372372314877917e-04,3.555768382640037552e-04,-2.423504517500627790e-03,0.000000000000000000e+00
1.117999999999999972e+01,-1.447084156846653461e-03,1.925330481146760508e-03,-2.787647654361232060e-04,3.534139515674888259e-04,-2.408121806987383214e-03,0.000000000000000000e+00
1.118500000000000050e+01,-1.437488925165143934e-03,1.912775562807896446e-03,-2.770030770525445788e-04,3.512634628539445581e-04,-2.392833309758400813e-03,0.000000000000000000e+00
1.118999999999999950e+01,-1.427956267917890971e-03,1.900300625120877971e-03,-2.752521102510525094e-04,3.491253080810901416e-04,-2.377638479971034766e-03,0.000000000000000000e+00
1.119500000000000028e+01,-1.418485786434073390e-03,1.887905175591342299e-03,-2.735118035215007375e-04,3.469994234699093827e-04,-2.362536774656059935e-03,0.000000000000000000e+00
1.120000000000000107e+01,-1.409077084498141239e-03,1.875588724602748327e-03,-2.717820956719806808e-04,3.448857455042719919e-04,-2.347527653705313265e-03,0.000000000000000000e+00
1.120500000000000007e+01,-1.399729768335464426e-03,1.863350785400992235e-03,-2.700629258275079238e-04,3.427842109305466868e-04,-2.332610579859373777e-03,0.000000000000000000e+00
1.121000000000000085e+01,-1.390443446598059202e-03,1.851190874079092913e-03,-2.683542334287109302e-04,3.406947567572056750e-04,-2.317785018695258173e-03,0.000000000000000000e+00
1.121499999999999986e+01,-1.381217730350391181e-03,1.839108509561944611e-03,-2.666559582305212716e-04,3.386173202544212222e-04,-2.303050438614145067e-03,0.000000000000000000e+00
1.122000000000000064e+01,-1.372052233055252738e-03,1.827103213591138109e-03,-2.649680403008662969e-04,3.365518389536539812e-04,-2.288406310829120896e-03,0.000000000000000000e+00
1.122499999999999964e+01,-1.362946570559718691e-03,1.815174510709850622e-03,-2.632904200193636989e-04,3.344982506472333507e-04,-2.273852109352957930e-03,0.000000000000000000e+00
1.123000000000000043e+01,-1.353900361081174838e-03,1.803321928247802498e-03,-2.616230380760182486e-04,3.324564933879302461e-04,-2.259387310985911789e-03,0.000000000000000000e+00
1.123499999999999943e+01,-1.344913225193423685e-03,1.791544996306282216e-03,-2.599658354699206446e-04,3.304265054885219548e-04,-2.245011395303547590e-03,0.000000000000000000e+00
1.124000000000000021e+01,-1.335984785812863044e-03,1.779843247743238821e-03,-2.583187535079486388e-04,3.284082255213498355e-04,-2.230723844644594278e-03,0.000000000000000000e+00
1.124500000000000099e+01,-1.327114668184740508e-03,1.768216218158441587e-03,-2.566817338034702760e-04,3.264015923178690496e-04,-2.216524144098824117e-03,0.000000000000000000e+00
1.125000000000000000e+01,-1.318302499869481240e-03,1.756663445878707541e-03,-2.550547182750495198e-04,3.244065449681916781e-04,-2.202411781494954292e-03,0.000000000000000000e+00
1.125500000000000078e+01,-1.309547910729088813e-03,1.745184471943194912e-03,-2.534376491451540456e-04,3.224230228206220869e-04,-2.188386247388590146e-03,0.000000000000000000e+00
1.125999999999999979e+01,-1.300850532913621098e-03,1.733778840088764234e-03,-2.518304689388655283e-04,3.204509654811857323e-04,-2.174447035050174060e-03,0.000000000000000000e+00
1.126500000000000057e+01,-1.292210000847737695e-03,1.722446096735405583e-03,-2.502331204825922065e-04,3.184903128131507028e-04,-2.160593640452983764e-03,0.000000000000000000e+00
1.126999999999999957e+01,-1.283625951217320666e-03,1.711185790971732606e-03,-2.486455469027839399e-04,3.165410049365428098e-04,-2.146825562261146271e-03,0.000000000000000000e+00
1.127500000000000036e+01,-1.275098022956167249e-03,1.699997474540543112e-03,-2.470676916246494900e-04,3.146029822276536305e-04,-2.133142301817680421e-03,0.000000000000000000e+00
1.127999999999999936e+01,-1.266625857232755656e-03,1.688880701824444939e-03,-2.454994983708766194e-04,3.126761853185424257e-04,-2.119543363132572397e-03,0.000000000000000000e+00
1.128500000000000014e+01,-1.258209097437081123e-03,1.677835029831548823e-03,-2.439409111603543323e-04,3.107605550965313350e-04,-2.106028252870881592e-03,0.000000000000000000e+00
1.129000000000000092e+01,-1.249847389167564170e-03,1.666860018181226316e-03,-2.423918743068980157e-04,3.088560327036943927e-04,-2.092596480340862958e-03,0.000000000000000000e+00
1.129499999999999993e+01,-1.241540380218030199e-03,1.655955229089932975e-03,-2.408523324179768566e-04,3.069625595363402546e-04,-2.079247557482134454e-03,0.000000000000000000e+00
1.130000000000000071e+01,-1.233287720564758480e-03,1.645120227357098125e-03,-2.393222303934439707e-04,3.050800772444890166e-04,-2.065980998853864017e-03,0.000000000000000000e+00
1.130499999999999972e+01,-1.225089062353603570e-03,1.634354580351078581e-03,-2.378015134242692408e-04,3.032085277313429066e-04,-2.052796321622988619e-03,0.000000000000000000e+00
1.131000000000000050e+01,-1.216944059887184806e-03,1.623657857995178299e-03,-2.362901269912746763e-04,3.013478531527510689e-04,-2.039693045552462818e-03,0.000000000000000000e+00
1.131499999999999950e+01,-1.208852369612146505e-03,1.613029632753732205e-03,-2.347880168638725377e-04,2.994979959166689260e-04,-2.026670692989538530e-03,0.000000000000000000e+00
1.132000000000000028e+01,-1.200813650106487751e-03,1.602469479618255296e-03,-2.332951290988061980e-04,2.976588986826114161e-04,-2.013728788854072995e-03,0.000000000000000000e+00
1.132500000000000107e+01,-1.192827562066960719e-03,1.591976976093655493e-03,-2.318114100388936880e-04,2.958305043611011878e-04,-2.000866860626868398e-03,0.000000000000000000e+00
1.133000000000000007e+01,-1.184893768296538382e-03,1.581551702184511325e-03,-2.303368063117740608e-04,2.940127561131110497e-04,-1.988084438338040549e-03,0.000000000000000000e+00
1.133500000000000085e+01,-1.177011933691949870e-03,1.571193240381413368e-03,-2.288712648286566015e-04,2.922055973495011607e-04,-1.975381054555423559e-03,0.000000000000000000e+00
1.133999999999999986e+01,-1.169181725231285005e-03,1.560901175647370085e-03,-2.274147327830726938e-04,2.904089717304511793e-04,-1.962756244372993591e-03,0.000000000000000000e+00
1.134500000000000064e+01,-1.161402811961665185e-03,1.550675095404276766e-03,-2.259671576496307766e-04,2.886228231648869914e-04,-1.950209545399340764e-03,0.000000000000000000e+00
1.134999999999999964e+01,-1.153674864986983664e-03,1.540514589519447787e-03,-2.245284871827739565e-04,2.868470958099027766e-04,-1.937740497746156653e-03,0.000000000000000000e+00
1.135500000000000043e+01,-1.145997557455711528e-03,1.530419250292213481e-03,-2.230986694155406565e-04,2.850817340701779245e-04,-1.925348644016759963e-03,0.000000000000000000e+00
1.135999999999999943e+01,-1.138370564548770673e-03,1.520388672440578601e-03,-2.216776526583281916e-04,2.833266825973891796e-04,-1.913033529294652342e-03,0.000000000000000000e+00
1.136500000000000021e+01,-1.130793563467474014e-03,1.510422453087944530e-03,-2.202653854976592454e-04,2.815818862896181255e-04,-1.900794701132114744e-03,0.000000000000000000e+00
1.137000000000000099e+01,-1.123266233421531604e-03,1.500520191749893937e-03,-2.188618167949512726e-04,2.798472902907541142e-04,-1.888631709538815930e-03,0.000000000000000000e+00
1.137500000000000000e+01,-1.115788255617122674e-03,1.490681490321038756e-03,-2.174668956852890476e-04,2.781228399898924802e-04,-1.876544106970474968e-03,0.000000000000000000e+00
1.138000000000000078e+01,-1.108359313245032727e-03,1.480905953061929098e-03,-2.160805715762001119e-04,2.764084810207285796e-04,-1.864531448317538909e-03,0.000000000000000000e+00
1.138499999999999979e+01,-1.100979091468857205e-03,1.471193186586025690e-03,-2.147027941464333116e-04,2.747041592609472758e-04,-1.852593290893902317e-03,0.000000000000000000e+00
1.139000000000000057e+01,-1.093647277413268898e-03,1.461542799846732819e-03,-2.133335133447403448e-04,2.730098208316083055e-04,-1.840729194425661484e-03,0.000000000000000000e+00
1.139499999999999957e+01,-1.086363560152350414e-03,1.451954404124495028e-03,-2.119726793886604784e-04,2.713254120965275787e-04,-1.828938721039886006e-03,0.000000000000000000e+00
1.140000000000000036e+01,-1.079127630697991700e-03,1.442427613013953650e-03,-2.106202427633083022e-04,2.696508796616541958e-04,-1.817221435253441519e-03,0.000000000000000000e+00
1.140499999999999936e+01,-1.071939181988350222e-03,1.432962042411164939e-03,-2.092761542201646539e-04,2.679861703744436711e-04,-1.805576903961837168e-03,0.000000000000000000e+00
1.141000000000000014e+01,-1.064797908876376209e-03,1.423557310500880206e-03,-2.079403647758706062e-04,2.663312313232273597e-04,-1.794004696428103639e-03,0.000000000000000000e+00
1.141500000000000092e+01,-1.057703508118401203e-03,1.414213037743886460e-03,-2.066128257110247347e-04,2.646860098365778208e-04,-1.782504384271706111e-03,0.000000000000000000e+00
1.141999999999999993e+01,-1.050655678362788416e-03,1.404928846864407542e-03,-2.052934885689834752e-04,2.630504534826707641e-04,-1.771075541457495369e-03,0.000000000000000000e+00
1.142500000000000071e+01,-1.043654120138647924e-03,1.395704362837566414e-03,-2.039823051546647067e-04,2.614245100686432024e-04,-1.759717744284682332e-03,0.000000000000000000e+00
1.142999999999999972e+01,-1.036698535844612565e-03,1.386539212876906858e-03,-2.026792275333545593e-04,2.598081276399481884e-04,-1.748430571375859640e-03,0.000000000000000000e+00
1.143500000000000050e+01,-1.029788629737677600e-03,1.377433026421976759e-03,-2.013842080295174489e-04,2.582012544797059202e-04,-1.737213603666040154e-03,0.000000000000000000e+00
1.143999999999999950e+01,-1.022924107922101086e-03,1.368385435125970152e-03,-2.000971992256093902e-04,2.566038391080518099e-04,-1.726066424391746196e-03,0.000000000000000000e+00
1.144500000000000028e+01,-1.016104678338366910e-03,1.359396072843429551e-03,-1.988181539608945632e-04,2.550158302814808670e-04,-1.714988619080118522e-03,0.000000000000000000e+00
1.145000000000000107e+01,-1.009330050752208115e-03,1.350464575618007474e-03,-1.975470253302651319e-04,2.534371769921892623e-04,-1.703979775538069959e-03,0.000000000000000000e+00
1.145500000000000007e+01,-1.002599936743692232e-03,1.341590581670288251e-03,-1.962837666830643971e-04,2.518678284674124223e-04,-1.693039483841463121e-03,0.000000000000000000e+00
1.146000000000000085e+01,-9.959140496963666839e-04,1.332773731385667728e-03,-1.950283316219132831e-04,2.503077341687604137e-04,-1.682167336324331269e-03,0.000000000000000000e+00
1.146499999999999986e+01,-9.892721047864651198e-04,1.324013667302292819e-03,-1.937806740015401313e-04,2.487568437915500742e-04,-1.671362927568127363e-03,0.000000000000000000e+00
1.147000000000000064e+01,-9.826738189721733775e-04,1.315310034099059604e-03,-1.925407479276137731e-04,2.472151072641344885e-04,-1.660625854391010407e-03,0.000000000000000000e+00
1.147499999999999964e+01,-9.761189109829562739e-04,1.306662478583670191e-03,-1.913085077555801540e-04,2.456824747472294269e-04,-1.649955715837163458e-03,0.000000000000000000e+00
1.148000000000000043e+01,-9.696071013089425060e-04,1.298070649680747044e-03,-1.900839080895021021e-04,2.441588966332372914e-04,-1.639352113166148281e-03,0.000000000000000000e+00
1.148499999999999943e+01,-9.631381121903700515e-04,1.289534198420006937e-03,-1.888669037809026193e-04,2.426443235455681615e-04,-1.628814649842294689e-03,0.000000000000000000e+00
1.149000000000000021e+01,-9.567116676070903328e-04,1.281052777924491072e-03,-1.876574499276115887e-04,2.411387063379583995e-04,-1.618342931524122206e-03,0.000000000000000000e+00
1.149500000000000099e+01,-9.503274932681303857e-04,1.272626043398854831e-03,-1.864555018726158156e-04,2.396419960937867365e-04,-1.607936566053798800e-03,0.000000000000000000e+00
1.150000000000000000e+01,-9.439853166013143339e-04,1.264253652117713683e-03,-1.852610152029125106e-04,2.381541441253878365e-04,-1.597595163446632362e-03,0.000000000000000000e+00
1.150500000000000078e+01,-9.376848667429425440e-04,1.255935263414046993e-03,-1.840739457483662968e-04,2.366751019733635299e-04,-1.587318335880598397e-03,0.000000000000000000e+00
1.150999999999999979e+01,-9.314258745275285668e-04,1.247670538667658641e-03,-1.828942495805695233e-04,2.352048214058917702e-04,-1.577105697685901760e-03,0.000000000000000000e+00
1.151500000000000057e+01,-9.252080724775938684e-04,1.239459141293695107e-03,-1.817218830117061572e-04,2.337432544180332867e-04,-1.566956865334572218e-03,0.000000000000000000e+00
1.151999999999999957e+01,-9.190311947935194802e-04,1.231300736731219926e-03,-1.805568025934191172e-04,2.322903532310360961e-04,-1.556871457430099477e-03,0.000000000000000000e+00
1.152500000000000036e+01,-9.128949773434552216e-04,1.223194992431844534e-03,-1.793989651156810774e-04,2.308460702916379805e-04,-1.546849094697095531e-03,0.000000000000000000e+00
1.152999999999999936e+01,-9.067991576532849745e-04,1.215141577848415913e-03,-1.782483276056687129e-04,2.294103582713668524e-04,-1.536889399970998863e-03,0.000000000000000000e+00
1.153500000000000014e+01,-9.007434748966487714e-04,1.207140164423759539e-03,-1.771048473266405776e-04,2.279831700658391128e-04,-1.526991998187813334e-03,0.000000000000000000e+00
1.154000000000000092e+01,-8.947276698850208272e-04,1.199190425579479361e-03,-1.759684817768183973e-04,2.265644587940562481e-04,-1.517156516373875923e-03,0.000000000000000000e+00
1.154499999999999993e+01,-8.887514850578437332e-04,1.191292036704812195e-03,-1.748391886882718596e-04,2.251541777976994753e-04,-1.507382583635666741e-03,0.000000000000000000e+00
1.155000000000000071e+01,-8.828146644727179453e-04,1.183444675145539160e-03,-1.737169260258070625e-04,2.237522806404226524e-04,-1.497669831149651357e-03,0.000000000000000000e+00
1.155499999999999972e+01,-8.769169537956465667e-04,1.175648020192950885e-03,-1.726016519858583240e-04,2.223587211071434270e-04,-1.488017892152155436e-03,0.000000000000000000e+00
1.156000000000000050e+01,-8.710581002913354246e-04,1.167901753072868440e-03,-1.714933249953837604e-04,2.209734532033328399e-04,-1.478426401929283391e-03,0.000000000000000000e+00
1.156499999999999950e+01,-8.652378528135476823e-04,1.160205556934719570e-03,-1.703919037107641695e-04,2.195964311543031943e-04,-1.468894997806861110e-03,0.000000000000000000e+00
1.157000000000000028e+01,-8.594559617955129871e-04,1.152559116840668916e-03,-1.692973470167057374e-04,2.182276094044945146e-04,-1.459423319140424865e-03,0.000000000000000000e+00
1.157500000000000107e+01,-8.537121792403908277e-04,1.144962119754803316e-03,-1.682096140251460514e-04,2.168669426167594888e-04,-1.450011007305234290e-03,0.000000000000000000e+00
1.158000000000000007e+01,-8.480062587117878853e-04,1.137414254532370878e-03,-1.671286640741639613e-04,2.155143856716469999e-04,-1.440657705686332855e-03,0.000000000000000000e+00
1.158500000000000085e+01,-8.423379553243290525e-04,1.129915211909074272e-03,-1.660544567268927758e-04,2.141698936666842489e-04,-1.431363059668634566e-03,0.000000000000000000e+00
1.158999999999999986e+01,-8.367070257342816867e-04,1.122464684490418222e-03,-1.649869517704372253e-04,2.128334219156577118e-04,-1.422126716627049488e-03,0.000000000000000000e+00
1.159500000000000064e+01,-8.311132281302334229e-04,1.115062366741109701e-03,-1.639261092147939762e-04,2.115049259478926874e-04,-1.412948325916646994e-03,0.000000000000000000e+00
1.159999999999999964e+01,-8.255563222238221366e-04,1.107707954974513189e-03,-1.628718892917757231e-04,2.101843615075318417e-04,-1.403827538862848726e-03,0.000000000000000000e+00
1.160500000000000043e+01,-8.200360692405191413e-04,1.100401147342157555e-03,-1.618242524539389396e-04,2.088716845528124522e-04,-1.394764008751666218e-03,0.000000000000000000e+00
1.160999999999999943e+01,-8.145522319104645361e-04,1.093141643823296923e-03,-1.607831593735151263e-04,2.075668512553426753e-04,-1.385757390819960860e-03,0.000000000000000000e+00
1.161500000000000021e+01,-8.091045744593543775e-04,1.085929146214524013e-03,-1.597485709413458258e-04,2.062698179993767845e-04,-1.376807342245753079e-03,0.000000000000000000e+00
1.162000000000000099e+01,-8.036928625993801107e-04,1.078763358119436393e-03,-1.587204482658212705e-04,2.049805413810894055e-04,-1.367913522138559500e-03,0.000000000000000000e+00
1.162500000000000000e+01,-7.983168635202188496e-04,1.071643984938354778e-03,-1.576987526718224718e-04,2.036989782078488026e-04,-1.359075591529765011e-03,0.000000000000000000e+00
1.163000000000000078e+01,-7.929763458800759149e-04,1.064570733858094228e-03,-1.566834456996671592e-04,2.024250854974894600e-04,-1.350293213363035812e-03,0.000000000000000000e+00
1.163499999999999979e+01,-7.876710797967773547e-04,1.057543313841786308e-03,-1.556744891040592427e-04,2.011588204775836071e-04,-1.341566052484762829e-03,0.000000000000000000e+00
1.164000000000000057e+01,-7.824008368389138556e-04,1.050561435618754163e-03,-1.546718448530419064e-04,1.999001405847122001e-04,-1.332893775634542196e-03,0.000000000000000000e+00
1.164499999999999957e+01,-7.771653900170351782e-04,1.043624811674438322e-03,-1.536754751269544985e-04,1.986490034637350107e-04,-1.324276051435695645e-03,0.000000000000000000e+00
1.165000000000000036e+01,-7.719645137748942483e-04,1.036733156240374773e-03,-1.526853423173928353e-04,1.974053669670601714e-04,-1.315712550385818216e-03,0.000000000000000000e+00
1.165499999999999936e+01,-7.667979839807419901e-04,1.029886185284223767e-03,-1.517014090261733540e-04,1.961691891539130985e-04,-1.307202944847367159e-03,0.000000000000000000e+00
1.166000000000000014e+01,-7.616655779186713802e-04,1.023083616499848936e-03,-1.507236380643008718e-04,1.949404282896047367e-04,-1.298746909038287281e-03,0.000000000000000000e+00
1.166500000000000092e+01,-7.565670742800111601e-04,1.016325169297449104e-03,-1.497519924509399481e-04,1.937190428447993973e-04,-1.290344119022667933e-03,0.000000000000000000e+00
1.166999999999999993e+01,-7.515022531547686617e-04,1.009610564793738448e-03,-1.487864354123899350e-04,1.925049914947820273e-04,-1.281994252701437742e-03,0.000000000000000000e+00
1.167500000000000071e+01,-7.464708960231217477e-04,1.002939525802178924e-03,-1.478269303810637934e-04,1.912982331187251263e-04,-1.273696989803095548e-03,0.000000000000000000e+00
1.167999999999999972e+01,-7.414727857469594324e-04,9.963117768232616911e-04,-1.468734409944703802e-04,1.900987267989552023e-04,-1.265452011874474737e-03,0.000000000000000000e+00
1.168500000000000050e+01,-7.365077065614706415e-04,9.897270440348392845e-04,-1.459259310942005836e-04,1.889064318202189564e-04,-1.257259002271545519e-03,0.000000000000000000e+00
1.168999999999999950e+01,-7.315754440667818692e-04,9.831850552825067893e-04,-1.449843647249170360e-04,1.877213076689491155e-04,-1.249117646150249518e-03,0.000000000000000000e+00
1.169500000000000028e+01,-7.266757852196421060e-04,9.766855400700335393e-04,-1.440487061333475414e-04,1.865433140325300208e-04,-1.241027630457376425e-03,0.000000000000000000e+00
1.170000000000000107e+01,-7.218085183251560146e-04,9.702282295498433889e-04,-1.431189197672820795e-04,1.853724107985630536e-04,-1.232988643921463425e-03,0.000000000000000000e+00
1.170500000000000007e+01,-7.169734330285641591e-04,9.638128565135448567e-04,-1.421949702745736591e-04,1.842085580541317634e-04,-1.225000377043746879e-03,0.000000000000000000e+00
1.171000000000000085e+01,-7.121703203070708314e-04,9.574391553825095181e-04,-1.412768225021426957e-04,1.830517160850670224e-04,-1.217062522089135687e-03,0.000000000000000000e+00
1.171499999999999986e+01,-7.073989724617184977e-04,9.511068621985000523e-04,-1.403644414949851017e-04,1.819018453752119908e-04,-1.209174773077225642e-03,0.000000000000000000e+00
1.172000000000000064e+01,-7.026591831093091916e-04,9.448157146143459960e-04,-1.394577924951840632e-04,1.807589066056870819e-04,-1.201336825773348903e-03,0.000000000000000000e+00
1.172499999999999964e+01,-6.979507471743727444e-04,9.385654518846685019e-04,-1.385568409409255032e-04,1.796228606541548189e-04,-1.193548377679660120e-03,0.000000000000000000e+00
1.173000000000000043e+01,-6.932734608811803347e-04,9.323558148566530191e-04,-1.376615524655172313e-04,1.784936685940849356e-04,-1.185809128026254003e-03,0.000000000000000000e+00
1.173499999999999943e+01,-6.886271217458050931e-04,9.261865459608701126e-04,-1.367718928964116974e-04,1.773712916940192600e-04,-1.178118777762321261e-03,0.000000000000000000e+00
1.174000000000000021e+01,-6.840115285682279176e-04,9.200573892021438787e-04,-1.358878282542325144e-04,1.762556914168370047e-04,-1.170477029547338163e-03,0.000000000000000000e+00
1.174500000000000099e+01,-6.794264814244887173e-04,9.139680901504681739e-04,-1.350093247518045574e-04,1.751468294190199222e-04,-1.162883587742294042e-03,0.000000000000000000e+00
1.175000000000000000e+01,-6.748717816588834092e-04,9.079183959319698984e-04,-1.341363487931878588e-04,1.740446675499178930e-04,-1.155338158400950454e-03,0.000000000000000000e+00
1.175500000000000078e+01,-6.703472318762058015e-04,9.019080552199199843e-04,-1.332688669727150261e-04,1.729491678510145414e-04,-1.147840449261137204e-03,0.000000000000000000e+00
1.175999999999999979e+01,-6.658526359340340367e-04,8.959368182257907874e-04,-1.324068460740324550e-04,1.718602925551931764e-04,-1.140390169736084152e-03,0.000000000000000000e+00
1.176500000000000057e+01,-6.613877989350619218e-04,8.900044366903607507e-04,-1.315502530691451473e-04,1.707780040860030850e-04,-1.132987030905785539e-03,0.000000000000000000e+00
1.176999999999999957e+01,-6.569525272194744929e-04,8.841106638748654715e-04,-1.306990551174652421e-04,1.697022650569260155e-04,-1.125630745508403785e-03,0.000000000000000000e+00
1.177500000000000036e+01,-6.525466283573679244e-04,8.782552545521949555e-04,-1.298532195648641251e-04,1.686330382706431206e-04,-1.118321027931702119e-03,0.000000000000000000e+00
1.177999999999999936e+01,-6.481699111412130227e-04,8.724379649981376002e-04,-1.290127139427283591e-04,1.675702867183023086e-04,-1.111057594204520153e-03,0.000000000000000000e+00
1.178500000000000014e+01,-6.438221855783625219e-04,8.666585529826698227e-04,-1.281775059670190852e-04,1.665139735787859456e-04,-1.103840161988274386e-03,0.000000000000000000e+00
1.179000000000000092e+01,-6.395032628836018560e-04,8.609167777612913332e-04,-1.273475635373352442e-04,1.654640622179790463e-04,-1.096668450568504677e-03,0.000000000000000000e+00
1.179499999999999993e+01,-6.352129554717432991e-04,8.552124000664065948e-04,-1.265228547359803501e-04,1.644205161880379527e-04,-1.089542180846444141e-03,0.000000000000000000e+00
1.180000000000000071e+01,-6.309510769502624976e-04,8.495451820987510614e-04,-1.257033478270329764e-04,1.633832992266596085e-04,-1.082461075330633932e-03,0.000000000000000000e+00
1.180499999999999972e+01,-6.267174421119783715e-04,8.439148875188631684e-04,-1.248890112554209013e-04,1.623523752563512681e-04,-1.075424858128566641e-03,0.000000000000000000e+00
1.181000000000000050e+01,-6.225118669277755149e-04,8.383212814386009929e-04,-1.240798136459988587e-04,1.613277083837008554e-04,-1.068433254938365917e-03,0.000000000000000000e+00
1.181499999999999950e+01,-6.183341685393683399e-04,8.327641304127039084e-04,-1.232757238026299749e-04,1.603092628986479463e-04,-1.061485993040501858e-03,0.000000000000000000e+00
1.182000000000000028e+01,-6.141841652521078283e-04,8.272432024303989079e-04,-1.224767107072707558e-04,1.592970032737554560e-04,-1.054582801289536981e-03,0.000000000000000000e+00
1.182500000000000107e+01,-6.100616765278302428e-04,8.217582669070513804e-04,-1.216827435190599238e-04,1.582908941634817595e-04,-1.047723410105914476e-03,0.000000000000000000e+00
1.183000000000000007e+01,-6.059665229777467122e-04,8.163090946758600136e-04,-1.208937915734106425e-04,1.572909004034538972e-04,-1.040907551467771175e-03,0.000000000000000000e+00
1.183500000000000085e+01,-6.018985263553752090e-04,8.108954579795957154e-04,-1.201098243811065357e-04,1.562969870097411591e-04,-1.034134958902792811e-03,0.000000000000000000e+00
1.183999999999999986e+01,-5.978575095495129678e-04,8.055171304623848791e-04,-1.193308116274012981e-04,1.553091191781296994e-04,-1.027405367480100067e-03,0.000000000000000000e+00
1.184500000000000064e+01,-5.938432965772503201e-04,8.001738871615358007e-04,-1.185567231711219115e-04,1.543272622833977202e-04,-1.020718513802168666e-03,0.000000000000000000e+00
1.184999999999999964e+01,-5.898557125770248618e-04,7.948655044994085714e-04,-1.177875290437754922e-04,1.533513818785916312e-04,-1.014074135996786323e-03,0.000000000000000000e+00
1.185500000000000043e+01,-5.858945838017168197e-04,7.895917602753287729e-04,-1.170231994486597440e-04,1.523814436943030223e-04,-1.007471973709038546e-03,0.000000000000000000e+00
1.185999999999999943e+01,-5.819597376117839919e-04,7.843524336575439983e-04,-1.162637047599770834e-04,1.514174136379464492e-04,-1.000911768093336925e-03,0.000000000000000000e+00
1.186500000000000021e+01,-5.780510024684373457e-04,7.791473051752228736e-04,-1.155090155219522756e-04,1.504592577930381953e-04,-9.943932618054706317e-04,0.000000000000000000e+00
1.187000000000000099e+01,-5.741682079268564057e-04,7.739761567104975560e-04,-1.147591024479537698e-04,1.495069424184759007e-04,-9.879161989947036690e-04,0.000000000000000000e+00
1.187500000000000000e+01,-5.703111846294439983e-04,7.688387714905484073e-04,-1.140139364196185581e-04,1.485604339478191125e-04,-9.814803252958964087e-04,0.000000000000000000e+00
1.188000000000000078e+01,-5.664797642991208949e-04,7.637349340797308433e-04,-1.132734884859806806e-04,1.476196989885709195e-04,-9.750853878216660499e-04,0.000000000000000000e+00
1.188499999999999979e+01,-5.626737797326593783e-04,7.586644303717445751e-04,-1.125377298626032942e-04,1.466847043214604819e-04,-9.687311351545787371e-04,0.000000000000000000e+00
1.189000000000000057e+01,-5.588930647940562732e-04,7.536270475818449173e-04,-1.118066319307143604e-04,1.457554168997266442e-04,-9.624173173393785414e-04,0.000000000000000000e+00
1.189499999999999957e+01,-5.551374544079442502e-04,7.486225742390955132e-04,-1.110801662363458290e-04,1.448318038484025516e-04,-9.561436858752436546e-04,0.000000000000000000e+00
1.190000000000000036e+01,-5.514067845530422687e-04,7.436508001786630183e-04,-1.103583044894765092e-04,1.439138324636013509e-04,-9.499099937080851931e-04,0.000000000000000000e+00
1.190499999999999936e+01,-5.477008922556441837e-04,7.387115165341529835e-04,-1.096410185631784223e-04,1.430014702118030017e-04,-9.437159952228702875e-04,0.000000000000000000e+00
1.191000000000000014e+01,-5.440196155831456253e-04,7.338045157299871550e-04,-1.089282804927667607e-04,1.420946847291421999e-04,-9.375614462359856127e-04,0.000000000000000000e+00
1.191500000000000092e+01,-5.403627936376087168e-04,7.289295914738216486e-04,-1.082200624749533831e-04,1.411934438206973580e-04,-9.314461039876310595e-04,0.000000000000000000e+00
1.191999999999999993e+01,-5.367302665493651733e-04,7.240865387490058895e-04,-1.075163368670038880e-04,1.402977154597809131e-04,-9.253697271342465822e-04,0.000000000000000000e+00
1.192500000000000071e+01,-5.331218754706561549e-04,7.192751538070825358e-04,-1.068170761858981840e-04,1.394074677872306385e-04,-9.193320757409730905e-04,0.000000000000000000e+00
1.192999999999999972e+01,-5.295374625693102843e-04,7.144952341603276252e-04,-1.061222531074946645e-04,1.385226691107022557e-04,-9.133329112741471684e-04,0.000000000000000000e+00
1.193500000000000050e+01,-5.259768710224585258e-04,7.097465785743310544e-04,-1.054318404656978659e-04,1.376432879039632125e-04,-9.073719965938272349e-04,0.000000000000000000e+00
1.193999999999999950e+01,-5.224399450102857126e-04,7.050289870606172822e-04,-1.047458112516296762e-04,1.367692928061877886e-04,-9.014490959463541822e-04,0.000000000000000000e+00
1.194500000000000028e+01,-5.189265297098198020e-04,7.003422608693060398e-04,-1.040641386128040674e-04,1.359006526212533676e-04,-8.955639749569444322e-04,0.000000000000000000e+00
1.195000000000000107e+01,-5.154364712887568025e-04,6.956862024818125058e-04,-1.033867958523053383e-04,1.350373363170380631e-04,-8.897164006223151926e-04,0.000000000000000000e+00
1.195500000000000007e+01,-5.119696168993224548e-04,6.910606156035872718e-04,-1.027137564279698259e-04,1.341793130247196199e-04,-8.839061413033424573e-04,0.000000000000000000e+00
1.196000000000000085e+01,-5.085258146721702332e-04,6.864653051568955560e-04,-1.020449939515712231e-04,1.333265520380755341e-04,-8.781329667177532666e-04,0.000000000000000000e+00
1.196499999999999986e+01,-5.051049137103152346e-04,6.819000772736357732e-04,-1.013804821880092560e-04,1.324790228127847185e-04,-8.723966479328508191e-04,0.000000000000000000e+00
1.197000000000000064e+01,-5.017067640831039546e-04,6.773647392881971359e-04,-1.007201950545019806e-04,1.316366949657304150e-04,-8.666969573582677727e-04,0.000000000000000000e+00
1.197499999999999964e+01,-4.983312168202194085e-04,6.728590997303559619e-04,-1.000641066197814811e-04,1.307995382743043532e-04,-8.610336687387590109e-04,0.000000000000000000e+00
1.198000000000000043e+01,-4.949781239057221387e-04,6.683829683182106879e-04,-9.941219110329303744e-05,1.299675226757125907e-04,-8.554065571470194536e-04,0.000000000000000000e+00
1.198499999999999943e+01,-4.916473382721258095e-04,6.639361559511554800e-04,-9.876442287439781646e-05,1.291406182662825175e-04,-8.498153989765397072e-04,0.000000000000000000e+00
1.199000000000000021e+01,-4.883387137945085794e-04,6.595184747028921173e-04,-9.812077645157897857e-05,1.283187953007713250e-04,-8.442599719344910962e-04,0.000000000000000000e+00
1.199500000000000099e+01,-4.850521052846587891e-04,6.551297378144799307e-04,-9.748122650165126721e-05,1.275020241916760197e-04,-8.387400550346453890e-04,0.000000000000000000e+00
1.200000000000000000e+01,-4.817873684852555603e-04,6.507697596874235805e-04,-9.684574783897404067e-05,1.266902755085448737e-04,-8.332554285903232558e-04,0.000000000000000000e+00
