time_s,x_m,v_m_s,theta_rad,omega_rad_s,controller_force_N,disturbance_N
0.000000000000000000e+00,0.000000000000000000e+00,0.000000000000000000e+00,1.745329251994329478e-01,0.000000000000000000e+00,5.136407136141657226e+00,0.000000000000000000e+00
5.000000000000000104e-03,7.354113861052313068e-05,2.923543403388483009e-02,1.744306600191981860e-01,-4.055132960929879599e-02,4.963410038384111544e+00,0.000000000000000000e+00
1.000000000000000021e-02,2.905698040543509483e-04,5.740006963622379388e-02,1.741308908158638313e-01,-7.901505718062666606e-02,4.794733142736703257e+00,0.000000000000000000e+00
1.499999999999999944e-02,6.458070837421115307e-04,8.452378107137892282e-02,1.736438565690464342e-01,-1.154702683384028206e-01,4.630265883544744554e+00,0.000000000000000000e+00
2.000000000000000042e-02,1.134121113920121687e-03,1.106355216093226346e-01,1.729794085935340842e-01,-1.499929699773595304e-01,4.469902868702663845e+00,0.000000000000000000e+00
2.500000000000000139e-02,1.750522592271427664e-03,1.357633700758683892e-01,1.721470255409973116e-01,-1.826562456763834441e-01,4.313543488869894915e+00,0.000000000000000000e+00
2.999999999999999889e-02,2.490160516109483652e-03,1.599345745456980938e-01,1.711558276450463878e-01,-2.135304029498039380e-01,4.161091547024492243e+00,0.000000000000000000e+00
3.500000000000000333e-02,3.348318131997360392e-03,1.831755932306183277e-01,1.700145902503132911e-01,-2.426831124049103339e-01,4.012454909248243773e+00,0.000000000000000000e+00
4.000000000000000083e-02,4.320409082954628291e-03,2.055121326411821214e-01,1.687317566656851564e-01,-2.701795389541276626e-01,3.867545177203283835e+00,0.000000000000000000e+00
4.499999999999999833e-02,5.401973739855862357e-03,2.269691831193225706e-01,1.673154503809131111e-01,-2.960824652920801547e-01,3.726277382408878847e+00,0.000000000000000000e+00
5.000000000000000278e-02,6.588675704150847440e-03,2.475710518540266691e-01,1.657734866846455879e-01,-3.204524078947769139e-01,3.588569702144528417e+00,0.000000000000000000e+00
5.500000000000000028e-02,7.876298469623670140e-03,2.673413935022284638e-01,1.641133837205579482e-01,-3.433477258329265536e-01,3.454343196580587527e+00,0.000000000000000000e+00
5.999999999999999778e-02,9.260742231536779959e-03,2.863032385437738192e-01,1.623423730167243839e-01,-3.648247227160718031e-01,3.323521566560758256e+00,0.000000000000000000e+00
6.500000000000000222e-02,1.073802083216099899e-02,3.044790195031347735e-01,1.604674095217505925e-01,-3.849377421006261457e-01,3.196030931324013835e+00,0.000000000000000000e+00
7.000000000000000666e-02,1.230425883236047242e-02,3.218905951720622549e-01,1.584951811794938492e-01,-4.037392567044930658e-01,3.071799625350238205e+00,0.000000000000000000e+00
7.499999999999999722e-02,1.395568869957232103e-02,3.385592729670002243e-01,1.564321180724713711e-01,-4.212799517750073219e-01,2.950758013438395277e+00,0.000000000000000000e+00
8.000000000000000167e-02,1.568864810318573028e-02,3.545058295532203529e-01,1.542844011623236145e-01,-4.376088029565093351e-01,2.832838323073703091e+00,0.000000000000000000e+00
8.500000000000000611e-02,1.749957730897781435e-02,3.697505298645778482e-01,1.520579706539762765e-01,-4.527731489998174097e-01,2.717974493107297551e+00,0.000000000000000000e+00
8.999999999999999667e-02,1.938501666489848146e-02,3.843131446438025622e-01,1.497585340084498784e-01,-4.668187596489355995e-01,2.606102037754621126e+00,0.000000000000000000e+00
9.500000000000000111e-02,2.134160417110957803e-02,3.982129666235366683e-01,1.473915736276110999e-01,-4.797898990311351697e-01,2.497157924914812366e+00,0.000000000000000000e+00
1.000000000000000056e-01,2.336607312777176301e-02,4.114688254630971542e-01,1.449623542325562120e-01,-4.917293848655853727e-01,2.391080467820115629e+00,0.000000000000000000e+00
1.049999999999999961e-01,2.545524985463354720e-02,4.240991015503271511e-01,1.424759299557712688e-01,-5.026786437934142038e-01,2.287809229039908132e+00,0.000000000000000000e+00
1.100000000000000006e-01,2.760605147700915390e-02,4.361217387720305871e-01,1.399371511657322986e-01,-5.126777631188035311e-01,2.187284935886668169e+00,0.000000000000000000e+00
1.150000000000000050e-01,2.981548377323435875e-02,4.475542563504669724e-01,1.373506710411950826e-01,-5.217655392367691602e-01,2.089449406299634493e+00,0.000000000000000000e+00
1.199999999999999956e-01,3.208063907916160890e-02,4.584137598373018152e-01,1.347209519110821874e-01,-5.299795230088869546e-01,1.994245484314860484e+00,0.000000000000000000e+00
1.250000000000000000e-01,3.439869424569753226e-02,4.687169513503370855e-01,1.320522713746044852e-01,-5.373560623336136599e-01,1.901616984266806476e+00,0.000000000000000000e+00
1.300000000000000044e-01,3.676690864579755524e-02,4.784801391323434405e-01,1.293487282150583284e-01,-5.439303421431864738e-01,1.811508642905633071e+00,0.000000000000000000e+00
1.350000000000000089e-01,3.918262222771410480e-02,4.877192465054289161e-01,1.266142481196158021e-01,-5.497364220445074556e-01,1.723866078655309941e+00,0.000000000000000000e+00
1.400000000000000133e-01,4.164325361164771672e-02,4.964498202886490352e-01,1.238525892163747227e-01,-5.548072718070540255e-01,1.638635757279756522e+00,0.000000000000000000e+00
1.449999999999999900e-01,4.414629822727489383e-02,5.046870387410199443e-01,1.210673474389548643e-01,-5.591748048867942744e-01,1.555764963267050494e+00,0.000000000000000000e+00
1.499999999999999944e-01,4.668932648992406287e-02,5.124457190867627299e-01,1.182619617280167013e-01,-5.628699101614069722e-01,1.475201776284797095e+00,0.000000000000000000e+00
1.549999999999999989e-01,4.926998201344205686e-02,5.197403246745070371e-01,1.154397190782354143e-01,-5.659224820388785160e-01,1.396895052102539392e+00,0.000000000000000000e+00
1.600000000000000033e-01,5.188597985804015850e-02,5.265849718173214455e-01,1.126037594384848295e-01,-5.683614490888146964e-01,1.320794407419481509e+00,0.000000000000000000e+00
1.650000000000000078e-01,5.453510481163133250e-02,5.329934363558350707e-01,1.097570804722697996e-01,-5.702148013336104659e-01,1.246850208077264544e+00,0.000000000000000000e+00
1.700000000000000122e-01,5.721520970337064249e-02,5.389791599823680057e-01,1.069025421847892704e-01,-5.715096163249908656e-01,1.175013560178015837e+00,0.000000000000000000e+00
1.750000000000000167e-01,5.992421374829014907e-02,5.445552563599065365e-01,1.040428714224125861e-01,-5.722720841203886577e-01,1.105236303667149755e+00,0.000000000000000000e+00
1.799999999999999933e-01,6.266010092207907611e-02,5.497345170659362346e-01,1.011806662498055259e-01,-5.725275312631795677e-01,1.037471007978199466e+00,0.000000000000000000e+00
1.849999999999999978e-01,6.542091836520110004e-02,5.545294173875873200e-01,9.831840020944727920e-02,-5.723004438609493594e-01,9.716709693732559217e-01,0.000000000000000000e+00
1.900000000000000022e-01,6.820477481566454558e-02,5.589521219912407801e-01,9.545842646783232743e-02,-5.716144898467296898e-01,9.077902096472736382e-01,0.000000000000000000e+00
1.950000000000000067e-01,7.100983906986918504e-02,5.630144904866919431e-01,9.260298185224802303e-02,-5.704925404994997118e-01,8.457834758974343004e-01,0.000000000000000000e+00
2.000000000000000111e-01,7.383433847104685366e-02,5.667280829031570155e-01,8.975419078165768061e-02,-5.689566912922021658e-01,7.856062410899626869e-01,0.000000000000000000e+00
2.050000000000000155e-01,7.667655742489283555e-02,5.701041650918345915e-01,8.691406909489678145e-02,-5.670282821280545615e-01,7.272147051861996836e-01,0.000000000000000000e+00
2.099999999999999922e-01,7.953483594205267015e-02,5.731537140673856889e-01,8.408452777910323250e-02,-5.647279170190299125e-01,6.705657966173257378e-01,0.000000000000000000e+00
2.149999999999999967e-01,8.240756820718539433e-02,5.758874232985663477e-01,8.126737660104958738e-02,-5.620754832540255652e-01,6.156171739229372442e-01,0.000000000000000000e+00
2.200000000000000011e-01,8.529320117437044768e-02,5.783157079563208125e-01,7.846432764382219038e-02,-5.590901700984024503e-01,5.623272273926880338e-01,0.000000000000000000e+00
2.250000000000000056e-01,8.819023318866282823e-02,5.804487101259161452e-01,7.567699875109748509e-02,-5.557904870612531134e-01,5.106550805724663356e-01,0.000000000000000000e+00
2.300000000000000100e-01,9.109721263362977051e-02,5.822963039881543512e-01,7.290691688109596225e-02,-5.521942817619081012e-01,4.605605915171300246e-01,0.000000000000000000e+00
2.350000000000000144e-01,9.401273660472407590e-02,5.838681009733299732e-01,7.015552137214824124e-02,-5.483187574228041150e-01,4.120043536906874415e-01,0.000000000000000000e+00
2.399999999999999911e-01,9.693544960836442126e-02,5.851734548903920752e-01,6.742416712168181059e-02,-5.441804900118808463e-01,3.649476964321016759e-01,0.000000000000000000e+00
2.449999999999999956e-01,9.986404228660268612e-02,5.862214670327150490e-01,6.471412768033041329e-02,-5.397954450541282423e-01,3.193526849205881035e-01,0.000000000000000000e+00
2.500000000000000000e-01,1.027972501672627936e-01,5.870209912609689606e-01,6.202659826277792665e-02,-5.351789941287423691e-01,2.751821195885377769e-01,0.000000000000000000e+00
2.550000000000000044e-01,1.057338524394361712e-01,5.875806390627936748e-01,5.936269867687347934e-02,-5.303459310655408432e-01,2.323995349430290069e-01,0.000000000000000000e+00
2.600000000000000089e-01,1.086726707542157722e-01,5.879087845883170793e-01,5.672347617249255680e-02,-5.253104878518202181e-01,1.909691977683709574e-01,0.000000000000000000e+00
2.650000000000000133e-01,1.116125680505441753e-01,5.880135696600023998e-01,5.410990821156853869e-02,-5.200863502586711151e-01,1.508561046923766469e-01,0.000000000000000000e+00
2.700000000000000178e-01,1.145524474060427983e-01,5.879029087548546251e-01,5.152290516067878356e-02,-5.146866731938909423e-01,1.120259791081195111e-01,0.000000000000000000e+00
2.750000000000000222e-01,1.174912509126781607e-01,5.875844939566500225e-01,4.896331290753783844e-02,-5.091240957870165618e-01,7.444526745086355035e-02,0.000000000000000000e+00
2.800000000000000266e-01,1.204279585771089733e-01,5.870657998755699492e-01,4.643191540272632173e-02,-5.034107562106244771e-01,3.808113483680131139e-02,0.000000000000000000e+00
2.850000000000000311e-01,1.233615872455441076e-01,5.863540885324123320e-01,4.392943712796615330e-02,-4.975583062408855950e-01,2.901460076169648516e-03,0.000000000000000000e+00
2.899999999999999800e-01,1.262911895529267858e-01,5.854564142044064168e-01,4.145654549224050966e-02,-4.915779255594033281e-01,-3.112516992154779061e-02,0.000000000000000000e+00
2.949999999999999845e-01,1.292158528962455699e-01,5.843796282295736777e-01,3.901385315704864604e-02,-4.854803357975807643e-01,-6.402946632840444963e-02,0.000000000000000000e+00
2.999999999999999889e-01,1.321346984317570694e-01,5.831303837665399170e-01,3.660192029208111930e-02,-4.792758143241405699e-01,-9.584144513922909780e-02,0.000000000000000000e+00
3.049999999999999933e-01,1.350468800958899152e-01,5.817151405067142456e-01,3.422125676259917676e-02,-4.729742077759430119e-01,-1.265904344449735319e-01,0.000000000000000000e+00
3.099999999999999978e-01,1.379515836495840975e-01,5.801401693357969291e-01,3.187232424980217249e-02,-4.665849453318935969e-01,-1.563050822075249258e-01,0.000000000000000000e+00
3.150000000000000022e-01,1.408480257458051277e-01,5.784115569416607983e-01,2.955553830546863228e-02,-4.601170517294912998e-01,-1.850133645036371455e-01,0.000000000000000000e+00
3.200000000000000067e-01,1.437354530199575209e-01,5.765352103657567229e-01,2.727127034215916929e-02,-4.535791600234245213e-01,-2.127425942044376406e-01,0.000000000000000000e+00
3.250000000000000111e-01,1.466131412029084147e-01,5.745168614953273245e-01,2.501984956027268267e-02,-4.469795240855611307e-01,-2.395194300561440670e-01,0.000000000000000000e+00
3.300000000000000155e-01,1.494803942563188992e-01,5.723620714938624232e-01,2.280156481325045295e-02,-4.403260308456929395e-01,-2.653698861272593135e-01,0.000000000000000000e+00
3.350000000000000200e-01,1.523365435299681991e-01,5.700762351673952510e-01,2.061666641222583904e-02,-4.336262122724683921e-01,-2.903193415874532057e-01,0.000000000000000000e+00
3.400000000000000244e-01,1.551809469407443021e-01,5.676645852644155443e-01,1.846536787141978692e-02,-4.268872570940723810e-01,-3.143925507835660937e-01,0.000000000000000000e+00
3.450000000000000289e-01,1.580129881729638031e-01,5.651321967073614783e-01,1.634784759558417788e-02,-4.201160222583806836e-01,-3.376136535786824489e-01,0.000000000000000000e+00
3.500000000000000333e-01,1.608320758996744093e-01,5.624839907538421446e-01,1.426425051079591513e-02,-4.133190441325169107e-01,-3.600061859209282566e-01,0.000000000000000000e+00
3.549999999999999822e-01,1.636376430245842784e-01,5.597247390859377836e-01,1.221468963990444273e-02,-4.065025494419701180e-01,-3.815930906095537090e-01,0.000000000000000000e+00
3.599999999999999867e-01,1.664291459442550913e-01,5.568590678261197136e-01,1.019924762393398070e-02,-3.996724659496777021e-01,-4.023967282269031998e-01,0.000000000000000000e+00
3.649999999999999911e-01,1.692060638301884634e-01,5.538914614785258594e-01,8.217978190739100644e-03,-3.928344328757426007e-01,-4.224388882060687855e-01,0.000000000000000000e+00
3.699999999999999956e-01,1.719678979304299360e-01,5.508262667945211799e-01,6.270907572208218352e-03,-3.859938110587246562e-01,-4.417408000052918116e-01,0.000000000000000000e+00
3.750000000000000000e-01,1.747141708903096335e-01,5.476676965616577020e-01,4.358035871304231576e-03,-3.791556928597222820e-01,-4.603231443615312113e-01,0.000000000000000000e+00
3.800000000000000044e-01,1.774444260919345873e-01,5.444198333153350555e-01,2.479338380224706088e-03,-3.723249118107382905e-01,-4.782060645970367396e-01,0.000000000000000000e+00
3.850000000000000089e-01,1.801582270120452023e-01,5.410866329726370383e-01,6.347668509559050657e-04,-3.655060520090962495e-01,-4.954091779541986984e-01,0.000000000000000000e+00
3.900000000000000133e-01,1.828551565978453197e-01,5.376719283879902722e-01,-1.175749280514577517e-03,-3.587034572599434590e-01,-5.119515869354345217e-01,0.000000000000000000e+00
3.950000000000000178e-01,1.855348166604149363e-01,5.341794328304551032e-01,-2.952301715072646986e-03,-3.519212399691361570e-01,-5.278518906263398591e-01,0.000000000000000000e+00
4.000000000000000222e-01,1.881968272853131452e-01,5.306127433826116624e-01,-4.695002155198171358e-03,-3.451632897890519747e-01,-5.431281959817944038e-01,0.000000000000000000e+00
4.050000000000000266e-01,1.908408262599798899e-01,5.269753442611516681e-01,-6.403981212302575256e-03,-3.384332820201138570e-01,-5.577981290562001870e-01,0.000000000000000000e+00
4.100000000000000311e-01,1.934664685175452592e-01,5.232706100594243237e-01,-8.079387355469558676e-03,-3.317346857710333774e-01,-5.718788461604278339e-01,0.000000000000000000e+00
4.150000000000000355e-01,1.960734255966573025e-01,5.195018089123134564e-01,-9.721385900400491067e-03,-3.250707718809933700e-01,-5.853870449294678036e-01,0.000000000000000000e+00
4.199999999999999845e-01,1.986613851169409251e-01,5.156721055839427192e-01,-1.133015803738265069e-02,-3.184446206071845364e-01,-5.983389752861520972e-01,0.000000000000000000e+00
4.249999999999999889e-01,2.012300502697037807e-01,5.117845644788190373e-01,-1.290589989711597718e-02,-3.118591290812917083e-01,-6.107504502875935604e-01,0.000000000000000000e+00
4.299999999999999933e-01,2.037791393235078019e-01,5.078421525771259493e-01,-1.444882165325244404e-02,-3.053170185386905322e-01,-6.226368568423092942e-01,0.000000000000000000e+00
4.349999999999999978e-01,2.063083851442293337e-01,5.038477422949730888e-01,-1.595914666052129435e-02,-2.988208413242634531e-01,-6.340131662871681950e-01,0.000000000000000000e+00
4.400000000000000022e-01,2.088175347292346995e-01,4.998041142704943707e-01,-1.743711062733331249e-02,-2.923729876788779825e-01,-6.448939448144965780e-01,0.000000000000000000e+00
4.450000000000000067e-01,2.113063487553029085e-01,4.957139600767661025e-01,-1.888296082177777502e-02,-2.859756923106872573e-01,-6.552933637407636347e-01,0.000000000000000000e+00
4.500000000000000111e-01,2.137746011399321577e-01,4.915798848625848594e-01,-2.029695530994683750e-02,-2.796310407555157584e-01,-6.652252096093369538e-01,0.000000000000000000e+00
4.550000000000000155e-01,2.162220786156720531e-01,4.874044099222085702e-01,-2.167936222554359485e-02,-2.733409755306800970e-01,-6.747028941207735553e-01,0.000000000000000000e+00
4.600000000000000200e-01,2.186485803171295816e-01,4.831899751952200561e-01,-2.303045906975204407e-02,-2.671073020866688297e-01,-6.837394638850692319e-01,0.000000000000000000e+00
4.650000000000000244e-01,2.210539173803020008e-01,4.789389416977197222e-01,-2.435053204036941726e-02,-2.609316945611633853e-01,-6.923476099911524129e-01,0.000000000000000000e+00
4.700000000000000289e-01,2.234379125538966393e-01,4.746535938860969028e-01,-2.563987538922390605e-02,-2.548157013399292570e-01,-7.005396773897349938e-01,0.000000000000000000e+00
4.750000000000000333e-01,2.258003998223038489e-01,4.703361419546644440e-01,-2.689879080692350599e-02,-2.487607504291396432e-01,-7.083276740864133947e-01,0.000000000000000000e+00
4.799999999999999822e-01,2.281412240398952296e-01,4.659887240684722487e-01,-2.812758683400461840e-02,-2.427681546437155946e-01,-7.157232801426091084e-01,0.000000000000000000e+00
4.849999999999999867e-01,2.304602405763269413e-01,4.616134085326381586e-01,-2.932657829757195911e-02,-2.368391166162764350e-01,-7.227378564826216767e-01,0.000000000000000000e+00
4.899999999999999911e-01,2.327573149725336021e-01,4.572121958995555846e-01,-3.049608577254431588e-02,-2.309747336312944765e-01,-7.293824535056581126e-01,0.000000000000000000e+00
4.949999999999999956e-01,2.350323226071058258e-01,4.527870210153507324e-01,-3.163643506664365335e-02,-2.251760022890378909e-01,-7.356678195022854361e-01,0.000000000000000000e+00
5.000000000000000000e-01,2.372851483727510813e-01,4.483397550069727067e-01,-3.274795672828789000e-02,-2.194438230038657234e-01,-7.416044088752624663e-01,0.000000000000000000e+00
5.050000000000000044e-01,2.395156863625444443e-01,4.438722072113052142e-01,-3.383098557657052835e-02,-2.137790043414118657e-01,-7.472023901651781985e-01,0.000000000000000000e+00
5.100000000000000089e-01,2.417238395656829131e-01,4.393861270476914771e-01,-3.488586025253277711e-02,-2.081822671991588325e-01,-7.524716538817606271e-01,0.000000000000000000e+00
5.150000000000000133e-01,2.439095195724636789e-01,4.348832058352617436e-01,-3.591292279095633505e-02,-2.026542488348593019e-01,-7.574218201421092367e-01,0.000000000000000000e+00
5.200000000000000178e-01,2.460726462882140142e-01,4.303650785564481218e-01,-3.691251821192708532e-02,-1.971955067472143386e-01,-7.620622461174537676e-01,0.000000000000000000e+00
5.250000000000000222e-01,2.482131476559070460e-01,4.258333255680648577e-01,-3.788499413144191114e-02,-1.918065224131618174e-01,-7.664020332903647148e-01,0.000000000000000000e+00
5.300000000000000266e-01,2.503309593872046768e-01,4.212894742613202959e-01,-3.883070039035244059e-02,-1.864877048860680286e-01,-7.704500345246181325e-01,0.000000000000000000e+00
5.350000000000000311e-01,2.524260247016757441e-01,4.167350006721154410e-01,-3.974998870096081716e-02,-1.812393942590500573e-01,-7.742148609501724454e-01,0.000000000000000000e+00
5.400000000000000355e-01,2.544982940739441979e-01,4.121713310429686028e-01,-4.064321231060361028e-02,-1.760618649975873862e-01,-7.777048886659398974e-01,0.000000000000000000e+00
5.450000000000000400e-01,2.565477249885286803e-01,4.075998433378889008e-01,-4.151072568158048481e-02,-1.709553291455073454e-01,-7.809282652632119071e-01,0.000000000000000000e+00
5.500000000000000444e-01,2.585742817021415285e-01,4.030218687115027509e-01,-4.235288418680466932e-02,-1.659199394083533674e-01,-7.838929161727972161e-01,0.000000000000000000e+00
5.550000000000000488e-01,2.605779350132219618e-01,3.984386929337175309e-01,-4.317004382057185868e-02,-1.609557921180651829e-01,-7.866065508390377436e-01,0.000000000000000000e+00
5.600000000000000533e-01,2.625586620384837144e-01,3.938515577711858562e-01,-4.396256092386387204e-02,-1.560629300828189625e-01,-7.890766687240183819e-01,0.000000000000000000e+00
5.650000000000000577e-01,2.645164459962648373e-01,3.892616623268100318e-01,-4.473079192362226092e-02,-1.512413453257918927e-01,-7.913105651453735678e-01,0.000000000000000000e+00
5.700000000000000622e-01,2.664512759964725030e-01,3.846701643385044278e-01,-4.547509308544572804e-02,-1.464909817165306882e-01,-7.933153369511743991e-01,0.000000000000000000e+00
5.750000000000000666e-01,2.683631468369224171e-01,3.800781814384077140e-01,-4.619582027918341105e-02,-1.418117374985174983e-01,-7.950978880354544476e-01,0.000000000000000000e+00
5.799999999999999600e-01,2.702520588058777151e-01,3.754867923737132407e-01,-4.689332875691380742e-02,-1.372034677164393479e-01,-7.966649346979662871e-01,0.000000000000000000e+00
5.849999999999999645e-01,2.721180174905986071e-01,3.708970381902593760e-01,-4.756797294281645688e-02,-1.326659865465801558e-01,-7.980230108518034937e-01,0.000000000000000000e+00
5.899999999999999689e-01,2.739610335917188610e-01,3.663099233799960164e-01,-4.822010623446032485e-02,-1.281990695336658048e-01,-7.991784730825478578e-01,0.000000000000000000e+00
5.949999999999999734e-01,2.757811227432720447e-01,3.617264169934172324e-01,-4.885008081504934457e-02,-1.238024557374054202e-01,-8.001375055625867816e-01,0.000000000000000000e+00
5.999999999999999778e-01,2.775783053381942200e-01,3.571474537180239772e-01,-4.945824747618147998e-02,-1.194758497918838869e-01,-8.009061248242765885e-01,0.000000000000000000e+00
6.049999999999999822e-01,2.793526063591363906e-01,3.525739349238529163e-01,-5.004495545069328338e-02,-1.152189238808733196e-01,-8.014901843955765104e-01,0.000000000000000000e+00
6.099999999999999867e-01,2.811040552144242199e-01,3.480067296770824048e-01,-5.061055225517707007e-02,-1.110313196320445728e-01,-8.018953793017941090e-01,0.000000000000000000e+00
6.149999999999999911e-01,2.828326855790080363e-01,3.434466757226992684e-01,-5.115538354177239649e-02,-1.069126499329736690e-01,-8.021272504370148271e-01,0.000000000000000000e+00
6.199999999999999956e-01,2.845385352402511336e-01,3.388945804371830683e-01,-5.167979295884798929e-02,-1.028625006717530932e-01,-8.021911888087848164e-01,0.000000000000000000e+00
6.250000000000000000e-01,2.862216459484079323e-01,3.343512217521397156e-01,-5.218412202020387969e-02,-9.888043240493379904e-02,-8.020924396595503492e-01,0.000000000000000000e+00
6.300000000000000044e-01,2.878820632716501127e-01,3.298173490497889326e-01,-5.266870998243713964e-02,-9.496598195544088405e-02,-8.018361064683158235e-01,0.000000000000000000e+00
6.350000000000000089e-01,2.895198364555012227e-01,3.252936840311847488e-01,-5.313389373012748079e-02,-9.111866394302423067e-02,-8.014271548359304109e-01,0.000000000000000000e+00
6.400000000000000133e-01,2.911350182865463654e-01,3.207809215580231799e-01,-5.358000766851159224e-02,-8.733797224972547624e-02,-8.008704162573506702e-01,0.000000000000000000e+00
6.450000000000000178e-01,2.927276649602863490e-01,3.162797304688656497e-01,-5.400738362332743042e-02,-8.362338142276358466e-02,-8.001705917841720472e-01,0.000000000000000000e+00
6.500000000000000222e-01,2.942978359530107890e-01,3.117907543705822904e-01,-5.441635074752129014e-02,-7.997434801716434005e-02,-7.993322555806432472e-01,0.000000000000000000e+00
6.550000000000000266e-01,2.958455938975682042e-01,3.073146124057954398e-01,-5.480723543452213631e-02,-7.639031188038337972e-02,-7.983598583763316103e-01,0.000000000000000000e+00
6.600000000000000311e-01,2.973710044629147564e-01,3.028518999970788439e-01,-5.518036123779852808e-02,-7.287069738109819284e-02,-7.972577308185158085e-01,0.000000000000000000e+00
6.650000000000000355e-01,2.988741362373273369e-01,2.984031895686461988e-01,-5.553604879642436154e-02,-6.941491458427272165e-02,-7.960300867273308878e-01,0.000000000000000000e+00
6.700000000000000400e-01,3.003550606151706437e-01,2.939690312462386879e-01,-5.587461576638986377e-02,-6.602236037452682837e-02,-7.946810262566066374e-01,0.000000000000000000e+00
6.750000000000000444e-01,3.018138516871102239e-01,2.895499535358996845e-01,-5.619637675740427746e-02,-6.269241952977490373e-02,-7.932145389632669907e-01,0.000000000000000000e+00
6.800000000000000488e-01,3.032505861336682318e-01,2.851464639823027558e-01,-5.650164327494640315e-02,-5.942446574702987122e-02,-7.916345067880961039e-01,0.000000000000000000e+00
6.850000000000000533e-01,3.046653431220211483e-01,2.807590498072775609e-01,-5.679072366732837440e-02,-5.621786262220429542e-02,-7.899447069505887153e-01,0.000000000000000000e+00
6.900000000000000577e-01,3.060582042059416530e-01,2.763881785291585347e-01,-5.706392307754716564e-02,-5.307196458567606245e-02,-7.881488147605408834e-01,0.000000000000000000e+00
6.950000000000000622e-01,3.074292532287907220e-01,2.720342985635600397e-01,-5.732154339970686741e-02,-4.998611779532455973e-02,-7.862504063489557105e-01,0.000000000000000000e+00
7.000000000000000666e-01,3.087785762294684155e-01,2.676978398061626852e-01,-5.756388323980328459e-02,-4.695966098868317035e-02,-7.842529613207642747e-01,0.000000000000000000e+00
7.049999999999999600e-01,3.101062613512347022e-01,2.633792141980763057e-01,-5.779123788067040690e-02,-4.399192629579539576e-02,-7.821598653318032612e-01,0.000000000000000000e+00
7.099999999999999645e-01,3.114123987533148341e-01,2.590788162743267731e-01,-5.800389925089609322e-02,-4.108224001430541700e-02,-7.799744125923997462e-01,0.000000000000000000e+00
7.149999999999999689e-01,3.126970805252058394e-01,2.547970236959953838e-01,-5.820215589752190943e-02,-3.822992334825891375e-02,-7.776998082998572981e-01,0.000000000000000000e+00
7.199999999999999734e-01,3.139604006036042505e-01,2.505341977665228592e-01,-5.838629296234922050e-02,-3.543429311203668414e-02,-7.753391710020619554e-01,0.000000000000000000e+00
7.249999999999999778e-01,3.152024546918764103e-01,2.462906839326722275e-01,-5.855659216168062481e-02,-3.269466240079210717e-02,-7.728955348943600256e-01,0.000000000000000000e+00
7.299999999999999822e-01,3.164233401819965819e-01,2.420668122706290948e-01,-5.871333176933261899e-02,-3.001034122871342261e-02,-7.703718520517892632e-01,0.000000000000000000e+00
7.349999999999999867e-01,3.176231560788790320e-01,2.378628979577018521e-01,-5.885678660276177920e-02,-2.738063713638354268e-02,-7.677709945986836981e-01,0.000000000000000000e+00
7.399999999999999911e-01,3.188020029270339784e-01,2.336792417300687652e-01,-5.898722801215307981e-02,-2.480485576846328671e-02,-7.650957568176047774e-01,0.000000000000000000e+00
7.449999999999999956e-01,3.199599827394777884e-01,2.295161303270040476e-01,-5.910492387232486877e-02,-2.228230142287868434e-02,-7.623488571994869734e-01,0.000000000000000000e+00
7.500000000000000000e-01,3.210971989288318729e-01,2.253738369220008864e-01,-5.921013857731095148e-02,-1.981227757264931305e-02,-7.595329404368307280e-01,0.000000000000000000e+00
7.550000000000000044e-01,3.222137562405449351e-01,2.212526215411950714e-01,-5.930313303748566828e-02,-1.739408736145232198e-02,-7.566505793617066544e-01,0.000000000000000000e+00
7.600000000000000089e-01,3.233097606881765174e-01,2.171527314694799426e-01,-5.938416467910338087e-02,-1.502703407397601790e-02,-7.537042768302850693e-01,0.000000000000000000e+00
7.650000000000000133e-01,3.243853194906811122e-01,2.130744016446895761e-01,-5.945348744612877906e-02,-1.271042158207745347e-02,-7.506964675555392041e-01,0.000000000000000000e+00
7.700000000000000178e-01,3.254405410116343322e-01,2.090178550402155555e-01,-5.951135180423956089e-02,-1.044355476772044870e-02,-7.476295198897249250e-01,0.000000000000000000e+00
7.750000000000000222e-01,3.264755347003435171e-01,2.049833030364096031e-01,-5.955800474688770912e-02,-8.225739923633719128e-03,-7.445057375581783932e-01,0.000000000000000000e+00
7.800000000000000266e-01,3.274904110347885977e-01,2.009709457811132138e-01,-5.959368980331022220e-02,-6.056285132593373574e-03,-7.413273613459212541e-01,0.000000000000000000e+00
7.850000000000000311e-01,3.284852814663387077e-01,1.969809725396439726e-01,-5.961864704838468199e-02,-3.934500626199940489e-03,-7.380965707385180874e-01,0.000000000000000000e+00
7.900000000000000355e-01,3.294602583661930817e-01,1.930135620345570791e-01,-5.963311311422917621e-02,-1.859699123987049608e-03,-7.348154855185782264e-01,0.000000000000000000e+00
7.950000000000000400e-01,3.304154549734961144e-01,1.890688827754905266e-01,-5.963732120345026366e-02,1.688038463327936993e-04,-7.314861673192408764e-01,0.000000000000000000e+00
8.000000000000000444e-01,3.313509853450771203e-01,1.851470933793916696e-01,-5.963150110394664638e-02,2.151689646710510263e-03,-7.281106211359489322e-01,0.000000000000000000e+00
8.050000000000000488e-01,3.322669643067680534e-01,1.812483428814136155e-01,-5.961587920517996686e-02,4.089636243945513755e-03,-7.246907967977618270e-01,0.000000000000000000e+00
8.100000000000000533e-01,3.331635074062528346e-01,1.773727710367600796e-01,-5.959067851582782599e-02,5.983317941496640348e-03,-7.212285903994182235e-01,0.000000000000000000e+00
8.150000000000000577e-01,3.340407308674038789e-01,1.735205086137482366e-01,-5.955611868273760767e-02,7.833405127229338058e-03,-7.177258456953204968e-01,0.000000000000000000e+00
8.200000000000000622e-01,3.348987515460624120e-01,1.696916776783504999e-01,-5.951241601110313778e-02,9.640564036435993883e-03,-7.141843554565675545e-01,0.000000000000000000e+00
8.250000000000000666e-01,3.357376868872210540e-01,1.658863918704675533e-01,-5.945978348578936923e-02,1.140545652949153874e-02,-7.106058627921278958e-01,0.000000000000000000e+00
8.300000000000000711e-01,3.365576548835670923e-01,1.621047566721766919e-01,-5.939843079373349766e-02,1.312873988353094670e-02,-7.069920624352050709e-01,0.000000000000000000e+00
8.349999999999999645e-01,3.373587740353479192e-01,1.583468696681917809e-01,-5.932856434735386819e-02,1.481106659755878838e-02,-7.033446019958176088e-01,0.000000000000000000e+00
8.399999999999999689e-01,3.381411633115194992e-01,1.546128207987634284e-01,-5.925038730890092725e-02,1.645308421042362620e-02,-6.996650831805664161e-01,0.000000000000000000e+00
8.449999999999999734e-01,3.389049421121408945e-01,1.509026926052408624e-01,-5.916409961568731141e-02,1.805543513111179318e-02,-6.959550629805490995e-01,0.000000000000000000e+00
8.499999999999999778e-01,3.396502302319789890e-01,1.472165604685095330e-01,-5.906989800613672570e-02,1.961875648083613241e-02,-6.922160548283287085e-01,0.000000000000000000e+00
8.549999999999999822e-01,3.403771478252875515e-01,1.435544928405119436e-01,-5.896797604659397007e-02,2.114367994641539600e-02,-6.884495297248502954e-01,0.000000000000000000e+00
8.599999999999999867e-01,3.410858153717274965e-01,1.399165514690527412e-01,-5.885852415884085947e-02,2.263083164445944123e-02,-6.846569173371543915e-01,0.000000000000000000e+00
8.649999999999999911e-01,3.417763536433944815e-01,1.363027916160822750e-01,-5.874172964826515630e-02,2.408083199589404824e-02,-6.808396070677205092e-01,0.000000000000000000e+00
8.699999999999999956e-01,3.424488836729220886e-01,1.327132622696473307e-01,-5.861777673263200011e-02,2.549429561037715175e-02,-6.769989490962322609e-01,0.000000000000000000e+00
8.750000000000000000e-01,3.431035267226294483e-01,1.291480063496914243e-01,-5.848684657140938714e-02,2.687183118017554689e-02,-6.731362553945441363e-01,0.000000000000000000e+00
8.800000000000000044e-01,3.437404042546826077e-01,1.256070609078815403e-01,-5.834911729560152832e-02,2.821404138308775816e-02,-6.692528007155922332e-01,0.000000000000000000e+00
8.850000000000000089e-01,3.443596379022406673e-01,1.220904573216325950e-01,-5.820476403804576704e-02,2.952152279401483448e-02,-6.653498235569704766e-01,0.000000000000000000e+00
8.900000000000000133e-01,3.449613494415577630e-01,1.185982214824958664e-01,-5.805395896413085427e-02,3.079486580479607813e-02,-6.614285270998743194e-01,0.000000000000000000e+00
8.950000000000000178e-01,3.455456607650134182e-01,1.151303739790721786e-01,-5.789687130289614125e-02,3.203465455194166867e-02,-6.574900801240817216e-01,0.000000000000000000e+00
9.000000000000000222e-01,3.461126938550437848e-01,1.116869302746061193e-01,-5.773366737847310248e-02,3.324146685190824957e-02,-6.535356178996322152e-01,0.000000000000000000e+00
9.050000000000000266e-01,3.466625707589480743e-01,1.082679008794123904e-01,-5.756451064183234351e-02,3.441587414357735047e-02,-6.495662430558269973e-01,0.000000000000000000e+00
9.100000000000000311e-01,3.471954135645445860e-01,1.048732915182811892e-01,-5.738956170280089253e-02,3.555844143760958365e-02,-6.455830264281718911e-01,0.000000000000000000e+00
9.150000000000000355e-01,3.477113443766513545e-01,1.015031032930048815e-01,-5.720897836231617767e-02,3.666972727236031404e-02,-6.415870078838451507e-01,0.000000000000000000e+00
9.200000000000000400e-01,3.482104852943675444e-01,9.815733284016397997e-02,-5.702291564488468079e-02,3.775028367605458290e-02,-6.375791971262736446e-01,0.000000000000000000e+00
9.250000000000000444e-01,3.486929583891322793e-01,9.483597248430641891e-02,-5.683152583121462570e-02,3.880065613493094423e-02,-6.335605744793639804e-01,0.000000000000000000e+00
9.300000000000000488e-01,3.491588856835380339e-01,9.153901038665004930e-02,-5.663495849099368235e-02,3.982138356707493748e-02,-6.295320916519342447e-01,0.000000000000000000e+00
9.350000000000000533e-01,3.496083891308766622e-01,8.826643068943450243e-02,-5.643336051578376478e-02,4.081299830167395976e-02,-6.254946724828601701e-01,0.000000000000000000e+00
9.400000000000000577e-01,3.500415905953965234e-01,8.501821365604467218e-02,-5.622687615200659683e-02,4.177602606343559788e-02,-6.214492136674472089e-01,0.000000000000000000e+00
9.450000000000000622e-01,3.504586118332500000e-01,8.179433580702485940e-02,-5.601564703399476014e-02,4.271098596192159091e-02,-6.173965854655136809e-01,0.000000000000000000e+00
9.500000000000000666e-01,3.508595744741109246e-01,7.859477005209875022e-02,-5.579981221708431305e-02,4.361839048555919002e-02,-6.133376323916633899e-01,0.000000000000000000e+00
9.550000000000000711e-01,3.512446000034424864e-01,7.541948581830726361e-02,-5.557950821072610292e-02,4.449874550010103624e-02,-6.092731738882039005e-01,0.000000000000000000e+00
9.599999999999999645e-01,3.516138097453961886e-01,7.226844917437302840e-02,-5.535486901159414330e-02,4.535255025131354478e-02,-6.052040049811613365e-01,0.000000000000000000e+00
9.649999999999999689e-01,3.519673248463235371e-01,6.914162295139719694e-02,-5.512602613667041268e-02,4.618029737168241611e-02,-6.011308969198211338e-01,0.000000000000000000e+00
9.699999999999999734e-01,3.523052662588823103e-01,6.603896685999099958e-02,-5.489310865628650726e-02,4.698247289093215179e-02,-5.970545978002197440e-01,0.000000000000000000e+00
9.749999999999999778e-01,3.526277547267195889e-01,6.296043760394190447e-02,-5.465624322710357225e-02,4.775955625016445327e-02,-5.929758331729898524e-01,0.000000000000000000e+00
9.799999999999999822e-01,3.529349107697147825e-01,5.990598899051110399e-02,-5.441555412501287992e-02,4.851202031942793147e-02,-5.888953066359610133e-01,0.000000000000000000e+00
9.849999999999999867e-01,3.532268546697658884e-01,5.687557203745644691e-02,-5.417116327794036651e-02,4.924033141853909057e-02,-5.848137004118971749e-01,0.000000000000000000e+00
9.899999999999999911e-01,3.535037064571030507e-01,5.386913507687222935e-02,-5.392319029853927248e-02,4.994494934098148153e-02,-5.807316759117450156e-01,0.000000000000000000e+00
9.949999999999999956e-01,3.537655858971130995e-01,5.088662385593471782e-02,-5.367175251675599529e-02,5.062632738071681099e-02,-5.766498742837593561e-01,0.000000000000000000e+00
1.000000000000000000e+00,3.540126124776607486e-01,4.792798163463976580e-02,-5.341696501225486754e-02,5.128491236174841095e-02,-5.725689169488552555e-01,0.000000000000000000e+00
1.005000000000000115e+00,3.542449053968907968e-01,4.499314928061647761e-02,-5.315894064668862107e-02,5.192114467028374064e-02,-5.684894061225322925e-01,0.000000000000000000e+00
1.010000000000000009e+00,3.544625835514975676e-01,4.208206536109854873e-02,-5.289779009580181102e-02,5.253545828934862161e-02,-5.644119253237034339e-01,0.000000000000000000e+00
1.015000000000000124e+00,3.546657655254469299e-01,3.919466623213262169e-02,-5.263362188135534137e-02,5.312828083571194404e-02,-5.603370398707552269e-01,0.000000000000000000e+00
1.020000000000000018e+00,3.548545695791378018e-01,3.633088612510079057e-02,-5.236654240286089945e-02,5.370003359898505024e-02,-5.562652973651505128e-01,0.000000000000000000e+00
1.024999999999999911e+00,3.550291136389897018e-01,3.349065723063236050e-02,-5.209665596911468299e-02,5.425113158276548969e-02,-5.521972281628872992e-01,0.000000000000000000e+00
1.030000000000000027e+00,3.551895152874434691e-01,3.067390977997772050e-02,-5.182406482952060800e-02,5.478198354770010686e-02,-5.481333458341066667e-01,0.000000000000000000e+00
1.034999999999999920e+00,3.553358917533626093e-01,2.788057212391537379e-02,-5.154886920519363008e-02,5.529299205634745362e-02,-5.440741476111442543e-01,0.000000000000000000e+00
1.040000000000000036e+00,3.554683599028232721e-01,2.511057080926109436e-02,-5.127116731983447778e-02,5.578455351972427118e-02,-5.400201148253078731e-01,0.000000000000000000e+00
1.044999999999999929e+00,3.555870362302807619e-01,2.236383065304636472e-02,-5.099105543036772104e-02,5.625705824542558825e-02,-5.359717133326553640e-01,0.000000000000000000e+00
1.050000000000000044e+00,3.556920368501013674e-01,1.964027481443139656e-02,-5.070862785733548650e-02,5.671089048721240228e-02,-5.319293939290449247e-01,0.000000000000000000e+00
1.054999999999999938e+00,3.557834774884481854e-01,1.693982486441624954e-02,-5.042397701503979063e-02,5.714642849596528185e-02,-5.278935927547147022e-01,0.000000000000000000e+00
1.060000000000000053e+00,3.558614734755100595e-01,1.426240085341187736e-02,-5.013719344142689854e-02,5.756404457190630874e-02,-5.238647316886517746e-01,0.000000000000000000e+00
1.064999999999999947e+00,3.559261397380633629e-01,1.160792137673118986e-02,-4.984836582770760249e-02,5.796410511799596210e-02,-5.198432187329936616e-01,0.000000000000000000e+00
1.070000000000000062e+00,3.559775907923559135e-01,8.976303638058678522e-03,-4.955758104770775080e-02,5.834697069441523859e-02,-5.158294483877106096e-01,0.000000000000000000e+00
1.074999999999999956e+00,3.560159407373033602e-01,6.367463510955495218e-03,-4.926492418694384395e-02,5.871299607404716070e-02,-5.118238020157965806e-01,0.000000000000000000e+00
1.080000000000000071e+00,3.560413032479884943e-01,3.781315598455393251e-03,-4.897047857141888921e-02,5.906253029887535005e-02,-5.078266481992093073e-01,0.000000000000000000e+00
1.084999999999999964e+00,3.560537915694534927e-01,1.217773290805408085e-03,-4.867432579613414217e-02,5.939591673722080523e-02,-5.038383430857722445e-01,0.000000000000000000e+00
1.090000000000000080e+00,3.560535185107768230e-01,-1.323251178596264194e-03,-4.837654575331272466e-02,5.971349314174143746e-02,-4.998592307272661794e-01,0.000000000000000000e+00
1.094999999999999973e+00,3.560405964394249834e-01,-3.841846679014146448e-03,-4.807721666033148294e-02,6.001559170812195698e-02,-4.958896434089211103e-01,0.000000000000000000e+00
1.100000000000000089e+00,3.560151372758712518e-01,-6.338103129891480697e-03,-4.777641508735783887e-02,6.030253913438500535e-02,-4.919299019705135056e-01,0.000000000000000000e+00
1.104999999999999982e+00,3.559772524884723954e-01,-8.812111450019984027e-03,-4.747421598468862247e-02,6.057465668075724674e-02,-4.879803161192767802e-01,0.000000000000000000e+00
1.110000000000000098e+00,3.559270530885957906e-01,-1.126396350831634398e-02,-4.717069270978838103e-02,6.083226023002710064e-02,-4.840411847348180530e-01,0.000000000000000000e+00
1.114999999999999991e+00,3.558646496259885161e-01,-1.369375207615966712e-02,-4.686591705402474300e-02,6.107566034833347007e-02,-4.801127961662407517e-01,0.000000000000000000e+00
1.120000000000000107e+00,3.557901521843810921e-01,-1.610157078124533833e-02,-4.655995926909891475e-02,6.130516234632760186e-02,-4.761954285216545291e-01,0.000000000000000000e+00
1.125000000000000000e+00,3.557036703773180375e-01,-1.848751406291192917e-02,-4.625288809316954047e-02,6.152106634065272750e-02,-4.722893499502622272e-01,0.000000000000000000e+00
1.130000000000000115e+00,3.556053133442085290e-01,-2.085167712889896691e-02,-4.594477077666847542e-02,6.172366731568851989e-02,-4.683948189172007504e-01,0.000000000000000000e+00
1.135000000000000009e+00,3.554951897465894461e-01,-2.319415591349449635e-02,-4.563567310780729941e-02,6.191325518550998969e-02,-4.645120844713132024e-01,0.000000000000000000e+00
1.140000000000000124e+00,3.553734077645945844e-01,-2.551504703703246293e-02,-4.532565943777357165e-02,6.209011485601254737e-02,-4.606413865060185464e-01,0.000000000000000000e+00
1.145000000000000018e+00,3.552400750936228757e-01,-2.781444776670104202e-02,-4.501479270561616758e-02,6.225452628715721914e-02,-4.567829560134556433e-01,0.000000000000000000e+00
1.150000000000000133e+00,3.550952989411993443e-01,-3.009245597862404004e-02,-4.470313446281916347e-02,6.240676455529227395e-02,-4.529370153320538828e-01,0.000000000000000000e+00
1.155000000000000027e+00,3.549391860240228014e-01,-3.234917012117857066e-02,-4.439074489756401204e-02,6.254709991550932990e-02,-4.491037783876972167e-01,0.000000000000000000e+00
1.159999999999999920e+00,3.547718425651936736e-01,-3.458468917951310062e-02,-4.407768285867994656e-02,6.267579786399422870e-02,-4.452834509286345277e-01,0.000000000000000000e+00
1.165000000000000036e+00,3.545933742916164699e-01,-3.679911264123102849e-02,-4.376400587928271774e-02,6.279311920033467387e-02,-4.414762307542898778e-01,0.000000000000000000e+00
1.169999999999999929e+00,3.544038864315709469e-01,-3.899254046320584088e-02,-4.344977020010196145e-02,6.289932008974864763e-02,-4.376823079381175763e-01,0.000000000000000000e+00
1.175000000000000044e+00,3.542034837124462543e-01,-4.116507303949479279e-02,-4.313503079249771804e-02,6.299465212519915480e-02,-4.339018650446523906e-01,0.000000000000000000e+00
1.179999999999999938e+00,3.539922703586332875e-01,-4.331681117031898481e-02,-4.281984138116671362e-02,6.307936238936288909e-02,-4.301350773408914585e-01,0.000000000000000000e+00
1.185000000000000053e+00,3.537703500895690301e-01,-4.544785603207852909e-02,-4.250425446653922218e-02,6.315369351642163842e-02,-4.263821130021495098e-01,0.000000000000000000e+00
1.189999999999999947e+00,3.535378261179286108e-01,-4.755830914837242546e-02,-4.218832134686750779e-02,6.321788375364718882e-02,-4.226431333125208467e-01,0.000000000000000000e+00
1.195000000000000062e+00,3.532948011479596917e-01,-4.964827236199349098e-02,-4.187209214000687379e-02,6.327216702275181848e-02,-4.189182928600819200e-01,0.000000000000000000e+00
1.199999999999999956e+00,3.530413773739545236e-01,-5.171784780786950475e-02,-4.155561580489064433e-02,6.331677298097793116e-02,-4.152077397269601788e-01,0.000000000000000000e+00
1.205000000000000071e+00,3.527776564788551172e-01,-5.376713788692261825e-02,-4.123894016270035490e-02,6.335192708190191813e-02,-4.115116156743997555e-01,0.000000000000000000e+00
1.209999999999999964e+00,3.525037396329866457e-01,-5.579624524081967796e-02,-4.092211191773272722e-02,6.337785063592860091e-02,-4.078300563229403930e-01,0.000000000000000000e+00
1.215000000000000080e+00,3.522197274929149691e-01,-5.780527272758695378e-02,-4.060517667796498253e-02,6.339476087045378683e-02,-4.041631913278392885e-01,0.000000000000000000e+00
1.219999999999999973e+00,3.519257202004242857e-01,-5.979432339806350916e-02,-4.028817897532020048e-02,6.340287098967410662e-02,-4.005111445498434342e-01,0.000000000000000000e+00
1.225000000000000089e+00,3.516218173816099690e-01,-6.176350047316803149e-02,-3.997116228563456913e-02,6.340239023402405305e-02,-3.968740342214326366e-01,0.000000000000000000e+00
1.229999999999999982e+00,3.513081181460835367e-01,-6.371290732195473983e-02,-3.965416904832841372e-02,6.339352393922166595e-02,-3.932519731086464021e-01,0.000000000000000000e+00
1.235000000000000098e+00,3.509847210862852007e-01,-6.564264744043464550e-02,-3.933724068578300925e-02,6.337647359490519716e-02,-3.896450686685976605e-01,0.000000000000000000e+00
1.239999999999999991e+00,3.506517242769003895e-01,-6.755282443113898305e-02,-3.902041762242527273e-02,6.335143690284426865e-02,-3.860534232027897916e-01,0.000000000000000000e+00
1.245000000000000107e+00,3.503092252743768009e-01,-6.944354198340241258e-02,-3.870373930352250663e-02,6.331860783471014720e-02,-3.824771340063318759e-01,0.000000000000000000e+00
1.250000000000000000e+00,3.499573211165383224e-01,-7.131490385434414991e-02,-3.838724421368938655e-02,6.327817668939050844e-02,-3.789162935131599741e-01,0.000000000000000000e+00
1.255000000000000115e+00,3.495961083222919874e-01,-7.316701385052566675e-02,-3.807096989510957985e-02,6.323033014983532596e-02,-3.753709894373640221e-01,0.000000000000000000e+00
1.260000000000000009e+00,3.492256828914254707e-01,-7.499997581026444926e-02,-3.775495296547433377e-02,6.317525133942118731e-02,-3.718413049107157642e-01,0.000000000000000000e+00
1.265000000000000124e+00,3.488461403044911258e-01,-7.681389358658363697e-02,-3.743922913564042693e-02,6.311311987782242117e-02,-3.683273186164910951e-01,0.000000000000000000e+00
1.270000000000000018e+00,3.484575755227737881e-01,-7.860887103077798810e-02,-3.712383322701007932e-02,6.304411193637801669e-02,-3.648291049196857871e-01,0.000000000000000000e+00
1.275000000000000133e+00,3.480600829883391811e-01,-8.038501197657726971e-02,-3.680879918863526334e-02,6.296840029294452357e-02,-3.613467339937104783e-01,0.000000000000000000e+00
1.280000000000000027e+00,3.476537566241603150e-01,-8.214242022488850437e-02,-3.649416011404908039e-02,6.288615438622548182e-02,-3.578802719436537383e-01,0.000000000000000000e+00
1.284999999999999920e+00,3.472386898343183814e-01,-8.388119952909919852e-02,-3.617994825782679807e-02,6.279754036956894381e-02,-3.544297809262018095e-01,0.000000000000000000e+00
1.290000000000000036e+00,3.468149755042760352e-01,-8.560145358092413614e-02,-3.586619505187927520e-02,6.270272116422528907e-02,-3.509953192662995103e-01,0.000000000000000000e+00
1.294999999999999929e+00,3.463827060012200643e-01,-8.730328599677865398e-02,-3.555293112148143198e-02,6.260185651205826818e-02,-3.475769415706330134e-01,0.000000000000000000e+00
1.300000000000000044e+00,3.459419731744707849e-01,-8.898680030466207813e-02,-3.524018630103855493e-02,6.249510302770278081e-02,-3.441746988380173233e-01,0.000000000000000000e+00
1.304999999999999938e+00,3.454928683559560509e-01,-9.065209993153520995e-02,-3.492798964959321212e-02,6.238261425016369127e-02,-3.407886385667637241e-01,0.000000000000000000e+00
1.310000000000000053e+00,3.450354823607468258e-01,-9.229928819117631800e-02,-3.461636946607558191e-02,6.226454069385039397e-02,-3.374188048591117428e-01,0.000000000000000000e+00
1.314999999999999947e+00,3.445699054876526501e-01,-9.392846827250052322e-02,-3.430535330430003332e-02,6.214102989904261160e-02,-3.340652385227901311e-01,0.000000000000000000e+00
1.320000000000000062e+00,3.440962275198740650e-01,-9.553974322832790855e-02,-3.399496798771078909e-02,6.201222648178332519e-02,-3.307279771697895776e-01,0.000000000000000000e+00
1.324999999999999956e+00,3.436145377257103228e-01,-9.713321596458605878e-02,-3.368523962387959259e-02,6.187827218319542216e-02,-3.274070553124131533e-01,0.000000000000000000e+00
1.330000000000000071e+00,3.431249248593200574e-01,-9.870898922993318059e-02,-3.337619361875820978e-02,6.173930591821896047e-02,-3.241025044566777646e-01,0.000000000000000000e+00
1.334999999999999964e+00,3.426274771615325232e-01,-1.002671656057882860e-01,-3.306785469068872219e-02,6.159546382376666213e-02,-3.208143531931321735e-01,0.000000000000000000e+00
1.340000000000000080e+00,3.421222823607081298e-01,-1.018078474967554631e-01,-3.276024688417448344e-02,6.144687930629554040e-02,-3.175426272851604725e-01,0.000000000000000000e+00
1.344999999999999973e+00,3.416094276736454383e-01,-1.033311371214294255e-01,-3.245339358341469554e-02,6.129368308879313415e-02,-3.142873497548348549e-01,0.000000000000000000e+00
1.350000000000000089e+00,3.410889998065335660e-01,-1.048371365035700442e-01,-3.214731752560550521e-02,6.113600325717712808e-02,-3.110485409663826251e-01,0.000000000000000000e+00
1.354999999999999982e+00,3.405610849559476128e-01,-1.063259474636339408e-01,-3.184204081401058317e-02,6.097396530610774829e-02,-3.078262187073262934e-01,0.000000000000000000e+00
1.360000000000000098e+00,3.400257688098856645e-01,-1.077976716106513883e-01,-3.153758493080410091e-02,6.080769218421244043e-02,-3.046203982673619803e-01,0.000000000000000000e+00
1.364999999999999991e+00,3.394831365488455432e-01,-1.092524103344373609e-01,-3.123397074968905021e-02,6.063730433872296238e-02,-3.014310925150316400e-01,0.000000000000000000e+00
1.370000000000000107e+00,3.389332728469395817e-01,-1.106902647981256593e-01,-3.093121854829387202e-02,6.046291975952525211e-02,-2.982583119722483356e-01,0.000000000000000000e+00
1.375000000000000000e+00,3.383762618730461469e-01,-1.121113359310155488e-01,-3.062934802035026730e-02,6.028465402262277867e-02,-2.951020648867295759e-01,0.000000000000000000e+00
1.380000000000000115e+00,3.378121872919960800e-01,-1.135157244217205180e-01,-3.032837828765517357e-02,6.010262033301441709e-02,-2.919623573023965579e-01,0.000000000000000000e+00
1.385000000000000009e+00,3.372411322657924981e-01,-1.149035307116092197e-01,-3.002832791181981459e-02,5.991692956698822792e-02,-2.888391931277888292e-01,0.000000000000000000e+00
1.390000000000000124e+00,3.366631794548629597e-01,-1.162748549885287835e-01,-2.972921490580872697e-02,5.972769031383277916e-02,-2.857325742025501047e-01,0.000000000000000000e+00
1.395000000000000018e+00,3.360784110193422158e-01,-1.176297971808010628e-01,-2.943105674527169910e-02,5.953500891696790476e-02,-2.826425003620349208e-01,0.000000000000000000e+00
1.400000000000000133e+00,3.354869086203841611e-01,-1.189684569514827955e-01,-2.913387037967148444e-02,5.933898951449712716e-02,-2.795689695000858621e-01,0.000000000000000000e+00
1.405000000000000027e+00,3.348887534215020945e-01,-1.202909336928805334e-01,-2.883767224321020714e-02,5.913973407918416553e-02,-2.765119776300304921e-01,0.000000000000000000e+00
1.409999999999999920e+00,3.342840260899355709e-01,-1.215973265213120269e-01,-2.854247826555730838e-02,5.893734245785618719e-02,-2.734715189439445582e-01,0.000000000000000000e+00
1.415000000000000036e+00,3.336728067980430090e-01,-1.228877342721054616e-01,-2.824830388238192339e-02,5.873191241023671683e-02,-2.704475858702289348e-01,0.000000000000000000e+00
1.419999999999999929e+00,3.330551752247186692e-01,-1.241622554948285384e-01,-2.795516404569248214e-02,5.852353964721133950e-02,-2.674401691295441585e-01,0.000000000000000000e+00
1.425000000000000044e+00,3.324312105568328901e-01,-1.254209884487395843e-01,-2.766307323398642729e-02,5.831231786852943133e-02,-2.644492577891474072e-01,0.000000000000000000e+00
1.429999999999999938e+00,3.318009914906945301e-01,-1.266640310984529227e-01,-2.737204546221279691e-02,5.809833879994549810e-02,-2.614748393156756112e-01,0.000000000000000000e+00
1.435000000000000053e+00,3.311645962335347249e-01,-1.278914811098113002e-01,-2.708209429155051043e-02,5.788169222980376477e-02,-2.585168996264123886e-01,0.000000000000000000e+00
1.439999999999999947e+00,3.305221025050104067e-01,-1.291034358459580422e-01,-2.679323283900510860e-02,5.766246604506986007e-02,-2.555754231390876541e-01,0.000000000000000000e+00
1.445000000000000062e+00,3.298735875387274752e-01,-1.302999923636020407e-01,-2.650547378682672345e-02,5.744074626681359291e-02,-2.526503928202404325e-01,0.000000000000000000e+00
1.449999999999999956e+00,3.292191280837817868e-01,-1.314812474094688710e-01,-2.621882939175196672e-02,5.721661708514699796e-02,-2.497417902321905636e-01,0.000000000000000000e+00
1.455000000000000071e+00,3.285588004063175194e-01,-1.326472974169315422e-01,-2.593331149407251957e-02,5.699016089362191756e-02,-2.468495955786539908e-01,0.000000000000000000e+00
1.459999999999999964e+00,3.278926802911020788e-01,-1.337982385028143595e-01,-2.564893152653304267e-02,5.676145832309154038e-02,-2.439737877490393281e-01,0.000000000000000000e+00
1.465000000000000080e+00,3.272208430431165493e-01,-1.349341664643640692e-01,-2.536570052306113057e-02,5.653058827504044842e-02,-2.411143443614613968e-01,0.000000000000000000e+00
1.469999999999999973e+00,3.265433634891606318e-01,-1.360551767763821529e-01,-2.508362912733193284e-02,5.629762795438781470e-02,-2.382712418045076497e-01,0.000000000000000000e+00
1.475000000000000089e+00,3.258603159794718485e-01,-1.371613645885124688e-01,-2.480272760117005135e-02,5.606265290176849075e-02,-2.354444552777905098e-01,0.000000000000000000e+00
1.479999999999999982e+00,3.251717743893577928e-01,-1.382528247226788576e-01,-2.452300583279133986e-02,5.582573702529689680e-02,-2.326339588313190987e-01,0.000000000000000000e+00
1.485000000000000098e+00,3.244778121208407584e-01,-1.393296516706672150e-01,-2.424447334488717687e-02,5.558695263181859247e-02,-2.298397254037244930e-01,0.000000000000000000e+00
1.489999999999999991e+00,3.237785021043142475e-01,-1.403919395918467317e-01,-2.396713930255372355e-02,5.534637045765455898e-02,-2.270617268593679849e-01,0.000000000000000000e+00
1.495000000000000107e+00,3.230739168002104700e-01,-1.414397823110254138e-01,-2.369101252106874111e-02,5.510405969884334121e-02,-2.242999340243633788e-01,0.000000000000000000e+00
1.500000000000000000e+00,3.223641282006782238e-01,-1.424732733164347787e-01,-2.341610147351843099e-02,5.486008804088616381e-02,-2.215543167215459630e-01,0.000000000000000000e+00
1.505000000000000115e+00,3.216492078312705449e-01,-1.434925057578392282e-01,-2.314241429827678873e-02,5.461452168800028789e-02,-2.188248438044139710e-01,0.000000000000000000e+00
1.510000000000000009e+00,3.209292267526415166e-01,-1.444975724447652154e-01,-2.286995880633990036e-02,5.436742539188586798e-02,-2.161114831900737276e-01,0.000000000000000000e+00
1.515000000000000124e+00,3.202042555622516828e-01,-1.454885658448460684e-01,-2.259874248851761330e-02,5.411886248001166605e-02,-2.134142018912142946e-01,0.000000000000000000e+00
1.520000000000000018e+00,3.194743643960813451e-01,-1.464655780822778364e-01,-2.232877252248497910e-02,5.386889488342499338e-02,-2.107329660471403132e-01,0.000000000000000000e+00
1.525000000000000133e+00,3.187396229303515183e-01,-1.474287009363824397e-01,-2.206005577969580994e-02,5.361758316409129949e-02,-2.080677409538890799e-01,0.000000000000000000e+00
1.530000000000000027e+00,3.180001003832514939e-01,-1.483780258402735142e-01,-2.179259883216071170e-02,5.336498654176887596e-02,-2.054184910934555575e-01,0.000000000000000000e+00
1.535000000000000142e+00,3.172558655166731745e-01,-1.493136438796216769e-01,-2.152640795909188665e-02,5.311116292042414311e-02,-2.027851801621546324e-01,0.000000000000000000e+00
1.540000000000000036e+00,3.165069866379510710e-01,-1.502356457915149657e-01,-2.126148915341700626e-02,5.285616891419304963e-02,-2.001677710981401015e-01,0.000000000000000000e+00
1.544999999999999929e+00,3.157535316016079618e-01,-1.511441219634110378e-01,-2.099784812816439528e-02,5.260005987289408796e-02,-1.975662261081077564e-01,0.000000000000000000e+00
1.550000000000000044e+00,3.149955678111053814e-01,-1.520391624321775770e-01,-2.073549032272175782e-02,5.234288990709847628e-02,-1.949805066932037700e-01,0.000000000000000000e+00
1.554999999999999938e+00,3.142331622205988273e-01,-1.529208568832174653e-01,-2.047442090897064887e-02,5.208471191276311391e-02,-1.924105736741619777e-01,0.000000000000000000e+00
1.560000000000000053e+00,3.134663813366971863e-01,-1.537892946496754731e-01,-2.021464479729887312e-02,5.182557759543177101e-02,-1.898563872156912025e-01,0.000000000000000000e+00
1.564999999999999947e+00,3.126952912202257129e-01,-1.546445647117232203e-01,-1.995616664249292432e-02,5.156553749401020931e-02,-1.873179068501337197e-01,0.000000000000000000e+00
1.570000000000000062e+00,3.119199574879926162e-01,-1.554867556959194097e-01,-1.969899084951262300e-02,5.130464100412066714e-02,-1.847950915004183403e-01,0.000000000000000000e+00
1.574999999999999956e+00,3.111404453145585336e-01,-1.563159558746422262e-01,-1.944312157915000991e-02,5.104293640104141244e-02,-1.822878995023229365e-01,0.000000000000000000e+00
1.580000000000000071e+00,3.103568194340086683e-01,-1.571322531655912624e-01,-1.918856275357457009e-02,5.078047086223679007e-02,-1.797962886260724980e-01,0.000000000000000000e+00
1.584999999999999964e+00,3.095691441417274259e-01,-1.579357351313559477e-01,-1.893531806176683083e-02,5.051729048948342543e-02,-1.773202160972871533e-01,0.000000000000000000e+00
1.590000000000000080e+00,3.087774832961747151e-01,-1.587264889790479805e-01,-1.868339096484229744e-02,5.025344033059805232e-02,-1.748596386172999728e-01,0.000000000000000000e+00
1.594999999999999973e+00,3.079819003206643035e-01,-1.595046015599950462e-01,-1.843278470126776675e-02,4.998896440077251618e-02,-1.724145123828648152e-01,0.000000000000000000e+00
1.600000000000000089e+00,3.071824582051432828e-01,-1.602701593694934312e-01,-1.818350229197191956e-02,4.972390570352144129e-02,-1.699847931052694827e-01,0.000000000000000000e+00
1.604999999999999982e+00,3.063792195079728109e-01,-1.610232485466170371e-01,-1.793554654535212817e-02,4.945830625124807839e-02,-1.675704360288707839e-01,0.000000000000000000e+00
1.610000000000000098e+00,3.055722463577094095e-01,-1.617639548740804345e-01,-1.768892006217939045e-02,4.919220708543373816e-02,-1.651713959490726524e-01,0.000000000000000000e+00
1.614999999999999991e+00,3.047616004548872048e-01,-1.624923637781539865e-01,-1.744362524040323978e-02,4.892564829645631302e-02,-1.627876272297576477e-01,0.000000000000000000e+00
1.620000000000000107e+00,3.039473430738001136e-01,-1.632085603286283770e-01,-1.719966427985847313e-02,4.865866904304325113e-02,-1.604190838201915992e-01,0.000000000000000000e+00
1.625000000000000000e+00,3.031295350642843056e-01,-1.639126292388269068e-01,-1.695703918687552908e-02,4.839130757136436700e-02,-1.580657192714170489e-01,0.000000000000000000e+00
1.630000000000000115e+00,3.023082368535003894e-01,-1.646046548656633912e-01,-1.671575177879627838e-02,4.812360123376984572e-02,-1.557274867521469264e-01,0.000000000000000000e+00
1.635000000000000009e+00,3.014835084477152649e-01,-1.652847212097434959e-01,-1.647580368839700674e-02,4.785558650717878365e-02,-1.534043390641772753e-01,0.000000000000000000e+00
1.640000000000000124e+00,3.006554094340831984e-01,-1.659529119155080112e-01,-1.623719636822032117e-02,4.758729901112346283e-02,-1.510962286573303004e-01,0.000000000000000000e+00
1.645000000000000018e+00,2.998239989824263430e-01,-1.666093102714159835e-01,-1.599993109481767997e-02,4.731877352545472287e-02,-1.488031076439431666e-01,0.000000000000000000e+00
1.650000000000000133e+00,2.989893358470140927e-01,-1.672539992101659823e-01,-1.576400897290422889e-02,4.705004400771351653e-02,-1.465249278129142074e-01,0.000000000000000000e+00
1.655000000000000027e+00,2.981514783683411607e-01,-1.678870613089540054e-01,-1.552943093942761067e-02,4.678114361017390865e-02,-1.442616406433224197e-01,0.000000000000000000e+00
1.660000000000000142e+00,2.973104844749044351e-01,-1.685085787897661336e-01,-1.529619776755236638e-02,4.651210469656258395e-02,-1.420131973176296247e-01,0.000000000000000000e+00
1.665000000000000036e+00,2.964664116849782816e-01,-1.691186335197045754e-01,-1.506431007056153841e-02,4.624295885845998433e-02,-1.397795487344800081e-01,0.000000000000000000e+00
1.669999999999999929e+00,2.956193171083879578e-01,-1.697173070113455196e-01,-1.483376830567705029e-02,4.597373693138809975e-02,-1.375606455211081380e-01,0.000000000000000000e+00
1.675000000000000044e+00,2.947692574482814187e-01,-1.703046804231274081e-01,-1.460457277780042445e-02,4.570446901058990152e-02,-1.353564380453671778e-01,0.000000000000000000e+00
1.679999999999999938e+00,2.939162890028988451e-01,-1.708808345597680467e-01,-1.437672364317536464e-02,4.543518446650538639e-02,-1.331668764273893357e-01,0.000000000000000000e+00
1.685000000000000053e+00,2.930604676673402298e-01,-1.714458498727094715e-01,-1.415022091297369819e-02,4.516591195994914404e-02,-1.309919105508870474e-01,0.000000000000000000e+00
1.689999999999999947e+00,2.922018489353305770e-01,-1.719998064605890720e-01,-1.392506445680617537e-02,4.489667945699427065e-02,-1.288314900741100444e-01,0.000000000000000000e+00
1.695000000000000062e+00,2.913404879009827142e-01,-1.725427840697358606e-01,-1.370125400615956716e-02,4.462751424356748570e-02,-1.266855644404640824e-01,0.000000000000000000e+00
1.699999999999999956e+00,2.904764392605574952e-01,-1.730748620946906402e-01,-1.347878915776150668e-02,4.435844293976015651e-02,-1.245540828888047069e-01,0.000000000000000000e+00
1.705000000000000071e+00,2.896097573142213388e-01,-1.735961195787487643e-01,-1.325766937687446884e-02,4.408949151385999077e-02,-1.224369944634146612e-01,0.000000000000000000e+00
1.709999999999999964e+00,2.887404959678012695e-01,-1.741066352145247687e-01,-1.303789400052027779e-02,4.382068529610805979e-02,-1.203342480236730960e-01,0.000000000000000000e+00
1.715000000000000080e+00,2.878687087345366269e-01,-1.746064873445373478e-01,-1.281946224063652134e-02,4.355204899218572540e-02,-1.182457922534294603e-01,0.000000000000000000e+00
1.719999999999999973e+00,2.869944487368281671e-01,-1.750957539618140379e-01,-1.260237318716617670e-02,4.328360669643605690e-02,-1.161715756700877900e-01,0.000000000000000000e+00
1.725000000000000089e+00,2.861177687079838883e-01,-1.755745127105143855e-01,-1.238662581108179901e-02,4.301538190482426943e-02,-1.141115466334109985e-01,0.000000000000000000e+00
1.729999999999999982e+00,2.852387209939619694e-01,-1.760428408865706562e-01,-1.217221896734554075e-02,4.274739752764158268e-02,-1.120656533540544397e-01,0.000000000000000000e+00
1.735000000000000098e+00,2.843573575551099908e-01,-1.765008154383454486e-01,-1.195915139780629258e-02,4.247967590195696891e-02,-1.100338439018374026e-01,0.000000000000000000e+00
1.739999999999999991e+00,2.834737299679013223e-01,-1.769485129673049051e-01,-1.174742173403517907e-02,4.221223880382112686e-02,-1.080160662137576444e-01,0.000000000000000000e+00
1.745000000000000107e+00,2.825878894266677932e-01,-1.773860097287071613e-01,-1.153702850010064965e-02,4.194510746022693526e-02,-1.060122681017612867e-01,0.000000000000000000e+00
1.750000000000000000e+00,2.816998867453289757e-01,-1.778133816323047289e-01,-1.132797011528436683e-02,4.167830256083070867e-02,-1.040223972602714597e-01,0.000000000000000000e+00
1.755000000000000115e+00,2.808097723591179706e-01,-1.782307042430605337e-01,-1.112024489673907150e-02,4.141184426943840535e-02,-1.020464012734854653e-01,0.000000000000000000e+00
1.760000000000000009e+00,2.799175963263035305e-01,-1.786380527818764719e-01,-1.091385106208960822e-02,4.114575223526094339e-02,-1.000842276224470639e-01,0.000000000000000000e+00
1.765000000000000124e+00,2.790234083299085177e-01,-1.790355021263340951e-01,-1.070878673197823115e-02,4.088004560394269127e-02,-9.813582369190090859e-02,0.000000000000000000e+00
1.770000000000000018e+00,2.781272576794245888e-01,-1.794231268114464262e-01,-1.050504993255533051e-02,4.061474302836722006e-02,-9.620113677693487020e-02,0.000000000000000000e+00
1.775000000000000133e+00,2.772291933125232144e-01,-1.798010010304204875e-01,-1.030263859791667909e-02,4.034986267924427911e-02,-9.428011408941847082e-02,0.000000000000000000e+00
1.780000000000000027e+00,2.763292637967627030e-01,-1.801691986354299058e-01,-1.010155057248828502e-02,4.008542225548186039e-02,-9.237270276424247584e-02,0.000000000000000000e+00
1.785000000000000142e+00,2.754275173312915048e-01,-1.805277931383968415e-01,-9.901783613359907074e-03,3.982143899434734818e-02,-9.047884986536636198e-02,0.000000000000000000e+00
1.790000000000000036e+00,2.745240017485473527e-01,-1.808768577117828291e-01,-9.703335392568289072e-03,3.955792968142150118e-02,-8.859850239167987862e-02,0.000000000000000000e+00
1.794999999999999929e+00,2.736187645159527393e-01,-1.812164651893879153e-01,-9.506203499331131526e-03,3.929491066034902086e-02,-8.673160728268322628e-02,0.000000000000000000e+00
1.800000000000000044e+00,2.727118527376060642e-01,-1.815466880671575134e-01,-9.310385442232813752e-03,3.903239784238950183e-02,-8.487811142399359632e-02,0.000000000000000000e+00
1.804999999999999938e+00,2.718033131559690063e-01,-1.818675985039966692e-01,-9.115878651362848209e-03,3.877040671577236530e-02,-8.303796165268159668e-02,0.000000000000000000e+00
1.810000000000000053e+00,2.708931921535496223e-01,-1.821792683225909315e-01,-8.922680480408050688e-03,3.850895235485941176e-02,-8.121110476244386422e-02,0.000000000000000000e+00
1.814999999999999947e+00,2.699815357545812811e-01,-1.824817690102337187e-01,-8.730788208699361355e-03,3.824804942911855937e-02,-7.939748750861708171e-02,0.000000000000000000e+00
1.820000000000000062e+00,2.690683896266977126e-01,-1.827751717196595682e-01,-8.540199043214269023e-03,3.798771221191227926e-02,-7.759705661303747948e-02,0.000000000000000000e+00
1.824999999999999956e+00,2.681537990826035611e-01,-1.830595472698827442e-01,-8.350910120535744163e-03,3.772795458910416927e-02,-7.580975876875198360e-02,0.000000000000000000e+00
1.830000000000000071e+00,2.672378090817409402e-01,-1.833349661470411174e-01,-8.162918508768594872e-03,3.746879006748708024e-02,-7.403554064458522932e-02,0.000000000000000000e+00
1.834999999999999964e+00,2.663204642319518256e-01,-1.836014985052446258e-01,-7.976221209414107935e-03,3.721023178303618784e-02,-7.227434888956496550e-02,0.000000000000000000e+00
1.840000000000000080e+00,2.654018087911357848e-01,-1.838592141674280922e-01,-7.790815159203869252e-03,3.695229250899024348e-02,-7.052613013721523161e-02,0.000000000000000000e+00
1.844999999999999973e+00,2.644818866689039316e-01,-1.841081826262080945e-01,-7.606697231893592807e-03,3.669498466376431428e-02,-6.879083100971558618e-02,0.000000000000000000e+00
1.850000000000000089e+00,2.635607414282282734e-01,-1.843484730447434439e-01,-7.423864240017801278e-03,3.643832031869722460e-02,-6.706839812193551853e-02,0.000000000000000000e+00
1.854999999999999982e+00,2.626384162870868955e-01,-1.845801542575990772e-01,-7.242312936606179648e-03,3.618231120563680098e-02,-6.535877808534454325e-02,0.000000000000000000e+00
1.860000000000000098e+00,2.617149541201047591e-01,-1.848032947716129748e-01,-7.062040016862395492e-03,3.592696872436607070e-02,-6.366191751180427794e-02,0.000000000000000000e+00
1.864999999999999991e+00,2.607903974601900599e-01,-1.850179627667657978e-01,-6.883042119806185612e-03,3.567230394987347397e-02,-6.197776301724533532e-02,0.000000000000000000e+00
1.870000000000000107e+00,2.598647885001665325e-01,-1.852242260970531629e-01,-6.705315829879473187e-03,3.541832763947005275e-02,-6.030626122523213839e-02,0.000000000000000000e+00
1.875000000000000000e+00,2.589381690944009828e-01,-1.854221522913600539e-01,-6.528857678517272639e-03,3.516505023975665528e-02,-5.864735877042062673e-02,0.000000000000000000e+00
1.880000000000000115e+00,2.580105807604267665e-01,-1.856118085543373153e-01,-6.353664145684131612e-03,3.491248189344396680e-02,-5.700100230191118555e-02,0.000000000000000000e+00
1.885000000000000009e+00,2.570820646805627163e-01,-1.857932617672798659e-01,-6.179731661376832580e-03,3.466063244602835686e-02,-5.536713848650046121e-02,0.000000000000000000e+00
1.890000000000000124e+00,2.561526617035277953e-01,-1.859665784890064677e-01,-6.007056607094068794e-03,3.440951145232621494e-02,-5.374571401183547703e-02,0.000000000000000000e+00
1.895000000000000018e+00,2.552224123460512528e-01,-1.861318249567408822e-01,-5.835635317273799721e-03,3.415912818286972324e-02,-5.213667558947268632e-02,0.000000000000000000e+00
1.900000000000000133e+00,2.542913567944782849e-01,-1.862890670869941923e-01,-5.665464080698964268e-03,3.390949163016659940e-02,-5.053996995784651447e-02,0.000000000000000000e+00
1.905000000000000027e+00,2.533595349063715307e-01,-1.864383704764480398e-01,-5.496539141872233518e-03,3.366061051482668876e-02,-4.895554388514758437e-02,0.000000000000000000e+00
1.910000000000000142e+00,2.524269862121079067e-01,-1.865798004028387524e-01,-5.328856702360456124e-03,3.341249329155785569e-02,-4.738334417211670369e-02,0.000000000000000000e+00
1.915000000000000036e+00,2.514937499164712209e-01,-1.867134218258419409e-01,-5.162412922109445128e-03,3.316514815503393554e-02,-4.582331765475494700e-02,0.000000000000000000e+00
1.919999999999999929e+00,2.505598649002402367e-01,-1.868392993879577635e-01,-4.997203920729740255e-03,3.291858304563715504e-02,-4.427541120695330235e-02,0.000000000000000000e+00
1.925000000000000044e+00,2.496253697217721834e-01,-1.869574974153963842e-01,-4.833225778753965848e-03,3.267280565507764412e-02,-4.273957174304554574e-02,0.000000000000000000e+00
1.929999999999999938e+00,2.486903026185822430e-01,-1.870680799189636534e-01,-4.670474538866396796e-03,3.242782343189239830e-02,-4.121574622028459367e-02,0.000000000000000000e+00
1.935000000000000053e+00,2.477547015089181792e-01,-1.871711105949468712e-01,-4.508946207105319660e-03,3.218364358682620358e-02,-3.970388164124707964e-02,0.000000000000000000e+00
1.939999999999999947e+00,2.468186039933307763e-01,-1.872666528260004681e-01,-4.348636754038784878e-03,3.194027309809681359e-02,-3.820392505616718171e-02,0.000000000000000000e+00
1.945000000000000062e+00,2.458820473562397801e-01,-1.873547696820315467e-01,-4.189542115914317300e-03,3.169771871654681467e-02,-3.671582356520244894e-02,0.000000000000000000e+00
1.949999999999999956e+00,2.449450685674954553e-01,-1.874355239210850621e-01,-4.031658195783140164e-03,3.145598697068437838e-02,-3.523952432063312545e-02,0.000000000000000000e+00
1.955000000000000071e+00,2.440077042839356170e-01,-1.875089779902287535e-01,-3.874980864599475872e-03,3.121508417161523302e-02,-3.377497452899913544e-02,0.000000000000000000e+00
1.959999999999999964e+00,2.430699908509383611e-01,-1.875751940264374085e-01,-3.719505962295449608e-03,3.097501641786800861e-02,-3.232212145317356344e-02,0.000000000000000000e+00
1.965000000000000080e+00,2.421319643039702707e-01,-1.876342338574767676e-01,-3.565229298832129235e-03,3.073578960011517577e-02,-3.088091241437826429e-02,0.000000000000000000e+00
1.969999999999999973e+00,2.411936603701303472e-01,-1.876861590027866511e-01,-3.412146655227217985e-03,3.049740940579170195e-02,-2.945129479413993723e-02,0.000000000000000000e+00
1.975000000000000089e+00,2.402551144696893071e-01,-1.877310306743634472e-01,-3.260253784559903004e-03,3.025988132361352376e-02,-2.803321603619260416e-02,0.000000000000000000e+00
1.979999999999999982e+00,2.393163617176246871e-01,-1.877689097776417126e-01,-3.109546412953361535e-03,3.002321064799788608e-02,-2.662662364832354966e-02,0.000000000000000000e+00
1.985000000000000098e+00,2.383774369251513980e-01,-1.877998569123750794e-01,-2.960020240535401765e-03,2.978740248338758445e-02,-2.523146520416935656e-02,0.000000000000000000e+00
1.989999999999999991e+00,2.374383746012479757e-01,-1.878239323735160782e-01,-2.811670942377722353e-03,2.955246174848110211e-02,-2.384768834495976098e-02,0.000000000000000000e+00
1.995000000000000107e+00,2.364992089541783638e-01,-1.878411961520951023e-01,-2.664494169414250747e-03,2.931839318037057079e-02,-2.247524078121337920e-02,0.000000000000000000e+00
2.000000000000000000e+00,2.355599738930092835e-01,-1.878517079360983721e-01,-2.518485549339018279e-03,2.908520133858949822e-02,-2.111407029438625016e-02,0.000000000000000000e+00
2.004999999999999893e+00,2.346207030291233842e-01,-1.878555271113447611e-01,-2.373640687484018710e-03,2.885289060907211822e-02,-1.976412473847397044e-02,0.000000000000000000e+00
2.010000000000000231e+00,2.336814296777277589e-01,-1.878527127623615955e-01,-2.229955167677486957e-03,2.862146520802621649e-02,-1.842535204157055850e-02,0.000000000000000000e+00
2.015000000000000124e+00,2.327421868593582965e-01,-1.878433236732592604e-01,-2.087424553083025176e-03,2.839092918572124272e-02,-1.709770020738327068e-02,0.000000000000000000e+00
2.020000000000000018e+00,2.318030073013795378e-01,-1.878274183286046950e-01,-1.946044387019998587e-03,2.816128643019349953e-02,-1.578111731670767126e-02,0.000000000000000000e+00
2.024999999999999911e+00,2.308639234394802564e-01,-1.878050549142936121e-01,-1.805810193765606999e-03,2.793254067087011169e-02,-1.447555152886093044e-02,0.000000000000000000e+00
2.030000000000000249e+00,2.299249674191645720e-01,-1.877762913184216065e-01,-1.666717479339036847e-03,2.770469548211352759e-02,-1.318095108307773544e-02,0.000000000000000000e+00
2.035000000000000142e+00,2.289861710972388442e-01,-1.877411851321538483e-01,-1.528761732268086020e-03,2.747775428668822531e-02,-1.189726429986762146e-02,0.000000000000000000e+00
2.040000000000000036e+00,2.280475660432941254e-01,-1.876997936505937492e-01,-1.391938424338645718e-03,2.725172035915122970e-02,-1.062443958233727503e-02,0.000000000000000000e+00
2.044999999999999929e+00,2.271091835411842841e-01,-1.876521738736500189e-01,-1.256243011327416855e-03,2.702659682916810913e-02,-9.362425417476449852e-03,0.000000000000000000e+00
2.049999999999999822e+00,2.261710545904998260e-01,-1.875983825069027777e-01,-1.121670933718230080e-03,2.680238668475600633e-02,-8.111170377411131005e-03,0.000000000000000000e+00
2.055000000000000160e+00,2.252332099080373851e-01,-1.875384759624680597e-01,-9.882176174023293500e-04,2.657909277545524723e-02,-6.870623120622948443e-03,0.000000000000000000e+00
2.060000000000000053e+00,2.242956799292648851e-01,-1.874725103598611775e-01,-8.558784743629725342e-04,2.635671781543108202e-02,-5.640732393137309897e-03,0.000000000000000000e+00
2.064999999999999947e+00,2.233584948097823430e-01,-1.874005415268586994e-01,-7.246489033446956414e-04,2.613526438650702610e-02,-4.421447029680752872e-03,0.000000000000000000e+00
2.069999999999999840e+00,2.224216844267784821e-01,-1.873226250003590942e-01,-5.945242905075777667e-04,2.591473494113128578e-02,-3.212715954808598173e-03,0.000000000000000000e+00
2.075000000000000178e+00,2.214852783804829306e-01,-1.872388160272420166e-01,-4.655000100668380816e-04,2.569513180527767393e-02,-2.014488184003127014e-03,0.000000000000000000e+00
2.080000000000000071e+00,2.205493059956141477e-01,-1.871491695652263421e-01,-3.375714249180896982e-04,2.547645718128247264e-02,-8.267128247453348067e-04,0.000000000000000000e+00
2.084999999999999964e+00,2.196137963228231849e-01,-1.870537402837267604e-01,-2.107338872485656363e-04,2.525871315061857178e-02,3.506609224419310333e-04,0.000000000000000000e+00
2.089999999999999858e+00,2.186787781401329234e-01,-1.869525825647090911e-01,-8.498273913462884850e-05,2.504190167660827818e-02,1.517683762975702289e-03,0.000000000000000000e+00
2.095000000000000195e+00,2.177442799543732876e-01,-1.868457505035443500e-01,3.968668687413177661e-05,2.482602460707608594e-02,2.674406307220267287e-03,0.000000000000000000e+00
2.100000000000000089e+00,2.168103300026120728e-01,-1.867332979098613177e-01,1.632790671839215186e-04,2.461108367694275767e-02,3.820879069519500515e-03,0.000000000000000000e+00
2.104999999999999982e+00,2.158769562535814979e-01,-1.866152783083979416e-01,2.857990865985865839e-04,2.439708051076193082e-02,4.957152467252257111e-03,0.000000000000000000e+00
2.109999999999999876e+00,2.149441864091005405e-01,-1.864917449398513782e-01,4.072514377740025083e-04,2.418401662520053980e-02,6.083276819910526934e-03,0.000000000000000000e+00
2.115000000000000213e+00,2.140120479054930525e-01,-1.863627507617267587e-01,5.276408206847270008e-04,2.397189343146427856e-02,7.199302348200875556e-03,0.000000000000000000e+00
2.120000000000000107e+00,2.130805679150015175e-01,-1.862283484491846219e-01,6.469719421026453362e-04,2.376071223766927643e-02,8.305279173166119078e-03,0.000000000000000000e+00
2.125000000000000000e+00,2.121497733471967850e-01,-1.860885903958871823e-01,7.652495150873414500e-04,2.355047425116118739e-02,9.401257315328676034e-03,0.000000000000000000e+00
2.129999999999999893e+00,2.112196908503833348e-01,-1.859435287148432092e-01,8.824782584879362589e-04,2.334118058078283112e-02,1.048728669385379231e-02,0.000000000000000000e+00
2.135000000000000231e+00,2.102903468130004894e-01,-1.857932152392517133e-01,9.986628964561376082e-04,2.313283223909152336e-02,1.156341712573255576e-02,0.000000000000000000e+00
2.140000000000000124e+00,2.093617673650193522e-01,-1.856377015233444394e-01,1.113808157970252533e-03,2.292543014452719588e-02,1.262969832498345157e-02,0.000000000000000000e+00
2.145000000000000018e+00,2.084339783793355272e-01,-1.854770388432271655e-01,1.227918776369921411e-03,2.271897512353238460e-02,1.368617990187256939e-02,0.000000000000000000e+00
2.149999999999999911e+00,2.075070054731576463e-01,-1.853112781977196144e-01,1.340999488901331799e-03,2.251346791262516175e-02,1.473291136215199026e-02,0.000000000000000000e+00
2.155000000000000249e+00,2.065808740093917351e-01,-1.851404703091944770e-01,1.453055036272682529e-03,2.230890916042603533e-02,1.576994210631449400e-02,0.000000000000000000e+00
2.160000000000000142e+00,2.056556090980212748e-01,-1.849646656244149923e-01,1.564090162219669306e-03,2.210529942963984293e-02,1.679732142886600221e-02,0.000000000000000000e+00
2.165000000000000036e+00,2.047312355974832687e-01,-1.847839143153715280e-01,1.674109613080768891e-03,2.190263919899363559e-02,1.781509851761373109e-02,0.000000000000000000e+00
2.169999999999999929e+00,2.038077781160399504e-01,-1.845982662801170515e-01,1.783118137382105461e-03,2.170092886513152672e-02,1.882332245297022033e-02,0.000000000000000000e+00
2.175000000000000266e+00,2.028852610131463563e-01,-1.844077711436014066e-01,1.891120485431684690e-03,2.150016874446745649e-02,1.982204220727259991e-02,0.000000000000000000e+00
2.180000000000000160e+00,2.019637084008138461e-01,-1.842124782585044807e-01,1.998121408922789565e-03,2.130035907499682954e-02,2.081130664411710851e-02,0.000000000000000000e+00
2.185000000000000053e+00,2.010431441449692658e-01,-1.840124367060683996e-01,2.104125660546331700e-03,2.110150001806790007e-02,2.179116451770723994e-02,0.000000000000000000e+00
2.189999999999999947e+00,2.001235918668101688e-01,-1.838076952969286415e-01,2.209137993611963446e-03,2.090359166011386549e-02,2.276166447221646127e-02,0.000000000000000000e+00
2.194999999999999840e+00,1.992050749441556801e-01,-1.835983025719440109e-01,2.313163161677751507e-03,2.070663401434647694e-02,2.372285504116466992e-02,0.000000000000000000e+00
2.200000000000000178e+00,1.982876165127933632e-01,-1.833843068030256984e-01,2.416205918188225367e-03,2.051062702241208263e-02,2.467478464680741834e-02,0.000000000000000000e+00
2.205000000000000071e+00,1.973712394678218685e-01,-1.831657559939653401e-01,2.518271016120613402e-03,2.031557055601091941e-02,2.561750159953800343e-02,0.000000000000000000e+00
2.209999999999999964e+00,1.964559664649894455e-01,-1.829426978812620785e-01,2.619363207639086467e-03,2.012146441848047806e-02,2.655105409730242061e-02,0.000000000000000000e+00
2.214999999999999858e+00,1.955418199220283759e-01,-1.827151799349485961e-01,2.719487243756828557e-03,1.992830834634376144e-02,2.747549022502587812e-02,0.000000000000000000e+00
2.220000000000000195e+00,1.946288220199852148e-01,-1.824832493594163163e-01,2.818647874005763675e-03,1.973610201082321575e-02,2.839085795405192625e-02,0.000000000000000000e+00
2.225000000000000089e+00,1.937169947045469520e-01,-1.822469530942397165e-01,2.916849846113767162e-03,1.954484501932110541e-02,2.929720514159203648e-02,0.000000000000000000e+00
2.229999999999999982e+00,1.928063596873630381e-01,-1.820063378149995303e-01,3.014097905689197988e-03,1.935453691686710859e-02,3.019457953018726826e-02,0.000000000000000000e+00
2.234999999999999876e+00,1.918969384473632744e-01,-1.817614499341053125e-01,3.110396795912587654e-03,1.916517718753383073e-02,3.108302874718024689e-02,0.000000000000000000e+00
2.240000000000000213e+00,1.909887522320716513e-01,-1.815123356016170308e-01,3.205751257235328264e-03,1.897676525582103063e-02,3.196260030419793841e-02,0.000000000000000000e+00
2.245000000000000107e+00,1.900818220589159946e-01,-1.812590407060657438e-01,3.300166027085204949e-03,1.878930048800918004e-02,3.283334159664477725e-02,0.000000000000000000e+00
2.250000000000000000e+00,1.891761687165336159e-01,-1.810016108752736386e-01,3.393645839578619990e-03,1.860278219348314097e-02,3.369529990320579982e-02,0.000000000000000000e+00
2.254999999999999893e+00,1.882718127660727714e-01,-1.807400914771731260e-01,3.486195425239364647e-03,1.841720962602656428e-02,3.454852238535946474e-02,0.000000000000000000e+00
2.260000000000000231e+00,1.873687745424900686e-01,-1.804745276206251581e-01,3.577819510723787358e-03,1.823258198508771744e-02,3.539305608690002103e-02,0.000000000000000000e+00
2.265000000000000124e+00,1.864670741558438205e-01,-1.802049641562367965e-01,3.668522818552224715e-03,1.804889841701739356e-02,3.622894793346993769e-02,0.000000000000000000e+00
2.270000000000000018e+00,1.855667314925831812e-01,-1.799314456771781146e-01,3.758310066846551247e-03,1.786615801627949515e-02,3.705624473209991054e-02,0.000000000000000000e+00
2.274999999999999911e+00,1.846677662168333678e-01,-1.796540165199982386e-01,3.847185969073715732e-03,1.768435982663496900e-02,3.787499317075927741e-02,0.000000000000000000e+00
2.280000000000000249e+00,1.837701977716767188e-01,-1.793727207654406963e-01,3.935155233795131768e-03,1.750350284229966469e-02,3.868523981791438526e-02,0.000000000000000000e+00
2.285000000000000142e+00,1.828740453804296728e-01,-1.790876022392581535e-01,4.022222564421792934e-03,1.732358600907672394e-02,3.948703112209557553e-02,0.000000000000000000e+00
2.290000000000000036e+00,1.819793280479156672e-01,-1.787987045130263741e-01,4.108392658974990667e-03,1.714460822546407665e-02,4.028041341147195475e-02,0.000000000000000000e+00
2.294999999999999929e+00,1.810860645617340392e-01,-1.785060709049575978e-01,4.193670209852503467e-03,1.696656834373762995e-02,4.106543289343558834e-02,0.000000000000000000e+00
2.300000000000000266e+00,1.801942734935247370e-01,-1.782097444807131670e-01,4.278059903600147686e-03,1.678946517101067779e-02,4.184213565419200864e-02,0.000000000000000000e+00
2.305000000000000160e+00,1.793039732002291164e-01,-1.779097680542156001e-01,4.361566420688561124e-03,1.661329747027011014e-02,4.261056765835968818e-02,0.000000000000000000e+00
2.310000000000000053e+00,1.784151818253465749e-01,-1.776061841884600812e-01,4.444194435295117061e-03,1.643806396138993223e-02,4.337077474857632675e-02,0.000000000000000000e+00
2.314999999999999947e+00,1.775279173001871602e-01,-1.772990351963251998e-01,4.525948615090847303e-03,1.626376332212261036e-02,4.412280264511322936e-02,0.000000000000000000e+00
2.319999999999999840e+00,1.766421973451201277e-01,-1.769883631413831926e-01,4.606833621032265826e-03,1.609039418906877544e-02,4.486669694549683118e-02,0.000000000000000000e+00
2.325000000000000178e+00,1.757580394708184446e-01,-1.766742098387097115e-01,4.686854107157990661e-03,1.591795515862576976e-02,4.560250312413641205e-02,0.000000000000000000e+00
2.330000000000000071e+00,1.748754609794992698e-01,-1.763566168556927882e-01,4.766014720390055609e-03,1.574644478791550894e-02,4.633026653196072042e-02,0.000000000000000000e+00
2.334999999999999964e+00,1.739944789661603541e-01,-1.760356255128415204e-01,4.844320100339810295e-03,1.557586159569216734e-02,4.705003239605921872e-02,0.000000000000000000e+00
2.339999999999999858e+00,1.731151103198124153e-01,-1.757112768845939532e-01,4.921774879118310554e-03,1.540620406323012920e-02,4.776184581933240469e-02,0.000000000000000000e+00
2.345000000000000195e+00,1.722373717247074609e-01,-1.753836118001246835e-01,4.998383681151098538e-03,1.523747063519266011e-02,4.846575178014664309e-02,0.000000000000000000e+00
2.350000000000000089e+00,1.713612796615631428e-01,-1.750526708441517976e-01,5.074151122997278864e-03,1.506965972048176540e-02,4.916179513199710194e-02,0.000000000000000000e+00
2.354999999999999982e+00,1.704868504087829195e-01,-1.747184943577433369e-01,5.149081813172797992e-03,1.490276969306963788e-02,4.985002060317592076e-02,0.000000000000000000e+00
2.359999999999999876e+00,1.696141000436724167e-01,-1.743811224391233483e-01,5.223180351977839246e-03,1.473679889281214947e-02,5.053047279644772016e-02,0.000000000000000000e+00
2.365000000000000213e+00,1.687430444436515409e-01,-1.740405949444773503e-01,5.296451331328234577e-03,1.457174562624478399e-02,5.120319618873045431e-02,0.000000000000000000e+00
2.370000000000000107e+00,1.678736992874626799e-01,-1.736969514887573840e-01,5.368899334590819354e-03,1.440760816736142563e-02,5.186823513078302195e-02,0.000000000000000000e+00
2.375000000000000000e+00,1.670060800563749059e-01,-1.733502314464866467e-01,5.440528936422634777e-03,1.424438475837639176e-02,5.252563384689809545e-02,0.000000000000000000e+00
2.379999999999999893e+00,1.661402020353840436e-01,-1.730004739525635715e-01,5.511344702613901574e-03,1.408207361047011594e-02,5.317543643460180547e-02,0.000000000000000000e+00
2.385000000000000231e+00,1.652760803144088242e-01,-1.726477179030655451e-01,5.581351189934681718e-03,1.392067290451883335e-02,5.381768686435862981e-02,0.000000000000000000e+00
2.390000000000000124e+00,1.644137297894829597e-01,-1.722920019560522653e-01,5.650552945985148380e-03,1.376018079180866237e-02,5.445242897928177783e-02,0.000000000000000000e+00
2.395000000000000018e+00,1.635531651639432205e-01,-1.719333645323684323e-01,5.718954509049389498e-03,1.360059539473443616e-02,5.507970649485026404e-02,0.000000000000000000e+00
2.399999999999999911e+00,1.626944009496135712e-01,-1.715718438164462734e-01,5.786560407952666928e-03,1.344191480748363129e-02,5.569956299863060289e-02,0.000000000000000000e+00
2.405000000000000249e+00,1.618374514679851439e-01,-1.712074777571075956e-01,5.853375161922058298e-03,1.328413709670574726e-02,5.631204195000412416e-02,0.000000000000000000e+00
2.410000000000000142e+00,1.609823308513922968e-01,-1.708403040683652840e-01,5.919403280450412190e-03,1.312726030216748024e-02,5.691718667990057490e-02,0.000000000000000000e+00
2.415000000000000036e+00,1.601290530441847326e-01,-1.704703602302246324e-01,5.984649263163542912e-03,1.297128243739400014e-02,5.751504039053581541e-02,0.000000000000000000e+00
2.419999999999999929e+00,1.592776318038954253e-01,-1.700976834894841472e-01,6.049117599690595481e-03,1.281620149029667755e-02,5.810564615515581566e-02,0.000000000000000000e+00
2.425000000000000266e+00,1.584280807024047166e-01,-1.697223108605359632e-01,6.112812769537522700e-03,1.266201542378755755e-02,5.868904691778555061e-02,0.000000000000000000e+00
2.430000000000000160e+00,1.575804131271003605e-01,-1.693442791261659253e-01,6.175739241963592793e-03,1.250872217638090110e-02,5.926528549298318294e-02,0.000000000000000000e+00
2.435000000000000053e+00,1.567346422820334872e-01,-1.689636248383532824e-01,6.237901475860882505e-03,1.235631966278208198e-02,5.983440456559915854e-02,0.000000000000000000e+00
2.439999999999999947e+00,1.558907811890707373e-01,-1.685803843190699924e-01,6.299303919636674992e-03,1.220480577446414472e-02,6.039644669054068660e-02,0.000000000000000000e+00
2.444999999999999840e+00,1.550488426890422045e-01,-1.681945936610797221e-01,6.359951011098717404e-03,1.205417838023230097e-02,6.095145429254099356e-02,0.000000000000000000e+00
2.450000000000000178e+00,1.542088394428855480e-01,-1.678062887287363469e-01,6.419847177343267035e-03,1.190443532677665402e-02,6.149946966593379527e-02,0.000000000000000000e+00
2.455000000000000071e+00,1.533707839327859979e-01,-1.674155051587822574e-01,6.478996834645873136e-03,1.175557443921341171e-02,6.204053497443236254e-02,0.000000000000000000e+00
2.459999999999999964e+00,1.525346884633124456e-01,-1.670222783611461925e-01,6.537404388354838870e-03,1.160759352161487221e-02,6.257469225091369380e-02,0.000000000000000000e+00
2.464999999999999858e+00,1.517005651625495111e-01,-1.666266435197407414e-01,6.595074232787301836e-03,1.146049035752842900e-02,6.310198339720797522e-02,0.000000000000000000e+00
2.470000000000000195e+00,1.508684259832256402e-01,-1.662286355932595106e-01,6.652010751127885452e-03,1.131426271048485525e-02,6.362245018389178774e-02,0.000000000000000000e+00
2.475000000000000089e+00,1.500382827038371780e-01,-1.658282893159738758e-01,6.708218315329864817e-03,1.116890832449611744e-02,6.413613425008705959e-02,0.000000000000000000e+00
2.479999999999999982e+00,1.492101469297685279e-01,-1.654256391985294838e-01,6.763701286018796756e-03,1.102442492454296270e-02,6.464307710326419598e-02,0.000000000000000000e+00
2.484999999999999876e+00,1.483840300944082591e-01,-1.650207195287423101e-01,6.818464012398558517e-03,1.088081021705251082e-02,6.514332011905014930e-02,0.000000000000000000e+00
2.490000000000000213e+00,1.475599434602612725e-01,-1.646135643723944109e-01,6.872510832159757846e-03,1.073806189036609349e-02,6.563690454104093019e-02,0.000000000000000000e+00
2.495000000000000107e+00,1.467378981200570254e-01,-1.642042075740293150e-01,6.925846071390450234e-03,1.059617761519755438e-02,6.612387148061900366e-02,0.000000000000000000e+00
2.500000000000000000e+00,1.459179049978536480e-01,-1.637926827577470545e-01,6.978474044489128662e-03,1.045515504508224246e-02,6.660426191677469576e-02,0.000000000000000000e+00
2.504999999999999893e+00,1.450999748501382303e-01,-1.633790233279988069e-01,7.030399054079936386e-03,1.031499181681691003e-02,6.707811669593323478e-02,0.000000000000000000e+00
2.510000000000000231e+00,1.442841182669231115e-01,-1.629632624703812316e-01,7.081625390930052465e-03,1.017568555089071701e-02,6.754547653178519240e-02,0.000000000000000000e+00
2.515000000000000124e+00,1.434703456728380899e-01,-1.625454331524304463e-01,7.132157333869214473e-03,1.003723385190756663e-02,6.800638200512185150e-02,0.000000000000000000e+00
2.520000000000000018e+00,1.426586673282188023e-01,-1.621255681244156421e-01,7.181999149711330681e-03,9.899634308999956736e-03,6.846087356367513976e-02,0.000000000000000000e+00
2.524999999999999911e+00,1.418490933301910506e-01,-1.617036999201322822e-01,7.231155093178139211e-03,9.762884496234549431e-03,6.890899152196186539e-02,0.000000000000000000e+00
2.530000000000000249e+00,1.410416336137511883e-01,-1.612798608576949677e-01,7.279629406824877740e-03,9.626981973009651750e-03,6.935077606113250470e-02,0.000000000000000000e+00
2.535000000000000142e+00,1.402362979528425369e-01,-1.608540830403300259e-01,7.327426320967917774e-03,9.491924284444789445e-03,6.978626722882422251e-02,0.000000000000000000e+00
2.540000000000000036e+00,1.394330959614278886e-01,-1.604263983571675711e-01,7.374550053614327069e-03,9.357708961762559521e-03,7.021550493901790313e-02,0.000000000000000000e+00
2.544999999999999929e+00,1.386320370945579306e-01,-1.599968384840332880e-01,7.421004810393327239e-03,9.224333522662941931e-03,7.063852897190053826e-02,0.000000000000000000e+00
2.550000000000000266e+00,1.378331306494358643e-01,-1.595654348842397985e-01,7.466794784489597971e-03,9.091795471690235220e-03,7.105537897373077894e-02,0.000000000000000000e+00
2.555000000000000160e+00,1.370363857664779750e-01,-1.591322188093776679e-01,7.511924156578403573e-03,8.960092300592800013e-03,7.146609445670953908e-02,0.000000000000000000e+00
2.560000000000000053e+00,1.362418114303702021e-01,-1.586972213001060505e-01,7.556397094762495013e-03,8.829221488675759524e-03,7.187071479885431824e-02,0.000000000000000000e+00
2.564999999999999947e+00,1.354494164711209370e-01,-1.582604731869428349e-01,7.600217754510763153e-03,8.699180503146830556e-03,7.226927924387846480e-02,0.000000000000000000e+00
2.569999999999999840e+00,1.346592095651096277e-01,-1.578220050910545402e-01,7.643390278598601560e-03,8.569966799455444595e-03,7.266182690107358955e-02,0.000000000000000000e+00
2.575000000000000178e+00,1.338711992361316661e-01,-1.573818474250456845e-01,7.685918797049950263e-03,8.441577821625292563e-03,7.304839674519769677e-02,0.000000000000000000e+00
2.580000000000000071e+00,1.330853938564391936e-01,-1.569400303937477925e-01,7.727807427080983158e-03,8.314011002580477122e-03,7.342902761636582731e-02,0.000000000000000000e+00
2.584999999999999964e+00,1.323018016477779113e-01,-1.564965839950079873e-01,7.769060273045414779e-03,8.187263764465381802e-03,7.380375821994614172e-02,0.000000000000000000e+00
2.589999999999999858e+00,1.315204306824201697e-01,-1.560515380204772207e-01,7.809681426381385669e-03,8.061333518958433905e-03,7.417262712645934786e-02,0.000000000000000000e+00
2.595000000000000195e+00,1.307412888841939236e-01,-1.556049220563979207e-01,7.849674965559905529e-03,7.936217667579872209e-03,7.453567277148293035e-02,0.000000000000000000e+00
2.600000000000000089e+00,1.299643840295077180e-01,-1.551567654843913902e-01,7.889044956034823794e-03,7.811913601993679054e-03,7.489293345555883552e-02,0.000000000000000000e+00
2.604999999999999982e+00,1.291897237483719818e-01,-1.547070974822446210e-01,7.927795450194282528e-03,7.688418704303793920e-03,7.524444734410568048e-02,0.000000000000000000e+00
2.609999999999999876e+00,1.284173155254161314e-01,-1.542559470246967213e-01,7.965930487313652511e-03,7.565730347344743791e-03,7.559025246733483416e-02,0.000000000000000000e+00
2.615000000000000213e+00,1.276471667009018707e-01,-1.538033428842249251e-01,8.003454093509899600e-03,7.443845894966816951e-03,7.593038672017077273e-02,0.000000000000000000e+00
2.620000000000000107e+00,1.268792844717325230e-01,-1.533493136318300198e-01,8.040370281697363161e-03,7.322762702315905974e-03,7.626488786217491822e-02,0.000000000000000000e+00
2.625000000000000000e+00,1.261136758924584489e-01,-1.528938876378214407e-01,8.076683051544924011e-03,7.202478116108132662e-03,7.659379351747439002e-02,0.000000000000000000e+00
2.629999999999999893e+00,1.253503478762786061e-01,-1.524370930726017537e-01,8.112396389434532382e-03,7.082989474899381577e-03,7.691714117469403145e-02,0.000000000000000000e+00
2.635000000000000231e+00,1.245893071960380433e-01,-1.519789579074508346e-01,8.147514268421069891e-03,6.964294109349853171e-03,7.723496818689264132e-02,0.000000000000000000e+00
2.640000000000000124e+00,1.238305604852215913e-01,-1.515195099153093250e-01,8.182040648193522961e-03,6.846389342483742355e-03,7.754731177150323007e-02,0.000000000000000000e+00
2.645000000000000018e+00,1.230741142389435855e-01,-1.510587766715617286e-01,8.215979475037438196e-03,6.729272489944163917e-03,7.785420901027714780e-02,0.000000000000000000e+00
2.649999999999999911e+00,1.223199748149337018e-01,-1.505967855548189793e-01,8.249334681798647581e-03,6.612940860243418477e-03,7.815569684923223681e-02,0.000000000000000000e+00
2.655000000000000249e+00,1.215681484345188662e-01,-1.501335637477004548e-01,8.282110187848234009e-03,6.497391755008716935e-03,7.845181209860516147e-02,0.000000000000000000e+00
2.660000000000000142e+00,1.208186411836012636e-01,-1.496691382376154900e-01,8.314309899048704169e-03,6.382622469223445810e-03,7.874259143280677720e-02,0.000000000000000000e+00
2.665000000000000036e+00,1.200714590136324200e-01,-1.492035358175443360e-01,8.345937707721367074e-03,6.268630291464092306e-03,7.902807139038245388e-02,0.000000000000000000e+00
2.669999999999999929e+00,1.193266077425834126e-01,-1.487367830868185081e-01,8.376997492614881788e-03,6.155412504132911494e-03,7.930828837397574382e-02,0.000000000000000000e+00
2.675000000000000266e+00,1.185840930559111661e-01,-1.482689064519007172e-01,8.407493118874962215e-03,6.042966383686436231e-03,7.958327865029579673e-02,0.000000000000000000e+00
2.680000000000000160e+00,1.178439205075208218e-01,-1.477999321271640798e-01,8.437428438015207727e-03,5.931289200859916552e-03,7.985307835008900734e-02,0.000000000000000000e+00
2.685000000000000053e+00,1.171060955207242765e-01,-1.473298861356708289e-01,8.466807287889050945e-03,5.820378220887787411e-03,8.011772346811427137e-02,0.000000000000000000e+00
2.689999999999999947e+00,1.163706233891947522e-01,-1.468587943099504411e-01,8.495633492662796674e-03,5.710230703720236764e-03,8.037724986312180797e-02,0.000000000000000000e+00
2.694999999999999840e+00,1.156375092779175634e-01,-1.463866822927771538e-01,8.523910862789732881e-03,5.600843904235977208e-03,8.063169325783664521e-02,0.000000000000000000e+00
2.700000000000000178e+00,1.149067582241368873e-01,-1.459135755379467880e-01,8.551643194985301608e-03,5.492215072451288836e-03,8.088108923894454794e-02,0.000000000000000000e+00
2.705000000000000071e+00,1.141783751382987877e-01,-1.454394993110531276e-01,8.578834272203295086e-03,5.384341453725422638e-03,8.112547325708319157e-02,0.000000000000000000e+00
2.709999999999999964e+00,1.134523648049902134e-01,-1.449644786902634652e-01,8.605487863613084029e-03,5.277220288962441649e-03,8.136488062683600031e-02,0.000000000000000000e+00
2.714999999999999858e+00,1.127287318838742503e-01,-1.444885385670936773e-01,8.631607724577832971e-03,5.170848814809575304e-03,8.159934652673012101e-02,0.000000000000000000e+00
2.720000000000000195e+00,1.120074809106214181e-01,-1.440117036471825485e-01,8.657197596633709608e-03,5.065224263852161589e-03,8.182890599923835218e-02,0.000000000000000000e+00
2.725000000000000089e+00,1.112886162978371229e-01,-1.435339984510654032e-01,8.682261207470051700e-03,4.960343864805256790e-03,8.205359395078440365e-02,0.000000000000000000e+00
2.729999999999999982e+00,1.105721423359852240e-01,-1.430554473149472094e-01,8.706802270910489819e-03,4.856204842701971822e-03,8.227344515175173678e-02,0.000000000000000000e+00
2.734999999999999876e+00,1.098580631943077979e-01,-1.425760743914748219e-01,8.730824486894999889e-03,4.752804419078621861e-03,8.248849423649695645e-02,0.000000000000000000e+00
2.740000000000000213e+00,1.091463829217409615e-01,-1.420959036505086703e-01,8.754331541462882088e-03,4.650139812156737877e-03,8.269877570336560402e-02,0.000000000000000000e+00
2.745000000000000107e+00,1.084371054478268925e-01,-1.416149588798936432e-01,8.777327106736626181e-03,4.548208237022022433e-03,8.290432391471276585e-02,0.000000000000000000e+00
2.750000000000000000e+00,1.077302345836219782e-01,-1.411332636862292489e-01,8.799814840906680646e-03,4.447006905800306165e-03,8.310517309692655452e-02,0.000000000000000000e+00
2.754999999999999893e+00,1.070257740226011195e-01,-1.406508414956391673e-01,8.821798388217082232e-03,4.346533027830567358e-03,8.330135734045547580e-02,0.000000000000000000e+00
2.760000000000000231e+00,1.063237273415581913e-01,-1.401677155545398845e-01,8.843281378951952862e-03,4.246783809835083176e-03,8.349291059983944552e-02,0.000000000000000000e+00
2.765000000000000124e+00,1.056240980015026448e-01,-1.396839089304087178e-01,8.864267429422832689e-03,4.147756456086761079e-03,8.367986669374427589e-02,0.000000000000000000e+00
2.770000000000000018e+00,1.049268893485522935e-01,-1.391994445125509794e-01,8.884760141956844076e-03,4.049448168573725054e-03,8.386225930499990877e-02,0.000000000000000000e+00
2.774999999999999911e+00,1.042321046148222685e-01,-1.387143450128664468e-01,8.904763104885679570e-03,3.951856147161193072e-03,8.404012198064178540e-02,0.000000000000000000e+00
2.780000000000000249e+00,1.035397469193101022e-01,-1.382286329666149449e-01,8.924279892535380912e-03,3.854977589750720364e-03,8.421348813195635163e-02,0.000000000000000000e+00
2.785000000000000142e+00,1.028498192687770513e-01,-1.377423307331812063e-01,8.943314065216914285e-03,3.758809692436851455e-03,8.438239103452947754e-02,0.000000000000000000e+00
2.790000000000000036e+00,1.021623245586255335e-01,-1.372554604968388714e-01,8.961869169217526188e-03,3.663349649661239073e-03,8.454686382829916524e-02,0.000000000000000000e+00
2.794999999999999929e+00,1.014772655737728041e-01,-1.367680442675136832e-01,8.979948736792850439e-03,3.568594654364274591e-03,8.470693951761072704e-02,0.000000000000000000e+00
2.800000000000000266e+00,1.007946449895207458e-01,-1.362801038815458499e-01,8.997556286159785408e-03,3.474541898134290291e-03,8.486265097127623780e-02,0.000000000000000000e+00
2.805000000000000160e+00,1.001144653724219402e-01,-1.357916610024515469e-01,9.014695321490096350e-03,3.381188571354374652e-03,8.501403092263705441e-02,0.000000000000000000e+00
2.810000000000000053e+00,9.943672918114183912e-02,-1.353027371216835584e-01,9.031369332904749803e-03,3.288531863346850093e-03,8.516111196962987406e-02,0.000000000000000000e+00
2.814999999999999947e+00,9.876143876731723059e-02,-1.348133535593910026e-01,9.047581796468971357e-03,3.196568962515465226e-03,8.530392657485660890e-02,0.000000000000000000e+00
2.819999999999999840e+00,9.808859637641081930e-02,-1.343235314651783086e-01,9.063336174188000791e-03,3.105297056485334991e-03,8.544250706565650888e-02,0.000000000000000000e+00
2.825000000000000178e+00,9.741820414856208754e-02,-1.338332918188631093e-01,9.078635914003542820e-03,3.014713332240687247e-03,8.557688563418319738e-02,0.000000000000000000e+00
2.830000000000000071e+00,9.675026411943429827e-02,-1.333426554312333590e-01,9.093484449790904811e-03,2.924814976260447889e-03,8.570709433748374684e-02,0.000000000000000000e+00
2.834999999999999964e+00,9.608477822105777888e-02,-1.328516429448034775e-01,9.107885201356805821e-03,2.835599174651712209e-03,8.583316509758201485e-02,0.000000000000000000e+00
2.839999999999999858e+00,9.542174828266938857e-02,-1.323602748345695801e-01,9.121841574437841368e-03,2.747063113281144123e-03,8.595512970156468646e-02,0.000000000000000000e+00
2.845000000000000195e+00,9.476117603154825264e-02,-1.318685714087637073e-01,9.135356960699610868e-03,2.659203977904339277e-03,8.607301980167113287e-02,0.000000000000000000e+00
2.850000000000000089e+00,9.410306309384766643e-02,-1.313765528096071666e-01,9.148434737736479971e-03,2.572018954293194080e-03,8.618686691538623990e-02,0.000000000000000000e+00
2.854999999999999982e+00,9.344741099542326623e-02,-1.308842390140628753e-01,9.161078269071977823e-03,2.485505228361316234e-03,8.629670242553671988e-02,0.000000000000000000e+00
2.859999999999999876e+00,9.279422116265746701e-02,-1.303916498345867314e-01,9.173290904159810133e-03,2.399659986287517536e-03,8.640255758038992151e-02,0.000000000000000000e+00
2.865000000000000213e+00,9.214349492328009761e-02,-1.298988049198779304e-01,9.185075978385495027e-03,2.314480414637426660e-03,8.650446349375748301e-02,0.000000000000000000e+00
2.870000000000000107e+00,9.149523350718533066e-02,-1.294057237556283380e-01,9.196436813068597366e-03,2.229963700483246665e-03,8.660245114510072006e-02,0.000000000000000000e+00
2.875000000000000000e+00,9.084943804724483762e-02,-1.289124256652708633e-01,9.207376715465552877e-03,2.146107031521703613e-03,8.669655137963951097e-02,0.000000000000000000e+00
2.879999999999999893e+00,9.020610958011721081e-02,-1.284189298107266952e-01,9.217898978773085561e-03,2.062907596190214493e-03,8.678679490846506750e-02,0.000000000000000000e+00
2.885000000000000231e+00,8.956524904705366608e-02,-1.279252551931516213e-01,9.228006882132197553e-03,1.980362583781309586e-03,8.687321230865510668e-02,0.000000000000000000e+00
2.890000000000000124e+00,8.892685729470001244e-02,-1.274314206536812100e-01,9.237703690632726242e-03,1.898469184555335058e-03,8.695583402339235324e-02,0.000000000000000000e+00
2.895000000000000018e+00,8.829093507589484691e-02,-1.269374448741748818e-01,9.246992655318461707e-03,1.817224589851476786e-03,8.703469036208674736e-02,0.000000000000000000e+00
2.899999999999999911e+00,8.765748305046414113e-02,-1.264433463779590927e-01,9.255877013192815791e-03,1.736625992197127731e-03,8.710981150049945665e-02,0.000000000000000000e+00
2.905000000000000249e+00,8.702650178601201159e-02,-1.259491435305691853e-01,9.264359987225032414e-03,1.656670585415631180e-03,8.718122748087150931e-02,0.000000000000000000e+00
2.910000000000000142e+00,8.639799175870783998e-02,-1.254548545404902959e-01,9.272444786356933907e-03,1.577355564732432812e-03,8.724896821205442576e-02,0.000000000000000000e+00
2.915000000000000036e+00,8.577195335406964660e-02,-1.249604974598970825e-01,9.280134605510191245e-03,1.498678126879659156e-03,8.731306346964412546e-02,0.000000000000000000e+00
2.919999999999999929e+00,8.514838686774382770e-02,-1.244660901853923279e-01,9.287432625594119889e-03,1.420635470199166231e-03,8.737354289611824754e-02,0.000000000000000000e+00
2.925000000000000266e+00,8.452729250628117363e-02,-1.239716504587444479e-01,9.294342013513980441e-03,1.343224794744066848e-03,8.743043600097606671e-02,0.000000000000000000e+00
2.930000000000000160e+00,8.390867038790915389e-02,-1.234771958676237763e-01,9.300865922179785833e-03,1.266443302378776658e-03,8.748377216088135122e-02,0.000000000000000000e+00
2.935000000000000053e+00,8.329252054330062160e-02,-1.229827438463377276e-01,9.307007490515604650e-03,1.190288196877600660e-03,8.753358061980870408e-02,0.000000000000000000e+00
2.939999999999999947e+00,8.267884291633877114e-02,-1.224883116765648067e-01,9.312769843469353645e-03,1.114756684021879236e-03,8.757989048919208319e-02,0.000000000000000000e+00
2.944999999999999840e+00,8.206763736487843186e-02,-1.219939164880873700e-01,9.318156092023074238e-03,1.039845971695729917e-03,8.762273074807686024e-02,0.000000000000000000e+00
2.950000000000000178e+00,8.145890366150375372e-02,-1.214995752595232348e-01,9.323169333203684336e-03,9.655532699803966168e-04,8.766213024327483561e-02,0.000000000000000000e+00
2.955000000000000071e+00,8.085264149428218750e-02,-1.210053048190560671e-01,9.327812650094191582e-03,8.918757912472344892e-04,8.769811768952132103e-02,0.000000000000000000e+00
2.959999999999999964e+00,8.024885046751482898e-02,-1.205111218451645483e-01,9.332089111845378454e-03,8.188107502493571083e-04,8.773072166963595542e-02,0.000000000000000000e+00
2.964999999999999858e+00,7.964753010248311338e-02,-1.200170428673502793e-01,9.336001773687936656e-03,7.463553642119605909e-04,8.775997063468610193e-02,0.000000000000000000e+00
2.970000000000000195e+00,7.904867983819190147e-02,-1.195230842668645044e-01,9.339553676945049066e-03,6.745068529213513403e-04,8.778589290415302060e-02,0.000000000000000000e+00
2.975000000000000089e+00,7.845229903210892974e-02,-1.190292622774335174e-01,9.342747849045414041e-03,6.032624388126968168e-04,8.780851666610030304e-02,0.000000000000000000e+00
2.979999999999999982e+00,7.785838696090059685e-02,-1.185355929859828045e-01,9.345587303536712076e-03,5.326193470565196084e-04,8.782786997734663703e-02,0.000000000000000000e+00
2.984999999999999876e+00,7.726694282116415569e-02,-1.180420923333599381e-01,9.348075040099488794e-03,4.625748056439533983e-04,8.784398076363905683e-02,0.000000000000000000e+00
2.990000000000000213e+00,7.667796573015632500e-02,-1.175487761150561944e-01,9.350214044561475091e-03,3.931260454707858178e-04,8.785687681983120334e-02,0.000000000000000000e+00
2.995000000000000107e+00,7.609145472651826503e-02,-1.170556599819268101e-01,9.352007288912314933e-03,3.242703004203013580e-04,8.786658581006272228e-02,0.000000000000000000e+00
3.000000000000000000e+00,7.550740877099693105e-02,-1.165627594409099493e-01,9.353457731318706031e-03,2.560048074449432069e-04,8.787313526794202079e-02,0.000000000000000000e+00
3.004999999999999893e+00,7.492582674716290192e-02,-1.160700898557443933e-01,9.354568316139951628e-03,1.883268066468180794e-04,8.787655259673149422e-02,0.000000000000000000e+00
3.010000000000000231e+00,7.434670746212457271e-02,-1.155776664476858284e-01,9.355341973943902614e-03,1.212335413570566587e-04,8.787686506953552856e-02,0.000000000000000000e+00
3.015000000000000124e+00,7.377004964723875291e-02,-1.150855042962218161e-01,9.355781621523303823e-03,5.472225821404530163e-05,8.787409982949113962e-02,0.000000000000000000e+00
3.020000000000000018e+00,7.319585195881776751e-02,-1.145936183397854441e-01,9.355890161912518502e-03,-1.120979275944581071e-05,8.786828388996106853e-02,0.000000000000000000e+00
3.024999999999999911e+00,7.262411297883292205e-02,-1.141020233764675207e-01,9.355670484404646561e-03,-7.656535808023115280e-05,8.785944413472958348e-02,0.000000000000000000e+00
3.030000000000000249e+00,7.205483121561444271e-02,-1.136107340647274921e-01,9.355125464569007121e-03,-1.413471807297537813e-04,8.784760731820072388e-02,0.000000000000000000e+00
3.035000000000000142e+00,7.148800510454786372e-02,-1.131197649241029030e-01,9.354257964269007894e-03,-2.055580000801867789e-04,8.783280006559923692e-02,0.000000000000000000e+00
3.040000000000000036e+00,7.092363300876686205e-02,-1.126291303359174684e-01,9.353070831680371927e-03,-2.692005518215826072e-04,8.781504887317410912e-02,0.000000000000000000e+00
3.044999999999999929e+00,7.036171321984255322e-02,-1.121388445439877729e-01,9.351566901309723429e-03,-3.322775678900532505e-04,8.779438010840397155e-02,0.000000000000000000e+00
3.050000000000000266e+00,6.980224395846924834e-02,-1.116489216553285119e-01,9.349748994013539621e-03,-3.947917763969605249e-04,8.777082001020598823e-02,0.000000000000000000e+00
3.055000000000000160e+00,6.924522337514675552e-02,-1.111593756408563172e-01,9.347619917017449542e-03,-4.567459015591103988e-04,8.774439468914634055e-02,0.000000000000000000e+00
3.060000000000000053e+00,6.869064955085907309e-02,-1.106702203360921261e-01,9.345182463935879785e-03,-5.181426636299345072e-04,8.771513012765361217e-02,0.000000000000000000e+00
3.064999999999999947e+00,6.813852049774961339e-02,-1.101814694418621343e-01,9.342439414792035046e-03,-5.789847788316451705e-04,8.768305218023428327e-02,0.000000000000000000e+00
3.070000000000000284e+00,6.758883415979294318e-02,-1.096931365249972645e-01,9.339393536038230817e-03,-6.392749592883462464e-04,8.764818657369087551e-02,0.000000000000000000e+00
3.075000000000000178e+00,6.704158841346301301e-02,-1.092052350190311633e-01,9.336047580576543534e-03,-6.990159129600928209e-04,8.761055890734241458e-02,0.000000000000000000e+00
3.080000000000000071e+00,6.649678106839787550e-02,-1.087177782248967134e-01,9.332404287779795526e-03,-7.582103435778845060e-04,8.757019465324686336e-02,0.000000000000000000e+00
3.084999999999999964e+00,6.595440986806100359e-02,-1.082307793116211031e-01,9.328466383512859159e-03,-8.168609505795804181e-04,8.752711915642648333e-02,0.000000000000000000e+00
3.089999999999999858e+00,6.541447249039902823e-02,-1.077442513170192989e-01,9.324236580154281889e-03,-8.749704290467191390e-04,8.748135763509502782e-02,0.000000000000000000e+00
3.095000000000000195e+00,6.487696654849611777e-02,-1.072582071483861171e-01,9.319717576618227056e-03,-9.325414696422398668e-04,8.743293518088743332e-02,0.000000000000000000e+00
3.100000000000000089e+00,6.434188959122480456e-02,-1.067726595831867270e-01,9.314912058376714765e-03,-9.895767585490859979e-04,8.738187675909163399e-02,0.000000000000000000e+00
3.104999999999999982e+00,6.380923910389343923e-02,-1.062876212697455858e-01,9.309822697482178500e-03,-1.046078977409682469e-03,8.732820720888267996e-02,0.000000000000000000e+00
3.109999999999999876e+00,6.327901250889017559e-02,-1.058031047279339026e-01,9.304452152590314898e-03,-1.102050803266274928e-03,8.727195124355922873e-02,0.000000000000000000e+00
3.115000000000000213e+00,6.275120716632351381e-02,-1.053191223498555484e-01,9.298803068983233638e-03,-1.157494908502122504e-03,8.721313345078160473e-02,0.000000000000000000e+00
3.120000000000000107e+00,6.222582037465942961e-02,-1.048356864005313555e-01,9.292878078592893554e-03,-1.212413960783527683e-03,8.715177829281285649e-02,0.000000000000000000e+00
3.125000000000000000e+00,6.170284937135506881e-02,-1.043528090185819046e-01,9.286679800024835382e-03,-1.266810623002695814e-03,8.708791010676163180e-02,0.000000000000000000e+00
3.129999999999999893e+00,6.118229133348906945e-02,-1.038705022169087167e-01,9.280210838582192076e-03,-1.320687553221420356e-03,8.702155310482662109e-02,0.000000000000000000e+00
3.135000000000000231e+00,6.066414337838843540e-02,-1.033887778833738613e-01,9.273473786289980134e-03,-1.374047404615568683e-03,8.695273137454412327e-02,0.000000000000000000e+00
3.140000000000000124e+00,6.014840256425204451e-02,-1.029076477814779983e-01,9.266471221919663284e-03,-1.426892825420375413e-03,8.688146887903673565e-02,0.000000000000000000e+00
3.145000000000000018e+00,5.963506589077077064e-02,-1.024271235510367806e-01,9.259205711013993728e-03,-1.479226458876520267e-03,8.680778945726450035e-02,0.000000000000000000e+00
3.149999999999999911e+00,5.912413029974420559e-02,-1.019472167088556480e-01,9.251679805912118790e-03,-1.531050943176988062e-03,8.673171682427860407e-02,0.000000000000000000e+00
3.155000000000000249e+00,5.861559267569405041e-02,-1.014679386494030527e-01,9.243896045774949513e-03,-1.582368911414700667e-03,8.665327457147600776e-02,0.000000000000000000e+00
3.160000000000000142e+00,5.810944984647409967e-02,-1.009893006454820052e-01,9.235856956610789467e-03,-1.633182991530911796e-03,8.657248616685671305e-02,0.000000000000000000e+00
3.165000000000000036e+00,5.760569858387690201e-02,-1.005113138489000246e-01,9.227565051301220289e-03,-1.683495806264352504e-03,8.648937495528311037e-02,0.000000000000000000e+00
3.169999999999999929e+00,5.710433560423706922e-02,-1.000339892911374234e-01,9.219022829627240498e-03,-1.733309973101121969e-03,8.640396415874071478e-02,0.000000000000000000e+00
3.175000000000000266e+00,5.660535756903122689e-02,-9.955733788401392725e-02,9.210232778295655842e-03,-1.782628104225313570e-03,8.631627687660169135e-02,0.000000000000000000e+00
3.180000000000000160e+00,5.610876108547467600e-02,-9.908137042035368436e-02,9.201197370965705571e-03,-1.831452806470371293e-03,8.622633608588900489e-02,0.000000000000000000e+00
3.185000000000000053e+00,5.561454270711470999e-02,-9.860609757464855463e-02,9.191919068275938506e-03,-1.879786681271162141e-03,8.613416464154406704e-02,0.000000000000000000e+00
3.189999999999999947e+00,5.512269893442060115e-02,-9.813152990371977469e-02,9.182400317871325032e-03,-1.927632324616761293e-03,8.603978527669450815e-02,0.000000000000000000e+00
3.195000000000000284e+00,5.463322621537032575e-02,-9.765767784737788837e-02,9.172643554430601545e-03,-1.974992327003939618e-03,8.594322060292508558e-02,0.000000000000000000e+00
3.200000000000000178e+00,5.414612094603396542e-02,-9.718455172908105344e-02,9.162651199693845616e-03,-2.021869273391346811e-03,8.584449311054992426e-02,0.000000000000000000e+00
3.205000000000000071e+00,5.366137947115381251e-02,-9.671216175659155811e-02,9.152425662490281874e-03,-2.068265743154384505e-03,8.574362516888643648e-02,0.000000000000000000e+00
3.209999999999999964e+00,5.317899808472123513e-02,-9.624051802263074162e-02,9.141969338766309933e-03,-2.114184310040755944e-03,8.564063902653115679e-02,0.000000000000000000e+00
3.214999999999999858e+00,5.269897303055022519e-02,-9.576963050553209678e-02,9.131284611613749158e-03,-2.159627542126691096e-03,8.553555681163736713e-02,0.000000000000000000e+00
3.220000000000000195e+00,5.222130050284772701e-02,-9.529950906989274884e-02,9.120373851298308951e-03,-2.204598001773836607e-03,8.542840053219420693e-02,0.000000000000000000e+00
3.225000000000000089e+00,5.174597664678068365e-02,-9.483016346722311640e-02,9.109239415288263725e-03,-2.249098245586809292e-03,8.531919207630785096e-02,0.000000000000000000e+00
3.229999999999999982e+00,5.127299755903985679e-02,-9.436160333659493471e-02,9.097883648283344726e-03,-2.293130824371391891e-03,8.520795321248407495e-02,0.000000000000000000e+00
3.234999999999999876e+00,5.080235928840038523e-02,-9.389383820528744706e-02,9.086308882243838286e-03,-2.336698283093382837e-03,8.509470558991244493e-02,0.000000000000000000e+00
3.240000000000000213e+00,5.033405783627916547e-02,-9.342687748943193093e-02,9.074517436419885300e-03,-2.379803160838077879e-03,8.497947073875226909e-02,0.000000000000000000e+00
3.245000000000000107e+00,4.986808915728896396e-02,-9.296073049465436444e-02,9.062511617380985401e-03,-2.422447990770389224e-03,8.486227007042052017e-02,0.000000000000000000e+00
3.250000000000000000e+00,4.940444915978934454e-02,-9.249540641671648300e-02,9.050293719045695434e-03,-2.464635300095586144e-03,8.474312487788038251e-02,0.000000000000000000e+00
3.254999999999999893e+00,4.894313370643438299e-02,-9.203091434215489308e-02,9.037866022711525671e-03,-2.506367610020655314e-03,8.462205633593235243e-02,0.000000000000000000e+00
3.260000000000000231e+00,4.848413861471721764e-02,-9.156726324891857616e-02,9.025230797085028595e-03,-2.547647435716273497e-03,8.449908550150650455e-02,0.000000000000000000e+00
3.265000000000000124e+00,4.802745965751138019e-02,-9.110446200700449138e-02,9.012390298312069822e-03,-2.588477286279387835e-03,8.437423331395611792e-02,0.000000000000000000e+00
3.270000000000000018e+00,4.757309256360897631e-02,-9.064251937909145740e-02,8.999346770008291585e-03,-2.628859664696395464e-03,8.424752059535293991e-02,0.000000000000000000e+00
3.274999999999999911e+00,4.712103301825570217e-02,-9.018144402117221625e-02,8.986102443289758351e-03,-2.668797067806919030e-03,8.411896805078417083e-02,0.000000000000000000e+00
3.280000000000000249e+00,4.667127666368268285e-02,-8.972124448318369305e-02,8.972659536803774191e-03,-2.708291986268169822e-03,8.398859626865057271e-02,0.000000000000000000e+00
3.285000000000000142e+00,4.622381909963519525e-02,-8.926192920963549327e-02,8.959020256759889222e-03,-2.747346904519894217e-03,8.385642572096602132e-02,0.000000000000000000e+00
3.290000000000000036e+00,4.577865588389823381e-02,-8.880350654023652646e-02,8.945186796961070858e-03,-2.785964300749896923e-03,8.372247676365907054e-02,0.000000000000000000e+00
3.294999999999999929e+00,4.533578253281893983e-02,-8.834598471051986757e-02,8.931161338835045052e-03,-2.824146646860137538e-03,8.358676963687472483e-02,0.000000000000000000e+00
3.300000000000000266e+00,4.489519452182592907e-02,-8.788937185246574468e-02,8.916946051465814496e-03,-2.861896408433390899e-03,8.344932446527897341e-02,0.000000000000000000e+00
3.305000000000000160e+00,4.445688728594551081e-02,-8.743367599512277821e-02,8.902543091625332930e-03,-2.899216044700470788e-03,8.331016125836361585e-02,0.000000000000000000e+00
3.310000000000000053e+00,4.402085622031479129e-02,-8.697890506522727716e-02,8.887954603805349463e-03,-2.936108008508006573e-03,8.316929991075332207e-02,0.000000000000000000e+00
3.314999999999999947e+00,4.358709668069168236e-02,-8.652506688782081457e-02,8.873182720249403813e-03,-2.972574746286773661e-03,8.302676020251290034e-02,0.000000000000000000e+00
3.320000000000000284e+00,4.315560398396184327e-02,-8.607216918686586005e-02,8.858229560984988080e-03,-3.008618698020565623e-03,8.288256179945682756e-02,0.000000000000000000e+00
3.325000000000000178e+00,4.272637340864253452e-02,-8.562021958585963599e-02,8.843097233855857706e-03,-3.044242297215607549e-03,8.273672425345990344e-02,0.000000000000000000e+00
3.330000000000000071e+00,4.229940019538343254e-02,-8.516922560844607248e-02,8.827787834554489885e-03,-3.079447970870506299e-03,8.258926700276830735e-02,0.000000000000000000e+00
3.334999999999999964e+00,4.187467954746434268e-02,-8.471919467902590262e-02,8.812303446654703304e-03,-3.114238139446726377e-03,8.244020937231358315e-02,0.000000000000000000e+00
3.339999999999999858e+00,4.145220663128991456e-02,-8.427013412336496756e-02,8.796646141644409722e-03,-3.148615216839597934e-03,8.228957057402563890e-02,0.000000000000000000e+00
3.345000000000000195e+00,4.103197657688129052e-02,-8.382205116920053711e-02,8.780817978958521675e-03,-3.182581610349836075e-03,8.213736970714920205e-02,0.000000000000000000e+00
3.350000000000000089e+00,4.061398447836473552e-02,-8.337495294684584002e-02,8.764821006011992016e-03,-3.216139720655585357e-03,8.198362575855951129e-02,0.000000000000000000e+00
3.354999999999999982e+00,4.019822539445725568e-02,-8.292884648979272078e-02,8.748657258232995712e-03,-3.249291941784969093e-03,8.182835760308043715e-02,0.000000000000000000e+00
3.359999999999999876e+00,3.978469434894919832e-02,-8.248373873531233968e-02,8.732328759096250406e-03,-3.282040661089146924e-03,8.167158400380335193e-02,0.000000000000000000e+00
3.365000000000000213e+00,3.937338633118386139e-02,-8.203963652505405491e-02,8.715837520156463625e-03,-3.314388259215875470e-03,8.151332361240679059e-02,0.000000000000000000e+00
3.370000000000000107e+00,3.896429629653409832e-02,-8.159654660564240325e-02,8.699185541081917022e-03,-3.346337110083562501e-03,8.135359496947769387e-02,0.000000000000000000e+00
3.375000000000000000e+00,3.855741916687596693e-02,-8.115447562927215197e-02,8.682374809688177264e-03,-3.377889580855818977e-03,8.119241650483341455e-02,0.000000000000000000e+00
3.379999999999999893e+00,3.815274983105938766e-02,-8.071343015430147705e-02,8.665407301971930071e-03,-3.409048031916495514e-03,8.102980653784502829e-02,0.000000000000000000e+00
3.385000000000000231e+00,3.775028314537585278e-02,-8.027341664584325409e-02,8.648284982144946106e-03,-3.439814816845205864e-03,8.086578327776140773e-02,0.000000000000000000e+00
3.390000000000000124e+00,3.735001393402317960e-02,-7.983444147635440635e-02,8.631009802668156150e-03,-3.470192282393330489e-03,8.070036482403453171e-02,0.000000000000000000e+00
3.395000000000000018e+00,3.695193698956730083e-02,-7.939651092622333761e-02,8.613583704285854639e-03,-3.500182768460492842e-03,8.053356916664554388e-02,0.000000000000000000e+00
3.399999999999999911e+00,3.655604707340117526e-02,-7.895963118435550543e-02,8.596008616060015969e-03,-3.529788608071510094e-03,8.036541418643225465e-02,0.000000000000000000e+00
3.405000000000000249e+00,3.616233891620071472e-02,-7.852380834875700988e-02,8.578286455404723551e-03,-3.559012127353811377e-03,8.019591765541696227e-02,0.000000000000000000e+00
3.410000000000000142e+00,3.577080721837783833e-02,-7.808904842711630878e-02,8.560419128120711624e-03,-3.587855645515316150e-03,8.002509723713564782e-02,0.000000000000000000e+00
3.415000000000000036e+00,3.538144665053061244e-02,-7.765535733738399005e-02,8.542408528430021561e-03,-3.616321474822776182e-03,7.985297048696811395e-02,0.000000000000000000e+00
3.419999999999999929e+00,3.499425185389049009e-02,-7.722274090835057336e-02,8.524256539010758790e-03,-3.644411920580569852e-03,7.967955485246888681e-02,0.000000000000000000e+00
3.425000000000000266e+00,3.460921744076667084e-02,-7.679120488022246616e-02,8.505965031031953796e-03,-3.672129281109950960e-03,7.950486767369886743e-02,0.000000000000000000e+00
3.430000000000000160e+00,3.422633799498758095e-02,-7.636075490519592113e-02,8.487535864188530677e-03,-3.699475847728741617e-03,7.932892618355810721e-02,0.000000000000000000e+00
3.435000000000000053e+00,3.384560807233950863e-02,-7.593139654802905092e-02,8.468970886736376311e-03,-3.726453904731469660e-03,7.915174750811926341e-02,0.000000000000000000e+00
3.439999999999999947e+00,3.346702220100235270e-02,-7.550313528661194151e-02,8.450271935527503206e-03,-3.753065729369948426e-03,7.897334866696203992e-02,0.000000000000000000e+00
3.445000000000000284e+00,3.309057488198254710e-02,-7.507597651253479498e-02,8.431440836045311221e-03,-3.779313591834291934e-03,7.879374657350829425e-02,0.000000000000000000e+00
3.450000000000000178e+00,3.271626058954314742e-02,-7.464992553165411548e-02,8.412479402439942966e-03,-3.805199755234358987e-03,7.861295803535792159e-02,0.000000000000000000e+00
3.455000000000000071e+00,3.234407377163107944e-02,-7.422498756465696623e-02,8.393389437563729405e-03,-3.830726475581630944e-03,7.843099975462572426e-02,0.000000000000000000e+00
3.459999999999999964e+00,3.197400885030159123e-02,-7.380116774762328358e-02,8.374172733006727404e-03,-3.855896001771511473e-03,7.824788832827855867e-02,0.000000000000000000e+00
3.464999999999999858e+00,3.160606022213988120e-02,-7.337847113258619269e-02,8.354831069132342275e-03,-3.880710575566048270e-03,7.806364024847392558e-02,0.000000000000000000e+00
3.470000000000000195e+00,3.124022225867993663e-02,-7.295690268809039425e-02,8.335366215113038796e-03,-3.905172431577073715e-03,7.787827190289867141e-02,0.000000000000000000e+00
3.475000000000000089e+00,3.087648930682057591e-02,-7.253646729974859431e-02,8.315779928966132023e-03,-3.929283797249757959e-03,7.769179957510870260e-02,0.000000000000000000e+00
3.479999999999999982e+00,3.051485568923873598e-02,-7.211716977079596358e-02,8.296073957589661374e-03,-3.953046892846575310e-03,7.750423944486922734e-02,0.000000000000000000e+00
3.484999999999999876e+00,3.015531570479996343e-02,-7.169901482264261217e-02,8.276250036798344506e-03,-3.976463931431676105e-03,7.731560758849587156e-02,0.000000000000000000e+00
3.490000000000000213e+00,2.979786362896617163e-02,-7.128200709542414915e-02,8.256309891359604053e-03,-3.999537118855664083e-03,7.712591997919615583e-02,0.000000000000000000e+00
3.495000000000000107e+00,2.944249371420064321e-02,-7.086615114855018827e-02,8.236255235029674160e-03,-4.022268653740771437e-03,7.693519248741186034e-02,0.000000000000000000e+00
3.500000000000000000e+00,2.908920019037028459e-02,-7.045145146125099400e-02,8.216087770589781611e-03,-4.044660727466434583e-03,7.674344088116175078e-02,0.000000000000000000e+00
3.504999999999999893e+00,2.873797726514516412e-02,-7.003791243312203207e-02,8.195809189882389406e-03,-4.066715524155260254e-03,7.655068082638535887e-02,0.000000000000000000e+00
3.510000000000000231e+00,2.838881912439533001e-02,-6.962553838466667422e-02,8.175421173847520137e-03,-4.088435220659386235e-03,7.635692788728673519e-02,0.000000000000000000e+00
3.515000000000000124e+00,2.804171993258491868e-02,-6.921433355783679353e-02,8.154925392559136607e-03,-4.109821986547222868e-03,7.616219752667904852e-02,0.000000000000000000e+00
3.520000000000000018e+00,2.769667383316356049e-02,-6.880430211657148631e-02,8.134323505261600515e-03,-4.130877984090585743e-03,7.596650510633018438e-02,0.000000000000000000e+00
3.524999999999999911e+00,2.735367494895510343e-02,-6.839544814733375389e-02,8.113617160406177975e-03,-4.151605368252204824e-03,7.576986588730787175e-02,0.000000000000000000e+00
3.530000000000000249e+00,2.701271738254366200e-02,-6.798777565964524150e-02,8.092807995687621367e-03,-4.172006286673609135e-03,7.557229503032626694e-02,0.000000000000000000e+00
3.535000000000000142e+00,2.667379521665697722e-02,-6.758128858661895111e-02,8.071897638080801490e-03,-4.192082879663391361e-03,7.537380759609252356e-02,0.000000000000000000e+00
3.540000000000000036e+00,2.633690251454714679e-02,-6.717599078549001124e-02,8.050887703877403906e-03,-4.211837280185839333e-03,7.517441854565401482e-02,0.000000000000000000e+00
3.544999999999999929e+00,2.600203332036868029e-02,-6.677188603814443457e-02,8.029779798722677317e-03,-4.231271613849935283e-03,7.497414274074601370e-02,0.000000000000000000e+00
3.550000000000000266e+00,2.566918165955393849e-02,-6.636897805164590491e-02,8.008575517652232259e-03,-4.250387998898724588e-03,7.477299494413974790e-02,0.000000000000000000e+00
3.555000000000000160e+00,2.533834153918592194e-02,-6.596727045876056572e-02,7.987276445128903973e-03,-4.269188546199037537e-03,7.457098981999095433e-02,0.000000000000000000e+00
3.560000000000000053e+00,2.500950694836845400e-02,-6.556676681847982413e-02,7.965884155079653445e-03,-4.287675359231579719e-03,7.436814193418882224e-02,0.000000000000000000e+00
3.564999999999999947e+00,2.468267185859375490e-02,-6.516747061654115658e-02,7.944400210932523951e-03,-4.305850534081371098e-03,7.416446575470533875e-02,0.000000000000000000e+00
3.570000000000000284e+00,2.435783022410740670e-02,-6.476938526594695766e-02,7.922826165653640978e-03,-4.323716159428540699e-03,7.395997565194505075e-02,0.000000000000000000e+00
3.575000000000000178e+00,2.403497598227074747e-02,-6.437251410748133507e-02,7.901163561784260714e-03,-4.341274316539470851e-03,7.375468589909515982e-02,0.000000000000000000e+00
3.580000000000000071e+00,2.371410305392065987e-02,-6.397686041022496162e-02,7.879413931477860164e-03,-4.358527079258284892e-03,7.354861067247601969e-02,0.000000000000000000e+00
3.584999999999999964e+00,2.339520534372681662e-02,-6.358242737206792894e-02,7.857578796537267180e-03,-4.375476513998684432e-03,7.334176405189188341e-02,0.000000000000000000e+00
3.589999999999999858e+00,2.307827674054635167e-02,-6.318921812022061657e-02,7.835659668451835577e-03,-4.392124679736123145e-03,7.313416002098201141e-02,0.000000000000000000e+00
3.595000000000000195e+00,2.276331111777598823e-02,-6.279723571172249330e-02,7.813658048434651490e-03,-4.408473628000318841e-03,7.292581246757232072e-02,0.000000000000000000e+00
3.600000000000000089e+00,2.245030233370161679e-02,-6.240648313394905194e-02,7.791575427459782217e-03,-4.424525402868100324e-03,7.271673518402671510e-02,0.000000000000000000e+00
3.604999999999999982e+00,2.213924423184536125e-02,-6.201696330511662081e-02,7.769413286299558033e-03,-4.440282040956588204e-03,7.250694186759945592e-02,0.000000000000000000e+00
3.609999999999999876e+00,2.183013064131011580e-02,-6.162867907478527391e-02,7.747173095561885221e-03,-4.455745571416706158e-03,7.229644612078725552e-02,0.000000000000000000e+00
3.615000000000000213e+00,2.152295537712156995e-02,-6.124163322435969420e-02,7.724856315727594673e-03,-4.470918015927012254e-03,7.208526145168181465e-02,0.000000000000000000e+00
3.620000000000000107e+00,2.121771224056773555e-02,-6.085582846758805925e-02,7.702464397187817370e-03,-4.485801388687860741e-03,7.187340127432267911e-02,0.000000000000000000e+00
3.625000000000000000e+00,2.091439501953599317e-02,-6.047126745105893542e-02,7.679998780281389360e-03,-4.500397696415882158e-03,7.166087890905001312e-02,0.000000000000000000e+00
3.629999999999999893e+00,2.061299748884764735e-02,-6.008795275469615976e-02,7.657460895332284488e-03,-4.514708938338780897e-03,7.144770758285803880e-02,0.000000000000000000e+00
3.635000000000000231e+00,2.031351341059001517e-02,-5.970588689225174439e-02,7.634852162687070544e-03,-4.528737106190448489e-03,7.123390042974821201e-02,0.000000000000000000e+00
3.640000000000000124e+00,2.001593653444606186e-02,-5.932507231179678930e-02,7.612173992752389699e-03,-4.542484184206389136e-03,7.101947049108281451e-02,0.000000000000000000e+00
3.645000000000000018e+00,1.972026059802158351e-02,-5.894551139621037605e-02,7.589427786032460627e-03,-4.555952149119459234e-03,7.080443071593872650e-02,0.000000000000000000e+00
3.649999999999999911e+00,1.942647932716994041e-02,-5.856720646366648381e-02,7.566614933166604905e-03,-4.569142970155905259e-03,7.058879396146121310e-02,0.000000000000000000e+00
3.655000000000000249e+00,1.913458643631437903e-02,-5.819015976811890006e-02,7.543736814966784700e-03,-4.582058609031715649e-03,7.037257299321798831e-02,0.000000000000000000e+00
3.660000000000000142e+00,1.884457562876791850e-02,-5.781437349978416768e-02,7.520794802455166468e-03,-4.594701019949268446e-03,7.015578048555330681e-02,0.000000000000000000e+00
3.665000000000000036e+00,1.855644059705083629e-02,-5.743984978562249183e-02,7.497790256901694199e-03,-4.607072149594279922e-03,6.993842902194218059e-02,0.000000000000000000e+00
3.669999999999999929e+00,1.827017502320575290e-02,-5.706659068981669719e-02,7.474724529861680872e-03,-4.619173937133052438e-03,6.972053109534476212e-02,0.000000000000000000e+00
3.675000000000000266e+00,1.798577257911032276e-02,-5.669459821424915891e-02,7.451598963213412925e-03,-4.631008314210011134e-03,6.950209910856063045e-02,0.000000000000000000e+00
3.680000000000000160e+00,1.770322692678755194e-02,-5.632387429897676295e-02,7.428414889195762531e-03,-4.642577204945533796e-03,6.928314537458339639e-02,0.000000000000000000e+00
3.685000000000000053e+00,1.742253171871373935e-02,-5.595442082270386808e-02,7.405173630445815482e-03,-4.653882525934074747e-03,6.906368211695526615e-02,0.000000000000000000e+00
3.689999999999999947e+00,1.714368059812405864e-02,-5.558623960325329710e-02,7.381876500036501677e-03,-4.664926186242565435e-03,6.884372147012131349e-02,0.000000000000000000e+00
3.695000000000000284e+00,1.686666719931579836e-02,-5.521933239803528820e-02,7.358524801514238628e-03,-4.675710087409108186e-03,6.862327547978444575e-02,0.000000000000000000e+00
3.700000000000000178e+00,1.659148514794925311e-02,-5.485370090451451713e-02,7.335119828936578421e-03,-4.686236123441944040e-03,6.840235610325987037e-02,0.000000000000000000e+00
3.705000000000000071e+00,1.631812806134629035e-02,-5.448934676067510030e-02,7.311662866909858158e-03,-4.696506180818700756e-03,6.818097520982965842e-02,0.000000000000000000e+00
3.709999999999999964e+00,1.604658954878659255e-02,-5.412627154548361325e-02,7.288155190626852999e-03,-4.706522138485922692e-03,6.795914458109740541e-02,0.000000000000000000e+00
3.714999999999999858e+00,1.577686321180159223e-02,-5.376447677935013159e-02,7.264598065904434403e-03,-4.716285867858865249e-03,6.773687591134287811e-02,0.000000000000000000e+00
3.720000000000000195e+00,1.550894264446610674e-02,-5.340396392458728048e-02,7.240992749221226640e-03,-4.725799232821566859e-03,6.751418080787650877e-02,0.000000000000000000e+00
3.725000000000000089e+00,1.524282143368767793e-02,-5.304473438586731343e-02,7.217340487755259833e-03,-4.735064089727187252e-03,6.729107079139387548e-02,0.000000000000000000e+00
3.729999999999999982e+00,1.497849315949364296e-02,-5.268678951067719274e-02,7.193642519421623860e-03,-4.744082287398612881e-03,6.706755729633022411e-02,0.000000000000000000e+00
3.734999999999999876e+00,1.471595139531592031e-02,-5.233013058977171311e-02,7.169900072910120534e-03,-4.752855667129324280e-03,6.684365167121486540e-02,0.000000000000000000e+00
3.740000000000000213e+00,1.445518970827354595e-02,-5.197475885762462000e-02,7.146114367722902760e-03,-4.761386062684527971e-03,6.661936517902533605e-02,0.000000000000000000e+00
3.745000000000000107e+00,1.419620165945295436e-02,-5.162067549287776419e-02,7.122286614212116306e-03,-4.769675300302544246e-03,6.639470899754176814e-02,0.000000000000000000e+00
3.750000000000000000e+00,1.393898080418601651e-02,-5.126788161878829964e-02,7.098418013617530282e-03,-4.777725198696455150e-03,6.616969421970093912e-02,0.000000000000000000e+00
3.754999999999999893e+00,1.368352069232585226e-02,-5.091637830367385514e-02,7.074509758104155499e-03,-4.785537569056000536e-03,6.594433185395011388e-02,0.000000000000000000e+00
3.760000000000000231e+00,1.342981486852041703e-02,-5.056616656135580479e-02,7.050563030799860201e-03,-4.793114215049732590e-03,6.571863282460113642e-02,0.000000000000000000e+00
3.765000000000000124e+00,1.317785687248388370e-02,-5.021724735160049136e-02,7.026579005832965866e-03,-4.800456932827418428e-03,6.549260797218391106e-02,0.000000000000000000e+00
3.770000000000000018e+00,1.292764023926581095e-02,-4.986962158055854855e-02,7.002558848369837795e-03,-4.807567511022684675e-03,6.526626805380018881e-02,0.000000000000000000e+00
3.774999999999999911e+00,1.267915849951813632e-02,-4.952329010120221781e-02,6.978503714652457487e-03,-4.814447730755914458e-03,6.503962374347671549e-02,0.000000000000000000e+00
3.780000000000000249e+00,1.243240517975997307e-02,-4.917825371376070148e-02,6.954414752035980272e-03,-4.821099365637380313e-03,6.481268563251860182e-02,0.000000000000000000e+00
3.785000000000000142e+00,1.218737380264024207e-02,-4.883451316615356613e-02,6.930293099026279928e-03,-4.827524181770623431e-03,6.458546422986241597e-02,0.000000000000000000e+00
3.790000000000000036e+00,1.194405788719814059e-02,-4.849206915442218213e-02,6.906139885317469883e-03,-4.833723937756066215e-03,6.435796996242883206e-02,0.000000000000000000e+00
3.794999999999999929e+00,1.170245094912146164e-02,-4.815092232315919263e-02,6.881956231829413143e-03,-4.839700384694860767e-03,6.413021317547537570e-02,0.000000000000000000e+00
3.800000000000000266e+00,1.146254650100276412e-02,-4.781107326593603268e-02,6.857743250745206194e-03,-4.845455266192974161e-03,6.390220413294890600e-02,0.000000000000000000e+00
3.805000000000000160e+00,1.122433805259341610e-02,-4.747252252572850550e-02,6.833502045548643829e-03,-4.850990318365502700e-03,6.367395301783766726e-02,0.000000000000000000e+00
3.810000000000000053e+00,1.098781911105551311e-02,-4.713527059534038111e-02,6.809233711061664016e-03,-4.856307269841215156e-03,6.344546993252322964e-02,0.000000000000000000e+00
3.814999999999999947e+00,1.075298318121168176e-02,-4.679931791782505901e-02,6.784939333481766754e-03,-4.861407841767320659e-03,6.321676489913236052e-02,0.000000000000000000e+00
3.820000000000000284e+00,1.051982376579278441e-02,-4.646466488690528113e-02,6.760619990419408643e-03,-4.866293747814466435e-03,6.298784785988820190e-02,0.000000000000000000e+00
3.825000000000000178e+00,1.028833436568352654e-02,-4.613131184739090174e-02,6.736276750935374889e-03,-4.870966694181954985e-03,6.275872867746168371e-02,0.000000000000000000e+00
3.830000000000000071e+00,1.005850848016597715e-02,-4.579925909559470765e-02,6.711910675578120974e-03,-4.875428379603178111e-03,6.252941713532220169e-02,0.000000000000000000e+00
3.834999999999999964e+00,9.830339607161021551e-03,-4.546850687974628852e-02,6.687522816421087417e-03,-4.879680495351275578e-03,6.229992293808836457e-02,0.000000000000000000e+00
3.839999999999999858e+00,9.603821243467747931e-03,-4.513905540040399900e-02,6.663114217099988523e-03,-4.883724725245002819e-03,6.207025571187819307e-02,0.000000000000000000e+00
3.845000000000000195e+00,9.378946885000776640e-03,-4.481090481086494326e-02,6.638685912850068177e-03,-4.887562745654818949e-03,6.184042500465912473e-02,0.000000000000000000e+00
3.850000000000000089e+00,9.155710027025544193e-03,-4.448405521757305831e-02,6.614238930543324402e-03,-4.891196225509181206e-03,6.161044028659774796e-02,0.000000000000000000e+00
3.854999999999999982e+00,8.934104164391554193e-03,-4.415850668052525435e-02,6.589774288725706169e-03,-4.894626826301051031e-03,6.138031095040895335e-02,0.000000000000000000e+00
3.859999999999999876e+00,8.714122791763598622e-03,-4.383425921367562622e-02,6.565292997654271177e-03,-4.897856202094604851e-03,6.115004631170517513e-02,0.000000000000000000e+00
3.865000000000000213e+00,8.495759403850970323e-03,-4.351131278533772878e-02,6.540796059334314135e-03,-4.900885999532157353e-03,6.091965560934482771e-02,0.000000000000000000e+00
3.870000000000000107e+00,8.279007495634661470e-03,-4.318966731858495806e-02,6.516284467556458619e-03,-4.903717857841277325e-03,6.068914800578068675e-02,0.000000000000000000e+00
3.875000000000000000e+00,8.063860562592563633e-03,-4.286932269164898252e-02,6.491759207933711640e-03,-4.906353408842114260e-03,6.045853258740779834e-02,0.000000000000000000e+00
3.879999999999999893e+00,7.850312100922691994e-03,-4.255027873831626617e-02,6.467221257938481765e-03,-4.908794276954917511e-03,6.022781836491097190e-02,0.000000000000000000e+00
3.885000000000000231e+00,7.638355607764416369e-03,-4.223253524832269040e-02,6.442671586939560831e-03,-4.911042079207754082e-03,5.999701427361207873e-02,0.000000000000000000e+00
3.890000000000000124e+00,7.427984581417737195e-03,-4.191609196774623985e-02,6.418111156239064002e-03,-4.913098425244425034e-03,5.976612917381661505e-02,0.000000000000000000e+00
3.895000000000000018e+00,7.219192521560595203e-03,-4.160094859939780093e-02,6.393540919109331686e-03,-4.914964917332568378e-03,5.953517185116020960e-02,0.000000000000000000e+00
3.899999999999999911e+00,7.011972929464233874e-03,-4.128710480321003823e-02,6.368961820829788928e-03,-4.916643150371956261e-03,5.930415101695457603e-02,0.000000000000000000e+00
3.905000000000000249e+00,6.806319308206620726e-03,-4.097456019662439053e-02,6.344374798723763191e-03,-4.918134711902984700e-03,5.907307530853286859e-02,0.000000000000000000e+00
3.910000000000000142e+00,6.602225162883943073e-03,-4.066331435497613084e-02,6.319780782195261355e-03,-4.919441182115340261e-03,5.884195328959500315e-02,0.000000000000000000e+00
3.915000000000000036e+00,6.399684000820178228e-03,-4.035336681187758068e-02,6.295180692765699887e-03,-4.920564133856862761e-03,5.861079345055217327e-02,0.000000000000000000e+00
3.919999999999999929e+00,6.198689331774754653e-03,-4.004471705959937455e-02,6.270575444110592506e-03,-4.921505132642582311e-03,5.837960420887110258e-02,0.000000000000000000e+00
3.925000000000000266e+00,5.999234668148310974e-03,-3.973736454944987867e-02,6.245965942096190146e-03,-4.922265736663943708e-03,5.814839390941786701e-02,0.000000000000000000e+00
3.930000000000000160e+00,5.801313525186562424e-03,-3.943130869215270146e-02,6.221353084816074949e-03,-4.922847496798204298e-03,5.791717082480100226e-02,0.000000000000000000e+00
3.935000000000000053e+00,5.604919421182285103e-03,-3.912654885822233058e-02,6.196737762627710019e-03,-4.923251956618013118e-03,5.768594315571455577e-02,0.000000000000000000e+00
3.939999999999999947e+00,5.410045877675426738e-03,-3.882308437833786874e-02,6.172120858188935404e-03,-4.923480652401162651e-03,5.745471903128025054e-02,0.000000000000000000e+00
3.945000000000000284e+00,5.216686419651352623e-03,-3.852091454371493057e-02,6.147503246494418969e-03,-4.923535113140514903e-03,5.722350650938951011e-02,0.000000000000000000e+00
3.950000000000000178e+00,5.024834575737237991e-03,-3.822003860647562451e-02,6.122885794912055236e-03,-4.923416860554098370e-03,5.699231357704462320e-02,0.000000000000000000e+00
3.955000000000000071e+00,4.834483878396613789e-03,-3.792045578001668887e-02,6.098269363219315647e-03,-4.923127409095374128e-03,5.676114815069981806e-02,0.000000000000000000e+00
3.959999999999999964e+00,4.645627864122076241e-03,-3.762216523937576829e-02,6.073654803639542445e-03,-4.922668265963671928e-03,5.653001807660143485e-02,0.000000000000000000e+00
3.965000000000000302e+00,4.458260073626173214e-03,-3.732516612159579583e-02,6.049042960878194854e-03,-4.922040931114788492e-03,5.629893113112782732e-02,0.000000000000000000e+00
3.970000000000000195e+00,4.272374052030467398e-03,-3.702945752608755026e-02,6.024434672159039751e-03,-4.921246897271749736e-03,5.606789502112872331e-02,0.000000000000000000e+00
3.975000000000000089e+00,4.087963349052797964e-03,-3.673503851499033968e-02,5.999830767260288557e-03,-4.920287649935737792e-03,5.583691738426388440e-02,0.000000000000000000e+00
3.979999999999999982e+00,3.905021519192736386e-03,-3.644190811353081871e-02,5.975232068550677747e-03,-4.919164667397176761e-03,5.560600578934143945e-02,0.000000000000000000e+00
3.984999999999999876e+00,3.723542121915259830e-03,-3.615006531037999460e-02,5.950639391025495592e-03,-4.917879420746976322e-03,5.537516773665544789e-02,0.000000000000000000e+00
3.990000000000000213e+00,3.543518721832638208e-03,-3.585950905800834587e-02,5.926053542342550780e-03,-4.916433373887932334e-03,5.514441065832326183e-02,0.000000000000000000e+00
3.995000000000000107e+00,3.364944888884554858e-03,-3.557023827303915087e-02,5.901475322858083794e-03,-4.914827983546280962e-03,5.491374191862179871e-02,0.000000000000000000e+00
4.000000000000000000e+00,3.187814198516461701e-03,-3.528225183659990799e-02,5.876905525662621047e-03,-4.913064699283406327e-03,5.468316881432366827e-02,0.000000000000000000e+00
4.004999999999999893e+00,3.012120231856183633e-03,-3.499554859467199353e-02,5.852344936616770028e-03,-4.911144963507700807e-03,5.445269857503272359e-02,0.000000000000000000e+00
4.009999999999999787e+00,2.837856575888779084e-03,-3.471012735843845287e-02,5.827794334386953747e-03,-4.909070211486571932e-03,5.422233836351873781e-02,0.000000000000000000e+00
4.014999999999999680e+00,2.665016823629666291e-03,-3.442598690462995298e-02,5.803254490481085312e-03,-4.906841871358599318e-03,5.399209527605167147e-02,0.000000000000000000e+00
4.020000000000000462e+00,2.493594574296023516e-03,-3.414312597586895842e-02,5.778726169284180945e-03,-4.904461364145835597e-03,5.376197634273535697e-02,0.000000000000000000e+00
4.025000000000000355e+00,2.323583433476474058e-03,-3.386154328101202704e-02,5.754210128093912267e-03,-4.901930103766250456e-03,5.353198852784060713e-02,0.000000000000000000e+00
4.030000000000000249e+00,2.154977013299062567e-03,-3.358123749549036391e-02,5.729707117156094404e-03,-4.899249497046321254e-03,5.330213873013751880e-02,0.000000000000000000e+00
4.035000000000000142e+00,1.987768932597535655e-03,-3.330220726164849487e-02,5.705217879700113376e-03,-4.896420943733758961e-03,5.307243378322741567e-02,0.000000000000000000e+00
4.040000000000000036e+00,1.821952817075931600e-03,-3.302445118908117760e-02,5.680743151974286705e-03,-4.893445836510375464e-03,5.284288045587409721e-02,0.000000000000000000e+00
4.044999999999999929e+00,1.657522299471490823e-03,-3.274796785496849466e-02,5.656283663281159828e-03,-4.890325561005090527e-03,5.261348545233418550e-02,0.000000000000000000e+00
4.049999999999999822e+00,1.494471019715895186e-03,-3.247275580440914938e-02,5.631840136012739202e-03,-4.887061495807069715e-03,5.238425541268734720e-02,0.000000000000000000e+00
4.054999999999999716e+00,1.332792625094845638e-03,-3.219881355075197155e-02,5.607413285685656883e-03,-4.883655012478997637e-03,5.215519691316538448e-02,0.000000000000000000e+00
4.060000000000000497e+00,1.172480770405986451e-03,-3.192613957592562585e-02,5.583003820976270050e-03,-4.880107475570483883e-03,5.192631646648102062e-02,0.000000000000000000e+00
4.065000000000000391e+00,1.013529118115185160e-03,-3.165473233076654402e-02,5.558612443755691149e-03,-4.876420242631600808e-03,5.169762052215579745e-02,0.000000000000000000e+00
4.070000000000000284e+00,8.559313385111779523e-04,-3.138459023534505982e-02,5.534239849124754709e-03,-4.872594664226546218e-03,5.146911546684748706e-02,0.000000000000000000e+00
4.075000000000000178e+00,6.996811098585886549e-04,-3.111571167928978490e-02,5.509886725448908708e-03,-4.868632083947436150e-03,5.124080762467680961e-02,0.000000000000000000e+00
4.080000000000000071e+00,5.447721185493297575e-04,-3.084809502211019114e-02,5.485553754393041742e-03,-4.864533838428224295e-03,5.101270325755322133e-02,0.000000000000000000e+00
4.084999999999999964e+00,3.911980592523955154e-04,-3.058173859351744420e-02,5.461241610956239952e-03,-4.860301257358741120e-03,5.078480856550059847e-02,0.000000000000000000e+00
4.089999999999999858e+00,2.389526350620550929e-04,-3.031664069374344697e-02,5.436950963506470211e-03,-4.855935663498859613e-03,5.055712968698161669e-02,0.000000000000000000e+00
4.094999999999999751e+00,8.802955764445483046e-05,-3.005279959385815519e-02,5.412682473815195669e-03,-4.851438372692778132e-03,5.032967269922176273e-02,0.000000000000000000e+00
4.099999999999999645e+00,-6.157745261736155594e-05,-2.979021353608510281e-02,5.388436797091916697e-03,-4.846810693883423816e-03,5.010244361853263828e-02,0.000000000000000000e+00
4.105000000000000426e+00,-2.098746664800060346e-04,-2.952888073411519959e-02,5.364214582018644178e-03,-4.842053929126976554e-03,4.987544840063466711e-02,0.000000000000000000e+00
4.110000000000000320e+00,-3.568683456978640378e-04,-2.926879937341876278e-02,5.340016470784292139e-03,-4.837169373607503112e-03,4.964869294097865038e-02,0.000000000000000000e+00
4.115000000000000213e+00,-5.025647428827679369e-04,-2.900996761155582096e-02,5.315843099119005322e-03,-4.832158315651710091e-03,4.942218307506722474e-02,0.000000000000000000e+00
4.120000000000000107e+00,-6.469701013652176189e-04,-2.875238357848467277e-02,5.291695096328406095e-03,-4.827022036743807039e-03,4.919592457877517561e-02,0.000000000000000000e+00
4.125000000000000000e+00,-7.900906550571398443e-04,-2.849604537686870401e-02,5.267573085327771978e-03,-4.821761811540483181e-03,4.896992316866918826e-02,0.000000000000000000e+00
4.129999999999999893e+00,-9.319326283161768728e-04,-2.824095108238148383e-02,5.243477682676134233e-03,-4.816378907885991711e-03,4.874418450232686356e-02,0.000000000000000000e+00
4.134999999999999787e+00,-1.072502235811496766e-03,-2.798709874401013320e-02,5.219409498610302726e-03,-4.810874586827344236e-03,4.851871417865501884e-02,0.000000000000000000e+00
4.139999999999999680e+00,-1.211805682391115880e-03,-2.773448638435696903e-02,5.195369137078811872e-03,-4.805250102629611900e-03,4.829351773820711458e-02,0.000000000000000000e+00
4.145000000000000462e+00,-1.349849162950725150e-03,-2.748311199993943438e-02,5.171357195775795439e-03,-4.799506702791327996e-03,4.806860066350032018e-02,0.000000000000000000e+00
4.150000000000000355e+00,-1.486638862304012244e-03,-2.723297356148831477e-02,5.147374266174777231e-03,-4.793645628059998998e-03,4.784396837933127533e-02,0.000000000000000000e+00
4.155000000000000249e+00,-1.622180955054470164e-03,-2.698406901424424756e-02,5.123420933562389777e-03,-4.787668112447716201e-03,4.761962625309162228e-02,0.000000000000000000e+00
4.160000000000000142e+00,-1.756481605468684579e-03,-2.673639627825253121e-02,5.099497777072009748e-03,-4.781575383246867983e-03,4.739557959508248347e-02,0.000000000000000000e+00
4.165000000000000036e+00,-1.889546967351089833e-03,-2.648995324865622766e-02,5.075605369717318786e-03,-4.775368661045951806e-03,4.717183365882829382e-02,0.000000000000000000e+00
4.169999999999999929e+00,-2.021383183920187968e-03,-2.624473779598758202e-02,5.051744278425781935e-03,-4.769049159745480763e-03,4.694839364138984894e-02,0.000000000000000000e+00
4.174999999999999822e+00,-2.151996387686218835e-03,-2.600074776645774563e-02,5.027915064072049738e-03,-4.762618086573993346e-03,4.672526468367656227e-02,0.000000000000000000e+00
4.179999999999999716e+00,-2.281392700330275684e-03,-2.575798098224481650e-02,5.004118281511276203e-03,-4.756076642104150806e-03,4.650245187075809777e-02,0.000000000000000000e+00
4.185000000000000497e+00,-2.409578232584856650e-03,-2.551643524178019359e-02,4.980354479612356979e-03,-4.749426020268934269e-03,4.627996023217491317e-02,0.000000000000000000e+00
4.190000000000000391e+00,-2.536559084115843493e-03,-2.527610832003327618e-02,4.956624201291088584e-03,-4.742667408377929453e-03,4.605779474224840075e-02,0.000000000000000000e+00
4.195000000000000284e+00,-2.662341343405899997e-03,-2.503699796879446313e-02,4.932927983543243522e-03,-4.735801987133705059e-03,4.583596032038998735e-02,0.000000000000000000e+00
4.200000000000000178e+00,-2.786931087639281119e-03,-2.479910191695651467e-02,4.909266357477566449e-03,-4.728830930648277898e-03,4.561446183140949184e-02,0.000000000000000000e+00
4.205000000000000071e+00,-2.910334382588044243e-03,-2.456241787079423144e-02,4.885639848348681882e-03,-4.721755406459667362e-03,4.539330408582288590e-02,0.000000000000000000e+00
4.209999999999999964e+00,-3.032557282499655140e-03,-2.432694351424248905e-02,4.862048975589925576e-03,-4.714576575548538352e-03,4.517249184015897229e-02,0.000000000000000000e+00
4.214999999999999858e+00,-3.153605829985981282e-03,-2.409267650917262457e-02,4.838494252846087425e-03,-4.707295592354925756e-03,4.495202979726534154e-02,0.000000000000000000e+00
4.219999999999999751e+00,-3.273486055913659917e-03,-2.385961449566715784e-02,4.814976188006075443e-03,-4.699913604795045649e-03,4.473192260661376651e-02,0.000000000000000000e+00
4.224999999999999645e+00,-3.392203979295838317e-03,-2.362775509229289583e-02,4.791495283235490399e-03,-4.692431754278185430e-03,4.451217486460454231e-02,0.000000000000000000e+00
4.230000000000000426e+00,-3.509765607185274475e-03,-2.339709589637237533e-02,4.768052035009117187e-03,-4.684851175723680691e-03,4.429279111487000042e-02,0.000000000000000000e+00
4.235000000000000320e+00,-3.626176934568790464e-03,-2.316763448425369909e-02,4.744646934143335534e-03,-4.677172997577966687e-03,4.407377584857739145e-02,0.000000000000000000e+00
4.240000000000000213e+00,-3.741443944263072360e-03,-2.293936841157871720e-02,4.721280465828437897e-03,-4.669398341831710458e-03,4.385513350473081023e-02,0.000000000000000000e+00
4.245000000000000107e+00,-3.855572606811805483e-03,-2.271229521354960895e-02,4.697953109660867564e-03,-4.661528324037021026e-03,4.363686847047242023e-02,0.000000000000000000e+00
4.250000000000000000e+00,-3.968568880384138430e-03,-2.248641240519383758e-02,4.674665339675367418e-03,-4.653564053324732441e-03,4.341898508138258839e-02,0.000000000000000000e+00
4.254999999999999893e+00,-4.080438710674470261e-03,-2.226171748162748473e-02,4.651417624377043696e-03,-4.645506632421764898e-03,4.320148762177968699e-02,0.000000000000000000e+00
4.259999999999999787e+00,-4.191188030803547418e-03,-2.203820791831699252e-02,4.628210426773342150e-03,-4.637357157668557835e-03,4.298438032501850081e-02,0.000000000000000000e+00
4.264999999999999680e+00,-4.300822761220866874e-03,-2.181588117133929569e-02,4.605044204405933997e-03,-4.629116719036572430e-03,4.276766737378823180e-02,0.000000000000000000e+00
4.270000000000000462e+00,-4.409348809608374699e-03,-2.159473467764035093e-02,4.581919409382521208e-03,-4.620786400145870422e-03,4.255135290040942819e-02,0.000000000000000000e+00
4.275000000000000355e+00,-4.516772070785456117e-03,-2.137476585529207718e-02,4.558836488408545516e-03,-4.612367278282756243e-03,4.233544098713010184e-02,0.000000000000000000e+00
4.280000000000000249e+00,-4.623098426615201463e-03,-2.115597210374771733e-02,4.535795882818815898e-03,-4.603860424417492020e-03,4.211993566642123488e-02,0.000000000000000000e+00
4.285000000000000142e+00,-4.728333745911950624e-03,-2.093835080409559360e-02,4.512798028609042375e-03,-4.595266903222076753e-03,4.190484092127111371e-02,0.000000000000000000e+00
4.290000000000000036e+00,-4.832483884350099491e-03,-2.072189931931131199e-02,4.489843356467283081e-03,-4.586587773088093151e-03,4.169016068547885812e-02,0.000000000000000000e+00
4.294999999999999929e+00,-4.935554684374160624e-03,-2.050661499450837089e-02,4.466932291805303726e-03,-4.577824086144616916e-03,4.147589884394754789e-02,0.000000000000000000e+00
4.299999999999999822e+00,-5.037551975110079842e-03,-2.029249515718722224e-02,4.444065254789840783e-03,-4.568976888276192819e-03,4.126205923297578126e-02,0.000000000000000000e+00
4.304999999999999716e+00,-5.138481572277787089e-03,-2.007953711748275069e-02,4.421242660373784009e-03,-4.560047219140868011e-03,4.104864564054888643e-02,0.000000000000000000e+00
4.310000000000000497e+00,-5.238349278104985872e-03,-1.986773816841020876e-02,4.398464918327260956e-03,-4.551036112188290399e-03,4.083566180662934197e-02,0.000000000000000000e+00
4.315000000000000391e+00,-5.337160881242166560e-03,-1.965709558610958738e-02,4.375732433268633877e-03,-4.541944594677863392e-03,4.062311142344567083e-02,0.000000000000000000e+00
4.320000000000000284e+00,-5.434922156678838323e-03,-1.944760663008844592e-02,4.353045604695405559e-03,-4.532773687696963968e-03,4.041099813578141742e-02,0.000000000000000000e+00
4.325000000000000178e+00,-5.531638865660968435e-03,-1.923926854346320534e-02,4.330404827015034083e-03,-4.523524406179211046e-03,4.019932554126239010e-02,0.000000000000000000e+00
4.330000000000000071e+00,-5.627316755609629816e-03,-1.903207855319888342e-02,4.307810489575655648e-03,-4.514197758922798044e-03,3.998809719064363999e-02,0.000000000000000000e+00
4.334999999999999964e+00,-5.721961560040836857e-03,-1.882603387034732789e-02,4.285262976696715444e-03,-4.504794748608874008e-03,3.977731658809517679e-02,0.000000000000000000e+00
4.339999999999999858e+00,-5.815578998486575606e-03,-1.862113169028388471e-02,4.262762667699507464e-03,-4.495316371819981123e-03,3.956698719148710186e-02,0.000000000000000000e+00
4.344999999999999751e+00,-5.908174776417005752e-03,-1.841736919294257452e-02,4.240309936937621503e-03,-4.485763619058545995e-03,3.935711241267374205e-02,0.000000000000000000e+00
4.350000000000000533e+00,-5.999754585163842233e-03,-1.821474354304974605e-02,4.217905153827296479e-03,-4.476137474765421245e-03,3.914769561777674267e-02,0.000000000000000000e+00
4.355000000000000426e+00,-6.090324101844896490e-03,-1.801325189035619598e-02,4.195548682877680950e-03,-4.466438917338476540e-03,3.893874012746756375e-02,0.000000000000000000e+00
4.360000000000000320e+00,-6.179888989289775668e-03,-1.781289136986780736e-02,4.173240883721005164e-03,-4.456668919151241665e-03,3.873024921724899788e-02,0.000000000000000000e+00
4.365000000000000213e+00,-6.268454895966731055e-03,-1.761365910207467883e-02,4.150982111142651615e-03,-4.446828446571595567e-03,3.852222611773563343e-02,0.000000000000000000e+00
4.370000000000000107e+00,-6.356027455910650582e-03,-1.741555219317874811e-02,4.128772715111139746e-03,-4.436918459980505706e-03,3.831467401493365843e-02,0.000000000000000000e+00
4.375000000000000000e+00,-6.442612288652182356e-03,-1.721856773531993401e-02,4.106613040808011761e-03,-4.426939913790808173e-03,3.810759605051967924e-02,0.000000000000000000e+00
4.379999999999999893e+00,-6.528214999147987502e-03,-1.702270280680078310e-02,4.084503428657627368e-03,-4.416893756466037241e-03,3.790099532211866490e-02,0.000000000000000000e+00
4.384999999999999787e+00,-6.612841177712111031e-03,-1.682795447230964539e-02,4.062444214356861379e-03,-4.406780930539299160e-03,3.769487488358086447e-02,0.000000000000000000e+00
4.389999999999999680e+00,-6.696496399948466405e-03,-1.663431978314236503e-02,4.040435728904711102e-03,-4.396602372632184112e-03,3.748923774525814157e-02,0.000000000000000000e+00
4.395000000000000462e+00,-6.779186226684425984e-03,-1.644179577742250695e-02,4.018478298631803988e-03,-4.386359013473725005e-03,3.728408687427904600e-02,0.000000000000000000e+00
4.400000000000000355e+00,-6.860916203905502615e-03,-1.625037948032010543e-02,3.996572245229815072e-03,-4.376051777919394425e-03,3.707942519482328170e-02,0.000000000000000000e+00
4.405000000000000249e+00,-6.941691862691131039e-03,-1.606006790426896605e-02,3.974717885780785533e-03,-4.365681584970143234e-03,3.687525558839506445e-02,0.000000000000000000e+00
4.410000000000000142e+00,-7.021518719151522217e-03,-1.587085804918250687e-02,3.952915532786349315e-03,-4.355249347791475580e-03,3.667158089409577881e-02,0.000000000000000000e+00
4.415000000000000036e+00,-7.100402274365601868e-03,-1.568274690266815291e-02,3.931165494196860871e-03,-4.344755973732562088e-03,3.646840390889548311e-02,0.000000000000000000e+00
4.419999999999999929e+00,-7.178348014320010649e-03,-1.549573144024026829e-02,3.909468073440430097e-03,-4.334202364345391204e-03,3.626572738790370676e-02,0.000000000000000000e+00
4.424999999999999822e+00,-7.255361409849170329e-03,-1.530980862553167447e-02,3.887823569451859251e-03,-4.323589415403955236e-03,3.606355404463930381e-02,0.000000000000000000e+00
4.429999999999999716e+00,-7.331447916576400332e-03,-1.512497541050371493e-02,3.866232276701486639e-03,-4.312918016923469357e-03,3.586188655129934899e-02,0.000000000000000000e+00
4.435000000000000497e+00,-7.406612974856082061e-03,-1.494122873565490069e-02,3.844694485223930543e-03,-4.302189053179627902e-03,3.566072753902713860e-02,0.000000000000000000e+00
4.440000000000000391e+00,-7.480862009716866649e-03,-1.475856553022812309e-02,3.823210480646739920e-03,-4.291403402727890157e-03,3.546007959817930322e-02,0.000000000000000000e+00
4.445000000000000284e+00,-7.554200430805907938e-03,-1.457698271241645270e-02,3.801780544218946213e-03,-4.280561938422800840e-03,3.525994527859198369e-02,0.000000000000000000e+00
4.450000000000000178e+00,-7.626633632334126750e-03,-1.439647718956752788e-02,3.780404952839521056e-03,-4.269665527437335739e-03,3.506032708984610502e-02,0.000000000000000000e+00
4.455000000000000071e+00,-7.698166993022492570e-03,-1.421704585838652439e-02,3.759083979085733364e-03,-4.258715031282285512e-03,3.486122750153174132e-02,0.000000000000000000e+00
4.459999999999999964e+00,-7.768805876049313976e-03,-1.403868560513773373e-02,3.737817891241414486e-03,-4.247711305825659436e-03,3.466264894351153009e-02,0.000000000000000000e+00
4.464999999999999858e+00,-7.838555628998536071e-03,-1.386139330584473285e-02,3.716606953325121438e-03,-4.236655201312123850e-03,3.446459380618324686e-02,0.000000000000000000e+00
4.469999999999999751e+00,-7.907421583809035384e-03,-1.368516582648916791e-02,3.695451425118206033e-03,-4.225547562382464019e-03,3.426706444074135299e-02,0.000000000000000000e+00
4.475000000000000533e+00,-7.975409056724903564e-03,-1.351000002320815185e-02,3.674351562192785126e-03,-4.214389228093072884e-03,3.407006315943772456e-02,0.000000000000000000e+00
4.480000000000000426e+00,-8.042523348246713791e-03,-1.333589274249026915e-02,3.653307615939613718e-03,-4.203181031935464100e-03,3.387359223584134743e-02,0.000000000000000000e+00
4.485000000000000320e+00,-8.108769743083768175e-03,-1.316284082137021520e-02,3.632319833595861348e-03,-4.191923801855811094e-03,3.367765390509726980e-02,0.000000000000000000e+00
4.490000000000000213e+00,-8.174153510107307063e-03,-1.299084108762206015e-02,3.611388458272788739e-03,-4.180618360274508671e-03,3.348225036418438216e-02,0.000000000000000000e+00
4.495000000000000107e+00,-8.238679902304694991e-03,-1.281989035995114053e-02,3.590513728983328601e-03,-4.169265524105753712e-03,3.328738377217256572e-02,0.000000000000000000e+00
4.500000000000000000e+00,-8.302354156734545118e-03,-1.264998544818459782e-02,3.569695880669567119e-03,-4.157866104777153612e-03,3.309305625047865435e-02,0.000000000000000000e+00
4.504999999999999893e+00,-8.365181494482804708e-03,-1.248112315346055871e-02,3.548935144230127865e-03,-4.146420908249349481e-03,3.289926988312153605e-02,0.000000000000000000e+00
4.509999999999999787e+00,-8.427167120619782556e-03,-1.231330026841595884e-02,3.528231746547458129e-03,-4.134930735035660145e-03,3.270602671697653285e-02,0.000000000000000000e+00
4.514999999999999680e+00,-8.488316224158107964e-03,-1.214651357737302900e-02,3.507585910515015944e-03,-4.123396380221751312e-03,3.251332876202854549e-02,0.000000000000000000e+00
4.520000000000000462e+00,-8.548633978011619533e-03,-1.198075985652443526e-02,3.486997855064358654e-03,-4.111818633485310806e-03,3.232117799162454591e-02,0.000000000000000000e+00
4.525000000000000355e+00,-8.608125538955178555e-03,-1.181603587411709025e-02,3.466467795192134348e-03,-4.100198279115752423e-03,3.212957634272482765e-02,0.000000000000000000e+00
4.530000000000000249e+00,-8.666796047585396609e-03,-1.165233839063462527e-02,3.445995941986973975e-03,-4.088536096033929326e-03,3.193852571615367342e-02,0.000000000000000000e+00
4.535000000000000142e+00,-8.724650628282273890e-03,-1.148966415897854747e-02,3.425582502656284150e-03,-4.076832857811863928e-03,3.174802797684889155e-02,0.000000000000000000e+00
4.540000000000000036e+00,-8.781694389171737850e-03,-1.132800992464807165e-02,3.405227680552942379e-03,-4.065089332692494242e-03,3.155808495411045744e-02,0.000000000000000000e+00
4.544999999999999929e+00,-8.837932422089078699e-03,-1.116737242591864243e-02,3.384931675201892972e-03,-4.053306283609433257e-03,3.136869844184815570e-02,0.000000000000000000e+00
4.549999999999999822e+00,-8.893369802543273084e-03,-1.100774839401914319e-02,3.364694682326644509e-03,-4.041484468206738706e-03,3.117987019882847294e-02,0.000000000000000000e+00
4.554999999999999716e+00,-8.948011589682192471e-03,-1.084913455330780568e-02,3.344516893875667564e-03,-4.029624638858698461e-03,3.099160194892037340e-02,0.000000000000000000e+00
4.560000000000000497e+00,-9.001862826258685835e-03,-1.069152762144681690e-02,3.324398498048694844e-03,-4.017727542689625460e-03,3.080389538134026967e-02,0.000000000000000000e+00
4.565000000000000391e+00,-9.054928538597536644e-03,-1.053492430957564223e-02,3.304339679322921153e-03,-4.005793921593662175e-03,3.061675215089595253e-02,0.000000000000000000e+00
4.570000000000000284e+00,-9.107213736563275069e-03,-1.037932132248304586e-02,3.284340618479104912e-03,-3.993824512254598100e-03,3.043017387822972986e-02,0.000000000000000000e+00
4.575000000000000178e+00,-9.158723413528857549e-03,-1.022471535877784478e-02,3.264401492627569488e-03,-3.981820046165691560e-03,3.024416215006040659e-02,0.000000000000000000e+00
4.580000000000000071e+00,-9.209462546345185963e-03,-1.007110311105837396e-02,3.244522475234107393e-03,-3.969781249649503678e-03,3.005871851942462647e-02,0.000000000000000000e+00
4.584999999999999964e+00,-9.259436095311476822e-03,-9.918481266080686823e-03,3.224703736145783858e-03,-3.957708843877736672e-03,2.987384450591701671e-02,0.000000000000000000e+00
4.589999999999999858e+00,-9.308649004146471798e-03,-9.766846504925484271e-03,3.204945441616641102e-03,-3.945603544891082559e-03,2.968954159592953473e-02,0.000000000000000000e+00
4.594999999999999751e+00,-9.357106199960472243e-03,-9.616195503163785935e-03,3.185247754333304145e-03,-3.933466063619070995e-03,2.950581124288989554e-02,0.000000000000000000e+00
4.600000000000000533e+00,-9.404812593228204648e-03,-9.466524931021342085e-03,3.165610833440487323e-03,-3.921297105899929254e-03,2.932265486749897204e-02,0.000000000000000000e+00
4.605000000000000426e+00,-9.451773077762497949e-03,-9.317831453541799980e-03,3.146034834566400172e-03,-3.909097372500444818e-03,2.914007385796728647e-02,0.000000000000000000e+00
4.610000000000000320e+00,-9.497992530688784824e-03,-9.170111730748614284e-03,3.126519909848055317e-03,-3.896867559135826220e-03,2.895806957025070377e-02,0.000000000000000000e+00
4.615000000000000213e+00,-9.543475812420397497e-03,-9.023362417805731034e-03,3.107066207956477900e-03,-3.884608356489574737e-03,2.877664332828492808e-02,0.000000000000000000e+00
4.620000000000000107e+00,-9.588227766634673660e-03,-8.877580165177026070e-03,3.087673874121812240e-03,-3.872320450233351745e-03,2.859579642421929482e-02,0.000000000000000000e+00
4.625000000000000000e+00,-9.632253220249848216e-03,-8.732761618784515290e-03,3.068343050158333501e-03,-3.860004521046851711e-03,2.841553011864962272e-02,0.000000000000000000e+00
4.629999999999999893e+00,-9.675556983402739536e-03,-8.588903420165343652e-03,3.049073874489356597e-03,-3.847661244637672583e-03,2.823584564084988605e-02,0.000000000000000000e+00
4.634999999999999787e+00,-9.718143849427212863e-03,-8.446002206627551204e-03,3.029866482172047064e-03,-3.835291291761188347e-03,2.805674418900325900e-02,0.000000000000000000e+00
4.639999999999999680e+00,-9.760018594833426084e-03,-8.304054611404628264e-03,3.010721004922132637e-03,-3.822895328240421588e-03,2.787822693043200128e-02,0.000000000000000000e+00
4.645000000000000462e+00,-9.801185979287837038e-03,-8.163057263808859779e-03,2.991637571138515937e-03,-3.810474014985909975e-03,2.770029500182659768e-02,0.000000000000000000e+00
4.650000000000000355e+00,-9.841650745593977581e-03,-8.023006789383464038e-03,2.972616305927786116e-03,-3.798028008015577519e-03,2.752294950947373198e-02,0.000000000000000000e+00
4.655000000000000249e+00,-9.881417619673989183e-03,-7.883899810053534435e-03,2.953657331128633351e-03,-3.785557958474596290e-03,2.734619152948361206e-02,0.000000000000000000e+00
4.660000000000000142e+00,-9.920491310550904468e-03,-7.745732944275791204e-03,2.934760765336162300e-03,-3.773064512655249867e-03,2.717002210801609113e-02,0.000000000000000000e+00
4.665000000000000036e+00,-9.958876510331679879e-03,-7.608502807187139672e-03,2.915926723926107102e-03,-3.760548312016789851e-03,2.699444226150600132e-02,0.000000000000000000e+00
4.669999999999999929e+00,-9.996577894190962141e-03,-7.472206010752048023e-03,2.897155319078946641e-03,-3.748009993205287608e-03,2.681945297688756447e-02,0.000000000000000000e+00
4.674999999999999822e+00,-1.003360012035559544e-02,-7.336839163908748934e-03,2.878446659803921351e-03,-3.735450188073481670e-03,2.664505521181778983e-02,0.000000000000000000e+00
4.679999999999999716e+00,-1.006994783008985372e-02,-7.202398872714265050e-03,2.859800851962949857e-03,-3.722869523700618206e-03,2.647124989489900437e-02,0.000000000000000000e+00
4.685000000000000497e+00,-1.010562564768138945e-02,-7.068881740488268742e-03,2.841217998294446722e-03,-3.710268622412286280e-03,2.629803792590042905e-02,0.000000000000000000e+00
4.690000000000000391e+00,-1.014063818042790915e-02,-6.936284367955783924e-03,2.822698198437041759e-03,-3.697648101800242275e-03,2.612542017597880087e-02,0.000000000000000000e+00
4.695000000000000284e+00,-1.017499001862455336e-02,-6.804603353388721278e-03,2.804241548953198722e-03,-3.685008574742229537e-03,2.595339748789811732e-02,0.000000000000000000e+00
4.700000000000000178e+00,-1.020868573555198076e-02,-6.673835292746272893e-03,2.785848143352737290e-03,-3.672350649421788921e-03,2.578197067624842659e-02,0.000000000000000000e+00
4.705000000000000071e+00,-1.024172988746515668e-02,-6.543976779814151580e-03,2.767518072116253135e-03,-3.659674929348058492e-03,2.561114052766363253e-02,0.000000000000000000e+00
4.709999999999999964e+00,-1.027412701358282852e-02,-6.415024406342693941e-03,2.749251422718440845e-03,-3.646982013375563679e-03,2.544090780103849120e-02,0.000000000000000000e+00
4.714999999999999858e+00,-1.030588163607769163e-02,-6.286974762183822861e-03,2.731048279651318404e-03,-3.634272495723998332e-03,2.527127322774452151e-02,0.000000000000000000e+00
4.719999999999999751e+00,-1.033699826006723860e-02,-6.159824435426883293e-03,2.712908724447350185e-03,-3.621546965997994062e-03,2.510223751184516294e-02,0.000000000000000000e+00
4.725000000000000533e+00,-1.036748137360528170e-02,-6.033570012533350478e-03,2.694832835702474973e-03,-3.608806009206876140e-03,2.493380133030987170e-02,0.000000000000000000e+00
4.730000000000000426e+00,-1.039733544767415356e-02,-5.908208078470415792e-03,2.676820689099031203e-03,-3.596050205784409419e-03,2.476596533322729388e-02,0.000000000000000000e+00
4.735000000000000320e+00,-1.042656493617755836e-02,-5.783735216843457171e-03,2.658872357428586786e-03,-3.583280131608530383e-03,2.459873014401765812e-02,0.000000000000000000e+00
4.740000000000000213e+00,-1.045517427593409959e-02,-5.660148010027402782e-03,2.640987910614668328e-03,-3.570496358021066179e-03,2.443209635964402673e-02,0.000000000000000000e+00
4.745000000000000107e+00,-1.048316788667145137e-02,-5.537443039296982734e-03,2.623167415735392326e-03,-3.557699451847437608e-03,2.426606455082281136e-02,0.000000000000000000e+00
4.750000000000000000e+00,-1.051055017102117684e-02,-5.415616884955887049e-03,2.605410937045998365e-03,-3.544889975416350408e-03,2.410063526223328242e-02,0.000000000000000000e+00
4.754999999999999893e+00,-1.053732551451420051e-02,-5.294666126464824679e-03,2.587718536001282991e-03,-3.532068486579470045e-03,2.393580901272607253e-02,0.000000000000000000e+00
4.759999999999999787e+00,-1.056349828557690690e-02,-5.174587342568491392e-03,2.570090271277936447e-03,-3.519235538731080044e-03,2.377158629553097202e-02,0.000000000000000000e+00
4.764999999999999680e+00,-1.058907283552787404e-02,-5.055377111421456050e-03,2.552526198796780093e-03,-3.506391680827724688e-03,2.360796757846361088e-02,0.000000000000000000e+00
4.770000000000000462e+00,-1.061405349857524015e-02,-4.937032010712967024e-03,2.535026371744905811e-03,-3.493537457407835684e-03,2.344495330413125939e-02,0.000000000000000000e+00
4.775000000000000355e+00,-1.063844459181468444e-02,-4.819548617790678745e-03,2.517590840597717840e-03,-3.480673408611339743e-03,2.328254389013777528e-02,0.000000000000000000e+00
4.780000000000000249e+00,-1.066225041522802543e-02,-4.702923509783313999e-03,2.500219653140876592e-03,-3.467800070199250108e-03,2.312073972928760379e-02,0.000000000000000000e+00
4.785000000000000142e+00,-1.068547525168243167e-02,-4.587153263722259372e-03,2.482912854492143155e-03,-3.454917973573237277e-03,2.295954118978881658e-02,0.000000000000000000e+00
4.790000000000000036e+00,-1.070812336693023614e-02,-4.472234456662100774e-03,2.465670487123127960e-03,-3.442027645795183236e-03,2.279894861545524870e-02,0.000000000000000000e+00
4.794999999999999929e+00,-1.073019900960935427e-02,-4.358163665800105988e-03,2.448492590880941427e-03,-3.429129609606714878e-03,2.263896232590775770e-02,0.000000000000000000e+00
4.799999999999999822e+00,-1.075170641124428665e-02,-4.244937468594655108e-03,2.431379203009745738e-03,-3.416224383448717480e-03,2.247958261677461198e-02,0.000000000000000000e+00
4.804999999999999716e+00,-1.077264978624772884e-02,-4.132552442882629282e-03,2.414330358172209461e-03,-3.403312481480827781e-03,2.232080975989076191e-02,0.000000000000000000e+00
4.810000000000000497e+00,-1.079303333192274499e-02,-4.021005166995758606e-03,2.397346088470865468e-03,-3.390394413600905828e-03,2.216264400349646918e-02,0.000000000000000000e+00
4.815000000000000391e+00,-1.081286122846553815e-02,-3.910292219875934408e-03,2.380426423469371704e-03,-3.377470685464486425e-03,2.200508557243478769e-02,0.000000000000000000e+00
4.820000000000000284e+00,-1.083213763896878450e-02,-3.800410181189495858e-03,2.363571390213673514e-03,-3.364541798504206739e-03,2.184813466834828466e-02,0.000000000000000000e+00
4.825000000000000178e+00,-1.085086670942553809e-02,-3.691355631440488769e-03,2.346781013253070123e-03,-3.351608249949212647e-03,2.169179146987482848e-02,0.000000000000000000e+00
4.830000000000000071e+00,-1.086905256873370133e-02,-3.583125152082906103e-03,2.330055314661183107e-03,-3.338670532844542106e-03,2.153605613284238773e-02,0.000000000000000000e+00
4.834999999999999964e+00,-1.088669932870105564e-02,-3.475715325631914977e-03,2.313394314056828587e-03,-3.325729136070484666e-03,2.138092879046299410e-02,0.000000000000000000e+00
4.839999999999999858e+00,-1.090381108405083857e-02,-3.369122735774072747e-03,2.296798028624793143e-03,-3.312784544361916262e-03,2.122640955352580322e-02,0.000000000000000000e+00
4.844999999999999751e+00,-1.092039191242787782e-02,-3.263343967476540000e-03,2.280266473136512585e-03,-3.299837238327611461e-03,2.107249851058927079e-02,0.000000000000000000e+00
4.850000000000000533e+00,-1.093644587440526297e-02,-3.158375607095293032e-03,2.263799659970653147e-03,-3.286887694469530115e-03,2.091919572817223932e-02,0.000000000000000000e+00
4.855000000000000426e+00,-1.095197701349156193e-02,-3.054214242482344074e-03,2.247397599133598572e-03,-3.273936385202077127e-03,2.076650125094445243e-02,0.000000000000000000e+00
4.860000000000000320e+00,-1.096698935613856125e-02,-2.950856463091968383e-03,2.231060298279839618e-03,-3.260983778871339236e-03,2.061441510191584087e-02,0.000000000000000000e+00
4.865000000000000213e+00,-1.098148691174954429e-02,-2.848298860085949919e-03,2.214787762732266848e-03,-3.248030339774293177e-03,2.046293728262511824e-02,0.000000000000000000e+00
4.870000000000000107e+00,-1.099547367268809139e-02,-2.746538026437846027e-03,2.198579995502369325e-03,-3.235076528177988249e-03,2.031206777332741215e-02,0.000000000000000000e+00
4.875000000000000000e+00,-1.100895361428739366e-02,-2.645570557036277214e-03,2.182436997310335282e-03,-3.222122800338701569e-03,2.016180653318097940e-02,0.000000000000000000e+00
4.879999999999999893e+00,-1.102193069486008710e-02,-2.545393048787247640e-03,2.166358766605058685e-03,-3.209169608521065999e-03,2.001215350043305044e-02,0.000000000000000000e+00
4.884999999999999787e+00,-1.103440885570859328e-02,-2.446002100715501115e-03,2.150345299584049963e-03,-3.196217401017170754e-03,1.986310859260474737e-02,0.000000000000000000e+00
4.889999999999999680e+00,-1.104639202113596140e-02,-2.347394314064916044e-03,2.134396590213250879e-03,-3.183266622165630780e-03,1.971467170667522487e-02,0.000000000000000000e+00
4.895000000000000462e+00,-1.105788409845721854e-02,-2.249566292397945852e-03,2.118512630246753136e-03,-3.170317712370631855e-03,1.956684271926464880e-02,0.000000000000000000e+00
4.900000000000000355e+00,-1.106888897801120396e-02,-2.152514641694108777e-03,2.102693409246425039e-03,-3.157371108120941849e-03,1.941962148681667180e-02,0.000000000000000000e+00
4.905000000000000249e+00,-1.107941053317289953e-02,-2.056235970447533104e-03,2.086938914601439710e-03,-3.144427242008896416e-03,1.927300784577965290e-02,0.000000000000000000e+00
4.910000000000000142e+00,-1.108945262036624760e-02,-1.960726889763561749e-03,2.071249131547710058e-03,-3.131486542749351270e-03,1.912700161278724914e-02,0.000000000000000000e+00
4.915000000000000036e+00,-1.109901907907744414e-02,-1.865984013454419438e-03,2.055624043187229220e-03,-3.118549435198606293e-03,1.898160258483796645e-02,0.000000000000000000e+00
4.919999999999999929e+00,-1.110811373186871079e-02,-1.772003958133951812e-03,2.040063630507315141e-03,-3.105616340373297535e-03,1.883681053947386386e-02,0.000000000000000000e+00
4.924999999999999822e+00,-1.111674038439253859e-02,-1.678783343311436669e-03,2.024567872399763661e-03,-3.092687675469259732e-03,1.869262523495846678e-02,0.000000000000000000e+00
4.929999999999999716e+00,-1.112490282540639676e-02,-1.586318791484474721e-03,2.009136745679903149e-03,-3.079763853880354129e-03,1.854904641045364636e-02,0.000000000000000000e+00
4.935000000000000497e+00,-1.113260482678790457e-02,-1.494606928230963550e-03,1.993770225105558937e-03,-3.066845285217267240e-03,1.840607378619573894e-02,0.000000000000000000e+00
4.940000000000000391e+00,-1.113985014355046294e-02,-1.403644382300160394e-03,1.978468283395921467e-03,-3.053932375326277090e-03,1.826370706367069774e-02,0.000000000000000000e+00
4.945000000000000284e+00,-1.114664251385933530e-02,-1.313427785702838335e-03,1.963230891250322078e-03,-3.041025526307983892e-03,1.812194592578849836e-02,0.000000000000000000e+00
4.950000000000000178e+00,-1.115298565904817782e-02,-1.223953773800539767e-03,1.948058017366914021e-03,-3.028125136536010797e-03,1.798079003705647244e-02,0.000000000000000000e+00
4.955000000000000071e+00,-1.115888328363601537e-02,-1.135218985393933672e-03,1.932949628461261326e-03,-3.015231600675670389e-03,1.784023904375200281e-02,0.000000000000000000e+00
4.959999999999999964e+00,-1.116433907534465815e-02,-1.047220062810279078e-03,1.917905689284833117e-03,-3.002345309702595614e-03,1.770029257409409459e-02,0.000000000000000000e+00
4.964999999999999858e+00,-1.116935670511654856e-02,-9.599536519900020697e-04,1.902926162643406218e-03,-2.989466650921338616e-03,1.756095023841430444e-02,0.000000000000000000e+00
4.969999999999999751e+00,-1.117393982713304340e-02,-8.734164025723892841e-04,1.888011009415373198e-03,-2.976596007983934884e-03,1.742221162932666711e-02,0.000000000000000000e+00
4.975000000000000533e+00,-1.117809207883311770e-02,-7.876049679804029893e-04,1.873160188569959360e-03,-2.963733760908430527e-03,1.728407632189677551e-02,0.000000000000000000e+00
4.980000000000000426e+00,-1.118181708093249870e-02,-7.025160055046229422e-04,1.858373657185346259e-03,-2.950880286097377035e-03,1.714654387381004189e-02,0.000000000000000000e+00
4.985000000000000320e+00,-1.118511843744320576e-02,-6.181461763863189355e-04,1.843651370466703075e-03,-2.938035956356288732e-03,1.700961382553900503e-02,0.000000000000000000e+00
4.990000000000000213e+00,-1.118799973569351534e-02,-5.344921458996601017e-04,1.828993281764125381e-03,-2.925201140912064672e-03,1.687328570050991919e-02,0.000000000000000000e+00
4.995000000000000107e+00,-1.119046454634832488e-02,-4.515505834330635240e-04,1.814399342590482635e-03,-2.912376205431374977e-03,1.673755900526829876e-02,0.000000000000000000e+00
5.000000000000000000e+00,-1.119251642342992958e-02,-3.693181625696893627e-04,1.799869502639173070e-03,-2.899561512039009002e-03,1.660243322964380028e-02,0.000000000000000000e+00
5.004999999999999893e+00,-1.119415890433919127e-02,-2.877915611670846664e-04,1.785403709801787735e-03,-2.886757419336189682e-03,1.646790784691406703e-02,0.000000000000000000e+00
5.009999999999999787e+00,-1.119539550987710963e-02,-2.069674614359824812e-04,1.771001910185682378e-03,-2.873964282418847108e-03,1.633398231396786596e-02,0.000000000000000000e+00
5.014999999999999680e+00,-1.119622974426678561e-02,-1.268425500182599982e-04,1.756664048131458249e-03,-2.861182452895856976e-03,1.620065607146725997e-02,0.000000000000000000e+00
5.020000000000000462e+00,-1.119666509517576632e-02,-4.741351806406007710e-05,1.742390066230351843e-03,-2.848412278907240872e-03,1.606792854400901707e-02,0.000000000000000000e+00
5.025000000000000355e+00,-1.119670503373878037e-02,3.132293869191829917e-05,1.728179905341534206e-03,-2.835654105142327956e-03,1.593579914028508959e-02,0.000000000000000000e+00
5.030000000000000249e+00,-1.119635301458084958e-02,1.093701198549569645e-04,1.714033504609318312e-03,-2.822908272857878060e-03,1.580426725324232673e-02,0.000000000000000000e+00
5.035000000000000142e+00,-1.119561247584077192e-02,1.867313202956776062e-04,1.699950801480277097e-03,-2.810175119896167473e-03,1.567333226024125378e-02,0.000000000000000000e+00
5.040000000000000036e+00,-1.119448683919498609e-02,2.634098300762188999e-04,1.685931731720271068e-03,-2.797454980703033972e-03,1.554299352321411240e-02,0.000000000000000000e+00
5.044999999999999929e+00,-1.119297950988179177e-02,3.394089343772266603e-04,1.671976229431384846e-03,-2.784748186345884120e-03,1.541325038882196755e-02,0.000000000000000000e+00
5.049999999999999822e+00,-1.119109387672594103e-02,4.147319134256529293e-04,1.658084227068774581e-03,-2.772055064531659362e-03,1.528410218861096445e-02,0.000000000000000000e+00
5.054999999999999716e+00,-1.118883331216358364e-02,4.893820424233587827e-04,1.644255655457425597e-03,-2.759375939624763956e-03,1.515554823916789862e-02,0.000000000000000000e+00
5.060000000000000497e+00,-1.118620117226756978e-02,5.633625914765174811e-04,1.630490443808820487e-03,-2.746711132664952145e-03,1.502758784227474498e-02,0.000000000000000000e+00
5.065000000000000391e+00,-1.118320079677310314e-02,6.366768255258116373e-04,1.616788519737517209e-03,-2.734060961385174557e-03,1.490022028506248278e-02,0.000000000000000000e+00
5.070000000000000284e+00,-1.117983550910374262e-02,7.093280042774222300e-04,1.603149809277639153e-03,-2.721425740229384271e-03,1.477344484016405307e-02,0.000000000000000000e+00
5.075000000000000178e+00,-1.117610861639774418e-02,7.813193821348026879e-04,1.589574236899275218e-03,-2.708805780370301692e-03,1.464726076586652520e-02,0.000000000000000000e+00
5.080000000000000071e+00,-1.117202340953474433e-02,8.526542081312349017e-04,1.576061725524791849e-03,-2.696201389727139516e-03,1.452166730626230223e-02,0.000000000000000000e+00
5.084999999999999964e+00,-1.116758316316277845e-02,9.233357258631624993e-04,1.562612196545056171e-03,-2.683612872983283902e-03,1.439666369139968108e-02,0.000000000000000000e+00
5.089999999999999858e+00,-1.116279113572562869e-02,9.933671734242963992e-04,1.549225569835571735e-03,-2.671040531603937045e-03,1.427224913743247586e-02,0.000000000000000000e+00
5.094999999999999751e+00,-1.115765056949049976e-02,1.062751783340489279e-03,1.535901763772524499e-03,-2.658484663853713775e-03,1.414842284676883291e-02,0.000000000000000000e+00
5.100000000000000533e+00,-1.115216469057602258e-02,1.131492782505372999e-03,1.522640695248742059e-03,-2.645945564814200859e-03,1.402518400821924083e-02,0.000000000000000000e+00
5.105000000000000426e+00,-1.114633670898057365e-02,1.199593392116755615e-03,1.509442279689565507e-03,-2.633423526401469043e-03,1.390253179714372178e-02,0.000000000000000000e+00
5.110000000000000320e+00,-1.114016981861090834e-02,1.267056827613773648e-03,1.496306431068632811e-03,-2.620918837383546043e-03,1.378046537559820747e-02,0.000000000000000000e+00
5.115000000000000213e+00,-1.113366719731111523e-02,1.333886298614794406e-03,1.483233061923575459e-03,-2.608431783397844889e-03,1.365898389248007549e-02,0.000000000000000000e+00
5.120000000000000107e+00,-1.112683200689187045e-02,1.400085008856064668e-03,1.470222083371628590e-03,-2.595962646968549749e-03,1.353808648367290160e-02,0.000000000000000000e+00
5.125000000000000000e+00,-1.111966739316000083e-02,1.465656156131101180e-03,1.457273405125152858e-03,-2.583511707523957965e-03,1.341777227219039664e-02,0.000000000000000000e+00
5.129999999999999893e+00,-1.111217648594834718e-02,1.530602932230818196e-03,1.444386935507071309e-03,-2.571079241413778711e-03,1.329804036831953515e-02,0.000000000000000000e+00
5.134999999999999787e+00,-1.110436239914592421e-02,1.594928522884388796e-03,1.431562581466219080e-03,-2.558665521926387423e-03,1.317888986976286508e-02,0.000000000000000000e+00
5.139999999999999680e+00,-1.109622823072837876e-02,1.658636107700833936e-03,1.418800248592606795e-03,-2.546270819306037294e-03,1.306031986178001793e-02,0.000000000000000000e+00
5.145000000000000462e+00,-1.108777706278873086e-02,1.721728860111336598e-03,1.406099841132598316e-03,-2.533895400770026091e-03,1.294232941732843811e-02,0.000000000000000000e+00
5.150000000000000355e+00,-1.107901196156841142e-02,1.784209947312275207e-03,1.393461262004002830e-03,-2.521539530525817880e-03,1.282491759720327633e-02,0.000000000000000000e+00
5.155000000000000249e+00,-1.106993597748857049e-02,1.846082530208974139e-03,1.380884412811081083e-03,-2.509203469788119645e-03,1.270808345017650567e-02,0.000000000000000000e+00
5.160000000000000142e+00,-1.106055214518167872e-02,1.907349763360163949e-03,1.368369193859466596e-03,-2.496887476795915401e-03,1.259182601313524504e-02,0.000000000000000000e+00
5.165000000000000036e+00,-1.105086348352339078e-02,1.968014794923150009e-03,1.355915504171002111e-03,-2.484591806829453478e-03,1.247614431121929490e-02,0.000000000000000000e+00
5.169999999999999929e+00,-1.104087299566469151e-02,2.028080766599684153e-03,1.343523241498490589e-03,-2.472316712227187394e-03,1.236103735795785613e-02,0.000000000000000000e+00
5.174999999999999822e+00,-1.103058366906430922e-02,2.087550813582534324e-03,1.331192302340361870e-03,-2.460062442402674663e-03,1.224650415540546634e-02,0.000000000000000000e+00
5.179999999999999716e+00,-1.101999847552138923e-02,2.146428064502747899e-03,1.318922581955255186e-03,-2.447829243861426602e-03,1.213254369427718693e-02,0.000000000000000000e+00
5.185000000000000497e+00,-1.100912037120843449e-02,2.204715641377607595e-03,1.306713974376517550e-03,-2.435617360217714761e-03,1.201915495408292789e-02,0.000000000000000000e+00
5.190000000000000391e+00,-1.099795229670450479e-02,2.262416659559271081e-03,1.294566372426617356e-03,-2.423427032211329657e-03,1.190633690326108746e-02,0.000000000000000000e+00
5.195000000000000284e+00,-1.098649717702866735e-02,2.319534227684093633e-03,1.282479667731475795e-03,-2.411258497724293529e-03,1.179408849931133131e-02,0.000000000000000000e+00
5.200000000000000178e+00,-1.097475792167369908e-02,2.376071447622627765e-03,1.270453750734713491e-03,-2.399111991797527998e-03,1.168240868892663278e-02,0.000000000000000000e+00
5.205000000000000071e+00,-1.096273742464004379e-02,2.432031414430296801e-03,1.258488510711814517e-03,-2.386987746647474019e-03,1.157129640812450989e-02,0.000000000000000000e+00
5.209999999999999964e+00,-1.095043856447000530e-02,2.487417216298736314e-03,1.246583835784207577e-03,-2.374885991682665429e-03,1.146075058237753207e-02,0.000000000000000000e+00
5.214999999999999858e+00,-1.093786420428219212e-02,2.542231934507803437e-03,1.234739612933263711e-03,-2.362806953520255656e-03,1.135077012674298898e-02,0.000000000000000000e+00
5.219999999999999751e+00,-1.092501719180618940e-02,2.596478643378244498e-03,1.222955728014212679e-03,-2.350750856002496725e-03,1.124135394599187418e-02,0.000000000000000000e+00
5.225000000000000533e+00,-1.091190035941747363e-02,2.650160410225020548e-03,1.211232065769975641e-03,-2.338717920213172295e-03,1.113250093473704995e-02,0.000000000000000000e+00
5.230000000000000426e+00,-1.089851652417255824e-02,2.703280295311285587e-03,1.199568509844917185e-03,-2.326708364493982554e-03,1.102420997756058292e-02,0.000000000000000000e+00
5.235000000000000320e+00,-1.088486848784436280e-02,2.755841351803013130e-03,1.187964942798514509e-03,-2.314722404460880980e-03,1.091647994914051248e-02,0.000000000000000000e+00
5.240000000000000213e+00,-1.087095903695781650e-02,2.807846625724268966e-03,1.176421246118945297e-03,-2.302760253020365994e-03,1.080930971437660260e-02,0.000000000000000000e+00
5.245000000000000107e+00,-1.085679094282567328e-02,2.859299155913120997e-03,1.164937300236594487e-03,-2.290822120385720140e-03,1.070269812851555938e-02,0.000000000000000000e+00
5.250000000000000000e+00,-1.084236696158455068e-02,2.910201973978189614e-03,1.153512984537480171e-03,-2.278908214093206767e-03,1.059664403727535696e-02,0.000000000000000000e+00
5.254999999999999893e+00,-1.082768983423118905e-02,2.960558104255826915e-03,1.142148177376597733e-03,-2.267018739018213797e-03,1.049114627696884523e-02,0.000000000000000000e+00
5.259999999999999787e+00,-1.081276228665891542e-02,3.010370563767926933e-03,1.130842756091184629e-03,-2.255153897391352392e-03,1.038620367462664805e-02,0.000000000000000000e+00
5.264999999999999680e+00,-1.079758702969431730e-02,3.059642362180358625e-03,1.119596597013903204e-03,-2.243313888814506187e-03,1.028181504811924961e-02,0.000000000000000000e+00
5.270000000000000462e+00,-1.078216675913413157e-02,3.108376501762019021e-03,1.108409575485945443e-03,-2.231498910276831504e-03,1.017797920627834703e-02,0.000000000000000000e+00
5.275000000000000355e+00,-1.076650415578232593e-02,3.156575977344504812e-03,1.097281565870055755e-03,-2.219709156170709009e-03,1.007469494901751077e-02,0.000000000000000000e+00
5.280000000000000249e+00,-1.075060188548738679e-02,3.204243776282394117e-03,1.086212441563475482e-03,-2.207944818307647650e-03,9.971961067452038419e-03,0.000000000000000000e+00
5.285000000000000142e+00,-1.073446259917979970e-02,3.251382878414137145e-03,1.075202075010807824e-03,-2.196206085934138304e-03,9.869776344018102443e-03,0.000000000000000000e+00
5.290000000000000036e+00,-1.071808893290973098e-02,3.297996256023552706e-03,1.064250337716802748e-03,-2.184493145747459265e-03,9.768139552591139849e-03,0.000000000000000000e+00
5.294999999999999929e+00,-1.070148350788489161e-02,3.344086873801922766e-03,1.053357100259064280e-03,-2.172806181911432315e-03,9.667049458603509809e-03,0.000000000000000000e+00
5.299999999999999822e+00,-1.068464893050859871e-02,3.389657688810686353e-03,1.042522232300678196e-03,-2.161145376072129334e-03,9.566504819161479947e-03,0.000000000000000000e+00
5.304999999999999716e+00,-1.066758779241800889e-02,3.434711650444723704e-03,1.031745602602761672e-03,-2.149510907373529487e-03,9.466504383161359129e-03,0.000000000000000000e+00
5.310000000000000497e+00,-1.065030267052254932e-02,3.479251700396231509e-03,1.021027079036934638e-03,-2.137902952473126963e-03,9.367046891405005765e-03,0.000000000000000000e+00
5.315000000000000391e+00,-1.063279612704251705e-02,3.523280772619181034e-03,1.010366528597713299e-03,-2.126321685557489276e-03,9.268131076714581501e-03,0.000000000000000000e+00
5.320000000000000284e+00,-1.061507070954785525e-02,3.566801793294358675e-03,9.997638174148262315e-04,-2.114767278357765259e-03,9.169755664046562449e-03,0.000000000000000000e+00
5.325000000000000178e+00,-1.059712895099710998e-02,3.609817680794982428e-03,9.892188107654524293e-04,-2.103239900165144918e-03,9.071919370605027039e-03,0.000000000000000000e+00
5.330000000000000071e+00,-1.057897336977655159e-02,3.652331345652893874e-03,9.787313730863825799e-04,-2.091739717846265948e-03,8.974620905954263858e-03,0.000000000000000000e+00
5.334999999999999964e+00,-1.056060646973946103e-02,3.694345690525316969e-03,9.683013679861039074e-04,-2.080266895858574709e-03,8.877858972130631826e-03,0.000000000000000000e+00
5.339999999999999858e+00,-1.054203074024558963e-02,3.735863610162184958e-03,9.579286582568072783e-04,-2.068821596265632990e-03,8.781632263753705661e-03,0.000000000000000000e+00
5.344999999999999751e+00,-1.052324865620077494e-02,3.776887991374027181e-03,9.476131058863186294e-04,-2.057403978752376204e-03,8.685939468136703173e-03,0.000000000000000000e+00
5.350000000000000533e+00,-1.050426267809671625e-02,3.817421713000415748e-03,9.373545720699541766e-04,-2.046014200640322578e-03,8.590779265396253361e-03,0.000000000000000000e+00
5.355000000000000426e+00,-1.048507525205090440e-02,3.857467645878965169e-03,9.271529172222994037e-04,-2.034652416902728994e-03,8.496150328561375212e-03,0.000000000000000000e+00
5.360000000000000320e+00,-1.046568880984671303e-02,3.897028652814883611e-03,9.170080009889128086e-04,-2.023318780179699135e-03,8.402051323681825057e-03,0.000000000000000000e+00
5.365000000000000213e+00,-1.044610576897363370e-02,3.936107588551071047e-03,9.069196822579537543e-04,-2.012013440793239145e-03,8.308480909935706676e-03,0.000000000000000000e+00
5.370000000000000107e+00,-1.042632853266765858e-02,3.974707299738758186e-03,8.968878191717356190e-04,-2.000736546762263857e-03,8.215437739736368428e-03,0.000000000000000000e+00
5.375000000000000000e+00,-1.040635948995181394e-02,4.012830624908688380e-03,8.869122691382037025e-04,-1.989488243817551412e-03,8.122920458838644650e-03,0.000000000000000000e+00
5.379999999999999893e+00,-1.038620101567683252e-02,4.050480394442833830e-03,8.769928888423388644e-04,-1.978268675416647131e-03,8.030927706444363282e-03,0.000000000000000000e+00
5.384999999999999787e+00,-1.036585547056196634e-02,4.087659430546642172e-03,8.671295342574861361e-04,-1.967077982758717088e-03,7.939458115307190811e-03,0.000000000000000000e+00
5.389999999999999680e+00,-1.034532520123594007e-02,4.124370547221812601e-03,8.573220606566099317e-04,-1.955916304799350941e-03,7.848510311836734768e-03,0.000000000000000000e+00
5.395000000000000462e+00,-1.032461254027803275e-02,4.160616550239596735e-03,8.475703226234749914e-04,-1.944783778265311196e-03,7.758082916202033857e-03,0.000000000000000000e+00
5.400000000000000355e+00,-1.030371980625930002e-02,4.196400237114622511e-03,8.378741740637535990e-04,-1.933680537669235210e-03,7.668174542434319507e-03,0.000000000000000000e+00
5.405000000000000249e+00,-1.028264930378391777e-02,4.231724397079230683e-03,8.282334682160595075e-04,-1.922606715324283412e-03,7.578783798529050569e-03,0.000000000000000000e+00
5.410000000000000142e+00,-1.026140332353066113e-02,4.266591811058328271e-03,8.186480576629091149e-04,-1.911562441358736781e-03,7.489909286547372091e-03,0.000000000000000000e+00
5.415000000000000036e+00,-1.023998414229449795e-02,4.301005251644753752e-03,8.091177943416092387e-04,-1.900547843730543375e-03,7.401549602716802137e-03,0.000000000000000000e+00
5.419999999999999929e+00,-1.021839402302831233e-02,4.334967483075143589e-03,7.996425295550726835e-04,-1.889563048241813458e-03,7.313703337531302778e-03,0.000000000000000000e+00
5.424999999999999822e+00,-1.019663521488474618e-02,4.368481261206307031e-03,7.902221139825609496e-04,-1.878608178553262814e-03,7.226369075850612098e-03,0.000000000000000000e+00
5.429999999999999716e+00,-1.017470995325815523e-02,4.401549333492096178e-03,7.808563976903557099e-04,-1.867683356198605307e-03,7.139545396998982912e-03,0.000000000000000000e+00
5.435000000000000497e+00,-1.015262045982668129e-02,4.434174438960776510e-03,7.715452301423574282e-04,-1.856788700598892760e-03,7.053230874863196387e-03,0.000000000000000000e+00
5.440000000000000391e+00,-1.013036894259443377e-02,4.466359308192884014e-03,7.622884602106133958e-04,-1.845924329076804741e-03,6.967424077989937264e-03,0.000000000000000000e+00
5.445000000000000284e+00,-1.010795759593378397e-02,4.498106663299575834e-03,7.530859361857737775e-04,-1.835090356870885649e-03,6.882123569682482150e-03,0.000000000000000000e+00
5.450000000000000178e+00,-1.008538860062776522e-02,4.529419217901463172e-03,7.439375057874766418e-04,-1.824286897149730424e-03,6.797327908096752885e-03,0.000000000000000000e+00
5.455000000000000071e+00,-1.006266412391257879e-02,4.560299677107928183e-03,7.348430161746625187e-04,-1.813514061026119065e-03,6.713035646336681234e-03,0.000000000000000000e+00
5.459999999999999964e+00,-1.003978631952019696e-02,4.590750737496917047e-03,7.258023139558183751e-04,-1.802771957571098474e-03,6.629245332548940398e-03,0.000000000000000000e+00
5.464999999999999858e+00,-1.001675732772107190e-02,4.620775087095209226e-03,7.168152451991509008e-04,-1.792060693828013106e-03,6.545955510017022541e-03,0.000000000000000000e+00
5.469999999999999751e+00,-9.993579275366943487e-03,4.650375405359157693e-03,7.078816554426901886e-04,-1.781380374826483813e-03,6.463164717254644975e-03,0.000000000000000000e+00
5.475000000000000533e+00,-9.970254275933732035e-03,4.679554363155897546e-03,6.990013897043235915e-04,-1.770731103596334633e-03,6.380871488098519700e-03,0.000000000000000000e+00
5.480000000000000426e+00,-9.946784429564533431e-03,4.708314622745016914e-03,6.901742924917597579e-04,-1.760112981181468196e-03,6.299074351800475896e-03,0.000000000000000000e+00
5.485000000000000320e+00,-9.923171823112704459e-03,4.736658837760693644e-03,6.814002078124240360e-04,-1.749526106653688214e-03,6.217771833118938829e-03,0.000000000000000000e+00
5.490000000000000213e+00,-9.899418530185027931e-03,4.764589653194282147e-03,6.726789791832841646e-04,-1.738970577126471018e-03,6.136962452409765179e-03,0.000000000000000000e+00
5.495000000000000107e+00,-9.875526611184974948e-03,4.792109705377362548e-03,6.640104496406077673e-04,-1.728446487768684620e-03,6.056644725716415698e-03,0.000000000000000000e+00
5.500000000000000000e+00,-9.851498113356040032e-03,4.819221621965235659e-03,6.553944617496511088e-04,-1.717953931818256164e-03,5.976817164859562354e-03,0.000000000000000000e+00
5.504999999999999893e+00,-9.827335070825168190e-03,4.845928021920866378e-03,6.468308576142798704e-04,-1.707493000595787123e-03,5.897478277525942600e-03,0.000000000000000000e+00
5.509999999999999787e+00,-9.803039504646249638e-03,4.872231515499272914e-03,6.383194788865217311e-04,-1.697063783518115796e-03,5.818626567356714047e-03,0.000000000000000000e+00
5.514999999999999680e+00,-9.778613422843704731e-03,4.898134704232353157e-03,6.298601667760514011e-04,-1.686666368111829723e-03,5.740260534035068404e-03,0.000000000000000000e+00
5.520000000000000462e+00,-9.754058820456129597e-03,4.923640180914154278e-03,6.214527620596083275e-04,-1.676300840026723237e-03,5.662378673373295521e-03,0.000000000000000000e+00
5.525000000000000355e+00,-9.729377679580028526e-03,4.948750529586571668e-03,6.130971050903469624e-04,-1.665967283049206004e-03,5.584979477399174344e-03,0.000000000000000000e+00
5.530000000000000249e+00,-9.704571969413601853e-03,4.973468325525478954e-03,6.047930358071202436e-04,-1.655665779115656714e-03,5.508061434441741122e-03,0.000000000000000000e+00
5.535000000000000142e+00,-9.679643646300615384e-03,4.997796135227289965e-03,5.965403937436967226e-04,-1.645396408325726454e-03,5.431623029216497284e-03,0.000000000000000000e+00
5.540000000000000036e+00,-9.654594653774328794e-03,5.021736516395939633e-03,5.883390180379109062e-04,-1.635159248955589612e-03,5.355662742909928636e-03,0.000000000000000000e+00
5.544999999999999929e+00,-9.629426922601489955e-03,5.045292017930289898e-03,5.801887474407474606e-04,-1.624954377471141869e-03,5.280179053263426084e-03,0.000000000000000000e+00
5.549999999999999822e+00,-9.604142370826388234e-03,5.068465179911951952e-03,5.720894203253599304e-04,-1.614781868541147452e-03,5.205170434656637354e-03,0.000000000000000000e+00
5.554999999999999716e+00,-9.578742903814975451e-03,5.091258533593522213e-03,5.640408746960236469e-04,-1.604641795050332611e-03,5.130635358190142187e-03,0.000000000000000000e+00
5.560000000000000497e+00,-9.553230414299037146e-03,5.113674601387232892e-03,5.560429481970232584e-04,-1.594534228112428785e-03,5.056572291767584548e-03,0.000000000000000000e+00
5.565000000000000391e+00,-9.527606782420417614e-03,5.135715896854005889e-03,5.480954781214749912e-04,-1.584459237083162214e-03,4.982979700177135249e-03,0.000000000000000000e+00
5.570000000000000284e+00,-9.501873875775310868e-03,5.157384924692917823e-03,5.401983014200846187e-04,-1.574416889573191725e-03,4.909856045172411587e-03,0.000000000000000000e+00
5.575000000000000178e+00,-9.476033549458589764e-03,5.178684180731060564e-03,5.323512547098403769e-04,-1.564407251460995553e-03,4.837199785552748210e-03,0.000000000000000000e+00
5.580000000000000071e+00,-9.450087646108192366e-03,5.199616151913805107e-03,5.245541742826418047e-04,-1.554430386905704398e-03,4.765009377242900718e-03,0.000000000000000000e+00
5.584999999999999964e+00,-9.424037995949551688e-03,5.220183316295459210e-03,5.168068961138646156e-04,-1.544486358359883080e-03,4.693283273372147318e-03,0.000000000000000000e+00
5.589999999999999858e+00,-9.397886416840079207e-03,5.240388143030317962e-03,5.091092558708614933e-04,-1.534575226582260594e-03,4.622019924352778128e-03,0.000000000000000000e+00
5.594999999999999751e+00,-9.371634714313679601e-03,5.260233092364103788e-03,5.014610889213996781e-04,-1.524697050650407467e-03,4.551217777958022417e-03,0.000000000000000000e+00
5.600000000000000533e+00,-9.345284681625319265e-03,5.279720615625792431e-03,4.938622303420351278e-04,-1.514851887973361509e-03,4.480875279399368707e-03,0.000000000000000000e+00
5.605000000000000426e+00,-9.318838099795627786e-03,5.298853155219820574e-03,4.863125149264237407e-04,-1.505039794304200871e-03,4.410990871403303731e-03,0.000000000000000000e+00
5.610000000000000320e+00,-9.292296737655539318e-03,5.317633144618675971e-03,4.788117771935698026e-04,-1.495260823752565501e-03,4.341562994287456387e-03,0.000000000000000000e+00
5.615000000000000213e+00,-9.265662351890968651e-03,5.336063008355864876e-03,4.713598513960120390e-04,-1.485515028797126979e-03,4.272590086036196985e-03,0.000000000000000000e+00
5.620000000000000107e+00,-9.238936687087527175e-03,5.354145162019250705e-03,4.639565715279473247e-04,-1.475802460298005674e-03,4.204070582375606796e-03,0.000000000000000000e+00
5.625000000000000000e+00,-9.212121475775263135e-03,5.371882012244764797e-03,4.566017713332925945e-04,-1.466123167509136068e-03,4.136002916847918501e-03,0.000000000000000000e+00
5.629999999999999893e+00,-9.185218438473434846e-03,5.389275956710487536e-03,4.492952843136848460e-04,-1.456477198090580473e-03,4.068385520885349493e-03,0.000000000000000000e+00
5.634999999999999787e+00,-9.158229283735320331e-03,5.406329384131089433e-03,4.420369437364199384e-04,-1.446864598120790489e-03,4.001216823883376600e-03,0.000000000000000000e+00
5.639999999999999680e+00,-9.131155708193042578e-03,5.423044674252638225e-03,4.348265826423300807e-04,-1.437285412108817075e-03,3.934495253273438339e-03,0.000000000000000000e+00
5.645000000000000462e+00,-9.103999396602424285e-03,5.439424197847764209e-03,4.276640338536002789e-04,-1.427739683006467707e-03,3.868219234595090747e-03,0.000000000000000000e+00
5.650000000000000355e+00,-9.076762021887870360e-03,5.455470316711180309e-03,4.205491299815244466e-04,-1.418227452220413012e-03,3.802387191567559513e-03,0.000000000000000000e+00
5.655000000000000249e+00,-9.049445245187262565e-03,5.471185383655555179e-03,4.134817034342008562e-04,-1.408748759624240711e-03,3.736997546160768235e-03,0.000000000000000000e+00
5.660000000000000142e+00,-9.022050715896885384e-03,5.486571742507738436e-03,4.064615864241675775e-04,-1.399303643570457955e-03,3.672048718665794215e-03,0.000000000000000000e+00
5.665000000000000036e+00,-8.994580071716360564e-03,5.501631728105330250e-03,3.994886109759778533e-04,-1.389892140902442268e-03,3.607539127764741380e-03,0.000000000000000000e+00
5.669999999999999929e+00,-8.967034938693599008e-03,5.516367666293597004e-03,3.925626089337161135e-04,-1.380514286966340017e-03,3.543467190600117084e-03,0.000000000000000000e+00
5.674999999999999822e+00,-8.939416931269773478e-03,5.530781873922727826e-03,3.856834119684544675e-04,-1.371170115622914569e-03,3.479831322843601749e-03,0.000000000000000000e+00
5.679999999999999716e+00,-8.911727652324298241e-03,5.544876658845428533e-03,3.788508515856499987e-04,-1.361859659259341115e-03,3.416629938764289415e-03,0.000000000000000000e+00
5.685000000000000497e+00,-8.883968693219824325e-03,5.558654319914853835e-03,3.720647591324835121e-04,-1.352582948800951177e-03,3.353861451296388796e-03,0.000000000000000000e+00
5.690000000000000391e+00,-8.856141633847236516e-03,5.572117146982869147e-03,3.653249658051393014e-04,-1.343340013722925299e-03,3.291524272106376159e-03,0.000000000000000000e+00
5.695000000000000284e+00,-8.828248042670665957e-03,5.585267420898644593e-03,3.586313026560268569e-04,-1.334130882061933688e-03,3.229616811659591358e-03,0.000000000000000000e+00
5.700000000000000178e+00,-8.800289476772509695e-03,5.598107413507573404e-03,3.519836006009445691e-04,-1.324955580427726338e-03,3.168137479286309982e-03,0.000000000000000000e+00
5.705000000000000071e+00,-8.772267481898448488e-03,5.610639387650519054e-03,3.453816904261852098e-04,-1.315814134014670457e-03,3.107084683247274270e-03,0.000000000000000000e+00
5.709999999999999964e+00,-8.744183592502469821e-03,5.622865597163378103e-03,3.388254027955842768e-04,-1.306706566613238243e-03,3.046456830798691465e-03,0.000000000000000000e+00
5.714999999999999858e+00,-8.716039331791896119e-03,5.634788286876965709e-03,3.323145682575108202e-04,-1.297632900621441526e-03,2.986252328256683991e-03,0.000000000000000000e+00
5.719999999999999751e+00,-8.687836211772406031e-03,5.646409692617215988e-03,3.258490172518011875e-04,-1.288593157056216543e-03,2.926469581061226163e-03,0.000000000000000000e+00
5.725000000000000533e+00,-8.659575733293060906e-03,5.657732041205696359e-03,3.194285801166362251e-04,-1.279587355564756456e-03,2.867106993839564806e-03,0.000000000000000000e+00
5.730000000000000426e+00,-8.631259386091322608e-03,5.668757550460428070e-03,3.130530870953615618e-04,-1.270615514435793772e-03,2.808162970469066551e-03,0.000000000000000000e+00
5.735000000000000320e+00,-8.602888648838069585e-03,5.679488429197020703e-03,3.067223683432519451e-04,-1.261677650610830512e-03,2.749635914139599360e-03,0.000000000000000000e+00
5.740000000000000213e+00,-8.574464989182607744e-03,5.689926877230105928e-03,3.004362539342193632e-04,-1.252773779695318286e-03,2.691524227415354603e-03,0.000000000000000000e+00
5.745000000000000107e+00,-8.545989863797665703e-03,5.700075085375075692e-03,2.941945738674654927e-04,-1.243903915969786543e-03,2.633826312296163458e-03,0.000000000000000000e+00
5.750000000000000000e+00,-8.517464718424390055e-03,5.709935235450121389e-03,2.879971580740786348e-04,-1.235068072400921169e-03,2.576540570278299837e-03,0.000000000000000000e+00
5.754999999999999893e+00,-8.488890987917325007e-03,5.719509500278567062e-03,2.818438364235751952e-04,-1.226266260652589951e-03,2.519665402414772437e-03,0.000000000000000000e+00
5.759999999999999787e+00,-8.460270096289379885e-03,5.728800043691498374e-03,2.757344387303864658e-04,-1.217498491096820129e-03,2.463199209375091167e-03,0.000000000000000000e+00
5.764999999999999680e+00,-8.431603456756784493e-03,5.737809020530680419e-03,2.696687947602903826e-04,-1.208764772824722595e-03,2.407140391504526168e-03,0.000000000000000000e+00
5.770000000000000462e+00,-8.402892471784021919e-03,5.746538576651770425e-03,2.636467342367890200e-04,-1.200065113657366447e-03,2.351487348882906267e-03,0.000000000000000000e+00
5.775000000000000355e+00,-8.374138533128759609e-03,5.754990848927808017e-03,2.576680868474316038e-04,-1.191399520156603874e-03,2.296238481382825020e-03,0.000000000000000000e+00
5.780000000000000249e+00,-8.345343021886747481e-03,5.763167965252996051e-03,2.517326822500836930e-04,-1.182767997635842359e-03,2.241392188727427820e-03,0.000000000000000000e+00
5.785000000000000142e+00,-8.316507308536702156e-03,5.771072044546759865e-03,2.458403500791425320e-04,-1.174170550170768089e-03,2.186946870547657774e-03,0.000000000000000000e+00
5.790000000000000036e+00,-8.287632752985172116e-03,5.778705196758084084e-03,2.399909199516990857e-04,-1.165607180610018622e-03,2.132900926439015854e-03,0.000000000000000000e+00
5.794999999999999929e+00,-8.258720704611375099e-03,5.786069522870124389e-03,2.341842214736465438e-04,-1.157077890585804167e-03,2.079252756017825783e-03,0.000000000000000000e+00
5.799999999999999822e+00,-8.229772502312021620e-03,5.793167114905096830e-03,2.284200842457361044e-04,-1.148582680524480072e-03,2.026000758977001062e-03,0.000000000000000000e+00
5.804999999999999716e+00,-8.200789474546098592e-03,5.800000055929432560e-03,2.226983378695799036e-04,-1.140121549657067924e-03,1.973143335141334075e-03,0.000000000000000000e+00
5.810000000000000497e+00,-8.171772939379642539e-03,5.806570420059203180e-03,2.170188119536014420e-04,-1.131694496029726988e-03,1.920678884522274317e-03,0.000000000000000000e+00
5.815000000000000391e+00,-8.142724204530471174e-03,5.812880272465812369e-03,2.113813361189338885e-04,-1.123301516514175341e-03,1.868605807372261673e-03,0.000000000000000000e+00
5.820000000000000284e+00,-8.113644567412894165e-03,5.818931669381948585e-03,2.057857400052663156e-04,-1.114942606818061571e-03,1.816922504238537538e-03,0.000000000000000000e+00
5.825000000000000178e+00,-8.084535315182394405e-03,5.824726658107798848e-03,2.002318532766381631e-04,-1.106617761495285509e-03,1.765627376016482356e-03,0.000000000000000000e+00
5.830000000000000071e+00,-8.055397724780269386e-03,5.830267277017520990e-03,1.947195056271823932e-04,-1.098326973956269964e-03,1.714718824002508211e-03,0.000000000000000000e+00
5.834999999999999964e+00,-8.026233062978248289e-03,5.835555555565971782e-03,1.892485267868172262e-04,-1.090070236478182363e-03,1.664195249946423191e-03,0.000000000000000000e+00
5.839999999999999858e+00,-7.997042586423069171e-03,5.840593514295686593e-03,1.838187465268869463e-04,-1.081847540215106953e-03,1.614055056103365533e-03,0.000000000000000000e+00
5.844999999999999751e+00,-7.967827541681023196e-03,5.845383164844112321e-03,1.784299946657520481e-04,-1.073658875208166694e-03,1.564296645285252925e-03,0.000000000000000000e+00
5.850000000000000533e+00,-7.938589165282462431e-03,5.849926509951084048e-03,1.730821010743288321e-04,-1.065504230395596585e-03,1.514918420911740005e-03,0.000000000000000000e+00
5.855000000000000426e+00,-7.909328683766264287e-03,5.854225543466552370e-03,1.677748956815787473e-04,-1.057383593622766458e-03,1.465918787060762132e-03,0.000000000000000000e+00
5.860000000000000320e+00,-7.880047313724269920e-03,5.858282250358551844e-03,1.625082084799477522e-04,-1.049296951652155209e-03,1.417296148518546600e-03,0.000000000000000000e+00
5.865000000000000213e+00,-7.850746261845663668e-03,5.862098606721409706e-03,1.572818695307559654e-04,-1.041244290173275796e-03,1.369048910829223989e-03,0.000000000000000000e+00
5.870000000000000107e+00,-7.821426724961326460e-03,5.865676579784193101e-03,1.520957089695377672e-04,-1.033225593812549942e-03,1.321175480343949465e-03,0.000000000000000000e+00
5.875000000000000000e+00,-7.792089890088138918e-03,5.869018127919393979e-03,1.469495570113326798e-04,-1.025240846143135121e-03,1.273674264269557439e-03,0.000000000000000000e+00
5.879999999999999893e+00,-7.762736934473242825e-03,5.872125200651847308e-03,1.418432439559271863e-04,-1.017290029694701463e-03,1.226543670716783406e-03,0.000000000000000000e+00
5.884999999999999787e+00,-7.733369025638254894e-03,5.874999738667880007e-03,1.367766001930479237e-04,-1.009373125963160082e-03,1.179782108748035629e-03,0.000000000000000000e+00
5.889999999999999680e+00,-7.703987321423437160e-03,5.877643673824687123e-03,1.317494562075061408e-04,-1.001490115420342834e-03,1.133387988424680234e-03,0.000000000000000000e+00
5.895000000000000462e+00,-7.674592970031819672e-03,5.880058929159941335e-03,1.267616425842940718e-04,-9.936409775236328470e-04,1.087359720853920374e-03,0.000000000000000000e+00
5.900000000000000355e+00,-7.645187110073271147e-03,5.882247418901617557e-03,1.218129900136331986e-04,-9.858256907255462734e-04,1.041695718235207888e-03,0.000000000000000000e+00
5.905000000000000249e+00,-7.615770870608524513e-03,5.884211048478048267e-03,1.169033292959746861e-04,-9.780442324832661072e-04,9.963943939062126082e-04,0.000000000000000000e+00
5.910000000000000142e+00,-7.586345371193147814e-03,5.885951714528193067e-03,1.120324913469523698e-04,-9.702965792681267874e-04,9.514541623883588511e-04,0.000000000000000000e+00
5.915000000000000036e+00,-7.556911721921467408e-03,5.887471304912128556e-03,1.072003072022883509e-04,-9.625827065750507680e-04,9.068734394319065417e-04,0.000000000000000000e+00
5.919999999999999929e+00,-7.527471023470433051e-03,5.888771698721752441e-03,1.024066080226515904e-04,-9.549025889319366243e-04,8.626506420606220790e-04,0.000000000000000000e+00
5.924999999999999822e+00,-7.498024367143433545e-03,5.889854766291700156e-03,9.765122509846965314e-05,-9.472561999089991296e-04,8.187841886159738861e-04,0.000000000000000000e+00
5.929999999999999716e+00,-7.468572834914054270e-03,5.890722369210474839e-03,9.293398985469385697e-05,-9.396435121280609761e-04,7.752724988009437185e-04,0.000000000000000000e+00
5.935000000000000497e+00,-7.439117499469779203e-03,5.891376360331781158e-03,8.825473385551812773e-05,-9.320644972717965744e-04,7.321139937233748021e-04,0.000000000000000000e+00
5.940000000000000391e+00,-7.409659424255637429e-03,5.891818583786071623e-03,8.361328880905170705e-05,-9.245191260929279311e-04,6.893070959388932287e-04,0.000000000000000000e+00
5.945000000000000284e+00,-7.380199663517789804e-03,5.892050874992290667e-03,7.900948657194606655e-05,-9.170073684233726041e-04,6.468502294934242933e-04,0.000000000000000000e+00
5.950000000000000178e+00,-7.350739262347054902e-03,5.892075060669826891e-03,7.444315915397610916e-05,-9.095291931833439543e-04,6.047418199652690798e-04,0.000000000000000000e+00
5.955000000000000071e+00,-7.321279256722380314e-03,5.891892958850660465e-03,6.991413872257606454e-05,-9.020845683904040162e-04,5.629802945067577738e-04,0.000000000000000000e+00
5.959999999999999964e+00,-7.291820673554244570e-03,5.891506378891708286e-03,6.542225760733022728e-05,-8.946734611684682313e-04,5.215640818855039884e-04,0.000000000000000000e+00
5.964999999999999858e+00,-7.262364530728003531e-03,5.890917121487367764e-03,6.096734830441874150e-05,-8.872958377567632341e-04,4.804916125252063283e-04,0.000000000000000000e+00
5.969999999999999751e+00,-7.232911837147171751e-03,5.890126978682252296e-03,5.654924348101877729e-05,-8.799516635187374768e-04,4.397613185460761201e-04,0.000000000000000000e+00
5.975000000000000533e+00,-7.203463592776637898e-03,5.889137733884115822e-03,5.216777597966122090e-05,-8.726409029509238227e-04,3.993716338048314621e-04,0.000000000000000000e+00
5.980000000000000426e+00,-7.174020788685816011e-03,5.887951161876969937e-03,4.782277882254322448e-05,-8.653635196917557363e-04,3.593209939342714709e-04,0.000000000000000000e+00
5.985000000000000320e+00,-7.144584407091732550e-03,5.886569028834385750e-03,4.351408521579673029e-05,-8.581194765303363104e-04,3.196078363824732260e-04,0.000000000000000000e+00
5.990000000000000213e+00,-7.115155421402044079e-03,5.884993092332980492e-03,3.924152855371330846e-05,-8.509087354151601305e-04,2.802306004515446244e-04,0.000000000000000000e+00
5.995000000000000107e+00,-7.085734796257987279e-03,5.883225101366088006e-03,3.500494242292550461e-05,-8.437312574627883017e-04,2.411877273360138116e-04,0.000000000000000000e+00
6.000000000000000000e+00,-7.056323487577263048e-03,5.881266796357609641e-03,3.080416060654490753e-05,-8.365870029664773970e-04,2.024776601607823287e-04,0.000000000000000000e+00
6.004999999999999893e+00,-7.026922442596846008e-03,5.879119909176042970e-03,2.663901708825718078e-05,-8.294759314047608087e-04,1.640988440186974887e-04,0.000000000000000000e+00
6.009999999999999787e+00,-6.997532599915727222e-03,5.876786163148686563e-03,2.250934605637435298e-05,-8.223980014499845644e-04,1.260497260077266327e-04,0.000000000000000000e+00
6.015000000000000568e+00,-6.968154889537584926e-03,5.874267273076021721e-03,1.841498190784448549e-05,-8.153531709767958702e-04,8.832875526773673741e-05,0.000000000000000000e+00
6.020000000000000462e+00,-6.938790232913381525e-03,5.871564945246265065e-03,1.435575925221905949e-05,-8.083413970705862275e-04,5.093438301686722958e-05,0.000000000000000000e+00
6.025000000000000355e+00,-6.909439542983887746e-03,5.868680877450091135e-03,1.033151291557823175e-05,-8.013626360358876025e-04,1.386506258753677362e-05,0.000000000000000000e+00
6.030000000000000249e+00,-6.880103724222134780e-03,5.865616758995524996e-03,6.342077944414244271e-06,-7.944168434047231683e-04,-2.288075053795413094e-05,0.000000000000000000e+00
6.035000000000000142e+00,-6.850783672675787514e-03,5.862374270722997896e-03,2.387289609473181293e-06,-7.875039739449118600e-04,-5.930459869221780395e-05,0.000000000000000000e+00
6.040000000000000036e+00,-6.821480276009448361e-03,5.858955085020573807e-03,-1.533016590444671774e-06,-7.806239816683267427e-04,-9.540802198792098371e-05,0.000000000000000000e+00
6.044999999999999929e+00,-6.792194413546876093e-03,5.855360865839332081e-03,-5.419004924725647819e-06,-7.737768198391081678e-04,-1.311925582833505660e-04,0.000000000000000000e+00
6.049999999999999822e+00,-6.762926956313135285e-03,5.851593268708912311e-03,-9.270839427224474965e-06,-7.669624409818312852e-04,-1.666597431483366962e-04,0.000000000000000000e+00
6.054999999999999716e+00,-6.733678767076662491e-03,5.847653940753221383e-03,-1.308868389258677461e-05,-7.601807968896276933e-04,-2.018111098305453571e-04,0.000000000000000000e+00
6.060000000000000497e+00,-6.704450700391256963e-03,5.843544520706292315e-03,-1.687270187261205611e-05,-7.534318386322616610e-04,-2.366481892221768829e-04,0.000000000000000000e+00
6.065000000000000391e+00,-6.675243602637988966e-03,5.839266638928301834e-03,-2.062305667265696671e-05,-7.467155165641618970e-04,-2.711725098270027431e-04,0.000000000000000000e+00
6.070000000000000284e+00,-6.646058312067028295e-03,5.834821917421737121e-03,-2.433991134807860865e-05,-7.400317803324070248e-04,-3.053855977278030487e-04,0.000000000000000000e+00
6.075000000000000178e+00,-6.616895658839393006e-03,5.830211969847716967e-03,-2.802342870071765162e-05,-7.333805788846669291e-04,-3.392889765541510019e-04,0.000000000000000000e+00
6.080000000000000071e+00,-6.587756465068614863e-03,5.825438401542459496e-03,-3.167377127542105920e-05,-7.267618604770985672e-04,-3.728841674505798537e-04,0.000000000000000000e+00
6.084999999999999964e+00,-6.558641544862321530e-03,5.820502809533899084e-03,-3.529110135660415833e-05,-7.201755726821974356e-04,-4.061726890451037436e-04,0.000000000000000000e+00
6.089999999999999858e+00,-6.529551704363737233e-03,5.815406782558445523e-03,-3.887558096485187214e-05,-7.136216623966039341e-04,-4.391560574181141083e-04,0.000000000000000000e+00
6.094999999999999751e+00,-6.500487741793097539e-03,5.810151901077891499e-03,-4.242737185355887573e-05,-7.071000758488654942e-04,-4.718357860716239013e-04,0.000000000000000000e+00
6.100000000000000533e+00,-6.471450447488980885e-03,5.804739737296455392e-03,-4.594663550560842058e-05,-7.006107586071540390e-04,-5.042133858988804423e-04,0.000000000000000000e+00
6.105000000000000426e+00,-6.442440603949551627e-03,5.799171855177971506e-03,-4.943353313008969568e-05,-6.941536555869390985e-04,-5.362903651543243430e-04,0.000000000000000000e+00
6.110000000000000320e+00,-6.413458985873720687e-03,5.793449810463209559e-03,-5.288822565905336605e-05,-6.877287110586171237e-04,-5.680682294239196642e-04,0.000000000000000000e+00
6.115000000000000213e+00,-6.384506360202216006e-03,5.787575150687338139e-03,-5.631087374430521425e-05,-6.813358686550958056e-04,-5.995484815958154051e-04,0.000000000000000000e+00
6.120000000000000107e+00,-6.355583486158567982e-03,5.781549415197518270e-03,-5.970163775423755951e-05,-6.749750713793354609e-04,-6.307326218313786571e-04,0.000000000000000000e+00
6.125000000000000000e+00,-6.326691115290002977e-03,5.775374135170629683e-03,-6.306067777069828512e-05,-6.686462616118458557e-04,-6.616221475365564875e-04,0.000000000000000000e+00
6.129999999999999893e+00,-6.297829991508251818e-03,5.769050833631128930e-03,-6.638815358589723024e-05,-6.623493811181395538e-04,-6.922185533336116560e-04,0.000000000000000000e+00
6.134999999999999787e+00,-6.269000851130267227e-03,5.762581025469036729e-03,-6.968422469934973580e-05,-6.560843710561414625e-04,-7.225233310331632096e-04,0.000000000000000000e+00
6.140000000000000568e+00,-6.240204422918850177e-03,5.755966217458051079e-03,-7.294905031485717536e-05,-6.498511719835552277e-04,-7.525379696066039452e-04,0.000000000000000000e+00
6.145000000000000462e+00,-6.211441428123185178e-03,5.749207908273789615e-03,-7.618278933752414557e-05,-6.436497238651859350e-04,-7.822639551588435672e-04,0.000000000000000000e+00
6.150000000000000355e+00,-6.182712580519287085e-03,5.742307588512149050e-03,-7.938560037081220089e-05,-6.374799660802198771e-04,-8.117027709013970548e-04,0.000000000000000000e+00
6.155000000000000249e+00,-6.154018586450349902e-03,5.735266740707792993e-03,-8.255764171362985505e-05,-6.313418374294607355e-04,-8.408558971257978562e-04,0.000000000000000000e+00
6.160000000000000142e+00,-6.125360144867010581e-03,5.728086839352758593e-03,-8.569907135745867272e-05,-6.252352761425231543e-04,-8.697248111773463186e-04,0.000000000000000000e+00
6.165000000000000036e+00,-6.096737947367513073e-03,5.720769350915177673e-03,-8.881004698351524843e-05,-6.191602198849834862e-04,-8.983109874292224094e-04,0.000000000000000000e+00
6.169999999999999929e+00,-6.068152678237780442e-03,5.713315733858121900e-03,-9.189072595994877426e-05,-6.131166057654872806e-04,-9.266158972568699220e-04,0.000000000000000000e+00
6.174999999999999822e+00,-6.039605014491394169e-03,5.705727438658556375e-03,-9.494126533907404754e-05,-6.071043703428147037e-04,-9.546410090127653569e-04,0.000000000000000000e+00
6.179999999999999716e+00,-6.011095625909477179e-03,5.698005907826412045e-03,-9.796182185463976925e-05,-6.011234496329032409e-04,-9.823877880014765009e-04,0.000000000000000000e+00
6.185000000000000497e+00,-5.982625175080478856e-03,5.690152575923767414e-03,-1.009525519191317537e-04,-5.951737791158281162e-04,-1.009857696455062313e-03,0.000000000000000000e+00
6.190000000000000391e+00,-5.954194317439868121e-03,5.682168869584139533e-03,-1.039136116211110091e-04,-5.892552937427401015e-04,-1.037052193508801543e-03,0.000000000000000000e+00
6.195000000000000284e+00,-5.925803701309727625e-03,5.674056207531886879e-03,-1.068451567225863630e-04,-5.833679279427615846e-04,-1.063972735177211044e-03,0.000000000000000000e+00
6.200000000000000178e+00,-5.897453967938250802e-03,5.665816000601717195e-03,-1.097473426564214710e-04,-5.775116156298407870e-04,-1.090620774330422742e-03,0.000000000000000000e+00
6.205000000000000071e+00,-5.869145751539140907e-03,5.657449651758301133e-03,-1.126203245237759778e-04,-5.716862902095634809e-04,-1.116997760670845538e-03,0.000000000000000000e+00
6.209999999999999964e+00,-5.840879679330910311e-03,5.648958556115988260e-03,-1.154642570915806948e-04,-5.658918845859235063e-04,-1.143105140710155929e-03,0.000000000000000000e+00
6.214999999999999858e+00,-5.812656371576086119e-03,5.640344100958628870e-03,-1.182792947900464285e-04,-5.601283311680516552e-04,-1.168944357746603928e-03,0.000000000000000000e+00
6.219999999999999751e+00,-5.784476441620309967e-03,5.631607665759492953e-03,-1.210655917102064201e-04,-5.543955618769025968e-04,-1.194516851842617345e-03,0.000000000000000000e+00
6.225000000000000533e+00,-5.756340495931342414e-03,5.622750622201288899e-03,-1.238233016014921094e-04,-5.486935081519012537e-04,-1.219824059802731338e-03,0.000000000000000000e+00
6.230000000000000426e+00,-5.728249134137964119e-03,5.613774334196281954e-03,-1.265525778693419950e-04,-5.430221009575471108e-04,-1.244867415151804189e-03,0.000000000000000000e+00
6.235000000000000320e+00,-5.700202949068778994e-03,5.604680157906505485e-03,-1.292535735728434811e-04,-5.373812707899779757e-04,-1.269648348113558336e-03,0.000000000000000000e+00
6.240000000000000213e+00,-5.672202526790914162e-03,5.595469441764067652e-03,-1.319264414224072908e-04,-5.317709476834924301e-04,-1.294168285589418054e-03,0.000000000000000000e+00
6.245000000000000107e+00,-5.644248446648618411e-03,5.586143526491553490e-03,-1.345713337774745682e-04,-5.261910612170317327e-04,-1.318428651137629453e-03,0.000000000000000000e+00
6.250000000000000000e+00,-5.616341281301759185e-03,5.576703745122513732e-03,-1.371884026442562359e-04,-5.206415405206210644e-04,-1.342430864952716581e-03,0.000000000000000000e+00
6.254999999999999893e+00,-5.588481596764215478e-03,5.567151423022047296e-03,-1.397777996735043897e-04,-5.151223142817696818e-04,-1.366176343845199471e-03,0.000000000000000000e+00
6.259999999999999787e+00,-5.560669952442168391e-03,5.557487877907468787e-03,-1.423396761583155972e-04,-5.096333107518311728e-04,-1.389666501221628776e-03,0.000000000000000000e+00
6.265000000000000568e+00,-5.532906901172289331e-03,5.547714419869067930e-03,-1.448741830319660168e-04,-5.041744577523232709e-04,-1.412902747064907066e-03,0.000000000000000000e+00
6.270000000000000462e+00,-5.505192989259822395e-03,5.537832351390948801e-03,-1.473814708657778774e-04,-4.987456826812072287e-04,-1.435886487914895485e-03,0.000000000000000000e+00
6.275000000000000355e+00,-5.477528756516562673e-03,5.527842967371954068e-03,-1.498616898670173466e-04,-4.933469125191274019e-04,-1.458619126849330493e-03,0.000000000000000000e+00
6.280000000000000249e+00,-5.449914736298730467e-03,5.517747555146674220e-03,-1.523149898768234325e-04,-4.879780738356109338e-04,-1.481102063464999515e-03,0.000000000000000000e+00
6.285000000000000142e+00,-5.422351455544740552e-03,5.507547394506537471e-03,-1.547415203681678413e-04,-4.826390927952273245e-04,-1.503336693859224065e-03,0.000000000000000000e+00
6.290000000000000036e+00,-5.394839434812863897e-03,5.497243757720974254e-03,-1.571414304438454625e-04,-4.773298951637088613e-04,-1.525324410611632146e-03,0.000000000000000000e+00
6.294999999999999929e+00,-5.367379188318785292e-03,5.486837909558667584e-03,-1.595148688344954558e-04,-4.720504063140309320e-04,-1.547066602766179570e-03,0.000000000000000000e+00
6.299999999999999822e+00,-5.339971223973052558e-03,5.476331107308872806e-03,-1.618619838966525607e-04,-4.668005512324535796e-04,-1.568564655813489174e-03,0.000000000000000000e+00
6.304999999999999716e+00,-5.312616043418422543e-03,5.465724600802815414e-03,-1.641829236108285190e-04,-4.615802545245231573e-04,-1.589819951673454579e-03,0.000000000000000000e+00
6.310000000000000497e+00,-5.285314142067096092e-03,5.455019632435166056e-03,-1.664778355796234764e-04,-4.563894404210354404e-04,-1.610833868678111531e-03,0.000000000000000000e+00
6.315000000000000391e+00,-5.258066009137846337e-03,5.444217437185581467e-03,-1.687468670258670362e-04,-4.512280327839592736e-04,-1.631607781554797638e-03,0.000000000000000000e+00
6.320000000000000284e+00,-5.230872127693041163e-03,5.433319242640320852e-03,-1.709901647907888038e-04,-4.460959551123217285e-04,-1.652143061409573621e-03,0.000000000000000000e+00
6.325000000000000178e+00,-5.203732974675555518e-03,5.422326269013930805e-03,-1.732078753322183944e-04,-4.409931305480543386e-04,-1.672441075710942495e-03,0.000000000000000000e+00
6.330000000000000071e+00,-5.176649020945576184e-03,5.411239729170999602e-03,-1.754001447228144153e-04,-4.359194818818006825e-04,-1.692503188273789070e-03,0.000000000000000000e+00
6.334999999999999964e+00,-5.149620731317295502e-03,5.400060828647974820e-03,-1.775671186483225334e-04,-4.308749315586856950e-04,-1.712330759243638634e-03,0.000000000000000000e+00
6.339999999999999858e+00,-5.122648564595499304e-03,5.388790765675051213e-03,-1.797089424058621908e-04,-4.258594016840466507e-04,-1.731925145081155901e-03,0.000000000000000000e+00
6.344999999999999751e+00,-5.095732973612041201e-03,5.377430731198119297e-03,-1.818257609022418640e-04,-4.208728140291257140e-04,-1.751287698546900688e-03,0.000000000000000000e+00
6.350000000000000533e+00,-5.068874405262211065e-03,5.365981908900778995e-03,-1.839177186523028630e-04,-4.159150900367247035e-04,-1.770419768686374174e-03,0.000000000000000000e+00
6.355000000000000426e+00,-5.042073300540990746e-03,5.354445475226413120e-03,-1.859849597772910497e-04,-4.109861508268219097e-04,-1.789322700815294560e-03,0.000000000000000000e+00
6.360000000000000320e+00,-5.015330094579198775e-03,5.342822599400324189e-03,-1.880276280032567996e-04,-4.060859172021509121e-04,-1.807997836505157233e-03,0.000000000000000000e+00
6.365000000000000213e+00,-4.988645216679526637e-03,5.331114443451924131e-03,-1.900458666594825559e-04,-4.012143096537420443e-04,-1.826446513569034754e-03,0.000000000000000000e+00
6.370000000000000107e+00,-4.962019090352462296e-03,5.319322162236990795e-03,-1.920398186769381671e-04,-3.963712483664260213e-04,-1.844670066047637488e-03,0.000000000000000000e+00
6.375000000000000000e+00,-4.935452133352101825e-03,5.307446903459971284e-03,-1.940096265867635185e-04,-3.915566532243005410e-04,-1.862669824195633140e-03,0.000000000000000000e+00
6.379999999999999893e+00,-4.908944757711851750e-03,5.295489807696346883e-03,-1.959554325187784593e-04,-3.867704438161594267e-04,-1.880447114468217391e-03,0.000000000000000000e+00
6.384999999999999787e+00,-4.882497369780016035e-03,5.283452008415049153e-03,-1.978773782000197801e-04,-3.820125394408846356e-04,-1.898003259507924367e-03,0.000000000000000000e+00
6.390000000000000568e+00,-4.856110370255273777e-03,5.271334632000930671e-03,-1.997756049533051055e-04,-3.772828591128014040e-04,-1.915339578131694271e-03,0.000000000000000000e+00
6.395000000000000462e+00,-4.829784154222043283e-03,5.259138797777283478e-03,-2.016502536958233506e-04,-3.725813215669965305e-04,-1.932457385318189953e-03,0.000000000000000000e+00
6.400000000000000355e+00,-4.803519111185733381e-03,5.246865618028413031e-03,-2.035014649377517662e-04,-3.679078452645999581e-04,-1.949357992195347670e-03,0.000000000000000000e+00
6.405000000000000249e+00,-4.777315625107881984e-03,5.234516198022254665e-03,-2.053293787808993314e-04,-3.632623483980297651e-04,-1.966042706028191950e-03,0.000000000000000000e+00
6.410000000000000142e+00,-4.751174074441180152e-03,5.222091636033042959e-03,-2.071341349173761934e-04,-3.586447488962007804e-04,-1.982512830206864269e-03,0.000000000000000000e+00
6.415000000000000036e+00,-4.725094832164385139e-03,5.209593023364025334e-03,-2.089158726282890738e-04,-3.540549644296967706e-04,-1.998769664234914534e-03,0.000000000000000000e+00
6.419999999999999929e+00,-4.699078265817118079e-03,5.197021444370221628e-03,-2.106747307824625071e-04,-3.494929124159066843e-04,-2.014814503717818513e-03,0.000000000000000000e+00
6.424999999999999822e+00,-4.673124737534548045e-03,5.184377976481227036e-03,-2.124108478351856104e-04,-3.449585100241247398e-04,-2.030648640351742033e-03,0.000000000000000000e+00
6.429999999999999716e+00,-4.647234604081962490e-03,5.171663690224058418e-03,-2.141243618269842797e-04,-3.404516741806145707e-04,-2.046273361912518979e-03,0.000000000000000000e+00
6.435000000000000497e+00,-4.621408216889221453e-03,5.158879649246042240e-03,-2.158154103824186734e-04,-3.359723215736379180e-04,-2.061689952244898181e-03,0.000000000000000000e+00
6.440000000000000391e+00,-4.595645922085101615e-03,5.146026910337742413e-03,-2.174841307089056335e-04,-3.315203686584472726e-04,-2.076899691251985446e-03,0.000000000000000000e+00
6.445000000000000284e+00,-4.569948060531518925e-03,5.133106523455929771e-03,-2.191306595955660975e-04,-3.270957316622434444e-04,-2.091903854884939306e-03,0.000000000000000000e+00
6.450000000000000178e+00,-4.544314967857643675e-03,5.120119531746587099e-03,-2.207551334120971484e-04,-3.226983265890974602e-04,-2.106703715132881866e-03,0.000000000000000000e+00
6.455000000000000071e+00,-4.518746974493894134e-03,5.107066971567952342e-03,-2.223576881076685409e-04,-3.183280692248376055e-04,-2.121300540013042104e-03,0.000000000000000000e+00
6.459999999999999964e+00,-4.493244405705819171e-03,5.093949872513598223e-03,-2.239384592098437037e-04,-3.139848751419011745e-04,-2.135695593561130756e-03,0.000000000000000000e+00
6.464999999999999858e+00,-4.467807581627862915e-03,5.080769257435547442e-03,-2.254975818235248374e-04,-3.096686597041512011e-04,-2.149890135821919471e-03,0.000000000000000000e+00
6.469999999999999751e+00,-4.442436817297015783e-03,5.067526142467419087e-03,-2.270351906299219471e-04,-3.053793380716587663e-04,-2.163885422840062384e-03,0.000000000000000000e+00
6.475000000000000533e+00,-4.417132422686346691e-03,5.054221537047609743e-03,-2.285514198855458621e-04,-3.011168252054502860e-04,-2.177682706651127165e-03,0.000000000000000000e+00
6.480000000000000426e+00,-4.391894702738423362e-03,5.040856443942504962e-03,-2.300464034212247296e-04,-2.968810358722204831e-04,-2.191283235272848979e-03,0.000000000000000000e+00
6.485000000000000320e+00,-4.366723957398612951e-03,5.027431859269723691e-03,-2.315202746411441155e-04,-2.926718846490108288e-04,-2.204688252696592604e-03,0.000000000000000000e+00
6.490000000000000213e+00,-4.341620481648267305e-03,5.013948772521388715e-03,-2.329731665219103088e-04,-2.884892859278538851e-04,-2.217898998879038776e-03,0.000000000000000000e+00
6.495000000000000107e+00,-4.316584565537792857e-03,5.000408166587427469e-03,-2.344052116116368805e-04,-2.843331539203835493e-04,-2.230916709734083892e-03,0.000000000000000000e+00
6.500000000000000000e+00,-4.291616494219605178e-03,4.986811017778899728e-03,-2.358165420290540934e-04,-2.802034026624112542e-04,-2.243742617124950926e-03,0.000000000000000000e+00
6.504999999999999893e+00,-4.266716547980960346e-03,4.973158295851350455e-03,-2.372072894626411877e-04,-2.760999460184681794e-04,-2.256377948856505902e-03,0.000000000000000000e+00
6.509999999999999787e+00,-4.241885002276678772e-03,4.959450964028190405e-03,-2.385775851697812726e-04,-2.720226976863141227e-04,-2.268823928667790778e-03,0.000000000000000000e+00
6.515000000000000568e+00,-4.217122127761744124e-03,4.945689979024098411e-03,-2.399275599759386607e-04,-2.679715712014125984e-04,-2.281081776224753652e-03,0.000000000000000000e+00
6.520000000000000462e+00,-4.192428190323791229e-03,4.931876291068446223e-03,-2.412573442738584560e-04,-2.639464799413723806e-04,-2.293152707113202751e-03,0.000000000000000000e+00
6.525000000000000355e+00,-4.167803451115470806e-03,4.918010843928749369e-03,-2.425670680227884216e-04,-2.599473371303561396e-04,-2.305037932831941264e-03,0.000000000000000000e+00
6.530000000000000249e+00,-4.143248166586702315e-03,4.904094574934134490e-03,-2.438568607477226136e-04,-2.559740558434554151e-04,-2.316738660786127682e-03,0.000000000000000000e+00
6.535000000000000142e+00,-4.118762588516807974e-03,4.890128414998829234e-03,-2.451268515386669151e-04,-2.520265490110332250e-04,-2.328256094280819165e-03,0.000000000000000000e+00
6.540000000000000036e+00,-4.094346964046524477e-03,4.876113288645671229e-03,-2.463771690499261735e-04,-2.481047294230331185e-04,-2.339591432514723495e-03,0.000000000000000000e+00
6.544999999999999929e+00,-4.070001535709906297e-03,4.862050114029632664e-03,-2.476079414994128858e-04,-2.442085097332560286e-04,-2.350745870574158340e-03,0.000000000000000000e+00
6.549999999999999822e+00,-4.045726541466102347e-03,4.847939802961365695e-03,-2.488192966679769725e-04,-2.403378024636040834e-04,-2.361720599427183549e-03,0.000000000000000000e+00
6.554999999999999716e+00,-4.021522214731019888e-03,4.833783260930761723e-03,-2.500113618987569088e-04,-2.364925200082923517e-04,-2.372516805917946822e-03,0.000000000000000000e+00
6.560000000000000497e+00,-3.997388784408870480e-03,4.819581387130526286e-03,-2.511842640965518099e-04,-2.326725746380279821e-04,-2.383135672761221499e-03,0.000000000000000000e+00
6.565000000000000391e+00,-3.973326474923595357e-03,4.805335074479767828e-03,-2.523381297272141144e-04,-2.288778785041572757e-04,-2.393578378537132133e-03,0.000000000000000000e+00
6.570000000000000284e+00,-3.949335506250175459e-03,4.791045209647599480e-03,-2.534730848170632482e-04,-2.251083436427805864e-04,-2.403846097686065247e-03,0.000000000000000000e+00
6.575000000000000178e+00,-3.925416093945820889e-03,4.776712673076754720e-03,-2.545892549523194538e-04,-2.213638819788354257e-04,-2.413940000503782615e-03,0.000000000000000000e+00
6.580000000000000071e+00,-3.901568449181045881e-03,4.762338339007211700e-03,-2.556867652785582744e-04,-2.176444053301477741e-04,-2.423861253136722765e-03,0.000000000000000000e+00
6.584999999999999964e+00,-3.877792778770621906e-03,4.747923075499831461e-03,-2.567657405001849322e-04,-2.139498254114515711e-04,-2.433611017577459908e-03,0.000000000000000000e+00
6.589999999999999858e+00,-3.854089285204414985e-03,4.733467744460002208e-03,-2.578263048799289822e-04,-2.102800538383769254e-04,-2.443190451660395748e-03,0.000000000000000000e+00
6.594999999999999751e+00,-3.830458166678103304e-03,4.718973201661295740e-03,-2.588685822383584808e-04,-2.066350021314067482e-04,-2.452600709057585308e-03,0.000000000000000000e+00
6.600000000000000533e+00,-3.806899617123777734e-03,4.704440296769128206e-03,-2.598926959534143756e-04,-2.030145817198023245e-04,-2.461842939274778291e-03,0.000000000000000000e+00
6.605000000000000426e+00,-3.783413826240422662e-03,4.689869873364428676e-03,-2.608987689599638680e-04,-1.994187039454975766e-04,-2.470918287647627838e-03,0.000000000000000000e+00
6.610000000000000320e+00,-3.760000979524280584e-03,4.675262768967315512e-03,-2.618869237493736172e-04,-1.958472800669625654e-04,-2.479827895338089679e-03,0.000000000000000000e+00
6.615000000000000213e+00,-3.736661258299095283e-03,4.660619815060775342e-03,-2.628572823691019715e-04,-1.923002212630359545e-04,-2.488572899330970898e-03,0.000000000000000000e+00
6.620000000000000107e+00,-3.713394839746239195e-03,4.645941837114348980e-03,-2.638099664223102821e-04,-1.887774386367269553e-04,-2.497154432430684703e-03,0.000000000000000000e+00
6.625000000000000000e+00,-3.690201896934721532e-03,4.631229654607816465e-03,-2.647450970674932445e-04,-1.852788432189865346e-04,-2.505573623258164351e-03,0.000000000000000000e+00
6.629999999999999893e+00,-3.667082598851077995e-03,4.616484081054888187e-03,-2.656627950181280500e-04,-1.818043459724483723e-04,-2.513831596247969626e-03,0.000000000000000000e+00
6.634999999999999787e+00,-3.644037110429140802e-03,4.601705924026897737e-03,-2.665631805423418618e-04,-1.783538577951393001e-04,-2.521929471645520393e-03,0.000000000000000000e+00
6.640000000000000568e+00,-3.621065592579692481e-03,4.586895985176493024e-03,-2.674463734625982087e-04,-1.749272895241598964e-04,-2.529868365504551325e-03,0.000000000000000000e+00
6.645000000000000462e+00,-3.598168202219999973e-03,4.572055060261328262e-03,-2.683124931554014322e-04,-1.715245519393346970e-04,-2.537649389684717115e-03,0.000000000000000000e+00
6.650000000000000355e+00,-3.575345092303229468e-03,4.557183939167755091e-03,-2.691616585510192929e-04,-1.681455557668327526e-04,-2.545273651849346876e-03,0.000000000000000000e+00
6.655000000000000249e+00,-3.552596411847744589e-03,4.542283405934513692e-03,-2.699939881332238467e-04,-1.647902116827583982e-04,-2.552742255463391965e-03,0.000000000000000000e+00
6.660000000000000142e+00,-3.529922305966285302e-03,4.527354238776419570e-03,-2.708095999390498299e-04,-1.614584303167122337e-04,-2.560056299791522126e-03,0.000000000000000000e+00
6.665000000000000036e+00,-3.507322915895027138e-03,4.512397210108046001e-03,-2.716086115585711509e-04,-1.581501222553229123e-04,-2.567216879896394664e-03,0.000000000000000000e+00
6.669999999999999929e+00,-3.484798379022524626e-03,4.497413086567405606e-03,-2.723911401346946755e-04,-1.548651980457492494e-04,-2.574225086637074549e-03,0.000000000000000000e+00
6.674999999999999822e+00,-3.462348828918534148e-03,4.482402629039624123e-03,-2.731573023629716834e-04,-1.516035681991534097e-04,-2.581082006667624953e-03,0.000000000000000000e+00
6.679999999999999716e+00,-3.439974395362719716e-03,4.467366592680608109e-03,-2.739072144914264564e-04,-1.483651431941448214e-04,-2.587788722435862155e-03,0.000000000000000000e+00
6.685000000000000497e+00,-3.417675204373239045e-03,4.452305726940710036e-03,-2.746409923204020504e-04,-1.451498334801950879e-04,-2.594346312182247913e-03,0.000000000000000000e+00
6.690000000000000391e+00,-3.395451378235212533e-03,4.437220775588382113e-03,-2.753587512024230355e-04,-1.419575494810242761e-04,-2.600755849938959658e-03,0.000000000000000000e+00
6.695000000000000284e+00,-3.373303035529074713e-03,4.422112476733824037e-03,-2.760606060420753120e-04,-1.387882015979584468e-04,-2.607018405529095990e-03,0.000000000000000000e+00
6.700000000000000178e+00,-3.351230291158804712e-03,4.406981562852620334e-03,-2.767466712959022984e-04,-1.356417002132585348e-04,-2.613135044566064318e-03,0.000000000000000000e+00
6.705000000000000071e+00,-3.329233256380040914e-03,4.391828760809370763e-03,-2.774170609723179779e-04,-1.325179556934208771e-04,-2.619106828453101211e-03,0.000000000000000000e+00
6.709999999999999964e+00,-3.307312038828077658e-03,4.376654791881307710e-03,-2.780718886315361547e-04,-1.294168783924494709e-04,-2.624934814382928923e-03,0.000000000000000000e+00
6.714999999999999858e+00,-3.285466742545742249e-03,4.361460371781904904e-03,-2.787112673855162434e-04,-1.263383786551000956e-04,-2.630620055337607073e-03,0.000000000000000000e+00
6.719999999999999751e+00,-3.263697468011154436e-03,4.346246210684473130e-03,-2.793353098979249973e-04,-1.232823668200962739e-04,-2.636163600088482772e-03,0.000000000000000000e+00
6.725000000000000533e+00,-3.242004312165368794e-03,4.331013013245742921e-03,-2.799441283841143900e-04,-1.202487532233176390e-04,-2.641566493196335474e-03,0.000000000000000000e+00
6.730000000000000426e+00,-3.220387368439898718e-03,4.315761478629435120e-03,-2.805378346111152732e-04,-1.172374482009601809e-04,-2.646829775011624603e-03,0.000000000000000000e+00
6.735000000000000320e+00,-3.198846726784122015e-03,4.300492300529818422e-03,-2.811165398976467550e-04,-1.142483620926691023e-04,-2.651954481674916736e-03,0.000000000000000000e+00
6.740000000000000213e+00,-3.177382473692570708e-03,4.285206167195248703e-03,-2.816803551141412992e-04,-1.112814052446441370e-04,-2.656941645117427697e-03,0.000000000000000000e+00
6.745000000000000107e+00,-3.155994692232099840e-03,4.269903761451697075e-03,-2.822293906827851658e-04,-1.083364880127174500e-04,-2.661792293061736835e-03,0.000000000000000000e+00
6.750000000000000000e+00,-3.134683462068942224e-03,4.254585760726260595e-03,-2.827637565775741935e-04,-1.054135207654043933e-04,-2.666507449022615349e-03,0.000000000000000000e+00
6.754999999999999893e+00,-3.113448859495642623e-03,4.239252837070656491e-03,-2.832835623243848693e-04,-1.025124138869270473e-04,-2.671088132308007280e-03,0.000000000000000000e+00
6.759999999999999787e+00,-3.092290957457877881e-03,4.223905657184696440e-03,-2.837889170010602508e-04,-9.963307778021094187e-05,-2.675535358020157076e-03,0.000000000000000000e+00
6.765000000000000568e+00,-3.071209825581155614e-03,4.208544882439746969e-03,-2.842799292375110145e-04,-9.677542286985479512e-05,-2.679850137056850792e-03,0.000000000000000000e+00
6.770000000000000462e+00,-3.050205530197399716e-03,4.193171168902169905e-03,-2.847567072158311403e-04,-9.393935960507362028e-05,-2.684033476112812535e-03,0.000000000000000000e+00
6.775000000000000355e+00,-3.029278134371415302e-03,4.177785167356740277e-03,-2.852193586704282859e-04,-9.112479846261527044e-05,-2.688086377681241437e-03,0.000000000000000000e+00
6.780000000000000249e+00,-3.008427697927239155e-03,4.162387523330049466e-03,-2.856679908881686915e-04,-8.833164994965050140e-05,-2.692009840055453566e-03,0.000000000000000000e+00
6.785000000000000142e+00,-2.987654277474371782e-03,4.146978877113883209e-03,-2.861027107085365568e-04,-8.555982460663671550e-05,-2.695804857330689509e-03,0.000000000000000000e+00
6.790000000000000036e+00,-2.966957926433893243e-03,4.131559863788582254e-03,-2.865236245238074052e-04,-8.280923301015550848e-05,-2.699472419406028639e-03,0.000000000000000000e+00
6.794999999999999929e+00,-2.946338695064461884e-03,4.116131113246376989e-03,-2.869308382792359218e-04,-8.007978577572426315e-05,-2.703013511986446064e-03,0.000000000000000000e+00
6.799999999999999822e+00,-2.925796630488196413e-03,4.100693250214702996e-03,-2.873244574732574524e-04,-7.737139356058162745e-05,-2.706429116584992307e-03,0.000000000000000000e+00
6.804999999999999716e+00,-2.905331776716441744e-03,4.085246894279491447e-03,-2.877045871577037055e-04,-7.468396706644739173e-05,-2.709720210525107427e-03,0.000000000000000000e+00
6.810000000000000497e+00,-2.884944174675418624e-03,4.069792659908438685e-03,-2.880713319380317898e-04,-7.201741704225652133e-05,-2.712887766943049631e-03,0.000000000000000000e+00
6.815000000000000391e+00,-2.864633862231756589e-03,4.054331156474245447e-03,-2.884247959735671842e-04,-6.937165428686780538e-05,-2.715932754790464834e-03,0.000000000000000000e+00
6.820000000000000284e+00,-2.844400874217910269e-03,4.038862988277837872e-03,-2.887650829777600975e-04,-6.674658965174695897e-05,-2.718856138837068108e-03,0.000000000000000000e+00
6.825000000000000178e+00,-2.824245242457461627e-03,4.023388754571559020e-03,-2.890922962184551089e-04,-6.414213404362451769e-05,-2.721658879673446128e-03,0.000000000000000000e+00
6.830000000000000071e+00,-2.804166995790303377e-03,4.007909049582336104e-03,-2.894065385181741456e-04,-6.155819842712859221e-05,-2.724341933713998395e-03,0.000000000000000000e+00
6.834999999999999964e+00,-2.784166160097709206e-03,3.992424462534819099e-03,-2.897079122544124149e-04,-5.899469382739249649e-05,-2.726906253199975171e-03,0.000000000000000000e+00
6.839999999999999858e+00,-2.764242758327286904e-03,3.976935577674493329e-03,-2.899965193599474567e-04,-5.645153133263757482e-05,-2.729352786202650719e-03,0.000000000000000000e+00
6.844999999999999751e+00,-2.744396810517816566e-03,3.961442974290765168e-03,-2.902724613231609345e-04,-5.392862209673121424e-05,-2.731682476626614946e-03,0.000000000000000000e+00
6.850000000000000533e+00,-2.724628333823973878e-03,3.945947226740015648e-03,-2.905358391883732742e-04,-5.142587734172021847e-05,-2.733896264213177794e-03,0.000000000000000000e+00
6.855000000000000426e+00,-2.704937342540937161e-03,3.930448904468631516e-03,-2.907867535561908258e-04,-4.894320836033961777e-05,-2.735995084543878155e-03,0.000000000000000000e+00
6.860000000000000320e+00,-2.685323848128879504e-03,3.914948572035998123e-03,-2.910253045838655478e-04,-4.648052651849711832e-05,-2.737979869044135026e-03,0.000000000000000000e+00
6.865000000000000213e+00,-2.665787859237346395e-03,3.899446789137471937e-03,-2.912515919856669419e-04,-4.403774325773333306e-05,-2.739851544986980202e-03,0.000000000000000000e+00
6.870000000000000107e+00,-2.646329381729519738e-03,3.883944110627313151e-03,-2.914657150332663495e-04,-4.161477009765778072e-05,-2.741611035496931918e-03,0.000000000000000000e+00
6.875000000000000000e+00,-2.626948418706364762e-03,3.868441086541594010e-03,-2.916677725561334436e-04,-3.921151863836092391e-05,-2.743259259553958683e-03,0.000000000000000000e+00
6.879999999999999893e+00,-2.607644970530664189e-03,3.852938262121072006e-03,-2.918578629419444855e-04,-3.682790056280232097e-05,-2.744797131997571069e-03,0.000000000000000000e+00
6.884999999999999787e+00,-2.588419034850937030e-03,3.837436177834032281e-03,-2.920360841370026701e-04,-3.446382763917496593e-05,-2.746225563530998049e-03,0.000000000000000000e+00
6.890000000000000568e+00,-2.569270606625245496e-03,3.821935369399095776e-03,-2.922025336466700716e-04,-3.211921172324600648e-05,-2.747545460725504297e-03,0.000000000000000000e+00
6.895000000000000462e+00,-2.550199678144884820e-03,3.806436367807996147e-03,-2.923573085358114080e-04,-2.979396476067400250e-05,-2.748757726024785540e-03,0.000000000000000000e+00
6.900000000000000355e+00,-2.531206239057961615e-03,3.790939699348321555e-03,-2.925005054292491888e-04,-2.748799878930268111e-05,-2.749863257749482308e-03,0.000000000000000000e+00
6.905000000000000249e+00,-2.512290276392857308e-03,3.775445885626222201e-03,-2.926322205122303555e-04,-2.520122594143152367e-05,-2.750862950101802974e-03,0.000000000000000000e+00
6.910000000000000142e+00,-2.493451774581579260e-03,3.759955443589084890e-03,-2.927525495309040902e-04,-2.293355844606320850e-05,-2.751757693170233960e-03,0.000000000000000000e+00
6.915000000000000036e+00,-2.474690715482997377e-03,3.744468885548169444e-03,-2.928615877928111150e-04,-2.068490863112793629e-05,-2.752548372934373981e-03,0.000000000000000000e+00
6.919999999999999929e+00,-2.456007078405968418e-03,3.728986719201211712e-03,-2.929594301673836727e-04,-1.845518892568495350e-05,-2.753235871269858921e-03,0.000000000000000000e+00
6.924999999999999822e+00,-2.437400840132347962e-03,3.713509447654989287e-03,-2.930461710864565653e-04,-1.624431186210126670e-05,-2.753821065953373885e-03,0.000000000000000000e+00
6.929999999999999716e+00,-2.418871974939887023e-03,3.698037569447851659e-03,-2.931219045447893594e-04,-1.405219007820770573e-05,-2.754304830667796220e-03,0.000000000000000000e+00
6.935000000000000497e+00,-2.400420454625020253e-03,3.682571578572211343e-03,-2.931867241005987846e-04,-1.187873631943243701e-05,-2.754688035007407491e-03,0.000000000000000000e+00
6.940000000000000391e+00,-2.382046248525537466e-03,3.667111964497000304e-03,-2.932407228761020807e-04,-9.723863440912125443e-06,-2.754971544483213446e-03,0.000000000000000000e+00
6.945000000000000284e+00,-2.363749323543146326e-03,3.651659212190084321e-03,-2.932839935580708627e-04,-7.587484409580800616e-06,-2.755156220528370229e-03,0.000000000000000000e+00
6.950000000000000178e+00,-2.345529644165920535e-03,3.636213802140643523e-03,-2.933166283983952311e-04,-5.469512306236476630e-06,-2.755242920503686924e-03,0.000000000000000000e+00
6.955000000000000071e+00,-2.327387172490638732e-03,3.620776210381509552e-03,-2.933387192146581280e-04,-3.369860327585877333e-06,-2.755232497703235216e-03,0.000000000000000000e+00
6.959999999999999964e+00,-2.309321868245009339e-03,3.605346908511466737e-03,-2.933503573907201016e-04,-1.288441788267080701e-06,-2.755125801360056633e-03,0.000000000000000000e+00
6.964999999999999858e+00,-2.291333688809786117e-03,3.589926363717511632e-03,-2.933516338773138285e-04,7.748298771495178730e-07,-2.754923676651940476e-03,0.000000000000000000e+00
6.969999999999999751e+00,-2.273422589240770529e-03,3.574515038797072657e-03,-2.933426391926488271e-04,2.820041112181962743e-06,-2.754626964707320574e-03,0.000000000000000000e+00
6.975000000000000533e+00,-2.255588522290704386e-03,3.559113392180188965e-03,-2.933234634230258756e-04,4.847278236479069538e-06,-2.754236502611235368e-03,0.000000000000000000e+00
6.980000000000000426e+00,-2.237831438431052769e-03,3.543721877951649425e-03,-2.932941962234612409e-04,6.856627443884138334e-06,-2.753753123411407672e-03,0.000000000000000000e+00
6.985000000000000320e+00,-2.220151285873672459e-03,3.528340945873087789e-03,-2.932549268183204491e-04,8.848174800520123447e-06,-2.753177656124378234e-03,0.000000000000000000e+00
6.990000000000000213e+00,-2.202548010592374986e-03,3.512971041405038401e-03,-2.932057440019616512e-04,1.082200624289575967e-05,-2.752510925741748563e-03,0.000000000000000000e+00
6.995000000000000107e+00,-2.185021556344376049e-03,3.497612605728947239e-03,-2.931467361393884754e-04,1.277820757603303287e-05,-2.751753753236517441e-03,0.000000000000000000e+00
7.000000000000000000e+00,-2.167571864691635215e-03,3.482266075769142183e-03,-2.930779911669119321e-04,1.471686447161546943e-05,-2.750906955569473820e-03,0.000000000000000000e+00
7.004999999999999893e+00,-2.150198875022088507e-03,3.466931884214759056e-03,-2.929995965928218070e-04,1.663806246615727284e-05,-2.749971345695701157e-03,0.000000000000000000e+00
7.009999999999999787e+00,-2.132902524570768222e-03,3.451610459541624727e-03,-2.929116394980670513e-04,1.854188695919323289e-05,-2.748947732571147690e-03,0.000000000000000000e+00
7.015000000000000568e+00,-2.115682748440815639e-03,3.436302226034096408e-03,-2.928142065369450635e-04,2.042842321148923815e-05,-2.747836921159289500e-03,0.000000000000000000e+00
7.020000000000000462e+00,-2.098539479624382705e-03,3.421007603806854990e-03,-2.927073839378000245e-04,2.229775634327320192e-05,-2.746639712437875993e-03,0.000000000000000000e+00
7.025000000000000355e+00,-2.081472649023427459e-03,3.405727008826656306e-03,-2.925912575037300676e-04,2.414997133248646775e-05,-2.745356903405744321e-03,0.000000000000000000e+00
7.030000000000000249e+00,-2.064482185470398450e-03,3.390460852934035554e-03,-2.924659126133027985e-04,2.598515301305541497e-05,-2.743989287089722284e-03,0.000000000000000000e+00
7.035000000000000142e+00,-2.047568015748812455e-03,3.375209543864967493e-03,-2.923314342212798671e-04,2.780338607318321687e-05,-2.742537652551610156e-03,0.000000000000000000e+00
7.040000000000000036e+00,-2.030730064613722047e-03,3.359973485272479358e-03,-2.921879068593497800e-04,2.960475505366163288e-05,-2.741002784895234939e-03,0.000000000000000000e+00
7.044999999999999929e+00,-2.013968254812077783e-03,3.344753076748219547e-03,-2.920354146368690069e-04,3.138934434620266198e-05,-2.739385465273585282e-03,0.000000000000000000e+00
7.049999999999999822e+00,-1.997282507102980231e-03,3.329548713843978169e-03,-2.918740412416116520e-04,3.315723819179005737e-05,-2.737686470896033130e-03,0.000000000000000000e+00
7.054999999999999716e+00,-1.980672740277825746e-03,3.314360788093162046e-03,-2.917038699405270405e-04,3.490852067905047867e-05,-2.735906575035587478e-03,0.000000000000000000e+00
7.060000000000000497e+00,-1.964138871180345133e-03,3.299189687032221593e-03,-2.915249835805057616e-04,3.664327574264417343e-05,-2.734046547036291658e-03,0.000000000000000000e+00
7.065000000000000391e+00,-1.947680814726534962e-03,3.284035794222031276e-03,-2.913374645891531924e-04,3.836158716167520463e-05,-2.732107152320632348e-03,0.000000000000000000e+00
7.070000000000000284e+00,-1.931298483924481562e-03,3.268899489269221515e-03,-2.911413949755714244e-04,4.006353855812093650e-05,-2.730089152397038345e-03,0.000000000000000000e+00
7.075000000000000178e+00,-1.914991789894079617e-03,3.253781147847461565e-03,-2.909368563311486716e-04,4.174921339528070376e-05,-2.727993304867478222e-03,0.000000000000000000e+00
7.080000000000000071e+00,-1.898760641886643435e-03,3.238681141718696872e-03,-2.907239298303565924e-04,4.341869497624368488e-05,-2.725820363435087473e-03,0.000000000000000000e+00
7.084999999999999964e+00,-1.882604947304413042e-03,3.223599838754333518e-03,-2.905026962315550385e-04,4.507206644237572859e-05,-2.723571077911893668e-03,0.000000000000000000e+00
7.089999999999999858e+00,-1.866524611719953385e-03,3.208537602956377556e-03,-2.902732358778045024e-04,4.670941077182498444e-05,-2.721246194226596259e-03,0.000000000000000000e+00
7.094999999999999751e+00,-1.850519538895449220e-03,3.193494794478522313e-03,-2.900356286976858277e-04,4.833081077804645949e-05,-2.718846454432416199e-03,0.000000000000000000e+00
7.100000000000000533e+00,-1.834589630801893760e-03,3.178471769647186682e-03,-2.897899542061274018e-04,4.993634910834509455e-05,-2.716372596715025799e-03,0.000000000000000000e+00
7.105000000000000426e+00,-1.818734787638172368e-03,3.163468880982504405e-03,-2.895362915052393407e-04,5.152610824243738705e-05,-2.713825355400510241e-03,0.000000000000000000e+00
7.110000000000000320e+00,-1.802954907850041946e-03,3.148486477219260456e-03,-2.892747192851552636e-04,5.310017049103152661e-05,-2.711205460963453991e-03,0.000000000000000000e+00
7.115000000000000213e+00,-1.787249888149005381e-03,3.133524903327780577e-03,-2.890053158248805727e-04,5.465861799442581307e-05,-2.708513640035012902e-03,0.000000000000000000e+00
7.120000000000000107e+00,-1.771619623531081470e-03,3.118584500534766178e-03,-2.887281589931481600e-04,5.620153272112522123e-05,-2.705750615411131165e-03,0.000000000000000000e+00
7.125000000000000000e+00,-1.756064007295471407e-03,3.103665606344080657e-03,-2.884433262492807270e-04,5.772899646647616675e-05,-2.702917106060751321e-03,0.000000000000000000e+00
7.129999999999999893e+00,-1.740582931063120982e-03,3.088768554557482816e-03,-2.881508946440599359e-04,5.924109085131918165e-05,-2.700013827134136162e-03,0.000000000000000000e+00
7.134999999999999787e+00,-1.725176284795179333e-03,3.073893675295309540e-03,-2.878509408206022277e-04,6.073789732065951300e-05,-2.697041489971221430e-03,0.000000000000000000e+00
7.140000000000000568e+00,-1.709843956811354275e-03,3.059041295017105554e-03,-2.875435410152414172e-04,6.221949714235544841e-05,-2.694000802110047867e-03,0.000000000000000000e+00
7.145000000000000462e+00,-1.694585833808165279e-03,3.044211736542202021e-03,-2.872287710584175220e-04,6.368597140582433428e-05,-2.690892467295227103e-03,0.000000000000000000e+00
7.150000000000000355e+00,-1.679401800877092796e-03,3.029405319070240920e-03,-2.869067063755723133e-04,6.513740102076609711e-05,-2.687717185486510323e-03,0.000000000000000000e+00
7.155000000000000249e+00,-1.664291741522625455e-03,3.014622358201647818e-03,-2.865774219880509927e-04,6.657386671590426121e-05,-2.684475652867363438e-03,0.000000000000000000e+00
7.160000000000000142e+00,-1.649255537680205559e-03,2.999863165958052604e-03,-2.862409925140100490e-04,6.799544903774431355e-05,-2.681168561853628993e-03,0.000000000000000000e+00
7.165000000000000036e+00,-1.634293069734071803e-03,2.985128050802654271e-03,-2.858974921693316741e-04,6.940222834934913810e-05,-2.677796601102255293e-03,0.000000000000000000e+00
7.169999999999999929e+00,-1.619404216535000286e-03,2.970417317660534098e-03,-2.855469947685438715e-04,7.079428482913181092e-05,-2.674360455520036380e-03,0.000000000000000000e+00
7.174999999999999822e+00,-1.604588855417945137e-03,2.955731267938915049e-03,-2.851895737257465814e-04,7.217169846966520034e-05,-2.670860806272449140e-03,0.000000000000000000e+00
7.179999999999999716e+00,-1.589846862219576780e-03,2.941070199547365666e-03,-2.848253020555439863e-04,7.353454907650854857e-05,-2.667298330792531626e-03,0.000000000000000000e+00
7.185000000000000497e+00,-1.575178111295719814e-03,2.926434406917951918e-03,-2.844542523739824547e-04,7.488291626705084476e-05,-2.663673702789806901e-03,0.000000000000000000e+00
7.190000000000000391e+00,-1.560582475538690485e-03,2.911824181025331800e-03,-2.840764968994941757e-04,7.621687946937088132e-05,-2.659987592259265010e-03,0.000000000000000000e+00
7.195000000000000284e+00,-1.546059826394533552e-03,2.897239809406798334e-03,-2.836921074538465413e-04,7.753651792111391204e-05,-2.656240665490388307e-03,0.000000000000000000e+00
7.200000000000000178e+00,-1.531610033880159184e-03,2.882681576182264446e-03,-2.833011554630971655e-04,7.884191066838472232e-05,-2.652433585076249649e-03,0.000000000000000000e+00
7.205000000000000071e+00,-1.517232966600379684e-03,2.868149762074195808e-03,-2.829037119585542165e-04,8.013313656465719285e-05,-2.648567009922634871e-03,0.000000000000000000e+00
7.209999999999999964e+00,-1.502928491764847323e-03,2.853644644427485565e-03,-2.824998475777423324e-04,8.141027426969997722e-05,-2.644641595257222946e-03,0.000000000000000000e+00
7.214999999999999858e+00,-1.488696475204892436e-03,2.839166497229275287e-03,-2.820896325653737954e-04,8.267340224851851035e-05,-2.640657992638821647e-03,0.000000000000000000e+00
7.219999999999999751e+00,-1.474536781390262856e-03,2.824715591128719103e-03,-2.816731367743249099e-04,8.392259877031290043e-05,-2.636616849966645290e-03,0.000000000000000000e+00
7.225000000000000533e+00,-1.460449273445764678e-03,2.810292193456692764e-03,-2.812504296666176935e-04,8.515794190745190780e-05,-2.632518811489638864e-03,0.000000000000000000e+00
7.230000000000000426e+00,-1.446433813167804366e-03,2.795896568245445028e-03,-2.808215803144063923e-04,8.637950953446271241e-05,-2.628364517815850315e-03,0.000000000000000000e+00
7.235000000000000320e+00,-1.432490261040832852e-03,2.781528976248195256e-03,-2.803866574009694179e-04,8.758737932703648365e-05,-2.624154605921839249e-03,0.000000000000000000e+00
7.240000000000000213e+00,-1.418618476253691611e-03,2.767189674958670745e-03,-2.799457292217057830e-04,8.878162876104946772e-05,-2.619889709162151557e-03,0.000000000000000000e+00
7.245000000000000107e+00,-1.404818316715861822e-03,2.752878918630591136e-03,-2.794988636851367418e-04,8.996233511159980952e-05,-2.615570457278815295e-03,0.000000000000000000e+00
7.250000000000000000e+00,-1.391089639073615509e-03,2.738596958297092546e-03,-2.790461283139118753e-04,9.112957545205963472e-05,-2.611197476410893371e-03,0.000000000000000000e+00
7.254999999999999893e+00,-1.377432298726070188e-03,2.724344041790097062e-03,-2.785875902458202183e-04,9.228342665314259524e-05,-2.606771389104067891e-03,0.000000000000000000e+00
7.259999999999999787e+00,-1.363846149841146374e-03,2.710120413759623675e-03,-2.781233162348058317e-04,9.342396538198655283e-05,-2.602292814320283920e-03,0.000000000000000000e+00
7.265000000000000568e+00,-1.350331045371429457e-03,2.695926315693041985e-03,-2.776533726519878737e-04,9.455126810125149585e-05,-2.597762367447416232e-03,0.000000000000000000e+00
7.270000000000000462e+00,-1.336886837069934438e-03,2.681761985934267341e-03,-2.771778254866852256e-04,9.566541106823243143e-05,-2.593180660308984191e-03,0.000000000000000000e+00
7.275000000000000355e+00,-1.323513375505775249e-03,2.667627659702900486e-03,-2.766967403474455620e-04,9.676647033398722616e-05,-2.588548301173909140e-03,0.000000000000000000e+00
7.280000000000000249e+00,-1.310210510079739101e-03,2.653523569113306474e-03,-2.762101824630786495e-04,9.785452174247925969e-05,-2.583865894766304745e-03,0.000000000000000000e+00
7.285000000000000142e+00,-1.296978089039764991e-03,2.639449943193637651e-03,-2.757182166836939286e-04,9.892964092973483697e-05,-2.579134042275314179e-03,0.000000000000000000e+00
7.290000000000000036e+00,-1.283815959496326792e-03,2.625407007904796350e-03,-2.752209074817422150e-04,9.999190332301527797e-05,-2.574353341364969423e-03,0.000000000000000000e+00
7.294999999999999929e+00,-1.270723967437722675e-03,2.611394986159340775e-03,-2.747183189530617376e-04,1.010413841400034407e-04,-2.569524386184108243e-03,0.000000000000000000e+00
7.299999999999999822e+00,-1.257701957745269768e-03,2.597414097840331903e-03,-2.742105148179278633e-04,1.020781583880047999e-04,-2.564647767376311560e-03,0.000000000000000000e+00
7.304999999999999716e+00,-1.244749774208404490e-03,2.583464559820120542e-03,-2.736975584221070499e-04,1.031023008631627556e-04,-2.559724072089885043e-03,0.000000000000000000e+00
7.310000000000000497e+00,-1.231867259539688991e-03,2.569546585979076703e-03,-2.731795127379144854e-04,1.041138861496882938e-04,-2.554753883987865865e-03,0.000000000000000000e+00
7.315000000000000391e+00,-1.219054255389725007e-03,2.555660387224259564e-03,-2.726564403652757384e-04,1.051129886191036879e-04,-2.549737783258082362e-03,0.000000000000000000e+00
7.320000000000000284e+00,-1.206310602361973169e-03,2.541806171508027585e-03,-2.721284035327920956e-04,1.060996824295003217e-04,-2.544676346623228006e-03,0.000000000000000000e+00
7.325000000000000178e+00,-1.193636140027480369e-03,2.527984143846591369e-03,-2.715954640988094224e-04,1.070740415248104440e-04,-2.539570147350972244e-03,0.000000000000000000e+00
7.330000000000000071e+00,-1.181030706939514537e-03,2.514194506338503655e-03,-2.710576835524908181e-04,1.080361396340927342e-04,-2.534419755264119035e-03,0.000000000000000000e+00
7.334999999999999964e+00,-1.168494140648106182e-03,2.500437458183092914e-03,-2.705151230148927408e-04,1.089860502708316764e-04,-2.529225736750773199e-03,0.000000000000000000e+00
7.339999999999999858e+00,-1.156026277714499503e-03,2.486713195698835813e-03,-2.699678432400446021e-04,1.099238467322506099e-04,-2.523988654774563575e-03,0.000000000000000000e+00
7.344999999999999751e+00,-1.143626953725509826e-03,2.473021912341670254e-03,-2.694159046160317763e-04,1.108496020986382899e-04,-2.518709068884874853e-03,0.000000000000000000e+00
7.350000000000000533e+00,-1.131296003307791275e-03,2.459363798723247264e-03,-2.688593671660818624e-04,1.117633892326889880e-04,-2.513387535227117574e-03,0.000000000000000000e+00
7.355000000000000426e+00,-1.119033260142012279e-03,2.445739042629124782e-03,-2.682982905496543620e-04,1.126652807788558740e-04,-2.508024606553038889e-03,0.000000000000000000e+00
7.360000000000000320e+00,-1.106838556976941310e-03,2.432147829036900716e-03,-2.677327340635333921e-04,1.135553491627177880e-04,-2.502620832231032023e-03,0.000000000000000000e+00
7.365000000000000213e+00,-1.094711725643440900e-03,2.418590340134283995e-03,-2.671627566429237051e-04,1.144336665903591439e-04,-2.497176758256515559e-03,0.000000000000000000e+00
7.370000000000000107e+00,-1.082652597068372311e-03,2.405066755337107939e-03,-2.665884168625495820e-04,1.153003050477629257e-04,-2.491692927262299708e-03,0.000000000000000000e+00
7.375000000000000000e+00,-1.070661001288409795e-03,2.391577251307280740e-03,-2.660097729377569782e-04,1.161553363002167073e-04,-2.486169878529007234e-03,0.000000000000000000e+00
7.379999999999999893e+00,-1.058736767463765507e-03,2.378122001970676969e-03,-2.654268827256182168e-04,1.169988318917315740e-04,-2.480608147995503904e-03,0.000000000000000000e+00
7.384999999999999787e+00,-1.046879723891825298e-03,2.364701178534967928e-03,-2.648398037260400978e-04,1.178308631444738655e-04,-2.475008268269368854e-03,0.000000000000000000e+00
7.390000000000000568e+00,-1.035089698020695169e-03,2.351314949507391297e-03,-2.642485930828742291e-04,1.186515011582096440e-04,-2.469370768637374047e-03,0.000000000000000000e+00
7.395000000000000462e+00,-1.023366516462659043e-03,2.337963480712459616e-03,-2.636533075850306111e-04,1.194608168097617800e-04,-2.463696175076004503e-03,0.000000000000000000e+00
7.400000000000000355e+00,-1.011710005007548279e-03,2.324646935309607199e-03,-2.630540036675936056e-04,1.202588807524795878e-04,-2.457985010261991114e-03,0.000000000000000000e+00
7.405000000000000249e+00,-1.000119988636023142e-03,2.311365473810778060e-03,-2.624507374129405072e-04,1.210457634157209562e-04,-2.452237793582867295e-03,0.000000000000000000e+00
7.410000000000000142e+00,-9.885962915327664666e-04,2.298119254097951390e-03,-2.618435645518628796e-04,1.218215350043467307e-04,-2.446455041147555139e-03,0.000000000000000000e+00
7.415000000000000036e+00,-9.771387370995894897e-04,2.284908431440605021e-03,-2.612325404646903310e-04,1.225862654982274832e-04,-2.440637265796973248e-03,0.000000000000000000e+00
7.419999999999999929e+00,-9.657471479684513836e-04,2.271733158513118602e-03,-2.606177201824165122e-04,1.233400246517623970e-04,-2.434784977114655847e-03,0.000000000000000000e+00
7.424999999999999822e+00,-9.544213460143907528e-04,2.258593585412116932e-03,-2.599991583878277714e-04,1.240828819934102682e-04,-2.428898681437402680e-03,0.000000000000000000e+00
7.429999999999999716e+00,-9.431611523683714783e-04,2.245489859673748239e-03,-2.593769094166339766e-04,1.248149068252325279e-04,-2.422978881865948432e-03,0.000000000000000000e+00
7.435000000000000497e+00,-9.319663874300420422e-04,2.232422126290904783e-03,-2.587510272586016156e-04,1.255361682224480282e-04,-2.417026078275648186e-03,0.000000000000000000e+00
7.440000000000000391e+00,-9.208368708804088752e-04,2.219390527730378398e-03,-2.581215655586890098e-04,1.262467350329999304e-04,-2.411040767327186311e-03,0.000000000000000000e+00
7.445000000000000284e+00,-9.097724216944240525e-04,2.206395203949957935e-03,-2.574885776181839677e-04,1.269466758771340591e-04,-2.405023442477300516e-03,0.000000000000000000e+00
7.450000000000000178e+00,-8.987728581534877711e-04,2.193436292415462500e-03,-2.568521163958430642e-04,1.276360591469890735e-04,-2.398974593989528902e-03,0.000000000000000000e+00
7.455000000000000071e+00,-8.878379978578656087e-04,2.180513928117714002e-03,-2.562122345090333598e-04,1.283149530061980504e-04,-2.392894708944969147e-03,0.000000000000000000e+00
7.459999999999999964e+00,-8.769676577390213236e-04,2.167628243589447227e-03,-2.555689842348757464e-04,1.289834253895017489e-04,-2.386784271253055909e-03,0.000000000000000000e+00
7.464999999999999858e+00,-8.661616540718649780e-04,2.154779368922159644e-03,-2.549224175113905147e-04,1.296415440023730161e-04,-2.380643761662366853e-03,0.000000000000000000e+00
7.469999999999999751e+00,-8.554198024869174698e-04,2.141967431782896593e-03,-2.542725859386444406e-04,1.302893763206527391e-04,-2.374473657771420439e-03,0.000000000000000000e+00
7.475000000000000533e+00,-8.447419179823906048e-04,2.129192557430977482e-03,-2.536195407798999307e-04,1.309269895901968284e-04,-2.368274434039515774e-03,0.000000000000000000e+00
7.480000000000000426e+00,-8.341278149361841185e-04,2.116454868734658681e-03,-2.529633329627657950e-04,1.315544508265343963e-04,-2.362046561797567692e-03,0.000000000000000000e+00
7.485000000000000320e+00,-8.235773071177997576e-04,2.103754486187734384e-03,-2.523040130803497530e-04,1.321718268145369399e-04,-2.355790509258968296e-03,0.000000000000000000e+00
7.490000000000000213e+00,-8.130902077001716599e-04,2.091091527926075035e-03,-2.516416313924124053e-04,1.327791841080985552e-04,-2.349506741530460203e-03,0.000000000000000000e+00
7.495000000000000107e+00,-8.026663292714154201e-04,2.078466109744104163e-03,-2.509762378265229920e-04,1.333765890298269942e-04,-2.343195720623018029e-03,0.000000000000000000e+00
7.500000000000000000e+00,-7.923054838464936708e-04,2.065878345111213637e-03,-2.503078819792166169e-04,1.339641076707454817e-04,-2.336857905462748960e-03,0.000000000000000000e+00
7.504999999999999893e+00,-7.820074828788007833e-04,2.053328345188116036e-03,-2.496366131171527713e-04,1.345418058900052938e-04,-2.330493751901805896e-03,0.000000000000000000e+00
7.509999999999999787e+00,-7.717721372716650598e-04,2.040816218843135004e-03,-2.489624801782754299e-04,1.351097493146088523e-04,-2.324103712729302766e-03,0.000000000000000000e+00
7.515000000000000568e+00,-7.615992573897705864e-04,2.028342072668433589e-03,-2.482855317729745033e-04,1.356680033391434719e-04,-2.317688237682259331e-03,0.000000000000000000e+00
7.520000000000000462e+00,-7.514886530704972291e-04,2.015906010996179262e-03,-2.476058161852485897e-04,1.362166331255255155e-04,-2.311247773456545987e-03,0.000000000000000000e+00
7.525000000000000355e+00,-7.414401336351803982e-04,2.003508135914648224e-03,-2.469233813738688126e-04,1.367557036027549310e-04,-2.304782763717832909e-03,0.000000000000000000e+00
7.530000000000000249e+00,-7.314535079002904743e-04,1.991148547284267694e-03,-2.462382749735441204e-04,1.372852794666800335e-04,-2.298293649112569115e-03,0.000000000000000000e+00
7.535000000000000142e+00,-7.215285841885321107e-04,1.978827342753594013e-03,-2.455505442960876175e-04,1.378054251797726417e-04,-2.291780867278944180e-03,0.000000000000000000e+00
7.540000000000000036e+00,-7.116651703398635224e-04,1.966544617775229601e-03,-2.448602363315838704e-04,1.383162049709131352e-04,-2.285244852857888989e-03,0.000000000000000000e+00
7.544999999999999929e+00,-7.018630737224368452e-04,1.954300465621677460e-03,-2.441673977495574608e-04,1.388176828351857294e-04,-2.278686037504060440e-03,0.000000000000000000e+00
7.549999999999999822e+00,-6.921221012434589136e-04,1.942094977401133448e-03,-2.434720749001424603e-04,1.393099225336836178e-04,-2.272104849896852598e-03,0.000000000000000000e+00
7.554999999999999716e+00,-6.824420593599737602e-04,1.929928242073216749e-03,-2.427743138152528536e-04,1.397929875933240070e-04,-2.265501715751401784e-03,0.000000000000000000e+00
7.560000000000000497e+00,-6.728227540895659678e-04,1.917800346464636598e-03,-2.420741602097538294e-04,1.402669413066730990e-04,-2.258877057829607703e-03,0.000000000000000000e+00
7.565000000000000391e+00,-6.632639910209865014e-04,1.905711375284797632e-03,-2.413716594826339655e-04,1.407318467317805613e-04,-2.252231295951157616e-03,0.000000000000000000e+00
7.570000000000000284e+00,-6.537655753246999352e-04,1.893661411141343235e-03,-2.406668567181782000e-04,1.411877666920238349e-04,-2.245564847004561347e-03,0.000000000000000000e+00
7.575000000000000178e+00,-6.443273117633548097e-04,1.881650534555635770e-03,-2.399597966871416159e-04,1.416347637759619567e-04,-2.238878124958187162e-03,0.000000000000000000e+00
7.580000000000000071e+00,-6.349490047021765773e-04,1.869678823978174372e-03,-2.392505238479237942e-04,1.420729003371988422e-04,-2.232171540871304150e-03,0.000000000000000000e+00
7.584999999999999964e+00,-6.256304581192832434e-04,1.857746355803951586e-03,-2.385390823477439540e-04,1.425022384942559726e-04,-2.225445502905136312e-03,0.000000000000000000e+00
7.589999999999999858e+00,-6.163714756159246804e-04,1.845853204387746475e-03,-2.378255160238166611e-04,1.429228401304544877e-04,-2.218700416333912323e-03,0.000000000000000000e+00
7.594999999999999751e+00,-6.071718604266458305e-04,1.833999442059355703e-03,-2.371098684045281333e-04,1.433347668938065222e-04,-2.211936683555923953e-03,0.000000000000000000e+00
7.600000000000000533e+00,-5.980314154293733635e-04,1.822185139138762615e-03,-2.363921827106129790e-04,1.437380801969155943e-04,-2.205154704104593175e-03,0.000000000000000000e+00
7.605000000000000426e+00,-5.889499431554270914e-04,1.810410363951244286e-03,-2.356725018563315054e-04,1.441328412168863188e-04,-2.198354874659527985e-03,0.000000000000000000e+00
7.610000000000000320e+00,-5.799272457994558141e-04,1.798675182842415267e-03,-2.349508684506474061e-04,1.445191108952429294e-04,-2.191537589057601654e-03,0.000000000000000000e+00
7.615000000000000213e+00,-5.709631252292983548e-04,1.786979660193209951e-03,-2.342273247984059091e-04,1.448969499378568537e-04,-2.184703238304020259e-03,0.000000000000000000e+00
7.620000000000000107e+00,-5.620573829957692434e-04,1.775323858434802718e-03,-2.335019129015120879e-04,1.452664188148832338e-04,-2.177852210583391956e-03,0.000000000000000000e+00
7.625000000000000000e+00,-5.532098203423707833e-04,1.763707838063465405e-03,-2.327746744601096604e-04,1.456275777607060921e-04,-2.170984891270809260e-03,0.000000000000000000e+00
7.629999999999999893e+00,-5.444202382149301985e-04,1.752131657655362548e-03,-2.320456508737599774e-04,1.459804867738923072e-04,-2.164101662942925254e-03,0.000000000000000000e+00
7.634999999999999787e+00,-5.356884372711634900e-04,1.740595373881285253e-03,-2.313148832426211734e-04,1.463252056171542633e-04,-2.157202905389026329e-03,0.000000000000000000e+00
7.640000000000000568e+00,-5.270142178901655655e-04,1.729099041521321971e-03,-2.305824123686275081e-04,1.466617938173210372e-04,-2.150288995622118369e-03,0.000000000000000000e+00
7.645000000000000462e+00,-5.183973801818271858e-04,1.717642713479468125e-03,-2.298482787566688155e-04,1.469903106653180967e-04,-2.143360307889996021e-03,0.000000000000000000e+00
7.650000000000000355e+00,-5.098377239961790529e-04,1.706226440798172409e-03,-2.291125226157701429e-04,1.473108152161553747e-04,-2.136417213686335383e-03,0.000000000000000000e+00
7.655000000000000249e+00,-5.013350489326633651e-04,1.694850272672822388e-03,-2.283751838602712813e-04,1.476233662889237994e-04,-2.129460081761760243e-03,0.000000000000000000e+00
7.660000000000000142e+00,-4.928891543493328382e-04,1.683514256466167201e-03,-2.276363021110062968e-04,1.479280224668000376e-04,-2.122489278134925220e-03,0.000000000000000000e+00
7.665000000000000036e+00,-4.844998393719782246e-04,1.672218437722678905e-03,-2.268959166964831960e-04,1.482248420970594513e-04,-2.115505166103591548e-03,0.000000000000000000e+00
7.669999999999999929e+00,-4.761669029031837322e-04,1.660962860182851365e-03,-2.261540666540632944e-04,1.485138832910972394e-04,-2.108508106255700676e-03,0.000000000000000000e+00
7.674999999999999822e+00,-4.678901436313114286e-04,1.649747565797437567e-03,-2.254107907311405843e-04,1.487952039244576027e-04,-2.101498456480445712e-03,0.000000000000000000e+00
7.679999999999999716e+00,-4.596693600394144126e-04,1.638572594741624687e-03,-2.246661273863208861e-04,1.490688616368708510e-04,-2.094476571979348063e-03,0.000000000000000000e+00
7.685000000000000497e+00,-4.515043504140792965e-04,1.627437985429148462e-03,-2.239201147906007825e-04,1.493349138322985867e-04,-2.087442805277317168e-03,0.000000000000000000e+00
7.690000000000000391e+00,-4.433949128541984312e-04,1.616343774526344222e-03,-2.231727908285463904e-04,1.495934176789865603e-04,-2.080397506233718462e-03,0.000000000000000000e+00
7.695000000000000284e+00,-4.353408452796717672e-04,1.605289996966137445e-03,-2.224241930994717798e-04,1.498444301095254395e-04,-2.073341022053433978e-03,0.000000000000000000e+00
7.700000000000000178e+00,-4.273419454400391644e-04,1.594276685961972277e-03,-2.216743589186170144e-04,1.500880078209192224e-04,-2.066273697297919040e-03,0.000000000000000000e+00
7.705000000000000071e+00,-4.193980109230430403e-04,1.583303873021678484e-03,-2.209233253183259739e-04,1.503242072746613486e-04,-2.059195873896256350e-03,0.000000000000000000e+00
7.709999999999999964e+00,-4.115088391631219027e-04,1.572371587961276596e-03,-2.201711290492236895e-04,1.505530846968183183e-04,-2.052107891156204449e-03,0.000000000000000000e+00
7.714999999999999858e+00,-4.036742274498350872e-04,1.561479858918721902e-03,-2.194178065813932182e-04,1.507746960781208465e-04,-2.045010085775234888e-03,0.000000000000000000e+00
7.719999999999999751e+00,-3.958939729362187586e-04,1.550628712367586870e-03,-2.186633941055520836e-04,1.509890971740624171e-04,-2.037902791851582858e-03,0.000000000000000000e+00
7.725000000000000533e+00,-3.881678726470738226e-04,1.539818173130682189e-03,-2.179079275342282556e-04,1.511963435050053177e-04,-2.030786340895267446e-03,0.000000000000000000e+00
7.730000000000000426e+00,-3.804957234871857510e-04,1.529048264393616892e-03,-2.171514425029354796e-04,1.513964903562937763e-04,-2.023661061839127518e-03,0.000000000000000000e+00
7.735000000000000320e+00,-3.728773222494768599e-04,1.518319007718296016e-03,-2.163939743713480372e-04,1.515895927783745243e-04,-2.016527281049834610e-03,0.000000000000000000e+00
7.740000000000000213e+00,-3.653124656230910972e-04,1.507630423056358646e-03,-2.156355582244750180e-04,1.517757055869244347e-04,-2.009385322338915359e-03,0.000000000000000000e+00
7.745000000000000107e+00,-3.578009502014121513e-04,1.496982528762553924e-03,-2.148762288738336975e-04,1.519548833629852066e-04,-2.002235506973749218e-03,0.000000000000000000e+00
7.750000000000000000e+00,-3.503425724900143391e-04,1.486375341608055928e-03,-2.141160208586225086e-04,1.521271804531051518e-04,-1.995078153688576144e-03,0.000000000000000000e+00
7.754999999999999893e+00,-3.429371289145474668e-04,1.475808876793718253e-03,-2.133549684468930095e-04,1.522926509694879748e-04,-1.987913578695485635e-03,0.000000000000000000e+00
7.759999999999999787e+00,-3.355844158285553364e-04,1.465283147963266589e-03,-2.125931056367213101e-04,1.524513487901483014e-04,-1.980742095695401002e-03,0.000000000000000000e+00
7.765000000000000568e+00,-3.282842295212285507e-04,1.454798167216431876e-03,-2.118304661573785770e-04,1.526033275590742003e-04,-1.973564015889053662e-03,0.000000000000000000e+00
7.770000000000000462e+00,-3.210363662250918858e-04,1.444353945122021227e-03,-2.110670834705007516e-04,1.527486406863964277e-04,-1.966379647987955698e-03,0.000000000000000000e+00
7.775000000000000355e+00,-3.138406221236262326e-04,1.433950490730929008e-03,-2.103029907712574017e-04,1.528873413485642302e-04,-1.959189298225358106e-03,0.000000000000000000e+00
7.780000000000000249e+00,-3.066967933588257570e-04,1.423587811589087197e-03,-2.095382209895196781e-04,1.530194824885280328e-04,-1.951993270367194302e-03,0.000000000000000000e+00
7.785000000000000142e+00,-2.996046760386904956e-04,1.413265913750355032e-03,-2.087728067910273229e-04,1.531451168159285242e-04,-1.944791865723030123e-03,0.000000000000000000e+00
7.790000000000000036e+00,-2.925640662446547672e-04,1.402984801789348155e-03,-2.080067805785547558e-04,1.532642968072922194e-04,-1.937585383156985655e-03,0.000000000000000000e+00
7.794999999999999929e+00,-2.855747600389511279e-04,1.392744478814207697e-03,-2.072401744930761039e-04,1.533770747062336364e-04,-1.930374119098662898e-03,0.000000000000000000e+00
7.799999999999999822e+00,-2.786365534719112262e-04,1.382544946479308430e-03,-2.064730204149293092e-04,1.534835025236637072e-04,-1.923158367554051330e-03,0.000000000000000000e+00
7.805000000000000604e+00,-2.717492425892029063e-04,1.372386204997907283e-03,-2.057053499649790168e-04,1.535836320380045577e-04,-1.915938420116429985e-03,0.000000000000000000e+00
7.810000000000000497e+00,-2.649126234390042117e-04,1.362268253154731582e-03,-2.049371945057785690e-04,1.536775147954105229e-04,-1.908714565977258273e-03,0.000000000000000000e+00
7.815000000000000391e+00,-2.581264920791148296e-04,1.352191088318507005e-03,-2.041685851427307245e-04,1.537652021099953953e-04,-1.901487091937049002e-03,0.000000000000000000e+00
7.820000000000000284e+00,-2.513906445840048145e-04,1.342154706454425691e-03,-2.033995527252472940e-04,1.538467450640657454e-04,-1.894256282416239678e-03,0.000000000000000000e+00
7.825000000000000178e+00,-2.447048770518011869e-04,1.332159102136554283e-03,-2.026301278479075566e-04,1.539221945083603675e-04,-1.887022419466043415e-03,0.000000000000000000e+00
7.830000000000000071e+00,-2.380689856112127873e-04,1.322204268560182991e-03,-2.018603408516155093e-04,1.539916010622956893e-04,-1.879785782779294428e-03,0.000000000000000000e+00
7.834999999999999964e+00,-2.314827664283932481e-04,1.312290197554113720e-03,-2.010902218247558710e-04,1.540550151142171438e-04,-1.872546649701274657e-03,0.000000000000000000e+00
7.839999999999999858e+00,-2.249460157137429805e-04,1.302416879592889444e-03,-2.003198006043487576e-04,1.541124868216563963e-04,-1.865305295240537358e-03,0.000000000000000000e+00
7.844999999999999751e+00,-2.184585297286499573e-04,1.292584303808963497e-03,-1.995491067772031375e-04,1.541640661115945075e-04,-1.858061992079705974e-03,0.000000000000000000e+00
7.850000000000000533e+00,-2.120201047921698345e-04,1.282792458004810556e-03,-1.987781696810688511e-04,1.542098026807306801e-04,-1.850817010586269318e-03,0.000000000000000000e+00
7.855000000000000426e+00,-2.056305372876457655e-04,1.273041328664976457e-03,-1.980070184057874092e-04,1.542497459957568602e-04,-1.843570618823359630e-03,0.000000000000000000e+00
7.860000000000000320e+00,-1.992896236692679585e-04,1.263330900968070557e-03,-1.972356817944413026e-04,1.542839452936379217e-04,-1.836323082560517399e-03,0.000000000000000000e+00
7.865000000000000213e+00,-1.929971604685736051e-04,1.253661158798697814e-03,-1.964641884445019002e-04,1.543124495818974358e-04,-1.829074665284442097e-03,0.000000000000000000e+00
7.870000000000000107e+00,-1.867529443008870678e-04,1.244032084759332532e-03,-1.956925667089759392e-04,1.543353076389090224e-04,-1.821825628209728168e-03,0.000000000000000000e+00
7.875000000000000000e+00,-1.805567718717010603e-04,1.234443660182132484e-03,-1.949208446975505779e-04,1.543525680141930154e-04,-1.814576230289591686e-03,0.000000000000000000e+00
7.879999999999999893e+00,-1.744084399829988203e-04,1.224895865140695345e-03,-1.941490502777368763e-04,1.543642790287187922e-04,-1.807326728226572952e-03,0.000000000000000000e+00
7.884999999999999787e+00,-1.683077455395175725e-04,1.215388678461754631e-03,-1.933772110760117601e-04,1.543704887752121995e-04,-1.800077376483231930e-03,0.000000000000000000e+00
7.890000000000000568e+00,-1.622544855549538239e-04,1.205922077736818832e-03,-1.926053544789585188e-04,1.543712451184684267e-04,-1.792828427292828290e-03,0.000000000000000000e+00
7.895000000000000462e+00,-1.562484571581104385e-04,1.196496039333750901e-03,-1.918335076344055985e-04,1.543665956956700839e-04,-1.785580130669979330e-03,0.000000000000000000e+00
7.900000000000000355e+00,-1.502894575989860849e-04,1.187110538408289642e-03,-1.910616974525638752e-04,1.543565879167104295e-04,-1.778332734421309014e-03,0.000000000000000000e+00
7.905000000000000249e+00,-1.443772842548071147e-04,1.177765548915512975e-03,-1.902899506071623569e-04,1.543412689645217752e-04,-1.771086484156083989e-03,0.000000000000000000e+00
7.910000000000000142e+00,-1.385117346360023832e-04,1.168461043621242665e-03,-1.895182935365820689e-04,1.543206857954089050e-04,-1.763841623296819906e-03,0.000000000000000000e+00
7.915000000000000036e+00,-1.326926063921211505e-04,1.159196994113391357e-03,-1.887467524449883680e-04,1.542948851393875634e-04,-1.756598393089884918e-03,0.000000000000000000e+00
7.919999999999999929e+00,-1.269196973176943595e-04,1.149973370813250862e-03,-1.879753533034615482e-04,1.542639135005277682e-04,-1.749357032616085175e-03,0.000000000000000000e+00
7.924999999999999822e+00,-1.211928053580395900e-04,1.140790142986723840e-03,-1.872041218511257118e-04,1.542278171573022725e-04,-1.742117778801224523e-03,0.000000000000000000e+00
7.930000000000000604e+00,-1.155117286150101355e-04,1.131647278755496715e-03,-1.864330835962758252e-04,1.541866421629396625e-04,-1.734880866426654657e-03,0.000000000000000000e+00
7.935000000000000497e+00,-1.098762653526882033e-04,1.122544745108155356e-03,-1.856622638175030933e-04,1.541404343457822258e-04,-1.727646528139807711e-03,0.000000000000000000e+00
7.940000000000000391e+00,-1.042862140030227923e-04,1.113482507911242635e-03,-1.848916875648184640e-04,1.540892393096487522e-04,-1.720414994464709336e-03,0.000000000000000000e+00
7.945000000000000284e+00,-9.874137317141234559e-05,1.104460531920260042e-03,-1.841213796607743438e-04,1.540331024342018616e-04,-1.713186493812476809e-03,0.000000000000000000e+00
7.950000000000000178e+00,-9.324154164223260883e-05,1.095478780790610108e-03,-1.833513647015844433e-04,1.539720688753199666e-04,-1.705961252491796547e-03,0.000000000000000000e+00
7.955000000000000071e+00,-8.778651838430984579e-05,1.086537217088483090e-03,-1.825816670582417519e-04,1.539061835654738971e-04,-1.698739494719380804e-03,0.000000000000000000e+00
7.959999999999999964e+00,-8.237610255633985687e-05,1.077635802301686206e-03,-1.818123108776346160e-04,1.538354912141080247e-04,-1.691521442630414176e-03,0.000000000000000000e+00
7.964999999999999858e+00,-7.701009351225289608e-05,1.068774496850415610e-03,-1.810433200836609731e-04,1.537600363080257235e-04,-1.684307316288979721e-03,0.000000000000000000e+00
7.969999999999999751e+00,-7.168829080652493353e-05,1.059953260097971786e-03,-1.802747183783404725e-04,1.536798631117794662e-04,-1.677097333698454942e-03,0.000000000000000000e+00
7.975000000000000533e+00,-6.641049419943545321e-05,1.051172050361418552e-03,-1.795065292429248336e-04,1.535950156680650940e-04,-1.669891710811907768e-03,0.000000000000000000e+00
7.980000000000000426e+00,-6.117650366227211131e-05,1.042430824922185037e-03,-1.787387759390061449e-04,1.535055377981205051e-04,-1.662690661542457187e-03,0.000000000000000000e+00
7.985000000000000320e+00,-5.598611938248252611e-05,1.033729540036611074e-03,-1.779714815096230477e-04,1.534114731021286252e-04,-1.655494397773624128e-03,0.000000000000000000e+00
7.990000000000000213e+00,-5.083914176877347735e-05,1.025068150946437063e-03,-1.772046687803651051e-04,1.533128649596244447e-04,-1.648303129369659351e-03,0.000000000000000000e+00
7.995000000000000107e+00,-4.573537145615778600e-05,1.016446611889237038e-03,-1.764383603604749472e-04,1.532097565299063912e-04,-1.641117064185849874e-03,0.000000000000000000e+00
8.000000000000000000e+00,-4.067460931094919979e-05,1.007864876108795563e-03,-1.756725786439484386e-04,1.531021907524516613e-04,-1.633936408078812607e-03,0.000000000000000000e+00
8.005000000000000782e+00,-3.565665643570549453e-05,9.993228958654293368e-04,-1.749073458106327581e-04,1.529902103473357788e-04,-1.626761364916758275e-03,0.000000000000000000e+00
8.009999999999999787e+00,-3.068131417412013682e-05,9.908206224462522051e-04,-1.741426838273223100e-04,1.528738578156559492e-04,-1.619592136589742765e-03,0.000000000000000000e+00
8.015000000000000568e+00,-2.574838411586274532e-05,9.823580061753850890e-04,-1.733786144488525763e-04,1.527531754399585331e-04,-1.612428923019895060e-03,0.000000000000000000e+00
8.019999999999999574e+00,-2.085766810136865883e-05,9.739349964241098652e-04,-1.726151592191917724e-04,1.526282052846703963e-04,-1.605271922171624781e-03,0.000000000000000000e+00
8.025000000000000355e+00,-1.600896822657785191e-05,9.655515416209682752e-04,-1.718523394725304158e-04,1.524989891965340542e-04,-1.598121330061808704e-03,0.000000000000000000e+00
8.029999999999999361e+00,-1.120208684762349937e-05,9.572075892618052157e-04,-1.710901763343685377e-04,1.523655688050467194e-04,-1.590977340769959489e-03,0.000000000000000000e+00
8.035000000000000142e+00,-6.436826585470476954e-06,9.489030859197572759e-04,-1.703286907226009414e-04,1.522279855229030090e-04,-1.583840146448364707e-03,0.000000000000000000e+00
8.040000000000000924e+00,-1.712990330504044552e-06,9.406379772551857641e-04,-1.695679033486000226e-04,1.520862805464414454e-04,-1.576709937332216541e-03,0.000000000000000000e+00
8.044999999999999929e+00,2.969618752931000764e-06,9.324122080255548744e-04,-1.688078347182963939e-04,1.519404948560946177e-04,-1.569586901749711345e-03,0.000000000000000000e+00
8.050000000000000711e+00,7.611197222040417397e-06,9.242257220952557499e-04,-1.680485051332573671e-04,1.517906692168429200e-04,-1.562471226132131422e-03,0.000000000000000000e+00
8.054999999999999716e+00,1.221194135113959494e-05,9.160784624453749284e-04,-1.672899346917629975e-04,1.516368441786718679e-04,-1.555363095023899918e-03,0.000000000000000000e+00
8.060000000000000497e+00,1.677204712726135038e-05,9.079703711834092271e-04,-1.665321432898799858e-04,1.514790600770329117e-04,-1.548262691092624870e-03,0.000000000000000000e+00
8.064999999999999503e+00,2.129171024581214493e-05,8.999013895529255503e-04,-1.657751506225331136e-04,1.513173570333078543e-04,-1.541170195139110292e-03,0.000000000000000000e+00
8.070000000000000284e+00,2.577112610627647080e-05,8.918714579431670291e-04,-1.650189761845744570e-04,1.511517749552765215e-04,-1.534085786107345153e-03,0.000000000000000000e+00
8.074999999999999289e+00,3.021048980796914104e-05,8.838805158986046259e-04,-1.642636392718502139e-04,1.509823535375879027e-04,-1.527009641094480633e-03,0.000000000000000000e+00
8.080000000000000071e+00,3.460999614583519198e-05,8.759285021284352870e-04,-1.635091589822651741e-04,1.508091322622347056e-04,-1.519941935360770522e-03,0.000000000000000000e+00
8.085000000000000853e+00,3.896983960629713819e-05,8.680153545160257779e-04,-1.627555542168448305e-04,1.506321503990310016e-04,-1.512882842339506855e-03,0.000000000000000000e+00
8.089999999999999858e+00,4.329021436314933600e-05,8.601410101283031746e-04,-1.620028436807950515e-04,1.504514470060933139e-04,-1.505832533646908698e-03,0.000000000000000000e+00
8.095000000000000639e+00,4.757131427349914056e-05,8.523054052250919046e-04,-1.612510458845593136e-04,1.502670609303247942e-04,-1.498791179092012022e-03,0.000000000000000000e+00
8.099999999999999645e+00,5.181333287375461578e-05,8.445084752683972278e-04,-1.605001791448736569e-04,1.500790308079025725e-04,-1.491758946686520555e-03,0.000000000000000000e+00
8.105000000000000426e+00,5.601646337565855668e-05,8.367501549316353751e-04,-1.597502615858189851e-04,1.498873950647682766e-04,-1.484736002654638617e-03,0.000000000000000000e+00
8.109999999999999432e+00,6.018089866236848865e-05,8.290303781088108857e-04,-1.590013111398710607e-04,1.496921919171215339e-04,-1.477722511442882726e-03,0.000000000000000000e+00
8.115000000000000213e+00,6.430683128458244719e-05,8.213490779236409280e-04,-1.582533455489480072e-04,1.494934593719165637e-04,-1.470718635729867385e-03,0.000000000000000000e+00
8.120000000000000995e+00,6.839445345671026023e-05,8.137061867386266014e-04,-1.575063823654552087e-04,1.492912352273616412e-04,-1.463724536436062252e-03,0.000000000000000000e+00
8.125000000000000000e+00,7.244395705309000105e-05,8.061016361640717647e-04,-1.567604389533278249e-04,1.490855570734217071e-04,-1.456740372733537382e-03,0.000000000000000000e+00
8.130000000000000782e+00,7.645553360424947619e-05,7.985353570670494956e-04,-1.560155324890707843e-04,1.488764622923235785e-04,-1.449766302055672910e-03,0.000000000000000000e+00
8.134999999999999787e+00,8.042937429321234870e-05,7.910072795803155341e-04,-1.552716799627961222e-04,1.486639880590643042e-04,-1.442802480106850083e-03,0.000000000000000000e+00
8.140000000000000568e+00,8.436566995184875423e-05,7.835173331111703341e-04,-1.545288981792579332e-04,1.484481713419220678e-04,-1.435849060872118436e-03,0.000000000000000000e+00
8.144999999999999574e+00,8.826461105727004426e-05,7.760654463502686395e-04,-1.537872037588846393e-04,1.482290489029700726e-04,-1.428906196626836093e-03,0.000000000000000000e+00
8.150000000000000355e+00,9.212638772826749363e-05,7.686515472803769110e-04,-1.530466131388087388e-04,1.480066572985930013e-04,-1.421974037946287933e-03,0.000000000000000000e+00
8.154999999999999361e+00,9.595118972179463371e-05,7.612755631850794688e-04,-1.523071425738939247e-04,1.477810328800061859e-04,-1.415052733715276446e-03,0.000000000000000000e+00
8.160000000000000142e+00,9.973920642949300785e-05,7.539374206574324866e-04,-1.515688081377596834e-04,1.475522117937774617e-04,-1.408142431137691768e-03,0.000000000000000000e+00
8.165000000000000924e+00,1.034906268742610510e-04,7.466370456085668099e-04,-1.508316257238031546e-04,1.473202299823515686e-04,-1.401243275746053528e-03,0.000000000000000000e+00
8.169999999999999929e+00,1.072056397068658494e-04,7.393743632762394928e-04,-1.500956110462184985e-04,1.470851231845771547e-04,-1.394355411411027541e-03,0.000000000000000000e+00
8.175000000000000711e+00,1.108844332025975775e-04,7.321492982333338345e-04,-1.493607796410134983e-04,1.468469269362362734e-04,-1.387478980350923419e-03,0.000000000000000000e+00
8.179999999999999716e+00,1.145271952579662454e-04,7.249617743963086749e-04,-1.486271468670235867e-04,1.466056765705762933e-04,-1.380614123141156186e-03,0.000000000000000000e+00
8.185000000000000497e+00,1.181341133874406086e-04,7.178117150335966250e-04,-1.478947279069231903e-04,1.463614072188443554e-04,-1.373760978723692064e-03,0.000000000000000000e+00
8.189999999999999503e+00,1.217053747202289277e-04,7.106990427739516645e-04,-1.471635377682343625e-04,1.461141538108241345e-04,-1.366919684416464768e-03,0.000000000000000000e+00
8.195000000000000284e+00,1.252411659971013210e-04,7.036236796147461075e-04,-1.464335912843327877e-04,1.458639510753750130e-04,-1.360090375922769473e-03,0.000000000000000000e+00
8.199999999999999289e+00,1.287416735672534929e-04,6.965855469302170439e-04,-1.457049031154510749e-04,1.456108335409735046e-04,-1.353273187340627492e-03,0.000000000000000000e+00
8.205000000000000071e+00,1.322070833852116213e-04,6.895845654796626915e-04,-1.449774877496792054e-04,1.453548355362570895e-04,-1.346468251172123001e-03,0.000000000000000000e+00
8.210000000000000853e+00,1.356375810077779700e-04,6.826206554155885486e-04,-1.442513595039624863e-04,1.450959911905700566e-04,-1.339675698332723486e-03,0.000000000000000000e+00
8.214999999999999858e+00,1.390333515910172546e-04,6.756937362918033485e-04,-1.435265325250965776e-04,1.448343344345118114e-04,-1.332895658160562682e-03,0.000000000000000000e+00
8.220000000000000639e+00,1.423945798872832443e-04,6.688037270714655745e-04,-1.428030207907198348e-04,1.445698990004871086e-04,-1.326128258425705734e-03,0.000000000000000000e+00
8.224999999999999645e+00,1.457214502422855351e-04,6.619505461350799931e-04,-1.420808381103029689e-04,1.443027184232585614e-04,-1.319373625339388331e-03,0.000000000000000000e+00
8.230000000000000426e+00,1.490141465921962201e-04,6.551341112884449640e-04,-1.413599981261358060e-04,1.440328260405011841e-04,-1.312631883563222454e-03,0.000000000000000000e+00
8.234999999999999432e+00,1.522728524607960528e-04,6.483543397705500942e-04,-1.406405143143113360e-04,1.437602549933589399e-04,-1.305903156218380648e-03,0.000000000000000000e+00
8.240000000000000213e+00,1.554977509566600751e-04,6.416111482614246693e-04,-1.399223999857070514e-04,1.434850382270034305e-04,-1.299187564894757965e-03,0.000000000000000000e+00
8.245000000000000995e+00,1.586890247703823579e-04,6.349044528899375119e-04,-1.392056682869633041e-04,1.432072084911943741e-04,-1.292485229660097698e-03,0.000000000000000000e+00
8.250000000000000000e+00,1.618468561718395561e-04,6.282341692415474013e-04,-1.384903322014590060e-04,1.429267983408421172e-04,-1.285796269069096505e-03,0.000000000000000000e+00
8.255000000000000782e+00,1.649714270074931156e-04,6.216002123660050284e-04,-1.377764045502844837e-04,1.426438401365720966e-04,-1.279120800172487858e-03,0.000000000000000000e+00
8.259999999999999787e+00,1.680629186977299690e-04,6.150024967850061626e-04,-1.370638979932114598e-04,1.423583660452910644e-04,-1.272458938526085156e-03,0.000000000000000000e+00
8.265000000000000568e+00,1.711215122342412331e-04,6.084409364997970041e-04,-1.363528250296602157e-04,1.420704080407551829e-04,-1.265810798199810527e-03,0.000000000000000000e+00
8.269999999999999574e+00,1.741473881774388804e-04,6.019154449987302062e-04,-1.356431979996639892e-04,1.417799979041398811e-04,-1.259176491786694789e-03,0.000000000000000000e+00
8.275000000000000355e+00,1.771407266539100594e-04,5.954259352647739510e-04,-1.349350290848303640e-04,1.414871672246115545e-04,-1.252556130411839035e-03,0.000000000000000000e+00
8.279999999999999361e+00,1.801017073539088473e-04,5.889723197829722359e-04,-1.342283303092999479e-04,1.411919473999008641e-04,-1.245949823741367753e-03,0.000000000000000000e+00
8.285000000000000142e+00,1.830305095288851903e-04,5.825545105478575642e-04,-1.335231135407020703e-04,1.408943696368777975e-04,-1.239357679991338803e-03,0.000000000000000000e+00
8.290000000000000924e+00,1.859273119890507886e-04,5.761724190708164724e-04,-1.328193904911076600e-04,1.405944649521283555e-04,-1.232779805936632788e-03,0.000000000000000000e+00
8.294999999999999929e+00,1.887922931009816544e-04,5.698259563874067020e-04,-1.321171727179792238e-04,1.402922641725328932e-04,-1.226216306919818144e-03,0.000000000000000000e+00
8.300000000000000711e+00,1.916256307852571531e-04,5.635150330646280766e-04,-1.314164716251179233e-04,1.399877979358459239e-04,-1.219667286859983484e-03,0.000000000000000000e+00
8.304999999999999716e+00,1.944275025141353383e-04,5.572395592081454564e-04,-1.307172984636077533e-04,1.396810966912776040e-04,-1.213132848261541316e-03,0.000000000000000000e+00
8.310000000000000497e+00,1.971980853092642014e-04,5.509994444694648556e-04,-1.300196643327567912e-04,1.393721907000767082e-04,-1.206613092223012690e-03,0.000000000000000000e+00
8.314999999999999503e+00,1.999375557394287260e-04,5.447945980530629392e-04,-1.293235801810356013e-04,1.390611100361149606e-04,-1.200108118445777569e-03,0.000000000000000000e+00
8.320000000000000284e+00,2.026460899183334780e-04,5.386249287234696819e-04,-1.286290568070125491e-04,1.387478845864730187e-04,-1.193618025242795940e-03,0.000000000000000000e+00
8.324999999999999289e+00,2.053238635024204589e-04,5.324903448123046237e-04,-1.279361048602863777e-04,1.384325440520276233e-04,-1.187142909547307017e-03,0.000000000000000000e+00
8.330000000000000071e+00,2.079710516887220873e-04,5.263907542252666124e-04,-1.272447348424157482e-04,1.381151179480403742e-04,-1.180682866921498953e-03,0.000000000000000000e+00
8.335000000000000853e+00,2.105878292127489292e-04,5.203260644490773600e-04,-1.265549571078458267e-04,1.377956356047476717e-04,-1.174237991565147115e-03,0.000000000000000000e+00
8.339999999999999858e+00,2.131743703464120956e-04,5.142961825583792449e-04,-1.258667818648318882e-04,1.374741261679520950e-04,-1.167808376324229154e-03,0.000000000000000000e+00
8.345000000000000639e+00,2.157308488959800363e-04,5.083010152225869282e-04,-1.251802191763600489e-04,1.371506185996149184e-04,-1.161394112699505815e-03,0.000000000000000000e+00
8.349999999999999645e+00,2.182574382000693235e-04,5.023404687126931068e-04,-1.244952789610650427e-04,1.368251416784500374e-04,-1.154995290855087434e-03,0.000000000000000000e+00
8.355000000000000426e+00,2.207543111276696153e-04,4.964144489080294905e-04,-1.238119709941448547e-04,1.364977240005190329e-04,-1.148611999626953165e-03,0.000000000000000000e+00
8.359999999999999432e+00,2.232216400762019844e-04,4.905228613029812652e-04,-1.231303049082725621e-04,1.361683939798274013e-04,-1.142244326531456113e-03,0.000000000000000000e+00
8.365000000000000213e+00,2.256595969696110484e-04,4.846656110136575392e-04,-1.224502901945051124e-04,1.358371798489220309e-04,-1.135892357773796591e-03,0.000000000000000000e+00
8.370000000000000995e+00,2.280683532564900312e-04,4.788426027845156551e-04,-1.217719362031891337e-04,1.355041096594896549e-04,-1.129556178256467622e-03,0.000000000000000000e+00
8.375000000000000000e+00,2.304480799082390561e-04,4.730537409949412677e-04,-1.210952521448637229e-04,1.351692112829565773e-04,-1.123235871587668997e-03,0.000000000000000000e+00
8.380000000000000782e+00,2.327989474172561277e-04,4.672989296657833721e-04,-1.204202470911602249e-04,1.348325124110892940e-04,-1.116931520089695529e-03,0.000000000000000000e+00
8.384999999999999787e+00,2.351211257951606930e-04,4.615780724658449883e-04,-1.197469299756990575e-04,1.344940405565963064e-04,-1.110643204807298424e-03,0.000000000000000000e+00
8.390000000000000568e+00,2.374147845710495133e-04,4.558910727183291775e-04,-1.190753095949834736e-04,1.341538230537307752e-04,-1.104371005516016288e-03,0.000000000000000000e+00
8.394999999999999574e+00,2.396800927897847083e-04,4.502378334072409840e-04,-1.184053946092903688e-04,1.338118870588943124e-04,-1.098115000730476212e-03,0.000000000000000000e+00
8.400000000000000355e+00,2.419172190103137041e-04,4.446182571837451977e-04,-1.177371935435579854e-04,1.334682595512415597e-04,-1.091875267712672740e-03,0.000000000000000000e+00
8.404999999999999361e+00,2.441263313040207845e-04,4.390322463724802044e-04,-1.170707147882706349e-04,1.331229673332858237e-04,-1.085651882480207810e-03,0.000000000000000000e+00
8.410000000000000142e+00,2.463075972531102208e-04,4.334797029778281988e-04,-1.164059666003404257e-04,1.327760370315054703e-04,-1.079444919814513551e-03,0.000000000000000000e+00
8.415000000000000924e+00,2.484611839490205175e-04,4.279605286901414863e-04,-1.157429571039858866e-04,1.324274950969512676e-04,-1.073254453269037369e-03,0.000000000000000000e+00
8.419999999999999929e+00,2.505872579908697477e-04,4.224746248919257420e-04,-1.150816942916075821e-04,1.320773678058545151e-04,-1.067080555177405549e-03,0.000000000000000000e+00
8.425000000000000711e+00,2.526859854839317069e-04,4.170218926639797396e-04,-1.144221860246607192e-04,1.317256812602360123e-04,-1.060923296661550001e-03,0.000000000000000000e+00
8.429999999999999716e+00,2.547575320381426415e-04,4.116022327914919282e-04,-1.137644400345246503e-04,1.313724613885157064e-04,-1.054782747639817879e-03,0.000000000000000000e+00
8.435000000000000497e+00,2.568020627666382804e-04,4.062155457700943463e-04,-1.131084639233693675e-04,1.310177339461231791e-04,-1.048658976835039128e-03,0.000000000000000000e+00
8.439999999999999503e+00,2.588197422843211705e-04,4.008617318118733847e-04,-1.124542651650188937e-04,1.306615245161088382e-04,-1.042552051782576249e-03,0.000000000000000000e+00
8.445000000000000284e+00,2.608107347064579358e-04,3.955406908513382108e-04,-1.118018511058116915e-04,1.303038585097556791e-04,-1.036462038838339159e-03,0.000000000000000000e+00
8.449999999999999289e+00,2.627752036473060809e-04,3.902523225513466923e-04,-1.111512289654579557e-04,1.299447611671919131e-04,-1.030389003186772722e-03,0.000000000000000000e+00
8.455000000000000071e+00,2.647133122187706107e-04,3.849965263089888748e-04,-1.105024058378938426e-04,1.295842575580040293e-04,-1.024333008848817179e-03,0.000000000000000000e+00
8.460000000000000853e+00,2.666252230290896519e-04,3.797732012614284461e-04,-1.098553886921326364e-04,1.292223725818505888e-04,-1.018294118689836054e-03,0.000000000000000000e+00
8.464999999999999858e+00,2.685110981815495108e-04,3.745822462917023504e-04,-1.092101843731128934e-04,1.288591309690765067e-04,-1.012272394427520417e-03,0.000000000000000000e+00
8.470000000000000639e+00,2.703710992732282999e-04,3.694235600344782816e-04,-1.085667996025434424e-04,1.284945572813280109e-04,-1.006267896639757809e-03,0.000000000000000000e+00
8.474999999999999645e+00,2.722053873937684584e-04,3.642970408817709218e-04,-1.079252409797453350e-04,1.281286759121679820e-04,-1.000280684772478397e-03,0.000000000000000000e+00
8.480000000000000426e+00,2.740141231241777870e-04,3.592025869886163853e-04,-1.072855149824907472e-04,1.277615110876918877e-04,-9.943108171474664310e-04,0.000000000000000000e+00
8.484999999999999432e+00,2.757974665356584558e-04,3.541400962787055154e-04,-1.066476279678387504e-04,1.273930868671441523e-04,-9.883583509701487219e-04,0.000000000000000000e+00
8.490000000000000213e+00,2.775555771884644714e-04,3.491094664499761456e-04,-1.060115861729680326e-04,1.270234271435350130e-04,-9.824233423373488535e-04,0.000000000000000000e+00
8.495000000000000995e+00,2.792886141307866299e-04,3.441105949801639974e-04,-1.053773957160065571e-04,1.266525556442577569e-04,-9.765058462450163521e-04,0.000000000000000000e+00
8.500000000000000000e+00,2.809967358976654954e-04,3.391433791323131925e-04,-1.047450625968580500e-04,1.262804959317063904e-04,-9.706059165959225700e-04,0.000000000000000000e+00
8.505000000000000782e+00,2.826801005099314297e-04,3.342077159602459442e-04,-1.041145926980254784e-04,1.259072714038936345e-04,-9.647236062073325001e-04,0.000000000000000000e+00
8.509999999999999787e+00,2.843388654731722151e-04,3.293035023139916453e-04,-1.034859917854314261e-04,1.255329052950692999e-04,-9.588589668186430891e-04,0.000000000000000000e+00
8.515000000000000568e+00,2.859731877767275653e-04,3.244306348451757869e-04,-1.028592655092353377e-04,1.251574206763389865e-04,-9.530120490989960709e-04,0.000000000000000000e+00
8.519999999999999574e+00,2.875832238927104162e-04,3.195890100123685985e-04,-1.022344194046477138e-04,1.247808404562831088e-04,-9.471829026548585998e-04,0.000000000000000000e+00
8.525000000000000355e+00,2.891691297750549963e-04,3.147785240863938444e-04,-1.016114588927411486e-04,1.244031873815761382e-04,-9.413715760375762371e-04,0.000000000000000000e+00
8.529999999999999361e+00,2.907310608585912974e-04,3.099990731555977205e-04,-1.009903892812583586e-04,1.240244840376060617e-04,-9.355781167508983977e-04,0.000000000000000000e+00
8.535000000000000142e+00,2.922691720581456747e-04,3.052505531310779072e-04,-1.003712157654170536e-04,1.236447528490942471e-04,-9.298025712584714886e-04,0.000000000000000000e+00
8.540000000000000924e+00,2.937836177676677934e-04,3.005328597518734288e-04,-9.975394342871167714e-05,1.232640160807152820e-04,-9.240449849913045079e-04,0.000000000000000000e+00
8.544999999999999929e+00,2.952745518593829989e-04,2.958458885901148845e-04,-9.913857724371216533e-05,1.228822958377171642e-04,-9.183054023552068889e-04,0.000000000000000000e+00
8.550000000000000711e+00,2.967421276829707087e-04,2.911895350561358111e-04,-9.852512207285945309e-05,1.224996140665415194e-04,-9.125838667381943594e-04,0.000000000000000000e+00
8.554999999999999716e+00,2.981864980647680658e-04,2.865636944035446893e-04,-9.791358266925802593e-05,1.221159925554441176e-04,-9.068804205178676971e-04,0.000000000000000000e+00
8.560000000000000497e+00,2.996078153069990169e-04,2.819682617342582982e-04,-9.730396367746523272e-05,1.217314529351152803e-04,-9.011951050687619933e-04,0.000000000000000000e+00
8.564999999999999503e+00,3.010062311870282184e-04,2.774031320034963635e-04,-9.669626963427760326e-05,1.213460166793005866e-04,-8.955279607696658853e-04,0.000000000000000000e+00
8.570000000000000284e+00,3.023818969566399880e-04,2.728682000247377166e-04,-9.609050496951400823e-05,1.209597051054214838e-04,-8.898790270109129246e-04,0.000000000000000000e+00
8.575000000000001066e+00,3.037349633413420299e-04,2.683633604746379648e-04,-9.548667400679571547e-05,1.205725393751960609e-04,-8.842483422016428037e-04,0.000000000000000000e+00
8.580000000000000071e+00,3.050655805396933380e-04,2.638885078979091056e-04,-9.488478096432339712e-05,1.201845404952597276e-04,-8.786359437770337438e-04,0.000000000000000000e+00
8.585000000000000853e+00,3.063738982226567645e-04,2.594435367121609775e-04,-9.428482995565093817e-05,1.197957293177860010e-04,-8.730418682055070181e-04,0.000000000000000000e+00
8.589999999999999858e+00,3.076600655329754411e-04,2.550283412127049803e-04,-9.368682499045622293e-05,1.194061265411072248e-04,-8.674661509958989493e-04,0.000000000000000000e+00
8.595000000000000639e+00,3.089242310845732691e-04,2.506428155773200109e-04,-9.309076997530879084e-05,1.190157527103352078e-04,-8.619088267046068862e-04,0.000000000000000000e+00
8.599999999999999645e+00,3.101665429619790458e-04,2.462868538709807775e-04,-9.249666871443436159e-05,1.186246282179818478e-04,-8.563699289427057978e-04,0.000000000000000000e+00
8.605000000000000426e+00,3.113871487197742804e-04,2.419603500505489798e-04,-9.190452491047632457e-05,1.182327733045796344e-04,-8.508494903830332102e-04,0.000000000000000000e+00
8.609999999999999432e+00,3.125861953820641029e-04,2.376631979694269212e-04,-9.131434216525404336e-05,1.178402080593020970e-04,-8.453475427672489878e-04,0.000000000000000000e+00
8.615000000000000213e+00,3.137638294419717549e-04,2.333952913821743676e-04,-9.072612398051813814e-05,1.174469524205840228e-04,-8.398641169128630247e-04,0.000000000000000000e+00
8.620000000000000995e+00,3.149201968611555782e-04,2.291565239490883795e-04,-9.013987375870259665e-05,1.170530261767416610e-04,-8.343992427202333350e-04,0.000000000000000000e+00
8.625000000000000000e+00,3.160554430693493662e-04,2.249467892407463901e-04,-8.955559480367383601e-05,1.166584489665926293e-04,-8.289529491795380152e-04,0.000000000000000000e+00
8.630000000000000782e+00,3.171697129639247810e-04,2.207659807425127734e-04,-8.897329032147664729e-05,1.162632402800757244e-04,-8.235252643777152227e-04,0.000000000000000000e+00
8.634999999999999787e+00,3.182631509094766453e-04,2.166139918590089821e-04,-8.839296342107700959e-05,1.158674194588704633e-04,-8.181162155053762651e-04,0.000000000000000000e+00
8.640000000000000568e+00,3.193359007374302447e-04,2.124907159185474470e-04,-8.781461711510189533e-05,1.154710056970164190e-04,-8.127258288636884410e-04,0.000000000000000000e+00
8.644999999999999574e+00,3.203881057456708556e-04,2.083960461775293991e-04,-8.723825432057586370e-05,1.150740180415323012e-04,-8.073541298712288245e-04,0.000000000000000000e+00
8.650000000000000355e+00,3.214199086981951205e-04,2.043298758248066689e-04,-8.666387785965464538e-05,1.146764753930347907e-04,-8.020011430708081247e-04,0.000000000000000000e+00
8.654999999999999361e+00,3.224314518247839434e-04,2.002920979860079516e-04,-8.609149046035561019e-05,1.142783965063570370e-04,-7.966668921362685249e-04,0.000000000000000000e+00
8.660000000000000142e+00,3.234228768206974503e-04,1.962826057278291845e-04,-8.552109475728514483e-05,1.138797999911669102e-04,-7.913513998792512730e-04,0.000000000000000000e+00
8.665000000000000924e+00,3.243943248463906025e-04,1.923012920622887696e-04,-8.495269329236289986e-05,1.134807043125848615e-04,-7.860546882559307693e-04,0.000000000000000000e+00
8.669999999999999929e+00,3.253459365272507115e-04,1.883480499509472886e-04,-8.438628851554301458e-05,1.130811277918015247e-04,-7.807767783737266454e-04,0.000000000000000000e+00
8.675000000000000711e+00,3.262778519533553905e-04,1.844227723090922520e-04,-8.382188278553222478e-05,1.126810886066948174e-04,-7.755176904979840758e-04,0.000000000000000000e+00
8.679999999999999716e+00,3.271902106792516488e-04,1.805253520098877747e-04,-8.325947837050485341e-05,1.122806047924468251e-04,-7.702774440586231900e-04,0.000000000000000000e+00
8.685000000000000497e+00,3.280831517237556391e-04,1.766556818884895566e-04,-8.269907744881479258e-05,1.118796942421601559e-04,-7.650560576567619212e-04,0.000000000000000000e+00
8.689999999999999503e+00,3.289568135697727345e-04,1.728136547461251696e-04,-8.214068210970431434e-05,1.114783747074739442e-04,-7.598535490713100157e-04,0.000000000000000000e+00
8.695000000000000284e+00,3.298113341641380962e-04,1.689991633541399201e-04,-8.158429435400988620e-05,1.110766637991794062e-04,-7.546699352655317087e-04,0.000000000000000000e+00
8.700000000000001066e+00,3.306468509174772456e-04,1.652121004580083159e-04,-8.102991609486484266e-05,1.106745789878349077e-04,-7.495052323935831378e-04,0.000000000000000000e+00
8.705000000000000071e+00,3.314635007040866933e-04,1.614523587813114351e-04,-8.047754915839903434e-05,1.102721376043806122e-04,-7.443594558070180988e-04,0.000000000000000000e+00
8.710000000000000853e+00,3.322614198618343553e-04,1.577198310296802771e-04,-7.992719528443538728e-05,1.098693568407526131e-04,-7.392326200612661527e-04,0.000000000000000000e+00
8.714999999999999858e+00,3.330407441920795928e-04,1.540144098947053152e-04,-7.937885612718337215e-05,1.094662537504965521e-04,-7.341247389220822202e-04,0.000000000000000000e+00
8.720000000000000639e+00,3.338016089596126598e-04,1.503359880578123016e-04,-7.883253325592942424e-05,1.090628452493807215e-04,-7.290358253719656000e-04,0.000000000000000000e+00
8.724999999999999645e+00,3.345441488926136119e-04,1.466844581941045996e-04,-7.828822815572431405e-05,1.086591481160086389e-04,-7.239658916165544848e-04,0.000000000000000000e+00
8.730000000000000426e+00,3.352684981826300798e-04,1.430597129761721474e-04,-7.774594222806742796e-05,1.082551789924310651e-04,-7.189149490909861086e-04,0.000000000000000000e+00
8.734999999999999432e+00,3.359747904845742880e-04,1.394616450778672200e-04,-7.720567679158799957e-05,1.078509543847574407e-04,-7.138830084662317393e-04,0.000000000000000000e+00
8.740000000000000213e+00,3.366631589167386131e-04,1.358901471780471222e-04,-7.666743308272330520e-05,1.074464906637666978e-04,-7.088700796554041339e-04,0.000000000000000000e+00
8.745000000000000995e+00,3.373337360608300614e-04,1.323451119642840568e-04,-7.613121225639376958e-05,1.070418040655175444e-04,-7.038761718200318160e-04,0.000000000000000000e+00
8.750000000000000000e+00,3.379866539620228526e-04,1.288264321365421427e-04,-7.559701538667506267e-05,1.066369106919580430e-04,-6.989012933763111279e-04,0.000000000000000000e+00
8.755000000000000782e+00,3.386220441290297063e-04,1.253340004108220414e-04,-7.506484346746713381e-05,1.062318265115346481e-04,-6.939454520013223953e-04,0.000000000000000000e+00
8.759999999999999787e+00,3.392400375341909089e-04,1.218677095227729498e-04,-7.453469741316015573e-05,1.058265673598004705e-04,-6.890086546392238656e-04,0.000000000000000000e+00
8.765000000000000568e+00,3.398407646135815415e-04,1.184274522312725540e-04,-7.400657805929752777e-05,1.054211489400229862e-04,-6.840909075074146388e-04,0.000000000000000000e+00
8.769999999999999574e+00,3.404243552671366510e-04,1.150131213219747288e-04,-7.348048616323576195e-05,1.050155868237909727e-04,-6.791922161026685409e-04,0.000000000000000000e+00
8.775000000000000355e+00,3.409909388587937682e-04,1.116246096108253617e-04,-7.295642240480134690e-05,1.046098964516208220e-04,-6.743125852072393749e-04,0.000000000000000000e+00
8.779999999999999361e+00,3.415406442166530991e-04,1.082618099475463546e-04,-7.243438738694461657e-05,1.042040931335620811e-04,-6.694520188949408014e-04,0.000000000000000000e+00
8.785000000000000142e+00,3.420735996331551710e-04,1.049246152190880222e-04,-7.191438163639056979e-05,1.037981920498022743e-04,-6.646105205371940182e-04,0.000000000000000000e+00
8.790000000000000924e+00,3.425899328652754470e-04,1.016129183530499935e-04,-7.139640560428664028e-05,1.033922082512710069e-04,-6.597880928090487686e-04,0.000000000000000000e+00
8.794999999999999929e+00,3.430897711347360708e-04,9.832661232107080761e-05,-7.088045966684752603e-05,1.029861566602432830e-04,-6.549847376951793048e-04,0.000000000000000000e+00
8.800000000000000711e+00,3.435732411282344705e-04,9.506559014218635151e-05,-7.036654412599691489e-05,1.025800520709420647e-04,-6.502004564958431630e-04,0.000000000000000000e+00
8.804999999999999716e+00,3.440404689976887137e-04,9.182974488615723617e-05,-6.985465921000626947e-05,1.021739091501400448e-04,-6.454352498328238923e-04,0.000000000000000000e+00
8.810000000000000497e+00,3.444915803604993421e-04,8.861896967676538095e-05,-6.934480507413056261e-05,1.017677424377605791e-04,-6.406891176553342103e-04,0.000000000000000000e+00
8.814999999999999503e+00,3.449267002998276867e-04,8.543315769507984732e-05,-6.883698180124100420e-05,1.013615663474778879e-04,-6.359620592458994264e-04,0.000000000000000000e+00
8.820000000000000284e+00,3.453459533648903365e-04,8.227220218269216598e-05,-6.833118940245482714e-05,1.009553951673163209e-04,-6.312540732262086635e-04,0.000000000000000000e+00
8.825000000000001066e+00,3.457494635712698712e-04,7.913599644492123842e-05,-6.782742781776202393e-05,1.005492430602488780e-04,-6.265651575629380002e-04,0.000000000000000000e+00
8.830000000000000071e+00,3.461373544012414229e-04,7.602443385398800291e-05,-6.732569691664907466e-05,1.001431240647947940e-04,-6.218953095735457477e-04,0.000000000000000000e+00
8.835000000000000853e+00,3.465097488041150127e-04,7.293740785216002733e-05,-6.682599649871978826e-05,9.973705209561628386e-05,-6.172445259320444170e-04,0.000000000000000000e+00
8.839999999999999858e+00,3.468667691965935545e-04,6.987481195486615099e-05,-6.632832629431304025e-05,9.933104094411446055e-05,-6.126128026747371244e-04,0.000000000000000000e+00
8.845000000000000639e+00,3.472085374631465253e-04,6.683653975378137861e-05,-6.583268596511762378e-05,9.892510427902422346e-05,-6.080001352059304694e-04,0.000000000000000000e+00
8.849999999999999645e+00,3.475351749563987598e-04,6.382248491988209429e-05,-6.533907510478409203e-05,9.851925564700836043e-05,-6.034065183036206332e-04,0.000000000000000000e+00
8.855000000000000426e+00,3.478468024975345328e-04,6.083254120647182581e-05,-6.484749323953361904e-05,9.811350847325070121e-05,-5.988319461251484684e-04,0.000000000000000000e+00
8.859999999999999432e+00,3.481435403767166575e-04,5.786660245217770842e-05,-6.435793982876391965e-05,9.770787606204825448e-05,-5.942764122128299780e-04,0.000000000000000000e+00
8.865000000000000213e+00,3.484255083535206000e-04,5.492456258391771574e-05,-6.387041426565221499e-05,9.730237159740253176e-05,-5.897399094995547019e-04,0.000000000000000000e+00
8.870000000000000995e+00,3.486928256573832850e-04,5.200631561983892900e-05,-6.338491587775522994e-05,9.689700814360977345e-05,-5.852224303143641537e-04,0.000000000000000000e+00
8.875000000000000000e+00,3.489456109880664835e-04,4.911175567222689871e-05,-6.290144392760623621e-05,9.649179864585030763e-05,-5.807239663879929610e-04,0.000000000000000000e+00
8.880000000000000782e+00,3.491839825161348375e-04,4.624077695038629525e-05,-6.241999761330916795e-05,9.608675593077686523e-05,-5.762445088583898400e-04,0.000000000000000000e+00
8.884999999999999787e+00,3.494080578834478715e-04,4.339327376349299084e-05,-6.194057606912979662e-05,9.568189270710193305e-05,-5.717840482762087543e-04,0.000000000000000000e+00
8.890000000000000568e+00,3.496179542036666394e-04,4.056914052341771494e-05,-6.146317836608396483e-05,9.527722156618406311e-05,-5.673425746102719923e-04,0.000000000000000000e+00
8.894999999999999574e+00,3.498137880627741423e-04,3.776827174752143924e-05,-6.098780351252287255e-05,9.487275498261319286e-05,-5.629200772530054903e-04,0.000000000000000000e+00
8.900000000000000355e+00,3.499956755196096227e-04,3.499056206142265457e-05,-6.051445045471548343e-05,9.446850531479493516e-05,-5.585165450258492174e-04,0.000000000000000000e+00
8.904999999999999361e+00,3.501637321064167917e-04,3.223590620173665515e-05,-6.004311807742797666e-05,9.406448480553375718e-05,-5.541319661846370957e-04,0.000000000000000000e+00
8.910000000000000142e+00,3.503180728294055541e-04,2.950419901878701640e-05,-5.957380520450030533e-05,9.366070558261522399e-05,-5.497663284249528501e-04,0.000000000000000000e+00
8.915000000000000924e+00,3.504588121693273943e-04,2.679533547928938158e-05,-5.910651059941982071e-05,9.325717965938709034e-05,-5.454196188874552848e-04,0.000000000000000000e+00
8.919999999999999929e+00,3.505860640820637731e-04,2.410921066900773000e-05,-5.864123296589203015e-05,9.285391893533932164e-05,-5.410918241631794889e-04,0.000000000000000000e+00
8.925000000000000711e+00,3.506999419992281306e-04,2.144571979538326912e-05,-5.817797094840842088e-05,9.245093519668307156e-05,-5.367829302988092041e-04,0.000000000000000000e+00
8.929999999999999716e+00,3.508005588287807920e-04,1.880475819013607933e-05,-5.771672313281141740e-05,9.204824011692849394e-05,-5.324929228019220856e-04,0.000000000000000000e+00
8.935000000000000497e+00,3.508880269556566116e-04,1.618622131183969430e-05,-5.725748804685645225e-05,9.164584525746152484e-05,-5.282217866462098109e-04,0.000000000000000000e+00
8.939999999999999503e+00,3.509624582424058993e-04,1.359000474846872027e-05,-5.680026416077113647e-05,9.124376206811948549e-05,-5.239695062766680468e-04,0.000000000000000000e+00
8.945000000000000284e+00,3.510239640298474899e-04,1.101600421991967557e-05,-5.634504988781157054e-05,9.084200188776558741e-05,-5.197360656147622391e-04,0.000000000000000000e+00
8.950000000000001066e+00,3.510726551377347680e-04,8.464115580505185874e-06,-5.589184358481576859e-05,9.044057594486227213e-05,-5.155214480635667311e-04,0.000000000000000000e+00
8.955000000000000071e+00,3.511086418654338912e-04,5.934234821421668961e-06,-5.544064355275425693e-05,9.003949535804341240e-05,-5.113256365128742830e-04,0.000000000000000000e+00
8.960000000000000853e+00,3.511320339926142097e-04,3.426258073190669632e-06,-5.499144803727776552e-05,8.963877113668538860e-05,-5.071486133442816308e-04,0.000000000000000000e+00
8.964999999999999858e+00,3.511429407799511004e-04,9.400816080739865223e-07,-5.454425522926210061e-05,8.923841418147691830e-05,-5.029903604362469640e-04,0.000000000000000000e+00
8.970000000000000639e+00,3.511414709698405649e-04,-1.524398157537274431e-06,-5.409906326535015767e-05,8.883843528498780158e-05,-4.988508591691222498e-04,0.000000000000000000e+00
8.974999999999999645e+00,3.511277327871258611e-04,-3.967284660759558111e-06,-5.365587022849109517e-05,8.843884513223637894e-05,-4.947300904301558510e-04,0.000000000000000000e+00
8.980000000000000426e+00,3.511018339398356831e-04,-6.388681189879506260e-06,-5.321467414847668939e-05,8.803965430125585074e-05,-4.906280346184742173e-04,0.000000000000000000e+00
8.984999999999999432e+00,3.510638816199342115e-04,-8.788690882042233892e-06,-5.277547300247482286e-05,8.764087326365940398e-05,-4.865446716500298596e-04,0.000000000000000000e+00
8.990000000000000213e+00,3.510139825040825491e-04,-1.116741672096509292e-05,-5.233826471556019455e-05,8.724251238520406529e-05,-4.824799809625295900e-04,0.000000000000000000e+00
8.995000000000000995e+00,3.509522427544114857e-04,-1.352496153467679172e-05,-5.190304716124219083e-05,8.684458192635336111e-05,-4.784339415203321894e-04,0.000000000000000000e+00
9.000000000000000000e+00,3.508787680193055391e-04,-1.586142799328171436e-05,-5.146981816198993066e-05,8.644709204283877182e-05,-4.744065318193224374e-04,0.000000000000000000e+00
9.005000000000000782e+00,3.507936634341981630e-04,-1.817691860674929840e-05,-5.103857548975454614e-05,8.605005278621985769e-05,-4.703977298917558702e-04,0.000000000000000000e+00
9.009999999999999787e+00,3.506970336223778515e-04,-2.047153572272835282e-05,-5.060931686648864408e-05,8.565347410444320577e-05,-4.664075133110816371e-04,0.000000000000000000e+00
9.015000000000000568e+00,3.505889826958050854e-04,-2.274538152438613294e-05,-5.018203996466295543e-05,8.525736584240011635e-05,-4.624358591967353245e-04,0.000000000000000000e+00
9.019999999999999574e+00,3.504696142559402829e-04,-2.499855802827208269e-05,-4.975674240778024036e-05,8.486173774248297486e-05,-4.584827442189074939e-04,0.000000000000000000e+00
9.025000000000000355e+00,3.503390313945819968e-04,-2.723116708220603915e-05,-4.933342177088638117e-05,8.446659944514034988e-05,-4.545481446032867412e-04,0.000000000000000000e+00
9.029999999999999361e+00,3.501973366947158986e-04,-2.944331036319083167e-05,-4.891207558107873754e-05,8.407196048943087132e-05,-4.506320361357759761e-04,0.000000000000000000e+00
9.035000000000000142e+00,3.500446322313739548e-04,-3.163508937534907905e-05,-4.849270131801168294e-05,8.367783031357571273e-05,-4.467343941671827892e-04,0.000000000000000000e+00
9.040000000000000924e+00,3.498810195725040109e-04,-3.380660544788407622e-05,-4.807529641439943724e-05,8.328421825550986752e-05,-4.428551936178848824e-04,0.000000000000000000e+00
9.044999999999999929e+00,3.497065997798493508e-04,-3.595795973306460132e-05,-4.765985825651612110e-05,8.289113355343204269e-05,-4.389944089824685024e-04,0.000000000000000000e+00
9.050000000000000711e+00,3.495214734098383929e-04,-3.808925320423356149e-05,-4.724638418469304563e-05,8.249858534635326512e-05,-4.351520143343432390e-04,0.000000000000000000e+00
9.054999999999999716e+00,3.493257405144843610e-04,-4.020058665384025403e-05,-4.683487149381330506e-05,8.210658267464418687e-05,-4.313279833303283088e-04,0.000000000000000000e+00
9.060000000000000497e+00,3.491195006422943880e-04,-4.229206069149619545e-05,-4.642531743380360476e-05,8.171513448058099452e-05,-4.275222892152168294e-04,0.000000000000000000e+00
9.064999999999999503e+00,3.489028528391887565e-04,-4.436377574205430818e-05,-4.601771921012336517e-05,8.132424960889004454e-05,-4.237349048263106032e-04,0.000000000000000000e+00
9.070000000000000284e+00,3.486758956494293016e-04,-4.641583204371138382e-05,-4.561207398425111517e-05,8.093393680729107573e-05,-4.199658025979335430e-04,0.000000000000000000e+00
9.075000000000001066e+00,3.484387271165574076e-04,-4.844832964613361958e-05,-4.520837887416818187e-05,8.054420472703917473e-05,-4.162149545659175583e-04,0.000000000000000000e+00
9.080000000000000071e+00,3.481914447843413303e-04,-5.046136840860518044e-05,-4.480663095483964259e-05,8.015506192346525088e-05,-4.124823323720623125e-04,0.000000000000000000e+00
9.085000000000000853e+00,3.479341456977326800e-04,-5.245504799819957018e-05,-4.440682725869261394e-05,7.976651685651526408e-05,-4.087679072685720494e-04,0.000000000000000000e+00
9.089999999999999858e+00,3.476669264038319577e-04,-5.442946788797370974e-05,-4.400896477609181676e-05,7.937857789128794847e-05,-4.050716501224662898e-04,0.000000000000000000e+00
9.095000000000000639e+00,3.473898829528631986e-04,-5.638472735518459402e-05,-4.361304045581248476e-05,7.899125329857127566e-05,-4.013935314199641290e-04,0.000000000000000000e+00
9.099999999999999645e+00,3.471031108991572893e-04,-5.832092547952837818e-05,-4.321905120551057625e-05,7.860455125537746781e-05,-3.977335212708463068e-04,0.000000000000000000e+00
9.105000000000000426e+00,3.468067053021442296e-04,-6.023816114140177812e-05,-4.282699389219030920e-05,7.821847984547661487e-05,-3.940915894127895768e-04,0.000000000000000000e+00
9.109999999999999432e+00,3.465007607273537429e-04,-6.213653302018560902e-05,-4.243686534266904683e-05,7.783304705992886876e-05,-3.904677052156774945e-04,0.000000000000000000e+00
9.115000000000000213e+00,3.461853712474248306e-04,-6.401613959255037390e-05,-4.204866234403952684e-05,7.744826079761528231e-05,-3.868618376858874611e-04,0.000000000000000000e+00
9.120000000000000995e+00,3.458606304431232964e-04,-6.587707913078377330e-05,-4.166238164412942088e-05,7.706412886576721158e-05,-3.832739554705506075e-04,0.000000000000000000e+00
9.125000000000000000e+00,3.455266314043680515e-04,-6.771944970113993976e-05,-4.127801995195827148e-05,7.668065898049428175e-05,-3.797040268617880442e-04,0.000000000000000000e+00
9.130000000000000782e+00,3.451834667312651188e-04,-6.954334916221030201e-05,-4.089557393819177964e-05,7.629785876731092983e-05,-3.761520198009235820e-04,0.000000000000000000e+00
9.134999999999999787e+00,3.448312285351500927e-04,-7.134887516331603851e-05,-4.051504023559346303e-05,7.591573576166149736e-05,-3.726179018826707048e-04,0.000000000000000000e+00
9.140000000000000568e+00,3.444700084396384063e-04,-7.313612514292176759e-05,-4.013641543947370547e-05,7.553429740944396780e-05,-3.691016403592955802e-04,0.000000000000000000e+00
9.144999999999999574e+00,3.440998975816836748e-04,-7.490519632707056947e-05,-3.975969610813618395e-05,7.515355106753211832e-05,-3.656032021447549172e-04,0.000000000000000000e+00
9.150000000000000355e+00,3.437209866126435210e-04,-7.665618572784012297e-05,-3.938487876332166646e-05,7.477350400429634341e-05,-3.621225538188098088e-04,0.000000000000000000e+00
9.154999999999999361e+00,3.433333656993532604e-04,-7.838919014181975383e-05,-3.901195989064926194e-05,7.439416340012297416e-05,-3.586596616311169146e-04,0.000000000000000000e+00
9.160000000000000142e+00,3.429371245252070674e-04,-8.010430614860835393e-05,-3.864093594005502070e-05,7.401553634793213389e-05,-3.552144915052927554e-04,0.000000000000000000e+00
9.165000000000000924e+00,3.425323522912468400e-04,-8.180163010933304941e-05,-3.827180332622798025e-05,7.363762985369413005e-05,-3.517870090429556186e-04,0.000000000000000000e+00
9.169999999999999929e+00,3.421191377172578944e-04,-8.348125816518845506e-05,-3.790455842904362927e-05,7.326045083694435547e-05,-3.483771795277426902e-04,0.000000000000000000e+00
9.175000000000000711e+00,3.416975690428725198e-04,-8.514328623599633889e-05,-3.753919759399480349e-05,7.288400613129675286e-05,-3.449849679293041471e-04,0.000000000000000000e+00
9.179999999999999716e+00,3.412677340286802562e-04,-8.678781001878564248e-05,-3.717571713261999295e-05,7.250830248495578870e-05,-3.416103389072724212e-04,0.000000000000000000e+00
9.185000000000000497e+00,3.408297199573453811e-04,-8.841492498639274894e-05,-3.681411332292913529e-05,7.213334656122690912e-05,-3.382532568152066895e-04,0.000000000000000000e+00
9.189999999999999503e+00,3.403836136347313901e-04,-9.002472638608175425e-05,-3.645438240982682733e-05,7.175914493902550511e-05,-3.349136857045163849e-04,0.000000000000000000e+00
9.195000000000000284e+00,3.399295013910322532e-04,-9.161730923818472874e-05,-3.609652060553300226e-05,7.138570411338444107e-05,-3.315915893283587408e-04,0.000000000000000000e+00
9.200000000000001066e+00,3.394674690819102854e-04,-9.319276833476180578e-05,-3.574052409000107931e-05,7.101303049595998423e-05,-3.282869311455126446e-04,0.000000000000000000e+00
9.205000000000000071e+00,3.389976020896410635e-04,-9.475119823828092171e-05,-3.538638901133359267e-05,7.064113041553631098e-05,-3.249996743242309174e-04,0.000000000000000000e+00
9.210000000000000853e+00,3.385199853242644701e-04,-9.629269328031716624e-05,-3.503411148619528607e-05,7.027001011852848189e-05,-3.217297817460657581e-04,0.000000000000000000e+00
9.214999999999999858e+00,3.380347032247424041e-04,-9.781734756027159433e-05,-3.468368760022370011e-05,6.989967576948387157e-05,-3.184772160096751062e-04,0.000000000000000000e+00
9.220000000000000639e+00,3.375418397601227805e-04,-9.932525494410928259e-05,-3.433511340843727278e-05,6.953013345158210790e-05,-3.152419394346017917e-04,0.000000000000000000e+00
9.224999999999999645e+00,3.370414784307099805e-04,-1.008165090631166574e-04,-3.398838493564092591e-05,6.916138916713347978e-05,-3.120239140650311080e-04,0.000000000000000000e+00
9.230000000000000426e+00,3.365337022692411573e-04,-1.022912033126778238e-04,-3.364349817682915801e-05,6.879344883807579983e-05,-3.088231016735256177e-04,0.000000000000000000e+00
9.234999999999999432e+00,3.360185938420687745e-04,-1.037494308510698946e-04,-3.330044909758668405e-05,6.842631830646978995e-05,-3.056394637647354552e-04,0.000000000000000000e+00
9.240000000000000213e+00,3.354962352503492178e-04,-1.051912845982771311e-04,-3.295923363448658160e-05,6.806000333499286764e-05,-3.024729615790864028e-04,0.000000000000000000e+00
9.245000000000000995e+00,3.349667081312370973e-04,-1.066168572348237585e-04,-3.261984769548597046e-05,6.769450960743140090e-05,-2.993235560964457409e-04,0.000000000000000000e+00
9.250000000000000000e+00,3.344300936590854055e-04,-1.080262412006253759e-04,-3.228228716031924595e-05,6.732984272917147232e-05,-2.961912080397630532e-04,0.000000000000000000e+00
9.255000000000000782e+00,3.338864725466514751e-04,-1.094195286938587971e-04,-3.194654788088884575e-05,6.696600822768804403e-05,-2.930758778786901066e-04,0.000000000000000000e+00
9.259999999999999787e+00,3.333359250463084123e-04,-1.107968116698502831e-04,-3.161262568165359755e-05,6.660301155303259113e-05,-2.899775258331773126e-04,0.000000000000000000e+00
9.265000000000000568e+00,3.327785309512621141e-04,-1.121581818399819207e-04,-3.128051636001462723e-05,6.624085807831919023e-05,-2.868961118770475827e-04,0.000000000000000000e+00
9.269999999999999574e+00,3.322143695967736516e-04,-1.135037306706161074e-04,-3.095021568669881413e-05,6.587955310020902227e-05,-2.838315957415466569e-04,0.000000000000000000e+00
9.275000000000000355e+00,3.316435198613870748e-04,-1.148335493820380342e-04,-3.062171940613986093e-05,6.551910183939333040e-05,-2.807839369188727782e-04,0.000000000000000000e+00
9.279999999999999361e+00,3.310660601681623136e-04,-1.161477289474160035e-04,-3.029502323685693440e-05,6.515950944107481925e-05,-2.777530946656826230e-04,0.000000000000000000e+00
9.285000000000000142e+00,3.304820684859133902e-04,-1.174463600917794468e-04,-2.997012287183091058e-05,6.480078097544750932e-05,-2.747390280065732703e-04,0.000000000000000000e+00
9.290000000000000924e+00,3.298916223304517283e-04,-1.187295332910146006e-04,-2.964701397887821790e-05,6.444292143817496497e-05,-2.717416957375459025e-04,0.000000000000000000e+00
9.294999999999999929e+00,3.292947987658340699e-04,-1.199973387708776391e-04,-2.932569220102230180e-05,6.408593575086697744e-05,-2.687610564294438107e-04,0.000000000000000000e+00
9.300000000000000711e+00,3.286916744056158669e-04,-1.212498665060251937e-04,-2.900615315686270402e-05,6.372982876155467585e-05,-2.657970684313688782e-04,0.000000000000000000e+00
9.304999999999999716e+00,3.280823254141089561e-04,-1.224872062190621527e-04,-2.868839244094176696e-05,6.337460524516406600e-05,-2.628496898740771931e-04,0.000000000000000000e+00
9.310000000000000497e+00,3.274668275076442203e-04,-1.237094473796065638e-04,-2.837240562410898317e-05,6.302026990398798361e-05,-2.599188786733516222e-04,0.000000000000000000e+00
9.314999999999999503e+00,3.268452559558388589e-04,-1.249166792033715319e-04,-2.805818825388298673e-05,6.266682736815643473e-05,-2.570045925333516701e-04,0.000000000000000000e+00
9.320000000000000284e+00,3.262176855828681564e-04,-1.261089906512640846e-04,-2.774573585481118990e-05,6.231428219610537773e-05,-2.541067889499442028e-04,0.000000000000000000e+00
9.325000000000001066e+00,3.255841907687417511e-04,-1.272864704285008421e-04,-2.743504392882708872e-05,6.196263887504391949e-05,-2.512254252140089629e-04,0.000000000000000000e+00
9.330000000000000071e+00,3.249448454505841325e-04,-1.284492069837402225e-04,-2.712610795560522743e-05,6.161190182141991251e-05,-2.483604584147246241e-04,0.000000000000000000e+00
9.335000000000000853e+00,3.242997231239197996e-04,-1.295972885082313970e-04,-2.681892339291384536e-05,6.126207538138391212e-05,-2.455118454428319142e-04,0.000000000000000000e+00
9.339999999999999858e+00,3.236488968439621612e-04,-1.307308029349795353e-04,-2.651348567696521315e-05,6.091316383125162937e-05,-2.426795429938773314e-04,0.000000000000000000e+00
9.345000000000000639e+00,3.229924392269069885e-04,-1.318498379379273960e-04,-2.620979022276364814e-05,6.056517137796471693e-05,-2.398635075714314899e-04,0.000000000000000000e+00
9.349999999999999645e+00,3.223304224512296094e-04,-1.329544809311532607e-04,-2.590783242445123926e-05,6.021810215954996262e-05,-2.370636954902902269e-04,0.000000000000000000e+00
9.355000000000000426e+00,3.216629182589863297e-04,-1.340448190680848062e-04,-2.560760765565127153e-05,5.987196024557690403e-05,-2.342800628796512063e-04,0.000000000000000000e+00
9.359999999999999432e+00,3.209899979571195425e-04,-1.351209392407290498e-04,-2.530911126980937362e-05,5.952674963761379651e-05,-2.315125656862710617e-04,0.000000000000000000e+00
9.365000000000000213e+00,3.203117324187666846e-04,-1.361829280789180971e-04,-2.501233860053239541e-05,5.918247426968202942e-05,-2.287611596776005290e-04,0.000000000000000000e+00
9.370000000000000995e+00,3.196281920845730432e-04,-1.372308719495708273e-04,-2.471728496192500196e-05,5.883913800870887539e-05,-2.260258004448988177e-04,0.000000000000000000e+00
9.375000000000000000e+00,3.189394469640080857e-04,-1.382648569559699744e-04,-2.442394564892401093e-05,5.849674465497869464e-05,-2.233064434063266224e-04,0.000000000000000000e+00
9.380000000000000782e+00,3.182455666366854215e-04,-1.392849689370549292e-04,-2.413231593763049391e-05,5.815529794258244515e-05,-2.206030438100179390e-04,0.000000000000000000e+00
9.384999999999999787e+00,3.175466202536863418e-04,-1.402912934667299369e-04,-2.384239108563961782e-05,5.781480153986565470e-05,-2.179155567371320393e-04,0.000000000000000000e+00
9.390000000000000568e+00,3.168426765388865579e-04,-1.412839158531875550e-04,-2.355416633236825350e-05,5.747525904987473271e-05,-2.152439371048835994e-04,0.000000000000000000e+00
9.394999999999999574e+00,3.161338037902864631e-04,-1.422629211382473444e-04,-2.326763689938036176e-05,5.713667401080168282e-05,-2.125881396695518486e-04,0.000000000000000000e+00
9.400000000000000355e+00,3.154200698813446470e-04,-1.432283940967097116e-04,-2.298279799071015677e-05,5.679904989642719604e-05,-2.099481190294705821e-04,0.000000000000000000e+00
9.404999999999999361e+00,3.147015422623145541e-04,-1.441804192357246323e-04,-2.269964479318305363e-05,5.646239011656209716e-05,-2.073238296279958934e-04,0.000000000000000000e+00
9.410000000000000142e+00,3.139782879615843412e-04,-1.451190807941753365e-04,-2.241817247673442377e-05,5.612669801748723273e-05,-2.047152257564533611e-04,0.000000000000000000e+00
9.415000000000000924e+00,3.132503735870196615e-04,-1.460444627420767662e-04,-2.213837619472614813e-05,5.579197688239165135e-05,-2.021222615570677258e-04,0.000000000000000000e+00
9.419999999999999929e+00,3.125178653273094306e-04,-1.469566487799886154e-04,-2.186025108426097822e-05,5.545822993180923898e-05,-1.995448910258675219e-04,0.000000000000000000e+00
9.425000000000000711e+00,3.117808289533146823e-04,-1.478557223384429796e-04,-2.158379226649473207e-05,5.512546032405368730e-05,-1.969830680155729586e-04,0.000000000000000000e+00
9.429999999999999716e+00,3.110393298194199184e-04,-1.487417665773864796e-04,-2.130899484694630158e-05,5.479367115565184255e-05,-1.944367462384624418e-04,0.000000000000000000e+00
9.435000000000000497e+00,3.102934328648876026e-04,-1.496148643856366701e-04,-2.103585391580551505e-05,5.446286546177542807e-05,-1.919058792692189303e-04,0.000000000000000000e+00
9.439999999999999503e+00,3.095432026152149848e-04,-1.504750983803527045e-04,-2.076436454823883145e-05,5.413304621667115404e-05,-1.893904205477562339e-04,0.000000000000000000e+00
9.445000000000000284e+00,3.087887031834937995e-04,-1.513225509065201763e-04,-2.049452180469289660e-05,5.380421633408918067e-05,-1.868903233820250372e-04,0.000000000000000000e+00
9.450000000000001066e+00,3.080299982717722945e-04,-1.521573040364498117e-04,-2.022632073119595486e-05,5.347637866770994824e-05,-1.844055409508000036e-04,0.000000000000000000e+00
9.455000000000000071e+00,3.072671511724198081e-04,-1.529794395692903367e-04,-1.995975635965714306e-05,5.314953601156940797e-05,-1.819360263064461716e-04,0.000000000000000000e+00
9.460000000000000853e+00,3.065002247694939477e-04,-1.537890390305549256e-04,-1.969482370816364329e-05,5.282369110048258594e-05,-1.794817323776648596e-04,0.000000000000000000e+00
9.464999999999999858e+00,3.057292815401097203e-04,-1.545861836716615255e-04,-1.943151778127573149e-05,5.249884661046554779e-05,-1.770426119722224396e-04,0.000000000000000000e+00
9.470000000000000639e+00,3.049543835558112654e-04,-1.553709544694866808e-04,-1.916983357031972894e-05,5.217500515915570326e-05,-1.746186177796563437e-04,0.000000000000000000e+00
9.474999999999999645e+00,3.041755924839455931e-04,-1.561434321259328546e-04,-1.890976605367884628e-05,5.185216930623049114e-05,-1.722097023739645899e-04,0.000000000000000000e+00
9.480000000000000426e+00,3.033929695890384367e-04,-1.569036970675092495e-04,-1.865131019708193019e-05,5.153034155382445837e-05,-1.698158182162728112e-04,0.000000000000000000e+00
9.484999999999999432e+00,3.026065757341724364e-04,-1.576518294449258276e-04,-1.839446095389015364e-05,5.120952434694465169e-05,-1.674369176574845336e-04,0.000000000000000000e+00
9.490000000000000213e+00,3.018164713823668949e-04,-1.583879091327005588e-04,-1.813921326538160534e-05,5.088972007388441703e-05,-1.650729529409106916e-04,0.000000000000000000e+00
9.495000000000000995e+00,3.010227165979598098e-04,-1.591120157287798141e-04,-1.788556206103383286e-05,5.057093106663555890e-05,-1.627238762048804411e-04,0.000000000000000000e+00
9.500000000000000000e+00,3.002253710479917495e-04,-1.598242285541715804e-04,-1.763350225880432910e-05,5.025315960129887358e-05,-1.603896394853321860e-04,0.000000000000000000e+00
9.505000000000000782e+00,2.994244940035911923e-04,-1.605246266525918203e-04,-1.738302876540894867e-05,4.993640789849300855e-05,-1.580701947183869318e-04,0.000000000000000000e+00
9.509999999999999787e+00,2.986201443413620342e-04,-1.612132887901233827e-04,-1.713413647659831841e-05,4.962067812376174975e-05,-1.557654937429010940e-04,0.000000000000000000e+00
9.515000000000000568e+00,2.978123805447725606e-04,-1.618902934548877601e-04,-1.688682027743218460e-05,4.930597238797962168e-05,-1.534754883030010376e-04,0.000000000000000000e+00
9.519999999999999574e+00,2.970012607055459893e-04,-1.625557188567293421e-04,-1.664107504255175101e-05,4.899229274775589497e-05,-1.512001300505988054e-04,0.000000000000000000e+00
9.525000000000000355e+00,2.961868425250526403e-04,-1.632096429269122725e-04,-1.639689563644999761e-05,4.867964120583693382e-05,-1.489393705478896318e-04,0.000000000000000000e+00
9.529999999999999361e+00,2.953691833157035701e-04,-1.638521433178295576e-04,-1.615427691374000024e-05,4.836801971150691035e-05,-1.466931612698295622e-04,0.000000000000000000e+00
9.535000000000000142e+00,2.945483400023456134e-04,-1.644832974027245621e-04,-1.591321371942123442e-05,4.805743016098691975e-05,-1.444614536065952901e-04,0.000000000000000000e+00
9.540000000000000924e+00,2.937243691236578365e-04,-1.651031822754247017e-04,-1.567370088914390042e-05,4.774787439783242845e-05,-1.422441988660254016e-04,0.000000000000000000e+00
9.544999999999999929e+00,2.928973268335492361e-04,-1.657118747500872249e-04,-1.543573324947125958e-05,4.743935421332908246e-05,-1.400413482760429706e-04,0.000000000000000000e+00
9.550000000000000711e+00,2.920672689025577396e-04,-1.663094513609569207e-04,-1.519930561813999692e-05,4.713187134688693686e-05,-1.378528529870595059e-04,0.000000000000000000e+00
9.554999999999999716e+00,2.912342507192502354e-04,-1.668959883621358887e-04,-1.496441280431862044e-05,4.682542748643300469e-05,-1.356786640743616601e-04,0.000000000000000000e+00
9.560000000000000497e+00,2.903983272916240126e-04,-1.674715617273649906e-04,-1.473104960886389360e-05,4.652002426880217967e-05,-1.335187325404783138e-04,0.000000000000000000e+00
9.564999999999999503e+00,2.895595532485089056e-04,-1.680362471498170662e-04,-1.449921082457532458e-05,4.621566328012655957e-05,-1.313730093175303668e-04,0.000000000000000000e+00
9.570000000000000284e+00,2.887179828409707936e-04,-1.685901200419017494e-04,-1.426889123644771266e-05,4.591234605622310954e-05,-1.292414452695625320e-04,0.000000000000000000e+00
9.575000000000001066e+00,2.878736699437156967e-04,-1.691332555350818590e-04,-1.404008562192175299e-05,4.561007408297971936e-05,-1.271239911948566972e-04,0.000000000000000000e+00
9.580000000000000071e+00,2.870266680564951731e-04,-1.696657284797011727e-04,-1.381278875113272210e-05,4.530884879673961410e-05,-1.250205978282271815e-04,0.000000000000000000e+00
9.585000000000000853e+00,2.861770303055120954e-04,-1.701876134448235592e-04,-1.358699538715724742e-05,4.500867158468415205e-05,-1.229312158432992945e-04,0.000000000000000000e+00
9.589999999999999858e+00,2.853248094448276200e-04,-1.706989847180832767e-04,-1.336270028625815739e-05,4.470954378521397595e-05,-1.208557958547683254e-04,0.000000000000000000e+00
9.595000000000000639e+00,2.844700578577684814e-04,-1.711999163055466283e-04,-1.313989819812743759e-05,4.441146668832857868e-05,-1.187942884206429745e-04,0.000000000000000000e+00
9.599999999999999645e+00,2.836128275583353706e-04,-1.716904819315844064e-04,-1.291858386612729295e-05,4.411444153600419508e-05,-1.167466440444689976e-04,0.000000000000000000e+00
9.605000000000000426e+00,2.827531701926115854e-04,-1.721707550387555302e-04,-1.269875202752932107e-05,4.381846952257010825e-05,-1.147128131775372378e-04,0.000000000000000000e+00
9.609999999999999432e+00,2.818911370401723840e-04,-1.726408087877013902e-04,-1.248039741375180676e-05,4.352355179508331592e-05,-1.126927462210724671e-04,0.000000000000000000e+00
9.615000000000000213e+00,2.810267790154947739e-04,-1.731007160570511162e-04,-1.226351475059515830e-05,4.322968945370157052e-05,-1.106863935284066154e-04,0.000000000000000000e+00
9.620000000000000995e+00,2.801601466693678412e-04,-1.735505494433374431e-04,-1.204809875847546315e-05,4.293688355205482011e-05,-1.086937054071331348e-04,0.000000000000000000e+00
9.625000000000000000e+00,2.792912901903034069e-04,-1.739903812609231749e-04,-1.183414415265621250e-05,4.264513509761502292e-05,-1.067146321212446660e-04,0.000000000000000000e+00
9.630000000000000782e+00,2.784202594059470614e-04,-1.744202835419382200e-04,-1.162164564347816398e-05,4.235444505206432210e-05,-1.047491238932541182e-04,0.000000000000000000e+00
9.634999999999999787e+00,2.775471037844893618e-04,-1.748403280362270608e-04,-1.141059793658737308e-05,4.206481433166162125e-05,-1.027971309062980748e-04,0.000000000000000000e+00
9.640000000000000568e+00,2.766718724360775722e-04,-1.752505862113064165e-04,-1.120099573316140009e-05,4.177624380760756753e-05,-1.008586033062227444e-04,0.000000000000000000e+00
9.644999999999999574e+00,2.757946141142271859e-04,-1.756511292523333398e-04,-1.099283373013369079e-05,4.148873430640787459e-05,-9.893349120365440771e-05,0.000000000000000000e+00
9.650000000000000355e+00,2.749153772172338280e-04,-1.760420280620833436e-04,-1.078610662041614457e-05,4.120228661023505982e-05,-9.702174467605148653e-05,0.000000000000000000e+00
9.654999999999999361e+00,2.740342097895852660e-04,-1.764233532609385557e-04,-1.058080909311987998e-05,4.091690145728858248e-05,-9.512331376974062164e-05,0.000000000000000000e+00
9.660000000000000142e+00,2.731511595233733665e-04,-1.767951751868860656e-04,-1.037693583377420631e-05,4.063257954215332830e-05,-9.323814850193632440e-05,0.000000000000000000e+00
9.665000000000000924e+00,2.722662737597059970e-04,-1.771575638955258933e-04,-1.017448152454379945e-05,4.034932151615654248e-05,-9.136619886274279347e-05,0.000000000000000000e+00
9.669999999999999929e+00,2.713795994901189827e-04,-1.775105891600889602e-04,-9.973440844444102360e-06,4.006712798772310910e-05,-8.950741481714044427e-05,0.000000000000000000e+00
9.675000000000000711e+00,2.704911833579878465e-04,-1.778543204714647086e-04,-9.773808469554951886e-06,3.978599952272925859e-05,-8.766174630695563325e-05,0.000000000000000000e+00
9.679999999999999716e+00,2.696010716599394393e-04,-1.781888270382383447e-04,-9.575579073232441999e-06,3.950593664485464881e-05,-8.582914325281360414e-05,0.000000000000000000e+00
9.685000000000000497e+00,2.687093103472633555e-04,-1.785141777867376486e-04,-9.378747326319030332e-06,3.922693983593286048e-05,-8.400955555607514413e-05,0.000000000000000000e+00
9.689999999999999503e+00,2.678159450273230754e-04,-1.788304413610892173e-04,-9.183307897351893038e-06,3.894900953630027316e-05,-8.220293310075754614e-05,0.000000000000000000e+00
9.695000000000000284e+00,2.669210209649668379e-04,-1.791376861232841676e-04,-8.989255452769543230e-06,3.867214614514337585e-05,-8.040922575543865756e-05,0.000000000000000000e+00
9.700000000000001066e+00,2.660245830839380794e-04,-1.794359801532530272e-04,-8.796584657116718087e-06,3.839635002084444449e-05,-7.862838337514537076e-05,0.000000000000000000e+00
9.705000000000000071e+00,2.651266759682856006e-04,-1.797253912489498958e-04,-8.605290173247536316e-06,3.812162148132565420e-05,-7.686035580322593173e-05,0.000000000000000000e+00
9.710000000000000853e+00,2.642273438637731385e-04,-1.800059869264457411e-04,-8.415366662526939530e-06,3.784796080439157878e-05,-7.510509287320609427e-05,0.000000000000000000e+00
9.714999999999999858e+00,2.633266306792885576e-04,-1.802778344200306926e-04,-8.226808785030432781e-06,3.757536822807011802e-05,-7.336254441062955317e-05,0.000000000000000000e+00
9.720000000000000639e+00,2.624245799882525543e-04,-1.805410006823253356e-04,-8.039611199742112391e-06,3.730384395095182591e-05,-7.163266023488262932e-05,0.000000000000000000e+00
9.724999999999999645e+00,2.615212350300266013e-04,-1.807955523844008677e-04,-7.853768564751016662e-06,3.703338813252764639e-05,-6.991539016100331528e-05,0.000000000000000000e+00
9.730000000000000426e+00,2.606166387113204052e-04,-1.810415559159080643e-04,-7.669275537445772350e-06,3.676400089352507025e-05,-6.821068400147416622e-05,0.000000000000000000e+00
9.734999999999999432e+00,2.597108336075987668e-04,-1.812790773852149186e-04,-7.486126774707584349e-06,3.649568231624271988e-05,-6.651849156800025589e-05,0.000000000000000000e+00
9.740000000000000213e+00,2.588038619644874661e-04,-1.815081826195530357e-04,-7.304316933101538929e-06,3.622843244488334845e-05,-6.483876267327105944e-05,0.000000000000000000e+00
9.745000000000000995e+00,2.578957656991787140e-04,-1.817289371651724026e-04,-7.123840669066259491e-06,3.596225128588523984e-05,-6.317144713270742831e-05,0.000000000000000000e+00
9.750000000000000000e+00,2.569865864018355730e-04,-1.819414062875047500e-04,-6.944692639101901301e-06,3.569713880825207036e-05,-6.151649476619257327e-05,0.000000000000000000e+00
9.755000000000000782e+00,2.560763653369955658e-04,-1.821456549713352906e-04,-6.766867499956503814e-06,3.543309494388117135e-05,-5.987385539978851904e-05,0.000000000000000000e+00
9.759999999999999787e+00,2.551651434449735785e-04,-1.823417479209827501e-04,-6.590359908810703999e-06,3.517011958789021276e-05,-5.824347886743681097e-05,0.000000000000000000e+00
9.765000000000000568e+00,2.542529613432637338e-04,-1.825297495604876667e-04,-6.415164523460822513e-06,3.490821259894234867e-05,-5.662531501264379884e-05,0.000000000000000000e+00
9.769999999999999574e+00,2.533398593279401266e-04,-1.827097240338088481e-04,-6.241276002500326106e-06,3.464737379956977706e-05,-5.501931369015215139e-05,0.000000000000000000e+00
9.775000000000000355e+00,2.524258773750569619e-04,-1.828817352050278249e-04,-6.068689005499676434e-06,3.438760297649572756e-05,-5.342542476759548436e-05,0.000000000000000000e+00
9.779999999999999361e+00,2.515110551420471764e-04,-1.830458466585613818e-04,-5.897398193184573744e-06,3.412889988095490416e-05,-5.184359812713973414e-05,0.000000000000000000e+00
9.785000000000000142e+00,2.505954319691204081e-04,-1.832021216993820836e-04,-5.727398227612601360e-06,3.387126422901235584e-05,-5.027378366710883763e-05,0.000000000000000000e+00
9.790000000000000924e+00,2.496790468806595032e-04,-1.833506233532464192e-04,-5.558683772348280288e-06,3.361469570188080222e-05,-4.871593130359588375e-05,0.000000000000000000e+00
9.794999999999999929e+00,2.487619385866161555e-04,-1.834914143669309945e-04,-5.391249492636539868e-06,3.335919394623638713e-05,-4.716999097205919460e-05,0.000000000000000000e+00
9.800000000000000711e+00,2.478441454839050819e-04,-1.836245572084762071e-04,-5.225090055574616337e-06,3.310475857453291427e-05,-4.563591262890447455e-05,0.000000000000000000e+00
9.804999999999999716e+00,2.469257056577970591e-04,-1.837501140674376726e-04,-5.060200130282380989e-06,3.285138916531447689e-05,-4.411364625305205160e-05,0.000000000000000000e+00
9.810000000000000497e+00,2.460066568833108231e-04,-1.838681468551450510e-04,-4.896574388071108946e-06,3.259908526352660351e-05,-4.260314184748899410e-05,0.000000000000000000e+00
9.814999999999999503e+00,2.450870366266035038e-04,-1.839787172049685163e-04,-4.734207502610700409e-06,3.234784638082581796e-05,-4.110434944080805443e-05,0.000000000000000000e+00
9.820000000000000284e+00,2.441668820463595963e-04,-1.840818864725924633e-04,-4.573094150095353519e-06,3.209767199588766800e-05,-3.961721908873132541e-05,0.000000000000000000e+00
9.825000000000001066e+00,2.432462299951789299e-04,-1.841777157362966958e-04,-4.413229009407700712e-06,3.184856155471322246e-05,-3.814170087561999183e-05,0.000000000000000000e+00
9.830000000000000071e+00,2.423251170209627661e-04,-1.842662657972446612e-04,-4.254606762281421257e-06,3.160051447093401673e-05,-3.667774491596990601e-05,0.000000000000000000e+00
9.835000000000000853e+00,2.414035793682987581e-04,-1.843475971797790315e-04,-4.097222093462326590e-06,3.135353012611550054e-05,-3.522530135589271643e-05,0.000000000000000000e+00
9.839999999999999858e+00,2.404816529798442580e-04,-1.844217701317242769e-04,-3.941069690867938785e-06,3.110760787005890698e-05,-3.378432037458352507e-05,0.000000000000000000e+00
9.845000000000000639e+00,2.395593734977081318e-04,-1.844888446246963412e-04,-3.786144245745556217e-06,3.086274702110162397e-05,-3.235475218577382674e-05,0.000000000000000000e+00
9.849999999999999645e+00,2.386367762648310847e-04,-1.845488803544192015e-04,-3.632440452828828448e-06,3.061894686641604098e-05,-3.093654703917141091e-05,0.000000000000000000e+00
9.855000000000000426e+00,2.377138963263641968e-04,-1.846019367410483398e-04,-3.479953010492835257e-06,3.037620666230685763e-05,-2.952965522188543703e-05,0.000000000000000000e+00
9.859999999999999432e+00,2.367907684310460227e-04,-1.846480729295010728e-04,-3.328676620907685476e-06,3.013452563450688790e-05,-2.813402705983879758e-05,0.000000000000000000e+00
9.865000000000000213e+00,2.358674270325779559e-04,-1.846873477897935216e-04,-3.178605990190640717e-06,2.989390297847134312e-05,-2.674961291916568180e-05,0.000000000000000000e+00
9.870000000000000995e+00,2.349439062909978049e-04,-1.847198199173843037e-04,-3.029735828556769927e-06,2.965433785967060381e-05,-2.537636320759653554e-05,0.000000000000000000e+00
9.875000000000000000e+00,2.340202400740517966e-04,-1.847455476335248931e-04,-2.882060850468144919e-06,2.941582941388147705e-05,-2.401422837582843856e-05,0.000000000000000000e+00
9.880000000000000782e+00,2.330964619585646283e-04,-1.847645889856163771e-04,-2.735575774781583676e-06,2.917837674747694949e-05,-2.266315891888336597e-05,0.000000000000000000e+00
9.884999999999999787e+00,2.321726052318078936e-04,-1.847770017475727723e-04,-2.590275324894948181e-06,2.894197893771443267e-05,-2.132310537745146046e-05,0.000000000000000000e+00
9.890000000000000568e+00,2.312487028928665567e-04,-1.847828434201906561e-04,-2.446154228892004423e-06,2.870663503302252098e-05,-1.999401833922237839e-05,0.000000000000000000e+00
9.894999999999999574e+00,2.303247876540036104e-04,-1.847821712315251956e-04,-2.303207219685852595e-06,2.847234405328622826e-05,-1.867584844020208040e-05,0.000000000000000000e+00
9.900000000000000355e+00,2.294008919420228098e-04,-1.847750421372724094e-04,-2.161429035160935564e-06,2.823910499013075400e-05,-1.736854636601758745e-05,0.000000000000000000e+00
9.904999999999999361e+00,2.284770478996295631e-04,-1.847615128211575026e-04,-2.020814418313631511e-06,2.800691680720374189e-05,-1.607206285320739820e-05,0.000000000000000000e+00
9.910000000000000142e+00,2.275532873867897347e-04,-1.847416396953295429e-04,-1.881358117391438812e-06,2.777577844045605083e-05,-1.478634869050049526e-05,0.000000000000000000e+00
9.915000000000000924e+00,2.266296419820865247e-04,-1.847154789007619650e-04,-1.743054886030761401e-06,2.754568879842105223e-05,-1.351135472008041646e-05,0.000000000000000000e+00
9.919999999999999929e+00,2.257061429840754229e-04,-1.846830863076591737e-04,-1.605899483393300986e-06,2.731664676249242972e-05,-1.224703183883796916e-05,0.000000000000000000e+00
9.925000000000000711e+00,2.247828214126368872e-04,-1.846445175158690827e-04,-1.469886674301064144e-06,2.708865118720051176e-05,-1.099333099961014807e-05,0.000000000000000000e+00
9.929999999999999716e+00,2.238597080103272316e-04,-1.845998278553013724e-04,-1.335011229369991085e-06,2.686170090048713046e-05,-9.750203212406557659e-06,0.000000000000000000e+00
9.935000000000000497e+00,2.229368332437271034e-04,-1.845490723863517119e-04,-1.201267925142214767e-06,2.663579470397898623e-05,-8.517599545623474617e-06,0.000000000000000000e+00
9.939999999999999503e+00,2.220142273047881433e-04,-1.844923059003315900e-04,-1.068651544216955015e-06,2.641093137325957243e-05,-7.295471127244655988e-06,0.000000000000000000e+00
9.945000000000000284e+00,2.210919201121771789e-04,-1.844295829199037585e-04,-9.371568753800589738e-07,2.618710965813961946e-05,-6.083769146029787377e-06,0.000000000000000000e+00
9.950000000000001066e+00,2.201699413126184679e-04,-1.843609576995233941e-04,-8.067787137321911801e-07,2.596432828292607176e-05,-4.882444852690842304e-06,0.000000000000000000e+00
9.955000000000000071e+00,2.192483202822335540e-04,-1.842864842258847078e-04,-6.775118608156832062e-07,2.574258594668962148e-05,-3.691449561054997459e-06,0.000000000000000000e+00
9.960000000000000853e+00,2.183270861278789837e-04,-1.842062162183730309e-04,-5.493511247400492251e-07,2.552188132353077507e-05,-2.510734649216597508e-06,0.000000000000000000e+00
9.964999999999999858e+00,2.174062676884816903e-04,-1.841202071295222392e-04,-4.222913203061748045e-07,2.530221306284445958e-05,-1.340251560675215009e-06,0.000000000000000000e+00
9.970000000000000639e+00,2.164858935363721021e-04,-1.840285101454776535e-04,-2.963272691291862360e-07,2.508357978958320942e-05,-1.799518054628683039e-07,0.000000000000000000e+00
9.974999999999999645e+00,2.155659919786149462e-04,-1.839311781864640355e-04,-1.714537997600075448e-07,2.486598010451886894e-05,9.702130387418794310e-07,0.000000000000000000e+00
9.980000000000000426e+00,2.146465910583376132e-04,-1.838282639072589771e-04,-4.766574780561267239e-08,2.464941258450289253e-05,2.110291325511503419e-06,0.000000000000000000e+00
9.984999999999999432e+00,2.137277185560562177e-04,-1.837198196976712783e-04,7.504204395202023430e-08,2.443387578272517412e-05,3.240331338579162260e-06,0.000000000000000000e+00
9.990000000000000213e+00,2.128094019909993004e-04,-1.836058976830245006e-04,1.966747254382451996e-07,2.421936822897145710e-05,4.360381290760296244e-06,0.000000000000000000e+00
9.995000000000000995e+00,2.118916686224289021e-04,-1.834865497246454817e-04,3.172374391693681303e-07,2.400588842987931787e-05,5.470489322886558457e-06,0.000000000000000000e+00
1.000000000000000000e+01,2.109745454509594676e-04,-1.833618274203579460e-04,4.367353201375430055e-07,2.379343486919271278e-05,6.570703502750886065e-06,0.000000000000000000e+00
1.000500000000000078e+01,2.100580592198739865e-04,-1.832317821049808031e-04,5.551734956969372134e-07,2.358200600801509529e-05,7.661071824064687565e-06,0.000000000000000000e+00
1.000999999999999979e+01,2.091422364164378564e-04,-1.830964648508315166e-04,6.725570854511588602e-07,2.337160028506113043e-05,8.741642205427010461e-06,0.000000000000000000e+00
1.001500000000000057e+01,2.082271032732100626e-04,-1.829559264682340794e-04,7.888912011419390391e-07,2.316221611690697952e-05,9.812462489305038855e-06,0.000000000000000000e+00
1.001999999999999957e+01,2.073126857693519186e-04,-1.828102175060317873e-04,9.041809465390622276e-07,2.295385189823917198e-05,1.087358044102570412e-05,0.000000000000000000e+00
1.002500000000000036e+01,2.063990096319330959e-04,-1.826593882521047288e-04,1.018431417331537377e-06,2.274650600210207445e-05,1.192504374778008912e-05,0.000000000000000000e+00
1.002999999999999936e+01,2.054861003372352151e-04,-1.825034887338917197e-04,1.131647701020002707e-06,2.254017678014394037e-05,1.296690001763788850e-05,0.000000000000000000e+00
1.003500000000000014e+01,2.045739831120527250e-04,-1.823425687189169817e-04,1.243834876810357209e-06,2.233486256286158048e-05,1.399919677857409321e-05,0.000000000000000000e+00
1.004000000000000092e+01,2.036626829349910998e-04,-1.821766777153211575e-04,1.354998015508612841e-06,2.213056165984361037e-05,1.502198147750659850e-05,0.000000000000000000e+00
1.004499999999999993e+01,2.027522245377624875e-04,-1.820058649723968252e-04,1.465142179416958075e-06,2.192727236001231904e-05,1.603530147934534506e-05,0.000000000000000000e+00
1.005000000000000071e+01,2.018426324064785400e-04,-1.818301794811283769e-04,1.574272422231028262e-06,2.172499293186413817e-05,1.703920406605249189e-05,0.000000000000000000e+00
1.005499999999999972e+01,2.009339307829406402e-04,-1.816496699747362068e-04,1.682393788938374541e-06,2.152372162370872564e-05,1.803373643571339058e-05,0.000000000000000000e+00
1.006000000000000050e+01,2.000261436659273387e-04,-1.814643849292251008e-04,1.789511315718125379e-06,2.132345666390667347e-05,1.901894570161951291e-05,0.000000000000000000e+00
1.006499999999999950e+01,1.991192948124790511e-04,-1.812743725639370167e-04,1.895630029841831623e-06,2.112419626110582322e-05,1.999487889136102785e-05,0.000000000000000000e+00
1.007000000000000028e+01,1.982134077391799925e-04,-1.810796808421077410e-04,2.000754949575491467e-06,2.092593860447620923e-05,2.096158294593187393e-05,0.000000000000000000e+00
1.007500000000000107e+01,1.973085057234372642e-04,-1.808803574714278821e-04,2.104891084082745602e-06,2.072868186394363643e-05,2.191910471884402035e-05,0.000000000000000000e+00
1.008000000000000007e+01,1.964046118047572313e-04,-1.806764499046077394e-04,2.208043433329237237e-06,2.053242419042188593e-05,2.286749097525395233e-05,0.000000000000000000e+00
1.008500000000000085e+01,1.955017487860189721e-04,-1.804680053399461848e-04,2.310216987988129392e-06,2.033716371604354846e-05,2.380678839109907701e-05,0.000000000000000000e+00
1.008999999999999986e+01,1.945999392347448815e-04,-1.802550707219035815e-04,2.411416729346773934e-06,2.014289855438950930e-05,2.473704355224495778e-05,0.000000000000000000e+00
1.009500000000000064e+01,1.936992054843684563e-04,-1.800376927416783902e-04,2.511647629214523055e-06,1.994962680071707457e-05,2.565830295364362101e-05,0.000000000000000000e+00
1.009999999999999964e+01,1.927995696354991521e-04,-1.798159178377877593e-04,2.610914649831679152e-06,1.975734653218672878e-05,2.657061299850117342e-05,0.000000000000000000e+00
1.010500000000000043e+01,1.919010535571843404e-04,-1.795897921966517475e-04,2.709222743779575515e-06,1.956605580808756749e-05,2.747401999745764374e-05,0.000000000000000000e+00
1.010999999999999943e+01,1.910036788881683116e-04,-1.793593617531813401e-04,2.806576853891778887e-06,1.937575267006136468e-05,2.836857016777560652e-05,0.000000000000000000e+00
1.011500000000000021e+01,1.901074670381482958e-04,-1.791246721913700992e-04,2.902981913166410974e-06,1.918643514232530852e-05,2.925430963254031195e-05,0.000000000000000000e+00
1.012000000000000099e+01,1.892124391890276651e-04,-1.788857689448894439e-04,2.998442844679579557e-06,1.899810123189340564e-05,3.013128441986937021e-05,0.000000000000000000e+00
1.012500000000000000e+01,1.883186162961659647e-04,-1.786426971976874287e-04,3.092964561499913715e-06,1.881074892879653346e-05,3.099954046213293914e-05,0.000000000000000000e+00
1.013000000000000078e+01,1.874260190896260701e-04,-1.783955018845910718e-04,3.186551966604194260e-06,1.862437620630117804e-05,3.185912359518441493e-05,0.000000000000000000e+00
1.013499999999999979e+01,1.865346680754182286e-04,-1.781442276919120444e-04,3.279209952794077273e-06,1.843898102112684706e-05,3.271007955760043358e-05,0.000000000000000000e+00
1.014000000000000057e+01,1.856445835367411987e-04,-1.778889190580559387e-04,3.370943402613898869e-06,1.825456131366215472e-05,3.355245398993167362e-05,0.000000000000000000e+00
1.014499999999999957e+01,1.847557855352201391e-04,-1.776296201741346518e-04,3.461757188269559091e-06,1.807111500817959205e-05,3.438629243396332182e-05,0.000000000000000000e+00
1.015000000000000036e+01,1.838682939121416766e-04,-1.773663749845822671e-04,3.551656171548475176e-06,1.788864001304897578e-05,3.521164033198536443e-05,0.000000000000000000e+00
1.015499999999999936e+01,1.829821282896856144e-04,-1.770992271877740523e-04,3.640645203740598700e-06,1.770713422094960640e-05,3.602854302607290740e-05,0.000000000000000000e+00
1.016000000000000014e+01,1.820973080721537401e-04,-1.768282202366487101e-04,3.728729125560491085e-06,1.752659550908110145e-05,3.683704575737610520e-05,0.000000000000000000e+00
1.016500000000000092e+01,1.812138524471954611e-04,-1.765533973393337733e-04,3.815912767070449855e-06,1.734702173937294127e-05,3.763719366542005087e-05,0.000000000000000000e+00
1.016999999999999993e+01,1.803317803870302708e-04,-1.762748014597740622e-04,3.902200947604678010e-06,1.716841075869270363e-05,3.842903178741431539e-05,0.000000000000000000e+00
1.017500000000000071e+01,1.794511106496670413e-04,-1.759924753183632058e-04,3.987598475694493562e-06,1.699076039905302770e-05,3.921260505757185189e-05,0.000000000000000000e+00
1.017999999999999972e+01,1.785718617801202552e-04,-1.757064613925781707e-04,4.072110148994568630e-06,1.681406847781725676e-05,3.998795830643782031e-05,0.000000000000000000e+00
1.018500000000000050e+01,1.776940521116229560e-04,-1.754168019176167721e-04,4.155740754210195570e-06,1.663833279790382383e-05,4.075513626022737022e-05,0.000000000000000000e+00
1.018999999999999950e+01,1.768176997668366099e-04,-1.751235388870380036e-04,4.238495067025569544e-06,1.646355114798934310e-05,4.151418354017365588e-05,0.000000000000000000e+00
1.019500000000000028e+01,1.759428226590575785e-04,-1.748267140534052945e-04,4.320377852033084983e-06,1.628972130271043073e-05,4.226514466188425383e-05,0.000000000000000000e+00
1.020000000000000107e+01,1.750694384934206105e-04,-1.745263689289325586e-04,4.401393862663636637e-06,1.611684102286424164e-05,4.300806403470779906e-05,0.000000000000000000e+00
1.020500000000000007e+01,1.741975647680988910e-04,-1.742225447861329264e-04,4.481547841117923505e-06,1.594490805560774921e-05,4.374298596110951171e-05,0.000000000000000000e+00
1.021000000000000085e+01,1.733272187755009188e-04,-1.739152826584703510e-04,4.560844518298741261e-06,1.577392013465575793e-05,4.446995463605545149e-05,0.000000000000000000e+00
1.021499999999999986e+01,1.724584176034641325e-04,-1.736046233410137342e-04,4.639288613744264006e-06,1.560387498047764536e-05,4.518901414640676042e-05,0.000000000000000000e+00
1.022000000000000064e+01,1.715911781364452555e-04,-1.732906073910937090e-04,4.716884835562306043e-06,1.543477030049287096e-05,4.590020847032256557e-05,0.000000000000000000e+00
1.022499999999999964e+01,1.707255170567073348e-04,-1.729732751289620243e-04,4.793637880365560277e-06,1.526660378926520406e-05,4.660358147667169099e-05,0.000000000000000000e+00
1.023000000000000043e+01,1.698614508455034732e-04,-1.726526666384535047e-04,4.869552433207800545e-06,1.509937312869572380e-05,4.729917692445357170e-05,0.000000000000000000e+00
1.023499999999999943e+01,1.689989957842572541e-04,-1.723288217676503407e-04,4.944633167521050399e-06,1.493307598821456525e-05,4.798703846222816675e-05,0.000000000000000000e+00
1.024000000000000021e+01,1.681381679557398601e-04,-1.720017801295489551e-04,5.018884745053702273e-06,1.476771002497143415e-05,4.866720962755480316e-05,0.000000000000000000e+00
1.024500000000000099e+01,1.672789832452437758e-04,-1.716715811027292530e-04,5.092311815809592095e-06,1.460327288402487472e-05,4.933973384643901608e-05,0.000000000000000000e+00
1.025000000000000000e+01,1.664214573417532655e-04,-1.713382638320261504e-04,5.164919017988011566e-06,1.443976219853032108e-05,5.000465443278924145e-05,0.000000000000000000e+00
1.025500000000000078e+01,1.655656057391113813e-04,-1.710018672292034324e-04,5.236710977924661494e-06,1.427717558992690703e-05,5.066201458788165384e-05,0.000000000000000000e+00
1.025999999999999979e+01,1.647114437371835830e-04,-1.706624299736299159e-04,5.307692310033535171e-06,1.411551066812305943e-05,5.131185739983325775e-05,0.000000000000000000e+00
1.026500000000000057e+01,1.638589864430181056e-04,-1.703199905129577810e-04,5.377867616749725009e-06,1.395476503168087355e-05,5.195422584308420817e-05,0.000000000000000000e+00
1.026999999999999957e+01,1.630082487720027758e-04,-1.699745870638031515e-04,5.447241488473149914e-06,1.379493626799926870e-05,5.258916277788811358e-05,0.000000000000000000e+00
1.027500000000000036e+01,1.621592454490184949e-04,-1.696262576124287088e-04,5.515818503513194053e-06,1.363602195349594445e-05,5.321671094981102613e-05,0.000000000000000000e+00
1.027999999999999936e+01,1.613119910095893331e-04,-1.692750399154284468e-04,5.583603228034255343e-06,1.347801965378811884e-05,5.383691298923918677e-05,0.000000000000000000e+00
1.028500000000000014e+01,1.604664998010291274e-04,-1.689209715004144597e-04,5.650600216002190947e-06,1.332092692387206886e-05,5.444981141089422422e-05,0.000000000000000000e+00
1.029000000000000092e+01,1.596227859835846921e-04,-1.685640896667057900e-04,5.716814009131657237e-06,1.316474130830147158e-05,5.505544861335743417e-05,0.000000000000000000e+00
1.029499999999999993e+01,1.587808635315754772e-04,-1.682044314860191736e-04,5.782249136834342522e-06,1.300946034136455763e-05,5.565386687860143105e-05,0.000000000000000000e+00
1.030000000000000071e+01,1.579407462345299752e-04,-1.678420338031617095e-04,5.846910116168079859e-06,1.285508154726007219e-05,5.624510837153150341e-05,0.000000000000000000e+00
1.030499999999999972e+01,1.571024476983184416e-04,-1.674769332367254809e-04,5.910801451786835677e-06,1.270160244027204330e-05,5.682921513953301371e-05,0.000000000000000000e+00
1.031000000000000050e+01,1.562659813462822806e-04,-1.671091661797839115e-04,5.973927635891573403e-06,1.254902052494338629e-05,5.740622911202878634e-05,0.000000000000000000e+00
1.031499999999999950e+01,1.554313604203598541e-04,-1.667387688005900453e-04,6.036293148181975970e-06,1.239733329624830893e-05,5.797619210004300086e-05,0.000000000000000000e+00
1.032000000000000028e+01,1.545985979822088474e-04,-1.663657770432765083e-04,6.097902455809033992e-06,1.224653823976356959e-05,5.853914579577394858e-05,0.000000000000000000e+00
1.032500000000000107e+01,1.537677069143251118e-04,-1.659902266285571493e-04,6.158760013328480979e-06,1.209663283183854792e-05,5.909513177217444631e-05,0.000000000000000000e+00
1.033000000000000007e+01,1.529386999211580648e-04,-1.656121530544304977e-04,6.218870262655083202e-06,1.194761453976415848e-05,5.964419148253996149e-05,0.000000000000000000e+00
1.033500000000000085e+01,1.521115895302224035e-04,-1.652315915968847115e-04,6.278237633017763887e-06,1.179948082194060727e-05,6.018636626010465205e-05,0.000000000000000000e+00
1.033999999999999986e+01,1.512863880932064308e-04,-1.648485773106042878e-04,6.336866540915567667e-06,1.165222912804398960e-05,6.072169731764483300e-05,0.000000000000000000e+00
1.034500000000000064e+01,1.504631077870768570e-04,-1.644631450296781547e-04,6.394761390074455125e-06,1.150585689919173931e-05,6.125022574709084561e-05,0.000000000000000000e+00
1.034999999999999964e+01,1.496417606151799159e-04,-1.640753293683094177e-04,6.451926571404918958e-06,1.136036156810692609e-05,6.177199251914579771e-05,0.000000000000000000e+00
1.035500000000000043e+01,1.488223584083390647e-04,-1.636851647215266229e-04,6.508366462960421769e-06,1.121574055928142108e-05,6.228703848291190694e-05,0.000000000000000000e+00
1.035999999999999943e+01,1.480049128259491073e-04,-1.632926852658963493e-04,6.564085429896646154e-06,1.107199128913790892e-05,6.279540436552505692e-05,0.000000000000000000e+00
1.036500000000000021e+01,1.471894353570666301e-04,-1.628979249602372371e-04,6.619087824431549477e-06,1.092911116619078502e-05,6.329713077179626509e-05,0.000000000000000000e+00
1.037000000000000099e+01,1.463759373214970508e-04,-1.625009175463354796e-04,6.673377985806223325e-06,1.078709759120590256e-05,6.379225818386042831e-05,0.000000000000000000e+00
1.037500000000000000e+01,1.455644298708778982e-04,-1.621016965496616168e-04,6.726960240246548325e-06,1.064594795735921334e-05,6.428082696083290185e-05,0.000000000000000000e+00
1.038000000000000078e+01,1.447549239897587053e-04,-1.617002952800885478e-04,6.779838900925639246e-06,1.050565965039427013e-05,6.476287733847307145e-05,0.000000000000000000e+00
1.038499999999999979e+01,1.439474304966770798e-04,-1.612967468326108995e-04,6.832018267927072758e-06,1.036623004877862795e-05,6.523844942885512178e-05,0.000000000000000000e+00
1.039000000000000057e+01,1.431419600452313594e-04,-1.608910840880656138e-04,6.883502628208897000e-06,1.022765652385912209e-05,6.570758322004642137e-05,0.000000000000000000e+00
1.039499999999999957e+01,1.423385231251496081e-04,-1.604833397138537017e-04,6.934296255568414491e-06,1.008993644001604344e-05,6.617031857579248064e-05,0.000000000000000000e+00
1.040000000000000036e+01,1.415371300633549534e-04,-1.600735461646631344e-04,6.984403410607731610e-06,9.953067154816207419e-06,6.662669523520940436e-05,0.000000000000000000e+00
1.040499999999999936e+01,1.407377910250273722e-04,-1.596617356831929013e-04,7.033828340700072089e-06,9.817046019164925311e-06,6.707675281248352698e-05,0.000000000000000000e+00
1.041000000000000014e+01,1.399405160146617914e-04,-1.592479403008781238e-04,7.082575279956846921e-06,9.681870377456877725e-06,6.752053079657741768e-05,0.000000000000000000e+00
1.041500000000000092e+01,1.391453148771226364e-04,-1.588321918386162814e-04,7.130648449195475572e-06,9.547537567725900535e-06,6.795806855094343416e-05,0.000000000000000000e+00
1.041999999999999993e+01,1.383521972986946407e-04,-1.584145219074943318e-04,7.178052055907955978e-06,9.414044921793679818e-06,6.838940531324401201e-05,0.000000000000000000e+00
1.042500000000000071e+01,1.375611728081301303e-04,-1.579949619095168882e-04,7.224790294230170614e-06,9.281389765417371056e-06,6.881458019507863551e-05,0.000000000000000000e+00
1.042999999999999972e+01,1.367722507776925956e-04,-1.575735430383354535e-04,7.270867344911932867e-06,9.149569418436129064e-06,6.923363218171767956e-05,0.000000000000000000e+00
1.043500000000000050e+01,1.359854404241966311e-04,-1.571502962799783054e-04,7.316287375287759317e-06,9.018581194916579122e-06,6.964660013184328534e-05,0.000000000000000000e+00
1.043999999999999950e+01,1.352007508100442159e-04,-1.567252524135815197e-04,7.361054539248370464e-06,8.888422403297203904e-06,7.005352277729621265e-05,0.000000000000000000e+00
1.044500000000000028e+01,1.344181908442573618e-04,-1.562984420121206984e-04,7.405172977212906358e-06,8.759090346531678395e-06,7.045443872283032238e-05,0.000000000000000000e+00
1.045000000000000107e+01,1.336377692835070757e-04,-1.558698954431435649e-04,7.448646816101861352e-06,8.630582322231132461e-06,7.084938644587280513e-05,0.000000000000000000e+00
1.045500000000000007e+01,1.328594947331386620e-04,-1.554396428695033183e-04,7.491480169310721897e-06,8.502895622805364795e-06,7.123840429629125397e-05,0.000000000000000000e+00
1.046000000000000085e+01,1.320833756481933942e-04,-1.550077142500927202e-04,7.533677136684314146e-06,8.376027535602998070e-06,7.162153049616768960e-05,0.000000000000000000e+00
1.046499999999999986e+01,1.313094203344264172e-04,-1.545741393405790202e-04,7.575241804491842745e-06,8.249975343050593935e-06,7.199880313957777609e-05,0.000000000000000000e+00
1.047000000000000064e+01,1.305376369493210732e-04,-1.541389476941393440e-04,7.616178245402629266e-06,8.124736322790719389e-06,7.237026019237834443e-05,0.000000000000000000e+00
1.047499999999999964e+01,1.297680335030995408e-04,-1.537021686621969474e-04,7.656490518462532503e-06,8.000307747818971297e-06,7.273593949199923920e-05,0.000000000000000000e+00
1.048000000000000043e+01,1.290006178597297333e-04,-1.532638313951579590e-04,7.696182669071057408e-06,7.876686886619972615e-06,7.309587874724309355e-05,0.000000000000000000e+00
1.048499999999999943e+01,1.282353977379284838e-04,-1.528239648431488275e-04,7.735258728959133178e-06,7.753871003302331840e-06,7.345011553809015930e-05,0.000000000000000000e+00
1.049000000000000021e+01,1.274723807121612071e-04,-1.523825977567542025e-04,7.773722716167573215e-06,7.631857357732579252e-06,7.379868731551014359e-05,0.000000000000000000e+00
1.049500000000000099e+01,1.267115742136377119e-04,-1.519397586877554388e-04,7.811578635026195756e-06,7.510643205668078237e-06,7.414163140128000873e-05,0.000000000000000000e+00
1.050000000000000000e+01,1.259529855313043544e-04,-1.514954759898695343e-04,7.848830476133606893e-06,7.390225798888922723e-06,7.447898498780766740e-05,0.000000000000000000e+00
1.050500000000000078e+01,1.251966218128325054e-04,-1.510497778194886103e-04,7.885482216337642584e-06,7.270602385328816468e-06,7.481078513796176287e-05,0.000000000000000000e+00
1.050999999999999979e+01,1.244424900656033583e-04,-1.506026921364197438e-04,7.921537818716462877e-06,7.151770209204947781e-06,7.513706878490783252e-05,0.000000000000000000e+00
1.051500000000000057e+01,1.236905971576890233e-04,-1.501542467046253150e-04,7.957001232560291572e-06,7.033726511146852877e-06,7.545787273195006853e-05,0.000000000000000000e+00
1.051999999999999957e+01,1.229409498188298278e-04,-1.497044690929635988e-04,7.991876393353796243e-06,6.916468528324283970e-06,7.577323365237923142e-05,0.000000000000000000e+00
1.052500000000000036e+01,1.221935546414080651e-04,-1.492533866759298438e-04,8.026167222759108616e-06,6.799993494574077024e-06,7.608318808932599815e-05,0.000000000000000000e+00
1.052999999999999936e+01,1.214484180814178675e-04,-1.488010266343975688e-04,8.059877628599476833e-06,6.684298640526031008e-06,7.638777245562104583e-05,0.000000000000000000e+00
1.053500000000000014e+01,1.207055464594315286e-04,-1.483474159563602382e-04,8.093011504843537741e-06,6.569381193727794438e-06,7.668702303365967552e-05,0.000000000000000000e+00
1.054000000000000092e+01,1.199649459615620444e-04,-1.478925814376730731e-04,8.125572731590222769e-06,6.455238378768773592e-06,7.698097597527359180e-05,0.000000000000000000e+00
1.054499999999999993e+01,1.192266226404219143e-04,-1.474365496827952961e-04,8.157565175054266890e-06,6.341867417403054775e-06,7.726966730160688356e-05,0.000000000000000000e+00
1.055000000000000071e+01,1.184905824160782954e-04,-1.469793471055323762e-04,8.188992687552344377e-06,6.229265528671360125e-06,7.755313290299897084e-05,0.000000000000000000e+00
1.055499999999999972e+01,1.177568310770044178e-04,-1.465209999297785719e-04,8.219859107489802582e-06,6.117429929022022553e-06,7.783140853887251186e-05,0.000000000000000000e+00
1.056000000000000050e+01,1.170253742810272308e-04,-1.460615341902596364e-04,8.250168259347997096e-06,6.006357832430998450e-06,7.810452983762656849e-05,0.000000000000000000e+00
1.056499999999999950e+01,1.162962175562714726e-04,-1.456009757332755506e-04,8.279923953672233388e-06,5.896046450520924103e-06,7.837253229653614131e-05,0.000000000000000000e+00
1.057000000000000028e+01,1.155693663020998762e-04,-1.451393502174434726e-04,8.309129987060289506e-06,5.786492992679199705e-06,7.863545128165638038e-05,0.000000000000000000e+00
1.057500000000000107e+01,1.148448257900497446e-04,-1.446766831144406600e-04,8.337790142151540180e-06,5.677694666175135708e-06,7.889332202773262359e-05,0.000000000000000000e+00
1.058000000000000007e+01,1.141226011647658112e-04,-1.442129997097475009e-04,8.365908187616651813e-06,5.569648676276134404e-06,7.914617963811581528e-05,0.000000000000000000e+00
1.058500000000000085e+01,1.134026974449293338e-04,-1.437483251033905719e-04,8.393487878147865323e-06,5.462352226362937228e-06,7.939405908468312911e-05,0.000000000000000000e+00
1.058999999999999986e+01,1.126851195241835424e-04,-1.432826842106855873e-04,8.420532954449843103e-06,5.355802518043925921e-06,7.963699520776367316e-05,0.000000000000000000e+00
1.059500000000000064e+01,1.119698721720553057e-04,-1.428161017629804303e-04,8.447047143231098743e-06,5.249996751268487733e-06,7.987502271607018508e-05,0.000000000000000000e+00
1.059999999999999964e+01,1.112569600348731387e-04,-1.423486023083980756e-04,8.473034157195979014e-06,5.144932124439444639e-06,8.010817618663495588e-05,0.000000000000000000e+00
1.060500000000000043e+01,1.105463876366814292e-04,-1.418802102125794298e-04,8.498497695037208287e-06,5.040605834524558457e-06,8.033649006475171656e-05,0.000000000000000000e+00
1.060999999999999943e+01,1.098381593801510457e-04,-1.414109496594260378e-04,8.523441441428995376e-06,4.937015077167112688e-06,8.055999866392217349e-05,0.000000000000000000e+00
1.061500000000000021e+01,1.091322795474861367e-04,-1.409408446518427337e-04,8.547869067020682487e-06,4.834157046795566863e-06,8.077873616580782913e-05,0.000000000000000000e+00
1.062000000000000099e+01,1.084287523013272714e-04,-1.404699190124799940e-04,8.571784228430943042e-06,4.732028936732302871e-06,8.099273662018674947e-05,0.000000000000000000e+00
1.062500000000000000e+01,1.077275816856508529e-04,-1.399981963844762912e-04,8.595190568242523296e-06,4.630627939301454786e-06,8.120203394491549498e-05,0.000000000000000000e+00
1.063000000000000078e+01,1.070287716266648458e-04,-1.395257002322000130e-04,8.618091714997515898e-06,4.529951245935830692e-06,8.140666192589553749e-05,0.000000000000000000e+00
1.063499999999999979e+01,1.063323259337007351e-04,-1.390524538419914092e-04,8.640491283193170460e-06,4.429996047282936636e-06,8.160665421704521995e-05,0.000000000000000000e+00
1.064000000000000057e+01,1.056382483001018274e-04,-1.385784803229040503e-04,8.662392873278232686e-06,4.330759533310095119e-06,8.180204434027602597e-05,0.000000000000000000e+00
1.064499999999999957e+01,1.049465423041078373e-04,-1.381038026074460964e-04,8.683800071649796796e-06,4.232238893408673339e-06,8.199286568547412132e-05,0.000000000000000000e+00
1.065000000000000036e+01,1.042572114097357747e-04,-1.376284434523213226e-04,8.704716450650694967e-06,4.134431316497416135e-06,8.217915151048634057e-05,0.000000000000000000e+00
1.065499999999999936e+01,1.035702589676570782e-04,-1.371524254391697103e-04,8.725145568567379756e-06,4.037333991124897159e-06,8.236093494111095784e-05,0.000000000000000000e+00
1.066000000000000014e+01,1.028856882160711020e-04,-1.366757709753077402e-04,8.745090969628338450e-06,3.940944105571081516e-06,8.253824897109340419e-05,0.000000000000000000e+00
1.066500000000000092e+01,1.022035022815749041e-04,-1.361985022944683607e-04,8.764556184002991927e-06,3.845258847948019348e-06,8.271112646212645737e-05,0.000000000000000000e+00
1.066999999999999993e+01,1.015237041800292798e-04,-1.357206414575404404e-04,8.783544727801111893e-06,3.750275406299652570e-06,8.287960014385472771e-05,0.000000000000000000e+00
1.067500000000000071e+01,1.008462968174211492e-04,-1.352422103533078962e-04,8.802060103072726019e-06,3.655990968700764837e-06,8.304370261388467340e-05,0.000000000000000000e+00
1.067999999999999972e+01,1.001712829907222595e-04,-1.347632306991883874e-04,8.820105797808516042e-06,3.562402723355056102e-06,8.320346633779782781e-05,0.000000000000000000e+00
1.068500000000000050e+01,9.949866538874411863e-05,-1.342837240419714401e-04,8.837685285940708845e-06,3.469507858692360399e-06,8.335892364916996271e-05,0.000000000000000000e+00
1.068999999999999950e+01,9.882844659298933810e-05,-1.338037117585562472e-04,8.854802027344446961e-06,3.377303563465001766e-06,8.351010674959324670e-05,0.000000000000000000e+00
1.069500000000000028e+01,9.816062907849920801e-05,-1.333232150566888172e-04,8.871459467839636792e-06,3.285787026843303569e-06,8.365704770870404142e-05,0.000000000000000000e+00
1.070000000000000107e+01,9.749521521469765352e-05,-1.328422549756986897e-04,8.887661039193283033e-06,3.194955438510238921e-06,8.379977846421438406e-05,0.000000000000000000e+00
1.070500000000000007e+01,9.683220726623143740e-05,-1.323608523872350545e-04,8.903410159122278805e-06,3.104805988755246788e-06,8.393833082194803710e-05,0.000000000000000000e+00
1.071000000000000085e+01,9.617160739380677104e-05,-1.318790279960023015e-04,8.918710231296676888e-06,3.015335868567198931e-06,8.407273645588073932e-05,0.000000000000000000e+00
1.071499999999999986e+01,9.551341765502217146e-05,-1.313968023404950009e-04,8.933564645343413283e-06,2.926542269726530835e-06,8.420302690818513239e-05,0.000000000000000000e+00
1.072000000000000064e+01,9.485764000519765916e-05,-1.309141957937323155e-04,8.947976776850496633e-06,2.838422384896542546e-06,8.432923358927896728e-05,0.000000000000000000e+00
1.072499999999999964e+01,9.420427629820032379e-05,-1.304312285639916793e-04,8.961949987371648274e-06,2.750973407713869409e-06,8.445138777787828429e-05,0.000000000000000000e+00
1.073000000000000043e+01,9.355332828726620371e-05,-1.299479206955418817e-04,8.975487624431392902e-06,2.664192532878128224e-06,8.456952062105498426e-05,0.000000000000000000e+00
1.073499999999999943e+01,9.290479762581847908e-05,-1.294642920693754996e-04,8.988593021530594775e-06,2.578076956240740935e-06,8.468366313429731345e-05,0.000000000000000000e+00
1.074000000000000021e+01,9.225868586828203297e-05,-1.289803624039406260e-04,9.001269498152437773e-06,2.492623874892943893e-06,8.479384620157563398e-05,0.000000000000000000e+00
1.074500000000000099e+01,9.161499447089436685e-05,-1.284961512558718388e-04,9.013520359768845903e-06,2.407830487252985238e-06,8.490010057541186696e-05,0.000000000000000000e+00
1.075000000000000000e+01,9.097372479251280262e-05,-1.280116780207204920e-04,9.025348897847330717e-06,2.323693993152509979e-06,8.500245687695217472e-05,0.000000000000000000e+00
1.075500000000000078e+01,9.033487809541809331e-05,-1.275269619336842760e-04,9.036758389858274095e-06,2.240211593922143358e-06,8.510094559604492847e-05,0.000000000000000000e+00
1.075999999999999979e+01,8.969845554611436094e-05,-1.270420220703359908e-04,9.047752099282634560e-06,2.157380492476273336e-06,8.519559709132131875e-05,0.000000000000000000e+00
1.076500000000000057e+01,8.906445821612544306e-05,-1.265568773473514522e-04,9.058333275620077091e-06,2.075197893397039422e-06,8.528644159028074990e-05,0.000000000000000000e+00
1.076999999999999957e+01,8.843288708278748515e-05,-1.260715465232367205e-04,9.068505154397521386e-06,1.993661003017521894e-06,8.537350918937975817e-05,0.000000000000000000e+00
1.077500000000000036e+01,8.780374303003803658e-05,-1.255860481990544346e-04,9.078270957178101772e-06,1.912767029504150904e-06,8.545682985412453487e-05,0.000000000000000000e+00
1.077999999999999936e+01,8.717702684920143304e-05,-1.251004008191493062e-04,9.087633891570537088e-06,1.832513182938324032e-06,8.553643341916752874e-05,0.000000000000000000e+00
1.078500000000000014e+01,8.655273923977054701e-05,-1.246146226718727998e-04,9.096597151238910523e-06,1.752896675397249653e-06,8.561234958840758559e-05,0.000000000000000000e+00
1.079000000000000092e+01,8.593088081018500097e-05,-1.241287318903068926e-04,9.105163915912845872e-06,1.673914721034009549e-06,8.568460793509371999e-05,0.000000000000000000e+00
1.079499999999999993e+01,8.531145207860565364e-05,-1.236427464529868848e-04,9.113337351398088674e-06,1.595564536156854109e-06,8.575323790193325091e-05,0.000000000000000000e+00
1.080000000000000071e+01,8.469445347368556262e-05,-1.231566841846234506e-04,9.121120609587478670e-06,1.517843339307721015e-06,8.581826880120224123e-05,0.000000000000000000e+00
1.080499999999999972e+01,8.407988533533727426e-05,-1.226705627568236065e-04,9.128516828472308523e-06,1.440748351339996888e-06,8.587972981486082977e-05,0.000000000000000000e+00
1.081000000000000050e+01,8.346774791549657635e-05,-1.221843996888108104e-04,9.135529132154080628e-06,1.364276795495515762e-06,8.593764999467135512e-05,0.000000000000000000e+00
1.081499999999999950e+01,8.285804137888257799e-05,-1.216982123481440999e-04,9.142160630856633241e-06,1.288425897480800726e-06,8.599205826232026058e-05,0.000000000000000000e+00
1.082000000000000028e+01,8.225076580375427948e-05,-1.212120179514362132e-04,9.148414420938657930e-06,1.213192885542553623e-06,8.604298340954340089e-05,0.000000000000000000e+00
1.082500000000000107e+01,8.164592118266349651e-05,-1.207258335650707349e-04,9.154293584906586333e-06,1.138574990542395754e-06,8.609045409825480475e-05,0.000000000000000000e+00
1.083000000000000007e+01,8.104350742320417936e-05,-1.202396761059182389e-04,9.159801191427849613e-06,1.064569446030864039e-06,8.613449886067905590e-05,0.000000000000000000e+00
1.083500000000000085e+01,8.044352434875822204e-05,-1.197535623420513460e-04,9.164940295344507220e-06,9.911734883206675106e-07,8.617514609948673709e-05,0.000000000000000000e+00
1.083999999999999986e+01,7.984597169923767998e-05,-1.192675088934588075e-04,9.169713937687238176e-06,9.183843565592032846e-07,8.621242408793328930e-05,0.000000000000000000e+00
1.084500000000000064e+01,7.925084913182338278e-05,-1.187815322327584895e-04,9.174125145689694902e-06,8.461992928003450401e-07,8.624636097000153005e-05,0.000000000000000000e+00
1.084999999999999964e+01,7.865815622170002326e-05,-1.182956486859092871e-04,9.178176932803212785e-06,7.746155420754967999e-07,8.627698476054704497e-05,0.000000000000000000e+00
1.085500000000000043e+01,7.806789246278764160e-05,-1.178098744329219552e-04,9.181872298711877208e-06,7.036303524639258889e-07,8.630432334544657440e-05,0.000000000000000000e+00
1.085999999999999943e+01,7.748005726846962638e-05,-1.173242255085687856e-04,9.185214229347931072e-06,6.332409751623725244e-07,8.632840448175077748e-05,0.000000000000000000e+00
1.086500000000000021e+01,7.689464997231713786e-05,-1.168387178030922286e-04,9.188205696907541470e-06,5.634446645539428179e-07,8.634925579783869027e-05,0.000000000000000000e+00
1.087000000000000099e+01,7.631166982880995334e-05,-1.163533670629123484e-04,9.190849659866898400e-06,4.942386782762861392e-07,8.636690479357641236e-05,0.000000000000000000e+00
1.087500000000000000e+01,7.573111601405385662e-05,-1.158681888913330721e-04,9.193149062998655664e-06,4.256202772890662138e-07,8.638137884047836831e-05,0.000000000000000000e+00
1.088000000000000078e+01,7.515298762649440896e-05,-1.153831987492473960e-04,9.195106837388712296e-06,3.575867259407237838e-07,8.639270518187174052e-05,0.000000000000000000e+00
1.088499999999999979e+01,7.457728368762727767e-05,-1.148984119558412489e-04,9.196725900453315842e-06,2.901352920345372894e-07,8.640091093306430370e-05,0.000000000000000000e+00
1.089000000000000057e+01,7.400400314270501399e-05,-1.144138436892963134e-04,9.198009155956506165e-06,2.232632468939877136e-07,8.640602308151456331e-05,0.000000000000000000e+00
1.089499999999999957e+01,7.343314486144030722e-05,-1.139295089874915311e-04,9.198959494027876023e-06,1.569678654274246238e-07,8.640806848700577001e-05,0.000000000000000000e+00
1.090000000000000036e+01,7.286470763870572884e-05,-1.134454227487034301e-04,9.199579791180655230e-06,9.124642619204595909e-08,8.640707388182179076e-05,0.000000000000000000e+00
1.090499999999999936e+01,7.229869019523004782e-05,-1.129615997323052043e-04,9.199872910330111596e-06,2.609621145719002556e-08,8.640306587092704579e-05,0.000000000000000000e+00
1.091000000000000014e+01,7.173509117829094089e-05,-1.124780545594645202e-04,9.199841700812273743e-06,-3.848549273305745269e-08,8.639607093214849191e-05,0.000000000000000000e+00
1.091500000000000092e+01,7.117390916240432831e-05,-1.119948017138400892e-04,9.199488998402953772e-06,-1.025013964979335521e-07,8.638611541636099394e-05,0.000000000000000000e+00
1.091999999999999993e+01,7.061514265001015886e-05,-1.115118555422769801e-04,9.198817625337088415e-06,-1.659542060587466164e-07,8.637322554767500017e-05,0.000000000000000000e+00
1.092500000000000071e+01,7.005879007215472536e-05,-1.110292302555005762e-04,9.197830390328380029e-06,-2.288466236782912985e-07,8.635742742362736187e-05,0.000000000000000000e+00
1.092999999999999972e+01,6.950484978916957849e-05,-1.105469399288092454e-04,9.196530088589237456e-06,-2.911813476009358426e-07,8.633874701537520228e-05,0.000000000000000000e+00
1.093500000000000050e+01,6.895332009134688992e-05,-1.100649985027657489e-04,9.194919501851016709e-06,-3.529610719933731084e-07,8.631721016789157435e-05,0.000000000000000000e+00
1.093999999999999950e+01,6.840419919961141372e-05,-1.095834197838872683e-04,9.193001398384558146e-06,-4.141884868860303894e-07,8.629284260016479137e-05,0.000000000000000000e+00
1.094500000000000028e+01,6.785748526618900535e-05,-1.091022174453340775e-04,9.190778533021009918e-06,-4.748662781151377853e-07,8.626566990539995304e-05,0.000000000000000000e+00
1.095000000000000107e+01,6.731317637527167133e-05,-1.086214050275969130e-04,9.188253647172944506e-06,-5.349971272654466992e-07,8.623571755122311428e-05,0.000000000000000000e+00
1.095500000000000007e+01,6.677127054367921718e-05,-1.081409959391829218e-04,9.185429468855756466e-06,-5.945837116136022967e-07,8.620301087988796126e-05,0.000000000000000000e+00
1.096000000000000085e+01,6.623176572151743939e-05,-1.076610034573002671e-04,9.182308712709346470e-06,-6.536287040721560047e-07,8.616757510848597047e-05,0.000000000000000000e+00
1.096499999999999986e+01,6.569465979283291583e-05,-1.071814407285413248e-04,9.178894080020078098e-06,-7.121347731342266255e-07,8.612943532915732668e-05,0.000000000000000000e+00
1.097000000000000064e+01,6.515995057626439439e-05,-1.067023207695644977e-04,9.175188258743009062e-06,-7.701045828187919608e-07,8.608861650930629968e-05,0.000000000000000000e+00
1.097499999999999964e+01,6.462763582569072576e-05,-1.062236564677745791e-04,9.171193923524401955e-06,-8.275407926166226992e-07,8.604514349181747492e-05,0.000000000000000000e+00
1.098000000000000043e+01,6.409771323087547581e-05,-1.057454605820017216e-04,9.166913735724499271e-06,-8.844460574368410951e-07,8.599904099527607684e-05,0.000000000000000000e+00
1.098499999999999943e+01,6.357018041810808212e-05,-1.052677457431789541e-04,9.162350343440559317e-06,-9.408230275541102651e-07,8.595033361418886163e-05,0.000000000000000000e+00
1.099000000000000021e+01,6.304503495084163591e-05,-1.047905244550182639e-04,9.157506381530163166e-06,-9.966743485564475348e-07,8.589904581920911617e-05,0.000000000000000000e+00
1.099500000000000099e+01,6.252227433032733002e-05,-1.043138090946852005e-04,9.152384471634775729e-06,-1.052002661293654532e-06,8.584520195736299888e-05,0.000000000000000000e+00
1.100000000000000000e+01,6.200189599624547816e-05,-1.038376119134720163e-04,9.146987222203566018e-06,-1.106810601826367414e-06,8.578882625227842828e-05,0.000000000000000000e+00
1.100500000000000078e+01,6.148389732733324084e-05,-1.033619450374693429e-04,9.141317228517476426e-06,-1.161100801375718439e-06,8.572994280441666864e-05,0.000000000000000000e+00
1.100999999999999979e+01,6.096827564200891575e-05,-1.028868204682363373e-04,9.135377072713546135e-06,-1.214875886273606031e-06,8.566857559130569089e-05,0.000000000000000000e+00
1.101500000000000057e+01,6.045502819899294171e-05,-1.024122500834693763e-04,9.129169323809481839e-06,-1.268138477913571521e-06,8.560474846777595950e-05,0.000000000000000000e+00
1.101999999999999957e+01,5.994415219792554824e-05,-1.019382456376692207e-04,9.122696537728467348e-06,-1.320891192702277294e-06,8.553848516619871304e-05,0.000000000000000000e+00
1.102500000000000036e+01,5.943564477998105103e-05,-1.014648187628065936e-04,9.115961257324222200e-06,-1.373136642011583779e-06,8.546980929672614202e-05,0.000000000000000000e+00
1.102999999999999936e+01,5.892950302847886759e-05,-1.009919809689863488e-04,9.108966012406292381e-06,-1.424877432131222331e-06,8.539874434753378946e-05,0.000000000000000000e+00
1.103500000000000014e+01,5.842572396949116513e-05,-1.005197436451099998e-04,9.101713319765576503e-06,-1.476116164222057225e-06,8.532531368506505196e-05,0.000000000000000000e+00
1.104000000000000092e+01,5.792430457244723553e-05,-1.000481180595367170e-04,9.094205683200089161e-06,-1.526855434269936333e-06,8.524954055427825584e-05,0.000000000000000000e+00
1.104499999999999993e+01,5.742524175073456346e-05,-9.957711536074279426e-05,9.086445593540946211e-06,-1.577097833040129438e-06,8.517144807889502080e-05,0.000000000000000000e+00
1.105000000000000071e+01,5.692853236229658093e-05,-9.910674657797951485e-05,9.078435528678583823e-06,-1.626845946032340827e-06,8.509105926165145596e-05,0.000000000000000000e+00
1.105499999999999972e+01,5.643417321022716241e-05,-9.863702262192946028e-05,9.070177953589196078e-06,-1.676102353436306346e-06,8.500839698455096871e-05,0.000000000000000000e+00
1.106000000000000050e+01,5.594216104336182001e-05,-9.816795428536120556e-05,9.061675320361394482e-06,-1.724869630087959654e-06,8.492348400911890315e-05,0.000000000000000000e+00
1.106499999999999950e+01,5.545249255686565947e-05,-9.769955224378242908e-05,9.052930068223086015e-06,-1.773150345426168957e-06,8.483634297666010589e-05,0.000000000000000000e+00
1.107000000000000028e+01,5.496516439281802946e-05,-9.723182705609142323e-05,9.043944623568564632e-06,-1.820947063450043160e-06,8.474699640851702034e-05,0.000000000000000000e+00
1.107500000000000107e+01,5.448017314079397241e-05,-9.676478916522695162e-05,9.034721399985816217e-06,-1.868262342676798542e-06,8.465546670633123695e-05,0.000000000000000000e+00
1.108000000000000007e+01,5.399751533844236853e-05,-9.629844889881656136e-05,9.025262798284031909e-06,-1.915098736100189767e-06,8.456177615230550421e-05,0.000000000000000000e+00
1.108500000000000085e+01,5.351718747206089501e-05,-9.583281646982314700e-05,9.015571206521328103e-06,-1.961458791149492313e-06,8.446594690946884320e-05,0.000000000000000000e+00
1.108999999999999986e+01,5.303918597716773939e-05,-9.536790197719001016e-05,9.005649000032671427e-06,-2.007345049649039497e-06,8.436800102194263790e-05,0.000000000000000000e+00
1.109500000000000064e+01,5.256350723907008061e-05,-9.490371540648413025e-05,8.995498541458001935e-06,-2.052760047778311131e-06,8.426796041520927337e-05,0.000000000000000000e+00
1.109999999999999964e+01,5.209014759342935140e-05,-9.444026663053789016e-05,8.985122180770554500e-06,-2.097706316032568720e-06,8.416584689638173620e-05,0.000000000000000000e+00
1.110500000000000043e+01,5.161910332682334286e-05,-9.397756541008906730e-05,8.974522255305383492e-06,-2.142186379184028748e-06,8.406168215447600673e-05,0.000000000000000000e+00
1.110999999999999943e+01,5.115037067730505651e-05,-9.351562139441919820e-05,8.963701089788065341e-06,-2.186202756243581867e-06,8.395548776068410184e-05,0.000000000000000000e+00
1.111500000000000021e+01,5.068394583495839853e-05,-9.305444412199020856e-05,8.952660996363606075e-06,-2.229757960423042335e-06,8.384728516864997725e-05,0.000000000000000000e+00
1.112000000000000099e+01,5.021982494245069597e-05,-9.259404302107940331e-05,8.941404274625528432e-06,-2.272854499097934891e-06,8.373709571474635151e-05,0.000000000000000000e+00
1.112500000000000000e+01,4.975800409558202812e-05,-9.213442741041274911e-05,8.929933211645145317e-06,-2.315494873770809338e-06,8.362494061835307484e-05,0.000000000000000000e+00
1.113000000000000078e+01,4.929847934383140012e-05,-9.167560649979642211e-05,8.918250082001012835e-06,-2.357681580035078586e-06,8.351084098213820857e-05,0.000000000000000000e+00
1.113499999999999979e+01,4.884124669089978595e-05,-9.121758939074670232e-05,8.906357147808567970e-06,-2.399417107539384402e-06,8.339481779233949761e-05,0.000000000000000000e+00
1.114000000000000057e+01,4.838630209524998657e-05,-9.076038507711809257e-05,8.894256658749939067e-06,-2.440703939952479000e-06,8.327689191904799767e-05,0.000000000000000000e+00
1.114499999999999957e+01,4.793364147064337776e-05,-9.030400244572975700e-05,8.881950852103934180e-06,-2.481544554928622047e-06,8.315708411649377614e-05,0.000000000000000000e+00
1.115000000000000036e+01,4.748326068667353412e-05,-8.984845027699018410e-05,8.869441952776195454e-06,-2.521941424073492675e-06,8.303541502333211435e-05,0.000000000000000000e+00
1.115499999999999936e+01,4.703515556929670883e-05,-8.939373724552016932e-05,8.856732173329531364e-06,-2.561897012910612668e-06,8.291190516293206795e-05,0.000000000000000000e+00
1.116000000000000014e+01,4.658932190135923026e-05,-8.893987192077399513e-05,8.843823714014403136e-06,-2.601413780848271097e-06,8.278657494366634193e-05,0.000000000000000000e+00
1.116500000000000092e+01,4.614575542312177470e-05,-8.848686276765888991e-05,8.830718762799590719e-06,-2.640494181146954209e-06,8.265944465920242604e-05,0.000000000000000000e+00
1.116999999999999993e+01,4.570445183278056949e-05,-8.803471814715272510e-05,8.817419495403004459e-06,-2.679140660887276759e-06,8.253053448879547839e-05,0.000000000000000000e+00
1.117500000000000071e+01,4.526540678698548573e-05,-8.758344631691996392e-05,8.803928075322667871e-06,-2.717355660938406317e-06,8.239986449758245600e-05,0.000000000000000000e+00
1.117999999999999972e+01,4.482861590135508182e-05,-8.713305543192580778e-05,8.790246653867854568e-06,-2.755141615926983509e-06,8.226745463687791223e-05,0.000000000000000000e+00
1.118500000000000050e+01,4.439407475098856366e-05,-8.668355354504859425e-05,8.776377370190372579e-06,-2.792500954206531849e-06,8.213332474447055320e-05,0.000000000000000000e+00
1.118999999999999950e+01,4.396177887097468210e-05,-8.623494860769037910e-05,8.762322351316009596e-06,-2.829436097827352917e-06,8.199749454492236914e-05,0.000000000000000000e+00
1.119500000000000028e+01,4.353172375689760132e-05,-8.578724847038578358e-05,8.748083712176120530e-06,-2.865949462506905614e-06,8.185998364986780647e-05,0.000000000000000000e+00
1.120000000000000107e+01,4.310390486533972469e-05,-8.534046088340898500e-05,8.733663555639365833e-06,-2.902043457600667384e-06,8.172081155831508110e-05,0.000000000000000000e+00
1.120500000000000007e+01,4.267831761438146455e-05,-8.489459349737898616e-05,8.719063972543593822e-06,-2.937720486073471042e-06,8.157999765694853530e-05,0.000000000000000000e+00
1.121000000000000085e+01,4.225495738409802362e-05,-8.444965386386300095e-05,8.704287041727863601e-06,-2.972982944471315518e-06,8.143756122043228213e-05,0.000000000000000000e+00
1.121499999999999986e+01,4.183381951705314748e-05,-8.400564943597807813e-05,8.689334830064610296e-06,-3.007833222893647972e-06,8.129352141171523210e-05,0.000000000000000000e+00
1.122000000000000064e+01,4.141489931878986156e-05,-8.356258756899088199e-05,8.674209392491944110e-06,-3.042273704966113901e-06,8.114789728233720416e-05,0.000000000000000000e+00
1.122499999999999964e+01,4.099819205831824691e-05,-8.312047552091571115e-05,8.658912772046086607e-06,-3.076306767813773108e-06,8.100070777273620209e-05,0.000000000000000000e+00
1.123000000000000043e+01,4.058369296860020058e-05,-8.267932045311059293e-05,8.643446999893942515e-06,-3.109934782034771375e-06,8.085197171255750705e-05,0.000000000000000000e+00
1.123499999999999943e+01,4.017139724703122790e-05,-8.223912943087164295e-05,8.627814095365795197e-06,-3.143160111674479705e-06,8.070170782096271580e-05,0.000000000000000000e+00
1.124000000000000021e+01,3.976130005591927368e-05,-8.179990942402555454e-05,8.612016065988137650e-06,-3.175985114200080786e-06,8.054993470694134044e-05,0.000000000000000000e+00
1.124500000000000099e+01,3.935339652296059878e-05,-8.136166730752021788e-05,8.596054907516625473e-06,-3.208412140475611596e-06,8.039667086962251651e-05,0.000000000000000000e+00
1.125000000000000000e+01,3.894768174171268883e-05,-8.092440986201355016e-05,8.579932603969150118e-06,-3.240443534737454921e-06,8.024193469858829681e-05,0.000000000000000000e+00
1.125500000000000078e+01,3.854415077206423552e-05,-8.048814377446042846e-05,8.563651127659040882e-06,-3.272081634570274732e-06,8.008574447418782599e-05,0.000000000000000000e+00
1.125999999999999979e+01,3.814279864070220413e-05,-8.005287563869782012e-05,8.547212439228383802e-06,-3.303328770883396242e-06,7.992811836785291126e-05,0.000000000000000000e+00
1.126500000000000057e+01,3.774362034157595336e-05,-7.961861195602800215e-05,8.530618487681455736e-06,-3.334187267887625584e-06,7.976907444241433827e-05,0.000000000000000000e+00
1.126999999999999957e+01,3.734661083635845496e-05,-7.918535913579996467e-05,8.513871210418271949e-06,-3.364659443072507819e-06,7.960863065241916296e-05,0.000000000000000000e+00
1.127500000000000036e+01,3.695176505490460628e-05,-7.875312349598890345e-05,8.496972533268248897e-06,-3.394747607184014820e-06,7.944680484444934497e-05,0.000000000000000000e+00
1.127999999999999936e+01,3.655907789570666974e-05,-7.832191126377389631e-05,8.479924370523978820e-06,-3.424454064202668528e-06,7.928361475744096388e-05,0.000000000000000000e+00
1.128500000000000014e+01,3.616854422634678497e-05,-7.789172857611366874e-05,8.462728624975109366e-06,-3.453781111322088997e-06,7.911907802300517016e-05,0.000000000000000000e+00
1.129000000000000092e+01,3.578015888394667546e-05,-7.746258148032048919e-05,8.445387187942333327e-06,-3.482731038927968916e-06,7.895321216574893285e-05,0.000000000000000000e+00
1.129499999999999993e+01,3.539391667561440772e-05,-7.703447593463219416e-05,8.427901939311474940e-06,-3.511306130577469110e-06,7.878603460359758968e-05,0.000000000000000000e+00
1.130000000000000071e+01,3.500981237888837197e-05,-7.660741780878231588e-05,8.410274747567686302e-06,-3.539508662979034170e-06,7.861756264811823746e-05,0.000000000000000000e+00
1.130499999999999972e+01,3.462784074217835600e-05,-7.618141288456832625e-05,8.392507469829742038e-06,-3.567340905972621007e-06,7.844781350484359686e-05,0.000000000000000000e+00
1.131000000000000050e+01,3.424799648520382027e-05,-7.575646685641802402e-05,8.374601951884428841e-06,-3.594805122510345425e-06,7.827680427359715108e-05,0.000000000000000000e+00
1.131499999999999950e+01,3.387027429942934744e-05,-7.533258533195395692e-05,8.356560028221029875e-06,-3.621903568637533985e-06,7.810455194881875884e-05,0.000000000000000000e+00
1.132000000000000028e+01,3.349466884849723223e-05,-7.490977383255601417e-05,8.338383522065909132e-06,-3.648638493474185428e-06,7.793107341989174465e-05,0.000000000000000000e+00
1.132500000000000107e+01,3.312117476865732016e-05,-7.448803779392205386e-05,8.320074245417180490e-06,-3.675012139196834847e-06,7.775638547147023299e-05,0.000000000000000000e+00
1.133000000000000007e+01,3.274978666919400026e-05,-7.406738256662671427e-05,8.301633999079471640e-06,-3.701026741020822748e-06,7.758050478380701105e-05,0.000000000000000000e+00
1.133500000000000085e+01,3.238049913285043977e-05,-7.364781341667821950e-05,8.283064572698772712e-06,-3.726684527182957555e-06,7.740344793308347854e-05,0.000000000000000000e+00
1.133999999999999986e+01,3.201330671625002039e-05,-7.322933552607335545e-05,8.264367744797371308e-06,-3.751987718924577493e-06,7.722523139173879795e-05,0.000000000000000000e+00
1.134500000000000064e+01,3.164820395031501643e-05,-7.281195399335049420e-05,8.245545282808870532e-06,-3.776938530475003800e-06,7.704587152880060328e-05,0.000000000000000000e+00
1.134999999999999964e+01,3.128518534068251510e-05,-7.239567383414070758e-05,8.226598943113293426e-06,-3.801539169035383996e-06,7.686538461021668461e-05,0.000000000000000000e+00
1.135500000000000043e+01,3.092424536811756535e-05,-7.198049998171695619e-05,8.207530471072258557e-06,-3.825791834762921401e-06,7.668378679918661845e-05,0.000000000000000000e+00
1.135999999999999943e+01,3.056537848892360932e-05,-7.156643728754139466e-05,8.188341601064240299e-06,-3.849698720755489204e-06,7.650109415649471265e-05,0.000000000000000000e+00
1.136500000000000021e+01,3.020857913535016272e-05,-7.115349052181072539e-05,8.169034056519905359e-06,-3.873262013036629085e-06,7.631732264084335792e-05,0.000000000000000000e+00
1.137000000000000099e+01,2.985384171599779482e-05,-7.074166437399961416e-05,8.149609549957517054e-06,-3.896483890540922536e-06,7.613248810918701631e-05,0.000000000000000000e+00
1.137500000000000000e+01,2.950116061622037764e-05,-7.033096345340223560e-05,8.130069783018417529e-06,-3.919366525099742071e-06,7.594660631706688734e-05,0.000000000000000000e+00
1.138000000000000078e+01,2.915053019852463813e-05,-6.992139228967179931e-05,8.110416446502581109e-06,-3.941912081427374282e-06,7.575969291894648207e-05,0.000000000000000000e+00
1.138499999999999979e+01,2.880194480296701686e-05,-6.951295533335824636e-05,8.090651220404230349e-06,-3.964122717107511363e-06,7.557176346854719727e-05,0.000000000000000000e+00
1.139000000000000057e+01,2.845539874754785003e-05,-6.910565695644394000e-05,8.070775773947524913e-06,-3.986000582580116168e-06,7.538283341918520413e-05,0.000000000000000000e+00
1.139499999999999957e+01,2.811088632860286472e-05,-6.869950145287747267e-05,8.050791765622308064e-06,-4.007547821128643869e-06,7.519291812410801171e-05,0.000000000000000000e+00
1.140000000000000036e+01,2.776840182119202460e-05,-6.829449303910548063e-05,8.030700843219924296e-06,-4.028766568867630387e-06,7.500203283683257540e-05,0.000000000000000000e+00
1.140499999999999936e+01,2.742793947948570920e-05,-6.789063585460258852e-05,8.010504643869092873e-06,-4.049658954730639110e-06,7.481019271148325628e-05,0.000000000000000000e+00
1.141000000000000014e+01,2.708949353714825380e-05,-6.748793396239933444e-05,7.990204794071842357e-06,-4.070227100458565063e-06,7.461741280313053943e-05,0.000000000000000000e+00
1.141500000000000092e+01,2.675305820771885679e-05,-6.708639134960822485e-05,7.969802909739502730e-06,-4.090473120588288901e-06,7.442370806813026725e-05,0.000000000000000000e+00
1.141999999999999993e+01,2.641862768498985439e-05,-6.668601192794783793e-05,7.949300596228750038e-06,-4.110399122441689200e-06,7.422909336446310315e-05,0.000000000000000000e+00
1.142500000000000071e+01,2.608619614338238656e-05,-6.628679953426493468e-05,7.928699448377713704e-06,-4.130007206114992708e-06,7.403358345207517431e-05,0.000000000000000000e+00
1.142999999999999972e+01,2.575575773831945738e-05,-6.588875793105465910e-05,7.908001050542126209e-06,-4.149299464468484592e-06,7.383719299321807750e-05,0.000000000000000000e+00
1.143500000000000050e+01,2.542730660659639683e-05,-6.549189080697881394e-05,7.887206976631530353e-06,-4.168277983116547328e-06,7.363993655279037567e-05,0.000000000000000000e+00
1.143999999999999950e+01,2.510083686674872375e-05,-6.509620177738214425e-05,7.866318790145530580e-06,-4.186944840418048575e-06,7.344182859867886409e-05,0.000000000000000000e+00
1.144500000000000028e+01,2.477634261941746440e-05,-6.470169438480668285e-05,7.845338044210095111e-06,-4.205302107467064465e-06,7.324288350210050066e-05,0.000000000000000000e+00
1.145000000000000107e+01,2.445381794771186551e-05,-6.430837209950418499e-05,7.824266281613902129e-06,-4.223351848083938327e-06,7.304311553794466140e-05,0.000000000000000000e+00
1.145500000000000007e+01,2.413325691756957982e-05,-6.391623831994655710e-05,7.803105034844733394e-06,-4.241096118806672290e-06,7.284253888511597874e-05,0.000000000000000000e+00
1.146000000000000085e+01,2.381465357811429352e-05,-6.352529637333440189e-05,7.781855826125900054e-06,-4.258536968882648381e-06,7.264116762687692231e-05,0.000000000000000000e+00
1.146499999999999986e+01,2.349800196201080589e-05,-6.313554951610351692e-05,7.760520167452722654e-06,-4.275676440260674891e-06,7.243901575119165363e-05,0.000000000000000000e+00
1.147000000000000064e+01,2.318329608581760502e-05,-6.274700093442953650e-05,7.739099560629036565e-06,-4.292516567583363919e-06,7.223609715106932522e-05,0.000000000000000000e+00
1.147499999999999964e+01,2.287052995033689914e-05,-6.235965374473056782e-05,7.717595497303748230e-06,-4.309059378179822329e-06,7.203242562490845026e-05,0.000000000000000000e+00
1.148000000000000043e+01,2.255969754096215420e-05,-6.197351099416788906e-05,7.696009459007416826e-06,-4.325306892058668810e-06,7.182801487684090645e-05,0.000000000000000000e+00
1.148499999999999943e+01,2.225079282802313785e-05,-6.158857566114466886e-05,7.674342917188871496e-06,-4.341261121901367723e-06,7.162287851707663093e-05,0.000000000000000000e+00
1.149000000000000021e+01,2.194380976712845957e-05,-6.120485065580278836e-05,7.652597333251865851e-06,-4.356924073055872971e-06,7.141703006224858633e-05,0.000000000000000000e+00
1.149500000000000099e+01,2.163874229950563742e-05,-6.082233882051765083e-05,7.630774158591759583e-06,-4.372297743530587806e-06,7.121048293575783523e-05,0.000000000000000000e+00
1.150000000000000000e+01,2.133558435233870847e-05,-6.044104293039106665e-05,7.608874834632233106e-06,-4.387384123988633798e-06,7.100325046811876365e-05,0.000000000000000000e+00
1.150500000000000078e+01,2.103432983910335567e-05,-6.006096569374216659e-05,7.586900792862025069e-06,-4.402185197742424751e-06,7.079534589730503646e-05,0.000000000000000000e+00
1.150999999999999979e+01,2.073497265989960884e-05,-5.968210975259637693e-05,7.564853454871699515e-06,-4.416702940748548077e-06,7.058678236909515964e-05,0.000000000000000000e+00
1.151500000000000057e+01,2.043750670178208251e-05,-5.930447768317243635e-05,7.542734232390436757e-06,-4.430939321602944332e-06,7.037757293741848995e-05,0.000000000000000000e+00
1.151999999999999957e+01,2.014192583908781152e-05,-5.892807199636744081e-05,7.520544527322848817e-06,-4.444896301536390840e-06,7.016773056470148836e-05,0.000000000000000000e+00
1.152500000000000036e+01,1.984822393376164045e-05,-5.855289513823995734e-05,7.498285731785815200e-06,-4.458575834410278382e-06,6.995726812221429887e-05,0.000000000000000000e+00
1.152999999999999936e+01,1.955639483567921081e-05,-5.817894949049116579e-05,7.475959228145340677e-06,-4.471979866712685200e-06,6.974619839041693427e-05,0.000000000000000000e+00
1.153500000000000014e+01,1.926643238296755624e-05,-5.780623737094405591e-05,7.453566389053430874e-06,-4.485110337554741534e-06,6.953453405930638343e-05,0.000000000000000000e+00
1.154000000000000092e+01,1.897833040232329216e-05,-5.743476103402065248e-05,7.431108577484983935e-06,-4.497969178667287227e-06,6.932228772876305458e-05,0.000000000000000000e+00
1.154499999999999993e+01,1.869208270932844041e-05,-5.706452267121732950e-05,7.408587146774702533e-06,-4.510558314397808855e-06,6.910947190889800461e-05,0.000000000000000000e+00
1.155000000000000071e+01,1.840768310876386880e-05,-5.669552441157811872e-05,7.386003440654014336e-06,-4.522879661707671622e-06,6.889609902039981598e-05,0.000000000000000000e+00
1.155499999999999972e+01,1.812512539492037235e-05,-5.632776832216610034e-05,7.363358793288012810e-06,-4.534935130169628239e-06,6.868218139488190736e-05,0.000000000000000000e+00
1.156000000000000050e+01,1.784440335190739990e-05,-5.596125640853282196e-05,7.340654529312401410e-06,-4.546726621965608165e-06,6.846773127522953251e-05,0.000000000000000000e+00
1.156499999999999950e+01,1.756551075395945300e-05,-5.559599061518578618e-05,7.317891963870457244e-06,-4.558256031884786374e-06,6.825276081594741618e-05,0.000000000000000000e+00
1.157000000000000028e+01,1.728844136574013353e-05,-5.523197282605396639e-05,7.295072402649996448e-06,-4.569525247321926558e-06,6.803728208350679364e-05,0.000000000000000000e+00
1.157500000000000107e+01,1.701318894264388049e-05,-5.486920486495139125e-05,7.272197141920349705e-06,-4.580536148275996226e-06,6.782130705669292461e-05,0.000000000000000000e+00
1.158000000000000007e+01,1.673974723109538260e-05,-5.450768849603875737e-05,7.249267468569344560e-06,-4.591290607349056248e-06,6.760484762695262071e-05,0.000000000000000000e+00
1.158500000000000085e+01,1.646810996884670735e-05,-5.414742542428311743e-05,7.226284660140292799e-06,-4.601790489745413818e-06,6.738791559874156962e-05,0.000000000000000000e+00
1.158999999999999986e+01,1.619827088527211244e-05,-5.378841729591560326e-05,7.203249984868980384e-06,-4.612037653271047321e-06,6.717052268987184897e-05,0.000000000000000000e+00
1.159500000000000064e+01,1.593022370166059069e-05,-5.343066569888723120e-05,7.180164701720659920e-06,-4.622033948333289542e-06,6.695268053185930474e-05,0.000000000000000000e+00
1.159999999999999964e+01,1.566396213150613462e-05,-5.307417216332270847e-05,7.157030060427043973e-06,-4.631781217940775998e-06,6.673440067027103803e-05,0.000000000000000000e+00
1.160500000000000043e+01,1.539947988079573787e-05,-5.271893816197234896e-05,7.133847301523298386e-06,-4.641281297703649916e-06,6.651569456507285124e-05,0.000000000000000000e+00
1.160999999999999943e+01,1.513677064829513667e-05,-5.236496511066201717e-05,7.110617656385033903e-06,-4.650536015834028108e-06,6.629657359097650441e-05,0.000000000000000000e+00
1.161500000000000021e+01,1.487582812583232190e-05,-5.201225436874114759e-05,7.087342347265293556e-06,-4.659547193146715860e-06,6.607704903778703945e-05,0.000000000000000000e+00
1.162000000000000099e+01,1.461664599857879301e-05,-5.166080723952880586e-05,7.064022587331538359e-06,-4.668316643060178483e-06,6.585713211075005006e-05,0.000000000000000000e+00
1.162500000000000000e+01,1.435921794532860799e-05,-5.131062497075781858e-05,7.040659580702624531e-06,-4.676846171597762732e-06,6.563683393089877549e-05,0.000000000000000000e+00
1.163000000000000078e+01,1.410353763877520211e-05,-5.096170875501697200e-05,7.017254522485777331e-06,-4.685137577389165564e-06,6.541616553540137056e-05,0.000000000000000000e+00
1.163499999999999979e+01,1.384959874578601135e-05,-5.061405973019126583e-05,6.993808598813553883e-06,-4.693192651672147684e-06,6.519513787790752501e-05,0.000000000000000000e+00
1.164000000000000057e+01,1.359739492767489166e-05,-5.026767897990022909e-05,6.970322986880797528e-06,-4.701013178294490188e-06,6.497376182889565220e-05,0.000000000000000000e+00
1.164499999999999957e+01,1.334691984047235473e-05,-4.992256753393432503e-05,6.946798854981583707e-06,-4.708600933716196856e-06,6.475204817601946787e-05,0.000000000000000000e+00
1.165000000000000036e+01,1.309816713519362846e-05,-4.957872636868939091e-05,6.923237362546153140e-06,-4.715957687011931060e-06,6.453000762445454180e-05,0.000000000000000000e+00
1.165499999999999936e+01,1.285113045810454401e-05,-4.923615640759918053e-05,6.899639660177829755e-06,-4.723085199873689846e-06,6.430765079724497148e-05,0.000000000000000000e+00
1.166000000000000014e+01,1.260580345098527475e-05,-4.889485852156594828e-05,6.876006889689928457e-06,-4.729985226613716887e-06,6.408498823564937811e-05,0.000000000000000000e+00
1.166500000000000092e+01,1.236217975139191697e-05,-4.855483352938914948e-05,6.852340184142645106e-06,-4.736659514167644121e-06,6.386203039948722788e-05,0.000000000000000000e+00
1.166999999999999993e+01,1.212025299291593608e-05,-4.821608219819215524e-05,6.828640667879933789e-06,-4.743109802097863794e-06,6.363878766748490930e-05,0.000000000000000000e+00
1.167500000000000071e+01,1.188001680544148675e-05,-4.787860524384710388e-05,6.804909456566361226e-06,-4.749337822597132582e-06,6.341527033762121423e-05,0.000000000000000000e+00
1.167999999999999972e+01,1.164146481540060868e-05,-4.754240333139780076e-05,6.781147657223946770e-06,-4.755345300492399336e-06,6.319148862747311706e-05,0.000000000000000000e+00
1.168500000000000050e+01,1.140459064602631667e-05,-4.720747707548070716e-05,6.757356368268980395e-06,-4.761133953248855591e-06,6.296745267456097114e-05,0.000000000000000000e+00
1.168999999999999950e+01,1.116938791760358663e-05,-4.687382704074399804e-05,6.733536679548822034e-06,-4.766705490974212235e-06,6.274317253669397620e-05,0.000000000000000000e+00
1.169500000000000028e+01,1.093585024771825792e-05,-4.654145374226474944e-05,6.709689672378678062e-06,-4.772061616423192175e-06,6.251865819231461590e-05,0.000000000000000000e+00
1.170000000000000107e+01,1.070397125150384350e-05,-4.621035764596414727e-05,6.685816419578353206e-06,-4.777204025002244073e-06,6.229391954084377288e-05,0.000000000000000000e+00
1.170500000000000007e+01,1.047374454188628010e-05,-4.588053916902083939e-05,6.661917985508980434e-06,-4.782134404774467841e-06,6.206896640302496295e-05,0.000000000000000000e+00
1.171000000000000085e+01,1.024516372982660993e-05,-4.555199868028237677e-05,6.637995426109726282e-06,-4.786854436464759524e-06,6.184380852126848801e-05,0.000000000000000000e+00
1.171499999999999986e+01,1.001822242456161089e-05,-4.522473650067470311e-05,6.614049788934464841e-06,-4.791365793465162002e-06,6.161845555999535850e-05,0.000000000000000000e+00
1.172000000000000064e+01,9.792914233842387120e-06,-4.489875290360979452e-05,6.590082113188432255e-06,-4.795670141840430845e-06,6.139291710598098546e-05,0.000000000000000000e+00
1.172499999999999964e+01,9.569232764170921567e-06,-4.457404811539137474e-05,6.566093429764847352e-06,-4.799769140333803458e-06,6.116720266869850678e-05,0.000000000000000000e+00
1.173000000000000043e+01,9.347171621034605873e-06,-4.425062231561872629e-05,6.542084761281502612e-06,-4.803664440372975740e-06,6.094132168066161183e-05,0.000000000000000000e+00
1.173499999999999943e+01,9.126724409138761078e-06,-4.392847563758861768e-05,6.518057122117328890e-06,-4.807357686076282039e-06,6.071528349776763054e-05,0.000000000000000000e+00
1.174000000000000021e+01,8.907884732637144081e-06,-4.360760816869532666e-05,6.494011518448926253e-06,-4.810850514259076701e-06,6.048909739963974146e-05,0.000000000000000000e+00
1.174500000000000099e+01,8.690646195360470359e-06,-4.328801995082879987e-05,6.469948948287060933e-06,-4.814144554440318050e-06,6.026277258996899687e-05,0.000000000000000000e+00
1.175000000000000000e+01,8.475002401042937676e-06,-4.296971098077086778e-05,6.445870401513131792e-06,-4.817241428849342966e-06,6.003631819685626661e-05,0.000000000000000000e+00
1.175500000000000078e+01,8.260946953546784686e-06,-4.265268121058964350e-05,6.421776859915599513e-06,-4.820142752432845581e-06,5.980974327315353816e-05,0.000000000000000000e+00
1.175999999999999979e+01,8.048473457084874249e-06,-4.233693054803197694e-05,6.397669297226383608e-06,-4.822850132862044032e-06,5.958305679680495239e-05,0.000000000000000000e+00
1.176500000000000057e+01,7.837575516441325183e-06,-4.202245885691407925e-05,6.373548679157222152e-06,-4.825365170540040326e-06,5.935626767118766322e-05,0.000000000000000000e+00
1.176999999999999957e+01,7.628246737190189920e-06,-4.170926595751022961e-05,6.349415963435990015e-06,-4.827689458609370794e-06,5.912938472545193149e-05,0.000000000000000000e+00
1.177500000000000036e+01,7.420480725912200063e-06,-4.139735162693963897e-05,6.325272099842986602e-06,-4.829824582959745429e-06,5.890241671486133406e-05,0.000000000000000000e+00
1.177999999999999936e+01,7.214271090409575645e-06,-4.108671559955140949e-05,6.301118030247177005e-06,-4.831772122235971033e-06,5.867537232113206484e-05,0.000000000000000000e+00
1.178500000000000014e+01,7.009611439918917534e-06,-4.077735756730765780e-05,6.276954688642399270e-06,-4.833533647846059017e-06,5.844826015277239855e-05,0.000000000000000000e+00
1.179000000000000092e+01,6.806495385322189797e-06,-4.046927718016475427e-05,6.252783001183524238e-06,-4.835110723969517006e-06,5.822108874542116506e-05,0.000000000000000000e+00
1.179499999999999993e+01,6.604916539355797068e-06,-4.016247404645269898e-05,6.228603886222580648e-06,-4.836504907565820017e-06,5.799386656218634569e-05,0.000000000000000000e+00
1.180000000000000071e+01,6.404868516817773049e-06,-3.985694773325265444e-05,6.204418254344830275e-06,-4.837717748383056966e-06,5.776660199398282259e-05,0.000000000000000000e+00
1.180499999999999972e+01,6.206344934773086049e-06,-3.955269776677258097e-05,6.180227008404805793e-06,-4.838750788966761842e-06,5.753930335986999923e-05,0.000000000000000000e+00
1.181000000000000050e+01,6.009339412757067494e-06,-3.924972363272107641e-05,6.156031043562299506e-06,-4.839605564668909190e-06,5.731197890738883147e-05,0.000000000000000000e+00
1.181499999999999950e+01,5.813845572976978669e-06,-3.894802477667931844e-05,6.131831247318308894e-06,-4.840283603657090020e-06,5.708463681289848584e-05,0.000000000000000000e+00
1.182000000000000028e+01,5.619857040511722449e-06,-3.864760060447117054e-05,6.107628499550934706e-06,-4.840786426923858819e-06,5.685728518191244228e-05,0.000000000000000000e+00
1.182500000000000107e+01,5.427367443509707657e-06,-3.834845048253147194e-05,6.083423672551232486e-06,-4.841115548296243187e-06,5.662993204943420371e-05,0.000000000000000000e+00
1.183000000000000007e+01,5.236370413384878741e-06,-3.805057373827243014e-05,6.059217631059017496e-06,-4.841272474445428813e-06,5.640258538029265336e-05,0.000000000000000000e+00
1.183500000000000085e+01,5.046859585010915025e-06,-3.775396966044823816e-05,6.035011232298616287e-06,-4.841258704896606231e-06,5.617525306947673445e-05,0.000000000000000000e+00
1.183999999999999986e+01,4.858828596913613061e-06,-3.745863749951781468e-05,6.010805326014575062e-06,-4.841075732038978516e-06,5.594794294246964190e-05,0.000000000000000000e+00
1.184500000000000064e+01,4.672271091461462268e-06,-3.716457646800572136e-05,5.986600754507312994e-06,-4.840725041135940080e-06,5.572066275558285151e-05,0.000000000000000000e+00
1.184999999999999964e+01,4.487180715054415543e-06,-3.687178574086127101e-05,5.962398352668723861e-06,-4.840208110335405388e-06,5.549342019628917329e-05,0.000000000000000000e+00
1.185500000000000043e+01,4.303551118310873478e-06,-3.658026445581577887e-05,5.938198948017730257e-06,-4.839526410680302855e-06,5.526622288355577774e-05,0.000000000000000000e+00
1.185999999999999943e+01,4.121375956252883028e-06,-3.629001171373803195e-05,5.914003360735779355e-06,-4.838681406119222891e-06,5.503907836817615142e-05,0.000000000000000000e+00
1.186500000000000021e+01,3.940648888489567582e-06,-3.600102657898790150e-05,5.889812403702289541e-06,-4.837674553517223503e-06,5.481199413310226261e-05,0.000000000000000000e+00
1.187000000000000099e+01,3.761363579398789271e-06,-3.571330807976818021e-05,5.865626882530039450e-06,-4.836507302666785820e-06,5.458497759377545309e-05,0.000000000000000000e+00
1.187500000000000000e+01,3.583513698307060037e-06,-3.542685520847457619e-05,5.841447595600503641e-06,-4.835181096298923778e-06,5.435803609845721459e-05,0.000000000000000000e+00
1.188000000000000078e+01,3.407092919667704424e-06,-3.514166692204391806e-05,5.817275334099132366e-06,-4.833697370094440336e-06,5.413117692855954526e-05,0.000000000000000000e+00
1.188499999999999979e+01,3.232094923237288918e-06,-3.485774214230055078e-05,5.793110882050572891e-06,-4.832057552695338709e-06,5.390440729897417441e-05,0.000000000000000000e+00
1.189000000000000057e+01,3.058513394250320800e-06,-3.457507975630092899e-05,5.768955016353836615e-06,-4.830263065716371660e-06,5.367773435840213962e-05,0.000000000000000000e+00
1.189499999999999957e+01,2.886342023592230061e-06,-3.429367861667643493e-05,5.744808506817403499e-06,-4.828315323756741565e-06,5.345116518968169697e-05,0.000000000000000000e+00
1.190000000000000036e+01,2.715574507970642001e-06,-3.401353754197437358e-05,5.720672116194272293e-06,-4.826215734411941938e-06,5.322470681011668515e-05,0.000000000000000000e+00
1.190499999999999936e+01,2.546204550084948151e-06,-3.373465531699719244e-05,5.696546600216948921e-06,-4.823965698285737858e-06,5.299836617180369029e-05,0.000000000000000000e+00
1.191000000000000014e+01,2.378225858794186924e-06,-3.345703069313993945e-05,5.672432707632374739e-06,-4.821566609002292100e-06,5.277215016195885836e-05,0.000000000000000000e+00
1.191500000000000092e+01,2.211632149283239955e-06,-3.318066238872589808e-05,5.648331180236792944e-06,-4.819019853218422545e-06,5.254606560324405029e-05,0.000000000000000000e+00
1.191999999999999993e+01,2.046417143227356391e-06,-3.290554908934047418e-05,5.624242752910555706e-06,-4.816326810636000199e-06,5.232011925409244142e-05,0.000000000000000000e+00
1.192500000000000071e+01,1.882574568955010222e-06,-3.263168944816330065e-05,5.600168153652867759e-06,-4.813488854014482745e-06,5.209431780903360601e-05,0.000000000000000000e+00
1.192999999999999972e+01,1.720098161609103778e-06,-3.235908208629857354e-05,5.576108103616464783e-06,-4.810507349183578529e-06,5.186866789901772753e-05,0.000000000000000000e+00
1.193500000000000050e+01,1.558981663306521634e-06,-3.208772559310362626e-05,5.552063317142233331e-06,-4.807383655056043533e-06,5.164317609173952440e-05,0.000000000000000000e+00
1.193999999999999950e+01,1.399218823296047833e-06,-3.181761852651574202e-05,5.528034501793759609e-06,-4.804119123640608797e-06,5.141784889196133546e-05,0.000000000000000000e+00
1.194500000000000028e+01,1.240803398114652353e-06,-3.154875941337719760e-05,5.504022358391820658e-06,-4.800715100055037425e-06,5.119269274183566336e-05,0.000000000000000000e+00
1.195000000000000107e+01,1.083729151742157637e-06,-3.128114674975857252e-05,5.480027581048804387e-06,-4.797172922539304422e-06,5.096771402122708770e-05,0.000000000000000000e+00
1.195500000000000007e+01,9.279898557542923590e-07,-3.101477900128029621e-05,5.456050857203066072e-06,-4.793493922468905274e-06,5.074291904803360226e-05,0.000000000000000000e+00
1.196000000000000085e+01,7.735792894741413408e-07,-3.074965460343244026e-05,5.432092867653215407e-06,-4.789679424368289893e-06,5.051831407850705094e-05,0.000000000000000000e+00
1.196499999999999986e+01,6.204912401220023023e-07,-3.048577196189280303e-05,5.408154286592340020e-06,-4.785730745924413446e-06,5.029390530757331976e-05,0.000000000000000000e+00
1.197000000000000064e+01,4.687195029636551147e-07,-3.022312945284321543e-05,5.384235781642157845e-06,-4.781649198000413400e-06,5.006969886915157341e-05,0.000000000000000000e+00
1.197499999999999964e+01,3.182578814570547252e-07,-2.996172542328414589e-05,5.360338013887102569e-06,-4.777436084649400062e-06,4.984570083647292939e-05,0.000000000000000000e+00
1.198000000000000043e+01,1.691001873974549793e-07,-2.970155819134755710e-05,5.336461637908337940e-06,-4.773092703128370793e-06,4.962191722239844773e-05,0.000000000000000000e+00
1.198499999999999943e+01,2.124024106097257913e-08,-2.944262604660805171e-05,5.312607301817703459e-06,-4.768620343912236022e-06,4.939835397973657858e-05,0.000000000000000000e+00
1.199000000000000021e+01,-1.253281286534003520e-07,-2.918492725039228324e-05,5.288775647291590609e-06,-4.764020290707962160e-06,4.917501700155972220e-05,0.000000000000000000e+00
1.199500000000000099e+01,-2.706110840833264698e-07,-2.892846003608665948e-05,5.264967309604745407e-06,-4.759293820468824619e-06,4.895191212152021282e-05,0.000000000000000000e+00
1.200000000000000000e+01,-4.146147786641877030e-07,-2.867322260944334163e-05,5.241182917664002334e-06,-4.754442203408776882e-06,4.872904511416572670e-05,0.000000000000000000e+00
