time_s,x_m,v_m_s,theta_rad,omega_rad_s,controller_force_N,disturbance_N
0.000000000000000000e+00,0.000000000000000000e+00,0.000000000000000000e+00,1.745329251994329478e-01,0.000000000000000000e+00,3.411049073024756240e+00,0.000000000000000000e+00
5.000000000000000104e-03,4.741273344930647661e-05,1.890863462790668900e-02,1.744821253522745585e-01,-2.020960503620207113e-02,3.357838871603390007e+00,0.000000000000000000e+00
1.000000000000000021e-02,1.885239010178238928e-04,3.747980201483903928e-02,1.743319195955599921e-01,-3.976491211071982168e-02,3.304794930546841591e+00,0.000000000000000000e+00
1.499999999999999944e-02,4.216525826480699356e-04,5.571606681209177042e-02,1.740855415234879022e-01,-5.868101459107884221e-02,3.251925189765921154e+00,0.000000000000000000e+00
2.000000000000000042e-02,7.451306559455697686e-04,7.361998373376511806e-02,1.737461502257197921e-01,-7.697262307078567289e-02,3.199237589584343233e+00,0.000000000000000000e+00
2.500000000000000139e-02,1.157302750943746666e-03,9.119409932643568473e-02,1.733168321692760971e-01,-9.465407811461681864e-02,3.146740061142700107e+00,0.000000000000000000e+00
2.999999999999999889e-02,1.656526213549759435e-03,1.084409536704718097e-01,1.728006030173919183e-01,-1.117393627254255895e-01,3.094440516549034292e+00,0.000000000000000000e+00
3.500000000000000333e-02,2.241171077309945473e-03,1.253630820054247863e-01,1.722004093867808006e-01,-1.282421145108700034e-01,3.042346838876587967e+00,0.000000000000000000e+00
4.000000000000000083e-02,2.909620043099396362e-03,1.419630162733844236e-01,1.715191305448525994e-01,-1.441756375325023432e-01,2.990466872097752304e+00,0.000000000000000000e+00
4.499999999999999833e-02,3.660268466312939593e-03,1.582432865754827833e-01,1.707595800485095794e-01,-1.595529138232482658e-01,2.938808411032701073e+00,0.000000000000000000e+00
5.000000000000000278e-02,4.491524351113647916e-03,1.742064225378784914e-01,1.699245073262073691e-01,-1.743866145624873021e-01,2.887379191381791443e+00,0.000000000000000000e+00
5.500000000000000028e-02,5.401808351279258416e-03,1.898549545845724662e-01,1.690165992050135790e-01,-1.886891109007681200e-01,2.836186879902261815e+00,0.000000000000000000e+00
5.999999999999999778e-02,6.389553777175928720e-03,2.051914151153055033e-01,1.680384813844307268e-01,-2.024724844286897030e-01,2.785239064782053742e+00,0.000000000000000000e+00
6.500000000000000222e-02,7.453206608382046544e-03,2.202183395875821903e-01,1.669927198587713713e-01,-2.157485372866861373e-01,2.734543246256621707e+00,0.000000000000000000e+00
7.000000000000000666e-02,8.591225511481805771e-03,2.349382675025641354e-01,1.658818222898854056e-01,-2.285288019143997262e-01,2.684106827508321746e+00,0.000000000000000000e+00
7.499999999999999722e-02,9.802081862548543689e-03,2.493537432951888344e-01,1.647082393320408178e-01,-2.408245504400393089e-01,2.633937105882230956e+00,0.000000000000000000e+00
8.000000000000000167e-02,1.108425977384099731e-02,2.634673171294059646e-01,1.634743659107541491e-01,-2.526468037116253451e-01,2.584041264447167752e+00,0.000000000000000000e+00
8.500000000000000611e-02,1.243625612424127669e-02,2.772815455998904888e-01,1.621825424573535013e-01,-2.640063399733393323e-01,2.534426363925955883e+00,0.000000000000000000e+00
8.999999999999999667e-02,1.385658059297118806e-02,2.907989923419953548e-01,1.608350561010382096e-01,-2.749137031913432283e-01,2.485099335014806066e+00,0.000000000000000000e+00
9.500000000000000111e-02,1.534375569613326620e-02,3.040222285520566836e-01,1.594341418201746241e-01,-2.853792110344327004e-01,2.436066971107829993e+00,0.000000000000000000e+00
1.000000000000000056e-01,1.689631682563416670e-02,3.169538334204611840e-01,1.579819835545389073e-01,-2.954129625157492223e-01,2.387335921439278419e+00,0.000000000000000000e+00
1.049999999999999961e-01,1.851281229006080525e-02,3.295963944801397760e-01,1.564807152801841739e-01,-3.050248453025178330e-01,2.338912684652927787e+00,0.000000000000000000e+00
1.100000000000000006e-01,2.019180335709349836e-02,3.419525078733623435e-01,1.549324220485731041e-01,-3.142245427014078718e-01,2.290803602805218997e+00,0.000000000000000000e+00
1.150000000000000050e-01,2.193186429705512933e-02,3.540247785398858982e-01,1.533391409915779435e-01,-3.230215403276485708e-01,2.243014855806189090e+00,0.000000000000000000e+00
1.199999999999999956e-01,2.373158242721108355e-02,3.658158203296492661e-01,1.517028622939077531e-01,-3.314251324664757581e-01,2.195552456299909583e+00,0.000000000000000000e+00
1.250000000000000000e-01,2.558955815645089921e-02,3.773282560433219301e-01,1.500255301344789738e-01,-3.394444281358527937e-01,2.148422244984045548e+00,0.000000000000000000e+00
1.300000000000000044e-01,2.750440502999933548e-02,3.885647174040997021e-01,1.483090435981999911e-01,-3.470883568597030178e-01,2.101629886366262134e+00,0.000000000000000000e+00
1.350000000000000089e-01,2.947474977382173039e-02,3.995278449642032381e-01,1.465552575595937268e-01,-3.543656741611210248e-01,2.055180864953515041e+00,0.000000000000000000e+00
1.400000000000000133e-01,3.149923233840590253e-02,4.102202879495752130e-01,1.447659835396339356e-01,-3.612849667852029989e-01,2.009080481868713797e+00,0.000000000000000000e+00
1.449999999999999900e-01,3.357650594162032986e-02,4.206447040462939491e-01,1.429429905371232268e-01,-3.678546576612560792e-01,1.963333851887889114e+00,0.000000000000000000e+00
1.499999999999999944e-01,3.570523711036605041e-02,4.308037591322246840e-01,1.410880058358909839e-01,-3.740830106142197242e-01,1.917945900889771682e+00,0.000000000000000000e+00
1.549999999999999989e-01,3.788410572075723987e-02,4.407001269574185032e-01,1.392027157890405320e-01,-3.799781348351626287e-01,1.872921363708612175e+00,0.000000000000000000e+00
1.600000000000000033e-01,4.011180503658287599e-02,4.503364887767424829e-01,1.372887665814258307e-01,-3.855479891207115872e-01,1.828264782380098596e+00,0.000000000000000000e+00
1.650000000000000078e-01,4.238704174581935796e-02,4.597155329381875100e-01,1.353477649714879549e-01,-3.908003858912258432e-01,1.783980504769401065e+00,0.000000000000000000e+00
1.700000000000000122e-01,4.470853599498093855e-02,4.688399544302501720e-01,1.333812790135337212e-01,-3.957429949974586303e-01,1.740072683569636292e+00,0.000000000000000000e+00
1.750000000000000167e-01,4.707502142111170268e-02,4.777124543917262711e-01,1.313908387614896034e-01,-4.003833473253456954e-01,1.696545275658406959e+00,0.000000000000000000e+00
1.799999999999999933e-01,4.948524518123938870e-02,4.863357395871860667e-01,1.293779369551165681e-01,-4.047288382084356928e-01,1.653402041799556743e+00,0.000000000000000000e+00
1.849999999999999978e-01,5.193796797912746122e-02,4.947125218513254152e-01,1.273440296896240775e-01,-4.087867306573295112e-01,1.610646546676796742e+00,0.000000000000000000e+00
1.900000000000000022e-01,5.443196408917760215e-02,5.028455175053048176e-01,1.252905370695751308e-01,-4.125641584153270092e-01,1.568282159245538043e+00,0.000000000000000000e+00
1.950000000000000067e-01,5.696602137735023996e-02,5.107374467481010649e-01,1.232188438479288883e-01,-4.160681288492955043e-01,1.526312053388941603e+00,0.000000000000000000e+00
2.000000000000000111e-01,5.953894131898542635e-02,5.183910330258018062e-01,1.211303000510223077e-01,-4.193055256845720224e-01,1.484739208863989690e+00,0.000000000000000000e+00
2.050000000000000155e-01,6.214953901342103876e-02,5.258090023816778258e-01,1.190262215902493370e-01,-4.222831115924979284e-01,1.443566412523245690e+00,0.000000000000000000e+00
2.099999999999999922e-01,6.479664319531895644e-02,5.329940827897661215e-01,1.169078908611533296e-01,-4.250075306389572982e-01,1.402796259797854272e+00,0.000000000000000000e+00
2.149999999999999967e-01,6.747909624262342365e-02,5.399490034745921818e-01,1.147765573306072928e-01,-4.274853106020542470e-01,1.362431156427325041e+00,0.000000000000000000e+00
2.200000000000000011e-01,7.019575418108869869e-02,5.466764942195564414e-01,1.126334381127163664e-01,-4.297228651668188459e-01,1.322473320421657217e+00,0.000000000000000000e+00
2.250000000000000056e-01,7.294548668532531421e-02,5.531792846663996510e-01,1.104797185340382765e-01,-4.317264960045780753e-01,1.282924784241424199e+00,0.000000000000000000e+00
2.300000000000000100e-01,7.572717707632620199e-02,5.594601036080542045e-01,1.083165526886798041e-01,-4.335023947443710224e-01,1.243787397181572496e+00,0.000000000000000000e+00
2.350000000000000144e-01,7.853972231544512073e-02,5.655216782770788875e-01,1.061450639837912269e-01,-4.350566448435227995e-01,1.205062827944834547e+00,0.000000000000000000e+00
2.399999999999999911e-01,8.138203299481060193e-02,5.713667336317632683e-01,1.039663456759456622e-01,-4.363952233642260925e-01,1.166752567390862971e+00,0.000000000000000000e+00
2.449999999999999956e-01,8.425303332416876623e-02,5.769979916418797039e-01,1.017814613988567152e-01,-4.375240026627090772e-01,1.128857931447406759e+00,0.000000000000000000e+00
2.500000000000000000e-01,8.715166111415786898e-02,5.824181705759502448e-01,9.959144568285560606e-02,-4.384487519972992686e-01,1.091380064170150321e+00,0.000000000000000000e+00
2.550000000000000044e-01,9.007686775602670448e-02,5.876299842917873661e-01,9.739730446651813367e-02,-4.391751390614201389e-01,1.054319940938090339e+00,0.000000000000000000e+00
2.600000000000000089e-01,9.302761819781731056e-02,5.926361415319603143e-01,9.520001560080224023e-02,-4.397087314472885589e-01,1.017678371771672419e+00,0.000000000000000000e+00
2.650000000000000133e-01,9.600289091704064526e-02,5.974393452257327208e-01,9.300052934602882904e-02,-4.400549980458108301e-01,9.814560047612437277e-01,0.000000000000000000e+00
2.700000000000000178e-01,9.900167788988106787e-02,6.020422917989118883e-01,9.079976886201163166e-02,-4.402193103879080693e-01,9.456533295937381567e-01,0.000000000000000000e+00
2.750000000000000222e-01,1.020229845569726873e-01,6.064476704929492312e-01,8.859863069161649785e-02,-4.402069439322378042e-01,9.102706811658880515e-01,0.000000000000000000e+00
2.800000000000000266e-01,1.050658297857969409e-01,6.106581626945295493e-01,8.639798523800625019e-02,-4.400230793040170729e-01,8.753082432726722040e-01,0.000000000000000000e+00
2.850000000000000311e-01,1.081292458297567621e-01,6.146764412767905528e-01,8.419867723580426455e-02,-4.396728034893959691e-01,8.407660523600863911e-01,0.000000000000000000e+00
2.899999999999999800e-01,1.112122782839880808e-01,6.185051699532166936e-01,8.200152621638863437e-02,-4.391611109895777743e-01,8.066440013317734969e-01,0.000000000000000000e+00
2.949999999999999845e-01,1.143139860379744771e-01,6.221470026451607627e-01,7.980732696750797439e-02,-4.384929049386345756e-01,7.729418433994479365e-01,0.000000000000000000e+00
2.999999999999999889e-01,1.174334412250353926e-01,6.256045828638545636e-01,7.761684998739121211e-02,-4.376729981887261811e-01,7.396591959675138384e-01,0.000000000000000000e+00
3.049999999999999933e-01,1.205697291687621714e-01,6.288805431076853747e-01,7.543084193350546585e-02,-4.367061143661937206e-01,7.067955445426816752e-01,0.000000000000000000e+00
3.099999999999999978e-01,1.237219483264801467e-01,6.319775042754294248e-01,7.325002606609945510e-02,-4.355968889017700074e-01,6.743502466598532141e-01,0.000000000000000000e+00
3.150000000000000022e-01,1.268892102298180558e-01,6.348980750960524500e-01,7.107510268665427622e-02,-4.343498700379259669e-01,6.423225358159738718e-01,0.000000000000000000e+00
3.200000000000000067e-01,1.300706394224690476e-01,6.376448515756122370e-01,6.890674957134865219e-02,-4.329695198161572223e-01,6.107115254039847674e-01,0.000000000000000000e+00
3.250000000000000111e-01,1.332653733952298691e-01,6.402204164617200099e-01,6.674562239963253985e-02,-4.314602150468045405e-01,5.795162126394652891e-01,0.000000000000000000e+00
3.300000000000000155e-01,1.364725625184071423e-01,6.426273387259496817e-01,6.459235517799016835e-02,-4.298262482638022242e-01,5.487354824729600011e-01,0.000000000000000000e+00
3.350000000000000200e-01,1.396913699716811341e-01,6.448681730645146049e-01,6.244756065896250180e-02,-4.280718286665532446e-01,5.183681114814475688e-01,0.000000000000000000e+00
3.400000000000000244e-01,1.429209716715192369e-01,6.469454594174660622e-01,6.031183075548818967e-02,-4.262010830509443959e-01,4.884127717327895191e-01,0.000000000000000000e+00
3.450000000000000289e-01,1.461605561962321387e-01,6.488617225066085625e-01,5.818573695061278472e-02,-4.242180567313353912e-01,4.588680346174522917e-01,0.000000000000000000e+00
3.500000000000000333e-01,1.494093247087665832e-01,6.506194713922677231e-01,5.606983070260707774e-02,-4.221267144551859585e-01,4.297323746421732871e-01,0.000000000000000000e+00
3.549999999999999822e-01,1.526664908773293083e-01,6.522211990489908962e-01,5.396464384552750876e-02,-4.199309413118206269e-01,4.010041731806448517e-01,0.000000000000000000e+00
3.599999999999999867e-01,1.559312807939370327e-01,6.536693819602117372e-01,5.187068898524462707e-02,-4.176345436366765695e-01,3.726817221766862698e-01,0.000000000000000000e+00
3.649999999999999911e-01,1.592029328909868868e-01,6.549664797318586196e-01,4.978845989095902896e-02,-4.152412499122317691e-01,3.447632277957417557e-01,0.000000000000000000e+00
3.699999999999999956e-01,1.624806978559423243e-01,6.561149347248435015e-01,4.771843188221876891e-02,-4.127547116666710481e-01,3.172468140209010468e-01,0.000000000000000000e+00
3.750000000000000000e-01,1.657638385442284368e-01,6.571171717063246653e-01,4.566106221144710514e-02,-4.101785043712148915e-01,2.901305261900075649e-01,0.000000000000000000e+00
3.800000000000000044e-01,1.690516298904301273e-01,6.579755975195982209e-01,4.361679044198527727e-02,-4.075161283369118093e-01,2.634123344707413050e-01,0.000000000000000000e+00
3.850000000000000089e-01,1.723433588178860110e-01,6.586926007724359655e-01,4.158603882165119725e-02,-4.047710096115766376e-01,2.370901372709142141e-01,0.000000000000000000e+00
3.900000000000000133e-01,1.756383241467696921e-01,6.592705515436543262e-01,3.956921265181189556e-02,-4.019465008774477655e-01,2.111617645814976019e-01,0.000000000000000000e+00
3.950000000000000178e-01,1.789358365007489016e-01,6.597118011076692490e-01,3.756670065196484470e-02,-3.990458823500328545e-01,1.856249812502432928e-01,0.000000000000000000e+00
4.000000000000000222e-01,1.822352182123119224e-01,6.600186816767611431e-01,3.557887531982133894e-02,-3.960723626785160323e-01,1.604774901840131385e-01,0.000000000000000000e+00
4.050000000000000266e-01,1.855358032268487889e-01,6.601935061607513422e-01,3.360609328688327069e-02,-3.930290798480106096e-01,1.357169354782281623e-01,0.000000000000000000e+00
4.100000000000000311e-01,1.888369370055739405e-01,6.602385679437674515e-01,3.164869566950363755e-02,-3.899191020838583266e-01,1.113409054721035130e-01,0.000000000000000000e+00
4.150000000000000355e-01,1.921379764273746238e-01,6.601561406777529672e-01,2.970700841542013929e-02,-3.867454287580988637e-01,8.734693572858476251e-02,0.000000000000000000e+00
4.199999999999999845e-01,1.954382896896678934e-01,6.599484780923605687e-01,2.778134264575088039e-02,-3.835109912981635727e-01,6.373251193813378457e-02,0.000000000000000000e+00
4.249999999999999889e-01,1.987372562083473959e-01,6.596178138208509401e-01,2.587199499244106568e-02,-3.802186540977825491e-01,4.049507274574337679e-02,0.000000000000000000e+00
4.299999999999999933e-01,2.020342665168986807e-01,6.591663612416038820e-01,2.397924793114974279e-02,-3.768712154300344896e-01,1.763201250075741022e-02,0.000000000000000000e+00
4.349999999999999978e-01,2.053287221647604466e-01,6.585963133348390341e-01,2.210337010956620052e-02,-3.734714083624163794e-01,-4.859316070717101255e-03,0.000000000000000000e+00
4.400000000000000022e-01,2.086200356150063606e-01,6.579098425541307638e-01,2.024461667114630520e-02,-3.700219016737608113e-01,-2.698159927084797793e-02,0.000000000000000000e+00
4.450000000000000067e-01,2.119076301414207220e-01,6.571091007122946692e-01,1.840322957426009098e-02,-3.665253007727856116e-01,-4.873755991242201269e-02,0.000000000000000000e+00
4.500000000000000111e-01,2.151909397250384437e-01,6.561962188812161534e-01,1.657943790674301296e-02,-3.629841486180219734e-01,-7.012995487820683493e-02,0.000000000000000000e+00
4.550000000000000155e-01,2.184694089502182412e-01,6.551733073051858591e-01,1.477345819584473946e-02,-3.594009266388329404e-01,-9.116157275687308825e-02,0.000000000000000000e+00
4.600000000000000200e-01,2.217424929003153633e-01,6.540424553273036512e-01,1.298549471357075998e-02,-3.557780556572042174e-01,-1.118352315549044906e-01,0.000000000000000000e+00
4.650000000000000244e-01,2.250096570530179529e-01,6.528057313285111629e-01,1.121573977741383184e-02,-3.521178968099635265e-01,-1.321537764837772411e-01,0.000000000000000000e+00
4.700000000000000289e-01,2.282703771754093780e-01,6.514651826788098177e-01,9.464374046474009761e-03,-3.484227524710626911e-01,-1.521200778215854310e-01,0.000000000000000000e+00
4.750000000000000333e-01,2.315241392188161496e-01,6.500228357002241220e-01,7.731566812967907883e-03,-3.446948671735378111e-01,-1.717370288481760987e-01,0.000000000000000000e+00
4.799999999999999822e-01,2.347704392134990492e-01,6.484806956410698042e-01,6.017476289129798130e-03,-3.409364285307484033e-01,-1.910075438527687464e-01,0.000000000000000000e+00
4.849999999999999867e-01,2.380087831632430040e-01,6.468407466610891499e-01,4.322249889509167942e-03,-3.371495681564839475e-01,-2.099345562129359966e-01,0.000000000000000000e+00
4.899999999999999911e-01,2.412386869398988609e-01,6.451049518270197680e-01,2.646024508671448137e-03,-3.333363625835173427e-01,-2.285210165437534524e-01,0.000000000000000000e+00
4.949999999999999956e-01,2.444596761779282423e-01,6.432752531181666900e-01,9.889267943107519360e-04,-3.294988341801785570e-01,-2.467698909158562159e-01,0.000000000000000000e+00
5.000000000000000000e-01,2.476712861690003598e-01,6.413535714415531386e-01,-6.489265842144157498e-04,-3.256389520645178726e-01,-2.646841591410639127e-01,0.000000000000000000e+00
5.050000000000000044e-01,2.508730617566876098e-01,6.393418066562319702e-01,-2.267428671909335613e-03,-3.217586330156271268e-01,-2.822668131242066503e-01,0.000000000000000000e+00
5.100000000000000089e-01,2.540645572313048883e-01,6.372418376063443413e-01,-3.866481968719853203e-03,-3.178597423816869605e-01,-2.995208552797110624e-01,0.000000000000000000e+00
5.150000000000000133e-01,2.572453362249350617e-01,6.350555221625212576e-01,-5.445998174640317470e-03,-3.139440949843125828e-01,-3.164492970114881620e-01,0.000000000000000000e+00
5.200000000000000178e-01,2.604149716066815889e-01,6.327846972712307672e-01,-7.005897939333110072e-03,-3.100134560187729482e-01,-3.330551572546129879e-01,0.000000000000000000e+00
5.250000000000000222e-01,2.635730453781868765e-01,6.304311790116811087e-01,-8.546110616238080521e-03,-3.060695419496663461e-01,-3.493414610772720419e-01,0.000000000000000000e+00
5.300000000000000266e-01,2.667191485694532793e-01,6.279967626598992325e-01,-1.006657402114814401e-02,-3.021140214016413972e-01,-3.653112383414264253e-01,0.000000000000000000e+00
5.350000000000000311e-01,2.698528811350017209e-01,6.254832227596131000e-01,-1.156723419522526046e-02,-2.981485160447628346e-01,-3.809675224206244826e-01,0.000000000000000000e+00
5.400000000000000355e-01,2.729738518504007394e-01,6.228923131995754980e-01,-1.304804517242903750e-02,-2.941746014741302706e-01,-3.963133489733847714e-01,0.000000000000000000e+00
5.450000000000000400e-01,2.760816782091977672e-01,6.202257672969758717e-01,-1.450896875132826579e-02,-2.901938080833702527e-01,-4.113517547705640709e-01,0.000000000000000000e+00
5.500000000000000444e-01,2.791759863202818437e-01,6.174852978865972286e-01,-1.594997427126382608e-02,-2.862076219316339043e-01,-4.260857765751292492e-01,0.000000000000000000e+00
5.550000000000000488e-01,2.822564108057059595e-01,6.146725974153849359e-01,-1.737103839282960749e-02,-2.822174856037448776e-01,-4.405184500727414854e-01,0.000000000000000000e+00
5.600000000000000533e-01,2.853225946989947359e-01,6.117893380421041138e-01,-1.877214488263633310e-02,-2.782247990631563361e-01,-4.546528088515799926e-01,0.000000000000000000e+00
5.650000000000000577e-01,2.883741893439628612e-01,6.088371717417719875e-01,-2.015328440232149604e-02,-2.742309204973901737e-01,-4.684918834298301693e-01,0.000000000000000000e+00
5.700000000000000622e-01,2.914108542940666569e-01,6.058177304145625497e-01,-2.151445430176705809e-02,-2.702371671556457744e-01,-4.820387003292863071e-01,0.000000000000000000e+00
5.750000000000000666e-01,2.944322572123110326e-01,6.027326259988909918e-01,-2.285565841648497937e-02,-2.662448161782807743e-01,-4.952962811935193166e-01,0.000000000000000000e+00
5.799999999999999600e-01,2.974380737717315371e-01,5.995834505883950172e-01,-2.417690686912925616e-02,-2.622551054178823282e-01,-5.082676419490879116e-01,0.000000000000000000e+00
5.849999999999999645e-01,3.004279875564704327e-01,5.963717765525403669e-01,-2.547821587509170940e-02,-2.582692342516619832e-01,-5.209557920082928950e-01,0.000000000000000000e+00
5.899999999999999689e-01,3.034016899634645048e-01,5.930991566605889886e-01,-2.675960755213756259e-02,-2.542883643849238040e-01,-5.333637335119854050e-01,0.000000000000000000e+00
5.949999999999999734e-01,3.063588801047605337e-01,5.897671242086769405e-01,-2.802110973403552918e-02,-2.503136206453709933e-01,-5.454944606109788374e-01,0.000000000000000000e+00
5.999999999999999778e-01,3.092992647104733095e-01,5.863771931497602230e-01,-2.926275578813606823e-02,-2.463460917680314610e-01,-5.573509587846271485e-01,0.000000000000000000e+00
6.049999999999999822e-01,3.122225580324000660e-01,5.829308582261952809e-01,-3.048458443685040167e-02,-2.423868311705999479e-01,-5.689362041951693261e-01,0.000000000000000000e+00
6.099999999999999867e-01,3.151284817483041567e-01,5.794295951047320203e-01,-3.168663958298188754e-02,-2.384368577190083827e-01,-5.802531630764621307e-01,0.000000000000000000e+00
6.149999999999999911e-01,3.180167648668790759e-01,5.758748605137058441e-01,-3.286897013886044133e-02,-2.344971564830528876e-01,-5.913047911557550718e-01,0.000000000000000000e+00
6.199999999999999956e-01,3.208871436334034821e-01,5.722680923822244248e-01,-3.403162985922991712e-02,-2.305686794819206131e-01,-6.020940331071952256e-01,0.000000000000000000e+00
6.250000000000000000e-01,3.237393614360968841e-01,5.686107099811543719e-01,-3.517467717783756553e-02,-2.266523464194749315e-01,-6.126238220357763664e-01,0.000000000000000000e+00
6.300000000000000044e-01,3.265731687131843697e-01,5.649041140657220517e-01,-3.629817504767406111e-02,-2.227490454091720085e-01,-6.228970789904827443e-01,0.000000000000000000e+00
6.350000000000000089e-01,3.293883228606778180e-01,5.611496870195514797e-01,-3.740219078481193948e-02,-2.188596336884966742e-01,-6.329167125054074861e-01,0.000000000000000000e+00
6.400000000000000133e-01,3.321845881408806433e-01,5.573487929999701995e-01,-3.848679591578980236e-02,-2.149849383228197020e-01,-6.426856181676628976e-01,0.000000000000000000e+00
6.450000000000000178e-01,3.349617355916220673e-01,5.535027780844238299e-01,-3.955206602848920783e-02,-2.111257568985919486e-01,-6.522066782109302574e-01,0.000000000000000000e+00
6.500000000000000222e-01,3.377195429362256363e-01,5.496129704178457365e-01,-4.059808062645069160e-02,-2.072828582058049707e-01,-6.614827611335293289e-01,0.000000000000000000e+00
6.550000000000000266e-01,3.404577944942168699e-01,5.456806803608387213e-01,-4.162492298657514966e-02,-2.034569829096603555e-01,-6.705167213399276793e-01,0.000000000000000000e+00
6.600000000000000311e-01,3.431762810927734275e-01,5.417072006385316163e-01,-4.263268002015651453e-02,-1.996488442114026651e-01,-6.793113988046347584e-01,0.000000000000000000e+00
6.650000000000000355e-01,3.458747999789211769e-01,5.376938064899811076e-01,-4.362144213719139352e-02,-1.958591284982834635e-01,-6.878696187574661058e-01,0.000000000000000000e+00
6.700000000000000400e-01,3.485531547324780544e-01,5.336417558179978871e-01,-4.459130311391133750e-02,-1.920884959826352767e-01,-6.961941913891942502e-01,0.000000000000000000e+00
6.750000000000000444e-01,3.512111551797482134e-01,5.295522893392804464e-01,-4.554235996348321436e-02,-1.883375813300460777e-01,-7.042879115766353948e-01,0.000000000000000000e+00
6.800000000000000488e-01,3.538486173079671282e-01,5.254266307347494891e-01,-4.647471280982323066e-02,-1.846069942766354610e-01,-7.121535586262534023e-01,0.000000000000000000e+00
6.850000000000000533e-01,3.564653631804989287e-01,5.212659867999798191e-01,-4.738846476447008960e-02,-1.808973202354446086e-01,-7.197938960353975624e-01,0.000000000000000000e+00
6.900000000000000577e-01,3.590612208527856342e-01,5.170715475956351170e-01,-4.828372180646293282e-02,-1.772091208919614747e-01,-7.272116712703202701e-01,0.000000000000000000e+00
6.950000000000000622e-01,3.616360242890485632e-01,5.128444865978143419e-01,-4.916059266516981108e-02,-1.735429347888130247e-01,-7.344096155601519404e-01,0.000000000000000000e+00
7.000000000000000666e-01,3.641896132797409757e-01,5.085859608482276029e-01,-5.001918870601261558e-02,-1.698992778996646080e-01,-7.413904437060425678e-01,0.000000000000000000e+00
7.049999999999999600e-01,3.667218333597511704e-01,5.042971111041214538e-01,-5.085962381903461754e-02,-1.662786441923760350e-01,-7.481568539047127597e-01,0.000000000000000000e+00
7.099999999999999645e-01,3.692325357273542608e-01,4.999790619878808906e-01,-5.168201431025707532e-02,-1.626815061814714525e-01,-7.547115275856784988e-01,0.000000000000000000e+00
7.149999999999999689e-01,3.717215771639110766e-01,4.956329221362409387e-01,-5.248647879577156283e-02,-1.591083154699882984e-01,-7.610571292614523031e-01,0.000000000000000000e+00
7.199999999999999734e-01,3.741888199543120241e-01,4.912597843490429383e-01,-5.327313809851519366e-02,-1.555595032807779166e-01,-7.671963063900461011e-01,0.000000000000000000e+00
7.249999999999999778e-01,3.766341318081634082e-01,4.868607257374784614e-01,-5.404211514767608832e-02,-1.520354809773372118e-01,-7.731316892491325587e-01,0.000000000000000000e+00
7.299999999999999822e-01,3.790573857817137182e-01,4.824368078717659047e-01,-5.479353488067705003e-02,-1.485366405742572782e-01,-7.788658908212461318e-01,0.000000000000000000e+00
7.349999999999999867e-01,3.814584602005164915e-01,4.779890769282102436e-01,-5.552752414768569178e-02,-1.450633552373810364e-01,-7.844015066894328703e-01,0.000000000000000000e+00
7.399999999999999911e-01,3.838372385828272559e-01,4.735185638356000926e-01,-5.624421161859982643e-02,-1.416159797737677750e-01,-7.897411149427826516e-01,0.000000000000000000e+00
7.449999999999999956e-01,3.861936095637303334e-01,4.690262844208998305e-01,-5.694372769245743121e-02,-1.381948511115672074e-01,-7.948872760913084923e-01,0.000000000000000000e+00
7.500000000000000000e-01,3.885274668199924508e-01,4.645132395541988757e-01,-5.762620440922094911e-02,-1.348002887699115970e-01,-7.998425329896493574e-01,0.000000000000000000e+00
7.550000000000000044e-01,3.908387089956390503e-01,4.599804152928831380e-01,-5.829177536388636255e-02,-1.314325953189379170e-01,-8.046094107691117436e-01,0.000000000000000000e+00
7.600000000000000089e-01,3.931272396282496917e-01,4.554287830249967306e-01,-5.894057562286790508e-02,-1.280920568300569218e-01,-8.091904167775767487e-01,0.000000000000000000e+00
7.650000000000000133e-01,3.953929670759678827e-01,4.508592996117661289e-01,-5.957274164261004007e-02,-1.247789433165898271e-01,-8.135880405268265392e-01,0.000000000000000000e+00
7.700000000000000178e-01,3.976358044452215079e-01,4.462729075292606873e-01,-6.018841119037875165e-02,-1.214935091648963322e-01,-8.178047536468666667e-01,0.000000000000000000e+00
7.750000000000000222e-01,3.998556695191493593e-01,4.416705350091673088e-01,-6.078772326718497737e-02,-1.182359935561214104e-01,-8.218430098468366696e-01,0.000000000000000000e+00
7.800000000000000266e-01,4.020524846867292723e-01,4.370530961786588953e-01,-6.137081803279361564e-02,-1.150066208786907768e-01,-8.257052448821255997e-01,0.000000000000000000e+00
7.850000000000000311e-01,4.042261768726034266e-01,4.324214911993392030e-01,-6.193783673277214463e-02,-1.118056011316878734e-01,-8.293938765273312086e-01,0.000000000000000000e+00
7.900000000000000355e-01,4.063766774675957039e-01,4.277766064052485051e-01,-6.248892162753359736e-02,-1.086331303192469705e-01,-8.329113045547094085e-01,0.000000000000000000e+00
7.950000000000000400e-01,4.085039222599170516e-01,4.231193144399176265e-01,-6.302421592332935196e-02,-1.054893908360995808e-01,-8.362599107177892677e-01,0.000000000000000000e+00
8.000000000000000444e-01,4.106078513670535224e-01,4.184504743924586379e-01,-6.354386370514779336e-02,-1.023745518444125757e-01,-8.394420587398470079e-01,0.000000000000000000e+00
8.050000000000000488e-01,4.126884091683323263e-01,4.137709319326834945e-01,-6.404800987147572788e-02,-9.928876964205814171e-02,-8.424600943069353587e-01,0.000000000000000000e+00
8.100000000000000533e-01,4.147455442381612345e-01,4.090815194452435133e-01,-6.453680007087998771e-02,-9.623218802245689374e-02,-8.453163450651981492e-01,0.000000000000000000e+00
8.150000000000000577e-01,4.167792092799360026e-01,4.043830561627838049e-01,-6.501038064036750164e-02,-9.320493862613635216e-02,-8.480131206222019102e-01,0.000000000000000000e+00
8.200000000000000622e-01,4.187893610606109873e-01,3.996763482981084969e-01,-6.546889854548269827e-02,-9.020714128414789035e-02,-8.505527125520414566e-01,0.000000000000000000e+00
8.250000000000000666e-01,4.207759603459286235e-01,3.949621891753547498e-01,-6.591250132210203783e-02,-8.723890435348567729e-02,-8.529373944039817523e-01,0.000000000000000000e+00
8.300000000000000711e-01,4.227389718363017135e-01,3.902413593601736230e-01,-6.634133701988582932e-02,-8.430032504465150012e-02,-8.551694217144151233e-01,0.000000000000000000e+00
8.349999999999999645e-01,4.246783641033444190e-01,3.855146267889183465e-01,-6.675555414734860027e-02,-8.139148974150968441e-02,-8.572510320219319802e-01,0.000000000000000000e+00
8.399999999999999689e-01,4.265941095270467387e-01,3.807827468968409401e-01,-6.715530161850975788e-02,-7.851247431357594175e-02,-8.591844448853034333e-01,0.000000000000000000e+00
8.449999999999999734e-01,4.284861842335874194e-01,3.760464627452993480e-01,-6.754072870108709936e-02,-7.566334442088425150e-02,-8.609718619042006083e-01,0.000000000000000000e+00
8.499999999999999778e-01,4.303545680337803603e-01,3.713065051479784162e-01,-6.791198496619633984e-02,-7.284415581157502317e-02,-8.626154667424692501e-01,0.000000000000000000e+00
8.549999999999999822e-01,4.321992443621499036e-01,3.665635927961286566e-01,-6.826922023952072816e-02,-7.005495461234763355e-02,-8.641174251538084050e-01,0.000000000000000000e+00
8.599999999999999867e-01,4.340202002166295703e-01,3.618184323828279036e-01,-6.861258455391539002e-02,-6.729577761191964103e-02,-8.654798850096993013e-01,0.000000000000000000e+00
8.649999999999999911e-01,4.358174260988799120e-01,3.570717187262712478e-01,-6.894222810341174568e-02,-6.456665253763417545e-02,-8.667049763294407683e-01,0.000000000000000000e+00
8.699999999999999956e-01,4.375909159552203720e-01,3.523241348920956306e-01,-6.925830119858816802e-02,-6.186759832535605047e-02,-8.677948113121659590e-01,0.000000000000000000e+00
8.750000000000000000e-01,4.393406671181701029e-01,3.475763523147460954e-01,-6.956095422327357447e-02,-5.919862538279623693e-02,-8.687514843707125900e-01,0.000000000000000000e+00
8.800000000000000044e-01,4.410666802485936344e-01,3.428290309178907980e-01,-6.985033759255157571e-02,-5.655973584640305862e-02,-8.695770721672386738e-01,0.000000000000000000e+00
8.850000000000000089e-01,4.427689592784459505e-01,3.380828192338928839e-01,-7.012660171203323467e-02,-5.395092383195725094e-02,-8.702736336504729442e-01,0.000000000000000000e+00
8.900000000000000133e-01,4.444475113541128120e-01,3.333383545223475575e-01,-7.038989693836733563e-02,-5.137217567900670412e-02,-8.708432100945039389e-01,0.000000000000000000e+00
8.950000000000000178e-01,4.461023467803411635e-01,3.285962628876929470e-01,-7.064037354095772936e-02,-4.882347018927531146e-02,-8.712878251390179241e-01,0.000000000000000000e+00
9.000000000000000222e-01,4.477334789647556268e-01,3.238571593959035377e-01,-7.087818166485795879e-02,-4.630477885917865660e-02,-8.716094848309020593e-01,0.000000000000000000e+00
9.050000000000000266e-01,4.493409243629558625e-01,3.191216481902754976e-01,-7.110347129481395245e-02,-4.381606610657797635e-02,-8.718101776671309810e-01,0.000000000000000000e+00
9.100000000000000311e-01,4.509247024241909152e-01,3.143903226063136103e-01,-7.131639222042639170e-02,-4.135728949190184411e-02,-8.718918746388717445e-01,0.000000000000000000e+00
9.150000000000000355e-01,4.524848355376054898e-01,3.096637652857288092e-01,-7.151709400240481573e-02,-3.892839993376356889e-02,-8.718565292767350705e-01,0.000000000000000000e+00
9.200000000000000400e-01,4.540213489790542734e-01,3.049425482895568029e-01,-7.170572593988641663e-02,-3.652934191920041707e-02,-8.717060776971186087e-01,0.000000000000000000e+00
9.250000000000000444e-01,4.555342708584794731e-01,3.002272332104068964e-01,-7.188243703879275415e-02,-3.416005370865889817e-02,-8.714424386495842612e-01,0.000000000000000000e+00
9.300000000000000488e-01,4.570236320678474629e-01,2.955183712838513888e-01,-7.204737598119854980e-02,-3.182046753584857196e-02,-8.710675135652165002e-01,0.000000000000000000e+00
9.350000000000000533e-01,4.584894662296403745e-01,2.908165034989653730e-01,-7.220069109568719168e-02,-2.951050980258487777e-02,-8.705831866059213775e-01,0.000000000000000000e+00
9.400000000000000577e-01,4.599318096458982486e-01,2.861221607080267626e-01,-7.234253032866812261e-02,-2.723010126873955453e-02,-8.699913247146211503e-01,0.000000000000000000e+00
9.450000000000000622e-01,4.613507012478073599e-01,2.814358637353865378e-01,-7.247304121663204757e-02,-2.497915723741521432e-02,-8.692937776663076654e-01,0.000000000000000000e+00
9.500000000000000666e-01,4.627461825458313860e-01,2.767581234855190364e-01,-7.259237085932028488e-02,-2.275758773545868974e-02,-8.684923781199204162e-01,0.000000000000000000e+00
9.550000000000000711e-01,4.641182975803800903e-01,2.720894410502621708e-01,-7.270066589378527955e-02,-2.056529768942569683e-02,-8.675889416710194091e-01,0.000000000000000000e+00
9.599999999999999645e-01,4.654670928730128554e-01,2.674303078152571178e-01,-7.279807246931975506e-02,-1.840218709710732953e-02,-8.665852669052227508e-01,0.000000000000000000e+00
9.649999999999999689e-01,4.667926173781720700e-01,2.627812055655971424e-01,-7.288473622323271561e-02,-1.626815119472686116e-02,-8.654831354523908615e-01,0.000000000000000000e+00
9.699999999999999734e-01,4.680949224354427618e-01,2.581426065906952116e-01,-7.296080225745074643e-02,-1.416308061991324203e-02,-8.642843120415274472e-01,0.000000000000000000e+00
9.749999999999999778e-01,4.693740617223348677e-01,2.535149737883790055e-01,-7.302641511592386503e-02,-1.208686157055564175e-02,-8.629905445563845756e-01,0.000000000000000000e+00
9.799999999999999822e-01,4.706300912075839782e-01,2.488987607682234815e-01,-7.308171876281560619e-02,-1.003937595964124810e-02,-8.616035640917526495e-01,0.000000000000000000e+00
9.849999999999999867e-01,4.718630691049667258e-01,2.442944119541290426e-01,-7.312685656145739843e-02,-8.020501566176519923e-03,-8.601250850104199541e-01,0.000000000000000000e+00
9.899999999999999911e-01,4.730730558276274311e-01,2.397023626861547185e-01,-7.316197125404798329e-02,-6.030112182289992795e-03,-8.585568050007913454e-01,0.000000000000000000e+00
9.949999999999999956e-01,4.742601139429118984e-01,2.351230393216144632e-01,-7.318720494207903160e-02,-4.068077756612639533e-03,-8.569004051351534201e-01,0.000000000000000000e+00
1.000000000000000000e+00,4.754243081277047533e-01,2.305568593354454243e-01,-7.320269906746851296e-02,-2.134264534029766888e-03,-8.551575499285772874e-01,0.000000000000000000e+00
1.005000000000000115e+00,4.765657051242672693e-01,2.260042314198558444e-01,-7.320859439438395788e-02,-2.285351918963529540e-04,-8.533298873984539457e-01,0.000000000000000000e+00
1.010000000000000009e+00,4.776843736965711296e-01,2.214655555832610867e-01,-7.320503099173815420e-02,1.649251027194319078e-03,-8.514190491246494963e-01,0.000000000000000000e+00
1.015000000000000124e+00,4.787803845871253516e-01,2.169412232485148917e-01,-7.319214821634024981e-02,3.499238186000880498e-03,-8.494266503102848587e-01,0.000000000000000000e+00
1.020000000000000018e+00,4.798538104742927635e-01,2.124316173504439409e-01,-7.317008469668566384e-02,5.321573526497149279e-03,-8.473542898431254411e-01,0.000000000000000000e+00
1.024999999999999911e+00,4.809047259300921473e-01,2.079371124326926112e-01,-7.313897831736869415e-02,7.116407346924599232e-03,-8.452035503575852093e-01,0.000000000000000000e+00
1.030000000000000027e+00,4.819332073784829418e-01,2.034580747438850534e-01,-7.309896620410208379e-02,8.883892881952184031e-03,-8.429759982973410448e-01,0.000000000000000000e+00
1.034999999999999920e+00,4.829393330541292828e-01,1.989948623331113109e-01,-7.305018470932812813e-02,1.062418618586363772e-02,-8.406731839785535065e-01,0.000000000000000000e+00
1.040000000000000036e+00,4.839231829616396641e-01,1.945478251447442797e-01,-7.299276939840647349e-02,1.233744601869425292e-02,-8.382966416536956622e-01,0.000000000000000000e+00
1.044999999999999929e+00,4.848848388352787753e-01,1.901173051125933933e-01,-7.292685503636403554e-02,1.402383373524112090e-02,-8.358478895759896554e-01,0.000000000000000000e+00
1.050000000000000044e+00,4.858243840991490203e-01,1.857036362534014440e-01,-7.285257557519281280e-02,1.568351317687263075e-02,-8.333284300644497877e-01,0.000000000000000000e+00
1.054999999999999938e+00,4.867419038278373855e-01,1.813071447596902031e-01,-7.277006414168180060e-02,1.731665056606495126e-02,-8.307397495695315603e-01,0.000000000000000000e+00
1.060000000000000053e+00,4.876374847075250485e-01,1.769281490919605015e-01,-7.267945302576957201e-02,1.892341440359499374e-02,-8.280833187393927819e-01,0.000000000000000000e+00
1.064999999999999947e+00,4.885112149975566198e-01,1.725669600702520456e-01,-7.258087366940438323e-02,2.050397536832120754e-02,-8.253605924867593036e-01,0.000000000000000000e+00
1.070000000000000062e+00,4.893631844924652419e-01,1.682238809650681843e-01,-7.247445665589903607e-02,2.205850621948530349e-02,-8.225730100564048186e-01,0.000000000000000000e+00
1.074999999999999956e+00,4.901934844844509920e-01,1.638992075876704035e-01,-7.236033169976809065e-02,2.358718170146976295e-02,-8.197219950932380650e-01,0.000000000000000000e+00
1.080000000000000071e+00,4.910022077263091478e-01,1.595932283797473761e-01,-7.223862763703527146e-02,2.509017845094771090e-02,-8.168089557110072008e-01,0.000000000000000000e+00
1.084999999999999964e+00,4.917894483948050399e-01,1.553062245024628418e-01,-7.210947241599928448e-02,2.656767490636341433e-02,-8.138352845616128040e-01,0.000000000000000000e+00
1.090000000000000080e+00,4.925553020544929939e-01,1.510384699248866758e-01,-7.197299308844648524e-02,2.801985121968333936e-02,-8.108023589050374902e-01,0.000000000000000000e+00
1.094999999999999973e+00,4.932998656219754197e-01,1.467902315118130574e-01,-7.182931580129928162e-02,2.944688917035929304e-02,-8.077115406798909270e-01,0.000000000000000000e+00
1.100000000000000089e+00,4.940232373305998848e-01,1.425617691109696550e-01,-7.167856578868930795e-02,3.084897208144680644e-02,-8.045641765745693563e-01,0.000000000000000000e+00
1.104999999999999982e+00,4.947255166955904504e-01,1.383533356396213221e-01,-7.152086736444474013e-02,3.222628473782346986e-02,-8.013615980990326237e-01,0.000000000000000000e+00
1.110000000000000098e+00,4.954068044796106074e-01,1.341651771705718310e-01,-7.135634391498130169e-02,3.357901330645346460e-02,-7.981051216571943829e-01,0.000000000000000000e+00
1.114999999999999991e+00,4.960672026587548689e-01,1.299975330175666688e-01,-7.118511789258709366e-02,3.490734525864599980e-02,-7.947960486199326935e-01,0.000000000000000000e+00
1.120000000000000107e+00,4.967068143889655230e-01,1.258506358201001984e-01,-7.100731080909107595e-02,3.621146929425689970e-02,-7.914356653987102419e-01,0.000000000000000000e+00
1.125000000000000000e+00,4.973257439728723250e-01,1.217247116276297531e-01,-7.082304322990594370e-02,3.749157526778396088e-02,-7.880252435198140670e-01,0.000000000000000000e+00
1.130000000000000115e+00,4.979240968270515211e-01,1.176199799831995213e-01,-7.063243476843579505e-02,3.874785411630812804e-02,-7.845660396992055752e-01,0.000000000000000000e+00
1.135000000000000009e+00,4.985019794497017598e-01,1.135366540064766533e-01,-7.043560408083959778e-02,3.998049778923393888e-02,-7.810592959179816219e-01,0.000000000000000000e+00
1.140000000000000124e+00,4.990594993887333408e-01,1.094749404762019596e-01,-7.023266886114158669e-02,4.118969917978389933e-02,-7.775062394984459946e-01,0.000000000000000000e+00
1.145000000000000018e+00,4.995967652102687451e-01,1.054350399120573822e-01,-7.002374583667982100e-02,4.237565205820300468e-02,-7.739080831807866323e-01,0.000000000000000000e+00
1.150000000000000133e+00,5.001138864675506168e-01,1.014171466559522089e-01,-6.980895076388460296e-02,4.353855100663056588e-02,-7.702660252003561414e-01,0.000000000000000000e+00
1.155000000000000027e+00,5.006109736702549773e-01,9.742144895273011085e-02,-6.958839842437844481e-02,4.467859135559809625e-02,-7.665812493655532744e-01,0.000000000000000000e+00
1.159999999999999920e+00,5.010881382542065055e-01,9.344812903029850459e-02,-6.936220262138954873e-02,4.579596912211290893e-02,-7.628549251363010431e-01,0.000000000000000000e+00
1.165000000000000036e+00,5.015454925514928330e-01,8.949736317918213779e-02,-6.913047617647094523e-02,4.689088094928853256e-02,-7.590882077031120279e-01,0.000000000000000000e+00
1.169999999999999929e+00,5.019831497609755777e-01,8.556932183150216253e-02,-6.889333092651778179e-02,4.796352404748392695e-02,-7.552822380667467694e-01,0.000000000000000000e+00
1.175000000000000044e+00,5.024012239191942841e-01,8.166416963938225027e-02,-6.865087772107517083e-02,4.901409613691488226e-02,-7.514381431184495863e-01,0.000000000000000000e+00
1.179999999999999938e+00,5.027998298716614967e-01,7.778206555278299739e-02,-6.840322641992933883e-02,5.004279539170187335e-02,-7.475570357207589334e-01,0.000000000000000000e+00
1.185000000000000053e+00,5.031790832445450778e-01,7.392316289676573171e-02,-6.815048589097509601e-02,5.104982038531973715e-02,-7.436400147888908574e-01,0.000000000000000000e+00
1.189999999999999947e+00,5.035391004167361073e-01,7.008760944818684391e-02,-6.789276400835256298e-02,5.203537003741567218e-02,-7.396881653726798955e-01,0.000000000000000000e+00
1.195000000000000062e+00,5.038799984922978092e-01,6.627554751182367088e-02,-6.763016765084649273e-02,5.299964356196295440e-02,-7.357025587390797483e-01,0.000000000000000000e+00
1.199999999999999956e+00,5.042018952732949533e-01,6.248711399593271515e-02,-6.736280270054149921e-02,5.394284041671874169e-02,-7.316842524552048532e-01,0.000000000000000000e+00
1.205000000000000071e+00,5.045049092329985108e-01,5.872244048724118565e-02,-6.709077404172686387e-02,5.486516025395536678e-02,-7.276342904719176330e-01,0.000000000000000000e+00
1.209999999999999964e+00,5.047891594894643452e-01,5.498165332537244265e-02,-6.681418556004453668e-02,5.576680287243536427e-02,-7.235537032079409903e-01,0.000000000000000000e+00
1.215000000000000080e+00,5.050547657794827172e-01,5.126487367670615886e-02,-6.653314014187418357e-02,5.664796817060135936e-02,-7.194435076344927182e-01,0.000000000000000000e+00
1.219999999999999973e+00,5.053018484328956061e-01,4.757221760767372382e-02,-6.624773967394934071e-02,5.750885610095287509e-02,-7.153047073604323902e-01,0.000000000000000000e+00
1.225000000000000089e+00,5.055305283472788513e-01,4.390379615748953024e-02,-6.595808504319880528e-02,5.834966662558289247e-02,-7.111382927179092928e-01,0.000000000000000000e+00
1.229999999999999982e+00,5.057409269629867810e-01,4.025971541031860695e-02,-6.566427613680739239e-02,5.917059967284784422e-02,-7.069452408484988570e-01,0.000000000000000000e+00
1.235000000000000098e+00,5.059331662385561090e-01,3.664007656688107739e-02,-6.536641184249068759e-02,5.997185509514545848e-02,-7.027265157898224812e-01,0.000000000000000000e+00
1.239999999999999991e+00,5.061073686264668803e-01,3.304497601549392233e-02,-6.506459004897810483e-02,6.075363262777569440e-02,-6.984830685626333135e-01,0.000000000000000000e+00
1.245000000000000107e+00,5.062636570492564658e-01,2.947450540255035223e-02,-6.475890764669901822e-02,6.151613184886073338e-02,-6.942158372583602244e-01,0.000000000000000000e+00
1.250000000000000000e+00,5.064021548759852775e-01,2.592875170243724714e-02,-6.444946052866669384e-02,6.225955214030062107e-02,-6.899257471270958675e-01,0.000000000000000000e+00
1.255000000000000115e+00,5.065229858990502043e-01,2.240779728689095557e-02,-6.413634359155488684e-02,6.298409264974200172e-02,-6.856137106660185054e-01,0.000000000000000000e+00
1.260000000000000009e+00,5.066262743113437717e-01,1.891171999379178542e-02,-6.381965073696213575e-02,6.368995225353790701e-02,-6.812806277082330553e-01,0.000000000000000000e+00
1.265000000000000124e+00,5.067121446837553611e-01,1.544059319539752874e-02,-6.349947487285878545e-02,6.437732952067722059e-02,-6.769273855120179206e-01,0.000000000000000000e+00
1.270000000000000018e+00,5.067807219430127130e-01,1.199448586601625788e-02,-6.317590791521200677e-02,6.504642267766323760e-02,-6.725548588504671743e-01,0.000000000000000000e+00
1.275000000000000133e+00,5.068321313498601599e-01,8.573462649118748780e-03,-6.284904078978409414e-02,6.569742957432105068e-02,-6.681639101015104387e-01,0.000000000000000000e+00
1.280000000000000027e+00,5.068664984775711480e-01,5.177583923890791487e-03,-6.251896343409943380e-02,6.633054765051435431e-02,-6.637553893383001391e-01,0.000000000000000000e+00
1.284999999999999920e+00,5.068839491907919381e-01,1.806905871225683319e-03,-6.218576479957567404e-02,6.694597390375257862e-02,-6.593301344199502534e-01,0.000000000000000000e+00
1.290000000000000036e+00,5.068846096247139332e-01,-1.538519460842788754e-03,-6.184953285381464966e-02,6.754390485767007568e-02,-6.548889710826111266e-01,0.000000000000000000e+00
1.294999999999999929e+00,5.068686061645717444e-01,-4.858644092266560348e-03,-6.151035458304876524e-02,6.812453653135928933e-02,-6.504327130308668048e-01,0.000000000000000000e+00
1.300000000000000044e+00,5.068360654254644437e-01,-8.153424046668385564e-03,-6.116831599473863956e-02,6.868806440954060288e-02,-6.459621620294420108e-01,0.000000000000000000e+00
1.304999999999999938e+00,5.067871142324967826e-01,-1.142281928758546138e-02,-6.082350212031782666e-02,6.923468341355196176e-02,-6.414781079951987763e-01,0.000000000000000000e+00
1.310000000000000053e+00,5.067218796012378235e-01,-1.466679365527122879e-02,-6.047599701808058226e-02,6.976458787314168686e-02,-6.369813290894112967e-01,0.000000000000000000e+00
1.314999999999999947e+00,5.066404887184940975e-01,-1.788531480405496088e-02,-6.012588377620867175e-02,7.027797149904868590e-02,-6.324725918103035749e-01,0.000000000000000000e+00
1.320000000000000062e+00,5.065430689233947348e-01,-2.107835414025872531e-02,-5.977324451593336863e-02,7.077502735635429754e-02,-6.279526510858312038e-01,0.000000000000000000e+00
1.324999999999999956e+00,5.064297476887857918e-01,-2.424588676067127371e-02,-5.941816039482877149e-02,7.125594783859075243e-02,-6.234222503666939641e-01,0.000000000000000000e+00
1.330000000000000071e+00,5.063006526029301124e-01,-2.738789139157840613e-02,-5.906071161023275506e-02,7.172092464259145761e-02,-6.188821217195653590e-01,0.000000000000000000e+00
1.334999999999999964e+00,5.061559113515113895e-01,-3.050435032834927437e-02,-5.870097740279178744e-02,7.217014874406872671e-02,-6.143329859205148846e-01,0.000000000000000000e+00
1.340000000000000080e+00,5.059956516999386533e-01,-3.359524937557809704e-02,-5.833903606012612320e-02,7.260381037390503667e-02,-6.097755525486197037e-01,0.000000000000000000e+00
1.344999999999999973e+00,5.058200014759485219e-01,-3.666057778778069459e-02,-5.797496492061175732e-02,7.302209899514414126e-02,-6.052105200797367468e-01,0.000000000000000000e+00
1.350000000000000089e+00,5.056290885525028811e-01,-3.970032821064522349e-02,-5.760884037727570517e-02,7.342520328066876045e-02,-6.006385759804271363e-01,0.000000000000000000e+00
1.354999999999999982e+00,5.054230408309783318e-01,-4.271449662283643284e-02,-5.724073788180121525e-02,7.381331109155189751e-02,-5.960603968020156129e-01,0.000000000000000000e+00
1.360000000000000098e+00,5.052019862246460713e-01,-4.570308227835273573e-02,-5.687073194863954961e-02,7.418660945606919688e-02,-5.914766482747644272e-01,0.000000000000000000e+00
1.364999999999999991e+00,5.049660526424381013e-01,-4.866608764943532173e-02,-5.649889615922509822e-02,7.454528454935999138e-02,-5.868879854021511466e-01,0.000000000000000000e+00
1.370000000000000107e+00,5.047153679729973197e-01,-5.160351837002852965e-02,-5.612530316629056604e-02,7.488952167372497914e-02,-5.822950525552290646e-01,0.000000000000000000e+00
1.375000000000000000e+00,5.044500600690094982e-01,-5.451538317979055803e-02,-5.575002469827913115e-02,7.521950523954881729e-02,-5.776984835670582186e-01,0.000000000000000000e+00
1.380000000000000115e+00,5.041702567318135930e-01,-5.740169386865369427e-02,-5.537313156385042373e-02,7.553541874683622481e-02,-5.730989018271863689e-01,0.000000000000000000e+00
1.385000000000000009e+00,5.038760856962873902e-01,-6.026246522193298705e-02,-5.499469365647733504e-02,7.583744476735027051e-02,-5.684969203761682799e-01,0.000000000000000000e+00
1.390000000000000124e+00,5.035676746160072659e-01,-6.309771496598243212e-02,-5.461477995913065209e-02,7.612576492734193789e-02,-5.638931420001032091e-01,0.000000000000000000e+00
1.395000000000000018e+00,5.032451510486771751e-01,-6.590746371439756834e-02,-5.423345854904857571e-02,7.640055989086029509e-02,-5.592881593251767258e-01,0.000000000000000000e+00
1.400000000000000133e+00,5.029086424418262036e-01,-6.869173491476332494e-02,-5.385079660258825646e-02,7.666200934363270880e-02,-5.546825549121900956e-01,0.000000000000000000e+00
1.405000000000000027e+00,5.025582761187704639e-01,-7.145055479594597525e-02,-5.346686040015655866e-02,7.691029197750486046e-02,-5.500769013510609096e-01,0.000000000000000000e+00
1.409999999999999920e+00,5.021941792648372260e-01,-7.418395231592794792e-02,-5.308171533121719410e-02,7.714558547543057254e-02,-5.454717613552808597e-01,0.000000000000000000e+00
1.415000000000000036e+00,5.018164789138487292e-01,-7.689195911018416318e-02,-5.269542589937160210e-02,7.736806649700155025e-02,-5.408676878563118962e-01,0.000000000000000000e+00
1.419999999999999929e+00,5.014253019348626772e-01,-7.957460944059852048e-02,-5.230805572751081461e-02,7.757791066450735185e-02,-5.362652240979077778e-01,0.000000000000000000e+00
1.425000000000000044e+00,5.010207750191668641e-01,-8.223194014491926052e-02,-5.191966756303573183e-02,7.777529254951623394e-02,-5.316649037303431413e-01,0.000000000000000000e+00
1.429999999999999938e+00,5.006030246675248208e-01,-8.486399058675148099e-02,-5.153032328314320620e-02,7.796038565996750436e-02,-5.270672509045390974e-01,0.000000000000000000e+00
1.435000000000000053e+00,5.001721771776705960e-01,-8.747080260608550151e-02,-5.114008390017543010e-02,7.813336242776633411e-02,-5.224727803660638159e-01,0.000000000000000000e+00
1.439999999999999947e+00,4.997283586320493964e-01,-9.005242047035937059e-02,-5.074900956703005950e-02,7.829439419687207746e-02,-5.178819975489976635e-01,0.000000000000000000e+00
1.445000000000000062e+00,4.992716948858016424e-01,-9.260889082605383571e-02,-5.035715958262872854e-02,7.844365121187135692e-02,-5.132953986696466853e-01,0.000000000000000000e+00
1.449999999999999956e+00,4.988023115549874986e-01,-9.514026265081811096e-02,-4.996459239744148462e-02,7.858130260702723968e-02,-5.087134708200898858e-01,0.000000000000000000e+00
1.455000000000000071e+00,4.983203340050498253e-01,-9.764658720612470755e-02,-4.957136561906479860e-02,7.870751639579608161e-02,-5.041366920615445446e-01,0.000000000000000000e+00
1.459999999999999964e+00,4.978258873395121076e-01,-1.001279179904513844e-01,-4.917753601785085360e-02,7.882245946080369825e-02,-4.995655315175368538e-01,0.000000000000000000e+00
1.465000000000000080e+00,4.973190963889094762e-01,-1.025843106929884424e-01,-4.878315953258581528e-02,7.892629754427275823e-02,-4.950004494668631683e-01,0.000000000000000000e+00
1.469999999999999973e+00,4.968000856999498782e-01,-1.050158231478693222e-01,-4.838829127621485648e-02,7.901919523889319730e-02,-4.904418974363271566e-01,0.000000000000000000e+00
1.475000000000000089e+00,4.962689795249025648e-01,-1.074225152889226043e-01,-4.799298554161173652e-02,7.910131597912781198e-02,-4.858903182932398646e-01,0.000000000000000000e+00
1.479999999999999982e+00,4.957259018112116777e-01,-1.098044491049431776e-01,-4.759729580739077703e-02,7.917282203294533083e-02,-4.813461463376690896e-01,0.000000000000000000e+00
1.485000000000000098e+00,4.951709761913322128e-01,-1.121616885954807019e-01,-4.720127474375913207e-02,7.923387449397306659e-02,-4.768098073944249116e-01,0.000000000000000000e+00
1.489999999999999991e+00,4.946043259727856412e-01,-1.144942997271429369e-01,-4.680497421840723593e-02,7.928463327406176653e-02,-4.722817189047665565e-01,0.000000000000000000e+00
1.495000000000000107e+00,4.940260741284328572e-01,-1.168023503904118687e-01,-4.640844530243544430e-02,7.932525709625515287e-02,-4.677622900178213805e-01,0.000000000000000000e+00
1.500000000000000000e+00,4.934363432869616206e-01,-1.190859103569703314e-01,-4.601173827631481472e-02,7.935590348815674266e-02,-4.632519216816994856e-01,0.000000000000000000e+00
1.505000000000000115e+00,4.928352557235862741e-01,-1.213450512375366941e-01,-4.561490263588006966e-02,7.937672877568681395e-02,-4.587510067342928100e-01,0.000000000000000000e+00
1.510000000000000009e+00,4.922229333509568483e-01,-1.235798464402053376e-01,-4.521798709835283397e-02,7.938788807722227392e-02,-4.542599299937492563e-01,0.000000000000000000e+00
1.515000000000000124e+00,4.915994977102753349e-01,-1.257903711292903681e-01,-4.482103960839320389e-02,7.938953529811244858e-02,-4.497790683486044827e-01,0.000000000000000000e+00
1.520000000000000018e+00,4.909650699626164072e-01,-1.279767021846701935e-01,-4.442410734417782253e-02,7.938182312556379960e-02,-4.453087908475659717e-01,0.000000000000000000e+00
1.525000000000000133e+00,4.903197708804501453e-01,-1.301389181616302848e-01,-4.402723672350264406e-02,7.936490302388674034e-02,-4.408494587889321137e-01,0.000000000000000000e+00
1.530000000000000027e+00,4.896637208393644913e-01,-1.322770992512016242e-01,-4.363047340990854756e-02,7.933892523009773712e-02,-4.364014258096403087e-01,0.000000000000000000e+00
1.535000000000000142e+00,4.889970398099845461e-01,-1.343913272409921755e-01,-4.323386231882806602e-02,7.930403874987006219e-02,-4.319650379739287671e-01,0.000000000000000000e+00
1.540000000000000036e+00,4.883198473500865444e-01,-1.364816854765086296e-01,-4.283744762375151643e-02,7.926039135382652312e-02,-4.275406338616048463e-01,0.000000000000000000e+00
1.544999999999999929e+00,4.876322625969041757e-01,-1.385482588229658696e-01,-4.244127276241082408e-02,7.920812957416768774e-02,-4.231285446559080454e-01,0.000000000000000000e+00
1.550000000000000044e+00,4.869344042596244759e-01,-1.405911336275809942e-01,-4.204538044297937566e-02,7.914739870162922075e-02,-4.187290942309558894e-01,0.000000000000000000e+00
1.554999999999999938e+00,4.862263906120709023e-01,-1.426103976823495934e-01,-4.164981265028627061e-02,7.907834278276178186e-02,-4.143425992387684276e-01,0.000000000000000000e+00
1.560000000000000053e+00,4.855083394855718160e-01,-1.446061401873010022e-01,-4.125461065204339556e-02,7.900110461752740676e-02,-4.099693691958536945e-01,0.000000000000000000e+00
1.564999999999999947e+00,4.847803682620108190e-01,-1.465784517142296739e-01,-4.085981500508371195e-02,7.891582575720604287e-02,-4.056097065693518022e-01,0.000000000000000000e+00
1.570000000000000062e+00,4.840425938670579464e-01,-1.485274241709000353e-01,-4.046546556160929287e-02,7.882264650260606409e-02,-4.012639068627257832e-01,0.000000000000000000e+00
1.574999999999999956e+00,4.832951327635781058e-01,-1.504531507657213829e-01,-4.007160147544749917e-02,7.872170590257274170e-02,-3.969322587009898040e-01,0.000000000000000000e+00
1.580000000000000071e+00,4.825381009452153203e-01,-1.523557259728902102e-01,-3.967826120831394882e-02,7.861314175278868999e-02,-3.926150439154678096e-01,0.000000000000000000e+00
1.584999999999999964e+00,4.817716139301498335e-01,-1.542352454979964982e-01,-3.928548253608070417e-02,7.849709059486027762e-02,-3.883125376280731067e-01,0.000000000000000000e+00
1.590000000000000080e+00,4.809957867550263000e-01,-1.560918062440913023e-01,-3.889330255504835909e-02,7.837368771568413439e-02,-3.840250083351025578e-01,0.000000000000000000e+00
1.594999999999999973e+00,4.802107339690502297e-01,-1.579255062782121410e-01,-3.850175768822061695e-02,7.824306714708807731e-02,-3.797527179905347272e-01,0.000000000000000000e+00
1.600000000000000089e+00,4.794165696282509659e-01,-1.597364447983632418e-01,-3.811088369157995120e-02,7.810536166574048866e-02,-3.754959220888288152e-01,0.000000000000000000e+00
1.604999999999999982e+00,4.786134072899083103e-01,-1.615247221009473155e-01,-3.772071566036308554e-02,7.796070279332267816e-02,-3.712548697472128345e-01,0.000000000000000000e+00
1.610000000000000098e+00,4.778013600071410738e-01,-1.632904395486457494e-01,-3.733128803533496826e-02,7.780922079695845595e-02,-3.670298037874576980e-01,0.000000000000000000e+00
1.614999999999999991e+00,4.769805403236550001e-01,-1.650336995387438055e-01,-3.694263460905994334e-02,7.765104468989551811e-02,-3.628209608171273359e-01,0.000000000000000000e+00
1.620000000000000107e+00,4.761510602686481186e-01,-1.667546054718977433e-01,-3.655478853216893170e-02,7.748630223243294091e-02,-3.586285713103023465e-01,0.000000000000000000e+00
1.625000000000000000e+00,4.753130313518709738e-01,-1.684532617213403694e-01,-3.616778231962134577e-02,7.731511993308957942e-02,-3.544528596877671300e-01,0.000000000000000000e+00
1.630000000000000115e+00,4.744665645588398428e-01,-1.701297736025218221e-01,-3.578164785696057171e-02,7.713762305000784747e-02,-3.502940443966570117e-01,0.000000000000000000e+00
1.635000000000000009e+00,4.736117703462006112e-01,-1.717842473431820949e-01,-3.539641640656187443e-02,7.695393559258756344e-02,-3.461523379895600216e-01,0.000000000000000000e+00
1.640000000000000124e+00,4.727487586372413064e-01,-1.734167900538519935e-01,-3.501211861387154567e-02,7.676418032334472730e-02,-3.420279472030647305e-01,0.000000000000000000e+00
1.645000000000000018e+00,4.718776388175510150e-01,-1.750275096987792267e-01,-3.462878451363622656e-02,7.656847875998989972e-02,-3.379210730357547487e-01,0.000000000000000000e+00
1.650000000000000133e+00,4.709985197308230731e-01,-1.766165150672759088e-01,-3.424644353612128073e-02,7.636695117772109020e-02,-3.338319108256386780e-01,0.000000000000000000e+00
1.655000000000000027e+00,4.701115096748004207e-01,-1.781839157454843947e-01,-3.386512451331719770e-02,7.615971661172613039e-02,-3.297606503270156253e-01,0.000000000000000000e+00
1.660000000000000142e+00,4.692167163973613442e-01,-1.797298220885577280e-01,-3.348485568513295124e-02,7.594689285988938388e-02,-3.257074757867698955e-01,0.000000000000000000e+00
1.665000000000000036e+00,4.683142470927429968e-01,-1.812543451932512595e-01,-3.310566470557534113e-02,7.572859648569794933e-02,-3.216725660200910331e-01,0.000000000000000000e+00
1.669999999999999929e+00,4.674042083979010886e-01,-1.827575968709220511e-01,-3.272757864891329832e-02,7.550494282134240231e-02,-3.176560944856143820e-01,0.000000000000000000e+00
1.675000000000000044e+00,4.664867063890035248e-01,-1.842396896209325396e-01,-3.235062401582623065e-02,7.527604597100714945e-02,-3.136582293599814442e-01,0.000000000000000000e+00
1.679999999999999938e+00,4.655618465780560489e-01,-1.857007366044547692e-01,-3.197482673953544463e-02,7.504201881434569010e-02,-3.096791336118131510e-01,0.000000000000000000e+00
1.685000000000000053e+00,4.646297339096577828e-01,-1.871408516186719440e-01,-3.160021219191771341e-02,7.480297301013603961e-02,-3.057189650750943288e-01,0.000000000000000000e+00
1.689999999999999947e+00,4.636904727578850527e-01,-1.885601490713734174e-01,-3.122680518960017221e-02,7.455901900011155381e-02,-3.017778765219670256e-01,0.000000000000000000e+00
1.695000000000000062e+00,4.627441669233007815e-01,-1.899587439559399793e-01,-3.085463000003559747e-02,7.431026601296256140e-02,-2.978560157349290360e-01,0.000000000000000000e+00
1.699999999999999956e+00,4.617909196300884478e-01,-1.913367518267154177e-01,-3.048371034755726836e-02,7.405682206850430771e-02,-2.939535255784346268e-01,0.000000000000000000e+00
1.705000000000000071e+00,4.608308335233080588e-01,-1.926942887747612188e-01,-3.011406941941259519e-02,7.379879398200649143e-02,-2.900705440698973514e-01,0.000000000000000000e+00
1.709999999999999964e+00,4.598640106662721938e-01,-1.940314714039905464e-01,-2.974572987177468569e-02,7.353628736868014770e-02,-2.862072044500899581e-01,0.000000000000000000e+00
1.715000000000000080e+00,4.588905525380408967e-01,-1.953484168076780048e-01,-2.937871383573109965e-02,7.326940664831733951e-02,-2.823636352529411142e-01,0.000000000000000000e+00
1.719999999999999973e+00,4.579105600310325319e-01,-1.966452425453417141e-01,-2.901304292324904596e-02,7.299825505007932758e-02,-2.785399603747273911e-01,0.000000000000000000e+00
1.725000000000000089e+00,4.569241334487498252e-01,-1.979220666199938417e-01,-2.864873823311625198e-02,7.272293461742893039e-02,-2.747362991426582912e-01,0.000000000000000000e+00
1.729999999999999982e+00,4.559313725036183707e-01,-1.991790074557563683e-01,-2.828582035685684240e-02,7.244354621320278631e-02,-2.709527663828533717e-01,0.000000000000000000e+00
1.735000000000000098e+00,4.549323763149363820e-01,-2.004161838758381220e-01,-2.792430938462149570e-02,7.216018952481942361e-02,-2.671894724877095784e-01,0.000000000000000000e+00
1.739999999999999991e+00,4.539272434069334672e-01,-2.016337150808698575e-01,-2.756422491105125008e-02,7.187296306961887815e-02,-2.634465234826598445e-01,0.000000000000000000e+00
1.745000000000000107e+00,4.529160717069370401e-01,-2.028317206275934981e-01,-2.720558604111427900e-02,7.158196420032988949e-02,-2.597240210923192905e-01,0.000000000000000000e+00
1.750000000000000000e+00,4.518989585436442580e-01,-2.040103204079020682e-01,-2.684841139591500822e-02,7.128728911066053997e-02,-2.560220628060215775e-01,0.000000000000000000e+00
1.755000000000000115e+00,4.508760006454979319e-01,-2.051696346282268490e-01,-2.649271911847501243e-02,7.098903284100849254e-02,-2.523407419427422527e-01,0.000000000000000000e+00
1.760000000000000009e+00,4.498472941391646884e-01,-2.063097837892679531e-01,-2.613852687948503561e-02,7.068728928428674729e-02,-2.486801477154104711e-01,0.000000000000000000e+00
1.765000000000000124e+00,4.488129345481135513e-01,-2.074308886660649331e-01,-2.578585188302762177e-02,7.038215119186123914e-02,-2.450403652946084310e-01,0.000000000000000000e+00
1.770000000000000018e+00,4.477730167912933879e-01,-2.085330702884037879e-01,-2.543471087226977997e-02,7.007371017959626580e-02,-2.414214758716600739e-01,0.000000000000000000e+00
1.775000000000000133e+00,4.467276351819074454e-01,-2.096164499215567578e-01,-2.508512013512516001e-02,6.976205673400420748e-02,-2.378235567211060553e-01,0.000000000000000000e+00
1.780000000000000027e+00,4.456768834262834766e-01,-2.106811490473514681e-01,-2.473709550988523187e-02,6.944728021849565225e-02,-2.342466812625686456e-01,0.000000000000000000e+00
1.785000000000000142e+00,4.446208546228374581e-01,-2.117272893455658112e-01,-2.439065239081896277e-02,6.912946887972631904e-02,-2.306909191220060107e-01,0.000000000000000000e+00
1.790000000000000036e+00,4.435596412611297890e-01,-2.127549926756449883e-01,-2.404580573374052663e-02,6.880870985403735041e-02,-2.271563361923559232e-01,0.000000000000000000e+00
1.794999999999999929e+00,4.424933352210119741e-01,-2.137643810587372406e-01,-2.370257006154459847e-02,6.848508917398514473e-02,-2.236429946935708513e-01,0.000000000000000000e+00
1.800000000000000044e+00,4.414220277718623464e-01,-2.147555766600448279e-01,-2.336095946970875858e-02,6.815869177495750830e-02,-2.201509532320445883e-01,0.000000000000000000e+00
1.804999999999999938e+00,4.403458095719092746e-01,-2.157287017714865640e-01,-2.302098763176263843e-02,6.782960150187253290e-02,-2.166802668594324799e-01,0.000000000000000000e+00
1.810000000000000053e+00,4.392647706676402475e-01,-2.166838787946686051e-01,-2.268266780472334362e-02,6.749790111595692366e-02,-2.132309871308648019e-01,0.000000000000000000e+00
1.814999999999999947e+00,4.381790004932955007e-01,-2.176212302241598284e-01,-2.234601283449681036e-02,6.716367230160032176e-02,-2.098031621625577881e-01,0.000000000000000000e+00
1.820000000000000062e+00,4.370885878704441896e-01,-2.185408786310685525e-01,-2.201103516124470680e-02,6.682699567328251322e-02,-2.063968366888200290e-01,0.000000000000000000e+00
1.824999999999999956e+00,4.359936210076423291e-01,-2.194429466469169643e-01,-2.167774682471650463e-02,6.648795078257013769e-02,-2.030120521184591298e-01,0.000000000000000000e+00
1.830000000000000071e+00,4.348941875001702262e-01,-2.203275569478098661e-01,-2.134615946954643295e-02,6.614661612517987177e-02,-1.996488465905888465e-01,0.000000000000000000e+00
1.834999999999999964e+00,4.337903743298487380e-01,-2.211948322388943844e-01,-2.101628435051492230e-02,6.580306914810490904e-02,-1.963072550298380348e-01,0.000000000000000000e+00
1.840000000000000080e+00,4.326822678649321907e-01,-2.220448952391071706e-01,-2.068813233777428914e-02,6.545738625680161404e-02,-1.929873092009660729e-01,0.000000000000000000e+00
1.844999999999999973e+00,4.315699538600769603e-01,-2.228778686662056252e-01,-2.036171392203832767e-02,6.510964282243350554e-02,-1.896890377628829283e-01,0.000000000000000000e+00
1.850000000000000089e+00,4.304535174563842714e-01,-2.236938752220800353e-01,-2.003703921973555568e-02,6.475991318916940465e-02,-1.864124663220802502e-01,0.000000000000000000e+00
1.854999999999999982e+00,4.293330431815156611e-01,-2.244930375783429355e-01,-1.971411797812583008e-02,6.440827068153301416e-02,-1.831576174854718797e-01,0.000000000000000000e+00
1.860000000000000098e+00,4.282086149498797734e-01,-2.252754783621925827e-01,-1.939295958038009943e-02,6.405478761180097291e-02,-1.799245109126504649e-01,0.000000000000000000e+00
1.864999999999999991e+00,4.270803160628892647e-01,-2.260413201425471030e-01,-1.907357305062304734e-02,6.369953528744665139e-02,-1.767131633675577407e-01,0.000000000000000000e+00
1.870000000000000107e+00,4.259482292092863220e-01,-2.267906854164462027e-01,-1.875596705893840810e-02,6.334258401862685739e-02,-1.735235887695761314e-01,0.000000000000000000e+00
1.875000000000000000e+00,4.248124364655353480e-01,-2.275236965957168345e-01,-1.844014992633675673e-02,6.298400312570880122e-02,-1.703557982440404572e-01,0.000000000000000000e+00
1.880000000000000115e+00,4.236730192962820385e-01,-2.282404759938997940e-01,-1.812612962968554800e-02,6.262386094683469739e-02,-1.672098001721747385e-01,0.000000000000000000e+00
1.885000000000000009e+00,4.225300585548767973e-01,-2.289411458134340827e-01,-1.781391380660126561e-02,6.226222484552132452e-02,-1.640856002404561254e-01,0.000000000000000000e+00
1.890000000000000124e+00,4.213836344839618220e-01,-2.296258281330954276e-01,-1.750350976030347686e-02,6.189916121829202450e-02,-1.609832014894087560e-01,0.000000000000000000e+00
1.895000000000000018e+00,4.202338267161203067e-01,-2.302946448956862679e-01,-1.719492446443065745e-02,6.153473550233868467e-02,-1.579026043618319275e-01,0.000000000000000000e+00
1.900000000000000133e+00,4.190807142745864855e-01,-2.309477178959736254e-01,-1.688816456781764425e-02,6.116901218321118411e-02,-1.548438067504631366e-01,0.000000000000000000e+00
1.905000000000000027e+00,4.179243755740156274e-01,-2.315851687688718352e-01,-1.658323639923455980e-02,6.080205480253195183e-02,-1.518068040450822331e-01,0.000000000000000000e+00
1.910000000000000142e+00,4.167648884213121518e-01,-2.322071189778670830e-01,-1.628014597208711500e-02,6.043392596573321507e-02,-1.487915891790566325e-01,0.000000000000000000e+00
1.915000000000000036e+00,4.156023300165152534e-01,-2.328136898036805291e-01,-1.597889898907818226e-02,6.006468734981471047e-02,-1.457981526753347190e-01,0.000000000000000000e+00
1.919999999999999929e+00,4.144367769537407042e-01,-2.334050023331669110e-01,-1.567950084683051790e-02,5.969439971111956122e-02,-1.428264826918867469e-01,0.000000000000000000e+00
1.925000000000000044e+00,4.132683052221772790e-01,-2.339811774484456819e-01,-1.538195664047057286e-02,5.932312289312607206e-02,-1.398765650665996507e-01,0.000000000000000000e+00
1.929999999999999938e+00,4.120969902071373037e-01,-2.345423358162614935e-01,-1.508627116817331040e-02,5.895091583425335346e-02,-1.369483833616276791e-01,0.000000000000000000e+00
1.935000000000000053e+00,4.109229066911594397e-01,-2.350885978775711094e-01,-1.479244893566796122e-02,5.857783657567859625e-02,-1.340419189072038775e-01,0.000000000000000000e+00
1.939999999999999947e+00,4.097461288551633163e-01,-2.356200838373536388e-01,-1.450049416070467272e-02,5.820394226916394270e-02,-1.311571508449135004e-01,0.000000000000000000e+00
1.945000000000000062e+00,4.085667302796545663e-01,-2.361369136546412895e-01,-1.421041077748199863e-02,5.782928918489093489e-02,-1.282940561704360716e-01,0.000000000000000000e+00
1.949999999999999956e+00,4.073847839459787123e-01,-2.366392070327673902e-01,-1.392220244103520126e-02,5.745393271930056278e-02,-1.254526097757565628e-01,0.000000000000000000e+00
1.955000000000000071e+00,4.062003622376239020e-01,-2.371270834098291869e-01,-1.363587253158535066e-02,5.707792740293694128e-02,-1.226327844908526310e-01,0.000000000000000000e+00
1.959999999999999964e+00,4.050135369415702735e-01,-2.376006619493620520e-01,-1.335142415884919484e-02,5.670132690829277067e-02,-1.198345511248592177e-01,0.000000000000000000e+00
1.965000000000000080e+00,4.038243792496857831e-01,-2.380600615312224999e-01,-1.306886016630979912e-02,5.632418405765472064e-02,-1.170578785067148131e-01,0.000000000000000000e+00
1.969999999999999973e+00,4.026329597601669419e-01,-2.385054007426772038e-01,-1.278818313544797212e-02,5.594655083094689230e-02,-1.143027335252945198e-01,0.000000000000000000e+00
1.975000000000000089e+00,4.014393484790234612e-01,-2.389367978696948502e-01,-1.250939538993447314e-02,5.556847837357067887e-02,-1.115690811690321915e-01,0.000000000000000000e+00
1.979999999999999982e+00,4.002436148216063638e-01,-2.393543708884384447e-01,-1.223249899978303724e-02,5.519001700423920714e-02,-1.088568845650360606e-01,0.000000000000000000e+00
1.985000000000000098e+00,3.990458276141776173e-01,-2.397582374569549868e-01,-1.195749578546424774e-02,5.481121622280479833e-02,-1.061661050177023502e-01,0.000000000000000000e+00
1.989999999999999991e+00,3.978460550955212338e-01,-2.401485149070598513e-01,-1.168438732198028365e-02,5.443212471807769987e-02,-1.034967020468298138e-01,0.000000000000000000e+00
1.995000000000000107e+00,3.966443649185942832e-01,-2.405253202364131815e-01,-1.141317494290061164e-02,5.405279037563457539e-02,-1.008486334252401972e-01,0.000000000000000000e+00
2.000000000000000000e+00,3.954408241522170409e-01,-2.408887701007856319e-01,-1.114385974435865186e-02,5.367326028561517082e-02,-9.822185521590792723e-02,0.000000000000000000e+00
2.004999999999999893e+00,3.942354992828014382e-01,-2.412389808065104890e-01,-1.087644258900949921e-02,5.329358075050566468e-02,-9.561632180860279995e-02,0.000000000000000000e+00
2.010000000000000231e+00,3.930284562161167061e-01,-2.415760683031200062e-01,-1.061092410994876438e-02,5.291379729290720396e-02,-9.303198595605105536e-02,0.000000000000000000e+00
2.015000000000000124e+00,3.918197602790914336e-01,-2.419001481761628713e-01,-1.034730471459261066e-02,5.253395466328818902e-02,-9.046879880961708476e-02,0.000000000000000000e+00
2.020000000000000018e+00,3.906094762216510974e-01,-2.422113356402003648e-01,-1.008558458851907362e-02,5.215409684771897536e-02,-8.792670995451132288e-02,0.000000000000000000e+00
2.024999999999999911e+00,3.893976682185899540e-01,-2.425097455319787654e-01,-9.825763699270751925e-03,5.177426707558756280e-02,-8.540566744452754433e-02,0.000000000000000000e+00
2.030000000000000249e+00,3.881843998714771260e-01,-2.427954923037752288e-01,-9.567841800118975087e-03,5.139450782729500927e-02,-8.290561783631367199e-02,0.000000000000000000e+00
2.035000000000000142e+00,3.869697342105949400e-01,-2.430686900169147791e-01,-9.311818433789543700e-03,5.101486084192925069e-02,-8.042650622318153752e-02,0.000000000000000000e+00
2.040000000000000036e+00,3.857537336969097397e-01,-2.433294523354557759e-01,-9.057692936150154792e-03,5.063536712491610581e-02,-7.796827626845678760e-02,0.000000000000000000e+00
2.044999999999999929e+00,3.845364602240736174e-01,-2.435778925200414446e-01,-8.805464439859638989e-03,5.025606695564627246e-02,-7.553087023837684599e-02,0.000000000000000000e+00
2.049999999999999822e+00,3.833179751204564001e-01,-2.438141234219150244e-01,-8.555131877979117033e-03,4.987699989507712178e-02,-7.311422903453751454e-02,0.000000000000000000e+00
2.055000000000000160e+00,3.820983391512073890e-01,-2.440382574770962043e-01,-8.306693987545217886e-03,4.949820479330815926e-02,-7.071829222589484654e-02,0.000000000000000000e+00
2.060000000000000053e+00,3.808776125203456875e-01,-2.442504067007160995e-01,-8.060149313105488544e-03,4.911971979712905639e-02,-6.834299808032517909e-02,0.000000000000000000e+00
2.064999999999999947e+00,3.796558548728785065e-01,-2.444506826815088796e-01,-7.815496210216130862e-03,4.874158235753920515e-02,-6.598828359574787639e-02,0.000000000000000000e+00
2.069999999999999840e+00,3.784331252969465043e-01,-2.446391965764572463e-01,-7.572732848902211968e-03,4.836382923723771265e-02,-6.365408453081436435e-02,0.000000000000000000e+00
2.075000000000000178e+00,3.772094823259957708e-01,-2.448160591055897339e-01,-7.331857217080508735e-03,4.798649651808292033e-02,-6.134033543516864695e-02,0.000000000000000000e+00
2.080000000000000071e+00,3.759849839409750705e-01,-2.449813805469274464e-01,-7.092867123945126827e-03,4.760961960852039265e-02,-5.904696967928238505e-02,0.000000000000000000e+00
2.084999999999999964e+00,3.747596875725584531e-01,-2.451352707315778701e-01,-6.855760203316060841e-03,4.723323325097849440e-02,-5.677391948386922849e-02,0.000000000000000000e+00
2.089999999999999858e+00,3.735336501033915679e-01,-2.452778390389735441e-01,-6.620533916950862088e-03,4.685737152923065418e-02,-5.452111594888223167e-02,0.000000000000000000e+00
2.095000000000000195e+00,3.723069278703617924e-01,-2.454091943922535601e-01,-6.387185557819577940e-03,4.648206787572342624e-02,-5.228848908209876578e-02,0.000000000000000000e+00
2.100000000000000089e+00,3.710795766668908979e-01,-2.455294452537852834e-01,-6.155712253343137950e-03,4.610735507886951079e-02,-5.007596782729642482e-02,0.000000000000000000e+00
2.104999999999999982e+00,3.698516517452498098e-01,-2.456386996208245743e-01,-5.926110968595368032e-03,4.573326529030492110e-02,-4.788348009202522682e-02,0.000000000000000000e+00
2.109999999999999876e+00,3.686232078188947381e-01,-2.457370650213119290e-01,-5.698378509468803553e-03,4.535983003210956183e-02,-4.571095277497844167e-02,0.000000000000000000e+00
2.115000000000000213e+00,3.673942990648239593e-01,-2.458246485098028178e-01,-5.472511525804499115e-03,4.498708020399040663e-02,-4.355831179296784650e-02,0.000000000000000000e+00
2.120000000000000107e+00,3.661649791259546927e-01,-2.459015566635297523e-01,-5.248506514486011090e-03,4.461504609042656749e-02,-4.142548210750626736e-02,0.000000000000000000e+00
2.125000000000000000e+00,3.649353011135192948e-01,-2.459678955785942200e-01,-5.026359822497759346e-03,4.424375736777559631e-02,-3.931238775100204252e-02,0.000000000000000000e+00
2.129999999999999893e+00,3.637053176094801055e-01,-2.460237708662864065e-01,-4.806067649947946829e-03,4.387324311134032512e-02,-3.721895185256884897e-02,0.000000000000000000e+00
2.135000000000000231e+00,3.624750806689624461e-01,-2.460692876495305381e-01,-4.587626053056253865e-03,4.350353180239559248e-02,-3.514509666345649874e-02,0.000000000000000000e+00
2.140000000000000124e+00,3.612446418227051037e-01,-2.461045505594540717e-01,-4.371030947106491898e-03,4.313465133517428024e-02,-3.309074358210420397e-02,0.000000000000000000e+00
2.145000000000000018e+00,3.600140520795276911e-01,-2.461296637320783964e-01,-4.156278109364436139e-03,4.276662902381205694e-02,-3.105581317882194492e-02,0.000000000000000000e+00
2.149999999999999911e+00,3.587833619288141596e-01,-2.461447308051295524e-01,-3.943363181961037460e-03,4.239949160925024496e-02,-2.904022522010446528e-02,0.000000000000000000e+00
2.155000000000000249e+00,3.575526213430119116e-01,-2.461498549149664927e-01,-3.732281674741224752e-03,4.203326526609631880e-02,-2.704389869258003176e-02,0.000000000000000000e+00
2.160000000000000142e+00,3.563218797801462334e-01,-2.461451386936254759e-01,-3.523028968078511115e-03,4.166797560944147244e-02,-2.506675182659900969e-02,0.000000000000000000e+00
2.165000000000000036e+00,3.550911861863488839e-01,-2.461306842659783389e-01,-3.315600315655622011e-03,4.130364770163484633e-02,-2.310870211946647323e-02,0.000000000000000000e+00
2.169999999999999929e+00,3.538605889984010044e-01,-2.461065932470029305e-01,-3.109990847211362239e-03,4.094030605901384512e-02,-2.116966635832170929e-02,0.000000000000000000e+00
2.175000000000000266e+00,3.526301361462889639e-01,-2.460729667391638176e-01,-2.906195571253939857e-03,4.057797465859020597e-02,-1.924956064266941658e-02,0.000000000000000000e+00
2.180000000000000160e+00,3.513998750557734141e-01,-2.460299053299014604e-01,-2.704209377740973436e-03,4.021667694469135967e-02,-1.734830040656562544e-02,0.000000000000000000e+00
2.185000000000000053e+00,3.501698526509703369e-01,-2.459775090892281357e-01,-2.504027040726403402e-03,3.985643583555664032e-02,-1.546580044046361180e-02,0.000000000000000000e+00
2.189999999999999947e+00,3.489401153569440250e-01,-2.459158775674285813e-01,-2.305643220974536427e-03,3.949727372988808688e-02,-1.360197491272130410e-02,0.000000000000000000e+00
2.194999999999999840e+00,3.477107091023113883e-01,-2.458451097928638363e-01,-2.109052468541450578e-03,3.913921251335537171e-02,-1.175673739077628954e-02,0.000000000000000000e+00
2.200000000000000178e+00,3.464816793218565838e-01,-2.457653042698764723e-01,-1.914249225323991698e-03,3.878227356505459245e-02,-9.930000861990917471e-03,0.000000000000000000e+00
2.205000000000000071e+00,3.452530709591563052e-01,-2.456765589767954672e-01,-1.721227827576590026e-03,3.842647776392058012e-02,-8.121677754171330310e-03,0.000000000000000000e+00
2.209999999999999964e+00,3.440249284692146747e-01,-2.455789713640390837e-01,-1.529982508396133178e-03,3.807184549509247395e-02,-6.331679955764557555e-03,0.000000000000000000e+00
2.214999999999999858e+00,3.427972958211072396e-01,-2.454726383523139488e-01,-1.340507400175129041e-03,3.771839665623223647e-02,-4.559918835737059029e-03,0.000000000000000000e+00
2.220000000000000195e+00,3.415702165006337943e-01,-2.453576563309089464e-01,-1.152796537023393839e-03,3.736615066379592870e-02,-2.806305263138492156e-03,0.000000000000000000e+00
2.225000000000000089e+00,3.403437335129797514e-01,-2.452341211560818968e-01,-9.668438571585018368e-04,3.701512645925743999e-02,-1.070749626354228212e-03,0.000000000000000000e+00
2.229999999999999982e+00,3.391178893853848964e-01,-2.451021281495379123e-01,-7.826432052652369581e-04,3.666534251528449917e-02,6.468381479494689223e-04,0.000000000000000000e+00
2.234999999999999876e+00,3.378927261698199125e-01,-2.449617720969972656e-01,-6.001883348242827544e-04,3.631681684186677944e-02,2.346548576184548374e-03,0.000000000000000000e+00
2.240000000000000213e+00,3.366682854456696239e-01,-2.448131472468517977e-01,-4.194729104103929592e-04,3.596956699239588912e-02,4.028472599500232398e-03,0.000000000000000000e+00
2.245000000000000107e+00,3.354446083224228992e-01,-2.446563473089078400e-01,-2.404905099602822234e-04,3.562361006969708144e-02,5.692701565739421987e-03,0.000000000000000000e+00
2.250000000000000000e+00,3.342217354423684950e-01,-2.444914654532143461e-01,-6.323462701047949147e-05,3.527896273201259342e-02,7.339327211687590724e-03,0.000000000000000000e+00
2.254999999999999893e+00,3.329997069832965617e-01,-2.443185943089746515e-01,1.123013270946141516e-04,3.493564119893641934e-02,8.968441645612848512e-03,0.000000000000000000e+00
2.260000000000000231e+00,3.317785626612054783e-01,-2.441378259635405557e-01,2.861240210242199222e-04,3.459366125730041486e-02,1.058013733009076363e-02,0.000000000000000000e+00
2.265000000000000124e+00,3.305583417330134610e-01,-2.439492519614868682e-01,4.582402013119842845e-04,3.425303826701170395e-02,1.217450706511358227e-02,0.000000000000000000e+00
2.270000000000000018e+00,3.293390829992745572e-01,-2.437529633037654186e-01,6.286566902358472174e-04,3.391378716684119443e-02,1.375164397147789208e-02,0.000000000000000000e+00
2.274999999999999911e+00,3.281208248068987476e-01,-2.435490504469367545e-01,7.973803837267303893e-04,3.357592248016322278e-02,1.531164147444928625e-02,0.000000000000000000e+00
2.280000000000000249e+00,3.269036050518756009e-01,-2.433376033024783336e-01,9.644182493058014614e-04,3.323945832064623129e-02,1.685459328769889353e-02,0.000000000000000000e+00
2.285000000000000142e+00,3.256874611820013143e-01,-2.431187112361676839e-01,1.129777324050069542e-03,3.290440839789445654e-02,1.838059339751037247e-02,0.000000000000000000e+00
2.290000000000000036e+00,3.244724301996086413e-01,-2.428924630675391438e-01,1.293464712586065704e-03,3.257078602304057380e-02,1.988973604725235989e-02,0.000000000000000000e+00
2.294999999999999929e+00,3.232585486642992056e-01,-2.426589470694130446e-01,1.455487585111364841e-03,3.223860411428932510e-02,2.138211572211420886e-02,0.000000000000000000e+00
2.300000000000000266e+00,3.220458526956782030e-01,-2.424182509674956687e-01,1.615853175443703396e-03,3.190787520241208930e-02,2.285782713410118572e-02,0.000000000000000000e+00
2.305000000000000160e+00,3.208343779760908232e-01,-2.421704619400490144e-01,1.774568779097445868e-03,3.157861143619244276e-02,2.431696520728608701e-02,0.000000000000000000e+00
2.310000000000000053e+00,3.196241597533600043e-01,-2.419156666176286719e-01,1.931641751387158656e-03,3.125082458782268979e-02,2.575962506331436197e-02,0.000000000000000000e+00
2.314999999999999947e+00,3.184152328435256862e-01,-2.416539510828888682e-01,2.087079505558041975e-03,3.092452605825143225e-02,2.718590200715925720e-02,0.000000000000000000e+00
2.319999999999999840e+00,3.172076316335845636e-01,-2.413854008704533483e-01,2.240889510942979147e-03,3.059972688248224076e-02,2.859589151312372235e-02,0.000000000000000000e+00
2.325000000000000178e+00,3.160013900842303936e-01,-2.411101009668505935e-01,2.393079291145956081e-03,3.027643773482341719e-02,2.998968921108635666e-02,0.000000000000000000e+00
2.330000000000000071e+00,3.147965417325945814e-01,-2.408281358105124892e-01,2.543656422251606986e-03,2.995466893408898698e-02,3.136739087298828776e-02,0.000000000000000000e+00
2.334999999999999964e+00,3.135931196949864885e-01,-2.405395892918349432e-01,2.692628531060644974e-03,2.963443044875097021e-02,3.272909239955772154e-02,0.000000000000000000e+00
2.339999999999999858e+00,3.123911566696333519e-01,-2.402445447532995104e-01,2.840003293350931018e-03,2.931573190204301085e-02,3.407488980726899874e-02,0.000000000000000000e+00
2.345000000000000195e+00,3.111906849394193708e-01,-2.399430849896545537e-01,2.985788432163939687e-03,2.899858257701548592e-02,3.540487921553379935e-02,0.000000000000000000e+00
2.350000000000000089e+00,3.099917363746239607e-01,-2.396352922481551351e-01,3.129991716116380107e-03,2.868299142154218107e-02,3.671915683412105280e-02,0.000000000000000000e+00
2.354999999999999982e+00,3.087943424356582867e-01,-2.393212482288600285e-01,3.272620957736728422e-03,2.836896705327867502e-02,3.801781895080233453e-02,0.000000000000000000e+00
2.359999999999999876e+00,3.075985341758005198e-01,-2.390010340849852144e-01,3.413684011826433225e-03,2.805651776457252292e-02,3.930096191922086146e-02,0.000000000000000000e+00
2.365000000000000213e+00,3.064043422439289843e-01,-2.386747304233123035e-01,3.553188773845550232e-03,2.774565152732541909e-02,4.056868214698000630e-02,0.000000000000000000e+00
2.370000000000000107e+00,3.052117968872533060e-01,-2.383424173046511663e-01,3.691143178322568111e-03,2.743637599780743633e-02,4.182107608394941556e-02,0.000000000000000000e+00
2.375000000000000000e+00,3.040209279540428966e-01,-2.380041742443552988e-01,3.827555197288187803e-03,2.712869852142352906e-02,4.305824021078571984e-02,0.000000000000000000e+00
2.379999999999999893e+00,3.028317648963528286e-01,-2.376600802128892298e-01,3.962432838732812476e-03,2.682262613743243915e-02,4.428027102766388112e-02,0.000000000000000000e+00
2.385000000000000231e+00,3.016443367727468239e-01,-2.373102136364466097e-01,4.095784145087515669e-03,2.651816558361818482e-02,4.548726504321905229e-02,0.000000000000000000e+00
2.390000000000000124e+00,3.004586722510169672e-01,-2.369546523976181762e-01,4.227617191728248215e-03,2.621532330091427831e-02,4.667931876369291189e-02,0.000000000000000000e+00
2.395000000000000018e+00,2.992747996108998665e-01,-2.365934738361082923e-01,4.357940085503047602e-03,2.591410543798090479e-02,4.785652868228466861e-02,0.000000000000000000e+00
2.399999999999999911e+00,2.980927467467892611e-01,-2.362267547494994180e-01,4.486760963282016013e-03,2.561451785573519435e-02,4.901899126870210011e-02,0.000000000000000000e+00
2.405000000000000249e+00,2.969125411704445772e-01,-2.358545713940631561e-01,4.614087990529835460e-03,2.531656613183481605e-02,5.016680295891104424e-02,0.000000000000000000e+00
2.410000000000000142e+00,2.957342100136953755e-01,-2.354769994856170945e-01,4.739929359900580189e-03,2.502025556511508139e-02,5.130006014508019241e-02,0.000000000000000000e+00
2.415000000000000036e+00,2.945577800311414696e-01,-2.350941142004264184e-01,4.864293289854602562e-03,2.472559117997977576e-02,5.241885916571870085e-02,0.000000000000000000e+00
2.419999999999999929e+00,2.933832776028482137e-01,-2.347059901761493761e-01,4.987188023297256523e-03,2.443257773074590175e-02,5.352329629600466321e-02,0.000000000000000000e+00
2.425000000000000266e+00,2.922107287370371842e-01,-2.343127015128255997e-01,5.108621826239228766e-03,2.414121970594259800e-02,5.461346773830030865e-02,0.000000000000000000e+00
2.430000000000000160e+00,2.910401590727715870e-01,-2.339143217739063640e-01,5.228602986478253847e-03,2.385152133256440363e-02,5.568946961285345387e-02,0.000000000000000000e+00
2.435000000000000053e+00,2.898715938826366689e-01,-2.335109239873258691e-01,5.347139812301977303e-03,2.356348658027914572e-02,5.675139794868104548e-02,0.000000000000000000e+00
2.439999999999999947e+00,2.887050580754144669e-01,-2.331025806466127115e-01,5.464240631211749084e-03,2.327711916559064773e-02,5.779934867463357162e-02,0.000000000000000000e+00
2.444999999999999840e+00,2.875405761987530617e-01,-2.326893637120406311e-01,5.579913788667116570e-03,2.299242255595651541e-02,5.883341761063655417e-02,0.000000000000000000e+00
2.450000000000000178e+00,2.863781724418297259e-01,-2.322713446118174763e-01,5.694167646850794261e-03,2.270939997386123288e-02,5.985370045910826109e-02,0.000000000000000000e+00
2.455000000000000071e+00,2.852178706380084083e-01,-2.318485942433118618e-01,5.807010583453887237e-03,2.242805440084482543e-02,6.086029279655004454e-02,0.000000000000000000e+00
2.459999999999999964e+00,2.840596942674906700e-01,-2.314211829743163806e-01,5.918450990481152404e-03,2.214838858148733200e-02,6.185329006530736196e-02,0.000000000000000000e+00
2.464999999999999858e+00,2.829036664599602902e-01,-2.309891806443467033e-01,6.028497273076062479e-03,2.187040502734934055e-02,6.283278756549930122e-02,0.000000000000000000e+00
2.470000000000000195e+00,2.817498099972214898e-01,-2.305526565659756222e-01,6.137157848365474080e-03,2.159410602086886399e-02,6.379888044711415351e-02,0.000000000000000000e+00
2.475000000000000089e+00,2.805981473158300488e-01,-2.301116795262012904e-01,6.244441144323664011e-03,2.131949361921478200e-02,6.475166370226868862e-02,0.000000000000000000e+00
2.479999999999999982e+00,2.794487005097178178e-01,-2.296663177878489615e-01,6.350355598655527296e-03,2.104656965809715771e-02,6.569123215762882884e-02,0.000000000000000000e+00
2.484999999999999876e+00,2.783014913328099582e-01,-2.292166390910050922e-01,6.454909657698721000e-03,2.077533575553466155e-02,6.661768046699004242e-02,0.000000000000000000e+00
2.490000000000000213e+00,2.771565412016350205e-01,-2.287627106544835587e-01,6.558111775344534385e-03,2.050579331557940074e-02,6.753110310401404248e-02,0.000000000000000000e+00
2.495000000000000107e+00,2.760138711979275294e-01,-2.283045991773226813e-01,6.659970411977282449e-03,2.023794353199940763e-02,6.843159435512125022e-02,0.000000000000000000e+00
2.500000000000000000e+00,2.748735020712230748e-01,-2.278423708403127246e-01,6.760494033432002531e-03,1.997178739191908178e-02,6.931924831253524766e-02,0.000000000000000000e+00
2.504999999999999893e+00,2.737354542414457415e-01,-2.273760913075528467e-01,6.859691109970251881e-03,1.970732567941784960e-02,7.019415886747834565e-02,0.000000000000000000e+00
2.510000000000000231e+00,2.725997478014874353e-01,-2.269058257280369695e-01,6.957570115273790240e-03,1.944455897908734660e-02,7.105641970351521397e-02,0.000000000000000000e+00
2.515000000000000124e+00,2.714664025197796038e-01,-2.264316387372676820e-01,7.054139525455950521e-03,1.918348767954738271e-02,7.190612429004315798e-02,0.000000000000000000e+00
2.520000000000000018e+00,2.703354378428564631e-01,-2.259535944588976220e-01,7.149407818090483362e-03,1.892411197692098201e-02,7.274336587592684922e-02,0.000000000000000000e+00
2.524999999999999911e+00,2.692068728979101211e-01,-2.254717565063975027e-01,7.243383471257676051e-03,1.866643187826881253e-02,7.356823748327485923e-02,0.000000000000000000e+00
2.530000000000000249e+00,2.680807264953372626e-01,-2.249861879847501744e-01,7.336074962607542008e-03,1.841044720498325252e-02,7.438083190135695577e-02,0.000000000000000000e+00
2.535000000000000142e+00,2.669570171312772855e-01,-2.244969514921700271e-01,7.427490768439881305e-03,1.815615759614241584e-02,7.518124168065938584e-02,0.000000000000000000e+00
2.540000000000000036e+00,2.658357629901418329e-01,-2.240041091218470670e-01,7.517639362801013629e-03,1.790356251182443487e-02,7.596955912707668845e-02,0.000000000000000000e+00
2.544999999999999929e+00,2.647169819471354435e-01,-2.235077224637150306e-01,7.606529216596978962e-03,1.765266123638226450e-02,7.674587629623770557e-02,0.000000000000000000e+00
2.550000000000000266e+00,2.636006915707674314e-01,-2.230078526062428124e-01,7.694168796723017782e-03,1.740345288167934046e-02,7.751028498796411204e-02,0.000000000000000000e+00
2.555000000000000160e+00,2.624869091253546616e-01,-2.225045601382486804e-01,7.780566565209132146e-03,1.715593639028635889e-02,7.826287674085935508e-02,0.000000000000000000e+00
2.560000000000000053e+00,2.613756515735151664e-01,-2.219979051507365853e-01,7.865730978381535107e-03,1.691011053863950356e-02,7.900374282702624096e-02,0.000000000000000000e+00
2.564999999999999947e+00,2.602669355786527139e-01,-2.214879472387539516e-01,7.949670486039788972e-03,1.666597394016038763e-02,7.973297424691175306e-02,0.000000000000000000e+00
2.569999999999999840e+00,2.591607775074317166e-01,-2.209747455032702868e-01,8.032393530649458921e-03,1.642352504833805710e-02,8.045066172427624285e-02,0.000000000000000000e+00
2.575000000000000178e+00,2.580571934322430372e-01,-2.204583585530762169e-01,8.113908546550073833e-03,1.618276215977330901e-02,8.115689570128595265e-02,0.000000000000000000e+00
2.580000000000000071e+00,2.569561991336600237e-01,-2.199388445067021192e-01,8.194223959178216499e-03,1.594368341718564383e-02,8.185176633372712174e-02,0.000000000000000000e+00
2.584999999999999964e+00,2.558578101028849971e-01,-2.194162609943558495e-01,8.273348184305560210e-03,1.570628681238318489e-02,8.253536348633937203e-02,0.000000000000000000e+00
2.589999999999999858e+00,2.547620415441859687e-01,-2.188906651598790942e-01,8.351289627291659176e-03,1.547057018919581473e-02,8.320777672826713822e-02,0.000000000000000000e+00
2.595000000000000195e+00,2.536689083773235875e-01,-2.183621136627216242e-01,8.428056682351312348e-03,1.523653124637187016e-02,8.386909532862693584e-02,0.000000000000000000e+00
2.600000000000000089e+00,2.525784252399679852e-01,-2.178306626799330903e-01,8.503657731836323716e-03,1.500416754043868740e-02,8.451940825218923203e-02,0.000000000000000000e+00
2.604999999999999982e+00,2.514906064901059612e-01,-2.172963679081716115e-01,8.578101145531475194e-03,1.477347648852730434e-02,8.515880415517299018e-02,0.000000000000000000e+00
2.609999999999999876e+00,2.504054662084377880e-01,-2.167592845657286826e-01,8.651395279964529950e-03,1.454445537116161140e-02,8.578737138115105632e-02,0.000000000000000000e+00
2.615000000000000213e+00,2.493230182007638851e-01,-2.162194673945700418e-01,8.723548477730097908e-03,1.431710133501227708e-02,8.640519795706536055e-02,0.000000000000000000e+00
2.620000000000000107e+00,2.482432760003614181e-01,-2.156769706623917759e-01,8.794569066827181286e-03,1.409141139561573101e-02,8.701237158934910232e-02,0.000000000000000000e+00
2.625000000000000000e+00,2.471662528703504336e-01,-2.151318481646911640e-01,8.864465360010226683e-03,1.386738244005851842e-02,8.760897966015576688e-02,0.000000000000000000e+00
2.629999999999999893e+00,2.460919618060496139e-01,-2.145841532268519258e-01,8.933245654153518928e-03,1.364501122962733133e-02,8.819510922369255823e-02,0.000000000000000000e+00
2.635000000000000231e+00,2.450204155373216786e-01,-2.140339387062431820e-01,9.000918229628732808e-03,1.342429440242501500e-02,8.877084700265627792e-02,0.000000000000000000e+00
2.640000000000000124e+00,2.439516265309081278e-01,-2.134812569943318472e-01,9.067491349695483080e-03,1.320522847595284599e-02,8.933627938477137209e-02,0.000000000000000000e+00
2.645000000000000018e+00,2.428856069927534667e-01,-2.129261600188077364e-01,9.132973259904706223e-03,1.298780984965940306e-02,8.989149241942734347e-02,0.000000000000000000e+00
2.649999999999999911e+00,2.418223688703187158e-01,-2.123686992457210765e-01,9.197372187514697012e-03,1.277203480745630997e-02,9.043657181441472348e-02,0.000000000000000000e+00
2.655000000000000249e+00,2.407619238548842910e-01,-2.118089256816319543e-01,9.260696340919645497e-03,1.255789952020117291e-02,9.097160293275796672e-02,0.000000000000000000e+00
2.660000000000000142e+00,2.397042833838420040e-01,-2.112468898757712543e-01,9.322953909090504407e-03,1.234540004814798850e-02,9.149667078964338063e-02,0.000000000000000000e+00
2.665000000000000036e+00,2.386494586429763476e-01,-2.106826419222125046e-01,9.384153061028036036e-03,1.213453234336535000e-02,9.201186004944147956e-02,0.000000000000000000e+00
2.669999999999999929e+00,2.375974605687347918e-01,-2.101162314620543536e-01,9.444301945227858222e-03,1.192529225212272601e-02,9.251725502282170943e-02,0.000000000000000000e+00
2.675000000000000266e+00,2.365482998504871703e-01,-2.095477076856131771e-01,9.503408689157348890e-03,1.171767551724512552e-02,9.301293966395760004e-02,0.000000000000000000e+00
2.680000000000000160e+00,2.355019869327741044e-01,-2.089771193346253164e-01,9.561481398744249571e-03,1.151167778043644084e-02,9.349899756782276139e-02,0.000000000000000000e+00
2.685000000000000053e+00,2.344585320175443799e-01,-2.084045147044587543e-01,9.618528157876797893e-03,1.130729458457175804e-02,9.397551196757406022e-02,0.000000000000000000e+00
2.689999999999999947e+00,2.334179450663812494e-01,-2.078299416463335603e-01,9.674557027915255472e-03,1.110452137595894714e-02,9.444256573202214344e-02,0.000000000000000000e+00
2.694999999999999840e+00,2.323802358027176052e-01,-2.072534475695507472e-01,9.729576047214655993e-03,1.090335350656981318e-02,9.490024136318746251e-02,0.000000000000000000e+00
2.700000000000000178e+00,2.313454137140399103e-01,-2.066750794437294536e-01,9.783593230658646847e-03,1.070378623624109772e-02,9.534862099394061929e-02,0.000000000000000000e+00
2.705000000000000071e+00,2.303134880540811391e-01,-2.060948838010514539e-01,9.836616569204250857e-03,1.050581473484563967e-02,9.578778638572535420e-02,0.000000000000000000e+00
2.709999999999999964e+00,2.292844678450022267e-01,-2.055129067385133013e-01,9.888654029437411036e-03,1.030943408443396776e-02,9.621781892636308009e-02,0.000000000000000000e+00
2.714999999999999858e+00,2.282583618795623603e-01,-2.049291939201851875e-01,9.939713553139176150e-03,1.011463928134662474e-02,9.663879962793803235e-02,0.000000000000000000e+00
2.720000000000000195e+00,2.272351787232780307e-01,-2.043437905794764087e-01,9.989803056862367470e-03,9.921425238297514743e-03,9.705080912476103661e-02,0.000000000000000000e+00
2.725000000000000089e+00,2.262149267165705357e-01,-2.037567415214070754e-01,1.003893043151859663e-02,9.729786786428549702e-03,9.745392767141097812e-02,0.000000000000000000e+00
2.729999999999999982e+00,2.251976139769023555e-01,-2.031680911248855137e-01,1.008710354197548190e-02,9.539718677335884411e-03,9.784823514085347340e-02,0.000000000000000000e+00
2.734999999999999876e+00,2.241832484009019244e-01,-2.025778833449912997e-01,1.013433022666392416e-02,9.351215585068036948e-03,9.823381102263385733e-02,0.000000000000000000e+00
2.740000000000000213e+00,2.231718376664771075e-01,-2.019861617152632904e-01,1.018061829719531242e-02,9.164272108096156375e-03,9.861073442114481891e-02,0.000000000000000000e+00
2.745000000000000107e+00,2.221633892349171302e-01,-2.013929693499925400e-01,1.022597553798849750e-02,8.978882771256737824e-03,9.897908405396682596e-02,0.000000000000000000e+00
2.750000000000000000e+00,2.211579103529831003e-01,-2.007983489465195170e-01,1.027040970590642303e-02,8.795042027667053855e-03,9.933893825028006219e-02,0.000000000000000000e+00
2.754999999999999893e+00,2.201554080549870118e-01,-2.002023427875357087e-01,1.031392852990226268e-02,8.612744260613583100e-03,9.969037494934707144e-02,0.000000000000000000e+00
2.760000000000000231e+00,2.191558891648592300e-01,-1.996049927433887206e-01,1.035653971067492830e-02,8.431983785413717236e-03,1.000334716990646661e-01,0.000000000000000000e+00
2.765000000000000124e+00,2.181593602982044300e-01,-1.990063402743910692e-01,1.039825092033382428e-02,8.252754851251018625e-03,1.003683056545839197e-01,0.000000000000000000e+00
2.770000000000000018e+00,2.171658278643459616e-01,-1.984064264331320548e-01,1.043906980207271254e-02,8.075051642984304445e-03,1.006949535769977033e-01,0.000000000000000000e+00
2.774999999999999911e+00,2.161752980683587511e-01,-1.978052918667925486e-01,1.047900396985255826e-02,7.898868282930822729e-03,1.010134918320936270e-01,0.000000000000000000e+00
2.780000000000000249e+00,2.151877769130905171e-01,-1.972029768194622779e-01,1.051806100809322617e-02,7.724198832623806535e-03,1.013239963891724993e-01,0.000000000000000000e+00
2.785000000000000142e+00,2.142032702011714140e-01,-1.965995211344594429e-01,1.055624847137390070e-02,7.551037294544652584e-03,1.016265428199299992e-01,0.000000000000000000e+00
2.790000000000000036e+00,2.132217835370120995e-01,-1.959949642566522765e-01,1.059357388414210351e-02,7.379377613830018397e-03,1.019212062974016869e-01,0.000000000000000000e+00
2.794999999999999929e+00,2.122433223287901460e-01,-1.953893452347822968e-01,1.063004474043119027e-02,7.209213679954082528e-03,1.022080615949690630e-01,0.000000000000000000e+00
2.800000000000000266e+00,2.112678917904249332e-01,-1.947827027237890030e-01,1.066566850358618979e-02,7.040539328386241115e-03,1.024871830854271054e-01,0.000000000000000000e+00
2.805000000000000160e+00,2.102954969435407995e-01,-1.941750749871356263e-01,1.070045260599787086e-02,6.873348342224503554e-03,1.027586447401106773e-01,0.000000000000000000e+00
2.810000000000000053e+00,2.093261426194185926e-01,-1.935664998991359353e-01,1.073440444884492424e-02,6.707634453804844910e-03,1.030225201280798725e-01,0.000000000000000000e+00
2.814999999999999947e+00,2.083598334609356451e-01,-1.929570149472814022e-01,1.076753140184412427e-02,6.543391346286776995e-03,1.032788824153631213e-01,0.000000000000000000e+00
2.819999999999999840e+00,2.073965739244939821e-01,-1.923466572345688685e-01,1.079984080300835925e-02,6.380612655215391407e-03,1.035278043642566398e-01,0.000000000000000000e+00
2.825000000000000178e+00,2.064363682819370938e-01,-1.917354634818283221e-01,1.083133995841241599e-02,6.219291970060135573e-03,1.037693583326798202e-01,0.000000000000000000e+00
2.830000000000000071e+00,2.054792206224548556e-01,-1.911234700300503964e-01,1.086203614196640591e-02,6.059422835730572492e-03,1.040036162735849534e-01,0.000000000000000000e+00
2.834999999999999964e+00,2.045251348544769310e-01,-1.905107128427135643e-01,1.089193659519670059e-02,5.900998754069374831e-03,1.042306497344211852e-01,0.000000000000000000e+00
2.839999999999999858e+00,2.035741147075545432e-01,-1.898972275081106109e-01,1.092104852703428691e-02,5.744013185322801446e-03,1.044505298566508894e-01,0.000000000000000000e+00
2.845000000000000195e+00,2.026261637342305910e-01,-1.892830492416743005e-01,1.094937911361041315e-02,5.588459549588916525e-03,1.046633273753178606e-01,0.000000000000000000e+00
2.850000000000000089e+00,2.016812853118980786e-01,-1.886682128883018783e-01,1.097693549805942546e-02,5.434331228243780357e-03,1.048691126186669931e-01,0.000000000000000000e+00
2.854999999999999982e+00,2.007394826446470271e-01,-1.880527529246782681e-01,1.100372479032867175e-02,5.281621565345871044e-03,1.050679555078135319e-01,0.000000000000000000e+00
2.859999999999999876e+00,1.998007587650997285e-01,-1.874367034615976313e-01,1.102975406699538766e-02,5.130323869018973103e-03,1.052599255564615893e-01,0.000000000000000000e+00
2.865000000000000213e+00,1.988651165362344264e-01,-1.868200982462832616e-01,1.105503037109042963e-02,4.980431412813774057e-03,1.054450918706710816e-01,0.000000000000000000e+00
2.870000000000000107e+00,1.979325586531973102e-01,-1.862029706647053418e-01,1.107956071192877333e-02,4.831937437048411041e-03,1.056235231486722381e-01,0.000000000000000000e+00
2.875000000000000000e+00,1.970030876451030477e-01,-1.855853537438966194e-01,1.110335206494665605e-02,4.684835150128202445e-03,1.057952876807261300e-01,0.000000000000000000e+00
2.879999999999999893e+00,1.960767058768236593e-01,-1.849672801542656120e-01,1.112641137154527123e-02,4.539117729844799679e-03,1.059604533490316330e-01,0.000000000000000000e+00
2.885000000000000231e+00,1.951534155507658741e-01,-1.843487822119072028e-01,1.114874553894090563e-02,4.394778324654996689e-03,1.061190876276768558e-01,0.000000000000000000e+00
2.890000000000000124e+00,1.942332187086369122e-01,-1.837298918809104065e-01,1.117036144002141879e-02,4.251810054939422767e-03,1.062712575826346428e-01,0.000000000000000000e+00
2.895000000000000018e+00,1.933161172331987754e-01,-1.831106407756631638e-01,1.119126591320896737e-02,4.110206014241356287e-03,1.064170298718014884e-01,0.000000000000000000e+00
2.899999999999999911e+00,1.924021128500109645e-01,-1.824910601631539453e-01,1.121146576232887396e-02,3.969959270485877954e-03,1.065564707450789433e-01,0.000000000000000000e+00
2.905000000000000249e+00,1.914912071291617612e-01,-1.818711809652699130e-01,1.123096775648454657e-02,3.831062867179600359e-03,1.066896460444965583e-01,0.000000000000000000e+00
2.910000000000000142e+00,1.905834014869879633e-01,-1.812510337610915567e-01,1.124977862993834302e-02,3.693509824591190236e-03,1.068166212043759056e-01,0.000000000000000000e+00
2.915000000000000036e+00,1.896786971877832406e-01,-1.806306487891836121e-01,1.126790508199829177e-02,3.557293140912909813e-03,1.069374612515343465e-01,0.000000000000000000e+00
2.919999999999999929e+00,1.887770953454949441e-01,-1.800100559498820085e-01,1.128535377691057898e-02,3.422405793403394958e-03,1.070522308055287392e-01,0.000000000000000000e+00
2.925000000000000266e+00,1.878785969254095911e-01,-1.793892848075767932e-01,1.130213134375769417e-02,3.288840739511891733e-03,1.071609940789371995e-01,0.000000000000000000e+00
2.930000000000000160e+00,1.869832027458268042e-01,-1.787683645929906973e-01,1.131824437636215833e-02,3.156590917984169499e-03,1.072638148776792894e-01,0.000000000000000000e+00
2.935000000000000053e+00,1.860909134797220643e-01,-1.781473242054533723e-01,1.133369943319573019e-02,3.025649249950321772e-03,1.073607566013725506e-01,0.000000000000000000e+00
2.939999999999999947e+00,1.852017296563979454e-01,-1.775261922151710470e-01,1.134850303729401620e-02,2.896008639994668635e-03,1.074518822437264959e-01,0.000000000000000000e+00
2.944999999999999840e+00,1.843156516631241082e-01,-1.769049968654913818e-01,1.136266167617637143e-02,2.767661977207977117e-03,1.075372543929715985e-01,0.000000000000000000e+00
2.950000000000000178e+00,1.834326797467658587e-01,-1.762837660751634394e-01,1.137618180177103408e-02,2.640602136222202929e-03,1.076169352323233519e-01,0.000000000000000000e+00
2.955000000000000071e+00,1.825528140154016044e-01,-1.756625274405927140e-01,1.138906983034537745e-02,2.514821978227963460e-03,1.076909865404810512e-01,0.000000000000000000e+00
2.959999999999999964e+00,1.816760544399288468e-01,-1.750413082380907759e-01,1.140133214244121000e-02,2.390314351974951509e-03,1.077594696921598261e-01,0.000000000000000000e+00
2.964999999999999858e+00,1.808024008556591566e-01,-1.744201354261198100e-01,1.141297508281504183e-02,2.267072094755487495e-03,1.078224456586557856e-01,0.000000000000000000e+00
2.970000000000000195e+00,1.799318529639016839e-01,-1.737990356475315468e-01,1.142400496038321715e-02,2.145088033371417031e-03,1.078799750084435127e-01,0.000000000000000000e+00
2.975000000000000089e+00,1.790644103335357062e-01,-1.731780352318005589e-01,1.143442804817184667e-02,2.024354985084554637e-03,1.079321179078052556e-01,0.000000000000000000e+00
2.979999999999999982e+00,1.782000724025719629e-01,-1.725571601972518965e-01,1.144425058327145153e-02,1.904865758550868546e-03,1.079789341214909548e-01,0.000000000000000000e+00
2.984999999999999876e+00,1.773388384797028039e-01,-1.719364362532827817e-01,1.145347876679623199e-02,1.786613154738605656e-03,1.080204830134088578e-01,0.000000000000000000e+00
2.990000000000000213e+00,1.764807077458412643e-01,-1.713158888025783644e-01,1.146211876384789496e-02,1.669589967830553299e-03,1.080568235473455679e-01,0.000000000000000000e+00
2.995000000000000107e+00,1.756256792556491475e-01,-1.706955429433212879e-01,1.147017670348394677e-02,1.553788986110627790e-03,1.080880142877157224e-01,0.000000000000000000e+00
3.000000000000000000e+00,1.747737519390540062e-01,-1.700754234713950375e-01,1.147765867869038336e-02,1.439202992834984684e-03,1.081141134003394816e-01,0.000000000000000000e+00
3.004999999999999893e+00,1.739249246027551599e-01,-1.694555548825808222e-01,1.148457074635870004e-02,1.325824767087838097e-03,1.081351786532487869e-01,0.000000000000000000e+00
3.010000000000000231e+00,1.730791959317186934e-01,-1.688359613747481835e-01,1.149091892726713908e-02,1.213647084622175359e-03,1.081512674175202082e-01,0.000000000000000000e+00
3.015000000000000124e+00,1.722365644906615756e-01,-1.682166668500387485e-01,1.149670920606609900e-02,1.102662718685559545e-03,1.081624366681347704e-01,0.000000000000000000e+00
3.020000000000000018e+00,1.713970287255248415e-01,-1.675976949170434327e-01,1.150194753126764814e-02,9.928644408311972699e-04,1.081687429848641468e-01,0.000000000000000000e+00
3.024999999999999911e+00,1.705605869649359507e-01,-1.669790688929727596e-01,1.150663981523904721e-02,8.842450217144590899e-04,1.081702425531820971e-01,0.000000000000000000e+00
3.030000000000000249e+00,1.697272374216602375e-01,-1.663608118058203245e-01,1.151079193420022177e-02,7.767972318750304304e-04,1.081669911652011068e-01,0.000000000000000000e+00
3.035000000000000142e+00,1.688969781940416193e-01,-1.657429463965190974e-01,1.151440972822510671e-02,6.705138425048752949e-04,1.081590442206336183e-01,0.000000000000000000e+00
3.040000000000000036e+00,1.680698072674325083e-01,-1.651254951210907040e-01,1.151749900124680523e-02,5.653876262021874204e-04,1.081464567277767436e-01,0.000000000000000000e+00
3.044999999999999929e+00,1.672457225156130378e-01,-1.645084801527874618e-01,1.152006552106647069e-02,4.614113577115076087e-04,1.081292833045210122e-01,0.000000000000000000e+00
3.050000000000000266e+00,1.664247217021995462e-01,-1.638919233842270895e-01,1.152211501936585905e-02,3.585778146501765332e-04,1.081075781793812279e-01,0.000000000000000000e+00
3.055000000000000160e+00,1.656068024820424589e-01,-1.632758464295199219e-01,1.152365319172348433e-02,2.568797782213021294e-04,1.080813951925503474e-01,0.000000000000000000e+00
3.060000000000000053e+00,1.647919624026134844e-01,-1.626602706263887699e-01,1.152468569763430081e-02,1.563100339134072922e-04,1.080507877969745789e-01,0.000000000000000000e+00
3.064999999999999947e+00,1.639801989053822628e-01,-1.620452170382810642e-01,1.152521816053285290e-02,5.686137218692740582e-05,1.080158090594502823e-01,0.000000000000000000e+00
3.070000000000000284e+00,1.631715093271825234e-01,-1.614307064564733663e-01,1.152525616781982162e-02,-4.147341085227211274e-05,1.079765116617413534e-01,0.000000000000000000e+00
3.075000000000000178e+00,1.623658909015676666e-01,-1.608167594021681079e-01,1.152480527089191041e-02,-1.387015127921941500e-04,1.079329479017169385e-01,0.000000000000000000e+00
3.080000000000000071e+00,1.615633407601559102e-01,-1.602033961285825037e-01,1.152387098517500090e-02,-2.348301242666634195e-04,1.078851696945089811e-01,0.000000000000000000e+00
3.084999999999999964e+00,1.607638559339649997e-01,-1.595906366230295526e-01,1.152245879016051792e-02,-3.298664283197649664e-04,1.078332285736893909e-01,0.000000000000000000e+00
3.089999999999999858e+00,1.599674333547365934e-01,-1.589785006089909913e-01,1.152057412944494132e-02,-4.238175997826137097e-04,1.077771756924654906e-01,0.000000000000000000e+00
3.095000000000000195e+00,1.591740698562501555e-01,-1.583670075481822259e-01,1.151822241077240030e-02,-5.166908046622926227e-04,1.077170618248943224e-01,0.000000000000000000e+00
3.100000000000000089e+00,1.583837621756267744e-01,-1.577561766426091028e-01,1.151540900608030368e-02,-6.084931995428031690e-04,1.076529373671148426e-01,0.000000000000000000e+00
3.104999999999999982e+00,1.575965069546224617e-01,-1.571460268366164925e-01,1.151213925154792074e-02,-6.992319309978702957e-04,1.075848523385973254e-01,0.000000000000000000e+00
3.109999999999999876e+00,1.568123007409114034e-01,-1.565365768189285467e-01,1.150841844764788173e-02,-7.889141350154488426e-04,1.075128563834100853e-01,0.000000000000000000e+00
3.115000000000000213e+00,1.560311399893590245e-01,-1.559278450246806280e-01,1.150425185920051462e-02,-8.775469364337793593e-04,1.074369987715025621e-01,0.000000000000000000e+00
3.120000000000000107e+00,1.552530210632847851e-01,-1.553198496374428861e-01,1.149964471543098860e-02,-9.651374483888394305e-04,1.073573284000047395e-01,0.000000000000000000e+00
3.125000000000000000e+00,1.544779402357150389e-01,-1.547126085912352844e-01,1.149460221002917594e-02,-1.051692771773042514e-03,1.072738937945421356e-01,0.000000000000000000e+00
3.129999999999999893e+00,1.537058936906257056e-01,-1.541061395725341621e-01,1.148912950121220439e-02,-1.137219994705035431e-03,1.071867431105663071e-01,0.000000000000000000e+00
3.135000000000000231e+00,1.529368775241750078e-01,-1.535004600222701354e-01,1.148323171178962550e-02,-1.221726192010447708e-03,1.070959241346999130e-01,0.000000000000000000e+00
3.140000000000000124e+00,1.521708877459262976e-01,-1.528955871378174514e-01,1.147691392923115561e-02,-1.305218424713449005e-03,1.070014842860965432e-01,0.000000000000000000e+00
3.145000000000000018e+00,1.514079202800607538e-01,-1.522915378749746251e-01,1.147018120573693560e-02,-1.387703739538969023e-03,1.069034706178144667e-01,0.000000000000000000e+00
3.149999999999999911e+00,1.506479709665804190e-01,-1.516883289499362242e-01,1.146303855831024704e-02,-1.469189168425436877e-03,1.068019298182041887e-01,0.000000000000000000e+00
3.155000000000000249e+00,1.498910355625012736e-01,-1.510859768412560478e-01,1.145549096883263784e-02,-1.549681728047902366e-03,1.066969082123089690e-01,0.000000000000000000e+00
3.160000000000000142e+00,1.491371097430365666e-01,-1.504844977918012583e-01,1.144754338414141759e-02,-1.629188419351397955e-03,1.065884517632788575e-01,0.000000000000000000e+00
3.165000000000000036e+00,1.483861891027703495e-01,-1.498839078106977973e-01,1.143920071610944784e-02,-1.707716227094403143e-03,1.064766060737964704e-01,0.000000000000000000e+00
3.169999999999999929e+00,1.476382691568214056e-01,-1.492842226752667534e-01,1.143046784172719460e-02,-1.785272119402277202e-03,1.063614163875154089e-01,0.000000000000000000e+00
3.175000000000000266e+00,1.468933453419973556e-01,-1.486854579329517922e-01,1.142134960318699245e-02,-1.861863047330520422e-03,1.062429275905103637e-01,0.000000000000000000e+00
3.180000000000000160e+00,1.461514130179393522e-01,-1.480876289032376225e-01,1.141185080796946680e-02,-1.937495944437737233e-03,1.061211842127386673e-01,0.000000000000000000e+00
3.185000000000000053e+00,1.454124674682570062e-01,-1.474907506795592460e-01,1.140197622893206197e-02,-2.012177726368163076e-03,1.059962304295125612e-01,0.000000000000000000e+00
3.189999999999999947e+00,1.446765039016539023e-01,-1.468948381312023543e-01,1.139173060439963893e-02,-2.085915290443629035e-03,1.058681100629825789e-01,0.000000000000000000e+00
3.195000000000000284e+00,1.439435174530436512e-01,-1.462999059051943440e-01,1.138111863825709037e-02,-2.158715515264831089e-03,1.057368665836311006e-01,0.000000000000000000e+00
3.200000000000000178e+00,1.432135031846564766e-01,-1.457059684281863665e-01,1.137014500004391790e-02,-2.230585260321776928e-03,1.056025431117758318e-01,0.000000000000000000e+00
3.205000000000000071e+00,1.424864560871363373e-01,-1.451130399083260247e-01,1.135881432505074853e-02,-2.301531365613287364e-03,1.054651824190832032e-01,0.000000000000000000e+00
3.209999999999999964e+00,1.417623710806288351e-01,-1.445211343371209933e-01,1.134713121441771784e-02,-2.371560651275422902e-03,1.053248269300906120e-01,0.000000000000000000e+00
3.214999999999999858e+00,1.410412430158597963e-01,-1.439302654912932578e-01,1.133510023523469357e-02,-2.440679917218711859e-03,1.051815187237382931e-01,0.000000000000000000e+00
3.220000000000000195e+00,1.403230666752045275e-01,-1.433404469346240828e-01,1.132272592064329647e-02,-2.508895942774060778e-03,1.050352995349094903e-01,0.000000000000000000e+00
3.225000000000000089e+00,1.396078367737479675e-01,-1.427516920197897665e-01,1.131001276994066107e-02,-2.576215486347224835e-03,1.048862107559789397e-01,0.000000000000000000e+00
3.229999999999999982e+00,1.388955479603356247e-01,-1.421640138901879569e-01,1.129696524868491203e-02,-2.642645285081713334e-03,1.047342934383697910e-01,0.000000000000000000e+00
3.234999999999999876e+00,1.381861948186154376e-01,-1.415774254817545874e-01,1.128358778880229896e-02,-2.708192054530021448e-03,1.045795882941177452e-01,0.000000000000000000e+00
3.240000000000000213e+00,1.374797718680705605e-01,-1.409919395247715146e-01,1.126988478869595488e-02,-2.772862488333061991e-03,1.044221356974434078e-01,0.000000000000000000e+00
3.245000000000000107e+00,1.367762735650430717e-01,-1.404075685456647460e-01,1.125586061335624027e-02,-2.836663257907686645e-03,1.042619756863306379e-01,0.000000000000000000e+00
3.250000000000000000e+00,1.360756943037489120e-01,-1.398243248687931206e-01,1.124151959447262754e-02,-2.899601012142176935e-03,1.040991479641130979e-01,0.000000000000000000e+00
3.254999999999999893e+00,1.353780284172836079e-01,-1.392422206182276634e-01,1.122686603054708944e-02,-2.961682377099601315e-03,1.039336919010662996e-01,0.000000000000000000e+00
3.260000000000000231e+00,1.346832701786194186e-01,-1.386612677195215027e-01,1.121190418700894822e-02,-3.022913955728911712e-03,1.037656465360064367e-01,0.000000000000000000e+00
3.265000000000000124e+00,1.339914138015934342e-01,-1.380814779014701565e-01,1.119663829633115587e-02,-3.083302327583681973e-03,1.035950505778952674e-01,0.000000000000000000e+00
3.270000000000000018e+00,1.333024534418870144e-01,-1.375028626978624935e-01,1.118107255814795517e-02,-3.142854048548372400e-03,1.034219424074504373e-01,0.000000000000000000e+00
3.274999999999999911e+00,1.326163831979964847e-01,-1.369254334492220615e-01,1.116521113937389738e-02,-3.201575650572008498e-03,1.032463600787614649e-01,0.000000000000000000e+00
3.280000000000000249e+00,1.319331971121950609e-01,-1.363492013045389806e-01,1.114905817432416610e-02,-3.259473641409176784e-03,1.030683413209109583e-01,0.000000000000000000e+00
3.285000000000000142e+00,1.312528891714862811e-01,-1.357741772229923150e-01,1.113261776483618834e-02,-3.316554504368220569e-03,1.028879235396005370e-01,0.000000000000000000e+00
3.290000000000000036e+00,1.305754533085487501e-01,-1.352003719756628142e-01,1.111589398039247202e-02,-3.372824698066537261e-03,1.027051438187817078e-01,0.000000000000000000e+00
3.294999999999999929e+00,1.299008834026723624e-01,-1.346277961472362172e-01,1.109889085824466298e-02,-3.428290656192873979e-03,1.025200389222909458e-01,0.000000000000000000e+00
3.300000000000000266e+00,1.292291732806860327e-01,-1.340564601376968978e-01,1.108161240353876947e-02,-3.482958787276512619e-03,1.023326452954891330e-01,0.000000000000000000e+00
3.305000000000000160e+00,1.285603167178769879e-01,-1.334863741640120449e-01,1.106406258944151767e-02,-3.536835474463251999e-03,1.021429990669047716e-01,0.000000000000000000e+00
3.310000000000000053e+00,1.278943074389017054e-01,-1.329175482618062121e-01,1.104624535726781744e-02,-3.589927075298078238e-03,1.019511360498809027e-01,0.000000000000000000e+00
3.314999999999999947e+00,1.272311391186883855e-01,-1.323499922870263745e-01,1.102816461660929837e-02,-3.642239921514430108e-03,1.017570917442256334e-01,0.000000000000000000e+00
3.320000000000000284e+00,1.265708053833312641e-01,-1.317837159175973272e-01,1.100982424546387804e-02,-3.693780318829958768e-03,1.015609013378656056e-01,0.000000000000000000e+00
3.325000000000000178e+00,1.259132998109765422e-01,-1.312187286550674792e-01,1.099122809036633640e-02,-3.744554546748685153e-03,1.013625997085028096e-01,0.000000000000000000e+00
3.330000000000000071e+00,1.252586159327002402e-01,-1.306550398262452395e-01,1.097237996651987020e-02,-3.794568858369460479e-03,1.011622214252737850e-01,0.000000000000000000e+00
3.334999999999999964e+00,1.246067472333778070e-01,-1.300926585848256878e-01,1.095328365792858083e-02,-3.843829480200634027e-03,1.009598007504116379e-01,0.000000000000000000e+00
3.339999999999999858e+00,1.239576871525456120e-01,-1.295315939130076976e-01,1.093394291753088145e-02,-3.892342611980834088e-03,1.007553716409103767e-01,0.000000000000000000e+00
3.345000000000000195e+00,1.233114290852544009e-01,-1.289718546231014840e-01,1.091436146733377500e-02,-3.940114426505772309e-03,1.005489677501910234e-01,0.000000000000000000e+00
3.350000000000000089e+00,1.226679663829147865e-01,-1.284134493591266302e-01,1.089454299854799267e-02,-3.987151069460974709e-03,1.003406224297700849e-01,0.000000000000000000e+00
3.354999999999999982e+00,1.220272923541346893e-01,-1.278563865984004844e-01,1.087449117172395452e-02,-4.033458659260355690e-03,1.001303687309294671e-01,0.000000000000000000e+00
3.359999999999999876e+00,1.213894002655488968e-01,-1.273006746531170075e-01,1.085420961688851257e-02,-4.079043286890541783e-03,9.991823940638783208e-02,0.000000000000000000e+00
3.365000000000000213e+00,1.207542833426407808e-01,-1.267463216719161567e-01,1.083370193368246928e-02,-4.123911015760854497e-03,9.970426691197349645e-02,0.000000000000000000e+00
3.370000000000000107e+00,1.201219347705561324e-01,-1.261933356414435548e-01,1.081297169149882630e-02,-4.168067881558870300e-03,9.948848340829816173e-02,0.000000000000000000e+00
3.375000000000000000e+00,1.194923476949092817e-01,-1.256417243879007772e-01,1.079202242962173930e-02,-4.211519892111468405e-03,9.927092076243149155e-02,0.000000000000000000e+00
3.379999999999999893e+00,1.188655152225814443e-01,-1.250914955785860094e-01,1.077085765736616324e-02,-4.254273027251281349e-03,9.905161054957682676e-02,0.000000000000000000e+00
3.385000000000000231e+00,1.182414304225114093e-01,-1.245426567234252102e-01,1.074948085421814463e-02,-4.296333238688464229e-03,9.883058405474712260e-02,0.000000000000000000e+00
3.390000000000000124e+00,1.176200863264786067e-01,-1.239952151764937838e-01,1.072789546997573833e-02,-4.337706449887698476e-03,9.860787227444098302e-02,0.000000000000000000e+00
3.395000000000000018e+00,1.170014759298785428e-01,-1.234491781375286895e-01,1.070610492489054190e-02,-4.378398555950350352e-03,9.838350591831954151e-02,0.000000000000000000e+00
3.399999999999999911e+00,1.163855921924907555e-01,-1.229045526534311289e-01,1.068411260980978508e-02,-4.418415423501699177e-03,9.815751541088253707e-02,0.000000000000000000e+00
3.405000000000000249e+00,1.157724280392392752e-01,-1.223613456197597121e-01,1.066192188631899171e-02,-4.457762890583158964e-03,9.792993089314500077e-02,0.000000000000000000e+00
3.410000000000000142e+00,1.151619763609455782e-01,-1.218195637822141741e-01,1.063953608688514817e-02,-4.496446766549411916e-03,9.770078222431277659e-02,0.000000000000000000e+00
3.415000000000000036e+00,1.145542300150742265e-01,-1.212792137381096258e-01,1.061695851500039402e-02,-4.534472831970369662e-03,9.747009898345829204e-02,0.000000000000000000e+00
3.419999999999999929e+00,1.139491818264711243e-01,-1.207403019378413683e-01,1.059419244532617578e-02,-4.571846838537898042e-03,9.723791047119509368e-02,0.000000000000000000e+00
3.425000000000000266e+00,1.133468245880944469e-01,-1.202028346863402986e-01,1.057124112383786042e-02,-4.608574508977218709e-03,9.700424571135174423e-02,0.000000000000000000e+00
3.430000000000000160e+00,1.127471510617383682e-01,-1.196668181445189189e-01,1.054810776796977906e-02,-4.644661536962910349e-03,9.676913345264466504e-02,0.000000000000000000e+00
3.435000000000000053e+00,1.121501539787495422e-01,-1.191322583307079103e-01,1.052479556676068698e-02,-4.680113587039440130e-03,9.653260217035002089e-02,0.000000000000000000e+00
3.439999999999999947e+00,1.115558260407364666e-01,-1.185991611220833797e-01,1.050130768099959838e-02,-4.714936294546153393e-03,9.629468006797405055e-02,0.000000000000000000e+00
3.445000000000000284e+00,1.109641599202716850e-01,-1.180675322560847396e-01,1.047764724337199062e-02,-4.749135265546637445e-03,9.605539507892191242e-02,0.000000000000000000e+00
3.450000000000000178e+00,1.103751482615869389e-01,-1.175373773318232201e-01,1.045381735860635188e-02,-4.782716076762404817e-03,9.581477486816525335e-02,0.000000000000000000e+00
3.455000000000000071e+00,1.097887836812613260e-01,-1.170087018114811389e-01,1.042982110362104982e-02,-4.815684275510803171e-03,9.557284683390751545e-02,0.000000000000000000e+00
3.459999999999999964e+00,1.092050587689024632e-01,-1.164815110217017752e-01,1.040566152767149512e-02,-4.848045379647098960e-03,9.532963810924813264e-02,0.000000000000000000e+00
3.464999999999999858e+00,1.086239660878206975e-01,-1.159558101549700571e-01,1.038134165249758947e-02,-4.879804877510660228e-03,9.508517556384361857e-02,0.000000000000000000e+00
3.470000000000000195e+00,1.080454981756965027e-01,-1.154316042709839368e-01,1.035686447247143559e-02,-4.910968227875164849e-03,9.483948580556766927e-02,0.000000000000000000e+00
3.475000000000000089e+00,1.074696475452410066e-01,-1.149088982980165652e-01,1.033223295474527612e-02,-4.941540859902770859e-03,9.459259518216804608e-02,0.000000000000000000e+00
3.479999999999999982e+00,1.068964066848496763e-01,-1.143876970342692229e-01,1.030745003939965987e-02,-4.971528173102181258e-03,9.434452978292157121e-02,0.000000000000000000e+00
3.484999999999999876e+00,1.063257680592493842e-01,-1.138680051492150930e-01,1.028251863959180577e-02,-5.000935537290538205e-03,9.409531544028640337e-02,0.000000000000000000e+00
3.490000000000000213e+00,1.057577241101386456e-01,-1.133498271849338601e-01,1.025744164170414897e-02,-5.029768292559077224e-03,9.384497773155144051e-02,0.000000000000000000e+00
3.495000000000000107e+00,1.051922672568213202e-01,-1.128331675574371362e-01,1.023222190549304654e-02,-5.058031749242479849e-03,9.359354198048343287e-02,0.000000000000000000e+00
3.500000000000000000e+00,1.046293898968336383e-01,-1.123180305579848381e-01,1.020686226423763408e-02,-5.085731187891857907e-03,9.334103325897070980e-02,0.000000000000000000e+00
3.504999999999999893e+00,1.040690844065646631e-01,-1.118044203543923781e-01,1.018136552488879513e-02,-5.112871859251316535e-03,9.308747638866404772e-02,0.000000000000000000e+00
3.510000000000000231e+00,1.035113431418702989e-01,-1.112923409923288892e-01,1.015573446821825543e-02,-5.139458984238012666e-03,9.283289594261445732e-02,0.000000000000000000e+00
3.515000000000000124e+00,1.029561584386807782e-01,-1.107817963966063191e-01,1.012997184896775871e-02,-5.165497753925673424e-03,9.257731624690745953e-02,0.000000000000000000e+00
3.520000000000000018e+00,1.024035226136017634e-01,-1.102727903724595726e-01,1.010408039599831193e-02,-5.190993329531492020e-03,9.232076138229450279e-02,0.000000000000000000e+00
3.524999999999999911e+00,1.018534279645090107e-01,-1.097653266068176203e-01,1.007806281243950330e-02,-5.215950842406351720e-03,9.206325518582027245e-02,0.000000000000000000e+00
3.530000000000000249e+00,1.013058667711367739e-01,-1.092594086695656830e-01,1.005192177583884468e-02,-5.240375394028318895e-03,9.180482125244690539e-02,0.000000000000000000e+00
3.535000000000000142e+00,1.007608312956598806e-01,-1.087550400147984653e-01,1.002565993831114680e-02,-5.264272055999343579e-03,9.154548293667430503e-02,0.000000000000000000e+00
3.540000000000000036e+00,1.002183137832695775e-01,-1.082522239820644661e-01,9.999279926687901568e-03,-5.287645870045107679e-03,9.128526335415662607e-02,0.000000000000000000e+00
3.544999999999999929e+00,9.967830646274314366e-02,-1.077509637976014345e-01,9.972784342666659099e-03,-5.310501848017970539e-03,9.102418538331509545e-02,0.000000000000000000e+00
3.550000000000000266e+00,9.914080154700738445e-02,-1.072512625755629861e-01,9.946175762960378711e-03,-5.332844971902949392e-03,9.076227166694672555e-02,0.000000000000000000e+00
3.555000000000000160e+00,9.860579123369601906e-02,-1.067531233192363510e-01,9.919456739446743526e-03,-5.354680193826680951e-03,9.049954461382868354e-02,0.000000000000000000e+00
3.560000000000000053e+00,9.807326770570097552e-02,-1.062565489222514065e-01,9.892629799317426489e-03,-5.376012436069311194e-03,9.023602640031914979e-02,0.000000000000000000e+00
3.564999999999999947e+00,9.754322313171767678e-02,-1.057615421697808838e-01,9.865697445227286991e-03,-5.396846591079257002e-03,8.997173897195331893e-02,0.000000000000000000e+00
3.570000000000000284e+00,9.701564966678433155e-02,-1.052681057397318459e-01,9.838662155443482493e-03,-5.417187521490785841e-03,8.970670404503526540e-02,0.000000000000000000e+00
3.575000000000000178e+00,9.649053945281531319e-02,-1.047762422039285463e-01,9.811526383994495157e-03,-5.437040060144360601e-03,8.944094310822545135e-02,0.000000000000000000e+00
3.580000000000000071e+00,9.596788461912862667e-02,-1.042859540292865178e-01,9.784292560819042237e-03,-5.456409010109701876e-03,8.917447742412359935e-02,0.000000000000000000e+00
3.584999999999999964e+00,9.544767728296756071e-02,-1.037972435789780851e-01,9.756963091914865049e-03,-5.475299144711506978e-03,8.890732803084719360e-02,0.000000000000000000e+00
3.589999999999999858e+00,9.492990955001648357e-02,-1.033101131135892720e-01,9.729540359487384368e-03,-5.493715207557784905e-03,8.863951574360479091e-02,0.000000000000000000e+00
3.595000000000000195e+00,9.441457351491089334e-02,-1.028245647922680778e-01,9.702026722098211833e-03,-5.511661912570750034e-03,8.837106115626545966e-02,0.000000000000000000e+00
3.600000000000000089e+00,9.390166126174176453e-02,-1.023406006738643154e-01,9.674424514813489626e-03,-5.529143944020227693e-03,8.810198464292229303e-02,0.000000000000000000e+00
3.604999999999999982e+00,9.339116486455421862e-02,-1.018582227180608313e-01,9.646736049352072281e-03,-5.546165956559523900e-03,8.783230635945207809e-02,0.000000000000000000e+00
3.609999999999999876e+00,9.288307638784054632e-02,-1.013774327864963298e-01,9.618963614233505544e-03,-5.562732575263705515e-03,8.756204624506919165e-02,0.000000000000000000e+00
3.615000000000000213e+00,9.237738788702762327e-02,-1.008982326438797178e-01,9.591109474925823067e-03,-5.578848395670253472e-03,8.729122402387490265e-02,0.000000000000000000e+00
3.620000000000000107e+00,9.187409140895880233e-02,-1.004206239590960670e-01,9.563175873993124548e-03,-5.594517983822030159e-03,8.701985920640128991e-02,0.000000000000000000e+00
3.625000000000000000e+00,9.137317899237026864e-02,-9.994460830630415293e-02,9.535165031242940487e-03,-5.609745876312520994e-03,8.674797109115034432e-02,0.000000000000000000e+00
3.629999999999999893e+00,9.087464266836198235e-02,-9.947018716602570865e-02,9.507079143873357549e-03,-5.624536580333306009e-03,8.647557876612740890e-02,0.000000000000000000e+00
3.635000000000000231e+00,9.037847446086311187e-02,-9.899736192622633768e-02,9.478920386619908017e-03,-5.638894573723711966e-03,8.620270111036956728e-02,0.000000000000000000e+00
3.640000000000000124e+00,8.988466638709216583e-02,-9.852613388338818390e-02,9.450690911902197289e-03,-5.652824305022602532e-03,8.592935679546848116e-02,0.000000000000000000e+00
3.645000000000000018e+00,8.939321045801171262e-02,-9.805650424357433004e-02,9.422392849970278109e-03,-5.666330193522261388e-03,8.565556428708799575e-02,0.000000000000000000e+00
3.649999999999999911e+00,8.890409867877788197e-02,-9.758847412348499450e-02,9.394028309050742043e-03,-5.679416629324324922e-03,8.538134184647624969e-02,0.000000000000000000e+00
3.655000000000000249e+00,8.841732304918449581e-02,-9.712204455150562354e-02,9.365599375492529924e-03,-5.692087973397725459e-03,8.510670753197194238e-02,0.000000000000000000e+00
3.660000000000000142e+00,8.793287556410207817e-02,-9.665721646874675388e-02,9.337108113912442192e-03,-5.704348557638595600e-03,8.483167920050535549e-02,0.000000000000000000e+00
3.665000000000000036e+00,8.745074821391164710e-02,-9.619399073007585399e-02,9.308556567340354332e-03,-5.716202684932098974e-03,8.455627450909347642e-02,0.000000000000000000e+00
3.669999999999999929e+00,8.697093298493333013e-02,-9.573236810514106077e-02,9.279946757364111384e-03,-5.727654629216141421e-03,8.428051091632970948e-02,0.000000000000000000e+00
3.675000000000000266e+00,8.649342185984996989e-02,-9.527234927938695030e-02,9.251280684274098068e-03,-5.738708635546923599e-03,8.400440568386725870e-02,0.000000000000000000e+00
3.680000000000000160e+00,8.601820681812559488e-02,-9.481393485506224572e-02,9.222560327207486239e-03,-5.749368920166296817e-03,8.372797587789751472e-02,0.000000000000000000e+00
3.685000000000000053e+00,8.554527983641886657e-02,-9.435712535221960073e-02,9.193787644292128469e-03,-5.759639670570877897e-03,8.345123837062179417e-02,0.000000000000000000e+00
3.689999999999999947e+00,8.507463288899164144e-02,-9.390192120970750067e-02,9.164964572790109884e-03,-5.769525045582889200e-03,8.317420984171768061e-02,0.000000000000000000e+00
3.695000000000000284e+00,8.460625794811246769e-02,-9.344832278615423926e-02,9.136093029240940910e-03,-5.779029175422684822e-03,8.289690677979932865e-02,0.000000000000000000e+00
3.700000000000000178e+00,8.414014698445526630e-02,-9.299633036094408223e-02,9.107174909604380530e-03,-5.788156161782917822e-03,8.261934548387159238e-02,0.000000000000000000e+00
3.705000000000000071e+00,8.367629196749314102e-02,-9.254594413518560381e-02,9.078212089402886570e-03,-5.796910077904321619e-03,8.234154206477824200e-02,0.000000000000000000e+00
3.709999999999999964e+00,8.321468486588733116e-02,-9.209716423267226559e-02,9.049206423863679141e-03,-5.805294968653062181e-03,8.206351244664428224e-02,0.000000000000000000e+00
3.714999999999999858e+00,8.275531764787141809e-02,-9.164999070083526544e-02,9.020159748060424185e-03,-5.813314850599625438e-03,8.178527236831184544e-02,0.000000000000000000e+00
3.720000000000000195e+00,8.229818228163075788e-02,-9.120442351168871198e-02,8.991073877054504143e-03,-5.820973712099204375e-03,8.150683738477006168e-02,0.000000000000000000e+00
3.725000000000000089e+00,8.184327073567722322e-02,-9.076046256276705526e-02,8.961950606035894856e-03,-5.828275513373551951e-03,8.122822286857901697e-02,0.000000000000000000e+00
3.729999999999999982e+00,8.139057497921926843e-02,-9.031810767805505125e-02,8.932791710463624385e-03,-5.835224186594263444e-03,8.094944401128689737e-02,0.000000000000000000e+00
3.734999999999999876e+00,8.094008698252737333e-02,-8.987735860890998241e-02,8.903598946205810299e-03,-5.841823635967453507e-03,8.067051582484154049e-02,0.000000000000000000e+00
3.740000000000000213e+00,8.049179871729492119e-02,-8.943821503497646763e-02,8.874374049679275428e-03,-5.848077737819794113e-03,8.039145314299511735e-02,0.000000000000000000e+00
3.745000000000000107e+00,8.004570215699442770e-02,-8.900067656509365321e-02,8.845118737988724722e-03,-5.853990340685880436e-03,8.011227062270293020e-02,0.000000000000000000e+00
3.750000000000000000e+00,7.960178927722937059e-02,-8.856474273819502085e-02,8.815834709065488439e-03,-5.859565265396891702e-03,7.983298274551571538e-02,0.000000000000000000e+00
3.754999999999999893e+00,7.916005205608145356e-02,-8.813041302420075718e-02,8.786523641805810830e-03,-5.864806305170516647e-03,7.955360381896553479e-02,0.000000000000000000e+00
3.760000000000000231e+00,7.872048247445347091e-02,-8.769768682490265699e-02,8.757187196208693000e-03,-5.869717225702105433e-03,7.927414797794518631e-02,0.000000000000000000e+00
3.765000000000000124e+00,7.828307251640775899e-02,-8.726656347484176846e-02,8.727827013513270865e-03,-5.874301765257021121e-03,7.899462918608129991e-02,0.000000000000000000e+00
3.770000000000000018e+00,7.784781416950023458e-02,-8.683704224217866918e-02,8.698444716335735141e-03,-5.878563634764161216e-03,7.871506123710110547e-02,0.000000000000000000e+00
3.774999999999999911e+00,7.741469942511020053e-02,-8.640912232955647032e-02,8.669041908805776020e-03,-5.882506517910611986e-03,7.843545775619238658e-02,0.000000000000000000e+00
3.780000000000000249e+00,7.698372027876572432e-02,-8.598280287495659036e-02,8.639620176702554263e-03,-5.886134071237413001e-03,7.815583220135724485e-02,0.000000000000000000e+00
3.785000000000000142e+00,7.655486873046485341e-02,-8.555808295254732632e-02,8.610181087590188312e-03,-5.889449924236393741e-03,7.787619786475907802e-02,0.000000000000000000e+00
3.790000000000000036e+00,7.612813678499258385e-02,-8.513496157352526406e-02,8.580726190952755669e-03,-5.892457679448064034e-03,7.759656787406329914e-02,0.000000000000000000e+00
3.794999999999999929e+00,7.570351645223362402e-02,-8.471343768694958309e-02,8.551257018328806830e-03,-5.895160912560514985e-03,7.731695519377121406e-02,0.000000000000000000e+00
3.800000000000000266e+00,7.528099974748098111e-02,-8.429351018056924216e-02,8.521775083445370935e-03,-5.897563172509315624e-03,7.703737262654737628e-02,0.000000000000000000e+00
3.805000000000000160e+00,7.486057869174049528e-02,-8.387517788164312871e-02,8.492281882351473965e-03,-5.899667981578366263e-03,7.675783281454057194e-02,0.000000000000000000e+00
3.810000000000000053e+00,7.444224531203125217e-02,-8.345843955775321399e-02,8.462778893551138257e-03,-5.901478835501688600e-03,7.647834824069786597e-02,0.000000000000000000e+00
3.814999999999999947e+00,7.402599164168192913e-02,-8.304329391761074153e-02,8.433267578135877213e-03,-5.902999203566123947e-03,7.619893123007212554e-02,0.000000000000000000e+00
3.820000000000000284e+00,7.361180972062315864e-02,-8.262973961185547667e-02,8.403749379916673062e-03,-5.904232528714904900e-03,7.591959395112307663e-02,0.000000000000000000e+00
3.825000000000000178e+00,7.319969159567589478e-02,-8.221777523384807274e-02,8.374225725555432473e-03,-5.905182227652084823e-03,7.564034841701122724e-02,0.000000000000000000e+00
3.830000000000000071e+00,7.278962932083586634e-02,-8.180739932045553997e-02,8.344698024695921743e-03,-5.905851690947793060e-03,7.536120648688574009e-02,0.000000000000000000e+00
3.834999999999999964e+00,7.238161495755404684e-02,-8.139861035282999757e-02,8.315167670094169433e-03,-5.906244283144288995e-03,7.508217986716511638e-02,0.000000000000000000e+00
3.839999999999999858e+00,7.197564057501336376e-02,-8.099140675718054239e-02,8.285636037748339913e-03,-5.906363342862795858e-03,7.480328011281127398e-02,0.000000000000000000e+00
3.845000000000000195e+00,7.157169825040142486e-02,-8.058578690553845625e-02,8.256104487028070871e-03,-5.906212182911079606e-03,7.452451862859720000e-02,0.000000000000000000e+00
3.850000000000000089e+00,7.116978006917958066e-02,-8.018174911651569647e-02,8.226574360803269592e-03,-5.905794090391758983e-03,7.424590667036742864e-02,0.000000000000000000e+00
3.854999999999999982e+00,7.076987812534807354e-02,-7.977929165605668338e-02,8.197046985572364539e-03,-5.905112326811314677e-03,7.396745534629228791e-02,0.000000000000000000e+00
3.859999999999999876e+00,7.037198452170755070e-02,-7.937841273818355137e-02,8.167523671590015688e-03,-5.904170128189777621e-03,7.368917561811479111e-02,0.000000000000000000e+00
3.865000000000000213e+00,6.997609137011681635e-02,-7.897911052573475255e-02,8.138005712994268032e-03,-5.902970705171069546e-03,7.341107830239149146e-02,0.000000000000000000e+00
3.870000000000000107e+00,6.958219079174690624e-02,-7.858138313109713780e-02,8.108494387933156897e-03,-5.901517243133976715e-03,7.313317407172599538e-02,0.000000000000000000e+00
3.875000000000000000e+00,6.919027491733154012e-02,-7.818522861693152914e-02,8.078990958690754690e-03,-5.899812902303731670e-03,7.285547345599616142e-02,0.000000000000000000e+00
3.879999999999999893e+00,6.880033588741396589e-02,-7.779064499689185286e-02,8.049496671812655588e-03,-5.897860817864181322e-03,7.257798684357395780e-02,0.000000000000000000e+00
3.885000000000000231e+00,6.841236585259016789e-02,-7.739763023633777772e-02,8.020012758230905120e-03,-5.895664100070516223e-03,7.230072448253938022e-02,0.000000000000000000e+00
3.890000000000000124e+00,6.802635697374860568e-02,-7.700618225304108055e-02,7.990540433388359023e-03,-5.893225834362546267e-03,7.202369648188677864e-02,0.000000000000000000e+00
3.895000000000000018e+00,6.764230142230640008e-02,-7.661629891788553082e-02,7.961080897362473111e-03,-5.890549081478494223e-03,7.174691281272496668e-02,0.000000000000000000e+00
3.899999999999999911e+00,6.726019138044200818e-02,-7.622797805556057182e-02,7.931635334988531086e-03,-5.887636877569288850e-03,7.147038330947035056e-02,0.000000000000000000e+00
3.905000000000000249e+00,6.688001904132449826e-02,-7.584121744524863207e-02,7.902204915982289496e-03,-5.884492234313337677e-03,7.119411767103324407e-02,0.000000000000000000e+00
3.910000000000000142e+00,6.650177660933939694e-02,-7.545601482130631643e-02,7.872790795062055424e-03,-5.881118139031758611e-03,7.091812546199750822e-02,0.000000000000000000e+00
3.915000000000000036e+00,6.612545630031106680e-02,-7.507236787393928301e-02,7.843394112070181320e-03,-5.877517554804047827e-03,7.064241611379340480e-02,0.000000000000000000e+00
3.919999999999999929e+00,6.575105034172185059e-02,-7.469027424987105535e-02,7.814015992093983898e-03,-5.873693420584168330e-03,7.036699892586358029e-02,0.000000000000000000e+00
3.925000000000000266e+00,6.537855097292778750e-02,-7.430973155300565902e-02,7.784657545586082771e-03,-5.869648651317036642e-03,7.009188306682240244e-02,0.000000000000000000e+00
3.930000000000000160e+00,6.500795044537108214e-02,-7.393073734508420758e-02,7.755319868484151016e-03,-5.865386138055388512e-03,6.981707757560849659e-02,0.000000000000000000e+00
3.935000000000000053e+00,6.463924102278927053e-02,-7.355328914633540993e-02,7.726004042330086342e-03,-5.860908748077008935e-03,6.954259136263052365e-02,0.000000000000000000e+00
3.939999999999999947e+00,6.427241498142120812e-02,-7.317738443612012422e-02,7.696711134388588109e-03,-5.856219325002298692e-03,6.926843321090608852e-02,0.000000000000000000e+00
3.945000000000000284e+00,6.390746461020975488e-02,-7.280302065356988872e-02,7.667442197765151485e-03,-5.851320688912171365e-03,6.899461177719405647e-02,0.000000000000000000e+00
3.950000000000000178e+00,6.354438221100139339e-02,-7.243019519821958241e-02,7.638198271523471798e-03,-5.846215636466252190e-03,6.872113559312009734e-02,0.000000000000000000e+00
3.955000000000000071e+00,6.318316009874258565e-02,-7.205890543063413201e-02,7.608980380802249539e-03,-5.840906941021369210e-03,6.844801306629527682e-02,0.000000000000000000e+00
3.959999999999999964e+00,6.282379060167313234e-02,-7.168914867302943195e-02,7.579789536931413364e-03,-5.835397352750311580e-03,6.817525248142825012e-02,0.000000000000000000e+00
3.965000000000000302e+00,6.246626606151632621e-02,-7.132092220988736631e-02,7.550626737547739414e-03,-5.829689598760844603e-03,6.790286200143047513e-02,0.000000000000000000e+00
3.970000000000000195e+00,6.211057883366611493e-02,-7.095422328856512695e-02,7.521492966709878228e-03,-5.823786383214963301e-03,6.763084966851465318e-02,0.000000000000000000e+00
3.975000000000000089e+00,6.175672128737121763e-02,-7.058904911989878628e-02,7.492389195012786642e-03,-5.817690387448362817e-03,6.735922340528678609e-02,0.000000000000000000e+00
3.979999999999999982e+00,6.140468580591623010e-02,-7.022539687880109682e-02,7.463316379701559478e-03,-5.811404270090116987e-03,6.708799101583123869e-02,0.000000000000000000e+00
3.984999999999999876e+00,6.105446478679976002e-02,-6.986326370485368420e-02,7.434275464784662751e-03,-5.804930667182543400e-03,6.681716018678907076e-02,0.000000000000000000e+00
3.990000000000000213e+00,6.070605064190959937e-02,-6.950264670289363345e-02,7.405267381146568399e-03,-5.798272192301246256e-03,6.654673848842992956e-02,0.000000000000000000e+00
3.995000000000000107e+00,6.035943579769501716e-02,-6.914354294359441322e-02,7.376293046659787057e-03,-5.791431436675306688e-03,6.627673337571718393e-02,0.000000000000000000e+00
4.000000000000000000e+00,6.001461269533612392e-02,-6.878594946404129051e-02,7.347353366296298025e-03,-5.784410969307626597e-03,6.600715218936606399e-02,0.000000000000000000e+00
4.004999999999999893e+00,5.967157379091037744e-02,-6.842986326830123589e-02,7.318449232238381612e-03,-5.777213337095393059e-03,6.573800215689575011e-02,0.000000000000000000e+00
4.009999999999999787e+00,5.933031155555627129e-02,-6.807528132798730536e-02,7.289581523988844340e-03,-5.769841064950657211e-03,6.546929039367416214e-02,0.000000000000000000e+00
4.014999999999999680e+00,5.899081847563420605e-02,-6.772220058281762378e-02,7.260751108480645657e-03,-5.762296655921013769e-03,6.520102390395678127e-02,0.000000000000000000e+00
4.020000000000000462e+00,5.865308705288457825e-02,-6.737061794116894209e-02,7.231958840185915768e-03,-5.754582591310360325e-03,6.493320958191831083e-02,0.000000000000000000e+00
4.025000000000000355e+00,5.831710980458310739e-02,-6.702053028062482376e-02,7.203205561224372382e-03,-5.746701330799732117e-03,6.466585421267787015e-02,0.000000000000000000e+00
4.030000000000000249e+00,5.798287926369344314e-02,-6.667193444851851614e-02,7.174492101471133775e-03,-5.738655312568188838e-03,6.439896447331777685e-02,0.000000000000000000e+00
4.035000000000000142e+00,5.765038797901707313e-02,-6.632482726247046489e-02,7.145819278663925571e-03,-5.730446953413748275e-03,6.413254693389573713e-02,0.000000000000000000e+00
4.040000000000000036e+00,5.731962851534055936e-02,-6.597920551092065211e-02,7.117187898509684703e-03,-5.722078648874349451e-03,6.386660805845011113e-02,0.000000000000000000e+00
4.044999999999999929e+00,5.699059345358011702e-02,-6.563506595365564689e-02,7.088598754790556219e-03,-5.713552773348829633e-03,6.360115420599915526e-02,0.000000000000000000e+00
4.049999999999999822e+00,5.666327539092357035e-02,-6.529240532233050731e-02,7.060052629469286412e-03,-5.704871680217912626e-03,6.333619163153317300e-02,0.000000000000000000e+00
4.054999999999999716e+00,5.633766694096972033e-02,-6.495122032098549214e-02,7.031550292794011385e-03,-5.696037701965181443e-03,6.307172648700068440e-02,0.000000000000000000e+00
4.060000000000000497e+00,5.601376073386513110e-02,-6.461150762655766544e-02,7.003092503402440216e-03,-5.687053150298035376e-03,6.280776482228775381e-02,0.000000000000000000e+00
4.065000000000000391e+00,5.569154941643839063e-02,-6.427326388938746360e-02,6.974680008425432690e-03,-5.677920316268615826e-03,6.254431258619091993e-02,0.000000000000000000e+00
4.070000000000000284e+00,5.537102565233183171e-02,-6.393648573372015531e-02,6.946313543589975950e-03,-5.668641470394685314e-03,6.228137562738364497e-02,0.000000000000000000e+00
4.075000000000000178e+00,5.505218212213075502e-02,-6.360116975820230556e-02,6.917993833321551406e-03,-5.659218862780449229e-03,6.201895969537631753e-02,0.000000000000000000e+00
4.080000000000000071e+00,5.473501152349020960e-02,-6.326731253637329910e-02,6.889721590845901411e-03,-5.649654723237316871e-03,6.175707044146996894e-02,0.000000000000000000e+00
4.084999999999999964e+00,5.441950657125929625e-02,-6.293491061715190960e-02,6.861497518290193137e-03,-5.639951261404580092e-03,6.149571341970315463e-02,0.000000000000000000e+00
4.089999999999999858e+00,5.410565999760306305e-02,-6.260396052531794209e-02,6.833322306783574419e-03,-5.630110666870001730e-03,6.123489408779296539e-02,0.000000000000000000e+00
4.094999999999999751e+00,5.379346455212202088e-02,-6.227445876198899055e-02,6.805196636557133728e-03,-5.620135109290306900e-03,6.097461780806932852e-02,0.000000000000000000e+00
4.099999999999999645e+00,5.348291300196926501e-02,-6.194640180509244920e-02,6.777121177043252120e-03,-5.610026738511564130e-03,6.071488984840298087e-02,0.000000000000000000e+00
4.105000000000000426e+00,5.317399813196525132e-02,-6.161978610983261800e-02,6.749096586974355841e-03,-5.599787684689445065e-03,6.045571538312716903e-02,0.000000000000000000e+00
4.110000000000000320e+00,5.286671274471024806e-02,-6.129460810915311753e-02,6.721123514481069580e-03,-5.589420058409351466e-03,6.019709949395299353e-02,0.000000000000000000e+00
4.115000000000000213e+00,5.256104966069451850e-02,-6.097086421419452285e-02,6.693202597189766047e-03,-5.578925950806406034e-03,5.993904717087850109e-02,0.000000000000000000e+00
4.120000000000000107e+00,5.225700171840618607e-02,-6.064855081474734150e-02,6.665334462319517927e-03,-5.568307433685288840e-03,5.968156331309137919e-02,0.000000000000000000e+00
4.125000000000000000e+00,5.195456177443684431e-02,-6.032766427970030071e-02,6.637519726778452235e-03,-5.557566559639914167e-03,5.942465272986553748e-02,0.000000000000000000e+00
4.129999999999999893e+00,5.165372270358498802e-02,-6.000820095748400640e-02,6.609758997259503575e-03,-5.546705362172940808e-03,5.916832014145118751e-02,0.000000000000000000e+00
4.134999999999999787e+00,5.135447739895718233e-02,-5.969015717651004332e-02,6.582052870335573271e-03,-5.535725855815101966e-03,5.891257017995917000e-02,0.000000000000000000e+00
4.139999999999999680e+00,5.105681877206708075e-02,-5.937352924560546086e-02,6.554401932554090003e-03,-5.524630036244347793e-03,5.865740739023846129e-02,0.000000000000000000e+00
4.145000000000000462e+00,5.076073975293226431e-02,-5.905831345444277625e-02,6.526806760530977185e-03,-5.513419880404791910e-03,5.840283623074803143e-02,0.000000000000000000e+00
4.150000000000000355e+00,5.046623329016894366e-02,-5.874450607396546065e-02,6.499267921044024447e-03,-5.502097346625451496e-03,5.814886107442236024e-02,0.000000000000000000e+00
4.155000000000000249e+00,5.017329235108456548e-02,-5.843210335680897038e-02,6.471785971125667593e-03,-5.490664374738779205e-03,5.789548620953058333e-02,0.000000000000000000e+00
4.160000000000000142e+00,4.988190992176829569e-02,-5.812110153771735122e-02,6.444361458155174402e-03,-5.479122886198966973e-03,5.764271584052994141e-02,0.000000000000000000e+00
4.165000000000000036e+00,4.959207900717944872e-02,-5.781149683395546413e-02,6.416994919950241502e-03,-5.467474784200024307e-03,5.739055408891281795e-02,0.000000000000000000e+00
4.169999999999999929e+00,4.930379263123386285e-02,-5.750328544571681882e-02,6.389686884858001431e-03,-5.455721953793617185e-03,5.713900499404792749e-02,0.000000000000000000e+00
4.174999999999999822e+00,4.901704383688824940e-02,-5.719646355652710512e-02,6.362437871845437291e-03,-5.443866262006664090e-03,5.688807251401518938e-02,0.000000000000000000e+00
4.179999999999999716e+00,4.873182568622252270e-02,-5.689102733364341524e-02,6.335248390589217141e-03,-5.431909557958676180e-03,5.663776052643484937e-02,0.000000000000000000e+00
4.185000000000000497e+00,4.844813126052015945e-02,-5.658697292844921956e-02,6.308118941564934239e-03,-5.419853672978838105e-03,5.638807282929043235e-02,0.000000000000000000e+00
4.190000000000000391e+00,4.816595366034659431e-02,-5.628429647684508180e-02,6.281050016135768764e-03,-5.407700420722822560e-03,5.613901314174585960e-02,0.000000000000000000e+00
4.195000000000000284e+00,4.788528600562565185e-02,-5.598299409963521794e-02,6.254042096640564062e-03,-5.395451597289329868e-03,5.589058510495631404e-02,0.000000000000000000e+00
4.200000000000000178e+00,4.760612143571408411e-02,-5.568306190290984309e-02,6.227095656481320025e-03,-5.383108981336342212e-03,5.564279228287367929e-02,0.000000000000000000e+00
4.205000000000000071e+00,4.732845310947419309e-02,-5.538449597842341754e-02,6.200211160210106209e-03,-5.370674334197095973e-03,5.539563816304553245e-02,0.000000000000000000e+00
4.209999999999999964e+00,4.705227420534455196e-02,-5.508729240396878502e-02,6.173389063615397285e-03,-5.358149399995754819e-03,5.514912615740853730e-02,0.000000000000000000e+00
4.214999999999999858e+00,4.677757792140892212e-02,-5.479144724374723080e-02,6.146629813807829093e-03,-5.345535905762779233e-03,5.490325960307605724e-02,0.000000000000000000e+00
4.219999999999999751e+00,4.650435747546325521e-02,-5.449695654873449452e-02,6.119933849305379640e-03,-5.332835561549995052e-03,5.465804176311968299e-02,0.000000000000000000e+00
4.224999999999999645e+00,4.623260610508094642e-02,-5.420381635704279305e-02,6.093301600117975031e-03,-5.320050060545340222e-03,5.441347582734516741e-02,0.000000000000000000e+00
4.230000000000000426e+00,4.596231706767623520e-02,-5.391202269427886051e-02,6.066733487831523809e-03,-5.307181079187299304e-03,5.416956491306238602e-02,0.000000000000000000e+00
4.235000000000000320e+00,4.569348364056585732e-02,-5.362157157389803308e-02,6.040229925691377108e-03,-5.294230277279004040e-03,5.392631206584976022e-02,0.000000000000000000e+00
4.240000000000000213e+00,4.542609912102891362e-02,-5.333245899755443414e-02,6.013791318685222410e-03,-5.281199298102006931e-03,5.368372026031277555e-02,0.000000000000000000e+00
4.245000000000000107e+00,4.516015682636501799e-02,-5.304468095544726675e-02,5.987418063625405719e-03,-5.268089768529718268e-03,5.344179240083671983e-02,0.000000000000000000e+00
4.250000000000000000e+00,4.489565009395071749e-02,-5.275823342666323412e-02,5.961110549230691676e-03,-5.254903299140496233e-03,5.320053132233411308e-02,0.000000000000000000e+00
4.254999999999999893e+00,4.463257228129419163e-02,-5.247311237951518548e-02,5.934869156207456427e-03,-5.241641484330393508e-03,5.295993979098595483e-02,0.000000000000000000e+00
4.259999999999999787e+00,4.437091676608829333e-02,-5.218931377187691761e-02,5.908694257330315835e-03,-5.228305902425544813e-03,5.272002050497773262e-02,0.000000000000000000e+00
4.264999999999999680e+00,4.411067694626191749e-02,-5.190683355151424344e-02,5.882586217522197715e-03,-5.214898115794203148e-03,5.248077609522970588e-02,0.000000000000000000e+00
4.270000000000000462e+00,4.385184624002971820e-02,-5.162566765641232042e-02,5.856545393933849410e-03,-5.201419670958404816e-03,5.224220912612144441e-02,0.000000000000000000e+00
4.275000000000000355e+00,4.359441808594019530e-02,-5.134581201509927362e-02,5.830572136022792867e-03,-5.187872098705271877e-03,5.200432209621114188e-02,0.000000000000000000e+00
4.280000000000000249e+00,4.333838594292218488e-02,-5.106726254696614814e-02,5.804666785631719395e-03,-5.174256914197940781e-03,5.176711743894907986e-02,0.000000000000000000e+00
4.285000000000000142e+00,4.308374329032975403e-02,-5.079001516258321164e-02,5.778829677066335373e-03,-5.160575617086109353e-03,5.153059752338577659e-02,0.000000000000000000e+00
4.290000000000000036e+00,4.283048362798551334e-02,-5.051406576401265558e-02,5.753061137172651128e-03,-5.146829691616208215e-03,5.129476465487452230e-02,0.000000000000000000e+00
4.294999999999999929e+00,4.257860047622238908e-02,-5.023941024511769521e-02,5.727361485413725965e-03,-5.133020606741179291e-03,5.105962107576863390e-02,0.000000000000000000e+00
4.299999999999999822e+00,4.232808737592385490e-02,-4.996604449186813068e-02,5.701731033945859825e-03,-5.119149816229869206e-03,5.082516896611309620e-02,0.000000000000000000e+00
4.304999999999999716e+00,4.207893788856263695e-02,-4.969396438264237631e-02,5.676170087694240238e-03,-5.105218758776024560e-03,5.059141044433092260e-02,0.000000000000000000e+00
4.310000000000000497e+00,4.183114559623792722e-02,-4.942316578852596481e-02,5.650678944428048911e-03,-5.091228858106889958e-03,5.035834756790409650e-02,0.000000000000000000e+00
4.315000000000000391e+00,4.158470410171109799e-02,-4.915364457360662381e-02,5.625257894835021012e-03,-5.077181523091402714e-03,5.012598233404916281e-02,0.000000000000000000e+00
4.320000000000000284e+00,4.133960702843998691e-02,-4.888539659526588976e-02,5.599907222595468421e-03,-5.063078147847982491e-03,4.989431668038750434e-02,0.000000000000000000e+00
4.325000000000000178e+00,4.109584802061166942e-02,-4.861841770446729410e-02,5.574627204455764352e-03,-5.048920111851909823e-03,4.966335248561042082e-02,0.000000000000000000e+00
4.330000000000000071e+00,4.085342074317386413e-02,-4.835270374604120486e-02,5.549418110301289342e-03,-5.034708780042291762e-03,4.943309157013864308e-02,0.000000000000000000e+00
4.334999999999999964e+00,4.061231888186488115e-02,-4.808825055896626122e-02,5.524280203228846414e-03,-5.020445502928610332e-03,4.920353569677694827e-02,0.000000000000000000e+00
4.339999999999999858e+00,4.037253614324218948e-02,-4.782505397664751912e-02,5.499213739618546287e-03,-5.006131616696850306e-03,4.897468657136350156e-02,0.000000000000000000e+00
4.344999999999999751e+00,4.013406625470958972e-02,-4.756310982719128000e-02,5.474218969205155681e-03,-4.991768443315205452e-03,4.874654584341369529e-02,0.000000000000000000e+00
4.350000000000000533e+00,3.989690296454303370e-02,-4.730241393367664443e-02,5.449296135148926946e-03,-4.977357290639356294e-03,4.851911510675921413e-02,0.000000000000000000e+00
4.355000000000000426e+00,3.966104004191508409e-02,-4.704296211442381137e-02,5.424445474105895997e-03,-4.962899452517318538e-03,4.829239590018178513e-02,0.000000000000000000e+00
4.360000000000000320e+00,3.942647127691804865e-02,-4.678475018325917167e-02,5.399667216297660693e-03,-4.948396208893858679e-03,4.806638970804183453e-02,0.000000000000000000e+00
4.365000000000000213e+00,3.919319048058578919e-02,-4.652777394977720971e-02,5.374961585580636213e-03,-4.933848825914475926e-03,4.784109796090205147e-02,0.000000000000000000e+00
4.370000000000000107e+00,3.896119148491423989e-02,-4.627202921959923387e-02,5.350328799514792594e-03,-4.919258556028943512e-03,4.761652203614596957e-02,0.000000000000000000e+00
4.375000000000000000e+00,3.873046814288062106e-02,-4.601751179462895691e-02,5.325769069431876210e-03,-4.904626638094412849e-03,4.739266325859139983e-02,0.000000000000000000e+00
4.379999999999999893e+00,3.850101432846141092e-02,-4.576421747330498141e-02,5.301282600503114291e-03,-4.889954297478070130e-03,4.716952290109897861e-02,0.000000000000000000e+00
4.384999999999999787e+00,3.827282393664902665e-02,-4.551214205085020448e-02,5.276869591806409437e-03,-4.875242746159350569e-03,4.694710218517568479e-02,0.000000000000000000e+00
4.389999999999999680e+00,3.804589088346730513e-02,-4.526128131951812072e-02,5.252530236393025860e-03,-4.860493182831702487e-03,4.672540228157345821e-02,0.000000000000000000e+00
4.395000000000000462e+00,3.782020910598573454e-02,-4.501163106883616233e-02,5.228264721353763876e-03,-4.845706793003902967e-03,4.650442431088280815e-02,0.000000000000000000e+00
4.400000000000000355e+00,3.759577256233246484e-02,-4.476318708584595130e-02,5.204073227884630469e-03,-4.830884749100919882e-03,4.628416934412164785e-02,0.000000000000000000e+00
4.405000000000000249e+00,3.737257523170617324e-02,-4.451594515534064433e-02,5.179955931352009380e-03,-4.816028210564316826e-03,4.606463840331912613e-02,0.000000000000000000e+00
4.410000000000000142e+00,3.715061111438669461e-02,-4.426990106009926623e-02,5.155913001357326393e-03,-4.801138323952207874e-03,4.584583246209482377e-02,0.000000000000000000e+00
4.415000000000000036e+00,3.692987423174452083e-02,-4.402505058111813585e-02,5.131944601801216761e-03,-4.786216223038747448e-03,4.562775244623287069e-02,0.000000000000000000e+00
4.419999999999999929e+00,3.671035862624914825e-02,-4.378138949783938472e-02,5.108050890947199961e-03,-4.771263028913163076e-03,4.541039923425153890e-02,0.000000000000000000e+00
4.424999999999999822e+00,3.649205836147626641e-02,-4.353891358837660291e-02,5.084232021484854855e-03,-4.756279850078324982e-03,4.519377365796789503e-02,0.000000000000000000e+00
4.429999999999999716e+00,3.627496752211387121e-02,-4.329761862973761921e-02,5.060488140592509128e-03,-4.741267782548850770e-03,4.497787650305785923e-02,0.000000000000000000e+00
4.435000000000000497e+00,3.605908021396721230e-02,-4.305750039804445012e-02,5.036819389999432593e-03,-4.726227909948748675e-03,4.476270850961140690e-02,0.000000000000000000e+00
4.440000000000000391e+00,3.584439056396268586e-02,-4.281855466875043870e-02,5.013225906047549980e-03,-4.711161303608588091e-03,4.454827037268326018e-02,0.000000000000000000e+00
4.445000000000000284e+00,3.563089272015065867e-02,-4.258077721685464556e-02,4.989707819752665398e-03,-4.696069022662206077e-03,4.433456274283884002e-02,0.000000000000000000e+00
4.450000000000000178e+00,3.541858085170719594e-02,-4.234416381711342964e-02,4.966265256865204543e-03,-4.680952114142942870e-03,4.412158622669562491e-02,0.000000000000000000e+00
4.455000000000000071e+00,3.520744914893474131e-02,-4.210871024424935050e-02,4.942898337930478128e-03,-4.665811613079405562e-03,4.390934138745983262e-02,0.000000000000000000e+00
4.459999999999999964e+00,3.499749182326179070e-02,-4.187441227315731596e-02,4.919607178348467391e-03,-4.650648542590759063e-03,4.369782874545871665e-02,0.000000000000000000e+00
4.464999999999999858e+00,3.478870310724149761e-02,-4.164126567910807902e-02,4.896391888433133423e-03,-4.635463913981545218e-03,4.348704877866812341e-02,0.000000000000000000e+00
4.469999999999999751e+00,3.458107725454932085e-02,-4.140926623794907030e-02,4.873252573471253783e-03,-4.620258726836025745e-03,4.327700192323565009e-02,0.000000000000000000e+00
4.475000000000000533e+00,3.437460853997961058e-02,-4.117840972630256585e-02,4.850189333780791610e-03,-4.605033969112051588e-03,4.306768857399938255e-02,0.000000000000000000e+00
4.480000000000000426e+00,3.416929125944127149e-02,-4.094869192176128075e-02,4.827202264768790281e-03,-4.589790617234452627e-03,4.285910908500186606e-02,0.000000000000000000e+00
4.485000000000000320e+00,3.396511972995240602e-02,-4.072010860308133973e-02,4.804291456988809238e-03,-4.574529636187952934e-03,4.265126377000014180e-02,0.000000000000000000e+00
4.490000000000000213e+00,3.376208828963404157e-02,-4.049265555037270120e-02,4.781456996197890573e-03,-4.559251979609604648e-03,4.244415290297084975e-02,0.000000000000000000e+00
4.495000000000000107e+00,3.356019129770287240e-02,-4.026632854528702787e-02,4.758698963413070249e-03,-4.543958589880747398e-03,4.223777671861136951e-02,0.000000000000000000e+00
4.500000000000000000e+00,3.335942313446309260e-02,-4.004112337120305232e-02,4.736017434967424410e-03,-4.528650398218482011e-03,4.203213541283634669e-02,0.000000000000000000e+00
4.504999999999999893e+00,3.315977820129730608e-02,-3.981703581340943071e-02,4.713412482565666403e-03,-4.513328324766668898e-03,4.182722914327001440e-02,0.000000000000000000e+00
4.509999999999999787e+00,3.296125092065652074e-02,-3.959406165928509858e-02,4.690884173339283231e-03,-4.497993278686441589e-03,4.162305802973420565e-02,0.000000000000000000e+00
4.514999999999999680e+00,3.276383573604925437e-02,-3.937219669847723258e-02,4.668432569901225307e-03,-4.482646158246243219e-03,4.141962215473202896e-02,0.000000000000000000e+00
4.520000000000000462e+00,3.256752711202975242e-02,-3.915143672307672823e-02,4.646057730400147794e-03,-4.467287850911376423e-03,4.121692156392742223e-02,0.000000000000000000e+00
4.525000000000000355e+00,3.237231953418533842e-02,-3.893177752779129752e-02,4.623759708574199170e-03,-4.451919233433073581e-03,4.101495626662031435e-02,0.000000000000000000e+00
4.530000000000000249e+00,3.217820750912289002e-02,-3.871321491011616572e-02,4.601538553804373523e-03,-4.436541171937083070e-03,4.081372623621777607e-02,0.000000000000000000e+00
4.535000000000000142e+00,3.198518556445449634e-02,-3.849574467050240895e-02,4.579394311167416139e-03,-4.421154522011775008e-03,4.061323141070087572e-02,0.000000000000000000e+00
4.540000000000000036e+00,3.179324824878225486e-02,-3.827936261252295330e-02,4.557327021488291954e-03,-4.405760128795760400e-03,4.041347169308746184e-02,0.000000000000000000e+00
4.544999999999999929e+00,3.160239013168224947e-02,-3.806406454303624953e-02,4.535336721392213381e-03,-4.390358827065028897e-03,4.021444695189074076e-02,0.000000000000000000e+00
4.549999999999999822e+00,3.141260580368772370e-02,-3.784984627234764393e-02,4.513423443356241391e-03,-4.374951441319602577e-03,4.001615702157396148e-02,0.000000000000000000e+00
4.554999999999999716e+00,3.122388987627143855e-02,-3.763670361436848022e-02,4.491587215760445978e-03,-4.359538785869706591e-03,3.981860170300079160e-02,0.000000000000000000e+00
4.560000000000000497e+00,3.103623698182726709e-02,-3.742463238677293247e-02,4.469828062938641620e-03,-4.344121664921454969e-03,3.962178076388180731e-02,0.000000000000000000e+00
4.565000000000000391e+00,3.084964177365097371e-02,-3.721362841115261055e-02,4.448146005228695125e-03,-4.328700872662055027e-03,3.942569393921699361e-02,0.000000000000000000e+00
4.570000000000000284e+00,3.066409892592025788e-02,-3.700368751316895216e-02,4.426541059022407604e-03,-4.313277193344525196e-03,3.923034093173416448e-02,0.000000000000000000e+00
4.575000000000000178e+00,3.047960313367402072e-02,-3.679480552270340127e-02,4.405013236814975773e-03,-4.297851401371933187e-03,3.903572141232351106e-02,0.000000000000000000e+00
4.580000000000000071e+00,3.029614911279089606e-02,-3.658697827400544250e-02,4.383562547254031723e-03,-4.282424261381147582e-03,3.884183502046816006e-02,0.000000000000000000e+00
4.584999999999999964e+00,3.011373159996705295e-02,-3.638020160583846363e-02,4.362188995188262877e-03,-4.266996528326107152e-03,3.864868136467078386e-02,0.000000000000000000e+00
4.589999999999999858e+00,2.993234535269325217e-02,-3.617447136162348087e-02,4.340892581715624296e-03,-4.251568947560610545e-03,3.845626002287656775e-02,0.000000000000000000e+00
4.594999999999999751e+00,2.975198514923120888e-02,-3.596978338958075477e-02,4.319673304231128573e-03,-4.236142254920618501e-03,3.826457054289193055e-02,0.000000000000000000e+00
4.600000000000000533e+00,2.957264578858925450e-02,-3.576613354286932445e-02,4.298531156474234144e-03,-4.220717176806079024e-03,3.807361244279982432e-02,0.000000000000000000e+00
4.605000000000000426e+00,2.939432209049728725e-02,-3.556351767972445316e-02,4.277466128575819863e-03,-4.205294430262265966e-03,3.788338521137095405e-02,0.000000000000000000e+00
4.610000000000000320e+00,2.921700889538105667e-02,-3.536193166359303391e-02,4.256478207104756259e-03,-4.189874723060642292e-03,3.769388830847125726e-02,0.000000000000000000e+00
4.615000000000000213e+00,2.904070106433576798e-02,-3.516137136326694806e-02,4.235567375114072594e-03,-4.174458753779234157e-03,3.750512116546578234e-02,0.000000000000000000e+00
4.620000000000000107e+00,2.886539347909903436e-02,-3.496183265301441856e-02,4.214733612186726680e-03,-4.159047211882535740e-03,3.731708318561870880e-02,0.000000000000000000e+00
4.625000000000000000e+00,2.869108104202316642e-02,-3.476331141270935787e-02,4.193976894480970496e-03,-4.143640777800923145e-03,3.712977374448963447e-02,0.000000000000000000e+00
4.629999999999999893e+00,2.851775867604682338e-02,-3.456580352795875222e-02,4.173297194775326367e-03,-4.128240123009598202e-03,3.694319219032632384e-02,0.000000000000000000e+00
4.634999999999999787e+00,2.834542132466603623e-02,-3.436930489022808899e-02,4.152694482513163282e-03,-4.112845910107047406e-03,3.675733784445365387e-02,0.000000000000000000e+00
4.639999999999999680e+00,2.817406395190460294e-02,-3.417381139696482745e-02,4.132168723846888977e-03,-4.097458792893029014e-03,3.657221000165908342e-02,0.000000000000000000e+00
4.645000000000000462e+00,2.800368154228388001e-02,-3.397931895171997507e-02,4.111719881681746500e-03,-4.082079416446076151e-03,3.638780793057437568e-02,0.000000000000000000e+00
4.650000000000000355e+00,2.783426910079195640e-02,-3.378582346426774879e-02,4.091347915719228262e-03,-4.066708417200529807e-03,3.620413087405383035e-02,0.000000000000000000e+00
4.655000000000000249e+00,2.766582165285224812e-02,-3.359332085072334884e-02,4.071052782500106729e-03,-4.051346423023093057e-03,3.602117804954892144e-02,0.000000000000000000e+00
4.660000000000000142e+00,2.749833424429149603e-02,-3.340180703365888681e-02,4.050834435447081723e-03,-4.035994053288911691e-03,3.583894864947948650e-02,0.000000000000000000e+00
4.665000000000000036e+00,2.733180194130720858e-02,-3.321127794221745422e-02,4.030692824907047833e-03,-4.020651918957179535e-03,3.565744184160131447e-02,0.000000000000000000e+00
4.669999999999999929e+00,2.716621983043451122e-02,-3.302172951222535902e-02,4.010627898192986249e-03,-4.005320622646272796e-03,3.547665676937022255e-02,0.000000000000000000e+00
4.674999999999999822e+00,2.700158301851245807e-02,-3.283315768630258591e-02,3.990639599625484500e-03,-3.990000758708409957e-03,3.529659255230286480e-02,0.000000000000000000e+00
4.679999999999999716e+00,2.683788663264979890e-02,-3.264555841397141084e-02,3.970727870573878028e-03,-3.974692913303845034e-03,3.511724828633391859e-02,0.000000000000000000e+00
4.685000000000000497e+00,2.667512582019018752e-02,-3.245892765176328770e-02,3.950892649497029195e-03,-3.959397664474583779e-03,3.493862304416998910e-02,0.000000000000000000e+00
4.690000000000000391e+00,2.651329574867688013e-02,-3.227326136332395873e-02,3.931133871983730731e-03,-3.944115582217635856e-03,3.476071587563998172e-02,0.000000000000000000e+00
4.695000000000000284e+00,2.635239160581690290e-02,-3.208855551951683704e-02,3.911451470792752690e-03,-3.928847228557799491e-03,3.458352580804229665e-02,0.000000000000000000e+00
4.700000000000000178e+00,2.619240859944470950e-02,-3.190480609852464761e-02,3.891845375892521216e-03,-3.913593157619973430e-03,3.440705184648862325e-02,0.000000000000000000e+00
4.705000000000000071e+00,2.603334195748533211e-02,-3.172200908594938196e-02,3.872315514500436918e-03,-3.898353915701008744e-03,3.423129297424432060e-02,0.000000000000000000e+00
4.709999999999999964e+00,2.587518692791703975e-02,-3.154016047491055991e-02,3.852861811121838058e-03,-3.883130041341094005e-03,3.405624815306565467e-02,0.000000000000000000e+00
4.714999999999999858e+00,2.571793877873350745e-02,-3.135925626614181894e-02,3.833484187588605523e-03,-3.867922065394675986e-03,3.388191632353367011e-02,0.000000000000000000e+00
4.719999999999999751e+00,2.556159279790551006e-02,-3.117929246808586255e-02,3.814182563097415213e-03,-3.852730511100916754e-03,3.370829640538493960e-02,0.000000000000000000e+00
4.725000000000000533e+00,2.540614429334214081e-02,-3.100026509698775024e-02,3.794956854247640010e-03,-3.837555894153693234e-03,3.353538729783890615e-02,0.000000000000000000e+00
4.730000000000000426e+00,2.525158859285157181e-02,-3.082217017698658107e-02,3.775806975078901343e-03,-3.822398722771132296e-03,3.336318787992222784e-02,0.000000000000000000e+00
4.735000000000000320e+00,2.509792104410135671e-02,-3.064500374020557097e-02,3.756732837108275533e-03,-3.807259497764690481e-03,3.319169701078987511e-02,0.000000000000000000e+00
4.740000000000000213e+00,2.494513701457828567e-02,-3.046876182684054440e-02,3.737734349367155366e-03,-3.792138712607774458e-03,3.302091353004297375e-02,0.000000000000000000e+00
4.745000000000000107e+00,2.479323189154780671e-02,-3.029344048524685445e-02,3.718811418437769061e-03,-3.777036853503903946e-03,3.285083625804376822e-02,0.000000000000000000e+00
4.750000000000000000e+00,2.464220108201301690e-02,-3.011903577202473467e-02,3.699963948489361394e-03,-3.761954399454423177e-03,3.268146399622719883e-02,0.000000000000000000e+00
4.754999999999999893e+00,2.449204001267322323e-02,-2.994554375210313479e-02,3.681191841314035255e-03,-3.746891822325755256e-03,3.251279552740964779e-02,0.000000000000000000e+00
4.759999999999999787e+00,2.434274412988209416e-02,-2.977296049882201603e-02,3.662494996362259704e-03,-3.731849586916206798e-03,3.234482961609445872e-02,0.000000000000000000e+00
4.764999999999999680e+00,2.419430889960540176e-02,-2.960128209401314409e-02,3.643873310778044088e-03,-3.716828151022320229e-03,3.217756500877449327e-02,0.000000000000000000e+00
4.770000000000000462e+00,2.404672980737836835e-02,-2.943050462807938333e-02,3.625326679433782135e-03,-3.701827965504776372e-03,3.201100043423170394e-02,0.000000000000000000e+00
4.775000000000000355e+00,2.390000235826260366e-02,-2.926062420007253043e-02,3.606854994964767309e-03,-3.686849474353850326e-03,3.184513460383364691e-02,0.000000000000000000e+00
4.780000000000000249e+00,2.375412207680268478e-02,-2.909163691776966640e-02,3.588458147803382046e-03,-3.671893114754419801e-03,3.167996621182703199e-02,0.000000000000000000e+00
4.785000000000000142e+00,2.360908450698233005e-02,-2.892353889774807590e-02,3.570136026212963453e-03,-3.656959317150528486e-03,3.151549393562844137e-02,0.000000000000000000e+00
4.790000000000000036e+00,2.346488521218021914e-02,-2.875632626545873011e-02,3.551888516321347229e-03,-3.642048505309505337e-03,3.135171643611202319e-02,0.000000000000000000e+00
4.794999999999999929e+00,2.332151977512544189e-02,-2.858999515529835403e-02,3.533715502154090651e-03,-3.627161096385643664e-03,3.118863235789421512e-02,0.000000000000000000e+00
4.799999999999999822e+00,2.317898379785258978e-02,-2.842454171068009572e-02,3.515616865667381147e-03,-3.612297500983436584e-03,3.102624032961581388e-02,0.000000000000000000e+00
4.804999999999999716e+00,2.303727290165650740e-02,-2.825996208410280069e-02,3.497592486780626113e-03,-3.597458123220375736e-03,3.086453896422097082e-02,0.000000000000000000e+00
4.810000000000000497e+00,2.289638272704668312e-02,-2.809625243721892637e-02,3.479642243408734379e-03,-3.582643360789311560e-03,3.070352685923346397e-02,0.000000000000000000e+00
4.815000000000000391e+00,2.275630893370132746e-02,-2.793340894090108606e-02,3.461766011494081963e-03,-3.567853605020376417e-03,3.054320259703009049e-02,0.000000000000000000e+00
4.820000000000000284e+00,2.261704720042109415e-02,-2.777142777530726067e-02,3.443963665038172941e-03,-3.553089240942476634e-03,3.038356474511137023e-02,0.000000000000000000e+00
4.825000000000000178e+00,2.247859322508250629e-02,-2.761030512994467126e-02,3.426235076132993270e-03,-3.538350647344347833e-03,3.022461185636938705e-02,0.000000000000000000e+00
4.830000000000000071e+00,2.234094272459104247e-02,-2.745003720373235048e-02,3.408580114992058874e-03,-3.523638196835181778e-03,3.006634246935288579e-02,0.000000000000000000e+00
4.834999999999999964e+00,2.220409143483393147e-02,-2.729062020506239916e-02,3.390998649981162745e-03,-3.508952255904823452e-03,2.990875510852970126e-02,0.000000000000000000e+00
4.839999999999999858e+00,2.206803511063263473e-02,-2.713205035185996261e-02,3.373490547648823248e-03,-3.494293184983537914e-03,2.975184828454638733e-02,0.000000000000000000e+00
4.844999999999999751e+00,2.193276952569502697e-02,-2.697432387164194409e-02,3.356055672756431442e-03,-3.479661338501353895e-03,2.959562049448527174e-02,0.000000000000000000e+00
4.850000000000000533e+00,2.179829047256730615e-02,-2.681743700157443802e-02,3.338693888308107410e-03,-3.465057064946981073e-03,2.944007022211876656e-02,0.000000000000000000e+00
4.855000000000000426e+00,2.166459376258559819e-02,-2.666138598852893157e-02,3.321405055580257774e-03,-3.450480706926304948e-03,2.928519593816104535e-02,0.000000000000000000e+00
4.860000000000000320e+00,2.153167522582728755e-02,-2.650616708913727804e-02,3.304189034150846558e-03,-3.435932601220459751e-03,2.913099610051710087e-02,0.000000000000000000e+00
4.865000000000000213e+00,2.139953071106209109e-02,-2.635177656984543162e-02,3.287045681928373302e-03,-3.421413078843483276e-03,2.897746915452923538e-02,0.000000000000000000e+00
4.870000000000000107e+00,2.126815608570285093e-02,-2.619821070696600959e-02,3.269974855180566263e-03,-3.406922465099553217e-03,2.882461353322090733e-02,0.000000000000000000e+00
4.875000000000000000e+00,2.113754723575607397e-02,-2.604546578672962617e-02,3.252976408562788507e-03,-3.392461079639807163e-03,2.867242765753807293e-02,0.000000000000000000e+00
4.879999999999999893e+00,2.100770006577220780e-02,-2.589353810533507466e-02,3.236050195146162548e-03,-3.378029236518748438e-03,2.852090993658786683e-02,0.000000000000000000e+00
4.884999999999999787e+00,2.087861049879568762e-02,-2.574242396899832641e-02,3.219196066445413097e-03,-3.363627244250239502e-03,2.837005876787502059e-02,0.000000000000000000e+00
4.889999999999999680e+00,2.075027447631472635e-02,-2.559211969400039186e-02,3.202413872446431813e-03,-3.349255405863084661e-03,2.821987253753541550e-02,0.000000000000000000e+00
4.895000000000000462e+00,2.062268795821087242e-02,-2.544262160673402273e-02,3.185703461633563639e-03,-3.334914018956202948e-03,2.807034962056748073e-02,0.000000000000000000e+00
4.900000000000000355e+00,2.049584692270833147e-02,-2.529392604374930409e-02,3.169064681016619048e-03,-3.320603375753395509e-03,2.792148838106093059e-02,0.000000000000000000e+00
4.905000000000000249e+00,2.036974736632307659e-02,-2.514602935179811524e-02,3.152497376157614804e-03,-3.306323763157705334e-03,2.777328717242313200e-02,0.000000000000000000e+00
4.910000000000000142e+00,2.024438530381172593e-02,-2.499892788787750481e-02,3.136001391197241073e-03,-3.292075462805374962e-03,2.762574433760300874e-02,0.000000000000000000e+00
4.915000000000000036e+00,2.011975676812020886e-02,-2.485261801927195896e-02,3.119576568881062256e-03,-3.277858751119401733e-03,2.747885820931262463e-02,0.000000000000000000e+00
4.919999999999999929e+00,1.999585781033223070e-02,-2.470709612359460461e-02,3.103222750585450662e-03,-3.263673899362692747e-03,2.733262711024626174e-02,0.000000000000000000e+00
4.924999999999999822e+00,1.987268449961752254e-02,-2.456235858882733006e-02,3.086939776343253922e-03,-3.249521173690821715e-03,2.718704935329722266e-02,0.000000000000000000e+00
4.929999999999999716e+00,1.975023292317990703e-02,-2.441840181335987181e-02,3.070727484869200438e-03,-3.235400835204390278e-03,2.704212324177224583e-02,0.000000000000000000e+00
4.935000000000000497e+00,1.962849918620515263e-02,-2.427522220602784317e-02,3.054585713585045506e-03,-3.221313140000992524e-03,2.689784706960365868e-02,0.000000000000000000e+00
4.940000000000000391e+00,1.950747941180866474e-02,-2.413281618614973936e-02,3.038514298644456359e-03,-3.207258339226789611e-03,2.675421912155907106e-02,0.000000000000000000e+00
4.945000000000000284e+00,1.938716974098296866e-02,-2.399118018356292265e-02,3.022513074957640898e-03,-3.193236679127691487e-03,2.661123767344893837e-02,0.000000000000000000e+00
4.950000000000000178e+00,1.926756633254503304e-02,-2.385031063865860126e-02,3.006581876215722298e-03,-3.179248401100150893e-03,2.646890099233176197e-02,0.000000000000000000e+00
4.955000000000000071e+00,1.914866536308341971e-02,-2.371020400241580922e-02,2.990720534914860333e-03,-3.165293741741567919e-03,2.632720733671709001e-02,0.000000000000000000e+00
4.959999999999999964e+00,1.903046302690524980e-02,-2.357085673643440418e-02,2.974928882380120741e-03,-3.151372932900312063e-03,2.618615495676622495e-02,0.000000000000000000e+00
4.964999999999999858e+00,1.891295553598303439e-02,-2.343226531296710088e-02,2.959206748789096515e-03,-3.137486201725360035e-03,2.604574209449077304e-02,0.000000000000000000e+00
4.969999999999999751e+00,1.879613911990131447e-02,-2.329442621495052615e-02,2.943553963195281575e-03,-3.123633770715550199e-03,2.590596698394893177e-02,0.000000000000000000e+00
4.975000000000000533e+00,1.868001002580318287e-02,-2.315733593603533369e-02,2.927970353551199393e-03,-3.109815857768459708e-03,2.576682785143967480e-02,0.000000000000000000e+00
4.980000000000000426e+00,1.856456451833662924e-02,-2.302099098061537868e-02,2.912455746731287473e-03,-3.096032676228902165e-03,2.562832291569470955e-02,0.000000000000000000e+00
4.985000000000000320e+00,1.844979887960076018e-02,-2.288538786385596255e-02,2.897009968554540692e-03,-3.082284434937050156e-03,2.549045038806835306e-02,0.000000000000000000e+00
4.990000000000000213e+00,1.833570940909186667e-02,-2.275052311172116870e-02,2.881632843806915256e-03,-3.068571338276184380e-03,2.535320847272514930e-02,0.000000000000000000e+00
4.995000000000000107e+00,1.822229242364936663e-02,-2.261639326100027547e-02,2.866324196263494127e-03,-3.054893586220068513e-03,2.521659536682557823e-02,0.000000000000000000e+00
5.000000000000000000e+00,1.810954425740161564e-02,-2.248299485933327735e-02,2.851083848710417399e-03,-3.041251374379955880e-03,2.508060926070949936e-02,0.000000000000000000e+00
5.004999999999999893e+00,1.799746126171159616e-02,-2.235032446523553540e-02,2.835911622966578484e-03,-3.027644894051227057e-03,2.494524833807765241e-02,0.000000000000000000e+00
5.009999999999999787e+00,1.788603980512247157e-02,-2.221837864812153604e-02,2.820807339905086111e-03,-3.014074332259661024e-03,2.481051077617096173e-02,0.000000000000000000e+00
5.014999999999999680e+00,1.777527627330303256e-02,-2.208715398832778939e-02,2.805770819474499075e-03,-3.000539871807341146e-03,2.467639474594793964e-02,0.000000000000000000e+00
5.020000000000000462e+00,1.766516706899304637e-02,-2.195664707713487762e-02,2.790801880719829403e-03,-2.987041691318199910e-03,2.454289841225996277e-02,0.000000000000000000e+00
5.025000000000000355e+00,1.755570861194846385e-02,-2.182685451678865671e-02,2.775900341803321739e-03,-2.973579965283202394e-03,2.441001993402465084e-02,0.000000000000000000e+00
5.030000000000000249e+00,1.744689733888655711e-02,-2.169777292052061518e-02,2.761066020025003745e-03,-2.960154864105169360e-03,2.427775746439714277e-02,0.000000000000000000e+00
5.035000000000000142e+00,1.733872970343093220e-02,-2.156939891256742792e-02,2.746298731843017059e-03,-2.946766554143245582e-03,2.414610915093945431e-02,0.000000000000000000e+00
5.040000000000000036e+00,1.723120217605645862e-02,-2.144172912818968074e-02,2.731598292893724911e-03,-2.933415197757013003e-03,2.401507313578792047e-02,0.000000000000000000e+00
5.044999999999999929e+00,1.712431124403410859e-02,-2.131476021368979359e-02,2.716964518011600292e-03,-2.920100953350249131e-03,2.388464755581864996e-02,0.000000000000000000e+00
5.049999999999999822e+00,1.701805341137569913e-02,-2.118848882642915613e-02,2.702397221248896420e-03,-2.906823975414335893e-03,2.375483054281103679e-02,0.000000000000000000e+00
5.054999999999999716e+00,1.691242519877856135e-02,-2.106291163484446533e-02,2.687896215895100357e-03,-2.893584414571318073e-03,2.362562022360944688e-02,0.000000000000000000e+00
5.060000000000000497e+00,1.680742314357012296e-02,-2.093802531846329987e-02,2.673461314496173268e-03,-2.880382417616616109e-03,2.349701472028295490e-02,0.000000000000000000e+00
5.065000000000000391e+00,1.670304379965241101e-02,-2.081382656791892771e-02,2.659092328873578163e-03,-2.867218127561390641e-03,2.336901215028321099e-02,0.000000000000000000e+00
5.070000000000000284e+00,1.659928373744649563e-02,-2.069031208496435389e-02,2.644789070143094278e-03,-2.854091683674567486e-03,2.324161062660051041e-02,0.000000000000000000e+00
5.075000000000000178e+00,1.649613954383685396e-02,-2.056747858248561892e-02,2.630551348733425887e-03,-2.841003221524516977e-03,2.311480825791793065e-02,0.000000000000000000e+00
5.080000000000000071e+00,1.639360782211567516e-02,-2.044532278451436508e-02,2.616378974404599909e-03,-2.827952873020395889e-03,2.298860314876372338e-02,0.000000000000000000e+00
5.084999999999999964e+00,1.629168519192709941e-02,-2.032384142623967424e-02,2.602271756266160124e-03,-2.814940766453152398e-03,2.286299339966185035e-02,0.000000000000000000e+00
5.089999999999999858e+00,1.619036828921140495e-02,-2.020303125401918046e-02,2.588229502795156255e-03,-2.801967026536191906e-03,2.273797710728076710e-02,0.000000000000000000e+00
5.094999999999999751e+00,1.608965376614914303e-02,-2.008288902538948179e-02,2.574252021853931389e-03,-2.789031774445712396e-03,2.261355236458041651e-02,0.000000000000000000e+00
5.100000000000000533e+00,1.598953829110520697e-02,-1.996341150907583739e-02,2.560339120707706435e-03,-2.776135127860706719e-03,2.248971726095743556e-02,0.000000000000000000e+00
5.105000000000000426e+00,1.589001854857287691e-02,-1.984459548500118811e-02,2.546490606041968124e-03,-2.763277201002633555e-03,2.236646988238859962e-02,0.000000000000000000e+00
5.110000000000000320e+00,1.579109123911780557e-02,-1.972643774429447966e-02,2.532706283979657084e-03,-2.750458104674760942e-03,2.224380831157266730e-02,0.000000000000000000e+00
5.115000000000000213e+00,1.569275307932197286e-02,-1.960893508929831622e-02,2.518985960098162492e-03,-2.737677946301184106e-03,2.212173062807031715e-02,0.000000000000000000e+00
5.120000000000000107e+00,1.559500080172759179e-02,-1.949208433357595485e-02,2.505329439446119834e-03,-2.724936829965518906e-03,2.200023490844254387e-02,0.000000000000000000e+00
5.125000000000000000e+00,1.549783115478099889e-02,-1.937588230191762684e-02,2.491736526560018282e-03,-2.712234856449270877e-03,2.187931922638729904e-02,0.000000000000000000e+00
5.129999999999999893e+00,1.540124090277649772e-02,-1.926032583034621715e-02,2.478207025480614646e-03,-2.699572123269886829e-03,2.175898165287445257e-02,0.000000000000000000e+00
5.134999999999999787e+00,1.530522682580018508e-02,-1.914541176612231596e-02,2.464740739769159979e-03,-2.686948724718484643e-03,2.163922025627908891e-02,0.000000000000000000e+00
5.139999999999999680e+00,1.520978571967375285e-02,-1.903113696774860752e-02,2.451337472523438393e-03,-2.674364751897268227e-03,2.152003310251329044e-02,0.000000000000000000e+00
5.145000000000000462e+00,1.511491439589826395e-02,-1.891749830497366572e-02,2.437997026393617234e-03,-2.661820292756627172e-03,2.140141825515609608e-02,0.000000000000000000e+00
5.150000000000000355e+00,1.502060968159791773e-02,-1.880449265879510778e-02,2.424719203597914662e-03,-2.649315432131923304e-03,2.128337377558198878e-02,0.000000000000000000e+00
5.155000000000000249e+00,1.492686841946379989e-02,-1.869211692146216519e-02,2.411503805938084236e-03,-2.636850251779965845e-03,2.116589772308775236e-02,0.000000000000000000e+00
5.160000000000000142e+00,1.483368746769761319e-02,-1.858036799647762999e-02,2.398350634814715599e-03,-2.624424830415177361e-03,2.104898815501770465e-02,0.000000000000000000e+00
5.165000000000000036e+00,1.474106369995541004e-02,-1.846924279859921830e-02,2.385259491242358240e-03,-2.612039243745453102e-03,2.093264312688745965e-02,0.000000000000000000e+00
5.169999999999999929e+00,1.464899400529131798e-02,-1.835873825384036137e-02,2.372230175864463528e-03,-2.599693564507714154e-03,2.081686069250600346e-02,0.000000000000000000e+00
5.174999999999999822e+00,1.455747528810125493e-02,-1.824885129947039983e-02,2.359262488968152851e-03,-2.587387862503157023e-03,2.070163890409632695e-02,0.000000000000000000e+00
5.179999999999999716e+00,1.446650446806665470e-02,-1.813957888401421595e-02,2.346356230498807937e-03,-2.575122204632201810e-03,2.058697581241452843e-02,0.000000000000000000e+00
5.185000000000000497e+00,1.437607848009818737e-02,-1.803091796725131771e-02,2.333511200074488146e-03,-2.562896654929140705e-03,2.047286946686734110e-02,0.000000000000000000e+00
5.190000000000000391e+00,1.428619427427949354e-02,-1.792286552021434345e-02,2.320727197000174713e-03,-2.550711274596487253e-03,2.035931791562823126e-02,0.000000000000000000e+00
5.195000000000000284e+00,1.419684881581092378e-02,-1.781541852518704963e-02,2.308004020281844565e-03,-2.538566122039031571e-03,2.024631920575193506e-02,0.000000000000000000e+00
5.200000000000000178e+00,1.410803908495328329e-02,-1.770857397570173297e-02,2.295341468640375426e-03,-2.526461252897599374e-03,2.013387138328764231e-02,0.000000000000000000e+00
5.205000000000000071e+00,1.401976207697160255e-02,-1.760232887653613923e-02,2.282739340525280491e-03,-2.514396720082519125e-03,2.002197249339057045e-02,0.000000000000000000e+00
5.209999999999999964e+00,1.393201480207891842e-02,-1.749668024370984107e-02,2.270197434128278305e-03,-2.502372573806799488e-03,1.991062058043223046e-02,0.000000000000000000e+00
5.214999999999999858e+00,1.384479428538007081e-02,-1.739162510448009555e-02,2.257715547396697397e-03,-2.490388861619016649e-03,1.979981368810918713e-02,0.000000000000000000e+00
5.219999999999999751e+00,1.375809756681553239e-02,-1.728716049733719853e-02,2.245293478046716563e-03,-2.478445628435916714e-03,1.968954985955041065e-02,0.000000000000000000e+00
5.225000000000000533e+00,1.367192170110525032e-02,-1.718328347199933603e-02,2.232931023576442513e-03,-2.466542916574730564e-03,1.957982713742321620e-02,0.000000000000000000e+00
5.230000000000000426e+00,1.358626375769252277e-02,-1.707999108940692554e-02,2.220627981278828350e-03,-2.454680765785206831e-03,1.947064356403787472e-02,0.000000000000000000e+00
5.235000000000000320e+00,1.350112082068790319e-02,-1.697728042171649590e-02,2.208384148254430735e-03,-2.442859213281364274e-03,1.936199718145072829e-02,0.000000000000000000e+00
5.240000000000000213e+00,1.341648998881313573e-02,-1.687514855229405378e-02,2.196199321424009612e-03,-2.431078293772962265e-03,1.925388603156607398e-02,0.000000000000000000e+00
5.245000000000000107e+00,1.333236837534512546e-02,-1.677359257570800247e-02,2.184073297540972246e-03,-2.419338039496696322e-03,1.914630815623657306e-02,0.000000000000000000e+00
5.250000000000000000e+00,1.324875310805994494e-02,-1.667260959772157158e-02,2.172005873203660710e-03,-2.407638480247114784e-03,1.903926159736242518e-02,0.000000000000000000e+00
5.254999999999999893e+00,1.316564132917688069e-02,-1.657219673528479917e-02,2.159996844867484965e-03,-2.395979643407264870e-03,1.893274439698907838e-02,0.000000000000000000e+00
5.259999999999999787e+00,1.308303019530251965e-02,-1.647235111652605236e-02,2.148046008856906337e-03,-2.384361553979062048e-03,1.882675459740381502e-02,0.000000000000000000e+00
5.264999999999999680e+00,1.300091687737487886e-02,-1.637306988074309355e-02,2.136153161377265294e-03,-2.372784234613392693e-03,1.872129024123081811e-02,0.000000000000000000e+00
5.270000000000000462e+00,1.291929856060758212e-02,-1.627435017839372333e-02,2.124318098526464371e-03,-2.361247705639945259e-03,1.861634937152513436e-02,0.000000000000000000e+00
5.275000000000000355e+00,1.283817244443408688e-02,-1.617618917108596191e-02,2.112540616306498448e-03,-2.349751985096776470e-03,1.851193003186523550e-02,0.000000000000000000e+00
5.280000000000000249e+00,1.275753574245195275e-02,-1.607858403156782467e-02,2.100820510634840606e-03,-2.338297088759610804e-03,1.840803026644437929e-02,0.000000000000000000e+00
5.285000000000000142e+00,1.267738568236717427e-02,-1.598153194371666058e-02,2.089157577355679665e-03,-2.326883030170877591e-03,1.830464812016064854e-02,0.000000000000000000e+00
5.290000000000000036e+00,1.259771950593855869e-02,-1.588503010252808115e-02,2.077551612251016342e-03,-2.315509820668486176e-03,1.820178163870581761e-02,0.000000000000000000e+00
5.294999999999999929e+00,1.251853446892216108e-02,-1.578907571410447311e-02,2.066002411051613696e-03,-2.304177469414339999e-03,1.809942886865298362e-02,0.000000000000000000e+00
5.299999999999999822e+00,1.243982784101578358e-02,-1.569366599564310516e-02,2.054509769447805754e-03,-2.292885983422594375e-03,1.799758785754290019e-02,0.000000000000000000e+00
5.304999999999999716e+00,1.236159690580353188e-02,-1.559879817542385132e-02,2.043073483100166926e-03,-2.281635367587656667e-03,1.789625665396917323e-02,0.000000000000000000e+00
5.310000000000000497e+00,1.228383896070042898e-02,-1.550446949279649968e-02,2.031693347650041347e-03,-2.270425624711932319e-03,1.779543330766226311e-02,0.000000000000000000e+00
5.315000000000000391e+00,1.220655131689710356e-02,-1.541067719816769342e-02,2.020369158729933869e-03,-2.259256755533317184e-03,1.769511586957226573e-02,0.000000000000000000e+00
5.320000000000000284e+00,1.212973129930453725e-02,-1.531741855298748151e-02,2.009100711973764008e-03,-2.248128758752439629e-03,1.759530239195054510e-02,0.000000000000000000e+00
5.325000000000000178e+00,1.205337624649887966e-02,-1.522469082973549291e-02,1.997887803026985026e-03,-2.237041631059652827e-03,1.749599092843016901e-02,0.000000000000000000e+00
5.330000000000000071e+00,1.197748351066633965e-02,-1.513249131190675355e-02,1.986730227556568560e-03,-2.225995367161779422e-03,1.739717953410524140e-02,0.000000000000000000e+00
5.334999999999999964e+00,1.190205045754814082e-02,-1.504081729399712325e-02,1.975627781260855687e-03,-2.214989959808608567e-03,1.729886626560908636e-02,0.000000000000000000e+00
5.339999999999999858e+00,1.182707446638555857e-02,-1.494966608148838930e-02,1.964580259879276144e-03,-2.204025399819151392e-03,1.720104918119124207e-02,0.000000000000000000e+00
5.344999999999999751e+00,1.175255292986502470e-02,-1.485903499083300085e-02,1.953587459201937878e-03,-2.193101676107652321e-03,1.710372634079344173e-02,0.000000000000000000e+00
5.350000000000000533e+00,1.167848325406331544e-02,-1.476892134943845816e-02,1.942649175079084979e-03,-2.182218775709358384e-03,1.700689580612438356e-02,0.000000000000000000e+00
5.355000000000000426e+00,1.160486285839281394e-02,-1.467932249565136009e-02,1.931765203430430055e-03,-2.171376683806050881e-03,1.691055564073348436e-02,0.000000000000000000e+00
5.360000000000000320e+00,1.153168917554685778e-02,-1.459023577874111847e-02,1.920935340254357592e-03,-2.160575383751339815e-03,1.681470391008347415e-02,0.000000000000000000e+00
5.365000000000000213e+00,1.145895965144516290e-02,-1.450165855888333778e-02,1.910159381637002414e-03,-2.149814857095720243e-03,1.671933868162201603e-02,0.000000000000000000e+00
5.370000000000000107e+00,1.138667174517933936e-02,-1.441358820714287378e-02,1.899437123761202589e-03,-2.139095083611396598e-03,1.662445802485214980e-02,0.000000000000000000e+00
5.375000000000000000e+00,1.131482292895848521e-02,-1.432602210545657132e-02,1.888768362915329820e-03,-2.128416041316872828e-03,1.653006001140175027e-02,0.000000000000000000e+00
5.379999999999999893e+00,1.124341068805487058e-02,-1.423895764661568808e-02,1.878152895501996678e-03,-2.117777706501312255e-03,1.643614271509194480e-02,0.000000000000000000e+00
5.384999999999999787e+00,1.117243252074971022e-02,-1.415239223424800442e-02,1.867590518046643045e-03,-2.107180053748668441e-03,1.634270421200445522e-02,0.000000000000000000e+00
5.389999999999999680e+00,1.110188593827902623e-02,-1.406632328279963651e-02,1.857081027206002001e-03,-2.096623055961588378e-03,1.624974258054795451e-02,0.000000000000000000e+00
5.395000000000000462e+00,1.103176846477960278e-02,-1.398074821751654241e-02,1.846624219776447310e-03,-2.086106684385087996e-03,1.615725590152338603e-02,0.000000000000000000e+00
5.400000000000000355e+00,1.096207763723503620e-02,-1.389566447442574376e-02,1.836219892702223170e-03,-2.075630908630006054e-03,1.606524225818831836e-02,0.000000000000000000e+00
5.405000000000000249e+00,1.089281100542187006e-02,-1.381106950031624724e-02,1.825867843083555991e-03,-2.065195696696233395e-03,1.597369973632022100e-02,0.000000000000000000e+00
5.410000000000000142e+00,1.082396613185584305e-02,-1.372696075271968678e-02,1.815567868184652777e-03,-2.054801014995719707e-03,1.588262642427892835e-02,0.000000000000000000e+00
5.415000000000000036e+00,1.075554059173821665e-02,-1.364333569989069003e-02,1.805319765441582621e-03,-2.044446828375265628e-03,1.579202041306788581e-02,0.000000000000000000e+00
5.419999999999999929e+00,1.068753197290221377e-02,-1.356019182078696018e-02,1.795123332470046750e-03,-2.034133100139090197e-03,1.570187979639467435e-02,0.000000000000000000e+00
5.424999999999999822e+00,1.061993787575955285e-02,-1.347752660504909945e-02,1.784978367073034727e-03,-2.023859792071187966e-03,1.561220267073042123e-02,0.000000000000000000e+00
5.429999999999999716e+00,1.055275591324708606e-02,-1.339533755298015667e-02,1.774884667248370932e-03,-2.013626864457467112e-03,1.552298713536832617e-02,0.000000000000000000e+00
5.435000000000000497e+00,1.048598371077353805e-02,-1.331362217552492164e-02,1.764842031196149586e-03,-2.003434276107676337e-03,1.543423129248129230e-02,0.000000000000000000e+00
5.440000000000000391e+00,1.041961890616634537e-02,-1.323237799424896097e-02,1.754850257326061357e-03,-1.993281984377120140e-03,1.534593324717851287e-02,0.000000000000000000e+00
5.445000000000000284e+00,1.035365914961861207e-02,-1.315160254131739898e-02,1.744909144264611325e-03,-1.983169945188162451e-03,1.525809110756128247e-02,0.000000000000000000e+00
5.450000000000000178e+00,1.028810210363616078e-02,-1.307129335947345740e-02,1.735018490862230917e-03,-1.973098113051523390e-03,1.517070298477781430e-02,0.000000000000000000e+00
5.455000000000000071e+00,1.022294544298469818e-02,-1.299144800201674881e-02,1.725178096200283371e-03,-1.963066441087367876e-03,1.508376699307717970e-02,0.000000000000000000e+00
5.459999999999999964e+00,1.015818685463708640e-02,-1.291206403278133061e-02,1.715387759597963380e-03,-1.953074881046189953e-03,1.499728124986237678e-02,0.000000000000000000e+00
5.464999999999999858e+00,1.009382403772073056e-02,-1.283313902611353183e-02,1.705647280619094607e-03,-1.943123383329491789e-03,1.491124387574251954e-02,0.000000000000000000e+00
5.469999999999999751e+00,1.002985470346506695e-02,-1.275467056684953873e-02,1.695956459078822682e-03,-1.933211897010260775e-03,1.482565299458411291e-02,0.000000000000000000e+00
5.475000000000000533e+00,9.966276575149174421e-03,-1.267665625029276884e-02,1.686315095050207801e-03,-1.923340369853246282e-03,1.474050673356153487e-02,0.000000000000000000e+00
5.480000000000000426e+00,9.903087388049496703e-03,-1.259909368219101246e-02,1.676722988870714545e-03,-1.913508748335036478e-03,1.465580322320663917e-02,0.000000000000000000e+00
5.485000000000000320e+00,9.840284889387670639e-03,-1.252198047871336435e-02,1.667179941148603899e-03,-1.903716977663937179e-03,1.457154059745746980e-02,0.000000000000000000e+00
5.490000000000000213e+00,9.777866838278486197e-03,-1.244531426642693853e-02,1.657685752769224880e-03,-1.893965001799654451e-03,1.448771699370624173e-02,0.000000000000000000e+00
5.495000000000000107e+00,9.715831005677952326e-03,-1.236909268227338009e-02,1.648240224901208802e-03,-1.884252763472782496e-03,1.440433055284637276e-02,0.000000000000000000e+00
5.500000000000000000e+00,9.654175174331480758e-03,-1.229331337354516197e-02,1.638843159002566609e-03,-1.874580204204097681e-03,1.432137941931882139e-02,0.000000000000000000e+00
5.504999999999999893e+00,9.592897138722192990e-03,-1.221797399786169087e-02,1.629494356826689935e-03,-1.864947264323661095e-03,1.423886174115752967e-02,0.000000000000000000e+00
5.509999999999999787e+00,9.531994705019348688e-03,-1.214307222314521539e-02,1.620193620428257621e-03,-1.855353882989729851e-03,1.415677567003409583e-02,0.000000000000000000e+00
5.514999999999999680e+00,9.471465691026886846e-03,-1.206860572759653298e-02,1.610940752169047474e-03,-1.845799998207480397e-03,1.407511936130166966e-02,0.000000000000000000e+00
5.520000000000000462e+00,9.411307926132100529e-03,-1.199457219967051992e-02,1.601735554723655863e-03,-1.836285546847542943e-03,1.399389097403803441e-02,0.000000000000000000e+00
5.525000000000000355e+00,9.351519251254422627e-03,-1.192096933805146530e-02,1.592577831085123649e-03,-1.826810464664351376e-03,1.391308867108794270e-02,0.000000000000000000e+00
5.530000000000000249e+00,9.292097518794341718e-03,-1.184779485162823498e-02,1.583467384570472333e-03,-1.817374686314306674e-03,1.383271061910466664e-02,0.000000000000000000e+00
5.535000000000000142e+00,9.233040592582444570e-03,-1.177504645946924298e-02,1.574404018826149141e-03,-1.807978145373757969e-03,1.375275498859081236e-02,0.000000000000000000e+00
5.540000000000000036e+00,9.174346347828578330e-03,-1.170272189079726334e-02,1.565387537833382329e-03,-1.798620774356802328e-03,1.367321995393835227e-02,0.000000000000000000e+00
5.544999999999999929e+00,9.116012671071144560e-03,-1.163081888496406667e-02,1.556417745913448673e-03,-1.789302504732902385e-03,1.359410369346793560e-02,0.000000000000000000e+00
5.549999999999999822e+00,9.058037460126514701e-03,-1.155933519142488680e-02,1.547494447732852916e-03,-1.780023266944326605e-03,1.351540438946745824e-02,0.000000000000000000e+00
5.554999999999999716e+00,9.000418624038580839e-03,-1.148826856971272778e-02,1.538617448308420054e-03,-1.770782990423411078e-03,1.343712022822992486e-02,0.000000000000000000e+00
5.560000000000000497e+00,8.943154083028427917e-03,-1.141761678941250954e-02,1.529786553012303261e-03,-1.761581603609644600e-03,1.335924940009055630e-02,0.000000000000000000e+00
5.565000000000000391e+00,8.886241768444141237e-03,-1.134737763013506096e-02,1.521001567576904653e-03,-1.752419033966579835e-03,1.328179009946322403e-02,0.000000000000000000e+00
5.570000000000000284e+00,8.829679622710742345e-03,-1.127754888149095670e-02,1.512262298099713428e-03,-1.743295207998570582e-03,1.320474052487614382e-02,0.000000000000000000e+00
5.575000000000000178e+00,8.773465599280253283e-03,-1.120812834306420501e-02,1.503568551048060963e-03,-1.734210051267336431e-03,1.312809887900692057e-02,0.000000000000000000e+00
5.580000000000000071e+00,8.717597662581899609e-03,-1.113911382438579484e-02,1.494920133263791988e-03,-1.725163488408357421e-03,1.305186336871684213e-02,0.000000000000000000e+00
5.584999999999999964e+00,8.662073787972438335e-03,-1.107050314490709390e-02,1.486316851967855752e-03,-1.716155443147098685e-03,1.297603220508455543e-02,0.000000000000000000e+00
5.589999999999999858e+00,8.606891961686626361e-03,-1.100229413397310965e-02,1.477758514764815649e-03,-1.707185838315066623e-03,1.290060360343903492e-02,0.000000000000000000e+00
5.594999999999999751e+00,8.552050180787815550e-03,-1.093448463079561839e-02,1.469244929647279489e-03,-1.698254595865699617e-03,1.282557578339189527e-02,0.000000000000000000e+00
5.600000000000000533e+00,8.497546453118688323e-03,-1.086707248442615736e-02,1.460775905000250181e-03,-1.689361636890092215e-03,1.275094696886903620e-02,0.000000000000000000e+00
5.605000000000000426e+00,8.443378797252128545e-03,-1.080005555372888851e-02,1.452351249605398362e-03,-1.680506881632555169e-03,1.267671538814163848e-02,0.000000000000000000e+00
5.610000000000000320e+00,8.389545242442220802e-03,-1.073343170735333724e-02,1.443970772645258253e-03,-1.671690249506013271e-03,1.260287927385653900e-02,0.000000000000000000e+00
5.615000000000000213e+00,8.336043828575398842e-03,-1.066719882370700812e-02,1.435634283707346113e-03,-1.662911659107241648e-03,1.252943686306591878e-02,0.000000000000000000e+00
5.620000000000000107e+00,8.282872606121720674e-03,-1.060135479092787388e-02,1.427341592788203013e-03,-1.654171028231941161e-03,1.245638639725642031e-02,0.000000000000000000e+00
5.625000000000000000e+00,8.230029636086285891e-03,-1.053589750685676209e-02,1.419092510297363446e-03,-1.645468273889655721e-03,1.238372612237759879e-02,0.000000000000000000e+00
5.629999999999999893e+00,8.177512989960788320e-03,-1.047082487900961346e-02,1.410886847061248268e-03,-1.636803312318531540e-03,1.231145428886976784e-02,0.000000000000000000e+00
5.634999999999999787e+00,8.125320749675216114e-03,-1.040613482454963608e-02,1.402724414326986290e-03,-1.628176058999919809e-03,1.223956915169125206e-02,0.000000000000000000e+00
5.639999999999999680e+00,8.073451007549676747e-03,-1.034182527025935029e-02,1.394605023766161064e-03,-1.619586428672825217e-03,1.216806897034501331e-02,0.000000000000000000e+00
5.645000000000000462e+00,8.021901866246379867e-03,-1.027789415251252614e-02,1.386528487478486983e-03,-1.611034335348199634e-03,1.209695200890469405e-02,0.000000000000000000e+00
5.650000000000000355e+00,7.970671438721743315e-03,-1.021433941724602702e-02,1.378494617995414898e-03,-1.602519692323083359e-03,1.202621653604007620e-02,0.000000000000000000e+00
5.655000000000000249e+00,7.919757848178655274e-03,-1.015115901993154240e-02,1.370503228283665538e-03,-1.594042412194595889e-03,1.195586082504193626e-02,0.000000000000000000e+00
5.660000000000000142e+00,7.869159228018863042e-03,-1.008835092554723027e-02,1.362554131748695049e-03,-1.585602406873775749e-03,1.188588315384636086e-02,0.000000000000000000e+00
5.665000000000000036e+00,7.818873721795519677e-03,-1.002591310854926594e-02,1.354647142238091370e-03,-1.577199587599272023e-03,1.181628180505845532e-02,0.000000000000000000e+00
5.669999999999999929e+00,7.768899483165860737e-03,-9.963843552843300658e-03,1.346782074044901431e-03,-1.568833864950887769e-03,1.174705506597550214e-02,0.000000000000000000e+00
5.674999999999999822e+00,7.719234675844029343e-03,-9.902140251755824768e-03,1.338958741910892866e-03,-1.560505148862977075e-03,1.167820122860959223e-02,0.000000000000000000e+00
5.679999999999999716e+00,7.669877473554043493e-03,-9.840801208005458059e-03,1.331176961029746988e-03,-1.552213348637697691e-03,1.160971858970964027e-02,0.000000000000000000e+00
5.685000000000000497e+00,7.620826059982908213e-03,-9.779824433674141199e-03,1.323436547050187801e-03,-1.543958372958118604e-03,1.154160545078293520e-02,0.000000000000000000e+00
5.690000000000000391e+00,7.572078628733870838e-03,-9.719207950178259531e-03,1.315737316079044648e-03,-1.535740129901185577e-03,1.147386011811608875e-02,0.000000000000000000e+00
5.695000000000000284e+00,7.523633383279820265e-03,-9.658949788239687070e-03,1.308079084684250467e-03,-1.527558526950544438e-03,1.140648090279548083e-02,0.000000000000000000e+00
5.700000000000000178e+00,7.475488536916833661e-03,-9.599047987856747233e-03,1.300461669897777159e-03,-1.519413471009224952e-03,1.133946612072719851e-02,0.000000000000000000e+00
5.705000000000000071e+00,7.427642312717866284e-03,-9.539500598275111112e-03,1.292884889218506340e-03,-1.511304868412183949e-03,1.127281409265639550e-02,0.000000000000000000e+00
5.709999999999999964e+00,7.380092943486586156e-03,-9.480305677958615965e-03,1.285348560615039593e-03,-1.503232624938711853e-03,1.120652314418620066e-02,0.000000000000000000e+00
5.714999999999999858e+00,7.332838671711357920e-03,-9.421461294560026442e-03,1.277852502528445400e-03,-1.495196645824701078e-03,1.114059160579610776e-02,0.000000000000000000e+00
5.719999999999999751e+00,7.285877749519372414e-03,-9.362965524891721236e-03,1.270396533874946013e-03,-1.487196835774779553e-03,1.107501781285982409e-02,0.000000000000000000e+00
5.725000000000000533e+00,7.239208438630919361e-03,-9.304816454896320740e-03,1.262980474048543827e-03,-1.479233098974309154e-03,1.100980010566265932e-02,0.000000000000000000e+00
5.730000000000000426e+00,7.192829010313810979e-03,-9.247012179617253996e-03,1.255604142923587470e-03,-1.471305339101250560e-03,1.094493682941841128e-02,0.000000000000000000e+00
5.735000000000000320e+00,7.146737745337953043e-03,-9.189550803169268395e-03,1.248267360857280208e-03,-1.463413459337895841e-03,1.088042633428580944e-02,0.000000000000000000e+00
5.740000000000000213e+00,7.100932933930059927e-03,-9.132430438708880396e-03,1.240969948692128731e-03,-1.455557362382470070e-03,1.081626697538439277e-02,0.000000000000000000e+00
5.745000000000000107e+00,7.055412875728520571e-03,-9.075649208404775944e-03,1.233711727758334681e-03,-1.447736950460602181e-03,1.075245711280998703e-02,0.000000000000000000e+00
5.750000000000000000e+00,7.010175879738411893e-03,-9.019205243408157102e-03,1.226492519876129375e-03,-1.439952125336667246e-03,1.068899511164969965e-02,0.000000000000000000e+00
5.754999999999999893e+00,6.965220264286661397e-03,-8.963096683823041852e-03,1.219312147358052366e-03,-1.432202788325001239e-03,1.062587934199644632e-02,0.000000000000000000e+00
5.759999999999999787e+00,6.920544356977354622e-03,-8.907321678676513588e-03,1.212170433011172969e-03,-1.424488840300987443e-03,1.056310817896301268e-02,0.000000000000000000e+00
5.764999999999999680e+00,6.876146494647197849e-03,-8.851878385888928974e-03,1.205067200139258669e-03,-1.416810181712019247e-03,1.050068000269568924e-02,0.000000000000000000e+00
5.770000000000000462e+00,6.832025023321123061e-03,-8.796764972244085906e-03,1.198002272544886710e-03,-1.409166712588336319e-03,1.043859319838742056e-02,0.000000000000000000e+00
5.775000000000000355e+00,6.788178298168048158e-03,-8.741979613359339429e-03,1.190975474531504302e-03,-1.401558332553738250e-03,1.037684615629059885e-02,0.000000000000000000e+00
5.780000000000000249e+00,6.744604683456782018e-03,-8.687520493655695106e-03,1.183986630905433301e-03,-1.393984940836175482e-03,1.031543727172929206e-02,0.000000000000000000e+00
5.785000000000000142e+00,6.701302552512081352e-03,-8.633385806327852074e-03,1.177035566977823735e-03,-1.386446436278218793e-03,1.025436494511117007e-02,0.000000000000000000e+00
5.790000000000000036e+00,6.658270287670858475e-03,-8.579573753314220091e-03,1.170122108566554403e-03,-1.378942717347408009e-03,1.019362758193894693e-02,0.000000000000000000e+00
5.794999999999999929e+00,6.615506280238536534e-03,-8.526082545266905344e-03,1.163246081998082961e-03,-1.371473682146481668e-03,1.013322359282138596e-02,0.000000000000000000e+00
5.799999999999999822e+00,6.573008930445556515e-03,-8.472910401521658100e-03,1.156407314109244178e-03,-1.364039228423488508e-03,1.007315139348394228e-02,0.000000000000000000e+00
5.804999999999999716e+00,6.530776647404034317e-03,-8.420055550067796074e-03,1.149605632248998539e-03,-1.356639253581781203e-03,1.001340940477897339e-02,0.000000000000000000e+00
5.810000000000000497e+00,6.488807849064567868e-03,-8.367516227518106975e-03,1.142840864280130755e-03,-1.349273654689894103e-03,9.953996052695509092e-03,0.000000000000000000e+00
5.815000000000000391e+00,6.447100962173194297e-03,-8.315290679078718092e-03,1.136112838580899485e-03,-1.341942328491305386e-03,9.894909768368705810e-03,0.000000000000000000e+00
5.820000000000000284e+00,6.405654422228501503e-03,-8.263377158518946802e-03,1.129421384046638702e-03,-1.334645171414085372e-03,9.836148988088818518e-03,0.000000000000000000e+00
5.825000000000000178e+00,6.364466673438884566e-03,-8.211773928141133730e-03,1.122766330091310707e-03,-1.327382079580431435e-03,9.777712153309858767e-03,0.000000000000000000e+00
5.830000000000000071e+00,6.323536168679957416e-03,-8.160479258750448148e-03,1.116147506649011649e-03,-1.320152948816090801e-03,9.719597710657810335e-03,0.000000000000000000e+00
5.834999999999999964e+00,6.282861369452113695e-03,-8.109491429624686443e-03,1.109564744175430646e-03,-1.312957674659671458e-03,9.661804111938496198e-03,0.000000000000000000e+00
5.839999999999999858e+00,6.242440745838239401e-03,-8.058808728484049763e-03,1.103017873649262499e-03,-1.305796152371843351e-03,9.604329814145069061e-03,0.000000000000000000e+00
5.844999999999999751e+00,6.202272776461577319e-03,-8.008429451460909523e-03,1.096506726573574656e-03,-1.298668276944430280e-03,9.547173279465134138e-03,0.000000000000000000e+00
5.850000000000000533e+00,6.162355948443739781e-03,-7.958351903069560765e-03,1.090031134977128635e-03,-1.291573943109393385e-03,9.490332975287486816e-03,0.000000000000000000e+00
5.855000000000000426e+00,6.122688757362876669e-03,-7.908574396175963375e-03,1.083590931415657436e-03,-1.284513045347706857e-03,9.433807374208520724e-03,0.000000000000000000e+00
5.860000000000000320e+00,6.083269707211991749e-03,-7.859095251967481571e-03,1.077185948973098271e-03,-1.277485477898128051e-03,9.377594954038248956e-03,0.000000000000000000e+00
5.865000000000000213e+00,6.044097310357411657e-03,-7.809912799922607771e-03,1.070816021262782159e-03,-1.270491134765861342e-03,9.321694197805997437e-03,0.000000000000000000e+00
5.870000000000000107e+00,6.005170087497405801e-03,-7.761025377780689065e-03,1.064480982428579921e-03,-1.263529909731117475e-03,9.266103593765747867e-03,0.000000000000000000e+00
5.875000000000000000e+00,5.966486567620958061e-03,-7.712431331511647621e-03,1.058180667146006119e-03,-1.256601696357570117e-03,9.210821635401114649e-03,0.000000000000000000e+00
5.879999999999999893e+00,5.928045287966688531e-03,-7.664129015285697615e-03,1.051914910623281355e-03,-1.249706388000708986e-03,9.155846821430033838e-03,0.000000000000000000e+00
5.884999999999999787e+00,5.889844793981928797e-03,-7.616116791443063028e-03,1.045683548602351423e-03,-1.242843877816091937e-03,9.101177655809051387e-03,0.000000000000000000e+00
5.889999999999999680e+00,5.851883639281948123e-03,-7.568393030463699787e-03,1.039486417359867642e-03,-1.236014058767494683e-03,9.046812647737358104e-03,0.000000000000000000e+00
5.895000000000000462e+00,5.814160385609328831e-03,-7.520956110937016166e-03,1.033323353708124693e-03,-1.229216823634963172e-03,8.992750311660413498e-03,0.000000000000000000e+00
5.900000000000000355e+00,5.776673602793496072e-03,-7.473804419531599255e-03,1.027194194995960071e-03,-1.222452065022764474e-03,8.938989167273349301e-03,0.000000000000000000e+00
5.905000000000000249e+00,5.739421868710397646e-03,-7.426936350964950979e-03,1.021098779109612994e-03,-1.215719675367240953e-03,8.885527739523949725e-03,0.000000000000000000e+00
5.910000000000000142e+00,5.702403769242333879e-03,-7.380350307973225846e-03,1.015036944473544488e-03,-1.209019546944567090e-03,8.832364558615423550e-03,0.000000000000000000e+00
5.915000000000000036e+00,5.665617898237941021e-03,-7.334044701280980835e-03,1.009008530051219103e-03,-1.202351571878409152e-03,8.779498160008770286e-03,0.000000000000000000e+00
5.919999999999999929e+00,5.629062857472323829e-03,-7.288017949570935704e-03,1.003013375345848668e-03,-1.195715642147491186e-03,8.726927084424924291e-03,0.000000000000000000e+00
5.924999999999999822e+00,5.592737256607342548e-03,-7.242268479453743690e-03,9.970513204010981144e-04,-1.189111649593063876e-03,8.674649877846539806e-03,0.000000000000000000e+00
5.929999999999999716e+00,5.556639713152045600e-03,-7.196794725437776104e-03,9.911222058017544242e-04,-1.182539485926282097e-03,8.622665091519527911e-03,0.000000000000000000e+00
5.935000000000000497e+00,5.520768852423260133e-03,-7.151595129898923389e-03,9.852258726743587207e-04,-1.175999042735488380e-03,8.570971281954248289e-03,0.000000000000000000e+00
5.940000000000000391e+00,5.485123307506325693e-03,-7.106668143050407470e-03,9.793621626878027970e-04,-1.169490211493404630e-03,8.519567010926477196e-03,0.000000000000000000e+00
5.945000000000000284e+00,5.449701719215986617e-03,-7.062012222912614906e-03,9.735309180538885641e-04,-1.163012883564232790e-03,8.468450845478011149e-03,0.000000000000000000e+00
5.950000000000000178e+00,5.414502736057430141e-03,-7.017625835282948268e-03,9.677319815278541057e-04,-1.156566950210665074e-03,8.417621357917084990e-03,0.000000000000000000e+00
5.955000000000000071e+00,5.379525014187476299e-03,-6.973507453705696593e-03,9.619651964088630873e-04,-1.150152302600804428e-03,8.367077125818418726e-03,0.000000000000000000e+00
5.959999999999999964e+00,5.344767217375919616e-03,-6.929655559441927522e-03,9.562304065404608798e-04,-1.143768831814997392e-03,8.316816732023071812e-03,0.000000000000000000e+00
5.964999999999999858e+00,5.310228016967019973e-03,-6.886068641439399389e-03,9.505274563109966397e-04,-1.137416428852578267e-03,8.266838764637969572e-03,0.000000000000000000e+00
5.969999999999999751e+00,5.275906091841144410e-03,-6.842745196302502803e-03,9.448561906540112361e-04,-1.131094984638525902e-03,8.217141817035197165e-03,0.000000000000000000e+00
5.975000000000000533e+00,5.241800128376558100e-03,-6.799683728262219569e-03,9.392164550485930866e-04,-1.124804390030035911e-03,8.167724487851028142e-03,0.000000000000000000e+00
5.980000000000000426e+00,5.207908820411367989e-03,-6.756882749146113712e-03,9.336080955197003815e-04,-1.118544535823005935e-03,8.118585380984671973e-03,0.000000000000000000e+00
5.985000000000000320e+00,5.174230869205614751e-03,-6.714340778348346778e-03,9.280309586384517589e-04,-1.112315312758436559e-03,8.069723105596801269e-03,0.000000000000000000e+00
5.990000000000000213e+00,5.140764983403513927e-03,-6.672056342799723497e-03,9.224848915223848866e-04,-1.106116611528749601e-03,8.021136276107797974e-03,0.000000000000000000e+00
5.995000000000000107e+00,5.107509878995847123e-03,-6.630027976937764335e-03,9.169697418356838195e-04,-1.099948322784022065e-03,7.972823512195786194e-03,0.000000000000000000e+00
6.000000000000000000e+00,5.074464279282504126e-03,-6.588254222676811003e-03,9.114853577893752400e-04,-1.093810337138138335e-03,7.924783438794370111e-03,0.000000000000000000e+00
6.004999999999999893e+00,5.041626914835174202e-03,-6.546733629378163194e-03,9.060315881414942327e-04,-1.087702545174861271e-03,7.877014686090186291e-03,0.000000000000000000e+00
6.009999999999999787e+00,5.008996523460183120e-03,-6.505464753820248275e-03,9.006082821972199179e-04,-1.081624837453822215e-03,7.829515889520188843e-03,0.000000000000000000e+00
6.015000000000000568e+00,4.976571850161484560e-03,-6.464446160168824812e-03,8.952152898089811616e-04,-1.075577104516431621e-03,7.782285689768706459e-03,0.000000000000000000e+00
6.020000000000000462e+00,4.944351647103798104e-03,-6.423676419947221654e-03,8.898524613765331197e-04,-1.069559236891709899e-03,7.735322732764260932e-03,0.000000000000000000e+00
6.025000000000000355e+00,4.912334673575892950e-03,-6.383154112006613444e-03,8.845196478470050520e-04,-1.063571125102039756e-03,7.688625669676180108e-03,0.000000000000000000e+00
6.030000000000000249e+00,4.880519695954026009e-03,-6.342877822496330829e-03,8.792167007149188614e-04,-1.057612659668842213e-03,7.642193156910972313e-03,0.000000000000000000e+00
6.035000000000000142e+00,4.848905487665523123e-03,-6.302846144834212301e-03,8.739434720221800953e-04,-1.051683731118173903e-03,7.596023856108470931e-03,0.000000000000000000e+00
6.040000000000000036e+00,4.817490829152512068e-03,-6.263057679676995067e-03,8.686998143580409743e-04,-1.045784229986249786e-03,7.550116434137794236e-03,0.000000000000000000e+00
6.044999999999999929e+00,4.786274507835800406e-03,-6.223511034890742352e-03,8.634855808590358823e-04,-1.039914046824889525e-03,7.504469563093048474e-03,0.000000000000000000e+00
6.049999999999999822e+00,4.755255318078905127e-03,-6.184204825521317540e-03,8.583006252088897512e-04,-1.034073072206889493e-03,7.459081920288860093e-03,0.000000000000000000e+00
6.054999999999999716e+00,4.724432061152223673e-03,-6.145137673764893005e-03,8.531448016384002081e-04,-1.028261196731320186e-03,7.413952188255672898e-03,0.000000000000000000e+00
6.060000000000000497e+00,4.693803545197359345e-03,-6.106308208938510985e-03,8.480179649252929429e-04,-1.022478311028751858e-03,7.369079054734860475e-03,0.000000000000000000e+00
6.065000000000000391e+00,4.663368585191589831e-03,-6.067715067450681760e-03,8.429199703940511634e-04,-1.016724305766406001e-03,7.324461212673613088e-03,0.000000000000000000e+00
6.070000000000000284e+00,4.633126002912482319e-03,-6.029356892772027784e-03,8.378506739157197880e-04,-1.010999071653235484e-03,7.280097360219653715e-03,0.000000000000000000e+00
6.075000000000000178e+00,4.603074626902656924e-03,-5.991232335405978146e-03,8.328099319076841603e-04,-1.005302499444934213e-03,7.235986200715725965e-03,0.000000000000000000e+00
6.080000000000000071e+00,4.573213292434694099e-03,-5.953340052859502039e-03,8.277976013334241521e-04,-9.996344799488750266e-04,7.192126442693945812e-03,0.000000000000000000e+00
6.084999999999999964e+00,4.543540841476193838e-03,-5.915678709613897759e-03,8.228135397022433295e-04,-9.939949040289792776e-04,7.148516799869887063e-03,0.000000000000000000e+00
6.089999999999999858e+00,4.514056122654972782e-03,-5.878246977095625062e-03,8.178576050689741585e-04,-9.883836626105161650e-04,7.105155991136539312e-03,0.000000000000000000e+00
6.094999999999999751e+00,4.484757991224413119e-03,-5.841043533647187827e-03,8.129296560336596832e-04,-9.828006466848344079e-04,7.062042740558056864e-03,0.000000000000000000e+00
6.100000000000000533e+00,4.455645309028956336e-03,-5.804067064498067904e-03,8.080295517412111345e-04,-9.772457473140251823e-04,7.019175777363348932e-03,0.000000000000000000e+00
6.105000000000000426e+00,4.426716944469738339e-03,-5.767316261735709257e-03,8.031571518810429883e-04,-9.717188556355193553e-04,6.976553835939445190e-03,0.000000000000000000e+00
6.110000000000000320e+00,4.397971772470373776e-03,-5.730789824276551550e-03,7.983123166866846034e-04,-9.662198628666172819e-04,6.934175655824747694e-03,0.000000000000000000e+00
6.115000000000000213e+00,4.369408674442882591e-03,-5.694486457837122720e-03,7.934949069353700686e-04,-9.607486603089531157e-04,6.892039981702059032e-03,0.000000000000000000e+00
6.120000000000000107e+00,4.341026538253762307e-03,-5.658404874905175776e-03,7.887047839476050634e-04,-9.553051393528941759e-04,6.850145563391472556e-03,0.000000000000000000e+00
6.125000000000000000e+00,4.312824258190202549e-03,-5.622543794710888054e-03,7.839418095867125777e-04,-9.498891914818755880e-04,6.808491155843070936e-03,0.000000000000000000e+00
6.129999999999999893e+00,4.284800734926447890e-03,-5.586901943198109045e-03,7.792058462583570551e-04,-9.445007082766711725e-04,6.767075519129491998e-03,0.000000000000000000e+00
6.134999999999999787e+00,4.256954875490297739e-03,-5.551478052995666330e-03,7.744967569100467443e-04,-9.391395814196013426e-04,6.725897418438297679e-03,0.000000000000000000e+00
6.140000000000000568e+00,4.229285593229754545e-03,-5.516270863388728768e-03,7.698144050306157758e-04,-9.338057026986782251e-04,6.684955624064204197e-03,0.000000000000000000e+00
6.145000000000000462e+00,4.201791807779815119e-03,-5.481279120290224321e-03,7.651586546496855299e-04,-9.284989640116886583e-04,6.644248911401161306e-03,0.000000000000000000e+00
6.150000000000000355e+00,4.174472445029399868e-03,-5.446501576212316002e-03,7.605293703371057311e-04,-9.232192573702166895e-04,6.603776060934261546e-03,0.000000000000000000e+00
6.155000000000000249e+00,4.147326437088430344e-03,-5.411936990237938526e-03,7.559264172023752665e-04,-9.179664749036042749e-04,6.563535858231500306e-03,0.000000000000000000e+00
6.160000000000000142e+00,4.120352722255045570e-03,-5.377584127992389613e-03,7.513496608940438155e-04,-9.127405088628527804e-04,6.523527093935398841e-03,0.000000000000000000e+00
6.165000000000000036e+00,4.093550244982962355e-03,-5.343441761614983743e-03,7.467989675990938537e-04,-9.075412516244644187e-04,6.483748563754471173e-03,0.000000000000000000e+00
6.169999999999999929e+00,4.066917955848972643e-03,-5.309508669730766614e-03,7.422742040423037932e-04,-9.023685956942252475e-04,6.444199068454555673e-03,0.000000000000000000e+00
6.174999999999999822e+00,4.040454811520590057e-03,-5.275783637422288598e-03,7.377752374855920401e-04,-8.972224337109295121e-04,6.404877413849985324e-03,0.000000000000000000e+00
6.179999999999999716e+00,4.014159774723828275e-03,-5.242265456201439765e-03,7.333019357273429456e-04,-8.921026584500465258e-04,6.365782410794653019e-03,0.000000000000000000e+00
6.185000000000000497e+00,3.988031814211127728e-03,-5.208952923981349098e-03,7.288541671017143269e-04,-8.870091628273304128e-04,6.326912875172900803e-03,0.000000000000000000e+00
6.190000000000000391e+00,3.962069904729419341e-03,-5.175844845048345293e-03,7.244318004779269887e-04,-8.819418399023734719e-04,6.288267627890304148e-03,0.000000000000000000e+00
6.195000000000000284e+00,3.936273026988326186e-03,-5.142940030033977400e-03,7.200347052595368986e-04,-8.769005828821029459e-04,6.249845494864316592e-03,0.000000000000000000e+00
6.200000000000000178e+00,3.910640167628509113e-03,-5.110237295887106596e-03,7.156627513836897984e-04,-8.718852851242234712e-04,6.211645307014769524e-03,0.000000000000000000e+00
6.205000000000000071e+00,3.885170319190150295e-03,-5.077735465846054327e-03,7.113158093203591180e-04,-8.668958401406038012e-04,6.173665900254282635e-03,0.000000000000000000e+00
6.209999999999999964e+00,3.859862480081573382e-03,-5.045433369410822454e-03,7.069937500715664340e-04,-8.619321416006097509e-04,6.135906115478489617e-03,0.000000000000000000e+00
6.214999999999999858e+00,3.834715654548006333e-03,-5.013329842315373229e-03,7.026964451705858825e-04,-8.569940833343832592e-04,6.098364798556209221e-03,0.000000000000000000e+00
6.219999999999999751e+00,3.809728852640479561e-03,-4.981423726499979547e-03,6.984237666811323082e-04,-8.520815593360684314e-04,6.061040800319442839e-03,0.000000000000000000e+00
6.225000000000000533e+00,3.784901090184864154e-03,-4.949713870083637633e-03,6.941755871965331511e-04,-8.471944637669852167e-04,6.023932976553274948e-03,0.000000000000000000e+00
6.230000000000000426e+00,3.760231388751046708e-03,-4.918199127336550860e-03,6.899517798388848282e-04,-8.423326909587503918e-04,5.987040187985658186e-03,0.000000000000000000e+00
6.235000000000000320e+00,3.735718775622242065e-03,-4.886878358652678618e-03,6.857522182581935041e-04,-8.374961354163478052e-04,5.950361300277087415e-03,0.000000000000000000e+00
6.240000000000000213e+00,3.711362283764442233e-03,-4.855750430522352834e-03,6.815767766315006812e-04,-8.326846918211473379e-04,5.913895184010141068e-03,0.000000000000000000e+00
6.245000000000000107e+00,3.687160951796004515e-03,-4.824814215504965621e-03,6.774253296619939376e-04,-8.278982550338733403e-04,5.877640714678944445e-03,0.000000000000000000e+00
6.250000000000000000e+00,3.663113823957372776e-03,-4.794068592201723711e-03,6.732977525781025938e-04,-8.231367200975230882e-04,5.841596772678483811e-03,0.000000000000000000e+00
6.254999999999999893e+00,3.639219950080937495e-03,-4.763512445228470539e-03,6.691939211325795018e-04,-8.183999822402364486e-04,5.805762243293871062e-03,0.000000000000000000e+00
6.259999999999999787e+00,3.615478385561028945e-03,-4.733144665188582928e-03,6.651137116015678726e-04,-8.136879368781161064e-04,5.770136016689445327e-03,0.000000000000000000e+00
6.265000000000000568e+00,3.591888191324048730e-03,-4.702964148645934553e-03,6.610570007836549843e-04,-8.090004796179994361e-04,5.734716987897812979e-03,0.000000000000000000e+00
6.270000000000000462e+00,3.568448433798734019e-03,-4.672969798097931400e-03,6.570236659989111454e-04,-8.043375062601829930e-04,5.699504056808771431e-03,0.000000000000000000e+00
6.275000000000000355e+00,3.545158184886556662e-03,-4.643160521948616615e-03,6.530135850879160812e-04,-7.996989128010994086e-04,5.664496128158138383e-03,0.000000000000000000e+00
6.280000000000000249e+00,3.522016521932258039e-03,-4.613535234481849073e-03,6.490266364107714426e-04,-7.950845954359474482e-04,5.629692111516481322e-03,0.000000000000000000e+00
6.285000000000000142e+00,3.499022527694516625e-03,-4.584092855834554815e-03,6.450626988461006291e-04,-7.904944505612757728e-04,5.595090921277766360e-03,0.000000000000000000e+00
6.290000000000000036e+00,3.476175290316748691e-03,-4.554832311970045261e-03,6.411216517900356028e-04,-7.859283747775207317e-04,5.560691476647896050e-03,0.000000000000000000e+00
6.294999999999999929e+00,3.453473903298043442e-03,-4.525752534651414360e-03,6.372033751551913405e-04,-7.813862648914992682e-04,5.526492701633177809e-03,0.000000000000000000e+00
6.299999999999999822e+00,3.430917465464230869e-03,-4.496852461415005997e-03,6.333077493696274941e-04,-7.768680179188562889e-04,5.492493525028676118e-03,0.000000000000000000e+00
6.304999999999999716e+00,3.408505080939081000e-03,-4.468131035543954251e-03,6.294346553757985572e-04,-7.723735310864683406e-04,5.458692880406507478e-03,0.000000000000000000e+00
6.310000000000000497e+00,3.386235859115635863e-03,-4.439587206041799121e-03,6.255839746294914556e-04,-7.679027018348029421e-04,5.425089706104034744e-03,0.000000000000000000e+00
6.315000000000000391e+00,3.364108914627674148e-03,-4.411219927606175109e-03,6.217555890987521870e-04,-7.634554278202344401e-04,5.391682945211983408e-03,0.000000000000000000e+00
6.320000000000000284e+00,3.342123367321305979e-03,-4.383028160602573525e-03,6.179493812628002094e-04,-7.590316069173173646e-04,5.358471545562472002e-03,0.000000000000000000e+00
6.325000000000000178e+00,3.320278342226698227e-03,-4.355010871038182858e-03,6.141652341109320960e-04,-7.546311372210169578e-04,5.325454459716964448e-03,0.000000000000000000e+00
6.330000000000000071e+00,3.298572969529932081e-03,-4.327167030535799402e-03,6.104030311414141308e-04,-7.502539170488974193e-04,5.292630644954156478e-03,0.000000000000000000e+00
6.334999999999999964e+00,3.277006384544990745e-03,-4.299495616307818548e-03,6.066626563603636293e-04,-7.458998449432692772e-04,5.259999063257762321e-03,0.000000000000000000e+00
6.339999999999999858e+00,3.255577727685874181e-03,-4.271995611130296328e-03,6.029439942806202836e-04,-7.415688196732949083e-04,5.227558681304251068e-03,0.000000000000000000e+00
6.344999999999999751e+00,3.234286144438847880e-03,-4.244666003317091631e-03,5.992469299206063405e-04,-7.372607402370540521e-04,5.195308470450498914e-03,0.000000000000000000e+00
6.350000000000000533e+00,3.213130785334816948e-03,-4.217505786694081271e-03,5.955713488031773480e-04,-7.329755058635683412e-04,5.163247406721369406e-03,0.000000000000000000e+00
6.355000000000000426e+00,3.192110805921830313e-03,-4.190513960573454856e-03,5.919171369544619496e-04,-7.287130160147866926e-04,5.131374470797226903e-03,0.000000000000000000e+00
6.360000000000000320e+00,3.171225366737713720e-03,-4.163689529728083379e-03,5.882841809026930066e-04,-7.244731703875311249e-04,5.099688648001381511e-03,0.000000000000000000e+00
6.365000000000000213e+00,3.150473633282830244e-03,-4.137031504365965874e-03,5.846723676770277690e-04,-7.202558689154036535e-04,5.068188928287475914e-03,0.000000000000000000e+00
6.370000000000000107e+00,3.129854775992968723e-03,-4.110538900104755006e-03,5.810815848063599154e-04,-7.160610117706545878e-04,5.036874306226790665e-03,0.000000000000000000e+00
6.375000000000000000e+00,3.109367970212357536e-03,-4.084210737946356376e-03,5.775117203181212924e-04,-7.118884993660128807e-04,5.005743780995506112e-03,0.000000000000000000e+00
6.379999999999999893e+00,3.089012396166808481e-03,-4.058046044251611972e-03,5.739626627370750895e-04,-7.077382323564789662e-04,4.974796356361882790e-03,0.000000000000000000e+00
6.384999999999999787e+00,3.068787238936983817e-03,-4.032043850715053869e-03,5.704343010841002315e-04,-7.036101116410801905e-04,4.944031040673400185e-03,0.000000000000000000e+00
6.390000000000000568e+00,3.048691688431791683e-03,-4.006203194339742063e-03,5.669265248749669889e-04,-6.995040383645892727e-04,4.913446846843834773e-03,0.000000000000000000e+00
6.395000000000000462e+00,3.028724939361905535e-03,-3.980523117412178638e-03,5.634392241191036980e-04,-6.954199139192070948e-04,4.883042792340260008e-03,0.000000000000000000e+00
6.400000000000000355e+00,3.008886191213410669e-03,-3.955002667477300858e-03,5.599722893183556750e-04,-6.913576399462085208e-04,4.852817899170015943e-03,0.000000000000000000e+00
6.405000000000000249e+00,2.989174648221572597e-03,-3.929640897313553191e-03,5.565256114657359974e-04,-6.873171183375534126e-04,4.822771193867618142e-03,0.000000000000000000e+00
6.410000000000000142e+00,2.969589519344732927e-03,-3.904436864908037395e-03,5.530990820441677221e-04,-6.832982512374621929e-04,4.792901707481609340e-03,0.000000000000000000e+00
6.415000000000000036e+00,2.950130018238328409e-03,-3.879389633431744137e-03,5.496925930252190545e-04,-6.793009410439564957e-04,4.763208475561359068e-03,0.000000000000000000e+00
6.419999999999999929e+00,2.930795363229031416e-03,-3.854498271214861372e-03,5.463060368678304950e-04,-6.753250904103655578e-04,4.733690538143821638e-03,0.000000000000000000e+00
6.424999999999999822e+00,2.911584777289017486e-03,-3.829761851722164254e-03,5.429393065170345055e-04,-6.713706022467988898e-04,4.704346939740238626e-03,0.000000000000000000e+00
6.429999999999999716e+00,2.892497488010352565e-03,-3.805179453528484412e-03,5.395922954026679099e-04,-6.674373797215845793e-04,4.675176729322794503e-03,0.000000000000000000e+00
6.435000000000000497e+00,2.873532727579504713e-03,-3.780750160294258158e-03,5.362648974380775741e-04,-6.635253262626755006e-04,4.646178960311232384e-03,0.000000000000000000e+00
6.440000000000000391e+00,2.854689732751975947e-03,-3.756473060741156653e-03,5.329570070188187130e-04,-6.596343455590214814e-04,4.617352690559425529e-03,0.000000000000000000e+00
6.445000000000000284e+00,2.835967744827058105e-03,-3.732347248627795010e-03,5.296685190213463665e-04,-6.557643415619098101e-04,4.588696982341892473e-03,0.000000000000000000e+00
6.450000000000000178e+00,2.817366009622707546e-03,-3.708371822725520760e-03,5.263993288017005875e-04,-6.519152184862734341e-04,4.560210902340292201e-03,0.000000000000000000e+00
6.455000000000000071e+00,2.798883777450542586e-03,-3.684545886794286015e-03,5.231493321941850169e-04,-6.480868808119672831e-04,4.531893521629857743e-03,0.000000000000000000e+00
6.459999999999999964e+00,2.780520303090960182e-03,-3.660868549558597695e-03,5.199184255100390605e-04,-6.442792332850135828e-04,4.503743915665801151e-03,0.000000000000000000e+00
6.464999999999999858e+00,2.762274845768373632e-03,-3.637338924683548424e-03,5.167065055361041038e-04,-6.404921809188156203e-04,4.475761164269692442e-03,0.000000000000000000e+00
6.469999999999999751e+00,2.744146669126568648e-03,-3.613956130750930248e-03,5.135134695334836550e-04,-6.367256289953413667e-04,4.447944351615771771e-03,0.000000000000000000e+00
6.475000000000000533e+00,2.726135041204180449e-03,-3.590719291235427730e-03,5.103392152361975248e-04,-6.329794830662769604e-04,4.420292566217256386e-03,0.000000000000000000e+00
6.480000000000000426e+00,2.708239234410287494e-03,-3.567627534480892568e-03,5.071836408498303682e-04,-6.292536489541493980e-04,4.392804900912597281e-03,0.000000000000000000e+00
6.485000000000000320e+00,2.690458525500125792e-03,-3.544679993676700183e-03,5.040466450501749143e-04,-6.255480327534208200e-04,4.365480452851700291e-03,0.000000000000000000e+00
6.490000000000000213e+00,2.672792195550919431e-03,-3.521875806834185666e-03,5.009281269818694491e-04,-6.218625408315524381e-04,4.338318323482135905e-03,0.000000000000000000e+00
6.495000000000000107e+00,2.655239529937829940e-03,-3.499214116763164299e-03,4.978279862570303112e-04,-6.181970798300405988e-04,4.311317618535287499e-03,0.000000000000000000e+00
6.500000000000000000e+00,2.637799818310022307e-03,-3.476694071048529698e-03,4.947461229538791840e-04,-6.145515566654236820e-04,4.284477448012502174e-03,0.000000000000000000e+00
6.504999999999999893e+00,2.620472354566848096e-03,-3.454314822026936533e-03,4.916824376153653992e-04,-6.109258785302607020e-04,4.257796926171189544e-03,0.000000000000000000e+00
6.509999999999999787e+00,2.603256436834144351e-03,-3.432075526763563901e-03,4.886368312477834715e-04,-6.073199528940826947e-04,4.231275171510902322e-03,0.000000000000000000e+00
6.515000000000000568e+00,2.586151367440649596e-03,-3.409975347028960241e-03,4.856092053193858610e-04,-6.037336875043160245e-04,4.204911306759396075e-03,0.000000000000000000e+00
6.520000000000000462e+00,2.569156452894533899e-03,-3.388013449275969775e-03,4.825994617589913463e-04,-6.001669903871785852e-04,4.178704458858650828e-03,0.000000000000000000e+00
6.525000000000000355e+00,2.552271003860045583e-03,-3.366189004616741351e-03,4.796075029545887884e-04,-5.966197698485493309e-04,4.152653758950879646e-03,0.000000000000000000e+00
6.530000000000000249e+00,2.535494335134271578e-03,-3.344501188799818385e-03,4.766332317519367213e-04,-5.930919344748109175e-04,4.126758342364517280e-03,0.000000000000000000e+00
6.535000000000000142e+00,2.518825765624012683e-03,-3.322949182187312066e-03,4.736765514531588220e-04,-5.895833931336665404e-04,4.101017348600170635e-03,0.000000000000000000e+00
6.540000000000000036e+00,2.502264618322772461e-03,-3.301532169732154798e-03,4.707373658153352612e-04,-5.860940549749303185e-04,4.075429921316564910e-03,0.000000000000000000e+00
6.544999999999999929e+00,2.485810220287860191e-03,-3.280249340955436899e-03,4.678155790490903126e-04,-5.826238294312926320e-04,4.049995208316462848e-03,0.000000000000000000e+00
6.549999999999999822e+00,2.469461902617606144e-03,-3.259099889923825280e-03,4.649110958171760602e-04,-5.791726262190598738e-04,4.024712361532564037e-03,0.000000000000000000e+00
6.554999999999999716e+00,2.453219000428690476e-03,-3.238083015227063207e-03,4.620238212330524726e-04,-5.757403553388690471e-04,3.999580537013394665e-03,0.000000000000000000e+00
6.560000000000000497e+00,2.437080852833583590e-03,-3.217197919955553341e-03,4.591536608594641166e-04,-5.723269270763781851e-04,3.974598894909170399e-03,0.000000000000000000e+00
6.565000000000000391e+00,2.421046802918098810e-03,-3.196443811678021003e-03,4.563005207070132928e-04,-5.689322520029318347e-04,3.949766599457650573e-03,0.000000000000000000e+00
6.570000000000000284e+00,2.405116197719056083e-03,-3.175819902419262444e-03,4.534643072327300276e-04,-5.655562409762030125e-04,3.925082818969968107e-03,0.000000000000000000e+00
6.575000000000000178e+00,2.389288388202058001e-03,-3.155325408637972475e-03,4.506449273386389201e-04,-5.621988051408108745e-04,3.900546725816469388e-03,0.000000000000000000e+00
6.580000000000000071e+00,2.373562729239374249e-03,-3.134959551204656233e-03,4.478422883703227371e-04,-5.588598559289150759e-04,3.876157496412496479e-03,0.000000000000000000e+00
6.584999999999999964e+00,2.357938579587939235e-03,-3.114721555379621181e-03,4.450562981154835142e-04,-5.555393050607873627e-04,3.851914311204219198e-03,0.000000000000000000e+00
6.589999999999999858e+00,2.342415301867455980e-03,-3.094610650791052801e-03,4.422868648025004581e-04,-5.522370645453596356e-04,3.827816354654394772e-03,0.000000000000000000e+00
6.594999999999999751e+00,2.326992262538613195e-03,-3.074626071413171825e-03,4.395338970989854104e-04,-5.489530466807494629e-04,3.803862815228159153e-03,0.000000000000000000e+00
6.600000000000000533e+00,2.311668831881408172e-03,-3.054767055544473000e-03,4.367973041103355458e-04,-5.456871640547639093e-04,3.780052885378796645e-03,0.000000000000000000e+00
6.605000000000000426e+00,2.296444383973580711e-03,-3.035032845786047109e-03,4.340769953782837938e-04,-5.424393295453804878e-04,3.756385761533487851e-03,0.000000000000000000e+00
6.610000000000000320e+00,2.281318296669153714e-03,-3.015422689019984104e-03,4.313728808794468211e-04,-5.392094563212069700e-04,3.732860644079069330e-03,0.000000000000000000e+00
6.615000000000000213e+00,2.266289951577081345e-03,-2.995935836387858629e-03,4.286848710238707369e-04,-5.359974578419191872e-04,3.709476737347782403e-03,0.000000000000000000e+00
6.620000000000000107e+00,2.251358734040006474e-03,-2.976571543269297074e-03,4.260128766535747381e-04,-5.328032478586780139e-04,3.686233249603006364e-03,0.000000000000000000e+00
6.625000000000000000e+00,2.236524033113122638e-03,-2.957329069260627476e-03,4.233568090410926954e-04,-5.296267404145252105e-04,3.663129393024995573e-03,0.000000000000000000e+00
6.629999999999999893e+00,2.221785241543145287e-03,-2.938207678153610929e-03,4.207165798880127864e-04,-5.264678498447586657e-04,3.640164383696612230e-03,0.000000000000000000e+00
6.634999999999999787e+00,2.207141755747385383e-03,-2.919206637914254117e-03,4.180921013235152869e-04,-5.233264907772869302e-04,3.617337441589052634e-03,0.000000000000000000e+00
6.640000000000000568e+00,2.192592975792933153e-03,-2.900325220661705526e-03,4.154832859029087351e-04,-5.202025781329639104e-04,3.594647790547565638e-03,0.000000000000000000e+00
6.645000000000000462e+00,2.178138305375943752e-03,-2.881562702647231036e-03,4.128900466061643073e-04,-5.170960271259038288e-04,3.572094658277190186e-03,0.000000000000000000e+00
6.650000000000000355e+00,2.163777151801029620e-03,-2.862918364233273637e-03,4.103122968364489461e-04,-5.140067532637759102e-04,3.549677276328459894e-03,0.000000000000000000e+00
6.655000000000000249e+00,2.149508925960755615e-03,-2.844391489872592944e-03,4.077499504186566466e-04,-5.109346723480803114e-04,3.527394880083140147e-03,0.000000000000000000e+00
6.660000000000000142e+00,2.135333042315241264e-03,-2.825981368087487986e-03,4.052029215979389282e-04,-5.078797004744044262e-04,3.505246708739937454e-03,0.000000000000000000e+00
6.665000000000000036e+00,2.121248918871863638e-03,-2.807687291449099346e-03,4.026711250382335725e-04,-5.048417540326607597e-04,3.483232005300237848e-03,0.000000000000000000e+00
6.669999999999999929e+00,2.107255977165064728e-03,-2.789508556556795447e-03,4.001544758207925480e-04,-5.018207497073058285e-04,3.461350016553816668e-03,0.000000000000000000e+00
6.674999999999999822e+00,2.093353642236262056e-03,-2.771444464017638193e-03,3.976528894427087957e-04,-4.988166044775408465e-04,3.439599993064583472e-03,0.000000000000000000e+00
6.679999999999999716e+00,2.079541342613861615e-03,-2.753494318425931883e-03,3.951662818154419313e-04,-4.958292356174939797e-04,3.417981189156296153e-03,0.000000000000000000e+00
6.685000000000000497e+00,2.065818510293371442e-03,-2.735657428342851052e-03,3.926945692633432967e-04,-4.928585606963853611e-04,3.396492862898311919e-03,0.000000000000000000e+00
6.690000000000000391e+00,2.052184580717619257e-03,-2.717933106276151142e-03,3.902376685221800893e-04,-4.899044975786736754e-04,3.375134276091321800e-03,0.000000000000000000e+00
6.695000000000000284e+00,2.038638992757069862e-03,-2.700320668659960278e-03,3.877954967376588962e-04,-4.869669644241855582e-04,3.353904694253097719e-03,0.000000000000000000e+00
6.700000000000000178e+00,2.025181188690242714e-03,-2.682819435834651704e-03,3.853679714639484137e-04,-4.840458796882281907e-04,3.332803386604245213e-03,0.000000000000000000e+00
6.705000000000000071e+00,2.011810614184232279e-03,-2.665428732026796452e-03,3.829550106622019515e-04,-4.811411621216843838e-04,3.311829626053962652e-03,0.000000000000000000e+00
6.709999999999999964e+00,1.998526718275326405e-03,-2.648147885329198842e-03,3.805565326990793394e-04,-4.782527307710912373e-04,3.290982689185813041e-03,0.000000000000000000e+00
6.714999999999999858e+00,1.985328953349723997e-03,-2.630976227681010044e-03,3.781724563452684013e-04,-4.753805049787021022e-04,3.270261856243491042e-03,0.000000000000000000e+00
6.719999999999999751e+00,1.972216775124354619e-03,-2.613913094847924914e-03,3.758027007740063195e-04,-4.725244043825325502e-04,3.249666411116614723e-03,0.000000000000000000e+00
6.725000000000000533e+00,1.959189642627793063e-03,-2.596957826402457748e-03,3.734471855596007295e-04,-4.696843489163899190e-04,3.229195641326514273e-03,0.000000000000000000e+00
6.730000000000000426e+00,1.946247018181275837e-03,-2.580109765704299580e-03,3.711058306759507596e-04,-4.668602588098872980e-04,3.208848838012037623e-03,0.000000000000000000e+00
6.735000000000000320e+00,1.933388367379814147e-03,-2.563368259880754400e-03,3.687785564950678534e-04,-4.640520545884416854e-04,3.188625295915364748e-03,0.000000000000000000e+00
6.740000000000000213e+00,1.920613159073404023e-03,-2.546732659807257344e-03,3.664652837855969731e-04,-4.612596570732570202e-04,3.168524313367831503e-03,0.000000000000000000e+00
6.745000000000000107e+00,1.907920865348334454e-03,-2.530202320087971378e-03,3.641659337113376384e-04,-4.584829873812916023e-04,3.148545192275770815e-03,0.000000000000000000e+00
6.750000000000000000e+00,1.895310961508592023e-03,-2.513776599036465949e-03,3.618804278297652922e-04,-4.557219669252109834e-04,3.128687238106357335e-03,0.000000000000000000e+00
6.754999999999999893e+00,1.882782926057361816e-03,-2.497454858656472827e-03,3.596086880905529368e-04,-4.529765174133256801e-04,3.108949759873475514e-03,0.000000000000000000e+00
6.759999999999999787e+00,1.870336240678625254e-03,-2.481236464622724788e-03,3.573506368340929862e-04,-4.502465608495146289e-04,3.089332070123589416e-03,0.000000000000000000e+00
6.765000000000000568e+00,1.857970390218852260e-03,-2.465120786261871481e-03,3.551061967900197703e-04,-4.475320195331341133e-04,3.069833484921642014e-03,0.000000000000000000e+00
6.770000000000000462e+00,1.845684862668789047e-03,-2.449107196533476839e-03,3.528752910757323633e-04,-4.448328160589127048e-04,3.050453323836950156e-03,0.000000000000000000e+00
6.775000000000000355e+00,1.833479149145341314e-03,-2.433195072011093679e-03,3.506578431949180629e-04,-4.421488733168320003e-04,3.031190909929133356e-03,0.000000000000000000e+00
6.780000000000000249e+00,1.821352743873551555e-03,-2.417383792863419829e-03,3.484537770360763035e-04,-4.394801144919937533e-04,3.012045569734046919e-03,0.000000000000000000e+00
6.785000000000000142e+00,1.809305144168669608e-03,-2.401672742835531896e-03,3.462630168710435449e-04,-4.368264630644735609e-04,2.993016633249729816e-03,0.000000000000000000e+00
6.790000000000000036e+00,1.797335850418318179e-03,-2.386061309230198824e-03,3.440854873535188112e-04,-4.341878428091609440e-04,2.974103433922381176e-03,0.000000000000000000e+00
6.794999999999999929e+00,1.785444366064750524e-03,-2.370548882889273942e-03,3.419211135175899354e-04,-4.315641777955864168e-04,2.955305308632343725e-03,0.000000000000000000e+00
6.799999999999999822e+00,1.773630197587201807e-03,-2.355134858175166393e-03,3.397698207762609411e-04,-4.289553923877355464e-04,2.936621597680101094e-03,0.000000000000000000e+00
6.804999999999999716e+00,1.761892854484331744e-03,-2.339818632952389739e-03,3.376315349199801303e-04,-4.263614112438502183e-04,2.918051644772313730e-03,0.000000000000000000e+00
6.810000000000000497e+00,1.750231849256761148e-03,-2.324599608569190810e-03,3.355061821151694712e-04,-4.237821593162173798e-04,2.899594797007847870e-03,0.000000000000000000e+00
6.815000000000000391e+00,1.738646697389697798e-03,-2.309477189839255745e-03,3.333936889027547994e-04,-4.212175618509452065e-04,2.881250404863839633e-03,0.000000000000000000e+00
6.820000000000000284e+00,1.727136917335655780e-03,-2.294450785023494522e-03,3.312939821966973748e-04,-4.186675443877272340e-04,2.863017822181777340e-03,0.000000000000000000e+00
6.825000000000000178e+00,1.715702030497264158e-03,-2.279519805811903565e-03,3.292069892825264681e-04,-4.161320327595942922e-04,2.844896406153596836e-03,0.000000000000000000e+00
6.830000000000000071e+00,1.704341561210167156e-03,-2.264683667305505965e-03,3.271326378158734651e-04,-4.136109530926545684e-04,2.826885517307808036e-03,0.000000000000000000e+00
6.834999999999999964e+00,1.693055036726013674e-03,-2.249941787998369774e-03,3.250708558210070554e-04,-4.111042318058221769e-04,2.808984519495627552e-03,0.000000000000000000e+00
6.839999999999999858e+00,1.681841987195536797e-03,-2.235293589759703489e-03,3.230215716893699391e-04,-4.086117956105339653e-04,2.791192779877155541e-03,0.000000000000000000e+00
6.844999999999999751e+00,1.670701945651723291e-03,-2.220738497816030031e-03,3.209847141781169426e-04,-4.061335715104552081e-04,2.773509668907546064e-03,0.000000000000000000e+00
6.850000000000000533e+00,1.659634447993070701e-03,-2.206275940733436192e-03,3.189602124086545983e-04,-4.036694868011739159e-04,2.755934560323219061e-03,0.000000000000000000e+00
6.855000000000000426e+00,1.648639032966934008e-03,-2.191905350399900570e-03,3.169479958651823508e-04,-4.012194690698843566e-04,2.738466831128095330e-03,0.000000000000000000e+00
6.860000000000000320e+00,1.637715242152960535e-03,-2.177626162007696969e-03,3.149479943932353889e-04,-3.987834461950595178e-04,2.721105861579845367e-03,0.000000000000000000e+00
6.865000000000000213e+00,1.626862619946611811e-03,-2.163437814035877160e-03,3.129601381982289958e-04,-3.963613463461133240e-04,2.703851035176164236e-03,0.000000000000000000e+00
6.870000000000000107e+00,1.616080713542773469e-03,-2.149339748232827804e-03,3.109843578440047969e-04,-3.939530979830517944e-04,2.686701738641076795e-03,0.000000000000000000e+00
6.875000000000000000e+00,1.605369072919452097e-03,-2.135331409598904568e-03,3.090205842513785790e-04,-3.915586298561143886e-04,2.669657361911255931e-03,0.000000000000000000e+00
6.879999999999999893e+00,1.594727250821558829e-03,-2.121412246369142138e-03,3.070687486966901703e-04,-3.891778710054048904e-04,2.652717298122380263e-03,0.000000000000000000e+00
6.884999999999999787e+00,1.584154802744778580e-03,-2.107581709996042291e-03,3.051287828103550000e-04,-3.868107507605123702e-04,2.635880943595497912e-03,0.000000000000000000e+00
6.890000000000000568e+00,1.573651286919525811e-03,-2.093839255132434393e-03,3.032006185754176648e-04,-3.844571987401222820e-04,2.619147697823440580e-03,0.000000000000000000e+00
6.895000000000000462e+00,1.563216264294985721e-03,-2.080184339614415262e-03,3.012841883261073916e-04,-3.821171448516180735e-04,2.602516963457232428e-03,0.000000000000000000e+00
6.900000000000000355e+00,1.552849298523240225e-03,-2.066616424444361888e-03,2.993794247463955611e-04,-3.797905192906728209e-04,2.585988146292557931e-03,0.000000000000000000e+00
6.905000000000000249e+00,1.542549955943478719e-03,-2.053134973774021349e-03,2.974862608685553992e-04,-3.774772525408319739e-04,2.569560655256226695e-03,0.000000000000000000e+00
6.910000000000000142e+00,1.532317805566293847e-03,-2.039739454887674885e-03,2.956046300717236203e-04,-3.751772753730865597e-04,2.553233902392689457e-03,0.000000000000000000e+00
6.915000000000000036e+00,1.522152419058060095e-03,-2.026429338185376568e-03,2.937344660804641844e-04,-3.728905188454374416e-04,2.537007302850563181e-03,0.000000000000000000e+00
6.919999999999999929e+00,1.512053370725397394e-03,-2.013204097166268729e-03,2.918757029633345487e-04,-3.706169143024506344e-04,2.520880274869192160e-03,0.000000000000000000e+00
6.924999999999999822e+00,1.502020237499716469e-03,-2.000063208411970248e-03,2.900282751314538156e-04,-3.683563933748037816e-04,2.504852239765238599e-03,0.000000000000000000e+00
6.929999999999999716e+00,1.492052598921848536e-03,-1.987006151570040301e-03,2.881921173370733747e-04,-3.661088879788241233e-04,2.488922621919294025e-03,0.000000000000000000e+00
6.935000000000000497e+00,1.482150037126756317e-03,-1.974032409337515837e-03,2.863671646721498761e-04,-3.638743303160178982e-04,2.473090848762526245e-03,0.000000000000000000e+00
6.940000000000000391e+00,1.472312136828327674e-03,-1.961141467444523639e-03,2.845533525669204263e-04,-3.616526528725913427e-04,2.457356350763352341e-03,0.000000000000000000e+00
6.945000000000000284e+00,1.462538485304251418e-03,-1.948332814637965477e-03,2.827506167884803853e-04,-3.594437884189636136e-04,2.441718561414137675e-03,0.000000000000000000e+00
6.950000000000000178e+00,1.452828672380973790e-03,-1.935605942665278700e-03,2.809588934393635507e-04,-3.572476700092715781e-04,2.426176917217930020e-03,0.000000000000000000e+00
6.955000000000000071e+00,1.443182290418735820e-03,-1.922960346258267969e-03,2.791781189561247790e-04,-3.550642309808667990e-04,2.410730857675218858e-03,0.000000000000000000e+00
6.959999999999999964e+00,1.433598934296692650e-03,-1.910395523117012877e-03,2.774082301079252113e-04,-3.528934049538044412e-04,2.395379825270728489e-03,0.000000000000000000e+00
6.964999999999999858e+00,1.424078201398111141e-03,-1.897910973893846475e-03,2.756491639951199365e-04,-3.507351258303248605e-04,2.380123265460231535e-03,0.000000000000000000e+00
6.969999999999999751e+00,1.414619691595649662e-03,-1.885506202177408396e-03,2.739008580478485833e-04,-3.485893277943274949e-04,2.364960626657411878e-03,0.000000000000000000e+00
6.975000000000000533e+00,1.405223007236715282e-03,-1.873180714476769962e-03,2.721632500246281877e-04,-3.464559453108373281e-04,2.349891360220737139e-03,0.000000000000000000e+00
6.980000000000000426e+00,1.395887753128901860e-03,-1.860934020205632158e-03,2.704362780109489895e-04,-3.443349131254643610e-04,2.334914920440375394e-03,0.000000000000000000e+00
6.985000000000000320e+00,1.386613536525505746e-03,-1.848765631666595593e-03,2.687198804178728292e-04,-3.422261662638555473e-04,2.320030764525136610e-03,0.000000000000000000e+00
6.990000000000000213e+00,1.377399967111120642e-03,-1.836675064035502881e-03,2.670139959806344188e-04,-3.401296400311401699e-04,2.305238352589456582e-03,0.000000000000000000e+00
6.995000000000000107e+00,1.368246656987310737e-03,-1.824661835345853678e-03,2.653185637572452152e-04,-3.380452700113680616e-04,2.290537147640391707e-03,0.000000000000000000e+00
7.000000000000000000e+00,1.359153220658360604e-03,-1.812725466473289956e-03,2.636335231271004368e-04,-3.359729920669411035e-04,2.275926615564670581e-03,0.000000000000000000e+00
7.004999999999999893e+00,1.350119275017103593e-03,-1.800865481120154151e-03,2.619588137895884658e-04,-3.339127423380382730e-04,2.261406225115756424e-03,0.000000000000000000e+00
7.009999999999999787e+00,1.341144439330826553e-03,-1.789081405800118643e-03,2.602943757627036660e-04,-3.318644572420340229e-04,2.246975447900956789e-03,0.000000000000000000e+00
7.015000000000000568e+00,1.332228335227251528e-03,-1.777372769822885279e-03,2.586401493816616937e-04,-3.298280734729103192e-04,2.232633758368558416e-03,0.000000000000000000e+00
7.020000000000000462e+00,1.323370586680594008e-03,-1.765739105278957104e-03,2.569960752975180619e-04,-3.278035280006625523e-04,2.218380633794995484e-03,0.000000000000000000e+00
7.025000000000000355e+00,1.314570819997695978e-03,-1.754179947024480562e-03,2.553620944757894681e-04,-3.257907580706991598e-04,2.204215554272051687e-03,0.000000000000000000e+00
7.030000000000000249e+00,1.305828663804236602e-03,-1.742694832666157522e-03,2.537381481950783764e-04,-3.237897012032352867e-04,2.190138002694101346e-03,0.000000000000000000e+00
7.035000000000000142e+00,1.297143749031015982e-03,-1.731283302546228432e-03,2.521241780457003081e-04,-3.218002951926805365e-04,2.176147464745370897e-03,0.000000000000000000e+00
7.040000000000000036e+00,1.288515708900315679e-03,-1.719944899727525282e-03,2.505201259283146580e-04,-3.198224781070209757e-04,2.162243428887248523e-03,0.000000000000000000e+00
7.044999999999999929e+00,1.279944178912332522e-03,-1.708679169978595059e-03,2.489259340525582192e-04,-3.178561882871952841e-04,2.148425386345621108e-03,0.000000000000000000e+00
7.049999999999999822e+00,1.271428796831687016e-03,-1.697485661758891705e-03,2.473415449356819625e-04,-3.159013643464657546e-04,2.134692831098237206e-03,0.000000000000000000e+00
7.054999999999999716e+00,1.262969202674006121e-03,-1.686363926204038997e-03,2.457669014011911205e-04,-3.139579451697832764e-04,2.121045259862122494e-03,0.000000000000000000e+00
7.060000000000000497e+00,1.254565038692578675e-03,-1.675313517111161722e-03,2.442019465774883098e-04,-3.120258699131474929e-04,2.107482172081013433e-03,0.000000000000000000e+00
7.065000000000000391e+00,1.246215949365084546e-03,-1.664333990924286247e-03,2.426466238965197680e-04,-3.101050780029614303e-04,2.094003069912832998e-03,0.000000000000000000e+00
7.070000000000000284e+00,1.237921581380396416e-03,-1.653424906719810038e-03,2.411008770924251161e-04,-3.081955091353810305e-04,2.080607458217201972e-03,0.000000000000000000e+00
7.075000000000000178e+00,1.229681583625454435e-03,-1.642585826192040355e-03,2.395646502001901827e-04,-3.062971032756598051e-04,2.067294844542976254e-03,0.000000000000000000e+00
7.080000000000000071e+00,1.221495607172212424e-03,-1.631816313638799953e-03,2.380378875543031627e-04,-3.044098006574883397e-04,2.054064739115837521e-03,0.000000000000000000e+00
7.084999999999999964e+00,1.213363305264655856e-03,-1.621115935947102819e-03,2.365205337874140828e-04,-3.025335417823292981e-04,2.040916654825897323e-03,0.000000000000000000e+00
7.089999999999999858e+00,1.205284333305892261e-03,-1.610484262578896261e-03,2.350125338289976273e-04,-3.006682674187474398e-04,2.027850107215353227e-03,0.000000000000000000e+00
7.094999999999999751e+00,1.197258348845311234e-03,-1.599920865556872171e-03,2.335138329040192990e-04,-2.988139186017351920e-04,2.014864614466169677e-03,0.000000000000000000e+00
7.100000000000000533e+00,1.189285011565817092e-03,-1.589425319450345295e-03,2.320243765316049674e-04,-2.969704366320335596e-04,2.001959697387806995e-03,0.000000000000000000e+00
7.105000000000000426e+00,1.181363983271129610e-03,-1.578997201361198501e-03,2.305441105237138590e-04,-2.951377630754487523e-04,1.989134879404968158e-03,0.000000000000000000e+00
7.110000000000000320e+00,1.173494927873157401e-03,-1.568636090909895919e-03,2.290729809838149640e-04,-2.933158397621646383e-04,1.976389686545401529e-03,0.000000000000000000e+00
7.115000000000000213e+00,1.165677511379439174e-03,-1.558341570221562656e-03,2.276109343055668301e-04,-2.915046087860506435e-04,1.963723647427724830e-03,0.000000000000000000e+00
7.120000000000000107e+00,1.157911401880655240e-03,-1.548113223912131508e-03,2.261579171715008801e-04,-2.897040125039656937e-04,1.951136293249295089e-03,0.000000000000000000e+00
7.125000000000000000e+00,1.150196269538207756e-03,-1.537950639074555379e-03,2.247138765517082536e-04,-2.879139935350583080e-04,1.938627157774105037e-03,0.000000000000000000e+00
7.129999999999999893e+00,1.142531786571870586e-03,-1.527853405265087354e-03,2.232787597025300637e-04,-2.861344947600624094e-04,1.926195777320727654e-03,0.000000000000000000e+00
7.134999999999999787e+00,1.134917627247506149e-03,-1.517821114489625606e-03,2.218525141652512853e-04,-2.843654593205897202e-04,1.913841690750288675e-03,0.000000000000000000e+00
7.140000000000000568e+00,1.127353467864851671e-03,-1.507853361190124438e-03,2.204350877647980869e-04,-2.826068306184179296e-04,1.901564439454478568e-03,0.000000000000000000e+00
7.145000000000000462e+00,1.119838986745372864e-03,-1.497949742231071898e-03,2.190264286084388744e-04,-2.808585523147755529e-04,1.889363567343605712e-03,0.000000000000000000e+00
7.150000000000000355e+00,1.112373864220184616e-03,-1.488109856886031144e-03,2.176264850844887241e-04,-2.791205683296232149e-04,1.877238620834676243e-03,0.000000000000000000e+00
7.155000000000000249e+00,1.104957782618038896e-03,-1.478333306824248811e-03,2.162352058610176372e-04,-2.773928228409312997e-04,1.865189148839521823e-03,0.000000000000000000e+00
7.160000000000000142e+00,1.097590426253380533e-03,-1.468619696097326916e-03,2.148525398845622361e-04,-2.756752602839541858e-04,1.853214702752959938e-03,0.000000000000000000e+00
7.165000000000000036e+00,1.090271481414467830e-03,-1.458968631125960027e-03,2.134784363788411481e-04,-2.739678253505013913e-04,1.841314836440989967e-03,0.000000000000000000e+00
7.169999999999999929e+00,1.083000636351560400e-03,-1.449379720686737273e-03,2.121128448434741012e-04,-2.722704629882053036e-04,1.829489106229029811e-03,0.000000000000000000e+00
7.174999999999999822e+00,1.075777581265172480e-03,-1.439852575899008532e-03,2.107557150527046802e-04,-2.705831183997857653e-04,1.817737070890188726e-03,0.000000000000000000e+00
7.179999999999999716e+00,1.068602008294392176e-03,-1.430386810211813943e-03,2.094069970541266330e-04,-2.689057370423117866e-04,1.806058291633577239e-03,0.000000000000000000e+00
7.185000000000000497e+00,1.061473611505264888e-03,-1.420982039390878467e-03,2.080666411674140528e-04,-2.672382646264601677e-04,1.794452332092655441e-03,0.000000000000000000e+00
7.190000000000000391e+00,1.054392086879242865e-03,-1.411637881505669332e-03,2.067345979830551657e-04,-2.655806471157711401e-04,1.782918758313617935e-03,0.000000000000000000e+00
7.195000000000000284e+00,1.047357132301698739e-03,-1.402353956916517009e-03,2.054108183610899399e-04,-2.639328307259013510e-04,1.771457138743821706e-03,0.000000000000000000e+00
7.200000000000000178e+00,1.040368447550502583e-03,-1.393129888261799947e-03,2.040952534298512725e-04,-2.622947619238740293e-04,1.760067044220241976e-03,0.000000000000000000e+00
7.205000000000000071e+00,1.033425734284664247e-03,-1.383965300445190883e-03,2.027878545847101345e-04,-2.606663874273264952e-04,1.748748047957977489e-03,0.000000000000000000e+00
7.209999999999999964e+00,1.026528696033038573e-03,-1.374859820622967776e-03,2.014885734868243465e-04,-2.590476542037551755e-04,1.737499725538784205e-03,0.000000000000000000e+00
7.214999999999999858e+00,1.019677038183093706e-03,-1.365813078191386101e-03,2.001973620618911775e-04,-2.574385094697580179e-04,1.726321654899653450e-03,0.000000000000000000e+00
7.219999999999999751e+00,1.012870467969742734e-03,-1.356824704774112949e-03,1.989141724989036838e-04,-2.558389006902745191e-04,1.715213416321425622e-03,0.000000000000000000e+00
7.225000000000000533e+00,1.006108694464237984e-03,-1.347894334209725088e-03,1.976389572489110316e-04,-2.542487755778234226e-04,1.704174592417441632e-03,0.000000000000000000e+00
7.230000000000000426e+00,9.993914285631273417e-04,-1.339021602539266879e-03,1.963716690237823990e-04,-2.526680820917380846e-04,1.693204768122236626e-03,0.000000000000000000e+00
7.235000000000000320e+00,9.927183829772734478e-04,-1.330206147993870857e-03,1.951122607949748607e-04,-2.510967684373996726e-04,1.682303530680265800e-03,0.000000000000000000e+00
7.240000000000000213e+00,9.860892722209336179e-04,-1.321447610982439888e-03,1.938606857923050688e-04,-2.495347830654681947e-04,1.671470469634674669e-03,0.000000000000000000e+00
7.245000000000000107e+00,9.795038126009017725e-04,-1.312745634079389833e-03,1.926168975027247818e-04,-2.479820746711115234e-04,1.660705176816102508e-03,0.000000000000000000e+00
7.250000000000000000e+00,9.729617222057111931e-04,-1.304099862012453575e-03,1.913808496691002696e-04,-2.464385921932323595e-04,1.650007246331531337e-03,0.000000000000000000e+00
7.254999999999999893e+00,9.664627208948987523e-04,-1.295509941650545760e-03,1.901524962889955680e-04,-2.449042848136933530e-04,1.639376274553164172e-03,0.000000000000000000e+00
7.259999999999999787e+00,9.600065302883288836e-04,-1.286975521991688036e-03,1.889317916134596086e-04,-2.433791019565402719e-04,1.628811860107351201e-03,0.000000000000000000e+00
7.265000000000000568e+00,9.535928737555781579e-04,-1.278496254150994363e-03,1.877186901458172521e-04,-2.418629932872234370e-04,1.618313603863547837e-03,0.000000000000000000e+00
7.270000000000000462e+00,9.472214764053798162e-04,-1.270071791348716811e-03,1.865131466404642245e-04,-2.403559087118174210e-04,1.607881108923315270e-03,0.000000000000000000e+00
7.275000000000000355e+00,9.408920650751277171e-04,-1.261701788898350997e-03,1.853151161016659571e-04,-2.388577983762390957e-04,1.597513980609357228e-03,0.000000000000000000e+00
7.280000000000000249e+00,9.346043683204399146e-04,-1.253385904194801153e-03,1.841245537823603016e-04,-2.373686126654640783e-04,1.587211826454597297e-03,0.000000000000000000e+00
7.285000000000000142e+00,9.283581164047807841e-04,-1.245123796702603952e-03,1.829414151829642573e-04,-2.358883022027416607e-04,1.576974256191296993e-03,0.000000000000000000e+00
7.290000000000000036e+00,9.221530412891425612e-04,-1.236915127944213056e-03,1.817656560501844929e-04,-2.344168178488082485e-04,1.566800881740206160e-03,0.000000000000000000e+00
7.294999999999999929e+00,9.159888766217845609e-04,-1.228759561488340906e-03,1.805972323758319343e-04,-2.329541107010993893e-04,1.556691317199758451e-03,0.000000000000000000e+00
7.299999999999999822e+00,9.098653577280311610e-04,-1.220656762938360359e-03,1.794361003956402548e-04,-2.315001320929605823e-04,1.546645178835305643e-03,0.000000000000000000e+00
7.304999999999999716e+00,9.037822216001272467e-04,-1.212606399920764444e-03,1.782822165880882151e-04,-2.300548335928565696e-04,1.536662085068383164e-03,0.000000000000000000e+00
7.310000000000000497e+00,8.977392068871513364e-04,-1.204608142073684005e-03,1.771355376732261229e-04,-2.286181670035796517e-04,1.526741656466024414e-03,0.000000000000000000e+00
7.315000000000000391e+00,8.917360538849860609e-04,-1.196661661035464553e-03,1.759960206115061951e-04,-2.271900843614566479e-04,1.516883515730109563e-03,0.000000000000000000e+00
7.320000000000000284e+00,8.857725045263454547e-04,-1.188766630433299269e-03,1.748636226026167970e-04,-2.257705379355549077e-04,1.507087287686751861e-03,0.000000000000000000e+00
7.325000000000000178e+00,8.798483023708589517e-04,-1.180922725871921212e-03,1.737383010843207467e-04,-2.243594802268871575e-04,1.497352599275724068e-03,0.000000000000000000e+00
7.330000000000000071e+00,8.739631925952121927e-04,-1.173129624922351899e-03,1.726200137312976311e-04,-2.229568639676153975e-04,1.487679079539927160e-03,0.000000000000000000e+00
7.334999999999999964e+00,8.681169219833430187e-04,-1.165387007110707356e-03,1.715087184539899976e-04,-2.215626421202539318e-04,1.478066359614892003e-03,0.000000000000000000e+00
7.339999999999999858e+00,8.623092389166943849e-04,-1.157694553907061405e-03,1.704043733974536126e-04,-2.201767678768714231e-04,1.468514072718323958e-03,0.000000000000000000e+00
7.344999999999999751e+00,8.565398933645219188e-04,-1.150051948714364688e-03,1.693069369402116489e-04,-2.187991946582921608e-04,1.459021854139685645e-03,0.000000000000000000e+00
7.350000000000000533e+00,8.508086368742573142e-04,-1.142458876857421800e-03,1.682163676931129669e-04,-2.174298761132965700e-04,1.449589341229819400e-03,0.000000000000000000e+00
7.355000000000000426e+00,8.451152225619265861e-04,-1.134915025571922847e-03,1.671326244981942986e-04,-2.160687661178209624e-04,1.440216173390607016e-03,0.000000000000000000e+00
7.360000000000000320e+00,8.394594051026227528e-04,-1.127420083993532253e-03,1.660556664275464431e-04,-2.147158187741567440e-04,1.430901992064669611e-03,0.000000000000000000e+00
7.365000000000000213e+00,8.338409407210331612e-04,-1.119973743147033296e-03,1.649854527821845553e-04,-2.133709884101488922e-04,1.421646440725105216e-03,0.000000000000000000e+00
7.370000000000000107e+00,8.282595871820209142e-04,-1.112575695935527935e-03,1.639219430909223370e-04,-2.120342295783938353e-04,1.412449164865268005e-03,0.000000000000000000e+00
7.375000000000000000e+00,8.227151037812603998e-04,-1.105225637129691714e-03,1.628650971092503218e-04,-2.107054970554369806e-04,1.403309811988582428e-03,0.000000000000000000e+00
7.379999999999999893e+00,8.172072513359258375e-04,-1.097923263357084619e-03,1.618148748182180895e-04,-2.093847458409697001e-04,1.394228031598401807e-03,0.000000000000000000e+00
7.384999999999999787e+00,8.117357921754336011e-04,-1.090668273091516130e-03,1.607712364233205736e-04,-2.080719311570258280e-04,1.385203475187897926e-03,0.000000000000000000e+00
7.390000000000000568e+00,8.063004901322374509e-04,-1.083460366642465585e-03,1.597341423533883806e-04,-2.067670084471779420e-04,1.376235796229999427e-03,0.000000000000000000e+00
7.395000000000000462e+00,8.009011105326764579e-04,-1.076299246144556522e-03,1.587035532594820663e-04,-2.054699333757332373e-04,1.367324650167359244e-03,0.000000000000000000e+00
7.400000000000000355e+00,7.955374201878757283e-04,-1.069184615547085675e-03,1.576794300137904779e-04,-2.041806618269291300e-04,1.358469694402368675e-03,0.000000000000000000e+00
7.405000000000000249e+00,7.902091873846988452e-04,-1.062116180603605523e-03,1.566617337085331348e-04,-2.028991499041286710e-04,1.349670588287203970e-03,0.000000000000000000e+00
7.410000000000000142e+00,7.849161818767524598e-04,-1.055093648861561489e-03,1.556504256548666212e-04,-2.016253539290158235e-04,1.340926993113918456e-03,0.000000000000000000e+00
7.415000000000000036e+00,7.796581748754428162e-04,-1.048116729651982042e-03,1.546454673817949628e-04,-2.003592304407905244e-04,1.332238572104566757e-03,0.000000000000000000e+00
7.419999999999999929e+00,7.744349390410835586e-04,-1.041185134079222361e-03,1.536468206350840963e-04,-1.991007361953636918e-04,1.323604990401373686e-03,0.000000000000000000e+00
7.424999999999999822e+00,7.692462484740542799e-04,-1.034298575010761129e-03,1.526544473761802425e-04,-1.978498281645522309e-04,1.315025915056934353e-03,0.000000000000000000e+00
7.429999999999999716e+00,7.640918787060107858e-04,-1.027456767067050445e-03,1.516683097811325073e-04,-1.966064635352739610e-04,1.306501015024463287e-03,0.000000000000000000e+00
7.435000000000000497e+00,7.589716066911450162e-04,-1.020659426611418433e-03,1.506883702395193046e-04,-1.953705997087427568e-04,1.298029961148070878e-03,0.000000000000000000e+00
7.440000000000000391e+00,7.538852107974961404e-04,-1.013906271740024328e-03,1.497145913533789270e-04,-1.941421942996634749e-04,1.289612426153089256e-03,0.000000000000000000e+00
7.445000000000000284e+00,7.488324707983113086e-04,-1.007197022271865815e-03,1.487469359361440722e-04,-1.929212051354273942e-04,1.281248084636428964e-03,0.000000000000000000e+00
7.450000000000000178e+00,7.438131678634561693e-04,-1.000531399738838418e-03,1.477853670115804915e-04,-1.917075902553074397e-04,1.272936613056976831e-03,0.000000000000000000e+00
7.455000000000000071e+00,7.388270845508753673e-04,-9.939091273758467009e-04,1.468298478127294852e-04,-1.905013079096539211e-04,1.264677689726032223e-03,0.000000000000000000e+00
7.459999999999999964e+00,7.338740047981019395e-04,-9.873299301109673097e-04,1.458803417808546277e-04,-1.893023165590903536e-04,1.256470994797783411e-03,0.000000000000000000e+00
7.464999999999999858e+00,7.289537139138161509e-04,-9.807935345556633919e-04,1.449368125643923141e-04,-1.881105748737096298e-04,1.248316210259818636e-03,0.000000000000000000e+00
7.469999999999999751e+00,7.240659985694525768e-04,-9.742996689950504142e-04,1.439992240179065349e-04,-1.869260417322704906e-04,1.240213019923680320e-03,0.000000000000000000e+00
7.475000000000000533e+00,7.192106467908564085e-04,-9.678480633782121775e-04,1.430675402010474727e-04,-1.857486762213943752e-04,1.232161109415452023e-03,0.000000000000000000e+00
7.480000000000000426e+00,7.143874479499875713e-04,-9.614384493085684387e-04,1.421417253775142191e-04,-1.845784376347626781e-04,1.224160166166391155e-03,0.000000000000000000e+00
7.485000000000000320e+00,7.095961927566728743e-04,-9.550705600342929494e-04,1.412217440140214756e-04,-1.834152854723144664e-04,1.216209879403591177e-03,0.000000000000000000e+00
7.490000000000000213e+00,7.048366732504064052e-04,-9.487441304387814753e-04,1.403075607792702662e-04,-1.822591794394445765e-04,1.208309940140688031e-03,0.000000000000000000e+00
7.495000000000000107e+00,7.001086827921969812e-04,-9.424588970311704485e-04,1.393991405429226890e-04,-1.811100794462023624e-04,1.200460041168604532e-03,0.000000000000000000e+00
7.500000000000000000e+00,6.954120160564629784e-04,-9.362145979369049503e-04,1.384964483745806246e-04,-1.799679456064909029e-04,1.192659877046329652e-03,0.000000000000000000e+00
7.504999999999999893e+00,6.907464690229743248e-04,-9.300109728883568933e-04,1.375994495427684567e-04,-1.788327382372668071e-04,1.184909144091738156e-03,0.000000000000000000e+00
7.509999999999999787e+00,6.861118389688412216e-04,-9.238477632154925342e-04,1.367081095139198303e-04,-1.777044178577406690e-04,1.177207540372448603e-03,0.000000000000000000e+00
7.515000000000000568e+00,6.815079244605494859e-04,-9.177247118365893181e-04,1.358223939513683684e-04,-1.765829451885781191e-04,1.169554765696716051e-03,0.000000000000000000e+00
7.520000000000000462e+00,6.769345253460418632e-04,-9.116415632490015115e-04,1.349422687143423999e-04,-1.754682811511016076e-04,1.161950521604368340e-03,0.000000000000000000e+00
7.525000000000000355e+00,6.723914427468459607e-04,-9.055980635199749502e-04,1.340676998569636169e-04,-1.743603868664928382e-04,1.154394511357773826e-03,0.000000000000000000e+00
7.530000000000000249e+00,6.678784790502473919e-04,-8.995939602775104675e-04,1.331986536272498803e-04,-1.732592236549960422e-04,1.146886439932853340e-03,0.000000000000000000e+00
7.535000000000000142e+00,6.633954379015087827e-04,-8.936290027012757861e-04,1.323350964661217653e-04,-1.721647530351220112e-04,1.139426014010121429e-03,0.000000000000000000e+00
7.540000000000000036e+00,6.589421241961340974e-04,-8.877029415135651155e-04,1.314769950064133351e-04,-1.710769367228528624e-04,1.132012941965776596e-03,0.000000000000000000e+00
7.544999999999999929e+00,6.545183440721780675e-04,-8.818155289703074294e-04,1.306243160718867098e-04,-1.699957366308477516e-04,1.124646933862816483e-03,0.000000000000000000e+00
7.549999999999999822e+00,6.501239049026003979e-04,-8.759665188521221233e-04,1.297770266762506735e-04,-1.689211148676493730e-04,1.117327701442202706e-03,0.000000000000000000e+00
7.554999999999999716e+00,6.457586152876643171e-04,-8.701556664554225932e-04,1.289350940221832120e-04,-1.678530337368914344e-04,1.110054958114053449e-03,0.000000000000000000e+00
7.560000000000000497e+00,6.414222850473801215e-04,-8.643827285835667612e-04,1.280984855003580887e-04,-1.667914557365070001e-04,1.102828418948877467e-03,0.000000000000000000e+00
7.565000000000000391e+00,6.371147252139921970e-04,-8.586474635380550880e-04,1.272671686884752702e-04,-1.657363435579378361e-04,1.095647800668847569e-03,0.000000000000000000e+00
7.570000000000000284e+00,6.328357480245103833e-04,-8.529496311097755322e-04,1.264411113502954438e-04,-1.646876600853447860e-04,1.088512821639107909e-03,0.000000000000000000e+00
7.575000000000000178e+00,6.285851669132848157e-04,-8.472889925702950216e-04,1.256202814346783032e-04,-1.636453683948190679e-04,1.081423201859120324e-03,0.000000000000000000e+00
7.580000000000000071e+00,6.243627965046240260e-04,-8.416653106631979790e-04,1.248046470746248999e-04,-1.626094317535946559e-04,1.074378662954045792e-03,0.000000000000000000e+00
7.584999999999999964e+00,6.201684526054565202e-04,-8.360783495954703841e-04,1.239941765863239247e-04,-1.615798136192617455e-04,1.067378928166164923e-03,0.000000000000000000e+00
7.589999999999999858e+00,6.160019521980353990e-04,-8.305278750289308903e-04,1.231888384682018112e-04,-1.605564776389813847e-04,1.060423722346334665e-03,0.000000000000000000e+00
7.594999999999999751e+00,6.118631134326852619e-04,-8.250136540717072607e-04,1.223886013999769319e-04,-1.595393876487010538e-04,1.053512771945483168e-03,0.000000000000000000e+00
7.600000000000000533e+00,6.077517556205919375e-04,-8.195354552697585579e-04,1.215934342417176024e-04,-1.585285076723716002e-04,1.046645805006139350e-03,0.000000000000000000e+00
7.605000000000000426e+00,6.036676992266344979e-04,-8.140930485984431949e-04,1.208033060329039628e-04,-1.575238019211652035e-04,1.039822551153999752e-03,0.000000000000000000e+00
7.610000000000000320e+00,5.996107658622592314e-04,-8.086862054541320895e-04,1.200181859914938959e-04,-1.565252347926946147e-04,1.033042741589533780e-03,0.000000000000000000e+00
7.615000000000000213e+00,5.955807782783953570e-04,-8.033146986458665961e-04,1.192380435129927280e-04,-1.555327708702335869e-04,1.026306109079623205e-03,0.000000000000000000e+00
7.620000000000000107e+00,5.915775603584125892e-04,-7.979783023870621900e-04,1.184628481695269002e-04,-1.545463749219385546e-04,1.019612387949240476e-03,0.000000000000000000e+00
7.625000000000000000e+00,5.876009371111197942e-04,-7.926767922872560634e-04,1.176925697089214746e-04,-1.535660119000716939e-04,1.012961314073161298e-03,0.000000000000000000e+00
7.629999999999999893e+00,5.836507346638048453e-04,-7.874099453438996058e-04,1.169271780537815581e-04,-1.525916469402250676e-04,1.006352624867715585e-03,0.000000000000000000e+00
7.634999999999999787e+00,5.797267802553157873e-04,-7.821775399341949044e-04,1.161666433005775740e-04,-1.516232453605462877e-04,9.997860592825713773e-04,0.000000000000000000e+00
7.640000000000000568e+00,5.758289022291820068e-04,-7.769793558069758039e-04,1.154109357187344513e-04,-1.506607726609654257e-04,9.932613577925616943e-04,0.000000000000000000e+00
7.645000000000000462e+00,5.719569300267767116e-04,-7.718151740746323356e-04,1.146600257497246080e-04,-1.497041945224233039e-04,9.867782623895391368e-04,0.000000000000000000e+00
7.650000000000000355e+00,5.681106941805187660e-04,-7.666847772050794894e-04,1.139138840061648379e-04,-1.487534768061012243e-04,9.803365165742716943e-04,0.000000000000000000e+00
7.655000000000000249e+00,5.642900263071154009e-04,-7.615879490137687042e-04,1.131724812709170193e-04,-1.478085855526519983e-04,9.739358653483748711e-04,0.000000000000000000e+00
7.660000000000000142e+00,5.604947591008443888e-04,-7.565244746557432676e-04,1.124357884961926991e-04,-1.468694869814324939e-04,9.675760552062752547e-04,0.000000000000000000e+00
7.665000000000000036e+00,5.567247263268756833e-04,-7.514941406177364338e-04,1.117037768026614723e-04,-1.459361474897376471e-04,9.612568341272153920e-04,0.000000000000000000e+00
7.669999999999999929e+00,5.529797628146327412e-04,-7.464967347103129095e-04,1.109764174785632103e-04,-1.450085336520358012e-04,9.549779515672916254e-04,0.000000000000000000e+00
7.674999999999999822e+00,5.492597044511928752e-04,-7.415320460600526237e-04,1.102536819788240969e-04,-1.440866122192057536e-04,9.487391584515258644e-04,0.000000000000000000e+00
7.679999999999999716e+00,5.455643881747267469e-04,-7.365998651017768893e-04,1.095355419241764871e-04,-1.431703501177751308e-04,9.425402071659769307e-04,0.000000000000000000e+00
7.685000000000000497e+00,5.418936519679763480e-04,-7.316999835708175000e-04,1.088219691002825594e-04,-1.422597144491603903e-04,9.363808515498836700e-04,0.000000000000000000e+00
7.690000000000000391e+00,5.382473348517717972e-04,-7.268321944953274596e-04,1.081129354568617504e-04,-1.413546724889083121e-04,9.302608468878449275e-04,0.000000000000000000e+00
7.695000000000000284e+00,5.346252768785864085e-04,-7.219962921886336708e-04,1.074084131068220375e-04,-1.404551916859390632e-04,9.241799499020371443e-04,0.000000000000000000e+00
7.700000000000000178e+00,5.310273191261295983e-04,-7.171920722416314734e-04,1.067083743253949220e-04,-1.395612396617909698e-04,9.181379187444607941e-04,0.000000000000000000e+00
7.705000000000000071e+00,5.274533036909782825e-04,-7.124193315152207084e-04,1.060127915492742470e-04,-1.386727842098666439e-04,9.121345129892292122e-04,0.000000000000000000e+00
7.709999999999999964e+00,5.239030736822455686e-04,-7.076778681327829806e-04,1.053216373757587428e-04,-1.377897932946810081e-04,9.061694936248889743e-04,0.000000000000000000e+00
7.714999999999999858e+00,5.203764732152869627e-04,-7.029674814727003389e-04,1.046348845618983532e-04,-1.369122350511107024e-04,9.002426230467728023e-04,0.000000000000000000e+00
7.719999999999999751e+00,5.168733474054441977e-04,-6.982879721609146131e-04,1.039525060236443023e-04,-1.360400777836453612e-04,8.943536650493929098e-04,0.000000000000000000e+00
7.725000000000000533e+00,5.133935423618255986e-04,-6.936391420635276261e-04,1.032744748350028746e-04,-1.351732899656404353e-04,8.885023848188640556e-04,0.000000000000000000e+00
7.730000000000000426e+00,5.099369051811241792e-04,-6.890207942794421715e-04,1.026007642271929764e-04,-1.343118402385716948e-04,8.826885489253638931e-04,0.000000000000000000e+00
7.735000000000000320e+00,5.065032839414714081e-04,-6.844327331330431067e-04,1.019313475878073699e-04,-1.334556974112914931e-04,8.769119253156271469e-04,0.000000000000000000e+00
7.740000000000000213e+00,5.030925276963285966e-04,-6.798747641669186702e-04,1.012661984599776886e-04,-1.326048304592867123e-04,8.711722833054743763e-04,0.000000000000000000e+00
7.745000000000000107e+00,4.997044864684135239e-04,-6.753466941346219143e-04,1.006052905415430709e-04,-1.317592085239384695e-04,8.654693935723747813e-04,0.000000000000000000e+00
7.750000000000000000e+00,4.963390112436638158e-04,-6.708483309934718192e-04,9.994859768422254790e-05,-1.309188009117835585e-04,8.598030281480439213e-04,0.000000000000000000e+00
7.754999999999999893e+00,4.929959539652359942e-04,-6.663794838973941979e-04,9.929609389279111761e-05,-1.300835770937775989e-04,8.541729604110739589e-04,0.000000000000000000e+00
7.759999999999999787e+00,4.896751675275404139e-04,-6.619399631898019573e-04,9.864775332425947823e-05,-1.292535067045600826e-04,8.485789650796005503e-04,0.000000000000000000e+00
7.765000000000000568e+00,4.863765057703112182e-04,-6.575295803965144990e-04,9.800355028705746128e-05,-1.284285595417210464e-04,8.430208182040021528e-04,0.000000000000000000e+00
7.770000000000000462e+00,4.830998234727122372e-04,-6.531481482187163684e-04,9.736345924022109678e-05,-1.276087055650696963e-04,8.374982971596329432e-04,0.000000000000000000e+00
7.775000000000000355e+00,4.798449763474774707e-04,-6.487954805259547181e-04,9.672745479258333765e-05,-1.267939148959048212e-04,8.320111806395892378e-04,0.000000000000000000e+00
7.780000000000000249e+00,4.766118210350868628e-04,-6.444713923491751520e-04,9.609551170196841622e-05,-1.259841578162869402e-04,8.265592486475125582e-04,0.000000000000000000e+00
7.785000000000000142e+00,4.734002150979765540e-04,-6.401756998737968178e-04,9.546760487438990051e-05,-1.251794047683123755e-04,8.211422824904221875e-04,0.000000000000000000e+00
7.790000000000000036e+00,4.702100170147837732e-04,-6.359082204328250125e-04,9.484370936325228773e-05,-1.243796263533892220e-04,8.157600647715832886e-04,0.000000000000000000e+00
7.794999999999999929e+00,4.670410861746259910e-04,-6.316687725000022773e-04,9.422380036855624349e-05,-1.235847933315150791e-04,8.104123793834085241e-04,0.000000000000000000e+00
7.799999999999999822e+00,4.638932828714143874e-04,-6.274571756829975481e-04,9.360785323610748652e-05,-1.227948766205567066e-04,8.050990115003933949e-04,0.000000000000000000e+00
7.805000000000000604e+00,4.607664682982010387e-04,-6.232732507166331443e-04,9.299584345672922423e-05,-1.220098472955316186e-04,7.998197475720824788e-04,0.000000000000000000e+00
7.810000000000000497e+00,4.576605045415600942e-04,-6.191168194561487296e-04,9.238774666547820680e-05,-1.212296765878914944e-04,7.945743753160720976e-04,0.000000000000000000e+00
7.815000000000000391e+00,4.545752545760023996e-04,-6.149877048705035439e-04,9.178353864086430489e-05,-1.204543358848075932e-04,7.893626837110419335e-04,0.000000000000000000e+00
7.820000000000000284e+00,4.515105822584236238e-04,-6.108857310357151743e-04,9.118319530407371942e-05,-1.196837967284580009e-04,7.841844629898242665e-04,0.000000000000000000e+00
7.825000000000000178e+00,4.484663523225854522e-04,-6.068107231282357300e-04,9.058669271819575570e-05,-1.189180308153169209e-04,7.790395046325022683e-04,0.000000000000000000e+00
7.830000000000000071e+00,4.454424303736300664e-04,-6.027625074183648804e-04,8.999400708745305347e-05,-1.181570099954458100e-04,7.739276013595409315e-04,0.000000000000000000e+00
7.834999999999999964e+00,4.424386828826270407e-04,-5.987409112636993226e-04,8.940511475643546249e-05,-1.174007062717865186e-04,7.688485471249557283e-04,0.000000000000000000e+00
7.839999999999999858e+00,4.394549771811534153e-04,-5.947457631026191113e-04,8.881999220933738766e-05,-1.166490917994564242e-04,7.638021371095050135e-04,0.000000000000000000e+00
7.844999999999999751e+00,4.364911814559058081e-04,-5.907768924478100933e-04,8.823861606919868484e-05,-1.159021388850454618e-04,7.587881677139239524e-04,0.000000000000000000e+00
7.850000000000000533e+00,4.335471647433451065e-04,-5.868341298798224453e-04,8.766096309714902618e-05,-1.151598199859152002e-04,7.538064365521840362e-04,0.000000000000000000e+00
7.855000000000000426e+00,4.306227969243731427e-04,-5.829173070406654241e-04,8.708701019165580263e-05,-1.144221077094999527e-04,7.488567424447879414e-04,0.000000000000000000e+00
7.860000000000000320e+00,4.277179487190412997e-04,-5.790262566274377879e-04,8.651673438777550938e-05,-1.136889748126097561e-04,7.439388854120958326e-04,0.000000000000000000e+00
7.865000000000000213e+00,4.248324916812909924e-04,-5.751608123859937782e-04,8.595011285640861444e-05,-1.129603942007354926e-04,7.390526666676837560e-04,0.000000000000000000e+00
7.870000000000000107e+00,4.219662981937255357e-04,-5.713208091046446642e-04,8.538712290355784235e-05,-1.122363389273559758e-04,7.341978886117329342e-04,0.000000000000000000e+00
7.875000000000000000e+00,4.191192414624136725e-04,-5.675060826078955241e-04,8.482774196959000867e-05,-1.115167821932470704e-04,7.293743548244527785e-04,0.000000000000000000e+00
7.879999999999999893e+00,4.162911955117240548e-04,-5.637164697502171536e-04,8.427194762850125618e-05,-1.108016973457928711e-04,7.245818700595332840e-04,0.000000000000000000e+00
7.884999999999999787e+00,4.134820351791910586e-04,-5.599518084098528865e-04,8.371971758718569278e-05,-1.100910578782988606e-04,7.198202402376304918e-04,0.000000000000000000e+00
7.890000000000000568e+00,4.106916361104111734e-04,-5.562119374826602182e-04,8.317102968470755297e-05,-1.093848374293072089e-04,7.150892724398841532e-04,0.000000000000000000e+00
7.895000000000000462e+00,4.079198747539703449e-04,-5.524966968759869061e-04,8.262586189157665266e-05,-1.086830097819140918e-04,7.103887749014621729e-04,0.000000000000000000e+00
7.900000000000000355e+00,4.051666283564017311e-04,-5.488059275025816567e-04,8.208419230902739476e-05,-1.079855488630890423e-04,7.057185570051450595e-04,0.000000000000000000e+00
7.905000000000000249e+00,4.024317749571739225e-04,-5.451394712745389649e-04,8.154599916830105439e-05,-1.072924287429964299e-04,7.010784292749303254e-04,0.000000000000000000e+00
7.910000000000000142e+00,3.997151933837092509e-04,-5.414971710972778891e-04,8.101126082993149297e-05,-1.066036236343190132e-04,6.964682033696783028e-04,0.000000000000000000e+00
7.915000000000000036e+00,3.970167632464319664e-04,-5.378788708635550862e-04,8.047995578303428752e-05,-1.059191078915835255e-04,6.918876920767819214e-04,0.000000000000000000e+00
7.919999999999999929e+00,3.943363649338467729e-04,-5.342844154475112411e-04,7.995206264459915320e-05,-1.052388560104884288e-04,6.873367093058705291e-04,0.000000000000000000e+00
7.924999999999999822e+00,3.916738796076464743e-04,-5.307136506987513228e-04,7.942756015878579465e-05,-1.045628426272337007e-04,6.828150700825439626e-04,0.000000000000000000e+00
7.930000000000000604e+00,3.890291891978494361e-04,-5.271664234364581252e-04,7.890642719622306418e-05,-1.038910425178528031e-04,6.783225905421358913e-04,0.000000000000000000e+00
7.935000000000000497e+00,3.864021763979663747e-04,-5.236425814435387684e-04,7.838864275331142671e-05,-1.032234305975466708e-04,6.738590879235099038e-04,0.000000000000000000e+00
7.940000000000000391e+00,3.837927246601963659e-04,-5.201419734608051350e-04,7.787418595152882650e-05,-1.025599819200198810e-04,6.694243805628834589e-04,0.000000000000000000e+00
7.945000000000000284e+00,3.812007181906516395e-04,-5.166644491811860735e-04,7.736303603673979278e-05,-1.019006716768189108e-04,6.650182878876850128e-04,0.000000000000000000e+00
7.950000000000000178e+00,3.786260419446115378e-04,-5.132098592439732123e-04,7.685517237850789302e-05,-1.012454751966725765e-04,6.606406304104379262e-04,0.000000000000000000e+00
7.955000000000000071e+00,3.760685816218049360e-04,-5.097780552290989741e-04,7.635057446941146580e-05,-1.005943679448345325e-04,6.562912297226779820e-04,0.000000000000000000e+00
7.959999999999999964e+00,3.735282236617212836e-04,-5.063688896514472251e-04,7.584922192436264695e-05,-9.994732552242792552e-05,6.519699084888985492e-04,0.000000000000000000e+00
7.964999999999999858e+00,3.710048552389501081e-04,-5.029822159551957999e-04,7.535109447992963485e-05,-9.930432366579224383e-05,6.476764904405256720e-04,0.000000000000000000e+00
7.969999999999999751e+00,3.684983642585484896e-04,-4.996178885081913349e-04,7.485617199366224883e-05,-9.866533824583224052e-05,6.434108003699249255e-04,0.000000000000000000e+00
7.975000000000000533e+00,3.660086393514367254e-04,-4.962757625963563034e-04,7.436443444342071322e-05,-9.803034526736906554e-05,6.391726641244341832e-04,0.000000000000000000e+00
7.980000000000000426e+00,3.635355698698219669e-04,-4.929556944181273832e-04,7.387586192670770745e-05,-9.739932086849349842e-05,6.349619086004311885e-04,0.000000000000000000e+00
7.985000000000000320e+00,3.610790458826493407e-04,-4.896575410789257010e-04,7.339043466000364174e-05,-9.677224131992136300e-05,6.307783617374256285e-04,0.000000000000000000e+00
7.990000000000000213e+00,3.586389581710809887e-04,-4.863811605856581378e-04,7.290813297810510402e-05,-9.614908302435113763e-05,6.266218525121829749e-04,0.000000000000000000e+00
7.995000000000000107e+00,3.562151982240021036e-04,-4.831264118412505648e-04,7.242893733346658658e-05,-9.552982251582366603e-05,6.224922109328773819e-04,0.000000000000000000e+00
8.000000000000000000e+00,3.538076582335545586e-04,-4.798931546392116001e-04,7.195282829554532978e-05,-9.491443645908407721e-05,6.183892680332739658e-04,0.000000000000000000e+00
8.005000000000000782e+00,3.514162310906974790e-04,-4.766812496582278056e-04,7.147978655014943200e-05,-9.430290164894587377e-05,6.143128558669381893e-04,0.000000000000000000e+00
8.009999999999999787e+00,3.490408103807948639e-04,-4.734905584567892438e-04,7.100979289878906300e-05,-9.369519500965718868e-05,6.102628075014770136e-04,0.000000000000000000e+00
8.015000000000000568e+00,3.466812903792298268e-04,-4.703209434678460405e-04,7.054282825803087577e-05,-9.309129359426922387e-05,6.062389570128060706e-04,0.000000000000000000e+00
8.019999999999999574e+00,3.443375660470457227e-04,-4.671722679934953073e-04,7.007887365885558963e-05,-9.249117458400683031e-05,6.022411394794488200e-04,0.000000000000000000e+00
8.025000000000000355e+00,3.420095330266135678e-04,-4.640443961996984740e-04,6.961791024601864976e-05,-9.189481528764135120e-05,5.982691909768598831e-04,0.000000000000000000e+00
8.029999999999999361e+00,3.396970876373257516e-04,-4.609371931110286006e-04,6.915991927741411223e-05,-9.130219314086559298e-05,5.943229485717816622e-04,0.000000000000000000e+00
8.035000000000000142e+00,3.374001268713162568e-04,-4.578505246054480468e-04,6.870488212344152414e-05,-9.071328570567096475e-05,5.904022503166248123e-04,0.000000000000000000e+00
8.040000000000000924e+00,3.351185483892066296e-04,-4.547842574091158475e-04,6.825278026637605639e-05,-9.012807066972688096e-05,5.865069352438815643e-04,0.000000000000000000e+00
8.044999999999999929e+00,3.328522505158777538e-04,-4.517382590912246885e-04,6.780359529974161795e-05,-8.954652584576226467e-05,5.826368433605621415e-04,0.000000000000000000e+00
8.050000000000000711e+00,3.306011322362678085e-04,-4.487123980588677511e-04,6.735730892768708726e-05,-8.896862917094935485e-05,5.787918156426644610e-04,0.000000000000000000e+00
8.054999999999999716e+00,3.283650931911953250e-04,-4.457065435519347221e-04,6.691390296436568782e-05,-8.839435870628956006e-05,5.749716940296675793e-04,0.000000000000000000e+00
8.060000000000000497e+00,3.261440336732079935e-04,-4.427205656380372393e-04,6.647335933331730462e-05,-8.782369263600168380e-05,5.711763214190545201e-04,0.000000000000000000e+00
8.064999999999999503e+00,3.239378546224566777e-04,-4.397543352074632862e-04,6.603566006685398549e-05,-8.725660926691218274e-05,5.674055416608642663e-04,0.000000000000000000e+00
8.070000000000000284e+00,3.217464576225944738e-04,-4.368077239681607510e-04,6.560078730544836975e-05,-8.669308702784772895e-05,5.636591995522690149e-04,0.000000000000000000e+00
8.074999999999999289e+00,3.195697448967010868e-04,-4.338806044407497709e-04,6.516872329712524749e-05,-8.613310446902995403e-05,5.599371408321802707e-04,0.000000000000000000e+00
8.080000000000000071e+00,3.174076193032317628e-04,-4.309728499535635379e-04,6.473945039685604622e-05,-8.557664026147237515e-05,5.562392121758815040e-04,0.000000000000000000e+00
8.085000000000000853e+00,3.152599843319910502e-04,-4.280843346377179431e-04,6.431295106595640747e-05,-8.502367319637950318e-05,5.525652611896897555e-04,0.000000000000000000e+00
8.089999999999999858e+00,3.131267441001311718e-04,-4.252149334222093567e-04,6.388920787148671791e-05,-8.447418218454820038e-05,5.489151364056422868e-04,0.000000000000000000e+00
8.095000000000000639e+00,3.110078033481748468e-04,-4.223645220290406514e-04,6.346820348565564900e-05,-8.392814625577123375e-05,5.452886872762121792e-04,0.000000000000000000e+00
8.099999999999999645e+00,3.089030674360623971e-04,-4.195329769683755236e-04,6.304992068522666476e-05,-8.338554455824298312e-05,5.416857641690506035e-04,0.000000000000000000e+00
8.105000000000000426e+00,3.068124423392228702e-04,-4.167201755337205152e-04,6.263434235092745688e-05,-8.284635635796742611e-05,5.381062183617531594e-04,0.000000000000000000e+00
8.109999999999999432e+00,3.047358346446695019e-04,-4.139259957971349007e-04,6.222145146686242903e-05,-8.231056103816826442e-05,5.345499020366578733e-04,0.000000000000000000e+00
8.115000000000000213e+00,3.026731515471187605e-04,-4.111503166044682745e-04,6.181123111992804092e-05,-8.177813809870129974e-05,5.310166682756668321e-04,0.000000000000000000e+00
8.120000000000000995e+00,3.006243008451332430e-04,-4.083930175706255690e-04,6.140366449923110670e-05,-8.124906715546896465e-05,5.275063710550930785e-04,0.000000000000000000e+00
8.125000000000000000e+00,2.985891909372882075e-04,-4.056539790748595032e-04,6.099873489551002072e-05,-8.072332793983713021e-05,5.240188652405382980e-04,0.000000000000000000e+00
8.130000000000000782e+00,2.965677308183615243e-04,-4.029330822560901900e-04,6.059642570055890390e-05,-8.020090029805401429e-05,5.205540065817925149e-04,0.000000000000000000e+00
8.134999999999999787e+00,2.945598300755469909e-04,-4.002302090082517408e-04,6.019672040665464350e-05,-7.968176419067142090e-05,5.171116517077621946e-04,0.000000000000000000e+00
8.140000000000000568e+00,2.925653988846908500e-04,-3.975452419756659748e-04,5.979960260598681291e-05,-7.916589969196806658e-05,5.136916581214251258e-04,0.000000000000000000e+00
8.144999999999999574e+00,2.905843480065513460e-04,-3.948780645484429078e-04,5.940505599009045766e-05,-7.865328698937517011e-05,5.102938841948088293e-04,0.000000000000000000e+00
8.150000000000000355e+00,2.886165887830812664e-04,-3.922285608579076420e-04,5.901306434928178855e-05,-7.814390638290422413e-05,5.069181891639974822e-04,0.000000000000000000e+00
8.154999999999999361e+00,2.866620331337331440e-04,-3.895966157720540893e-04,5.862361157209669370e-05,-7.763773828457698944e-05,5.035644331241625853e-04,0.000000000000000000e+00
8.160000000000000142e+00,2.847205935517873893e-04,-3.869821148910248241e-04,5.823668164473211009e-05,-7.713476321785767121e-05,5.002324770246222539e-04,0.000000000000000000e+00
8.165000000000000924e+00,2.827921831007025946e-04,-3.843849445426173361e-04,5.785225865049022770e-05,-7.663496181708727710e-05,4.969221826639212171e-04,0.000000000000000000e+00
8.169999999999999929e+00,2.808767154104886612e-04,-3.818049917778163047e-04,5.747032676922551251e-05,-7.613831482692021168e-05,4.936334126849421496e-04,0.000000000000000000e+00
8.175000000000000711e+00,2.789741046741017185e-04,-3.792421443663517304e-04,5.709087027679454843e-05,-7.564480310176303912e-05,4.903660305700383634e-04,0.000000000000000000e+00
8.179999999999999716e+00,2.770842656438617037e-04,-3.766962907922830344e-04,5.671387354450866427e-05,-7.515440760521545501e-05,4.871199006361920858e-04,0.000000000000000000e+00
8.185000000000000497e+00,2.752071136278915159e-04,-3.741673202496088521e-04,5.633932103858937289e-05,-7.466710940951342660e-05,4.838948880302010357e-04,0.000000000000000000e+00
8.189999999999999503e+00,2.733425644865783433e-04,-3.716551226379022528e-04,5.596719731962656826e-05,-7.418288969497455556e-05,4.806908587238856536e-04,0.000000000000000000e+00
8.195000000000000284e+00,2.714905346290566197e-04,-3.691595885579714367e-04,5.559748704203950758e-05,-7.370172974944564997e-05,4.775076795093248462e-04,0.000000000000000000e+00
8.199999999999999289e+00,2.696509410097126108e-04,-3.666806093075456949e-04,5.523017495354053775e-05,-7.322361096775239673e-05,4.743452179941149327e-04,0.000000000000000000e+00
8.205000000000000071e+00,2.678237011247106307e-04,-3.642180768769865220e-04,5.486524589460157309e-05,-7.274851485115131102e-05,4.712033425966547211e-04,0.000000000000000000e+00
8.210000000000000853e+00,2.660087330085403995e-04,-3.617718839450237748e-04,5.450268479792330379e-05,-7.227642300678385398e-05,4.680819225414519424e-04,0.000000000000000000e+00
8.214999999999999858e+00,2.642059552305860322e-04,-3.593419238745166580e-04,5.414247668790713526e-05,-7.180731714713267828e-05,4.649808278544590129e-04,0.000000000000000000e+00
8.220000000000000639e+00,2.624152868917156798e-04,-3.569280907082393768e-04,5.378460668012983119e-05,-7.134117908948012330e-05,4.618999293584297216e-04,0.000000000000000000e+00
8.224999999999999645e+00,2.606366476208926393e-04,-3.545302791646916165e-04,5.342905998082087389e-05,-7.087799075536883810e-05,4.588390986683011253e-04,0.000000000000000000e+00
8.230000000000000426e+00,2.588699575718070626e-04,-3.521483846339333091e-04,5.307582188634250126e-05,-7.041773417006462704e-05,4.557982081866009767e-04,0.000000000000000000e+00
8.234999999999999432e+00,2.571151374195285904e-04,-3.497823031734439026e-04,5.272487778267242038e-05,-6.996039146202139600e-05,4.527771310988773783e-04,0.000000000000000000e+00
8.240000000000000213e+00,2.553721083571793699e-04,-3.474319315040055910e-04,5.237621314488922483e-05,-6.950594486234838894e-05,4.497757413691542408e-04,0.000000000000000000e+00
8.245000000000000995e+00,2.536407920926280510e-04,-3.450971670056110475e-04,5.202981353666041408e-05,-6.905437670427945745e-05,4.467939137354088046e-04,0.000000000000000000e+00
8.250000000000000000e+00,2.519211108452036781e-04,-3.427779077133947389e-04,5.168566460973311668e-05,-6.860566942264457991e-05,4.438315237050750200e-04,0.000000000000000000e+00
8.255000000000000782e+00,2.502129873424302356e-04,-3.404740523135882011e-04,5.134375210342741538e-05,-6.815980555334353555e-05,4.408884475505694240e-04,0.000000000000000000e+00
8.259999999999999787e+00,2.485163448167811975e-04,-3.381855001394991670e-04,5.100406184413231521e-05,-6.771676773282173339e-05,4.379645623048409784e-04,0.000000000000000000e+00
8.265000000000000568e+00,2.468311070024541338e-04,-3.359121511675141128e-04,5.066657974480431344e-05,-6.727653869754818240e-05,4.350597457569439471e-04,0.000000000000000000e+00
8.269999999999999574e+00,2.451571981321652130e-04,-3.336539060131242236e-04,5.033129180446858529e-05,-6.683910128349561657e-05,4.321738764476351679e-04,0.000000000000000000e+00
8.275000000000000355e+00,2.434945429339637347e-04,-3.314106659269747774e-04,4.999818410772277172e-05,-6.640443842562280196e-05,4.293068336649949056e-04,0.000000000000000000e+00
8.279999999999999361e+00,2.418430666280660152e-04,-3.291823327909378940e-04,4.966724282424332183e-05,-6.597253315735897143e-05,4.264584974400687932e-04,0.000000000000000000e+00
8.285000000000000142e+00,2.402026949237090600e-04,-3.269688091142078888e-04,4.933845420829443060e-05,-6.554336861009041424e-05,4.236287485425349803e-04,0.000000000000000000e+00
8.290000000000000924e+00,2.385733540160236976e-04,-3.247699980294200465e-04,4.901180459823953805e-05,-6.511692801264919346e-05,4.208174684763939417e-04,0.000000000000000000e+00
8.294999999999999929e+00,2.369549705829270393e-04,-3.225858032887921078e-04,4.868728041605536951e-05,-6.469319469080403169e-05,4.180245394756807288e-04,0.000000000000000000e+00
8.300000000000000711e+00,2.353474717820341563e-04,-3.204161292602881995e-04,4.836486816684853048e-05,-6.427215206675325682e-05,4.152498445002002062e-04,0.000000000000000000e+00
8.304999999999999716e+00,2.337507852475888661e-04,-3.182608809238057497e-04,4.804455443837459525e-05,-6.385378365862002463e-05,4.124932672312849481e-04,0.000000000000000000e+00
8.310000000000000497e+00,2.321648390874135463e-04,-3.161199638673845751e-04,4.772632590055977725e-05,-6.343807307994950642e-05,4.097546920675763905e-04,0.000000000000000000e+00
8.314999999999999503e+00,2.305895618798779224e-04,-3.139932842834383024e-04,4.741016930502503875e-05,-6.302500403920831295e-05,4.070340041208279393e-04,0.000000000000000000e+00
8.320000000000000284e+00,2.290248826708864767e-04,-3.118807489650083416e-04,4.709607148461274862e-05,-6.261456033928599176e-05,4.043310892117298700e-04,0.000000000000000000e+00
8.324999999999999289e+00,2.274707309708847217e-04,-3.097822653020394887e-04,4.678401935291579970e-05,-6.220672587699866590e-05,4.016458338657585142e-04,0.000000000000000000e+00
8.330000000000000071e+00,2.259270367518838784e-04,-3.076977412776778632e-04,4.647399990380923350e-05,-6.180148464259480035e-05,3.989781253090453946e-04,0.000000000000000000e+00
8.335000000000000853e+00,2.243937304445041219e-04,-3.056270854645905840e-04,4.616600021098427720e-05,-6.139882071926300137e-05,3.963278514642702135e-04,0.000000000000000000e+00
8.339999999999999858e+00,2.228707429350360947e-04,-3.035702070213071291e-04,4.586000742748489465e-05,-6.099871828264201131e-05,3.936949009465750366e-04,0.000000000000000000e+00
8.345000000000000639e+00,2.213580055625207442e-04,-3.015270156885823251e-04,4.555600878524674295e-05,-6.060116160033277694e-05,3.910791630595004866e-04,0.000000000000000000e+00
8.349999999999999645e+00,2.198554501158471843e-04,-2.994974217857809666e-04,4.525399159463858883e-05,-6.020613503141261175e-05,3.884805277909446504e-04,0.000000000000000000e+00
8.355000000000000426e+00,2.183630088308687175e-04,-2.974813362072837946e-04,4.495394324400612380e-05,-5.981362302595143166e-05,3.858988858091415026e-04,0.000000000000000000e+00
8.359999999999999432e+00,2.168806143875366113e-04,-2.954786704189145082e-04,4.465585119921821196e-05,-5.942361012453013211e-05,3.833341284586639936e-04,0.000000000000000000e+00
8.365000000000000213e+00,2.154081999070518174e-04,-2.934893364543882978e-04,4.435970300321553667e-05,-5.903608095776099801e-05,3.807861477564463294e-04,0.000000000000000000e+00
8.370000000000000995e+00,2.139456989490343369e-04,-2.915132469117811403e-04,4.406548627556163922e-05,-5.865102024581024819e-05,3.782548363878286387e-04,0.000000000000000000e+00
8.375000000000000000e+00,2.124930455087102306e-04,-2.895503149500200748e-04,4.377318871199633590e-05,-5.826841279792260598e-05,3.757400877026233254e-04,0.000000000000000000e+00
8.380000000000000782e+00,2.110501740141160578e-04,-2.876004542853944561e-04,4.348279808399150008e-05,-5.788824351194799076e-05,3.732417957112012068e-04,0.000000000000000000e+00
8.384999999999999787e+00,2.096170193233207711e-04,-2.856635791880876465e-04,4.319430223830923629e-05,-5.751049737387024238e-05,3.707598550806011795e-04,0.000000000000000000e+00
8.390000000000000568e+00,2.081935167216648224e-04,-2.837396044787295242e-04,4.290768909656236493e-05,-5.713515945733792586e-05,3.682941611306583709e-04,0.000000000000000000e+00
8.394999999999999574e+00,2.067796019190165624e-04,-2.818284455249692112e-04,4.262294665477727877e-05,-5.676221492319721650e-05,3.658446098301555466e-04,0.000000000000000000e+00
8.400000000000000355e+00,2.053752110470456348e-04,-2.799300182380684565e-04,4.234006298295911691e-05,-5.639164901902679741e-05,3.634110977929933288e-04,0.000000000000000000e+00
8.404999999999999361e+00,2.039802806565134191e-04,-2.780442390695149675e-04,4.205902622465926293e-05,-5.602344707867484424e-05,3.609935222743834000e-04,0.000000000000000000e+00
8.410000000000000142e+00,2.025947477145803068e-04,-2.761710250076561250e-04,4.177982459654513351e-05,-5.565759452179804272e-05,3.585917811670600837e-04,0.000000000000000000e+00
8.415000000000000924e+00,2.012185496021297814e-04,-2.743102935743525934e-04,4.150244638797230480e-05,-5.529407685340265947e-05,3.562057729975139347e-04,0.000000000000000000e+00
8.419999999999999929e+00,1.998516241111091690e-04,-2.724619628216518258e-04,4.122687996055890208e-05,-5.493287966338763882e-05,3.538353969222457658e-04,0.000000000000000000e+00
8.425000000000000711e+00,1.984939094418869767e-04,-2.706259513284813554e-04,4.095311374776226625e-05,-5.457398862608972583e-05,3.514805527240408419e-04,0.000000000000000000e+00
8.429999999999999716e+00,1.971453442006267651e-04,-2.688021781973620370e-04,4.068113625445791070e-05,-5.421738949983063570e-05,3.491411408082631309e-04,0.000000000000000000e+00
8.435000000000000497e+00,1.958058673966772570e-04,-2.669905630511404241e-04,4.041093605652070755e-05,-5.386306812646625604e-05,3.468170621991696666e-04,0.000000000000000000e+00
8.439999999999999503e+00,1.944754184399789256e-04,-2.651910260297410957e-04,4.014250180040836429e-05,-5.351101043093782104e-05,3.445082185362463795e-04,0.000000000000000000e+00
8.445000000000000284e+00,1.931539371384866565e-04,-2.634034877869379562e-04,3.987582220274708236e-05,-5.316120242082515246e-05,3.422145120705615993e-04,0.000000000000000000e+00
8.449999999999999289e+00,1.918413636956085638e-04,-2.616278694871450512e-04,3.961088604991951290e-05,-5.281363018590187920e-05,3.399358456611416756e-04,0.000000000000000000e+00
8.455000000000000071e+00,1.905376387076606899e-04,-2.598640928022264655e-04,3.934768219765486733e-05,-5.246827989769266271e-05,3.376721227713656262e-04,0.000000000000000000e+00
8.460000000000000853e+00,1.892427031613377517e-04,-2.581120799083252483e-04,3.908619957062127090e-05,-5.212513780903243489e-05,3.354232474653785420e-04,0.000000000000000000e+00
8.464999999999999858e+00,1.879564984311996620e-04,-2.563717534827113123e-04,3.882642716202031849e-05,-5.178419025362761475e-05,3.331891244045267304e-04,0.000000000000000000e+00
8.470000000000000639e+00,1.866789662771736627e-04,-2.546430367006481438e-04,3.856835403318380564e-05,-5.144542364561932395e-05,3.309696588438102056e-04,0.000000000000000000e+00
8.474999999999999645e+00,1.854100488420722071e-04,-2.529258532322782149e-04,3.831196931317264149e-05,-5.110882447914859468e-05,3.287647566283567009e-04,0.000000000000000000e+00
8.480000000000000426e+00,1.841496886491262642e-04,-2.512201272395272068e-04,3.805726219837793014e-05,-5.077437932792352223e-05,3.265743241899132982e-04,0.000000000000000000e+00
8.484999999999999432e+00,1.828978285995341813e-04,-2.495257833730265564e-04,3.780422195212422044e-05,-5.044207484478842340e-05,3.243982685433581710e-04,0.000000000000000000e+00
8.490000000000000213e+00,1.816544119700256991e-04,-2.478427467690544339e-04,3.755283790427488348e-05,-5.011189776129495999e-05,3.222364972832315703e-04,0.000000000000000000e+00
8.495000000000000995e+00,1.804193824104414427e-04,-2.461709430464952063e-04,3.730309945083965851e-05,-4.978383488727519354e-05,3.200889185802858940e-04,0.000000000000000000e+00
8.500000000000000000e+00,1.791926839413273483e-04,-2.445102983038170068e-04,3.705499605358431308e-05,-4.945787311041665939e-05,3.179554411780548913e-04,0.000000000000000000e+00
8.505000000000000782e+00,1.779742609515443769e-04,-2.428607391160673566e-04,3.680851723964241731e-05,-4.913399939583931779e-05,3.158359743894405399e-04,0.000000000000000000e+00
8.509999999999999787e+00,1.767640581958929732e-04,-2.412221925318870012e-04,3.656365260112923242e-05,-4.881220078567451750e-05,3.137304280933207409e-04,0.000000000000000000e+00
8.515000000000000568e+00,1.755620207927526216e-04,-2.395945860705414457e-04,3.632039179475772019e-05,-4.849246439864586360e-05,3.116387127311749010e-04,0.000000000000000000e+00
8.519999999999999574e+00,1.743680942217360396e-04,-2.379778477189704346e-04,3.607872454145659885e-05,-4.817477742965201645e-05,3.095607393037269183e-04,0.000000000000000000e+00
8.525000000000000355e+00,1.731822243213581702e-04,-2.363719059288551844e-04,3.583864062599053356e-05,-4.785912714935146263e-05,3.074964193676090374e-04,0.000000000000000000e+00
8.529999999999999361e+00,1.720043572867198107e-04,-2.347766896137030729e-04,3.560012989658235285e-05,-4.754550090374916961e-05,3.054456650320426731e-04,0.000000000000000000e+00
8.535000000000000142e+00,1.708344396672056896e-04,-2.331921281459500275e-04,3.536318226453735231e-05,-4.723388611378518526e-05,3.034083889555372858e-04,0.000000000000000000e+00
8.540000000000000924e+00,1.696724183641969890e-04,-2.316181513540801790e-04,3.512778770386964464e-05,-4.692427027492512110e-05,3.013845043426093689e-04,0.000000000000000000e+00
8.544999999999999929e+00,1.685182406287983692e-04,-2.300546895197629451e-04,3.489393625093054931e-05,-4.661664095675260074e-05,2.993739249405173199e-04,0.000000000000000000e+00
8.550000000000000711e+00,1.673718540595791151e-04,-2.285016733750072973e-04,3.466161800403902193e-05,-4.631098580256353786e-05,2.973765650360170733e-04,0.000000000000000000e+00
8.554999999999999716e+00,1.662332066003284578e-04,-2.269590340993331594e-04,3.443082312311408945e-05,-4.600729252896238608e-05,2.953923394521325340e-04,0.000000000000000000e+00
8.560000000000000497e+00,1.651022465378251813e-04,-2.254267033169598535e-04,3.420154182930933162e-05,-4.570554892546022525e-05,2.934211635449470975e-04,0.000000000000000000e+00
8.564999999999999503e+00,1.639789224996209981e-04,-2.239046130940114886e-04,3.397376440464933454e-05,-4.540574285407475858e-05,2.914629532004112166e-04,0.000000000000000000e+00
8.570000000000000284e+00,1.628631834518380736e-04,-2.223926959357391256e-04,3.374748119166816340e-05,-4.510786224893218686e-05,2.895176248311681286e-04,0.000000000000000000e+00
8.575000000000001066e+00,1.617549786969802123e-04,-2.208908847837598021e-04,3.352268259304980717e-05,-4.481189511587096639e-05,2.875850953733976884e-04,0.000000000000000000e+00
8.580000000000000071e+00,1.606542578717579746e-04,-2.193991130133120650e-04,3.329935907127060194e-05,-4.451782953204742372e-05,2.856652822836767362e-04,0.000000000000000000e+00
8.585000000000000853e+00,1.595609709449273203e-04,-2.179173144305281986e-04,3.307750114824362618e-05,-4.422565364554323380e-05,2.837581035358586546e-04,0.000000000000000000e+00
8.589999999999999858e+00,1.584750682151420207e-04,-2.164454232697228791e-04,3.285709940496504752e-05,-4.393535567497476834e-05,2.818634776179686479e-04,0.000000000000000000e+00
8.595000000000000639e+00,1.573965003088193795e-04,-2.149833741906981462e-04,3.263814448116242789e-05,-4.364692390910429419e-05,2.799813235291175604e-04,0.000000000000000000e+00
8.599999999999999645e+00,1.563252181780195877e-04,-2.135311022760646917e-04,3.242062707494496672e-05,-4.336034670645300121e-05,2.781115607764323913e-04,0.000000000000000000e+00
8.605000000000000426e+00,1.552611730983383055e-04,-2.120885430285793574e-04,3.220453794245564818e-05,-4.307561249491590724e-05,2.762541093720041578e-04,0.000000000000000000e+00
8.609999999999999432e+00,1.542043166668125801e-04,-2.106556323684987059e-04,3.198986789752536036e-05,-4.279270977137855197e-05,2.744088898298526705e-04,0.000000000000000000e+00
8.615000000000000213e+00,1.531546007998398822e-04,-2.092323066309486105e-04,3.177660781132887117e-05,-4.251162710133556106e-05,2.725758231629084403e-04,0.000000000000000000e+00
8.620000000000000995e+00,1.521119777311103155e-04,-2.078185025633097287e-04,3.156474861204275578e-05,-4.223235311851101273e-05,2.707548308800123652e-04,0.000000000000000000e+00
8.625000000000000000e+00,1.510764000095519185e-04,-2.064141573226188056e-04,3.135428128450516716e-05,-4.195487652448061367e-05,2.689458349829299466e-04,0.000000000000000000e+00
8.630000000000000782e+00,1.500478204972887318e-04,-2.050192084729857785e-04,3.114519686987755149e-05,-4.167918608829572480e-05,2.671487579633851283e-04,0.000000000000000000e+00
8.634999999999999787e+00,1.490261923676119309e-04,-2.036335939830264405e-04,3.093748646530817279e-05,-4.140527064610914892e-05,2.653635228001087194e-04,0.000000000000000000e+00
8.640000000000000568e+00,1.480114691029636980e-04,-2.022572522233107169e-04,3.073114122359756875e-05,-4.113311910080274110e-05,2.635900529559042174e-04,0.000000000000000000e+00
8.644999999999999574e+00,1.470036044929337246e-04,-2.008901219638263363e-04,3.052615235286580236e-05,-4.086272042161681487e-05,2.618282723747302745e-04,0.000000000000000000e+00
8.650000000000000355e+00,1.460025526322685082e-04,-1.995321423714580065e-04,3.032251111622162097e-05,-4.059406364378133727e-05,2.600781054787992103e-04,0.000000000000000000e+00
8.654999999999999361e+00,1.450082679188930898e-04,-1.981832530074817422e-04,3.012020883143340432e-05,-4.032713786814888578e-05,2.583394771656920578e-04,0.000000000000000000e+00
8.660000000000000142e+00,1.440207050519453410e-04,-1.968433938250745336e-04,2.991923687060197944e-05,-4.006193226082940768e-05,2.566123128054899815e-04,0.000000000000000000e+00
8.665000000000000924e+00,1.430398190298226384e-04,-1.955125051668390318e-04,2.971958665983523464e-05,-3.979843605282674810e-05,2.548965382379214705e-04,0.000000000000000000e+00
8.669999999999999929e+00,1.420655651482409521e-04,-1.941905277623432770e-04,2.952124967892455970e-05,-3.953663853967691268e-05,2.531920797695267700e-04,0.000000000000000000e+00
8.675000000000000711e+00,1.410978989983060496e-04,-1.928774027256754703e-04,2.932421746102308513e-05,-3.927652908108813959e-05,2.514988641708359746e-04,0.000000000000000000e+00
8.679999999999999716e+00,1.401367764645970878e-04,-1.915730715530134637e-04,2.912848159232571044e-05,-3.901809710058267236e-05,2.498168186735663654e-04,0.000000000000000000e+00
8.685000000000000497e+00,1.391821537232620757e-04,-1.902774761202091303e-04,2.893403371175094158e-05,-3.876133208514031484e-05,2.481458709678322698e-04,0.000000000000000000e+00
8.689999999999999503e+00,1.382339872401255898e-04,-1.889905586803873984e-04,2.874086551062447336e-05,-3.850622358484371416e-05,2.464859491993737326e-04,0.000000000000000000e+00
8.695000000000000284e+00,1.372922337688084417e-04,-1.877122618615598962e-04,2.854896873236456746e-05,-3.825276121252538513e-05,2.448369819667980344e-04,0.000000000000000000e+00
8.700000000000001066e+00,1.363568503488590291e-04,-1.864425286642530958e-04,2.835833517216917887e-05,-3.800093464341644230e-05,2.431988983188394793e-04,0.000000000000000000e+00
8.705000000000000071e+00,1.354277943038968018e-04,-1.851813024591509606e-04,2.816895667670484742e-05,-3.775073361479708029e-05,2.415716277516328429e-04,0.000000000000000000e+00
8.710000000000000853e+00,1.345050232397672753e-04,-1.839285269847518753e-04,2.798082514379730373e-05,-3.750214792564877529e-05,2.399551002060027589e-04,0.000000000000000000e+00
8.714999999999999858e+00,1.335884950427087528e-04,-1.826841463450398881e-04,2.779393252212384384e-05,-3.725516743630816706e-05,2.383492460647696116e-04,0.000000000000000000e+00
8.720000000000000639e+00,1.326781678775307575e-04,-1.814481050071702105e-04,2.760827081090741136e-05,-3.700978206812267565e-05,2.367539961500687113e-04,0.000000000000000000e+00
8.724999999999999645e+00,1.317740001858039029e-04,-1.802203477991686485e-04,2.742383205961240085e-05,-3.676598180310777835e-05,2.351692817206869240e-04,0.000000000000000000e+00
8.730000000000000426e+00,1.308759506840612554e-04,-1.790008199076453452e-04,2.724060836764216541e-05,-3.652375668360604161e-05,2.335950344694122578e-04,0.000000000000000000e+00
8.734999999999999432e+00,1.299839783620111082e-04,-1.777894668755221580e-04,2.705859188403824205e-05,-3.628309681194777939e-05,2.320311865204006886e-04,0.000000000000000000e+00
8.740000000000000213e+00,1.290980424807610858e-04,-1.765862345997741567e-04,2.687777480718124405e-05,-3.604399235011343251e-05,2.304776704265563481e-04,0.000000000000000000e+00
8.745000000000000995e+00,1.282181025710534689e-04,-1.753910693291848373e-04,2.669814938449345748e-05,-3.580643351939758124e-05,2.289344191669270259e-04,0.000000000000000000e+00
8.750000000000000000e+00,1.273441184315117687e-04,-1.742039176621149965e-04,2.651970791214311498e-05,-3.557041060007467897e-05,2.274013661441156371e-04,0.000000000000000000e+00
8.755000000000000782e+00,1.264760501268983597e-04,-1.730247265442852401e-04,2.634244273475030919e-05,-3.533591393106641222e-05,2.258784451817048356e-04,0.000000000000000000e+00
8.759999999999999787e+00,1.256138579863831986e-04,-1.718534432665722066e-04,2.616634624509460387e-05,-3.510293390961072079e-05,2.243655905216971854e-04,0.000000000000000000e+00
8.765000000000000568e+00,1.247575026018235209e-04,-1.706900154628179908e-04,2.599141088382426773e-05,-3.487146099093247817e-05,2.228627368219700505e-04,0.000000000000000000e+00
8.769999999999999574e+00,1.239069448260545414e-04,-1.695343911076532286e-04,2.581762913916716182e-05,-3.464148568791581174e-05,2.213698191537450939e-04,0.000000000000000000e+00
8.775000000000000355e+00,1.230621457711908082e-04,-1.683865185143333817e-04,2.564499354664325311e-05,-3.441299857077806282e-05,2.198867729990711670e-04,0.000000000000000000e+00
8.779999999999999361e+00,1.222230668069385062e-04,-1.672463463325882499e-04,2.547349668877876800e-05,-3.418599026674538666e-05,2.184135342483236241e-04,0.000000000000000000e+00
8.785000000000000142e+00,1.213896695589184810e-04,-1.661138235464846831e-04,2.530313119482195517e-05,-3.396045145972995154e-05,2.169500391977154281e-04,0.000000000000000000e+00
8.790000000000000924e+00,1.205619159069997928e-04,-1.649888994723024127e-04,2.513388974046045101e-05,-3.373637289000878454e-05,2.154962245468252779e-04,0.000000000000000000e+00
8.794999999999999929e+00,1.197397679836439911e-04,-1.638715237564228387e-04,2.496576504754026795e-05,-3.351374535390423004e-05,2.140520273961376348e-04,0.000000000000000000e+00
8.800000000000000711e+00,1.189231881722598375e-04,-1.627616463732308274e-04,2.479874988378635156e-05,-3.329255970346600745e-05,2.126173852445980910e-04,0.000000000000000000e+00
8.804999999999999716e+00,1.181121391055684914e-04,-1.616592176230293300e-04,2.463283706252473676e-05,-3.307280684615486813e-05,2.111922359871821000e-04,0.000000000000000000e+00
8.810000000000000497e+00,1.173065836639791454e-04,-1.605641881299667674e-04,2.446801944240629311e-05,-3.285447774452785147e-05,2.097765179124789407e-04,0.000000000000000000e+00
8.814999999999999503e+00,1.165064849739749184e-04,-1.594765088399772361e-04,2.430428992713200496e-05,-3.263756341592514022e-05,2.083701697002872551e-04,0.000000000000000000e+00
8.820000000000000284e+00,1.157118064065090638e-04,-1.583961310187331816e-04,2.414164146517985748e-05,-3.242205493215848789e-05,2.069731304192272013e-04,0.000000000000000000e+00
8.825000000000001066e+00,1.149225115754113681e-04,-1.573230062496108663e-04,2.398006704953323728e-05,-3.220794341920122500e-05,2.055853395243641265e-04,0.000000000000000000e+00
8.830000000000000071e+00,1.141385643358046873e-04,-1.562570864316681699e-04,2.381955971741090845e-05,-3.199522005687984426e-05,2.042067368548470120e-04,0.000000000000000000e+00
8.835000000000000853e+00,1.133599287825315936e-04,-1.551983237776348033e-04,2.366011254999850653e-05,-3.178387607856714419e-05,2.028372626315604163e-04,0.000000000000000000e+00
8.839999999999999858e+00,1.125865692485909688e-04,-1.541466708119150464e-04,2.350171867218157399e-05,-3.157390277087694495e-05,2.014768574547895377e-04,0.000000000000000000e+00
8.845000000000000639e+00,1.118184503035846416e-04,-1.531020803686025731e-04,2.334437125228011376e-05,-3.136529147336032875e-05,2.001254623018993437e-04,0.000000000000000000e+00
8.849999999999999645e+00,1.110555367521738488e-04,-1.520645055895075834e-04,2.318806350178466042e-05,-3.115803357820345914e-05,1.987830185250266299e-04,0.000000000000000000e+00
8.855000000000000426e+00,1.102977936325455911e-04,-1.510338999221960774e-04,2.303278867509385934e-05,-3.095212052992693178e-05,1.974494678487856859e-04,0.000000000000000000e+00
8.859999999999999432e+00,1.095451862148886921e-04,-1.500102171180411653e-04,2.287854006925353642e-05,-3.074754382508664978e-05,1.961247523679869164e-04,0.000000000000000000e+00
8.865000000000000213e+00,1.087976799998796422e-04,-1.489934112302863565e-04,2.272531102369727561e-05,-3.054429501197623739e-05,1.948088145453691789e-04,0.000000000000000000e+00
8.870000000000000995e+00,1.080552407171780373e-04,-1.479834366121208296e-04,2.257309491998845676e-05,-3.034236569033098158e-05,1.935015972093444801e-04,0.000000000000000000e+00
8.875000000000000000e+00,1.073178343239316679e-04,-1.469802479147665751e-04,2.242188518156380114e-05,-3.014174751103328146e-05,1.922030435517566049e-04,0.000000000000000000e+00
8.880000000000000782e+00,1.065854270032910939e-04,-1.459838000855772191e-04,2.227167527347836029e-05,-2.994243217581961551e-05,1.909130971256519965e-04,0.000000000000000000e+00
8.884999999999999787e+00,1.058579851629337068e-04,-1.449940483661486660e-04,2.212245870215196858e-05,-2.974441143698900304e-05,1.896317018430639188e-04,0.000000000000000000e+00
8.890000000000000568e+00,1.051354754335972244e-04,-1.440109482904413415e-04,2.197422901511717296e-05,-2.954767709711298684e-05,1.883588019728094651e-04,0.000000000000000000e+00
8.894999999999999574e+00,1.044178646676225498e-04,-1.430344556829140636e-04,2.182697980076857565e-05,-2.935222100874708298e-05,1.870943421382991996e-04,0.000000000000000000e+00
8.900000000000000355e+00,1.037051199375059148e-04,-1.420645266566693797e-04,2.168070468811364711e-05,-2.915803507414373486e-05,1.858382673153596181e-04,0.000000000000000000e+00
8.904999999999999361e+00,1.029972085344602517e-04,-1.411011176116103952e-04,2.153539734652493850e-05,-2.896511124496674793e-05,1.845905228300680234e-04,0.000000000000000000e+00
8.910000000000000142e+00,1.022940979669858218e-04,-1.401441852326089333e-04,2.139105148549375429e-05,-2.877344152200718129e-05,1.833510543566008448e-04,0.000000000000000000e+00
8.915000000000000924e+00,1.015957559594498971e-04,-1.391936864876850235e-04,2.124766085438521064e-05,-2.858301795490074022e-05,1.821198079150929626e-04,0.000000000000000000e+00
8.919999999999999929e+00,1.009021504506755356e-04,-1.382495786261977208e-04,2.110521924219472027e-05,-2.839383264184659850e-05,1.808967298695109095e-04,0.000000000000000000e+00
8.925000000000000711e+00,1.002132495925393965e-04,-1.373118191770469291e-04,2.096372047730587311e-05,-2.820587772932770817e-05,1.796817669255378091e-04,0.000000000000000000e+00
8.929999999999999716e+00,9.952902174857853961e-05,-1.363803659468865821e-04,2.082315842724971974e-05,-2.801914541183252882e-05,1.784748661284702950e-04,0.000000000000000000e+00
8.935000000000000497e+00,9.884943549260603564e-05,-1.354551770183486114e-04,2.068352699846542358e-05,-2.783362793157823762e-05,1.772759748611287109e-04,0.000000000000000000e+00
8.939999999999999503e+00,9.817445960733556026e-05,-1.345362107482781097e-04,2.054482013606232256e-05,-2.764931757823534190e-05,1.760850408417784783e-04,0.000000000000000000e+00
8.945000000000000284e+00,9.750406308301468972e-05,-1.336234257659792808e-04,2.040703182358333587e-05,-2.746620668865375892e-05,1.749020121220641762e-04,0.000000000000000000e+00
8.950000000000001066e+00,9.683821511606693759e-05,-1.327167809714723413e-04,2.027015608276975310e-05,-2.728428764659029821e-05,1.737268370849551951e-04,0.000000000000000000e+00
8.955000000000000071e+00,9.617688510774254648e-05,-1.318162355337611821e-04,2.013418697332737520e-05,-2.710355288243758057e-05,1.725594644427039942e-04,0.000000000000000000e+00
8.960000000000000853e+00,9.552004266277788562e-05,-1.309217488891117095e-04,1.999911859269401748e-05,-2.692399487295436312e-05,1.713998432348160417e-04,0.000000000000000000e+00
8.964999999999999858e+00,9.486765758806340004e-05,-1.300332807393409201e-04,1.986494507580834079e-05,-2.674560614099728053e-05,1.702479228260311383e-04,0.000000000000000000e+00
8.970000000000000639e+00,9.421969989132009788e-05,-1.291507910501165464e-04,1.973166059488003452e-05,-2.656837925525398563e-05,1.691036529043173455e-04,0.000000000000000000e+00
8.974999999999999645e+00,9.357613977978456224e-05,-1.282742400492672735e-04,1.959925935916133116e-05,-2.639230682997769267e-05,1.679669834788761345e-04,0.000000000000000000e+00
8.980000000000000426e+00,9.293694765890233851e-05,-1.274035882251033916e-04,1.946773561471982871e-05,-2.621738152472310971e-05,1.668378648781593536e-04,0.000000000000000000e+00
8.984999999999999432e+00,9.230209413102968352e-05,-1.265387963247478829e-04,1.933708364421264452e-05,-2.604359604408374999e-05,1.657162477478978503e-04,0.000000000000000000e+00
8.990000000000000213e+00,9.167154999414366318e-05,-1.256798253524778642e-04,1.920729776666188048e-05,-2.587094313743063919e-05,1.646020830491415050e-04,0.000000000000000000e+00
8.995000000000000995e+00,9.104528624056050349e-05,-1.248266365680763819e-04,1.907837233723137899e-05,-2.569941559865239155e-05,1.634953220563110823e-04,0.000000000000000000e+00
9.000000000000000000e+00,9.042327405566218156e-05,-1.239791914851943186e-04,1.895030174700478335e-05,-2.552900626589664116e-05,1.623959163552608971e-04,0.000000000000000000e+00
9.005000000000000782e+00,8.980548481663113455e-05,-1.231374518697225448e-04,1.882308042276488574e-05,-2.535970802131285229e-05,1.613038178413535697e-04,0.000000000000000000e+00
9.009999999999999787e+00,8.919189009119311373e-05,-1.223013797381742619e-04,1.869670282677426599e-05,-2.519151379079648495e-05,1.602189787175458129e-04,0.000000000000000000e+00
9.015000000000000568e+00,8.858246163636811579e-05,-1.214709373560772255e-04,1.857116345655718734e-05,-2.502441654373450212e-05,1.591413514924851149e-04,0.000000000000000000e+00
9.019999999999999574e+00,8.797717139722926951e-05,-1.206460872363760919e-04,1.844645684468277638e-05,-2.485840929275222891e-05,1.580708889786179962e-04,0.000000000000000000e+00
9.025000000000000355e+00,8.737599150566977262e-05,-1.198267921378446451e-04,1.832257755854946671e-05,-2.469348509346155673e-05,1.570075442903095695e-04,0.000000000000000000e+00
9.029999999999999361e+00,8.677889427917764853e-05,-1.190130150635079434e-04,1.819952020017068264e-05,-2.452963704421046214e-05,1.559512708419734806e-04,0.000000000000000000e+00
9.035000000000000142e+00,8.618585221961844471e-05,-1.182047192590742108e-04,1.807727940596179009e-05,-2.436685828583388423e-05,1.549020223462135859e-04,0.000000000000000000e+00
9.040000000000000924e+00,8.559683801202572391e-05,-1.174018682113765679e-04,1.795584984652828076e-05,-2.420514200140588625e-05,1.538597528119760652e-04,0.000000000000000000e+00
9.044999999999999929e+00,8.501182452339926668e-05,-1.166044256468244244e-04,1.783522622645518957e-05,-2.404448141599316896e-05,1.528244165427128918e-04,0.000000000000000000e+00
9.050000000000000711e+00,8.443078480151110731e-05,-1.158123555298644819e-04,1.771540328409774875e-05,-2.388486979640987493e-05,1.517959681345554669e-04,0.000000000000000000e+00
9.054999999999999716e+00,8.385369207371911845e-05,-1.150256220614513989e-04,1.759637579137325836e-05,-2.372630045097370068e-05,1.507743624744998275e-04,0.000000000000000000e+00
9.060000000000000497e+00,8.328051974578830720e-05,-1.142441896775279423e-04,1.747813855355417976e-05,-2.356876672926331659e-05,1.497595547386018026e-04,0.000000000000000000e+00
9.064999999999999503e+00,8.271124140071964639e-05,-1.134680230475145586e-04,1.736068640906243205e-05,-2.341226202187706413e-05,1.487515003901834982e-04,0.000000000000000000e+00
9.070000000000000284e+00,8.214583079758642744e-05,-1.126970870728084855e-04,1.724401422926488778e-05,-2.325677976019295759e-05,1.477501551780497583e-04,0.000000000000000000e+00
9.075000000000001066e+00,8.158426187037814850e-05,-1.119313468852921203e-04,1.712811691827008167e-05,-2.310231341612995967e-05,1.467554751347157379e-04,0.000000000000000000e+00
9.080000000000000071e+00,8.102650872685174808e-05,-1.111707678458507257e-04,1.701298941272609498e-05,-2.294885650191053782e-05,1.457674165746442887e-04,0.000000000000000000e+00
9.085000000000000853e+00,8.047254564739031956e-05,-1.104153155428993919e-04,1.689862668161963593e-05,-2.279640256982448437e-05,1.447859360924948636e-04,0.000000000000000000e+00
9.089999999999999858e+00,7.992234708386910353e-05,-1.096649557909191877e-04,1.678502372607627543e-05,-2.264494521199400716e-05,1.438109905613811504e-04,0.000000000000000000e+00
9.095000000000000639e+00,7.937588765852878489e-05,-1.089196546290024324e-04,1.667217557916188562e-05,-2.249447806014008737e-05,1.428425371311408472e-04,0.000000000000000000e+00
9.099999999999999645e+00,7.883314216285609475e-05,-1.081793783194070878e-04,1.656007730568522022e-05,-2.234499478535007064e-05,1.418805332266142747e-04,0.000000000000000000e+00
9.105000000000000426e+00,7.829408555647155452e-05,-1.074440933461201503e-04,1.644872400200166038e-05,-2.219648909784652870e-05,1.409249365459336952e-04,0.000000000000000000e+00
9.109999999999999432e+00,7.775869296602438930e-05,-1.067137664134300409e-04,1.633811079581811926e-05,-2.204895474675735428e-05,1.399757050588232017e-04,0.000000000000000000e+00
9.115000000000000213e+00,7.722693968409461058e-05,-1.059883644445078861e-04,1.622823284599907826e-05,-2.190238551988708598e-05,1.390327970049078511e-04,0.000000000000000000e+00
9.120000000000000995e+00,7.669880116810206486e-05,-1.052678545799977296e-04,1.611908534237378542e-05,-2.175677524348948328e-05,1.380961708920334756e-04,0.000000000000000000e+00
9.125000000000000000e+00,7.617425303922266519e-05,-1.045522041766154862e-04,1.601066350554456165e-05,-2.161211778204131113e-05,1.371657854945961441e-04,0.000000000000000000e+00
9.130000000000000782e+00,7.565327108131142603e-05,-1.038413808057567033e-04,1.590296258669625902e-05,-2.146840703801734771e-05,1.362415998518817881e-04,0.000000000000000000e+00
9.134999999999999787e+00,7.513583123983259967e-05,-1.031353522521130249e-04,1.579597786740683025e-05,-2.132563695166661864e-05,1.353235732664156391e-04,0.000000000000000000e+00
9.140000000000000568e+00,7.462190962079658888e-05,-1.024340865122973145e-04,1.568970465945900288e-05,-2.118380150078982718e-05,1.344116653023210719e-04,0.000000000000000000e+00
9.144999999999999574e+00,7.411148248970378491e-05,-1.017375517934773977e-04,1.558413830465309166e-05,-2.104289470051799748e-05,1.335058357836889104e-04,0.000000000000000000e+00
9.150000000000000355e+00,7.360452627049518179e-05,-1.010457165120183428e-04,1.547927417462088520e-05,-2.090291060309231372e-05,1.326060447929557594e-04,0.000000000000000000e+00
9.154999999999999361e+00,7.310101754450975327e-05,-1.003585492921332529e-04,1.537510767064064707e-05,-2.076384329764514855e-05,1.317122526692925545e-04,0.000000000000000000e+00
9.160000000000000142e+00,7.260093304944860611e-05,-9.967601896454248702e-05,1.527163422345320475e-05,-2.062568690998228758e-05,1.308244200070024640e-04,0.000000000000000000e+00
9.165000000000000924e+00,7.210424967834574690e-05,-9.899809456514135171e-05,1.516884929307912761e-05,-2.048843560236632605e-05,1.299425076539279791e-04,0.000000000000000000e+00
9.169999999999999929e+00,7.161094447854551685e-05,-9.832474533367607360e-05,1.506674836863697577e-05,-2.035208357330125823e-05,1.290664767098683580e-04,0.000000000000000000e+00
9.175000000000000711e+00,7.112099465068665363e-05,-9.765594071242810642e-05,1.496532696816263466e-05,-2.021662505731821870e-05,1.281962885250056083e-04,0.000000000000000000e+00
9.179999999999999716e+00,7.063437754769287210e-05,-9.699165034490667798e-05,1.486458063842970851e-05,-2.008205432476239941e-05,1.273319046983404442e-04,0.000000000000000000e+00
9.185000000000000497e+00,7.015107067376999080e-05,-9.633184407454957725e-05,1.476450495477098275e-05,-1.994836568158113555e-05,1.264732870761374321e-04,0.000000000000000000e+00
9.189999999999999503e+00,6.967105168340948244e-05,-9.567649194343205927e-05,1.466509552090094177e-05,-1.981555346911312648e-05,1.256203977503791893e-04,0.000000000000000000e+00
9.195000000000000284e+00,6.919429838039854307e-05,-9.502556419098382736e-05,1.456634796873933369e-05,-1.968361206387882900e-05,1.247731990572302865e-04,0.000000000000000000e+00
9.200000000000001066e+00,6.872078871683649033e-05,-9.437903125271414697e-05,1.446825795823578368e-05,-1.955253587737198215e-05,1.239316535755097151e-04,0.000000000000000000e+00
9.205000000000000071e+00,6.825050079215753138e-05,-9.373686375894491475e-05,1.437082117719544922e-05,-1.942231935585227054e-05,1.230957241251731400e-04,0.000000000000000000e+00
9.210000000000000853e+00,6.778341285215987340e-05,-9.309903253355169650e-05,1.427403334110570185e-05,-1.929295698013913616e-05,1.222653737658039338e-04,0.000000000000000000e+00
9.214999999999999858e+00,6.731950328804105470e-05,-9.246550859271267990e-05,1.417789019296384750e-05,-1.916444326540669480e-05,1.214405657951127905e-04,0.000000000000000000e+00
9.220000000000000639e+00,6.685875063543955069e-05,-9.183626314366548761e-05,1.408238750310585470e-05,-1.903677276097979422e-05,1.206212637474472858e-04,0.000000000000000000e+00
9.224999999999999645e+00,6.640113357348258682e-05,-9.121126758347179665e-05,1.398752106903611960e-05,-1.890994005013119715e-05,1.198074313923096375e-04,0.000000000000000000e+00
9.230000000000000426e+00,6.594663092384009091e-05,-9.059049349778977762e-05,1.389328671525822034e-05,-1.878393974987985202e-05,1.189990327328835595e-04,0.000000000000000000e+00
9.234999999999999432e+00,6.549522164978473053e-05,-8.997391265965419104e-05,1.379968029310669626e-05,-1.865876651079029173e-05,1.181960320045698568e-04,0.000000000000000000e+00
9.240000000000000213e+00,6.504688485525808963e-05,-8.936149702826416805e-05,1.370669768057981485e-05,-1.853441501677312699e-05,1.173983936735311008e-04,0.000000000000000000e+00
9.245000000000000995e+00,6.460159978394286256e-05,-8.875321874777868884e-05,1.361433478217333809e-05,-1.841087998488664742e-05,1.166060824352445585e-04,0.000000000000000000e+00
9.250000000000000000e+00,6.415934581834103828e-05,-8.814905014611954220e-05,1.352258752871527993e-05,-1.828815616513949341e-05,1.158190632130642964e-04,0.000000000000000000e+00
9.255000000000000782e+00,6.372010247885807476e-05,-8.754896373378190150e-05,1.343145187720164285e-05,-1.816623834029443583e-05,1.150373011567916735e-04,0.000000000000000000e+00
9.259999999999999787e+00,6.328384942289298233e-05,-8.695293220265238167e-05,1.334092381063313871e-05,-1.804512132567323660e-05,1.142607616412542908e-04,0.000000000000000000e+00
9.265000000000000568e+00,6.285056644393431592e-05,-8.636092842483448237e-05,1.325099933785287523e-05,-1.792479996896256293e-05,1.134894102648937236e-04,0.000000000000000000e+00
9.269999999999999574e+00,6.242023347066198127e-05,-8.577292545148153919e-05,1.316167449338501992e-05,-1.780526915002100951e-05,1.127232128483618044e-04,0.000000000000000000e+00
9.275000000000000355e+00,6.199283056605493661e-05,-8.518889651163689839e-05,1.307294533727441437e-05,-1.768652378068715067e-05,1.119621354331250111e-04,0.000000000000000000e+00
9.279999999999999361e+00,6.156833792650458627e-05,-8.460881501108154549e-05,1.298480795492715762e-05,-1.756855880458868015e-05,1.112061442800774878e-04,0.000000000000000000e+00
9.285000000000000142e+00,6.114673588093398843e-05,-8.403265453118887612e-05,1.289725845695213303e-05,-1.745136919695260117e-05,1.104552058681624547e-04,0.000000000000000000e+00
9.290000000000000924e+00,6.072800488992270067e-05,-8.346038882778678513e-05,1.281029297900348218e-05,-1.733494996441645668e-05,1.097092868930018032e-04,0.000000000000000000e+00
9.294999999999999929e+00,6.031212554483737857e-05,-8.289199183002688440e-05,1.272390768162402576e-05,-1.721929614484062347e-05,1.089683542655339049e-04,0.000000000000000000e+00
9.300000000000000711e+00,5.989907856696795118e-05,-8.232743763926087639e-05,1.263809875008961278e-05,-1.710440280712162609e-05,1.082323751106597273e-04,0.000000000000000000e+00
9.304999999999999716e+00,5.948884480666940725e-05,-8.176670052792398848e-05,1.255286239425440833e-05,-1.699026505100651130e-05,1.075013167658972984e-04,0.000000000000000000e+00
9.310000000000000497e+00,5.908140524250917862e-05,-8.120975493842552250e-05,1.246819484839709948e-05,-1.687687800690823551e-05,1.067751467800438553e-04,0.000000000000000000e+00
9.314999999999999503e+00,5.867674098041999889e-05,-8.065657548204637015e-05,1.238409237106802617e-05,-1.676423683572209245e-05,1.060538329118463822e-04,0.000000000000000000e+00
9.320000000000000284e+00,5.827483325285831177e-05,-8.010713693784346739e-05,1.230055124493722859e-05,-1.665233672864314368e-05,1.053373431286801302e-04,0.000000000000000000e+00
9.325000000000001066e+00,5.787566341796810727e-05,-7.956141425156122834e-05,1.221756777664339747e-05,-1.654117290698468585e-05,1.046256456052349442e-04,0.000000000000000000e+00
9.330000000000000071e+00,5.747921295875017892e-05,-7.901938253454983678e-05,1.213513829664374089e-05,-1.643074062199771751e-05,1.039187087222098559e-04,0.000000000000000000e+00
9.335000000000000853e+00,5.708546348223680195e-05,-7.848101706269035457e-05,1.205325915906474047e-05,-1.632103515469141556e-05,1.032165010650151857e-04,0.000000000000000000e+00
9.339999999999999858e+00,5.669439671867174439e-05,-7.794629327532664694e-05,1.197192674155380709e-05,-1.621205181565461796e-05,1.025189914224828300e-04,0.000000000000000000e+00
9.345000000000000639e+00,5.630599452069561791e-05,-7.741518677420409773e-05,1.189113744513183110e-05,-1.610378594487828563e-05,1.018261487855840565e-04,0.000000000000000000e+00
9.349999999999999645e+00,5.592023886253648705e-05,-7.688767332241496519e-05,1.181088769404661001e-05,-1.599623291157898757e-05,1.011379423461553089e-04,0.000000000000000000e+00
9.355000000000000426e+00,5.553711183920578414e-05,-7.636372884335045996e-05,1.173117393562715888e-05,-1.588938811402333803e-05,1.004543414956316427e-04,0.000000000000000000e+00
9.359999999999999432e+00,5.515659566569940824e-05,-7.584332941965946377e-05,1.165199264013889983e-05,-1.578324697935345011e-05,9.977531582378764015e-05,0.000000000000000000e+00
9.365000000000000213e+00,5.477867267620402137e-05,-7.532645129221382106e-05,1.157334030063971558e-05,-1.567780496341333467e-05,9.910083511748628260e-05,0.000000000000000000e+00
9.370000000000000995e+00,5.440332532330851499e-05,-7.481307085908016298e-05,1.149521343283687711e-05,-1.557305755057629876e-05,9.843086935943512602e-05,0.000000000000000000e+00
9.375000000000000000e+00,5.403053617722058591e-05,-7.430316467449830432e-05,1.141760857494482178e-05,-1.546900025357329266e-05,9.776538872695027011e-05,0.000000000000000000e+00
9.380000000000000782e+00,5.366028792498842817e-05,-7.379670944786605083e-05,1.134052228754379361e-05,-1.536562861332223275e-05,9.710436359072757771e-05,0.000000000000000000e+00
9.384999999999999787e+00,5.329256336972743941e-05,-7.329368204273048460e-05,1.126395115343933419e-05,-1.526293819875827648e-05,9.644776451362151084e-05,0.000000000000000000e+00
9.390000000000000568e+00,5.292734542985200939e-05,-7.279405947578561917e-05,1.118789177752261699e-05,-1.516092460666505435e-05,9.579556224943125788e-05,0.000000000000000000e+00
9.394999999999999574e+00,5.256461713831225526e-05,-7.229781891587642431e-05,1.111234078663162552e-05,-1.505958346150684908e-05,9.514772774169430122e-05,0.000000000000000000e+00
9.400000000000000355e+00,5.220436164183576440e-05,-7.180493768300915270e-05,1.103729482941316992e-05,-1.495891041526171817e-05,9.450423212248753354e-05,0.000000000000000000e+00
9.404999999999999361e+00,5.184656220017424335e-05,-7.131539324736795504e-05,1.096275057618573035e-05,-1.485890114725556189e-05,9.386504671123506915e-05,0.000000000000000000e+00
9.410000000000000142e+00,5.149120218535505912e-05,-7.082916322833772925e-05,1.088870471880313207e-05,-1.475955136399711445e-05,9.323014301352401060e-05,0.000000000000000000e+00
9.415000000000000924e+00,5.113826508093767987e-05,-7.034622539353316327e-05,1.081515397051904222e-05,-1.466085679901387883e-05,9.259949271992696444e-05,0.000000000000000000e+00
9.419999999999999929e+00,5.078773448127494011e-05,-6.986655765783399835e-05,1.074209506585228140e-05,-1.456281321268898317e-05,9.197306770483167212e-05,0.000000000000000000e+00
9.425000000000000711e+00,5.043959409077911044e-05,-6.939013808242630978e-05,1.066952476045295691e-05,-1.446541639209895016e-05,9.135084002527820313e-05,0.000000000000000000e+00
9.429999999999999716e+00,5.009382772319275124e-05,-6.891694487384996748e-05,1.059743983096939387e-05,-1.436866215085239497e-05,9.073278191980274827e-05,0.000000000000000000e+00
9.435000000000000497e+00,4.975041930086430975e-05,-6.844695638305212755e-05,1.052583707491587777e-05,-1.427254632892963101e-05,9.011886580728874479e-05,0.000000000000000000e+00
9.439999999999999503e+00,4.940935285402844022e-05,-6.798015110444671392e-05,1.045471331054119840e-05,-1.417706479252317704e-05,8.950906428582488627e-05,0.000000000000000000e+00
9.445000000000000284e+00,4.907061252009101328e-05,-6.751650767497989036e-05,1.038406537669798141e-05,-1.408221343387917568e-05,8.890335013157022045e-05,0.000000000000000000e+00
9.450000000000001066e+00,4.873418254291876693e-05,-6.705600487320148193e-05,1.031389013271281786e-05,-1.398798817113970636e-05,8.830169629762586064e-05,0.000000000000000000e+00
9.455000000000000071e+00,4.840004727213360620e-05,-6.659862161834229186e-05,1.024418445825717302e-05,-1.389438494818599270e-05,8.770407591291389362e-05,0.000000000000000000e+00
9.460000000000000853e+00,4.806819116241149698e-05,-6.614433696939727304e-05,1.017494525321908457e-05,-1.380139973448249601e-05,8.711046228106313148e-05,0.000000000000000000e+00
9.464999999999999858e+00,4.773859877278591358e-05,-6.569313012421456786e-05,1.010616943757563162e-05,-1.370902852492190143e-05,8.652082887930138229e-05,0.000000000000000000e+00
9.470000000000000639e+00,4.741125476595584671e-05,-6.524498041859030776e-05,1.003785395126618306e-05,-1.361726733967097995e-05,8.593514935735470026e-05,0.000000000000000000e+00
9.474999999999999645e+00,4.708614390759831086e-05,-6.479986732536917272e-05,9.969995754066404733e-06,-1.352611222401732294e-05,8.535339753635337156e-05,0.000000000000000000e+00
9.480000000000000426e+00,4.676325106568533080e-05,-6.435777045355072401e-05,9.902591825463044275e-06,-1.343555924821695238e-05,8.477554740774445954e-05,0.000000000000000000e+00
9.484999999999999432e+00,4.644256120980541402e-05,-6.391866954740137489e-05,9.835639164529461328e-06,-1.334560450734280028e-05,8.420157313221108555e-05,0.000000000000000000e+00
9.490000000000000213e+00,4.612405941048938702e-05,-6.348254448557202618e-05,9.769134789801923443e-06,-1.325624412113404687e-05,8.363144903859835049e-05,0.000000000000000000e+00
9.495000000000000995e+00,4.580773083854071073e-05,-6.304937528022133979e-05,9.703075739156647399e-06,-1.316747423384631948e-05,8.306514962284558545e-05,0.000000000000000000e+00
9.500000000000000000e+00,4.549356076437007852e-05,-6.261914207614458221e-05,9.637459069687594367e-06,-1.307929101410274180e-05,8.250264954692567668e-05,0.000000000000000000e+00
9.505000000000000782e+00,4.518153455733443915e-05,-6.219182514990803819e-05,9.572281857584996915e-06,-1.299169065474583859e-05,8.194392363779006913e-05,0.000000000000000000e+00
9.509999999999999787e+00,4.487163768508026164e-05,-6.176740490898891315e-05,9.507541198014634795e-06,-1.290466937269028415e-05,8.138894688632108835e-05,0.000000000000000000e+00
9.515000000000000568e+00,4.456385571289113689e-05,-6.134586189092075146e-05,9.443234204997837474e-06,-1.281822340877648584e-05,8.083769444628995441e-05,0.000000000000000000e+00
9.519999999999999574e+00,4.425817430303962134e-05,-6.092717676244426901e-05,9.379358011292225286e-06,-1.273234902762501473e-05,8.029014163332181609e-05,0.000000000000000000e+00
9.525000000000000355e+00,4.395457921414330218e-05,-6.051133031866363378e-05,9.315909768273163781e-06,-1.264704251749185950e-05,7.974626392386659907e-05,0.000000000000000000e+00
9.529999999999999361e+00,4.365305630052509773e-05,-6.009830348220810661e-05,9.252886645815949914e-06,-1.256230019012451388e-05,7.920603695417644061e-05,0.000000000000000000e+00
9.535000000000000142e+00,4.335359151157768459e-05,-5.968807730239904182e-05,9.190285832178714823e-06,-1.247811838061888736e-05,7.866943651928937206e-05,0.000000000000000000e+00
9.540000000000000924e+00,4.305617089113214637e-05,-5.928063295442220049e-05,9.128104533886034723e-06,-1.239449344727703243e-05,7.813643857201915406e-05,0.000000000000000000e+00
9.544999999999999929e+00,4.276078057683067467e-05,-5.887595173850534931e-05,9.066339975613255006e-06,-1.231142177146569350e-05,7.760701922195138670e-05,0.000000000000000000e+00
9.550000000000000711e+00,4.246740679950343738e-05,-5.847401507910110409e-05,9.004989400071517378e-06,-1.222889975747566045e-05,7.708115473444578601e-05,0.000000000000000000e+00
9.554999999999999716e+00,4.217603588254945188e-05,-5.807480452407501147e-05,8.944050067893493419e-06,-1.214692383238193707e-05,7.655882152964447779e-05,0.000000000000000000e+00
9.560000000000000497e+00,4.188665424132157129e-05,-5.767830174389878726e-05,8.883519257519805935e-06,-1.206549044590470393e-05,7.603999618148655267e-05,0.000000000000000000e+00
9.564999999999999503e+00,4.159924838251544848e-05,-5.728448853084873194e-05,8.823394265086156735e-06,-1.198459607027108604e-05,7.552465541672862502e-05,0.000000000000000000e+00
9.570000000000000284e+00,4.131380490356248452e-05,-5.689334679820926216e-05,8.763672404311125262e-06,-1.190423720007771669e-05,7.501277611397119227e-05,0.000000000000000000e+00
9.575000000000001066e+00,4.103031049202680896e-05,-5.650485857948153127e-05,8.704351006384673643e-06,-1.182441035215408556e-05,7.450433530269135038e-05,0.000000000000000000e+00
9.580000000000000071e+00,4.074875192500612936e-05,-5.611900602759709809e-05,8.645427419857315814e-06,-1.174511206542667806e-05,7.399931016228129626e-05,0.000000000000000000e+00
9.585000000000000853e+00,4.046911606853655855e-05,-5.573577141413665090e-05,8.586899010529972751e-06,-1.166633890078389732e-05,7.349767802109259001e-05,0.000000000000000000e+00
9.589999999999999858e+00,4.019138987700129076e-05,-5.535513712855371184e-05,8.528763161344498535e-06,-1.158808744094176366e-05,7.299941635548651579e-05,0.000000000000000000e+00
9.595000000000000639e+00,3.991556039254318084e-05,-5.497708567740329489e-05,8.471017272274875589e-06,-1.151035429031038669e-05,7.250450278889022959e-05,0.000000000000000000e+00
9.599999999999999645e+00,3.964161474448115894e-05,-5.460159968357553072e-05,8.413658760219077366e-06,-1.143313607486121488e-05,7.201291509085868043e-05,0.000000000000000000e+00
9.605000000000000426e+00,3.936954014873044659e-05,-5.422866188553415701e-05,8.356685058891591726e-06,-1.135642944199503902e-05,7.152463117614235913e-05,0.000000000000000000e+00
9.609999999999999432e+00,3.909932390722660142e-05,-5.385825513655992153e-05,8.300093618716605001e-06,-1.128023106041077162e-05,7.103962910376084754e-05,0.000000000000000000e+00
9.615000000000000213e+00,3.883095340735328877e-05,-5.349036240399880984e-05,8.243881906721833191e-06,-1.120453761997497497e-05,7.055788707608189720e-05,0.000000000000000000e+00
9.620000000000000995e+00,3.856441612137384133e-05,-5.312496676851507751e-05,8.188047406433012152e-06,-1.112934583159215165e-05,7.007938343790636273e-05,0.000000000000000000e+00
9.625000000000000000e+00,3.829969960586652528e-05,-5.276205142334908655e-05,8.132587617769028139e-06,-1.105465242707577697e-05,6.960409667555862397e-05,0.000000000000000000e+00
9.630000000000000782e+00,3.803679150116350634e-05,-5.240159967357989893e-05,8.077500056937697182e-06,-1.098045415902008695e-05,6.913200541598294412e-05,0.000000000000000000e+00
9.634999999999999787e+00,3.777567953079347498e-05,-5.204359493539255913e-05,8.022782256332174647e-06,-1.090674780067259993e-05,6.866308842584488295e-05,0.000000000000000000e+00
9.640000000000000568e+00,3.751635150092795117e-05,-5.168802073535012020e-05,7.968431764428010239e-06,-1.083353014580738682e-05,6.819732461063880875e-05,0.000000000000000000e+00
9.644999999999999574e+00,3.725879529983121437e-05,-5.133486070967029790e-05,7.914446145680831510e-06,-1.076079800859906652e-05,6.773469301380054654e-05,0.000000000000000000e+00
9.650000000000000355e+00,3.700299889731380469e-05,-5.098409860350680057e-05,7.860822980424649075e-06,-1.068854822349754159e-05,6.727517281582569134e-05,0.000000000000000000e+00
9.654999999999999361e+00,3.674895034418964251e-05,-5.063571827023521932e-05,7.807559864770800508e-06,-1.061677764510345390e-05,6.681874333339327468e-05,0.000000000000000000e+00
9.660000000000000142e+00,3.649663777173669886e-05,-5.028970367074354648e-05,7.754654410507497310e-06,-1.054548314804436880e-05,6.636538401849490626e-05,0.000000000000000000e+00
9.665000000000000924e+00,3.624604939116119634e-05,-4.994603887272720702e-05,7.702104245000002079e-06,-1.047466162685167573e-05,6.591507445756933673e-05,0.000000000000000000e+00
9.669999999999999929e+00,3.599717349306531995e-05,-4.960470804998865716e-05,7.649907011091420622e-06,-1.040430999583820560e-05,6.546779437064230585e-05,0.000000000000000000e+00
9.675000000000000711e+00,3.574999844691841792e-05,-4.926569548174142147e-05,7.598060367004089533e-06,-1.033442518897656292e-05,6.502352361047167620e-05,0.000000000000000000e+00
9.679999999999999716e+00,3.550451270053169212e-05,-4.892898555191864287e-05,7.546561986241588035e-06,-1.026500415977815935e-05,6.458224216169800144e-05,0.000000000000000000e+00
9.685000000000000497e+00,3.526070477953631064e-05,-4.859456274848605769e-05,7.495409557491341044e-06,-1.019604388117296214e-05,6.414393014000032583e-05,0.000000000000000000e+00
9.689999999999999503e+00,3.501856328686495578e-05,-4.826241166275938867e-05,7.444600784527827029e-06,-1.012754134538993201e-05,6.370856779125698465e-05,0.000000000000000000e+00
9.695000000000000284e+00,3.477807690223677390e-05,-4.793251698872610879e-05,7.394133386116378778e-06,-1.005949356383816752e-05,6.327613549071201536e-05,0.000000000000000000e+00
9.700000000000001066e+00,3.453923438164568612e-05,-4.760486352237156216e-05,7.344005095917580485e-06,-9.991897566988735481e-06,6.284661374214627148e-05,0.000000000000000000e+00
9.705000000000000071e+00,3.430202455685210086e-05,-4.727943616100943532e-05,7.294213662392250988e-06,-9.924750404257201043e-06,6.241998317705412013e-05,0.000000000000000000e+00
9.710000000000000853e+00,3.406643633487791274e-05,-4.695621990261651110e-05,7.244756848707013138e-06,-9.858049143886830329e-06,6.199622455382497780e-05,0.000000000000000000e+00
9.714999999999999858e+00,3.383245869750486261e-05,-4.663519984517171865e-05,7.195632432640446794e-06,-9.791790872832487619e-06,6.157531875692988767e-05,0.000000000000000000e+00
9.720000000000000639e+00,3.360008070077615688e-05,-4.631636118599941185e-05,7.146838206489817780e-06,-9.725972696645203403e-06,6.115724679611334177e-05,0.000000000000000000e+00
9.724999999999999645e+00,3.336929147450138017e-05,-4.599968922111687613e-05,7.098371976978387080e-06,-9.660591739357423432e-06,6.074198980559007010e-05,0.000000000000000000e+00
9.730000000000000426e+00,3.314008022176464022e-05,-4.568516934458605010e-05,7.050231565163287525e-06,-9.595645143368925243e-06,6.032952904324670874e-05,0.000000000000000000e+00
9.734999999999999432e+00,3.291243621843597893e-05,-4.537278704786938070e-05,7.002414806343970548e-06,-9.531130069333403835e-06,5.991984588984840775e-05,0.000000000000000000e+00
9.740000000000000213e+00,3.268634881268594799e-05,-4.506252791918987288e-05,6.954919549971218753e-06,-9.467043696045721418e-06,5.951292184825065010e-05,0.000000000000000000e+00
9.745000000000000995e+00,3.246180742450340993e-05,-4.475437764289521859e-05,6.907743659556722601e-06,-9.403383220329821236e-06,5.910873854261560389e-05,0.000000000000000000e+00
9.750000000000000000e+00,3.223880154521650371e-05,-4.444832199882602536e-05,6.860885012583211916e-06,-9.340145856927293611e-06,5.870727771763365843e-05,0.000000000000000000e+00
9.755000000000000782e+00,3.201732073701672743e-05,-4.414434686168812428e-05,6.814341500415145571e-06,-9.277328838386597582e-06,5.830852123774950035e-05,0.000000000000000000e+00
9.759999999999999787e+00,3.179735463248619905e-05,-4.384243820042892331e-05,6.768111028209951758e-06,-9.214929414952936459e-06,5.791245108639333302e-05,0.000000000000000000e+00
9.765000000000000568e+00,3.157889293412798005e-05,-4.354258207761775188e-05,6.722191514829818819e-06,-9.152944854458775425e-06,5.751904936521662912e-05,0.000000000000000000e+00
9.769999999999999574e+00,3.136192541389952286e-05,-4.324476464883021703e-05,6.676580892754033270e-06,-9.091372442215004581e-06,5.712829829333270133e-05,0.000000000000000000e+00
9.775000000000000355e+00,3.114644191274914734e-05,-4.294897216203653038e-05,6.631277107991854835e-06,-9.030209480902742344e-06,5.674018020656207043e-05,0.000000000000000000e+00
9.779999999999999361e+00,3.093243234015561401e-05,-4.265519095699376543e-05,6.586278119995936977e-06,-8.969453290465772427e-06,5.635467755668260403e-05,0.000000000000000000e+00
9.785000000000000142e+00,3.071988667367068560e-05,-4.236340746464203145e-05,6.541581901576281053e-06,-8.909101208003621176e-06,5.597177291068389715e-05,0.000000000000000000e+00
9.790000000000000924e+00,3.050879495846471419e-05,-4.207360820650454380e-05,6.497186438814721562e-06,-8.849150587665251548e-06,5.559144895002697220e-05,0.000000000000000000e+00
9.794999999999999929e+00,3.029914730687522349e-05,-4.178577979409157017e-05,6.453089730979946719e-06,-8.789598800543395749e-06,5.521368846990811250e-05,0.000000000000000000e+00
9.800000000000000711e+00,3.009093389795845569e-05,-4.149990892830820555e-05,6.409289790443039107e-06,-8.730443234569507905e-06,5.483847437852726298e-05,0.000000000000000000e+00
9.804999999999999716e+00,2.988414497704386602e-05,-4.121598239886598242e-05,6.365784642593545719e-06,-8.671681294409329976e-06,5.446578969636142498e-05,0.000000000000000000e+00
9.810000000000000497e+00,2.967877085529155147e-05,-4.093398708369826221e-05,6.322572325756065545e-06,-8.613310401359077712e-06,5.409561755544209648e-05,0.000000000000000000e+00
9.814999999999999503e+00,2.947480190925259993e-05,-4.065390994837941461e-05,6.279650891107354692e-06,-8.555327993242244929e-06,5.372794119863745575e-05,0.000000000000000000e+00
9.820000000000000284e+00,2.927222858043232963e-05,-4.037573804554773745e-05,6.237018402593948192e-06,-8.497731524307007491e-06,5.336274397893911892e-05,0.000000000000000000e+00
9.825000000000001066e+00,2.907104137485640150e-05,-4.009945851433208310e-05,6.194672936850290886e-06,-8.440518465124237157e-06,5.300000935875319376e-05,0.000000000000000000e+00
9.830000000000000071e+00,2.887123086263979464e-05,-3.982505857978223225e-05,6.152612583117377360e-06,-8.383686302486120207e-06,5.263972090919571088e-05,0.000000000000000000e+00
9.835000000000000853e+00,2.867278767755861084e-05,-3.955252555230290648e-05,6.110835443161899269e-06,-8.327232539305377460e-06,5.228186230939268993e-05,0.000000000000000000e+00
9.839999999999999858e+00,2.847570251662472172e-05,-3.928184682709144002e-05,6.069339631195890705e-06,-8.271154694515073832e-06,5.192641734578432570e-05,0.000000000000000000e+00
9.845000000000000639e+00,2.827996613966319076e-05,-3.901300988357911072e-05,6.028123273796878403e-06,-8.215450302969022506e-06,5.157336991143374156e-05,0.000000000000000000e+00
9.849999999999999645e+00,2.808556936889249737e-05,-3.874600228487604884e-05,5.987184509828524073e-06,-8.160116915342787108e-06,5.122270400533995079e-05,0.000000000000000000e+00
9.855000000000000426e+00,2.789250308850752558e-05,-3.848081167721975761e-05,5.946521490361763085e-06,-8.105152098035261566e-06,5.087440373175505998e-05,0.000000000000000000e+00
9.859999999999999432e+00,2.770075824426529042e-05,-3.821742578942718461e-05,5.906132378596430214e-06,-8.050553433070831020e-06,5.052845329950584984e-05,0.000000000000000000e+00
9.865000000000000213e+00,2.751032584307341541e-05,-3.795583243235032346e-05,5.866015349783378339e-06,-7.996318518002127365e-06,5.018483702131967247e-05,0.000000000000000000e+00
9.870000000000000995e+00,2.732119695258130028e-05,-3.769601949833537995e-05,5.826168591147079120e-06,-7.942444965813343826e-06,4.984353931315434671e-05,0.000000000000000000e+00
9.875000000000000000e+00,2.713336270077399575e-05,-3.743797496068537365e-05,5.786590301808702241e-06,-7.888930404824139067e-06,4.950454469353239697e-05,0.000000000000000000e+00
9.880000000000000782e+00,2.694681427556876174e-05,-3.718168687312626322e-05,5.747278692709682542e-06,-7.835772478594100348e-06,4.916783778287947310e-05,0.000000000000000000e+00
9.884999999999999787e+00,2.676154292441427850e-05,-3.692714336927652082e-05,5.708231986535752177e-06,-7.782968845827779275e-06,4.883340330286684272e-05,0.000000000000000000e+00
9.890000000000000568e+00,2.657753995389249707e-05,-3.667433266212010822e-05,5.669448417641457273e-06,-7.730517180280293361e-06,4.850122607575809168e-05,0.000000000000000000e+00
9.894999999999999574e+00,2.639479672932312909e-05,-3.642324304348288846e-05,5.630926231975136222e-06,-7.678415170663486637e-06,4.817129102375982926e-05,0.000000000000000000e+00
9.900000000000000355e+00,2.621330467437073535e-05,-3.617386288351242564e-05,5.592663687004370618e-06,-7.626660520552650996e-06,4.784358316837648622e-05,0.000000000000000000e+00
9.904999999999999361e+00,2.603305527065441299e-05,-3.592618063016113898e-05,5.554659051641901210e-06,-7.575250948293795566e-06,4.751808762976928027e-05,0.000000000000000000e+00
9.910000000000000142e+00,2.585404005736005430e-05,-3.568018480867282466e-05,5.516910606172003805e-06,-7.524184186911480208e-06,4.719478962611897623e-05,0.000000000000000000e+00
9.915000000000000924e+00,2.567625063085516698e-05,-3.543586402107247772e-05,5.479416642177325945e-06,-7.473457984017186033e-06,4.687367447299292206e-05,0.000000000000000000e+00
9.919999999999999929e+00,2.549967864430624224e-05,-3.519320694565943432e-05,5.442175462466180141e-06,-7.423070101718242421e-06,4.655472758271571689e-05,0.000000000000000000e+00
9.925000000000000711e+00,2.532431580729863353e-05,-3.495220233650380050e-05,5.405185381000291117e-06,-7.373018316527288513e-06,4.623793446374423627e-05,0.000000000000000000e+00
9.929999999999999716e+00,2.515015388545895940e-05,-3.471283902294613349e-05,5.368444722822995367e-06,-7.323300419272280199e-06,4.592328072004623523e-05,0.000000000000000000e+00
9.935000000000000497e+00,2.497718470008000003e-05,-3.447510590910035541e-05,5.331951823987887947e-06,-7.273914215007033272e-06,4.561075205048303741e-05,0.000000000000000000e+00
9.939999999999999503e+00,2.480540012774806039e-05,-3.423899197335993300e-05,5.295705031487914806e-06,-7.224857522922297676e-06,4.530033424819603934e-05,0.000000000000000000e+00
9.945000000000000284e+00,2.463479209997280320e-05,-3.400448626790719486e-05,5.259702703184910654e-06,-7.176128176257367922e-06,4.499201319999718545e-05,0.000000000000000000e+00
9.950000000000001066e+00,2.446535260281951815e-05,-3.377157791822588768e-05,5.223943207739574752e-06,-7.127724022212217819e-06,4.468577488576300075e-05,0.000000000000000000e+00
9.955000000000000071e+00,2.429707367654383715e-05,-3.354025612261686318e-05,5.188424924541887153e-06,-7.079642921860160369e-06,4.438160537783277730e-05,0.000000000000000000e+00
9.960000000000000853e+00,2.412994741522884854e-05,-3.331051015171690910e-05,5.153146243641960322e-06,-7.031882750061034510e-06,4.407949084041032497e-05,0.000000000000000000e+00
9.964999999999999858e+00,2.396396596642461001e-05,-3.308232934802070421e-05,5.118105565681319350e-06,-6.984441395374905164e-06,4.377941752896958476e-05,0.000000000000000000e+00
9.970000000000000639e+00,2.379912153079005355e-05,-3.285570312540587676e-05,5.083301301824617548e-06,-6.937316759976285907e-06,4.348137178966384700e-05,0.000000000000000000e+00
9.974999999999999645e+00,2.363540636173724858e-05,-3.263062096866115285e-05,5.048731873691778098e-06,-6.890506759568870703e-06,4.318534005873892693e-05,0.000000000000000000e+00
9.980000000000000426e+00,2.347281276507802317e-05,-3.240707243301754753e-05,5.014395713290558369e-06,-6.844009323300778088e-06,4.289130886194978938e-05,0.000000000000000000e+00
9.984999999999999432e+00,2.331133309867291294e-05,-3.218504714368261853e-05,4.980291262949540294e-06,-6.797822393680305283e-06,4.259926481398102242e-05,0.000000000000000000e+00
9.990000000000000213e+00,2.315095977208243760e-05,-3.196453479537773564e-05,4.946416975251539182e-06,-6.751943926492183730e-06,4.230919461787086846e-05,0.000000000000000000e+00
9.995000000000000995e+00,2.299168524622068478e-05,-3.174552515187834505e-05,4.912771312967427576e-06,-6.706371890714340324e-06,4.202108506443894172e-05,0.000000000000000000e+00
1.000000000000000000e+01,2.283350203301118429e-05,-3.152800804555724244e-05,4.879352748990379234e-06,-6.661104268435157540e-06,4.173492303171744220e-05,0.000000000000000000e+00
1.000500000000000078e+01,2.267640269504505240e-05,-3.131197337693078693e-05,4.846159766270520542e-06,-6.616139054771229070e-06,4.145069548438620505e-05,0.000000000000000000e+00
1.000999999999999979e+01,2.252037984524140612e-05,-3.109741111420808980e-05,4.813190857749995272e-06,-6.571474257785610140e-06,4.116838947321097540e-05,0.000000000000000000e+00
1.001500000000000057e+01,2.236542614651001714e-05,-3.088431129284311706e-05,4.780444526298435069e-06,-6.527107898406559937e-06,4.088799213448551860e-05,0.000000000000000000e+00
1.001999999999999957e+01,2.221153431141620183e-05,-3.067266401508969895e-05,4.747919284648834825e-06,-6.483038010346770250e-06,4.060949068947706435e-05,0.000000000000000000e+00
1.002500000000000036e+01,2.205869710184793397e-05,-3.046245944955943975e-05,4.715613655333832931e-06,-6.439262640023081984e-06,4.033287244387533549e-05,0.000000000000000000e+00
1.002999999999999936e+01,2.190690732868514606e-05,-3.025368783078250410e-05,4.683526170622389633e-06,-6.395779846476686192e-06,4.005812478724510046e-05,0.000000000000000000e+00
1.003500000000000014e+01,2.175615785147123307e-05,-3.004633945877125271e-05,4.651655372456863497e-06,-6.352587701293800287e-06,3.978523519248207993e-05,0.000000000000000000e+00
1.004000000000000092e+01,2.160644157808672789e-05,-2.984040469858672076e-05,4.619999812390484283e-06,-6.309684288526827058e-06,3.951419121527228236e-05,0.000000000000000000e+00
1.004499999999999993e+01,2.145775146442513505e-05,-2.963587397990791517e-05,4.588558051525217151e-06,-6.267067704615986339e-06,3.924498049355489699e-05,0.000000000000000000e+00
1.005000000000000071e+01,2.131008051407090909e-05,-2.943273779660390713e-05,4.557328660450018191e-06,-6.224736058311418466e-06,3.897759074698842587e-05,0.000000000000000000e+00
1.005499999999999972e+01,2.116342177797957434e-05,-2.923098670630871980e-05,4.526310219179481289e-06,-6.182687470595757848e-06,3.871200977642034644e-05,0.000000000000000000e+00
1.006000000000000050e+01,2.101776835415994856e-05,-2.903061132999897737e-05,4.495501317092865305e-06,-6.140920074607174939e-06,3.844822546335990463e-05,0.000000000000000000e+00
1.006499999999999950e+01,2.087311338735848770e-05,-2.883160235157430185e-05,4.464900552873508347e-06,-6.099432015562881539e-06,3.818622576945447232e-05,0.000000000000000000e+00
1.007000000000000028e+01,2.072945006874570752e-05,-2.863395051744044078e-05,4.434506534448624061e-06,-6.058221450683096033e-06,3.792599873596910320e-05,0.000000000000000000e+00
1.007500000000000107e+01,2.058677163560469566e-05,-2.843764663609511209e-05,4.404317878929474842e-06,-6.017286549115471118e-06,3.766753248326939541e-05,0.000000000000000000e+00
1.008000000000000007e+01,2.044507137102168038e-05,-2.824268157771654605e-05,4.374333212551922830e-06,-5.976625491859976370e-06,3.741081521030766108e-05,0.000000000000000000e+00
1.008500000000000085e+01,2.030434260357864907e-05,-2.804904627375470711e-05,4.344551170617356137e-06,-5.936236471694233147e-06,3.715583519411223319e-05,0.000000000000000000e+00
1.008999999999999986e+01,2.016457870704800641e-05,-2.785673171652516879e-05,4.314970397433983534e-06,-5.896117693099305178e-06,3.690258078928018769e-05,0.000000000000000000e+00
1.009500000000000064e+01,2.002577310008925188e-05,-2.766572895880565146e-05,4.285589546258504374e-06,-5.856267372185932161e-06,3.665104042747313530e-05,0.000000000000000000e+00
1.009999999999999964e+01,1.988791924594768336e-05,-2.747602911343518273e-05,4.256407279238143589e-06,-5.816683736621215674e-06,3.640120261691626592e-05,0.000000000000000000e+00
1.010500000000000043e+01,1.975101065215507603e-05,-2.728762335291585295e-05,4.227422267353050059e-06,-5.777365025555745539e-06,3.615305594190059812e-05,0.000000000000000000e+00
1.010999999999999943e+01,1.961504087023236364e-05,-2.710050290901720011e-05,4.198633190359064289e-06,-5.738309489551166651e-06,3.590658906228826454e-05,0.000000000000000000e+00
1.011500000000000021e+01,1.948000349539428147e-05,-2.691465907238314241e-05,4.170038736730839301e-06,-5.699515390508187950e-06,3.566179071302107010e-05,0.000000000000000000e+00
1.012000000000000099e+01,1.934589216625597451e-05,-2.673008319214148596e-05,4.141637603605326598e-06,-5.660981001595024231e-06,3.541864970363209282e-05,0.000000000000000000e+00
1.012500000000000000e+01,1.921270056454154693e-05,-2.654676667551599046e-05,4.113428496725615332e-06,-5.622704607176273332e-06,3.517715491776042883e-05,0.000000000000000000e+00
1.013000000000000078e+01,1.908042241479454961e-05,-2.636470098744094550e-05,4.085410130385129782e-06,-5.584684502742225302e-06,3.493729531266892563e-05,0.000000000000000000e+00
1.013499999999999979e+01,1.894905148409038536e-05,-2.618387765017826758e-05,4.057581227372173252e-06,-5.546918994838598477e-06,3.469905991876511388e-05,0.000000000000000000e+00
1.014000000000000057e+01,1.881858158175061488e-05,-2.600428824293710104e-05,4.029940518914828584e-06,-5.509406400996705002e-06,3.446243783912503254e-05,0.000000000000000000e+00
1.014499999999999957e+01,1.868900655905917700e-05,-2.582592440149589569e-05,4.002486744626202554e-06,-5.472145049664036483e-06,3.422741824902018469e-05,0.000000000000000000e+00
1.015000000000000036e+01,1.856032030898047914e-05,-2.564877781782696109e-05,3.975218652450017564e-06,-5.435133280135274846e-06,3.399399039544744782e-05,0.000000000000000000e+00
1.015499999999999936e+01,1.843251676587935812e-05,-2.547284023972344686e-05,3.948134998606547220e-06,-5.398369442483720782e-06,3.376214359666200625e-05,0.000000000000000000e+00
1.016000000000000014e+01,1.830558990524290430e-05,-2.529810347042878266e-05,3.921234547538894959e-06,-5.361851897493138094e-06,3.353186724171323138e-05,0.000000000000000000e+00
1.016500000000000092e+01,1.817953374340413580e-05,-2.512455936826853736e-05,3.894516071859609802e-06,-5.325579016590014773e-06,3.330315078998342135e-05,0.000000000000000000e+00
1.016999999999999993e+01,1.805434233726749876e-05,-2.495219984628465666e-05,3.867978352297642608e-06,-5.289549181776233197e-06,3.307598377072969853e-05,0.000000000000000000e+00
1.017500000000000071e+01,1.793000978403619391e-05,-2.478101687187211983e-05,3.841620177645636059e-06,-5.253760785562153683e-06,3.285035578262859721e-05,0.000000000000000000e+00
1.017999999999999972e+01,1.780653022094131919e-05,-2.461100246641795123e-05,3.815440344707546687e-06,-5.218212230900102071e-06,3.262625649332359212e-05,0.000000000000000000e+00
1.018500000000000050e+01,1.768389782497280458e-05,-2.444214870494260347e-05,3.789437658246604436e-06,-5.182901931118264731e-06,3.240367563897564242e-05,0.000000000000000000e+00
1.018999999999999950e+01,1.756210681261213938e-05,-2.427444771574366488e-05,3.763610930933594105e-06,-5.147828309854983370e-06,3.218260302381643944e-05,0.000000000000000000e+00
1.019500000000000028e+01,1.744115143956686463e-05,-2.410789168004191492e-05,3.737958983295470091e-06,-5.112989800993453877e-06,3.196302851970453428e-05,0.000000000000000000e+00
1.020000000000000107e+01,1.732102600050684771e-05,-2.394247283162968356e-05,3.712480643664294282e-06,-5.078384848596821572e-06,3.174494206568439960e-05,0.000000000000000000e+00
1.020500000000000007e+01,1.720172482880229166e-05,-2.377818345652150776e-05,3.687174748126496661e-06,-5.044011906843672026e-06,3.152833366754805955e-05,0.000000000000000000e+00
1.021000000000000085e+01,1.708324229626349277e-05,-2.361501589260708514e-05,3.662040140472459909e-06,-5.009869439963914054e-06,3.131319339739980969e-05,0.000000000000000000e+00
1.021499999999999986e+01,1.696557281288233292e-05,-2.345296252930647058e-05,3.637075672146422064e-06,-4.975955922175058278e-06,3.109951139322349840e-05,0.000000000000000000e+00
1.022000000000000064e+01,1.684871082657547951e-05,-2.329201580722755984e-05,3.612280202196695545e-06,-4.942269837618880231e-06,3.088727785845262033e-05,0.000000000000000000e+00
1.022499999999999964e+01,1.673265082292929977e-05,-2.313216821782579233e-05,3.587652597226205514e-06,-4.908809680298473107e-06,3.067648306154317469e-05,0.000000000000000000e+00
1.023000000000000043e+01,1.661738732494647599e-05,-2.297341230306607998e-05,3.563191731343338246e-06,-4.875573954015684217e-06,3.046711733554918308e-05,0.000000000000000000e+00
1.023499999999999943e+01,1.650291489279428421e-05,-2.281574065508696543e-05,3.538896486113103326e-06,-4.842561172308933446e-06,3.025917107770101963e-05,0.000000000000000000e+00
1.024000000000000021e+01,1.638922812355457384e-05,-2.265914591586695880e-05,3.514765750508606288e-06,-4.809769858391411195e-06,3.005263474898637018e-05,0.000000000000000000e+00
1.024500000000000099e+01,1.627632165097539052e-05,-2.250362077689306323e-05,3.490798420862827448e-06,-4.777198545089657476e-06,2.984749887373379707e-05,0.000000000000000000e+00
1.025000000000000000e+01,1.616419014522426246e-05,-2.234915797883148234e-05,3.466993400820708219e-06,-4.744845774782512863e-06,2.964375403919906511e-05,0.000000000000000000e+00
1.025500000000000078e+01,1.605282831264311999e-05,-2.219575031120046561e-05,3.443349601291541502e-06,-4.712710099340446364e-06,2.944139089515408333e-05,0.000000000000000000e+00
1.025999999999999979e+01,1.594223089550484811e-05,-2.204339061204531539e-05,3.419865940401664903e-06,-4.680790080065252613e-06,2.924040015347841823e-05,0.000000000000000000e+00
1.026500000000000057e+01,1.583239267177146195e-05,-2.189207176761549456e-05,3.396541343447452937e-06,-4.649084287630118348e-06,2.904077258775348031e-05,0.000000000000000000e+00
1.026999999999999957e+01,1.572330845485388825e-05,-2.174178671204388225e-05,3.373374742848610791e-06,-4.617591302020059066e-06,2.884249903285926523e-05,0.000000000000000000e+00
1.027500000000000036e+01,1.561497309337334598e-05,-2.159252842702810311e-05,3.350365078101761998e-06,-4.586309712472714800e-06,2.864557038457364623e-05,0.000000000000000000e+00
1.027999999999999936e+01,1.550738147092431272e-05,-2.144428994151396060e-05,3.327511295734332998e-06,-4.555238117419517754e-06,2.844997759917430253e-05,0.000000000000000000e+00
1.028500000000000014e+01,1.540052850583906971e-05,-2.129706433138093706e-05,3.304812349258730352e-06,-4.524375124427210609e-06,2.825571169304313124e-05,0.000000000000000000e+00
1.029000000000000092e+01,1.529440915095381924e-05,-2.115084471912976387e-05,3.282267199126809752e-06,-4.493719350139731590e-06,2.806276374227317663e-05,0.000000000000000000e+00
1.029499999999999993e+01,1.518901839337635864e-05,-2.100562427357202121e-05,3.259874812684634727e-06,-4.463269420220453596e-06,2.787112488227810729e-05,0.000000000000000000e+00
1.030000000000000071e+01,1.508435125425528762e-05,-2.086139620952179091e-05,3.237634164127523330e-06,-4.433023969294775696e-06,2.768078630740421062e-05,0.000000000000000000e+00
1.030499999999999972e+01,1.498040278855077060e-05,-2.071815378748932191e-05,3.215544234455379854e-06,-4.402981640893070376e-06,2.749173927054479304e-05,0.000000000000000000e+00
1.031000000000000050e+01,1.487716808480681190e-05,-2.057589031337671507e-05,3.193604011428313275e-06,-4.373141087393980615e-06,2.730397508275712447e-05,0.000000000000000000e+00
1.031499999999999950e+01,1.477464226492505904e-05,-2.043459913817558319e-05,3.171812489522535208e-06,-4.343500969968064239e-06,2.711748511288174116e-05,0.000000000000000000e+00
1.032000000000000028e+01,1.467282048394010177e-05,-2.029427365766671009e-05,3.150168669886542468e-06,-4.314059958521784715e-06,2.693226078716434366e-05,0.000000000000000000e+00
1.032500000000000107e+01,1.457169792979627722e-05,-2.015490731212167818e-05,3.128671560297575344e-06,-4.284816731641849231e-06,2.674829358887989043e-05,0.000000000000000000e+00
1.033000000000000007e+01,1.447126982312595396e-05,-2.001649358600645433e-05,3.107320175118354968e-06,-4.255769976539884735e-06,2.656557505795932735e-05,0.000000000000000000e+00
1.033500000000000085e+01,1.437153141702929834e-05,-1.987902600768690704e-05,3.086113535254097235e-06,-4.226918388997458723e-06,2.638409679061853982e-05,0.000000000000000000e+00
1.033999999999999986e+01,1.427247799685550788e-05,-1.974249814913628192e-05,3.065050668109798632e-06,-4.198260673311436293e-06,2.620385043898973085e-05,0.000000000000000000e+00
1.034500000000000064e+01,1.417410487998550163e-05,-1.960690362564457108e-05,3.044130607547796920e-06,-4.169795542239673483e-06,2.602482771075521138e-05,0.000000000000000000e+00
1.034999999999999964e+01,1.407640741561605715e-05,-1.947223609552980371e-05,3.023352393845600326e-06,-4.141521716947045166e-06,2.584702036878349130e-05,0.000000000000000000e+00
1.035500000000000043e+01,1.397938098454539265e-05,-1.933848925985123392e-05,3.002715073653987367e-06,-4.113437926951807548e-06,2.567042023076767423e-05,0.000000000000000000e+00
1.035999999999999943e+01,1.388302099896016864e-05,-1.920565686212440562e-05,2.982217699955372217e-06,-4.085542910072288448e-06,2.549501916886621732e-05,0.000000000000000000e+00
1.036500000000000021e+01,1.378732290222391779e-05,-1.907373268803809108e-05,2.961859332022437730e-06,-4.057835412373908776e-06,2.532080910934598141e-05,0.000000000000000000e+00
1.037000000000000099e+01,1.369228216866688415e-05,-1.894271056517308951e-05,2.941639035377032327e-06,-4.030314188116529275e-06,2.514778203222758511e-05,0.000000000000000000e+00
1.037500000000000000e+01,1.359789430337725667e-05,-1.881258436272287561e-05,2.921555881749327754e-06,-4.002977999702121666e-06,2.497592997093297810e-05,0.000000000000000000e+00
1.038000000000000078e+01,1.350415484199380534e-05,-1.868334799121607094e-05,2.901608949037239432e-06,-3.975825617622765069e-06,2.480524501193533192e-05,0.000000000000000000e+00
1.038499999999999979e+01,1.341105935049989465e-05,-1.855499540224075499e-05,2.881797321266103877e-06,-3.948855820408961736e-06,2.463571929441116015e-05,0.000000000000000000e+00
1.039000000000000057e+01,1.331860342501886923e-05,-1.842752058817058217e-05,2.862120088548617003e-06,-3.922067394578271289e-06,2.446734500989465106e-05,0.000000000000000000e+00
1.039499999999999957e+01,1.322678269161081000e-05,-1.830091758189269450e-05,2.842576347045025271e-06,-3.895459134584265120e-06,2.430011440193427025e-05,0.000000000000000000e+00
1.040000000000000036e+01,1.313559280607064214e-05,-1.817518045653742324e-05,2.823165198923573483e-06,-3.869029842765792508e-06,2.413401976575150468e-05,0.000000000000000000e+00
1.040499999999999936e+01,1.304502945372758991e-05,-1.805030332520977945e-05,2.803885752321203303e-06,-3.842778329296565217e-06,2.396905344790179192e-05,0.000000000000000000e+00
1.041000000000000014e+01,1.295508834924597312e-05,-1.792628034072269279e-05,2.784737121304505882e-06,-3.816703412135047876e-06,2.380520784593775688e-05,0.000000000000000000e+00
1.041500000000000092e+01,1.286576523642732835e-05,-1.780310569533202238e-05,2.765718425830921821e-06,-3.790803916974664297e-06,2.364247540807441688e-05,0.000000000000000000e+00
1.041999999999999993e+01,1.277705588801385671e-05,-1.768077362047328538e-05,2.746828791710190164e-06,-3.765078677194307036e-06,2.348084863285670093e-05,0.000000000000000000e+00
1.042500000000000071e+01,1.268895610549317423e-05,-1.755927838650015084e-05,2.728067350566044291e-06,-3.739526533809157391e-06,2.332032006882900184e-05,0.000000000000000000e+00
1.042999999999999972e+01,1.260146171890437688e-05,-1.743861430242462756e-05,2.709433239798153038e-06,-3.714146335421805668e-06,2.316088231420693062e-05,0.000000000000000000e+00
1.043500000000000050e+01,1.251456858664539313e-05,-1.731877571565896981e-05,2.690925602544304911e-06,-3.688936938173678925e-06,2.300252801655107665e-05,0.000000000000000000e+00
1.043999999999999950e+01,1.242827259528162394e-05,-1.719975701175928379e-05,2.672543587642834549e-06,-3.663897205696765178e-06,2.284524987244301760e-05,0.000000000000000000e+00
1.044500000000000028e+01,1.234256965935586008e-05,-1.708155261417082147e-05,2.654286349595291021e-06,-3.639026009065639571e-06,2.268904062716326734e-05,0.000000000000000000e+00
1.045000000000000107e+01,1.225745572119947177e-05,-1.696415698397494133e-05,2.636153048529342861e-06,-3.614322226749787857e-06,2.253389307437135493e-05,0.000000000000000000e+00
1.045500000000000007e+01,1.217292675074485515e-05,-1.684756461963775646e-05,2.618142850161923244e-06,-3.589784744566224218e-06,2.237980005578798405e-05,0.000000000000000000e+00
1.046000000000000085e+01,1.208897874533913429e-05,-1.673177005676040885e-05,2.600254925762608517e-06,-3.565412455632403865e-06,2.222675446087920488e-05,0.000000000000000000e+00
1.046499999999999986e+01,1.200560772955910979e-05,-1.661676786783101417e-05,2.582488452117235165e-06,-3.541204260319427844e-06,2.207474922654261546e-05,0.000000000000000000e+00
1.047000000000000064e+01,1.192280975502743575e-05,-1.650255266197822596e-05,2.564842611491746756e-06,-3.517159066205537974e-06,2.192377733679560619e-05,0.000000000000000000e+00
1.047499999999999964e+01,1.184058090023003164e-05,-1.638911908472642277e-05,2.547316591596274234e-06,-3.493275788029900605e-06,2.177383182246562696e-05,0.000000000000000000e+00
1.048000000000000043e+01,1.175891727033471391e-05,-1.627646181775251828e-05,2.529909585549445766e-06,-3.469553347646678375e-06,2.162490576088236182e-05,0.000000000000000000e+00
1.048499999999999943e+01,1.167781499701103547e-05,-1.616457557864436033e-05,2.512620791842926551e-06,-3.445990673979384877e-06,2.147699227557200768e-05,0.000000000000000000e+00
1.049000000000000021e+01,1.159727023825133474e-05,-1.605345512066073266e-05,2.495449414306185218e-06,-3.422586702975526044e-06,2.133008453595341313e-05,0.000000000000000000e+00
1.049500000000000099e+01,1.151727917819297390e-05,-1.594309523249293203e-05,2.478394662071487645e-06,-3.399340377561521476e-06,2.118417575703626023e-05,0.000000000000000000e+00
1.050000000000000000e+01,1.143783802694177324e-05,-1.583349073802792431e-05,2.461455749539112706e-06,-3.376250647597906990e-06,2.103925919912114372e-05,0.000000000000000000e+00
1.050500000000000078e+01,1.135894302039661766e-05,-1.572463649611304545e-05,2.444631896342794594e-06,-3.353316469834814566e-06,2.089532816750159160e-05,0.000000000000000000e+00
1.050999999999999979e+01,1.128059042007524238e-05,-1.561652740032227463e-05,2.427922327315385382e-06,-3.330536807867731814e-06,2.075237601216802375e-05,0.000000000000000000e+00
1.051500000000000057e+01,1.120277651294118240e-05,-1.550915837872403539e-05,2.411326272454737376e-06,-3.307910632093533767e-06,2.061039612751357057e-05,0.000000000000000000e+00
1.051999999999999957e+01,1.112549761123187056e-05,-1.540252439365052828e-05,2.394842966889806558e-06,-3.285436919666790805e-06,2.046938195204185001e-05,0.000000000000000000e+00
1.052500000000000036e+01,1.104875005228790106e-05,-1.529662044146859148e-05,2.378471650846972006e-06,-3.263114654456347202e-06,2.032932696807662504e-05,0.000000000000000000e+00
1.052999999999999936e+01,1.097253019838342136e-05,-1.519144155235206744e-05,2.362211569616573019e-06,-3.240942827002171151e-06,2.019022470147327031e-05,0.000000000000000000e+00
1.053500000000000014e+01,1.089683443655766234e-05,-1.508698279005567227e-05,2.346061973519660526e-06,-3.218920434472472874e-06,2.005206872133215654e-05,0.000000000000000000e+00
1.054000000000000092e+01,1.082165917844759679e-05,-1.498323925169035911e-05,2.330022117874962805e-06,-3.197046480621090396e-06,1.991485263971388482e-05,0.000000000000000000e+00
1.054499999999999993e+01,1.074700086012171940e-05,-1.488020606750016061e-05,2.314091262966062956e-06,-3.175319975745140438e-06,1.977857011135635389e-05,0.000000000000000000e+00
1.055000000000000071e+01,1.067285594191493288e-05,-1.477787840064050683e-05,2.298268674008788555e-06,-3.153739936642935702e-06,1.964321483339360281e-05,0.000000000000000000e+00
1.055499999999999972e+01,1.059922090826454377e-05,-1.467625144695800172e-05,2.282553621118808832e-06,-3.132305386572161346e-06,1.950878054507656790e-05,0.000000000000000000e+00
1.056000000000000050e+01,1.052609226754735429e-05,-1.457532043477166166e-05,2.266945379279443607e-06,-3.111015355208314471e-06,1.937526102749553375e-05,0.000000000000000000e+00
1.056499999999999950e+01,1.045346655191784178e-05,-1.447508062465559051e-05,2.251443228309676786e-06,-3.089868878603402369e-06,1.924265010330448501e-05,0.000000000000000000e+00
1.057000000000000028e+01,1.038134031714742742e-05,-1.437552730922309123e-05,2.236046452832376110e-06,-3.068864999144900386e-06,1.911094163644716236e-05,0.000000000000000000e+00
1.057500000000000107e+01,1.030971014246481388e-05,-1.427665581291220900e-05,2.220754342242718301e-06,-3.048002765514963051e-06,1.898012953188487017e-05,0.000000000000000000e+00
1.058000000000000007e+01,1.023857263039739539e-05,-1.417846149177267874e-05,2.205566190676817513e-06,-3.027281232649891438e-06,1.885020773532617816e-05,0.000000000000000000e+00
1.058500000000000085e+01,1.016792440661373160e-05,-1.408093973325429387e-05,2.190481296980554510e-06,-3.006699461699855891e-06,1.872117023295817809e-05,0.000000000000000000e+00
1.058999999999999986e+01,1.009776211976706841e-05,-1.398408595599666095e-05,2.175498964678608300e-06,-2.986256519988866529e-06,1.859301105117967524e-05,0.000000000000000000e+00
1.059500000000000064e+01,1.002808244133991761e-05,-1.388789560962035349e-05,2.160618501943686390e-06,-2.965951480974997842e-06,1.846572425633592816e-05,0.000000000000000000e+00
1.059999999999999964e+01,9.958882065489666475e-06,-1.379236417451943631e-05,2.145839221565952405e-06,-2.945783424210859784e-06,1.833930395445520784e-05,0.000000000000000000e+00
1.060500000000000043e+01,9.890157708895227519e-06,-1.369748716165536893e-05,2.131160440922653178e-06,-2.925751435304315771e-06,1.821374429098708491e-05,0.000000000000000000e+00
1.060999999999999943e+01,9.821906110604714893e-06,-1.360326011235226575e-05,2.116581481947939390e-06,-2.905854605879448864e-06,1.808903945054228204e-05,0.000000000000000000e+00
1.061500000000000021e+01,9.754124031884138873e-06,-1.350967859809351168e-05,2.102101671102881029e-06,-2.886092033537770624e-06,1.796518365663435268e-05,0.000000000000000000e+00
1.062000000000000099e+01,9.686808256067118504e-06,-1.341673822031972270e-05,2.087720339345678085e-06,-2.866462821819673064e-06,1.784217117142295210e-05,0.000000000000000000e+00
1.062500000000000000e+01,9.619955588405590345e-06,-1.332443461022804143e-05,2.073436822102060564e-06,-2.846966080166122011e-06,1.771999629545877546e-05,0.000000000000000000e+00
1.063000000000000078e+01,9.553562855921535356e-06,-1.323276342857275909e-05,2.059250459235882044e-06,-2.827600923880590170e-06,1.759865336743017636e-05,0.000000000000000000e+00
1.063499999999999979e+01,9.487626907259678172e-06,-1.314172036546725892e-05,2.045160595019900846e-06,-2.808366474091230334e-06,1.747813676391142190e-05,0.000000000000000000e+00
1.064000000000000057e+01,9.422144612541190960e-06,-1.305130114018726733e-05,2.031166578106751798e-06,-2.789261857713283205e-06,1.735844089911253333e-05,0.000000000000000000e+00
1.064499999999999957e+01,9.357112863218367978e-06,-1.296150150097540275e-05,2.017267761500103487e-06,-2.770286207411723252e-06,1.723956022463080386e-05,0.000000000000000000e+00
1.065000000000000036e+01,9.292528571930279299e-06,-1.287231722484702722e-05,2.003463502526002291e-06,-2.751438661564137482e-06,1.712148922920391227e-05,0.000000000000000000e+00
1.065499999999999936e+01,9.228388672359388468e-06,-1.278374411739737190e-05,1.989753162804402330e-06,-2.732718364223836737e-06,1.700422243846460186e-05,0.000000000000000000e+00
1.066000000000000014e+01,9.164690119089130682e-06,-1.269577801260994835e-05,1.976136108220878375e-06,-2.714124465083200345e-06,1.688775441469698903e-05,0.000000000000000000e+00
1.066500000000000092e+01,9.101429887462451513e-06,-1.260841477266621690e-05,1.962611708898521299e-06,-2.695656119437249038e-06,1.677207975659446439e-05,0.000000000000000000e+00
1.066999999999999993e+01,9.038604973441287534e-06,-1.252165028775652545e-05,1.949179339170016055e-06,-2.677312488147447428e-06,1.665719309901909467e-05,0.000000000000000000e+00
1.067500000000000071e+01,8.976212393466993919e-06,-1.243548047589229521e-05,1.935838377549898810e-06,-2.659092737605733059e-06,1.654308911276264427e-05,0.000000000000000000e+00
1.067999999999999972e+01,8.914249184321703786e-06,-1.234990128271944809e-05,1.922588206706994912e-06,-2.640996039698772882e-06,1.642976250430915871e-05,0.000000000000000000e+00
1.068500000000000050e+01,8.852712402990620970e-06,-1.226490868133307255e-05,1.909428213437032627e-06,-2.623021571772442087e-06,1.631720801559899479e-05,0.000000000000000000e+00
1.068999999999999950e+01,8.791599126525236060e-06,-1.218049867209331248e-05,1.896357788635437279e-06,-2.605168516596529085e-06,1.620542042379454482e-05,0.000000000000000000e+00
1.069500000000000028e+01,8.730906451907455537e-06,-1.209666728244248096e-05,1.883376327270298204e-06,-2.587436062329659448e-06,1.609439454104728224e-05,0.000000000000000000e+00
1.070000000000000107e+01,8.670631495914649095e-06,-1.201341056672338354e-05,1.870483228355512289e-06,-2.569823402484443048e-06,1.598412521426649792e-05,0.000000000000000000e+00
1.070500000000000007e+01,8.610771394985596518e-06,-1.193072460599883922e-05,1.857677894924100749e-06,-2.552329735892837607e-06,1.587460732488942897e-05,0.000000000000000000e+00
1.071000000000000085e+01,8.551323305087337484e-06,-1.184860550787240424e-05,1.844959734001698049e-06,-2.534954266671733326e-06,1.576583578865290201e-05,0.000000000000000000e+00
1.071499999999999986e+01,8.492284401582914148e-06,-1.176704940631028513e-05,1.832328156580213418e-06,-2.517696204188750962e-06,1.565780555536650117e-05,0.000000000000000000e+00
1.072000000000000064e+01,8.433651879099999721e-06,-1.168605246146442228e-05,1.819782577591661975e-06,-2.500554763028258449e-06,1.555051160868715907e-05,0.000000000000000000e+00
1.072499999999999964e+01,8.375422951400407961e-06,-1.160561085949675264e-05,1.807322415882165266e-06,-2.483529162957598417e-06,1.544394896589520468e-05,0.000000000000000000e+00
1.073000000000000043e+01,8.317594851250483581e-06,-1.152572081240463964e-05,1.794947094186121206e-06,-2.466618628893530444e-06,1.533811267767196636e-05,0.000000000000000000e+00
1.073499999999999943e+01,8.260164830292356626e-06,-1.144637855784745333e-05,1.782656039100539192e-06,-2.449822390868884217e-06,1.523299782787866576e-05,0.000000000000000000e+00
1.074000000000000021e+01,8.203130158916064219e-06,-1.136758035897430422e-05,1.770448681059543989e-06,-2.433139683999421483e-06,1.512859953333689739e-05,0.000000000000000000e+00
1.074500000000000099e+01,8.146488126132531192e-06,-1.128932250425292061e-05,1.758324454309042454e-06,-2.416569748450910186e-06,1.502491294361039732e-05,0.000000000000000000e+00
1.075000000000000000e+01,8.090236039447402835e-06,-1.121160130729965582e-05,1.746282796881556073e-06,-2.400111829406402312e-06,1.492193324078839762e-05,0.000000000000000000e+00
1.075500000000000078e+01,8.034371224735719594e-06,-1.113441310671062885e-05,1.734323150571215488e-06,-2.383765177033720532e-06,1.481965563927017840e-05,0.000000000000000000e+00
1.075999999999999979e+01,7.978891026117443887e-06,-1.105775426589397958e-05,1.722444960908917654e-06,-2.367529046453149821e-06,1.471807538555122927e-05,0.000000000000000000e+00
1.076500000000000057e+01,7.923792805833815316e-06,-1.098162117290323884e-05,1.710647677137643938e-06,-2.351402697705331100e-06,1.461718775801065425e-05,0.000000000000000000e+00
1.076999999999999957e+01,7.869073944124535972e-06,-1.090601024027180625e-05,1.698930752187938090e-06,-2.335385395719360281e-06,1.451698806670004372e-05,0.000000000000000000e+00
1.077500000000000036e+01,7.814731839105784137e-06,-1.083091790484852084e-05,1.687293642653543245e-06,-2.319476410281086363e-06,1.441747165313367959e-05,0.000000000000000000e+00
1.077999999999999936e+01,7.760763906649046222e-06,-1.075634062763432935e-05,1.675735808767197322e-06,-2.303675016001610704e-06,1.431863389008011271e-05,0.000000000000000000e+00
1.078500000000000014e+01,7.707167580260761855e-06,-1.068227489362003200e-05,1.664256714376584488e-06,-2.287980492285984914e-06,1.422047018135509038e-05,0.000000000000000000e+00
1.079000000000000092e+01,7.653940310962778734e-06,-1.060871721162510738e-05,1.652855826920443961e-06,-2.272392123302106960e-06,1.412297596161589171e-05,0.000000000000000000e+00
1.079499999999999993e+01,7.601079567173607924e-06,-1.053566411413761134e-05,1.641532617404832541e-06,-2.256909197949813358e-06,1.402614669615689616e-05,0.000000000000000000e+00
1.080000000000000071e+01,7.548582834590481296e-06,-1.046311215715513301e-05,1.630286560379542160e-06,-2.241531009830167875e-06,1.392997788070655492e-05,0.000000000000000000e+00
1.080499999999999972e+01,7.496447616072198399e-06,-1.039105792002680960e-05,1.619117133914670101e-06,-2.226256857214941663e-06,1.383446504122570377e-05,0.000000000000000000e+00
1.081000000000000050e+01,7.444671431522761075e-06,-1.031949800529638817e-05,1.608023819577340838e-06,-2.211086043016289900e-06,1.373960373370710947e-05,0.000000000000000000e+00
1.081499999999999950e+01,7.393251817775789885e-06,-1.024842903854633083e-05,1.597006102408580344e-06,-2.196017874756617326e-06,1.364538954397639490e-05,0.000000000000000000e+00
1.082000000000000028e+01,7.342186328479720647e-06,-1.017784766824295690e-05,1.586063470900339262e-06,-2.181051664538636046e-06,1.355181808749425184e-05,0.000000000000000000e+00
1.082500000000000107e+01,7.291472533983768397e-06,-1.010775056558261145e-05,1.575195416972665792e-06,-2.166186729015612660e-06,1.345888500915986661e-05,0.000000000000000000e+00
1.083000000000000007e+01,7.241108021224658749e-06,-1.003813442433885724e-05,1.564401435951027017e-06,-2.151422389361802568e-06,1.336658598311575694e-05,0.000000000000000000e+00
1.083500000000000085e+01,7.191090393614124135e-06,-9.968995960710677935e-06,1.553681026543777830e-06,-2.136757971243074027e-06,1.327491671255376918e-05,0.000000000000000000e+00
1.083999999999999986e+01,7.141417270927153055e-06,-9.900331913171694356e-06,1.543033690819775121e-06,-2.122192804787714310e-06,1.318387292952239703e-05,0.000000000000000000e+00
1.084500000000000064e+01,7.092086289190990642e-06,-9.832139042320385363e-06,1.532458934186139352e-06,-2.107726224557425185e-06,1.309345039473534183e-05,0.000000000000000000e+00
1.084999999999999964e+01,7.043095100574888007e-06,-9.764414130731291258e-06,1.521956265366158428e-06,-2.093357569518498799e-06,1.300364489738131138e-05,0.000000000000000000e+00
1.085500000000000043e+01,6.994441373280591046e-06,-9.697153982807223485e-06,1.511525196377337482e-06,-2.079086183013177810e-06,1.291445225493509430e-05,0.000000000000000000e+00
1.085999999999999943e+01,6.946122791433567853e-06,-9.630355424632443319e-06,1.501165242509589672e-06,-2.064911412731196764e-06,1.282586831296981178e-05,0.000000000000000000e+00
1.086500000000000021e+01,6.898137054974965437e-06,-9.564015303826821433e-06,1.490875922303569723e-06,-2.050832610681503485e-06,1.273788894497045175e-05,0.000000000000000000e+00
1.087000000000000099e+01,6.850481879554294029e-06,-9.498130489400968157e-06,1.480656757529148060e-06,-2.036849133164161294e-06,1.265051005214858894e-05,0.000000000000000000e+00
1.087500000000000000e+01,6.803154996422834770e-06,-9.432697871612324273e-06,1.470507273164025559e-06,-2.022960340742426992e-06,1.256372756325832114e-05,0.000000000000000000e+00
1.088000000000000078e+01,6.756154152327761435e-06,-9.367714361822214043e-06,1.460426997372486359e-06,-2.009165598215008835e-06,1.247753743441338471e-05,0.000000000000000000e+00
1.088499999999999979e+01,6.709477109406977903e-06,-9.303176892353840136e-06,1.450415461484289803e-06,-1.995464274588497735e-06,1.239193564890551171e-05,0.000000000000000000e+00
1.089000000000000057e+01,6.663121645084662058e-06,-9.239082416351232309e-06,1.440472199973700018e-06,-1.981855743049976323e-06,1.230691821702394242e-05,0.000000000000000000e+00
1.089499999999999957e+01,6.617085551967511026e-06,-9.175427907639127834e-06,1.430596750438651022e-06,-1.968339380939799132e-06,1.222248117587610850e-05,0.000000000000000000e+00
1.090000000000000036e+01,6.571366637741686067e-06,-9.112210360583787041e-06,1.420788653580048417e-06,-1.954914569724548096e-06,1.213862058920952224e-05,0.000000000000000000e+00
1.090499999999999936e+01,6.525962725070452876e-06,-9.049426789954733824e-06,1.411047453181205121e-06,-1.941580694970157897e-06,1.205533254723478231e-05,0.000000000000000000e+00
1.091000000000000014e+01,6.480871651492507139e-06,-8.987074230787419414e-06,1.401372696087411570e-06,-1.928337146315214091e-06,1.197261316644977370e-05,0.000000000000000000e+00
1.091500000000000092e+01,6.436091269320987026e-06,-8.925149738246792479e-06,1.391763932185639538e-06,-1.915183317444418113e-06,1.189045858946502484e-05,0.000000000000000000e+00
1.091999999999999993e+01,6.391619445543164166e-06,-8.863650387491787399e-06,1.382220714384376399e-06,-1.902118606062224431e-06,1.180886498483014031e-05,0.000000000000000000e+00
1.092500000000000071e+01,6.347454061720811391e-06,-8.802573273540703630e-06,1.372742598593592586e-06,-1.889142413866642454e-06,1.172782854686145853e-05,0.000000000000000000e+00
1.092999999999999972e+01,6.303593013891241342e-06,-8.741915511137493081e-06,1.363329143704839072e-06,-1.876254146523206574e-06,1.164734549547077141e-05,0.000000000000000000e+00
1.093500000000000050e+01,6.260034212469007442e-06,-8.681674234618925020e-06,1.353979911571474018e-06,-1.863453213639110746e-06,1.156741207599518776e-05,0.000000000000000000e+00
1.093999999999999950e+01,6.216775582148274885e-06,-8.621846597782648834e-06,1.344694466989019234e-06,-1.850739028737509293e-06,1.148802455902810265e-05,0.000000000000000000e+00
1.094500000000000028e+01,6.173815061805840439e-06,-8.562429773756120762e-06,1.335472377675644115e-06,-1.838111009231979289e-06,1.140917924025128507e-05,0.000000000000000000e+00
1.095000000000000107e+01,6.131150604404810406e-06,-8.503420954866416627e-06,1.326313214252776848e-06,-1.825568576401146840e-06,1.133087244026805648e-05,0.000000000000000000e+00
1.095500000000000007e+01,6.088780176898925707e-06,-8.444817352510903454e-06,1.317216550225842453e-06,-1.813111155363474724e-06,1.125310050443753997e-05,0.000000000000000000e+00
1.096000000000000085e+01,6.046701760137534102e-06,-8.386616197028778455e-06,1.308181961965126200e-06,-1.800738175052209907e-06,1.117585980271003436e-05,0.000000000000000000e+00
1.096499999999999986e+01,6.004913348771197688e-06,-8.328814737573456741e-06,1.299209028686762369e-06,-1.788449068190491368e-06,1.109914672946345721e-05,0.000000000000000000e+00
1.097000000000000064e+01,5.963412951157939900e-06,-8.271410241985814534e-06,1.290297332433846057e-06,-1.776243271266616520e-06,1.102295770334080259e-05,0.000000000000000000e+00
1.097499999999999964e+01,5.922198589270125254e-06,-8.214399996668277716e-06,1.281446458057669490e-06,-1.764120224509464763e-06,1.094728916708875759e-05,0.000000000000000000e+00
1.098000000000000043e+01,5.881268298601960807e-06,-8.157781306459743870e-06,1.272655993199079674e-06,-1.752079371864077736e-06,1.087213758739728951e-05,0.000000000000000000e+00
1.098499999999999943e+01,5.840620128077628656e-06,-8.101551494511341172e-06,1.263925528269958658e-06,-1.740120160967395844e-06,1.079749945474034776e-05,0.000000000000000000e+00
1.099000000000000021e+01,5.800252139960031693e-06,-8.045707902163019086e-06,1.255254656434824491e-06,-1.728242043124149164e-06,1.072337128321755514e-05,0.000000000000000000e+00
1.099500000000000099e+01,5.760162409760155995e-06,-7.990247888820955588e-06,1.246642973592551622e-06,-1.716444473282901655e-06,1.064974961039696966e-05,0.000000000000000000e+00
1.100000000000000000e+01,5.720349026147044775e-06,-7.935168831835784321e-06,1.238090078358212201e-06,-1.704726910012249109e-06,1.057663099715889511e-05,0.000000000000000000e+00
1.100500000000000078e+01,5.680810090858380503e-06,-7.880468126381631516e-06,1.229595572045034284e-06,-1.693088815477168088e-06,1.050401202754065546e-05,0.000000000000000000e+00
1.100999999999999979e+01,5.641543718611665029e-06,-7.826143185335966061e-06,1.221159058646479244e-06,-1.681529655415516898e-06,1.043188930858243488e-05,0.000000000000000000e+00
1.101500000000000057e+01,5.602548037016004493e-06,-7.772191439160240701e-06,1.212780144818435663e-06,-1.670048899114685222e-06,1.036025947017411893e-05,0.000000000000000000e+00
1.101999999999999957e+01,5.563821186484485457e-06,-7.718610335781337918e-06,1.204458439861529680e-06,-1.658646019388393886e-06,1.028911916490311663e-05,0.000000000000000000e+00
1.102500000000000036e+01,5.525361320147140578e-06,-7.665397340473801858e-06,1.196193555703550964e-06,-1.647320492553642646e-06,1.021846506790323284e-05,0.000000000000000000e+00
1.102999999999999936e+01,5.487166603764504660e-06,-7.612549935742858846e-06,1.187985106881993670e-06,-1.636071798407804935e-06,1.014829387670445371e-05,0.000000000000000000e+00
1.103500000000000014e+01,5.449235215641753464e-06,-7.560065621208214631e-06,1.179832710526711749e-06,-1.624899420205868935e-06,1.007860231108379439e-05,0.000000000000000000e+00
1.104000000000000092e+01,5.411565346543416809e-06,-7.507941913488630053e-06,1.171735986342687329e-06,-1.613802844637824126e-06,1.000938711291708181e-05,0.000000000000000000e+00
1.104499999999999993e+01,5.374155199608673585e-06,-7.456176346087264120e-06,1.163694556592911968e-06,-1.602781561806193314e-06,9.940645046031721689e-06,0.000000000000000000e+00
1.105000000000000071e+01,5.337002990267212576e-06,-7.404766469277785349e-06,1.155708046081379507e-06,-1.591835065203706537e-06,9.872372896060422733e-06,0.000000000000000000e+00
1.105499999999999972e+01,5.300106946155663351e-06,-7.353709849991242045e-06,1.147776082136191357e-06,-1.580962851691119390e-06,9.804567470295898315e-06,0.000000000000000000e+00
1.106000000000000050e+01,5.263465307034592109e-06,-7.303004071703685589e-06,1.139898294592770427e-06,-1.570164421475172377e-06,9.737225597546496470e-06,0.000000000000000000e+00
1.106499999999999950e+01,5.227076324706054038e-06,-7.252646734324545903e-06,1.132074315777187280e-06,-1.559439278086691514e-06,9.670344127992819240e-06,0.000000000000000000e+00
1.107000000000000028e+01,5.190938262931705559e-06,-7.202635454085752286e-06,1.124303780489593014e-06,-1.548786928358828475e-06,9.603919933045228021e-06,0.000000000000000000e+00
1.107500000000000107e+01,5.155049397351466287e-06,-7.152967863431592884e-06,1.116586325987762473e-06,-1.538206882405441346e-06,9.537949905202329766e-06,0.000000000000000000e+00
1.108000000000000007e+01,5.119408015402732422e-06,-7.103641610909310209e-06,1.108921591970743969e-06,-1.527698653599612597e-06,9.472430957910379679e-06,0.000000000000000000e+00
1.108500000000000085e+01,5.084012416240131389e-06,-7.054654361060430210e-06,1.101309220562617001e-06,-1.517261758552305127e-06,9.407360025423573295e-06,0.000000000000000000e+00
1.108999999999999986e+01,5.048860910655824504e-06,-7.006003794312810459e-06,1.093748856296355854e-06,-1.506895717091154670e-06,9.342734062665338060e-06,0.000000000000000000e+00
1.109500000000000064e+01,5.013951821000339888e-06,-6.957687606873416792e-06,1.086240146097798865e-06,-1.496600052239398164e-06,9.278550045090439756e-06,0.000000000000000000e+00
1.109999999999999964e+01,4.979283481103946636e-06,-6.909703510621809765e-06,1.078782739269722513e-06,-1.486374290194937631e-06,9.214804968548063010e-06,0.000000000000000000e+00
1.110500000000000043e+01,4.944854236198553296e-06,-6.862049233004346851e-06,1.071376287476020956e-06,-1.476217960309537475e-06,9.151495849145757476e-06,0.000000000000000000e+00
1.110999999999999943e+01,4.910662442840139977e-06,-6.814722516929090210e-06,1.064020444725987642e-06,-1.466130595068155396e-06,9.088619723114308975e-06,0.000000000000000000e+00
1.111500000000000021e+01,4.876706468831708848e-06,-6.767721120661415816e-06,1.056714867358700894e-06,-1.456111730068406072e-06,9.026173646673440727e-06,0.000000000000000000e+00
1.112000000000000099e+01,4.842984693146758943e-06,-6.721042817720320522e-06,1.049459214027512407e-06,-1.446160904000156355e-06,8.964154695898488671e-06,0.000000000000000000e+00
1.112500000000000000e+01,4.809495505853275123e-06,-6.674685396775424553e-06,1.042253145684635693e-06,-1.436277658625251103e-06,8.902559966587849277e-06,0.000000000000000000e+00
1.113000000000000078e+01,4.776237308038230330e-06,-6.628646661544656702e-06,1.035096325565837233e-06,-1.426461538757369266e-06,8.841386574131394676e-06,0.000000000000000000e+00
1.113499999999999979e+01,4.743208511732599457e-06,-6.582924430692629856e-06,1.027988419175227365e-06,-1.416712092242009334e-06,8.780631653379673829e-06,0.000000000000000000e+00
1.114000000000000057e+01,4.710407539836877198e-06,-6.537516537729690763e-06,1.020929094270150696e-06,-1.407028869936602916e-06,8.720292358514033577e-06,0.000000000000000000e+00
1.114499999999999957e+01,4.677832826047102431e-06,-6.492420830911648271e-06,1.013918020846176260e-06,-1.397411425690756637e-06,8.660365862917566396e-06,0.000000000000000000e+00
1.115000000000000036e+01,4.645482814781377255e-06,-6.447635173140168187e-06,1.006954871122185073e-06,-1.387859316326619817e-06,8.600849359046883164e-06,0.000000000000000000e+00
1.115499999999999936e+01,4.613355961106889177e-06,-6.403157441863838974e-06,1.000039319525557227e-06,-1.378372101619378997e-06,8.541740058304807492e-06,0.000000000000000000e+00
1.116000000000000014e+01,4.581450730667418645e-06,-6.358985528979894761e-06,9.931710426774544764e-07,-1.368949344277877829e-06,8.483035190913822230e-06,0.000000000000000000e+00
1.116500000000000092e+01,4.549765599611342092e-06,-6.315117340736598179e-06,9.863497193782002384e-07,-1.359590609925361048e-06,8.424732005790386714e-06,0.000000000000000000e+00
1.116999999999999993e+01,4.518299054520120333e-06,-6.271550797636273725e-06,9.795750305927557325e-07,-1.350295467080341904e-06,8.366827770420087501e-06,0.000000000000000000e+00
1.117500000000000071e+01,4.487049592337267228e-06,-6.228283834338992493e-06,9.728466594362911961e-07,-1.341063487137593689e-06,8.309319770733614112e-06,0.000000000000000000e+00
1.117999999999999972e+01,4.456015720297801160e-06,-6.185314399566899801e-06,9.661642911598513350e-07,-1.331894244349262164e-06,8.252205310983514038e-06,0.000000000000000000e+00
1.118500000000000050e+01,4.425195955858174227e-06,-6.142640456009182332e-06,9.595276131361162757e-07,-1.322787315806100189e-06,8.195481713621801569e-06,0.000000000000000000e+00
1.118999999999999950e+01,4.394588826626669857e-06,-6.100259980227671391e-06,9.529363148452543152e-07,-1.313742281418822613e-06,8.139146319178362820e-06,0.000000000000000000e+00
1.119500000000000028e+01,4.364192870294276445e-06,-6.058170962563079749e-06,9.463900878608691154e-07,-1.304758723899581460e-06,8.083196486140143425e-06,0.000000000000000000e+00
1.120000000000000107e+01,4.334006634566027710e-06,-6.016371407041862746e-06,9.398886258360383761e-07,-1.295836228743560108e-06,8.027629590831147685e-06,0.000000000000000000e+00
1.120500000000000007e+01,4.304028677092801300e-06,-5.974859331283704503e-06,9.334316244894443064e-07,-1.286974384210685639e-06,7.972443027293222068e-06,0.000000000000000000e+00
1.121000000000000085e+01,4.274257565403585796e-06,-5.933632766409625018e-06,9.270187815915955744e-07,-1.278172781307459347e-06,7.917634207167651862e-06,0.000000000000000000e+00
1.121499999999999986e+01,4.244691876838202585e-06,-5.892689756950697110e-06,9.206497969511395729e-07,-1.269431013768903714e-06,7.863200559577472723e-06,0.000000000000000000e+00
1.122000000000000064e+01,4.215330198480480039e-06,-5.852028360757380868e-06,9.143243724012645755e-07,-1.260748678040626485e-06,7.809139531010632644e-06,0.000000000000000000e+00
1.122499999999999964e+01,4.186171127091884250e-06,-5.811646648909461176e-06,9.080422117861915734e-07,-1.252125373260998459e-06,7.755448585203877291e-06,0.000000000000000000e+00
1.123000000000000043e+01,4.157213269045596148e-06,-5.771542705626588324e-06,9.018030209477547319e-07,-1.243560701243448388e-06,7.702125203027424775e-06,0.000000000000000000e+00
1.123499999999999943e+01,4.128455240261032469e-06,-5.731714628179420025e-06,8.956065077120700450e-07,-1.235054266458870095e-06,7.649166882370365476e-06,0.000000000000000000e+00
1.124000000000000021e+01,4.099895666138814797e-06,-5.692160526801354644e-06,8.894523818762917633e-07,-1.226605676018143533e-06,7.596571138026878421e-06,0.000000000000000000e+00
1.124500000000000099e+01,4.071533181496172295e-06,-5.652878524600861600e-06,8.833403551954560667e-07,-1.218214539654768911e-06,7.544335501583124429e-06,0.000000000000000000e+00
1.125000000000000000e+01,4.043366430502786577e-06,-5.613866757474391977e-06,8.772701413694110284e-07,-1.209880469707612210e-06,7.492457521304961731e-06,0.000000000000000000e+00
1.125500000000000078e+01,4.015394066617066881e-06,-5.575123374019876978e-06,8.712414560298327642e-07,-1.201603081103762084e-06,7.440934762026334977e-06,0.000000000000000000e+00
1.125999999999999979e+01,3.987614752522858076e-06,-5.536646535450804904e-06,8.652540167273267094e-07,-1.193381991341497088e-06,7.389764805038441827e-06,0.000000000000000000e+00
1.126500000000000057e+01,3.960027160066578106e-06,-5.498434415510873268e-06,8.593075429186144448e-07,-1.185216820473363013e-06,7.338945247979629674e-06,0.000000000000000000e+00
1.126999999999999957e+01,3.932629970194775571e-06,-5.460485200389213499e-06,8.534017559538040630e-07,-1.177107191089359923e-06,7.288473704725974236e-06,0.000000000000000000e+00
1.127500000000000036e+01,3.905421872892115907e-06,-5.422797088636183164e-06,8.475363790637449185e-07,-1.169052728300236121e-06,7.238347805282661134e-06,0.000000000000000000e+00
1.127999999999999936e+01,3.878401567119785143e-06,-5.385368291079723160e-06,8.417111373474653885e-07,-1.161053059720891811e-06,7.188565195675995967e-06,0.000000000000000000e+00
1.128500000000000014e+01,3.851567760754307872e-06,-5.348197030742273096e-06,8.359257577596932185e-07,-1.153107815453887788e-06,7.139123537846200431e-06,0.000000000000000000e+00
1.129000000000000092e+01,3.824919170526782794e-06,-5.311281542758249110e-06,8.301799690984583486e-07,-1.145216628073062975e-06,7.090020509540866591e-06,0.000000000000000000e+00
1.129499999999999993e+01,3.798454521962527390e-06,-5.274620074292068020e-06,8.244735019927773715e-07,-1.137379132607255085e-06,7.041253804209138746e-06,0.000000000000000000e+00
1.130000000000000071e+01,3.772172549321131277e-06,-5.238210884456724588e-06,8.188060888904188830e-07,-1.129594966524129066e-06,6.992821130896594944e-06,0.000000000000000000e+00
1.130499999999999972e+01,3.746071995536916997e-06,-5.202052244232915967e-06,8.131774640457496180e-07,-1.121863769714107831e-06,6.944720214140810367e-06,0.000000000000000000e+00
1.131000000000000050e+01,3.720151612159801018e-06,-5.166142436388706555e-06,8.075873635076604194e-07,-1.114185184474407801e-06,6.896948793867613575e-06,0.000000000000000000e+00
1.131499999999999950e+01,3.694410159296558358e-06,-5.130479755399729020e-06,8.020355251075723573e-07,-1.106558855493177581e-06,6.849504625288056813e-06,0.000000000000000000e+00
1.132000000000000028e+01,3.668846405552481491e-06,-5.095062507369928278e-06,7.965216884475210931e-07,-1.098984429833739331e-06,6.802385478796002946e-06,0.000000000000000000e+00
1.132500000000000107e+01,3.643459127973436520e-06,-5.059889009952826389e-06,7.910455948883205470e-07,-1.091461556918930732e-06,6.755589139866456946e-06,0.000000000000000000e+00
1.133000000000000007e+01,3.618247111988311524e-06,-5.024957592273325321e-06,7.856069875378039631e-07,-1.083989888515550069e-06,6.709113408954539424e-06,0.000000000000000000e+00
1.133500000000000085e+01,3.593209151351853268e-06,-4.990266594850028105e-06,7.802056112391429015e-07,-1.076569078718900210e-06,6.662956101395122539e-06,0.000000000000000000e+00
1.133999999999999986e+01,3.568344048087891853e-06,-4.955814369518084292e-06,7.748412125592432045e-07,-1.069198783937433595e-06,6.617115047303133381e-06,0.000000000000000000e+00
1.134500000000000064e+01,3.543650612432950774e-06,-4.921599279352550415e-06,7.695135397772174077e-07,-1.061878662877496110e-06,6.571588091474529035e-06,0.000000000000000000e+00
1.134999999999999964e+01,3.519127662780236435e-06,-4.887619698592267139e-06,7.642223428729331722e-07,-1.054608376528169648e-06,6.526373093287915403e-06,0.000000000000000000e+00
1.135500000000000043e+01,3.494774025624009267e-06,-4.853874012564245474e-06,7.589673735156373144e-07,-1.047387588146213129e-06,6.481467926606815697e-06,0.000000000000000000e+00
1.135999999999999943e+01,3.470588535504331341e-06,-4.820360617608562058e-06,7.537483850526547983e-07,-1.040215963241100094e-06,6.436870479682591140e-06,0.000000000000000000e+00
1.136500000000000021e+01,3.446570034952186260e-06,-4.787077921003756734e-06,7.485651324981624786e-07,-1.033093169560154114e-06,6.392578655057997798e-06,0.000000000000000000e+00
1.137000000000000099e+01,3.422717374434974278e-06,-4.754024340892732409e-06,7.434173725220367470e-07,-1.026018877073779933e-06,6.348590369471390546e-06,0.000000000000000000e+00
1.137500000000000000e+01,3.399029412302373346e-06,-4.721198306209150434e-06,7.383048634387747650e-07,-1.018992757960790521e-06,6.304903553761548742e-06,0.000000000000000000e+00
1.138000000000000078e+01,3.375505014732568191e-06,-4.688598256604321496e-06,7.332273651964891765e-07,-1.012014486593828582e-06,6.261516152773147361e-06,0.000000000000000000e+00
1.138499999999999979e+01,3.352143055678844884e-06,-4.656222642374588636e-06,7.281846393659748184e-07,-1.005083739524883138e-06,6.218426125262831197e-06,0.000000000000000000e+00
1.139000000000000057e+01,3.328942416816544981e-06,-4.624069924389193927e-06,7.231764491298483815e-07,-9.982001954708994942e-07,6.175631443805937058e-06,0.000000000000000000e+00
1.139499999999999957e+01,3.305901987490381768e-06,-4.592138574018633031e-06,7.182025592717592226e-07,-9.913635352994830202e-07,6.133130094703824126e-06,0.000000000000000000e+00
1.140000000000000036e+01,3.283020664662110143e-06,-4.560427073063490887e-06,7.132627361656715391e-07,-9.845734420146946187e-07,6.090920077891787922e-06,0.000000000000000000e+00
1.140499999999999936e+01,3.260297352858555210e-06,-4.528933913683750879e-06,7.083567477652176942e-07,-9.778296007429391559e-07,6.048999406847648513e-06,0.000000000000000000e+00
1.141000000000000014e+01,3.237730964119989441e-06,-4.497657598328585121e-06,7.034843635931211046e-07,-9.711316987189449492e-07,6.007366108500876577e-06,0.000000000000000000e+00
1.141500000000000092e+01,3.215320417948862188e-06,-4.466596639666611459e-06,6.986453547306900674e-07,-9.644794252718343100e-07,5.966018223142372542e-06,0.000000000000000000e+00
1.141999999999999993e+01,3.193064641258875219e-06,-4.435749560516622273e-06,6.938394938073798791e-07,-9.578724718112842962e-07,5.924953804334793744e-06,0.000000000000000000e+00
1.142500000000000071e+01,3.170962568324404683e-06,-4.405114893778775748e-06,6.890665549904249402e-07,-9.513105318137773555e-07,5.884170918823537195e-06,0.000000000000000000e+00
1.142999999999999972e+01,3.149013140730264863e-06,-4.374691182366250488e-06,6.843263139745385175e-07,-9.447933008089412252e-07,5.843667646448253442e-06,0.000000000000000000e+00
1.143500000000000050e+01,3.127215307321812847e-06,-4.344476979137361747e-06,6.796185479716813267e-07,-9.383204763659770294e-07,5.803442080054989763e-06,0.000000000000000000e+00
1.143999999999999950e+01,3.105568024155392443e-06,-4.314470846828129143e-06,6.749430357008972434e-07,-9.318917580801761020e-07,5.763492325408884792e-06,0.000000000000000000e+00
1.144500000000000028e+01,3.084070254449112250e-06,-4.284671357985302603e-06,6.702995573782162462e-07,-9.255068475595237379e-07,5.723816501107463683e-06,0.000000000000000000e+00
1.145000000000000107e+01,3.062720968533959150e-06,-4.255077094899834708e-06,6.656878947066245945e-07,-9.191654484113901872e-07,5.684412738494493166e-06,0.000000000000000000e+00
1.145500000000000007e+01,3.041519143805242567e-06,-4.225686649540800258e-06,6.611078308661005440e-07,-9.128672662293083655e-07,5.645279181574412585e-06,0.000000000000000000e+00
1.146000000000000085e+01,3.020463764674368224e-06,-4.196498623489763931e-06,6.565591505037168730e-07,-9.066120085798365842e-07,5.606413986927346845e-06,0.000000000000000000e+00
1.146499999999999986e+01,2.999553822520938428e-06,-4.167511627875584151e-06,6.520416397238082059e-07,-9.003993849895075730e-07,5.567815323624656383e-06,0.000000000000000000e+00
1.147000000000000064e+01,2.978788315645178044e-06,-4.138724283309658269e-06,6.475550860782035592e-07,-8.942291069318615702e-07,5.529481373145062270e-06,0.000000000000000000e+00
1.147499999999999964e+01,2.958166249220682335e-06,-4.110135219821603117e-06,6.430992785565234728e-07,-8.881008878145641162e-07,5.491410329291329510e-06,0.000000000000000000e+00
1.148000000000000043e+01,2.937686635247487105e-06,-4.081743076795365851e-06,6.386740075765416222e-07,-8.820144429666070676e-07,5.453600398107497519e-06,0.000000000000000000e+00
1.148499999999999943e+01,2.917348492505453931e-06,-4.053546502905767635e-06,6.342790649746099581e-07,-8.759694896255934687e-07,5.416049797796659488e-06,0.000000000000000000e+00
1.149000000000000021e+01,2.897150846507974735e-06,-4.025544156055470833e-06,6.299142439961472674e-07,-8.699657469251044782e-07,5.378756758639299085e-06,0.000000000000000000e+00
1.149500000000000099e+01,2.877092729455989324e-06,-3.997734703312371416e-06,6.255793392861904151e-07,-8.640029358821487761e-07,5.341719522912143011e-06,0.000000000000000000e+00
1.150000000000000000e+01,2.857173180192314227e-06,-3.970116820847414889e-06,6.212741468800089014e-07,-8.580807793846932859e-07,5.304936344807576817e-06,0.000000000000000000e+00
1.150500000000000078e+01,2.837391244156282804e-06,-3.942689193872826411e-06,6.169984641937807229e-07,-8.521990021792754239e-07,5.268405490353596064e-06,0.000000000000000000e+00
1.150999999999999979e+01,2.817745973338691569e-06,-3.915450516580757656e-06,6.127520900153303853e-07,-8.463573308586954980e-07,5.232125237334261456e-06,0.000000000000000000e+00
1.151500000000000057e+01,2.798236426237053553e-06,-3.888399492082349570e-06,6.085348244949282194e-07,-8.405554938497893646e-07,5.196093875210713015e-06,0.000000000000000000e+00
1.151999999999999957e+01,2.778861667811155333e-06,-3.861534832347200857e-06,6.043464691361506842e-07,-8.347932214012807045e-07,5.160309705042689096e-06,0.000000000000000000e+00
1.152500000000000036e+01,2.759620769438913912e-06,-3.834855258143246427e-06,6.001868267868010204e-07,-8.290702455717122865e-07,5.124771039410584948e-06,0.000000000000000000e+00
1.152999999999999936e+01,2.740512808872535986e-06,-3.808359498977038604e-06,5.960557016298902555e-07,-8.233863002174557923e-07,5.089476202338000031e-06,0.000000000000000000e+00
1.153500000000000014e+01,2.721536870194971981e-06,-3.782046293034432380e-06,5.919528991746777129e-07,-8.177411209807997803e-07,5.054423529214831652e-06,0.000000000000000000e+00
1.154000000000000092e+01,2.702692043776668242e-06,-3.755914387121668341e-06,5.878782262477712365e-07,-8.121344452781148354e-07,5.019611366720854809e-06,0.000000000000000000e+00
1.154499999999999993e+01,2.683977426232610609e-06,-3.729962536606852008e-06,5.838314909842860727e-07,-8.065660122880963282e-07,4.985038072749831427e-06,0.000000000000000000e+00
1.155000000000000071e+01,2.665392120379660636e-06,-3.704189505361828317e-06,5.798125028190626210e-07,-8.010355629400835131e-07,4.950702016334097318e-06,0.000000000000000000e+00
1.155499999999999972e+01,2.646935235194181916e-06,-3.678594065704446163e-06,5.758210724779419948e-07,-7.955428399024547534e-07,4.916601577569673461e-06,0.000000000000000000e+00
1.156000000000000050e+01,2.628605885769953564e-06,-3.653174998341212995e-06,5.718570119691000269e-07,-7.900875875710980262e-07,4.882735147541868554e-06,0.000000000000000000e+00
1.156499999999999950e+01,2.610403193276369133e-06,-3.627931092310333548e-06,5.679201345744381330e-07,-7.846695520579571316e-07,4.849101128251364379e-06,0.000000000000000000e+00
1.157000000000000028e+01,2.592326284916919723e-06,-3.602861144925134815e-06,5.640102548410316668e-07,-7.792884811796522281e-07,4.815697932540817009e-06,0.000000000000000000e+00
1.157500000000000107e+01,2.574374293887959142e-06,-3.577963961717868377e-06,5.601271885726346029e-07,-7.739441244461744840e-07,4.782523984021913721e-06,0.000000000000000000e+00
1.158000000000000007e+01,2.556546359337749021e-06,-3.553238356383895169e-06,5.562707528212411834e-07,-7.686362330496544209e-07,4.749577717002942355e-06,0.000000000000000000e+00
1.158500000000000085e+01,2.538841626325782170e-06,-3.528683150726243781e-06,5.524407658787026204e-07,-7.633645598532039480e-07,4.716857576416830790e-06,0.000000000000000000e+00
1.158999999999999986e+01,2.521259245782381649e-06,-3.504297174600541885e-06,5.486370472684004447e-07,-7.581288593798306072e-07,4.684362017749659903e-06,0.000000000000000000e+00
1.159500000000000064e+01,2.503798374468574700e-06,-3.480079265860320352e-06,5.448594177369742765e-07,-7.529288878014242387e-07,4.652089506969666957e-06,0.000000000000000000e+00
1.159999999999999964e+01,2.486458174936240272e-06,-3.456028270302684559e-06,5.411076992461049700e-07,-7.477644029278158565e-07,4.620038520456703854e-06,0.000000000000000000e+00
1.160500000000000043e+01,2.469237815488524627e-06,-3.432143041614351614e-06,5.373817149643518632e-07,-7.426351641959073569e-07,4.588207544932179042e-06,0.000000000000000000e+00
1.160999999999999943e+01,2.452136470140528000e-06,-3.408422441318051803e-06,5.336812892590447666e-07,-7.375409326588726957e-07,4.556595077389454269e-06,0.000000000000000000e+00
1.161500000000000021e+01,2.435153318580258501e-06,-3.384865338719292151e-06,5.300062476882293151e-07,-7.324814709754290507e-07,4.525199625024714845e-06,0.000000000000000000e+00
1.162000000000000099e+01,2.418287546129849862e-06,-3.361470610853475300e-06,5.263564169926658948e-07,-7.274565433991786068e-07,4.494019705168286275e-06,0.000000000000000000e+00
1.162500000000000000e+01,2.401538343707043462e-06,-3.338237142433378394e-06,5.227316250878817211e-07,-7.224659157680193729e-07,4.463053845216430321e-06,0.000000000000000000e+00
1.163000000000000078e+01,2.384904907786932082e-06,-3.315163825796984734e-06,5.191317010562756448e-07,-7.175093554936253512e-07,4.432300582563558652e-06,0.000000000000000000e+00
1.163499999999999979e+01,2.368386440363963702e-06,-3.292249560855666120e-06,5.155564751392755796e-07,-7.125866315509953144e-07,4.401758464534942847e-06,0.000000000000000000e+00
1.164000000000000057e+01,2.351982148914202797e-06,-3.269493255042715010e-06,5.120057787295478109e-07,-7.076975144680701941e-07,4.371426048319834373e-06,0.000000000000000000e+00
1.164499999999999957e+01,2.335691246357849972e-06,-3.246893823262224807e-06,5.084794443632579732e-07,-7.028417763154179132e-07,4.341301900905052117e-06,0.000000000000000000e+00
1.165000000000000036e+01,2.319512951022013599e-06,-3.224450187838313208e-06,5.049773057123836970e-07,-6.980191906959857699e-07,4.311384599008995977e-06,0.000000000000000000e+00
1.165499999999999936e+01,2.303446486603736399e-06,-3.202161278464688156e-06,5.014991975770781831e-07,-6.932295327349197366e-07,4.281672729016122092e-06,0.000000000000000000e+00
1.166000000000000014e+01,2.287491082133274028e-06,-3.180026032154554324e-06,4.980449558780844930e-07,-6.884725790694503572e-07,4.252164886911827179e-06,0.000000000000000000e+00
1.166500000000000092e+01,2.271645971937619718e-06,-3.158043393190857541e-06,4.946144176492001323e-07,-6.837481078388447131e-07,4.222859678217783499e-06,0.000000000000000000e+00
1.166999999999999993e+01,2.255910395604281761e-06,-3.136212313076863816e-06,4.912074210297922442e-07,-6.790558986744240338e-07,4.193755717927712585e-06,0.000000000000000000e+00
1.167500000000000071e+01,2.240283597945303240e-06,-3.114531750487073352e-06,4.878238052573617184e-07,-6.743957326896467412e-07,4.164851630443556226e-06,0.000000000000000000e+00
1.167999999999999972e+01,2.224764828961528258e-06,-3.093000671218463212e-06,4.844634106601572761e-07,-6.697673924702562915e-07,4.136146049512103153e-06,0.000000000000000000e+00
1.168500000000000050e+01,2.209353343807110826e-06,-3.071618048142061175e-06,4.811260786498388942e-07,-6.651706620644931804e-07,4.107637618162029934e-06,0.000000000000000000e+00
1.168999999999999950e+01,2.194048402754264744e-06,-3.050382861154844006e-06,4.778116517141890861e-07,-6.606053269733713224e-07,4.079324988641345890e-06,0.000000000000000000e+00
1.169500000000000028e+01,2.178849271158254032e-06,-3.029294097131963103e-06,4.745199734098736825e-07,-6.560711741410179574e-07,4.051206822355281018e-06,0.000000000000000000e+00
1.170000000000000107e+01,2.163755219422620540e-06,-3.008350749879289053e-06,4.712508883552499919e-07,-6.515679919450767681e-07,4.023281789804560164e-06,0.000000000000000000e+00
1.170500000000000007e+01,2.148765522964647865e-06,-2.987551820086279754e-06,4.680042422232232951e-07,-6.470955701871735703e-07,3.995548570524112556e-06,0.000000000000000000e+00
1.171000000000000085e+01,2.133879462181060758e-06,-2.966896315279164058e-06,4.647798817341504565e-07,-6.426537000834448972e-07,3.968005853022177770e-06,0.000000000000000000e+00
1.171499999999999986e+01,2.119096322413958728e-06,-2.946383249774441777e-06,4.615776546487910215e-07,-6.382421742551282042e-07,3.940652334719815707e-06,0.000000000000000000e+00
1.172000000000000064e+01,2.104415393916978345e-06,-2.926011644632698792e-06,4.583974097613050602e-07,-6.338607867192135895e-07,3.913486721890822323e-06,0.000000000000000000e+00
1.172499999999999964e+01,2.089835971821689325e-06,-2.905780527612732169e-06,4.552389968922977027e-07,-6.295093328791571373e-07,3.886507729602056149e-06,0.000000000000000000e+00
1.173000000000000043e+01,2.075357356104216354e-06,-2.885688933125986987e-06,4.521022668819098923e-07,-6.251876095156549283e-07,3.859714081654143445e-06,0.000000000000000000e+00
1.173499999999999943e+01,2.060978851552090447e-06,-2.865735902191297674e-06,4.489870715829550355e-07,-6.208954147774771908e-07,3.833104510522600099e-06,0.000000000000000000e+00
1.174000000000000021e+01,2.046699767731323090e-06,-2.845920482389937663e-06,4.458932638541014990e-07,-6.166325481723628022e-07,3.806677757299326628e-06,0.000000000000000000e+00
1.174500000000000099e+01,2.032519418953706104e-06,-2.826241727820971013e-06,4.428206975531004224e-07,-6.123988105579735066e-07,3.780432571634503844e-06,0.000000000000000000e+00
1.175000000000000000e+01,2.018437124244334711e-06,-2.806698699056906848e-06,4.397692275300585293e-07,-6.081940041329071070e-07,3.754367711678880684e-06,0.000000000000000000e+00
1.175500000000000078e+01,2.004452207309349129e-06,-2.787290463099650678e-06,4.367387096207558318e-07,-6.040179324277699496e-07,3.728481944026430078e-06,0.000000000000000000e+00
1.175999999999999979e+01,1.990563996503898095e-06,-2.768016093336755996e-06,4.337290006400078567e-07,-5.998704002963074304e-07,3.702774043657410974e-06,0.000000000000000000e+00
1.176500000000000057e+01,1.976771824800319224e-06,-2.748874669497968942e-06,4.307399583750718115e-07,-5.957512139065931580e-07,3.677242793881790770e-06,0.000000000000000000e+00
1.176999999999999957e+01,1.963075029756535358e-06,-2.729865277612069018e-06,4.277714415790970082e-07,-5.916601807322757158e-07,3.651886986283045103e-06,0.000000000000000000e+00
1.177500000000000036e+01,1.949472953484667770e-06,-2.710987009963998199e-06,4.248233099646186973e-07,-5.875971095438824915e-07,3.626705420662359976e-06,0.000000000000000000e+00
1.177999999999999936e+01,1.935964942619861529e-06,-2.692238965052281444e-06,4.218954241970953650e-07,-5.835618104001810008e-07,3.601696904983166346e-06,0.000000000000000000e+00
1.178500000000000014e+01,1.922550348289322220e-06,-2.673620247546735605e-06,4.189876458884888594e-07,-5.795540946395966427e-07,3.576860255316072820e-06,0.000000000000000000e+00
1.179000000000000092e+01,1.909228526081566947e-06,-2.655129968246462099e-06,4.160998375908875549e-07,-5.755737748716868903e-07,3.552194295784160454e-06,0.000000000000000000e+00
1.179499999999999993e+01,1.895998836015880329e-06,-2.636767244038124186e-06,4.132318627901719230e-07,-5.716206649686713842e-07,3.527697858508637967e-06,0.000000000000000000e+00
1.180000000000000071e+01,1.882860642511981402e-06,-2.618531197854505879e-06,4.103835858997221891e-07,-5.676945800570172956e-07,3.503369783554863296e-06,0.000000000000000000e+00
1.180499999999999972e+01,1.869813314359895713e-06,-2.600420958633351650e-06,4.075548722541680229e-07,-5.637953365090805937e-07,3.479208918878723021e-06,0.000000000000000000e+00
1.181000000000000050e+01,1.856856224690033041e-06,-2.582435661276483960e-06,4.047455881031799464e-07,-5.599227519348015224e-07,3.455214120273369664e-06,0.000000000000000000e+00
1.181499999999999950e+01,1.843988750943468180e-06,-2.564574446609196077e-06,4.019556006053019808e-07,-5.560766451734550294e-07,3.431384251316323634e-06,0.000000000000000000e+00
1.182000000000000028e+01,1.831210274842425232e-06,-2.546836461339920602e-06,3.991847778218255337e-07,-5.522568362854548750e-07,3.407718183316919492e-06,0.000000000000000000e+00
1.182500000000000107e+01,1.818520182360961800e-06,-2.529220858020169047e-06,3.964329887107041026e-07,-5.484631465442122689e-07,3.384214795264098226e-06,0.000000000000000000e+00
1.183000000000000007e+01,1.805917863695852857e-06,-2.511726795004744576e-06,3.937001031205084243e-07,-5.446953984280473414e-07,3.360872973774562485e-06,0.000000000000000000e+00
1.183500000000000085e+01,1.793402713237673898e-06,-2.494353436412221146e-06,3.909859917844221760e-07,-5.409534156121542943e-07,3.337691613041275280e-06,0.000000000000000000e+00
1.183999999999999986e+01,1.780974129542079740e-06,-2.477099952085690727e-06,3.882905263142775399e-07,-5.372370229606185390e-07,3.314669614782290299e-06,0.000000000000000000e+00
1.184500000000000064e+01,1.768631515301279632e-06,-2.459965517553776920e-06,3.856135791946304722e-07,-5.335460465184874092e-07,3.291805888189933745e-06,0.000000000000000000e+00
1.184999999999999964e+01,1.756374277315706756e-06,-2.442949313991910300e-06,3.829550237768758364e-07,-5.298803135038918018e-07,3.269099349880332180e-06,0.000000000000000000e+00
1.185500000000000043e+01,1.744201826465880424e-06,-2.426050528183867617e-06,3.803147342734013399e-07,-5.262396523002204396e-07,3.246548923843264790e-06,0.000000000000000000e+00
1.185999999999999943e+01,1.732113577684459501e-06,-2.409268352483568917e-06,3.776925857517808590e-07,-5.226238924483454847e-07,3.224153541392357423e-06,0.000000000000000000e+00
1.186500000000000021e+01,1.720108949928487250e-06,-2.392601984777134698e-06,3.750884541290063034e-07,-5.190328646388986575e-07,3.201912141115608662e-06,0.000000000000000000e+00
1.187000000000000099e+01,1.708187366151824435e-06,-2.376050628445198028e-06,3.725022161657580202e-07,-5.154664007045988117e-07,3.179823668826250907e-06,0.000000000000000000e+00
1.187500000000000000e+01,1.696348253277770249e-06,-2.359613492325473316e-06,3.699337494607134740e-07,-5.119243336126295912e-07,3.157887077513933748e-06,0.000000000000000000e+00
1.188000000000000078e+01,1.684591042171870231e-06,-2.343289790675577485e-06,3.673829324448937255e-07,-5.084064974570675904e-07,3.136101327296230477e-06,0.000000000000000000e+00
1.188499999999999979e+01,1.672915167614908828e-06,-2.327078743136102309e-06,3.648496443760479734e-07,-5.049127274513598547e-07,3.114465385370481732e-06,0.000000000000000000e+00
1.189000000000000057e+01,1.661320068276087039e-06,-2.310979574693936190e-06,3.623337653330753662e-07,-5.014428599208509326e-07,3.092978225965958457e-06,0.000000000000000000e+00
1.189499999999999957e+01,1.649805186686381113e-06,-2.294991515645835810e-06,3.598351762104839773e-07,-4.979967322953595844e-07,3.071638830296325145e-06,0.000000000000000000e+00
1.190000000000000036e+01,1.638369969212084417e-06,-2.279113801562241308e-06,3.573537587128870495e-07,-4.945741831018038783e-07,3.050446186512452905e-06,0.000000000000000000e+00
1.190499999999999936e+01,1.627013866028529079e-06,-2.263345673251340062e-06,3.548893953495357152e-07,-4.911750519568749910e-07,3.029399289655521786e-06,0.000000000000000000e+00
1.191000000000000014e+01,1.615736331093986160e-06,-2.247686376723370175e-06,3.524419694288884562e-07,-4.877991795597588646e-07,3.008497141610451330e-06,0.000000000000000000e+00
1.191500000000000092e+01,1.604536822123744320e-06,-2.232135163155166647e-06,3.500113650532165626e-07,-4.844464076849066752e-07,2.987738751059638174e-06,0.000000000000000000e+00
1.191999999999999993e+01,1.593414800564364891e-06,-2.216691288854948939e-06,3.475974671132459085e-07,-4.811165791748517814e-07,2.967123133437002818e-06,0.000000000000000000e+00
1.192500000000000071e+01,1.582369731568112705e-06,-2.201354015227344021e-06,3.452001612828344084e-07,-4.778095379330748482e-07,2.946649310882342598e-06,0.000000000000000000e+00
1.192999999999999972e+01,1.571401083967560561e-06,-2.186122608738649127e-06,3.428193340136849965e-07,-4.745251289169156107e-07,2.926316312196000172e-06,0.000000000000000000e+00
1.193500000000000050e+01,1.560508330250367976e-06,-2.170996340882327443e-06,3.404548725300938640e-07,-4.712631981305311715e-07,2.906123172793818312e-06,0.000000000000000000e+00
1.193999999999999950e+01,1.549690946534230396e-06,-2.155974488144737579e-06,3.381066648237340058e-07,-4.680235926179009380e-07,2.886068934662412328e-06,0.000000000000000000e+00
1.194500000000000028e+01,1.538948412542000352e-06,-2.141056331971096395e-06,3.357745996484734444e-07,-4.648061604558776697e-07,2.866152646314731333e-06,0.000000000000000000e+00
1.195000000000000107e+01,1.528280211576977398e-06,-2.126241158731670956e-06,3.334585665152281808e-07,-4.616107507472841071e-07,2.846373362745924434e-06,0.000000000000000000e+00
1.195500000000000007e+01,1.517685830498367446e-06,-2.111528259688199599e-06,3.311584556868493977e-07,-4.584372136140551282e-07,2.826730145389496193e-06,0.000000000000000000e+00
1.196000000000000085e+01,1.507164759696908119e-06,-2.096916930960540438e-06,3.288741581730450738e-07,-4.552854001904253798e-07,2.807222062073761934e-06,0.000000000000000000e+00
1.196499999999999986e+01,1.496716493070662038e-06,-2.082406473493546445e-06,3.266055657253353729e-07,-4.521551626161613788e-07,2.787848186978588073e-06,0.000000000000000000e+00
1.197000000000000064e+01,1.486340528000973363e-06,-2.067996193024163305e-06,3.243525708320418087e-07,-4.490463540298386646e-07,2.768607600592429762e-06,0.000000000000000000e+00
1.197499999999999964e+01,1.476036365328589303e-06,-2.053685400048751303e-06,3.221150667133099210e-07,-4.459588285621628379e-07,2.749499389669645935e-06,0.000000000000000000e+00
1.198000000000000043e+01,1.465803509329944671e-06,-2.039473409790627451e-06,3.198929473161651962e-07,-4.428924413293351230e-07,2.730522647188117589e-06,0.000000000000000000e+00
1.198499999999999943e+01,1.455641467693607386e-06,-2.025359542167829525e-06,3.176861073096021304e-07,-4.398470484264612861e-07,2.711676472307123142e-06,0.000000000000000000e+00
1.199000000000000021e+01,1.445549751496885111e-06,-2.011343121761095263e-06,3.154944420797061126e-07,-4.368225069210041771e-07,2.692959970325528465e-06,0.000000000000000000e+00
1.199500000000000099e+01,1.435527875182591357e-06,-1.997423477782061353e-06,3.133178477248078675e-07,-4.338186748462795747e-07,2.674372252640233984e-06,0.000000000000000000e+00
1.200000000000000000e+01,1.425575356535969970e-06,-1.983599944041675883e-06,3.111562210506703494e-07,-4.308354111949947020e-07,2.655912436704901731e-06,0.000000000000000000e+00
