time_s,x_m,v_m_s,theta_rad,omega_rad_s,controller_force_N,disturbance_N
0.000000000000000000e+00,0.000000000000000000e+00,0.000000000000000000e+00,1.745329251994329478e-01,0.000000000000000000e+00,8.000000000000000000e+00,0.000000000000000000e+00
5.000000000000000104e-03,1.188432829092067903e-04,4.753398044838112041e-02,1.743414278154688246e-01,-7.659599880430863206e-02,8.000000000000000000e+00,0.000000000000000000e+00
1.000000000000000021e-02,4.753124698325077299e-04,9.505155887878873056e-02,1.737669468605835266e-01,-1.532030033259759727e-01,8.000000000000000000e+00,0.000000000000000000e+00
1.499999999999999944e-02,1.069343485372601646e-03,1.425599039626306574e-01,1.728092837617120903e-01,-2.298784162723578328e-01,8.000000000000000000e+00,0.000000000000000000e+00
2.000000000000000042e-02,1.900908008415064417e-03,1.900661465238193126e-01,1.714679531766549747e-01,-3.066795388934729916e-01,8.000000000000000000e+00,0.000000000000000000e+00
2.500000000000000139e-02,2.970013249210297877e-03,2.375773659724123021e-01,1.697421835581734151e-01,-3.836635479477307209e-01,8.000000000000000000e+00,0.000000000000000000e+00
2.999999999999999889e-02,4.276701656993125641e-03,2.851005760421574386e-01,1.676309178386369836e-01,-4.608874703710379439e-01,8.000000000000000000e+00,0.000000000000000000e+00
3.500000000000000333e-02,5.821050553998651997e-03,3.325364769666456222e-01,1.651328142488800721e-01,-5.381985798367606710e-01,7.899039235692068672e+00,0.000000000000000000e+00
4.000000000000000083e-02,7.597625452370070434e-03,3.774176350369326527e-01,1.622571911605639738e-01,-6.107703705828796403e-01,7.241397807703123135e+00,0.000000000000000000e+00
4.499999999999999833e-02,9.588657941678698990e-03,4.183565060893598142e-01,1.590375126825796515e-01,-6.758987015373010276e-01,6.618732521915827505e+00,0.000000000000000000e+00
5.000000000000000278e-02,1.177498292828254266e-02,4.555699612882305183e-01,1.555098474222547378e-01,-7.340390156733982430e-01,6.029597918195698014e+00,0.000000000000000000e+00
5.500000000000000028e-02,1.413849521026836267e-02,4.892651849383818918e-01,1.517080457676713567e-01,-7.856234466149769613e-01,5.472613896142885181e+00,0.000000000000000000e+00
5.999999999999999778e-02,1.666210245658769629e-02,5.196402268830585536e-01,1.476638522925899089e-01,-8.310624386486848980e-01,4.946457169767214168e+00,0.000000000000000000e+00
6.500000000000000222e-02,1.932968076278321692e-02,5.468844825277180410e-01,1.434070105897711223e-01,-8.707461596996604047e-01,4.449854227781072424e+00,0.000000000000000000e+00
7.000000000000000666e-02,2.212603244764795030e-02,5.711791108580082099e-01,1.389653615034946166e-01,-9.050457328454546424e-01,3.981575632224686245e+00,0.000000000000000000e+00
7.499999999999999722e-02,2.503684580512903837e-02,5.926974000502517326e-01,1.343649356072924850e-01,-9.343143106308311463e-01,3.540431489146186550e+00,0.000000000000000000e+00
8.000000000000000167e-02,2.804865657164239828e-02,6.116050894064036791e-01,1.296300406556696316e-01,-9.588880147719675007e-01,3.125267930386888438e+00,0.000000000000000000e+00
8.500000000000000611e-02,3.114881091035287541e-02,6.280606554325079971e-01,1.247833446303131116e-01,-9.790867619416722123e-01,2.734964453938660611e+00,0.000000000000000000e+00
8.999999999999999667e-02,3.432542975076178365e-02,6.422155689574806647e-01,1.198459549028398768e-01,-9.952149943130617071e-01,2.368431980886892774e+00,0.000000000000000000e+00
9.500000000000000111e-02,3.756737435415594822e-02,6.542145292852727945e-01,1.148374939478706280e-01,-1.007562331488115026e+00,2.024611498871928816e+00,0.000000000000000000e+00
1.000000000000000056e-01,4.086421300325539935e-02,6.641956805083216731e-01,1.097761719621735549e-01,-1.016404158410693315e+00,1.702473174694954849e+00,0.000000000000000000e+00
1.049999999999999961e-01,4.420618873798164844e-02,6.722908142980392743e-01,1.046788566775523760e-01,-1.022002161906862217e+00,1.401015831682757451e+00,0.000000000000000000e+00
1.100000000000000006e-01,4.758418807894580771e-02,6.786255627385895384e-01,9.956114059662010685e-02,-1.024604826642481648e+00,1.119266700331801090e+00,0.000000000000000000e+00
1.150000000000000050e-01,5.098971069635558490e-02,6.833195840893451223e-01,9.443740583101979669e-02,-1.024447899562997755e+00,8.562813632783630169e-01,0.000000000000000000e+00
1.199999999999999956e-01,5.441483999491381063e-02,6.864867437521368077e-01,8.932088668034428303e-02,-1.021754830299082206e+00,6.111438275618041871e-01,0.000000000000000000e+00
1.250000000000000000e-01,5.785221459528903237e-02,6.882352921822945113e-01,8.422373005622443842e-02,-1.016737193593475252e+00,3.829666682938945854e-01,0.000000000000000000e+00
1.300000000000000044e-01,6.129500070023891078e-02,6.886680410161712951e-01,7.915705382902282761e-02,-1.009595098532821478e+00,1.708911981022271931e-01,0.000000000000000000e+00
1.350000000000000089e-01,6.473686533880726457e-02,6.878825382895287222e-01,7.413100315350433511e-02,-1.000517588252700651e+00,-2.591237399241030914e-02,0.000000000000000000e+00
1.400000000000000133e-01,6.817195048552600334e-02,6.859712432868981802e-01,6.915480481398568469e-02,-9.896830328200754145e-01,-2.082448223121122766e-01,0.000000000000000000e+00
1.449999999999999900e-01,7.159484805354288106e-02,6.830217012870735127e-01,6.423681961805255414e-02,-9.772595171777935796e-01,-3.768778436282484989e-01,0.000000000000000000e+00
1.499999999999999944e-01,7.500057576134787352e-02,6.791167182489742382e-01,5.938459286027460149e-02,-9.634052253512843667e-01,-5.325540700861246535e-01,0.000000000000000000e+00
1.549999999999999989e-01,7.838455387254221474e-02,6.743345353096747985e-01,5.460490287279851779e-02,-9.482688215573467083e-01,-6.759871650255266928e-01,0.000000000000000000e+00
1.600000000000000033e-01,8.174258280711234337e-02,6.687490028367693018e-01,4.990380767766314229e-02,-9.319898284071962413e-01,-8.078620062867614138e-01,0.000000000000000000e+00
1.650000000000000078e-01,8.507082162113635548e-02,6.624297536848428036e-01,4.528668975562780141e-02,-9.146990020484951911e-01,-9.288349579169761228e-01,0.000000000000000000e+00
1.700000000000000122e-01,8.836576734993589755e-02,6.554423752452477325e-01,4.075829894776415024e-02,-8.965187038316591028e-01,-1.039534228255330817e+00,0.000000000000000000e+00
1.750000000000000167e-01,9.162423520753779083e-02,6.478485798445521304e-01,3.632279350862310796e-02,-8.775632679023154248e-01,-1.140560310098585717e+00,0.000000000000000000e+00
1.799999999999999933e-01,9.484333963304840409e-02,6.397063730351951749e-01,3.198377933310095345e-02,-8.579393640029097101e-01,-1.232486496951549881e+00,0.000000000000000000e+00
1.849999999999999978e-01,9.802047617226997134e-02,6.310702193277544225e-01,2.774434738289668911e-02,-8.377463547013677125e-01,-1.315859468171147739e+00,0.000000000000000000e+00
1.900000000000000022e-01,1.011533041806789157e-01,6.219912049339335613e-01,2.360710934243249320e-02,-8.170766462435531396e-01,-1.391199935044163283e+00,0.000000000000000000e+00
1.950000000000000067e-01,1.042397303318037122e-01,6.125171971195041420e-01,1.957423153810382635e-02,-7.960160322400691157e-01,-1.459003339426580226e+00,0.000000000000000000e+00
2.000000000000000111e-01,1.072778929131272957e-01,6.026929998040295722e-01,1.564746715858057052e-02,-7.746440294388081682e-01,-1.519740596452647807e+00,0.000000000000000000e+00
2.050000000000000155e-01,1.102661468899277658e-01,5.925605050867296386e-01,1.182818681747827179e-02,-7.530342048955973588e-01,-1.573858872935947062e+00,0.000000000000000000e+00
2.099999999999999922e-01,1.132030497159807331e-01,5.821588404231931024e-01,8.117407502974002820e-03,-7.312544939303438074e-01,-1.621782393381041132e+00,0.000000000000000000e+00
2.149999999999999967e-01,1.160873478687859811e-01,5.715245112240718850e-01,4.515819961796849538e-03,-7.093675083401937975e-01,-1.663913265957413401e+00,0.000000000000000000e+00
2.200000000000000011e-01,1.189179640859525100e-01,5.606915386929895995e-01,1.023814567444367163e-03,-6.874308344301762741e-01,-1.700632321318304996e+00,0.000000000000000000e+00
2.250000000000000056e-01,1.216939852785744736e-01,5.496915927655706691e-01,-2.358494275551986218e-03,-6.654973205121846869e-01,-1.732299957742522878e+00,0.000000000000000000e+00
2.300000000000000100e-01,1.244146510968474756e-01,5.385541200539173401e-01,-5.631245137967444761e-03,-6.436153536122478647e-01,-1.759256986709997861e+00,0.000000000000000000e+00
2.350000000000000144e-01,1.270793431227961734e-01,5.273064667404263606e-01,-8.794807928401366173e-03,-6.218291252117437162e-01,-1.781825473669006676e+00,0.000000000000000000e+00
2.399999999999999911e-01,1.296875746647961347e-01,5.159739964011393898e-01,-1.184976355687476432e-02,-6.001788859289676203e-01,-1.800309569396791431e+00,0.000000000000000000e+00
2.449999999999999956e-01,1.322389811285570316e-01,5.045802027716266291e-01,-1.479688484413275128e-02,-5.787011891221768289e-01,-1.814996327981723390e+00,0.000000000000000000e+00
2.500000000000000000e-01,1.347333109393740735e-01,4.931468174975948138e-01,-1.763711862135507874e-02,-5.574291234631798542e-01,-1.826156508053436767e+00,0.000000000000000000e+00
2.550000000000000044e-01,1.371704169907305981e-01,4.816939129379970708e-01,-2.037156896537834980e-02,-5.363925345913335141e-01,-1.834045354450271503e+00,0.000000000000000000e+00
2.600000000000000089e-01,1.395502485947306415e-01,4.702400001104827809e-01,-2.300148151521952400e-02,-5.156182360113192864e-01,-1.838903358035307356e+00,0.000000000000000000e+00
2.650000000000000133e-01,1.418728439103372208e-01,4.588021218877071372e-01,-2.552822881662599255e-02,-4.951302094443542634e-01,-1.840956991850644542e+00,0.000000000000000000e+00
2.700000000000000178e-01,1.441383228259749683e-01,4.473959415685216379e-01,-2.795329664252675650e-02,-4.749497948817919535e-01,-1.840419422232557167e+00,0.000000000000000000e+00
2.750000000000000222e-01,1.463468802737082630e-01,4.360358269606067205e-01,-3.027827123858838065e-02,-4.550958706227158368e-01,-1.837491193898065589e+00,0.000000000000000000e+00
2.800000000000000266e-01,1.484987799529143004e-01,4.247349301209377148e-01,-3.250482744455601702e-02,-4.355850236035597733e-01,-1.832360888356787676e+00,0.000000000000000000e+00
2.850000000000000311e-01,1.505943484421223555e-01,4.135052629078440067e-01,-3.463471764365388256e-02,-4.164317103484818650e-01,-1.825205755302970800e+00,0.000000000000000000e+00
2.899999999999999800e-01,1.526339696784725364e-01,4.023577685035889528e-01,-3.666976149400404117e-02,-3.976484088846823917e-01,-1.816192316903018966e+00,0.000000000000000000e+00
2.949999999999999845e-01,1.546180797850511823e-01,3.913023890696140650e-01,-3.861183639777201332e-02,-3.792457619776211653e-01,-1.805476945116901710e+00,0.000000000000000000e+00
2.999999999999999889e-01,1.565471622271749630e-01,3.803481296980975590e-01,-4.046286866554053840e-02,-3.612327120476707676e-01,-1.793206412379916515e+00,0.000000000000000000e+00
3.049999999999999933e-01,1.584217432795147207e-01,3.695031188235052833e-01,-4.222482533522936565e-02,-3.436166281326482608e-01,-1.779518416127874314e+00,0.000000000000000000e+00
3.099999999999999978e-01,1.602423877867658886e-01,3.587746652565767524e-01,-4.389970660670146352e-02,-3.264034252603856823e-01,-1.764542077776525719e+00,0.000000000000000000e+00
3.150000000000000022e-01,1.620096952013791725e-01,3.481693120008859665e-01,-4.548953885501055144e-02,-3.095976765924802754e-01,-1.748398416868274907e+00,0.000000000000000000e+00
3.200000000000000067e-01,1.637242958826582162e-01,3.376928870089326296e-01,-4.699636818703795821e-02,-2.932027186950361131e-01,-1.731200801178511828e+00,0.000000000000000000e+00
3.250000000000000111e-01,1.653868476423063227e-01,3.273505510308123423e-01,-4.842225450802856851e-02,-2.772207502849561855e-01,-1.713055373633323164e+00,0.000000000000000000e+00
3.300000000000000155e-01,1.669980325222584217e-01,3.171468427040381455e-01,-4.976926606625688143e-02,-2.616529247915213574e-01,-1.694061456932073106e+00,0.000000000000000000e+00
3.350000000000000200e-01,1.685585537913654175e-01,3.070857210281645044e-01,-5.103947444572822650e-02,-2.464994370629183806e-01,-1.674311936795227052e+00,0.000000000000000000e+00
3.400000000000000244e-01,1.700691331482031277e-01,2.971706053626196331e-01,-5.223494997844113641e-02,-2.317596045363351509e-01,-1.653893624771536786e+00,0.000000000000000000e+00
3.450000000000000289e-01,1.715305081179564484e-01,2.874044130806777675e-01,-5.335775754930092984e-02,-2.174319431784775269e-01,-1.632887601541723743e+00,0.000000000000000000e+00
3.500000000000000333e-01,1.729434296319802833e-01,2.777895950068906550e-01,-5.440995276827821636e-02,-2.035142384910980928e-01,-1.611369541649603221e+00,0.000000000000000000e+00
3.549999999999999822e-01,1.743086597792606329e-01,2.683281687596182907e-01,-5.539357848584774979e-02,-1.900036118635493043e-01,-1.589410020577860738e+00,0.000000000000000000e+00
3.599999999999999867e-01,1.756269697195941282e-01,2.590217501146160894e-01,-5.631066162912123224e-02,-1.768965825416474735e-01,-1.567074805065952425e+00,0.000000000000000000e+00
3.649999999999999911e-01,1.768991377488688677e-01,2.498715825000026036e-01,-5.716321033740232038e-02,-1.641891254693945423e-01,-1.544425127542938370e+00,0.000000000000000000e+00
3.699999999999999956e-01,1.781259475073681264e-01,2.408785647273895270e-01,-5.795321137714313370e-02,-1.518767252474677587e-01,-1.521517945519679227e+00,0.000000000000000000e+00
3.750000000000000000e-01,1.793081863225282346e-01,2.320432770585408033e-01,-5.868262781746986373e-02,-1.399544264399499305e-01,-1.498406186753685754e+00,0.000000000000000000e+00
3.800000000000000044e-01,1.804466436780655658e-01,2.233660057016667588e-01,-5.935339694857202919e-02,-1.284168804486091886e-01,-1.475138980966731683e+00,0.000000000000000000e+00
3.850000000000000089e-01,1.815421098018457358e-01,2.148467658263732982e-01,-5.996742842631664488e-02,-1.172583891622123037e-01,-1.451761878860909238e+00,0.000000000000000000e+00
3.900000000000000133e-01,1.825953743653002670e-01,2.064853231813921774e-01,-6.052660262745725162e-02,-1.064729455769149180e-01,-1.428317059143757062e+00,0.000000000000000000e+00
3.950000000000000178e-01,1.836072252876054245e-01,1.982812143945261174e-01,-6.103276920076030482e-02,-9.605427157275256422e-02,-1.404843524237670449e+00,0.000000000000000000e+00
4.000000000000000222e-01,1.845784476382232864e-01,1.902337660297596933e-01,-6.148774580026980519e-02,-8.599585302068307735e-02,-1.381377285313817982e+00,0.000000000000000000e+00
4.050000000000000266e-01,1.855098226317693777e-01,1.823421124722169329e-01,-6.189331698777794655e-02,-7.629097238452137164e-02,-1.357951537256150587e+00,0.000000000000000000e+00
4.100000000000000311e-01,1.864021267095143930e-01,1.746052127075900517e-01,-6.225123329236684905e-02,-6.693273897246956872e-02,-1.334596824127401327e+00,0.000000000000000000e+00
4.150000000000000355e-01,1.872561307021507193e-01,1.670218660588196347e-01,-6.256321041563701890e-02,-5.791411698378241824e-02,-1.311341195676229310e+00,0.000000000000000000e+00
4.199999999999999845e-01,1.880725990687594218e-01,1.595907269391703964e-01,-6.283092857194376435e-02,-4.922795148741752891e-02,-1.288210355393109019e+00,0.000000000000000000e+00
4.249999999999999889e-01,1.888522892072004300e-01,1.523103186774142637e-01,-6.305603195362648183e-02,-4.086699246129527757e-02,-1.265227800592355401e+00,0.000000000000000000e+00
4.299999999999999933e-01,1.895959508314188358e-01,1.451790464675973003e-01,-6.324012831183901950e-02,-3.282391701302329878e-02,-1.242414954968765084e+00,0.000000000000000000e+00
4.349999999999999978e-01,1.903043254114150096e-01,1.381952094928216579e-01,-6.338478864417536329e-02,-2.509134989561363771e-02,-1.219791294049941799e+00,0.000000000000000000e+00
4.400000000000000022e-01,1.909781456718663561e-01,1.313570122696107456e-01,-6.349154698083486759e-02,-1.766188242482065116e-02,-1.197374463939345102e+00,0.000000000000000000e+00
4.450000000000000067e-01,1.916181351456142379e-01,1.246625752567365186e-01,-6.356190026158813067e-02,-1.052808989823831101e-02,-1.175180393720610450e+00,0.000000000000000000e+00
4.500000000000000111e-01,1.922250077784428413e-01,1.181099447698638616e-01,-6.359730829628992832e-02,-3.682547610199230111e-03,-1.153223401870522968e+00,0.000000000000000000e+00
4.550000000000000155e-01,1.927994675817774894e-01,1.116971022410001152e-01,-6.359919380214121287e-02,2.882154449204729456e-03,-1.131516297006377680e+00,0.000000000000000000e+00
4.600000000000000200e-01,1.933422083301193362e-01,1.054219728595180705e-01,-6.356894251133045348e-02,9.173398128026958101e-03,-1.110070473273104819e+00,0.000000000000000000e+00
4.650000000000000244e-01,1.938539133002117332e-01,9.928243362944096095e-02,-6.350790334308645257e-02,1.519852480137274392e-02,-1.088896000656553786e+00,0.000000000000000000e+00
4.700000000000000289e-01,1.943352550491022068e-01,9.327632087572884645e-02,-6.341738863455258224e-02,2.096482414209761835e-02,-1.068001710491554457e+00,0.000000000000000000e+00
4.750000000000000333e-01,1.947868952284232957e-01,8.740143723047924529e-02,-6.329867442524728105e-02,2.647952390450050361e-02,-1.047395276416883902e+00,0.000000000000000000e+00
4.799999999999999822e-01,1.952094844323651324e-01,8.165555812824312754e-02,-6.315300079020905177e-02,3.174978065634687097e-02,-1.027083291013836108e+00,0.000000000000000000e+00
4.849999999999999867e-01,1.956036620769554257e-01,7.603643783805308365e-02,-6.298157221723803267e-02,3.678267139842600342e-02,-1.007071338350800982e+00,0.000000000000000000e+00
4.899999999999999911e-01,1.959700563083958957e-01,7.054181505825574128e-02,-6.278555802394071572e-02,4.158518601446829777e-02,-9.873640626429629474e-01,0.000000000000000000e+00
4.949999999999999956e-01,1.963092839383315802e-01,6.516941809882911829e-02,-6.256609281056194072e-02,4.616422049763969221e-02,-9.679652332238848356e-01,0.000000000000000000e+00
5.000000000000000000e-01,1.966219504040493948e-01,5.991696967454096523e-02,-6.232427694484898167e-02,5.052657090300636394e-02,-9.488778060142847304e-01,0.000000000000000000e+00
5.050000000000000044e-01,1.969086497517159029e-01,5.478219133105962507e-02,-6.206117707543827577e-02,5.467892797833762836e-02,-9.301039816626933687e-01,0.000000000000000000e+00
5.100000000000000089e-01,1.971699646408718865e-01,4.976280752495975540e-02,-6.177782667048618837e-02,5.862787242840308832e-02,-9.116452605228144712e-01,0.000000000000000000e+00
5.150000000000000133e-01,1.974064663685032028e-01,4.485654937746511028e-02,-6.147522657848311645e-02,6.237987077053389756e-02,-8.935024946232685839e-01,0.000000000000000000e+00
5.200000000000000178e-01,1.976187149111040542e-01,4.006115812073519911e-02,-6.115434560839496519e-02,6.594127174166952710e-02,-8.756759367769147984e-01,0.000000000000000000e+00
5.250000000000000222e-01,1.978072589832405304e-01,3.537438825452700331e-02,-6.081612112646918311e-02,6.931830321941281903e-02,-8.581652869690313823e-01,0.000000000000000000e+00
5.300000000000000266e-01,1.979726361112087163e-01,3.079401043014291101e-02,-6.046145966722456244e-02,7.251706962177674465e-02,-8.409697361563647222e-01,0.000000000000000000e+00
5.350000000000000311e-01,1.981153727204642834e-01,2.631781407770760264e-02,-6.009123755631526342e-02,7.554354975233720793e-02,-8.240880076021812606e-01,0.000000000000000000e+00
5.400000000000000355e-01,1.982359842355788104e-01,2.194360979199619713e-02,-5.970630154312134980e-02,7.840359505941575657e-02,-8.075183958661438233e-01,0.000000000000000000e+00
5.450000000000000400e-01,1.983349751915517711e-01,1.766923149125999154e-02,-5.930746944107028601e-02,8.110292827971318785e-02,-7.912588035619279037e-01,0.000000000000000000e+00
5.500000000000000444e-01,1.984128393553779013e-01,1.349253836276174089e-02,-5.889553077383759966e-02,8.364714243850716879e-02,-7.753067759899290312e-01,0.000000000000000000e+00
5.550000000000000488e-01,1.984700598568362728e-01,9.411416608036560910e-03,-5.847124742571020717e-02,8.604170018012195775e-02,-7.596595337473006637e-01,0.000000000000000000e+00
5.600000000000000533e-01,1.985071093275308229e-01,5.423781000234739226e-03,-5.803535429452368749e-02,8.829193340388227784e-02,-7.443140034126942695e-01,0.000000000000000000e+00
5.650000000000000577e-01,1.985244500472723994e-01,1.527576265276367386e-03,-5.758855994570501180e-02,9.040304318218288226e-02,-7.292668463985507721e-01,0.000000000000000000e+00
5.700000000000000622e-01,1.985225340969494490e-01,-2.279221702047009180e-03,-5.713154726606579914e-02,9.238009993864590430e-02,-7.145144860595329384e-01,0.000000000000000000e+00
5.750000000000000666e-01,1.985018035170885986e-01,-5.998604776454133890e-03,-5.666497411609808937e-02,9.422804386560489076e-02,-7.000531331416854908e-01,0.000000000000000000e+00
5.799999999999999600e-01,1.984626904713583384e-01,-9.632531685007526129e-03,-5.618947397962534979e-02,9.595168556135273696e-02,-6.858788096531105438e-01,0.000000000000000000e+00
5.849999999999999645e-01,1.984056174143170592e-01,-1.318292722487914362e-02,-5.570565660975646677e-02,9.755570686872409858e-02,-6.719873712334012428e-01,0.000000000000000000e+00
5.899999999999999689e-01,1.983309972627541329e-01,-1.665168160701650107e-02,-5.521410867017986085e-02,9.904466189765634421e-02,-6.583745280956669887e-01,0.000000000000000000e+00
5.949999999999999734e-01,1.982392335700156327e-01,-2.004064991714244251e-02,-5.471539437091908764e-02,1.004229782153898964e-01,-6.450358646118063977e-01,0.000000000000000000e+00
5.999999999999999778e-01,1.981307207027488970e-01,-2.335165168596506705e-02,-5.421005609775057105e-02,1.016949581889322329e-01,-6.319668576086145961e-01,0.000000000000000000e+00
6.049999999999999822e-01,1.980058440195389680e-01,-2.658647056089724278e-02,-5.369861503455865270e-02,1.028647804653235881e-01,-6.191628934394324268e-01,0.000000000000000000e+00
6.099999999999999867e-01,1.978649800509481305e-01,-2.974685407198873061e-02,-5.318157177797332158e-02,1.039365015761089112e-01,-6.066192838932709108e-01,0.000000000000000000e+00
6.149999999999999911e-01,1.977084966805046085e-01,-3.283451348515915857e-02,-5.265940694370183084e-02,1.049140576532428121e-01,-5.943312810007219671e-01,0.000000000000000000e+00
6.199999999999999956e-01,1.975367533262205877e-01,-3.585112373618804665e-02,-5.213258176402737337e-02,1.058012662444343804e-01,-5.822940907934335275e-01,0.000000000000000000e+00
6.250000000000000000e-01,1.973501011222513479e-01,-3.879832343926929716e-02,-5.160153867600598271e-02,1.066018282166798087e-01,-5.705028860715193328e-01,0.000000000000000000e+00
6.300000000000000044e-01,1.971488831003375686e-01,-4.167771496427317979e-02,-5.106670189994745590e-02,1.073193297374334110e-01,-5.589528182309733140e-01,0.000000000000000000e+00
6.350000000000000089e-01,1.969334343707010160e-01,-4.449086457717929544e-02,-5.052847800781701953e-02,1.079572443235356921e-01,-5.476390282009206967e-01,0.000000000000000000e+00
6.400000000000000133e-01,1.967040823020911877e-01,-4.723930263845021321e-02,-4.998725648124237309e-02,1.085189349486508498e-01,-5.365566565384234377e-01,0.000000000000000000e+00
6.450000000000000178e-01,1.964611467007056078e-01,-4.992452385440782070e-02,-4.944341025885540253e-02,1.090076562005680150e-01,-5.257008527265094600e-01,0.000000000000000000e+00
6.500000000000000222e-01,1.962049399877303923e-01,-5.254798757695376688e-02,-4.889729627273963625e-02,1.094265564802919533e-01,-5.150667837191116316e-01,0.000000000000000000e+00
6.550000000000000266e-01,1.959357673752706308e-01,-5.511111814724199004e-02,-4.834925597379360201e-02,1.097786802353914043e-01,-5.046496417747277086e-01,0.000000000000000000e+00
6.600000000000000311e-01,1.956539270404611675e-01,-5.761530527916597366e-02,-4.779961584585652734e-02,1.100669702205880757e-01,-4.944446516187714913e-01,0.000000000000000000e+00
6.650000000000000355e-01,1.953597102975686284e-01,-6.006190447876639388e-02,-4.724868790847665256e-02,1.102942697790577770e-01,-4.844470769728241866e-01,0.000000000000000000e+00
6.700000000000000400e-01,1.950534017679141918e-01,-6.245223749589669249e-02,-4.669677020823401886e-02,1.104633251383786152e-01,-4.746522264873209718e-01,0.000000000000000000e+00
6.750000000000000444e-01,1.947352795474646403e-01,-6.478759280470529347e-02,-4.614414729855868813e-02,1.105767877155005435e-01,-4.650554591125433124e-01,0.000000000000000000e+00
6.800000000000000488e-01,1.944056153719557756e-01,-6.706922610970424137e-02,-4.559109070801251745e-02,1.106372164255270546e-01,-4.556521889412394888e-01,0.000000000000000000e+00
6.850000000000000533e-01,1.940646747794278204e-01,-6.929836087439490699e-02,-4.503785939702757007e-02,1.106470799894944818e-01,-4.464378895546550208e-01,0.000000000000000000e+00
6.900000000000000577e-01,1.937127172700672528e-01,-7.147618886961316920e-02,-4.448470020311750400e-02,1.106087592367081540e-01,-4.374080979023096116e-01,0.000000000000000000e+00
6.950000000000000622e-01,1.933499964632632295e-01,-7.360387073893884247e-02,-4.393184827459942210e-02,1.105245493975481746e-01,-4.285584177444232701e-01,0.000000000000000000e+00
7.000000000000000666e-01,1.929767602517994396e-01,-7.568253657868767581e-02,-4.337952749288346427e-02,1.103966623829925747e-01,-4.198845226845588918e-01,0.000000000000000000e+00
7.049999999999999600e-01,1.925932509531144698e-01,-7.771328653016974786e-02,-4.282795088340514422e-02,1.102272290474215072e-01,-4.113821588187069889e-01,0.000000000000000000e+00
7.099999999999999645e-01,1.921997054575746711e-01,-7.969719138205479114e-02,-4.227732101529212833e-02,1.100183014315653102e-01,-4.030471470258103484e-01,0.000000000000000000e+00
7.149999999999999689e-01,1.917963553737142279e-01,-8.163529318083456721e-02,-4.172783038987184362e-02,1.097718549827413487e-01,-3.948753849234662994e-01,0.000000000000000000e+00
7.199999999999999734e-01,1.913834271704065171e-01,-8.352860584751412021e-02,-4.117966181814020077e-02,1.094897907497905803e-01,-3.868628485114204985e-01,0.000000000000000000e+00
7.249999999999999778e-01,1.909611423159401078e-01,-8.537811579879804602e-02,-4.063298878732374969e-02,1.091739375503756465e-01,-3.790055935242930829e-01,0.000000000000000000e+00
7.299999999999999822e-01,1.905297174139809757e-01,-8.718478257116601959e-02,-4.008797581667889603e-02,1.088260541085388222e-01,-3.712997565139284362e-01,0.000000000000000000e+00
7.349999999999999867e-01,1.900893643364102437e-01,-8.894953944635221321e-02,-3.954477880268161133e-02,1.084478311606399681e-01,-3.637415556806937733e-01,0.000000000000000000e+00
7.399999999999999911e-01,1.896402903530338691e-01,-9.067329407685825737e-02,-3.900354535377006937e-02,1.080408935280040561e-01,-3.563272914720603257e-01,0.000000000000000000e+00
7.449999999999999956e-01,1.891826982581672756e-01,-9.235692911023761498e-02,-3.846441511481033665e-02,1.076068021548036158e-01,-3.490533469658432253e-01,0.000000000000000000e+00
7.500000000000000000e-01,1.887167864941042272e-01,-9.400130281099181029e-02,-3.792752008146230841e-02,1.071470561098858965e-01,-3.419161880545271703e-01,0.000000000000000000e+00
7.550000000000000044e-01,1.882427492714842943e-01,-9.560724967901575166e-02,-3.739298490462901470e-02,1.066630945514266821e-01,-3.349123634462538579e-01,0.000000000000000000e+00
7.600000000000000089e-01,1.877607766865787842e-01,-9.717558106362118864e-02,-3.686092718517759020e-02,1.061562986534541897e-01,-3.280385044971654285e-01,0.000000000000000000e+00
7.650000000000000133e-01,1.872710548355195070e-01,-9.870708577225321967e-02,-3.633145775912470510e-02,1.056279934934373360e-01,-3.212913248890032492e-01,0.000000000000000000e+00
7.700000000000000178e-01,1.867737659254988525e-01,-1.002025306730964099e-01,-3.580468097348275119e-02,1.050794499002734583e-01,-3.146676201650646654e-01,0.000000000000000000e+00
7.750000000000000222e-01,1.862690883829737354e-01,-1.016626612908436145e-01,-3.528069495296626279e-02,1.045118862621417788e-01,-3.081642671368929332e-01,0.000000000000000000e+00
7.800000000000000266e-01,1.857571969589090766e-01,-1.030882023949725584e-01,-3.475959185776027888e-02,1.039264702938109408e-01,-3.017782231733350251e-01,0.000000000000000000e+00
7.850000000000000311e-01,1.852382628310999535e-01,-1.044798585799431301e-01,-3.424145813255418530e-02,1.033243207631026062e-01,-2.955065253829507466e-01,0.000000000000000000e+00
7.900000000000000355e-01,1.847124537036139436e-01,-1.058383148367917498e-01,-3.372637474704573424e-02,1.027065091763182392e-01,-2.893462897000673717e-01,0.000000000000000000e+00
7.950000000000000400e-01,1.841799339033981797e-01,-1.071642371156589085e-01,-3.321441742812080572e-02,1.020740614225336962e-01,-2.832947098841833711e-01,0.000000000000000000e+00
8.000000000000000444e-01,1.836408644740970264e-01,-1.084582728788418965e-01,-3.270565688391447595e-02,1.014279593767561938e-01,-2.773490564418081838e-01,0.000000000000000000e+00
8.050000000000000488e-01,1.830954032671292253e-01,-1.097210516440168399e-01,-3.220015901995906815e-02,1.007691424620214826e-01,-2.715066754792707648e-01,0.000000000000000000e+00
8.100000000000000533e-01,1.825437050300738606e-01,-1.109531855173233050e-01,-3.169798514762402208e-02,1.000985091705852009e-01,-2.657649874944814083e-01,0.000000000000000000e+00
8.150000000000000577e-01,1.819859214924171020e-01,-1.121552697160499573e-01,-3.119919218505162045e-02,9.941691854443257537e-02,-2.601214861151202040e-01,0.000000000000000000e+00
8.200000000000000622e-01,1.814222014487116841e-01,-1.133278830807027127e-01,-3.070383285079130234e-02,9.872519161539475285e-02,-2.545737367902409787e-01,0.000000000000000000e+00
8.250000000000000666e-01,1.808526908392032451e-01,-1.144715885762760121e-01,-3.021195585033364939e-02,9.802411280521867998e-02,-2.491193754418004058e-01,0.000000000000000000e+00
8.300000000000000711e-01,1.802775328279773437e-01,-1.155869337825848886e-01,-2.972360605574332279e-02,9.731443128599036319e-02,-2.437561070821971931e-01,0.000000000000000000e+00
8.349999999999999645e-01,1.796968678786826090e-01,-1.166744513735494676e-01,-2.923882467858807122e-02,9.659686230135991480e-02,-2.384817044034748257e-01,0.000000000000000000e+00
8.399999999999999689e-01,1.791108338278851742e-01,-1.177346595853552974e-01,-2.875764943635859827e-02,9.587208844905995009e-02,-2.332940063434418843e-01,0.000000000000000000e+00
8.449999999999999734e-01,1.785195659561101544e-01,-1.187680626734420042e-01,-2.828011471257150036e-02,9.514076092524817452e-02,-2.281909166336006933e-01,0.000000000000000000e+00
8.499999999999999778e-01,1.779231970566262644e-01,-1.197751513582998723e-01,-2.780625171074476570e-02,9.440350073123977837e-02,-2.231704023333977993e-01,0.000000000000000000e+00
8.549999999999999822e-01,1.773218575020293897e-01,-1.207564032600788179e-01,-2.733608860243239708e-02,9.366089984322623074e-02,-2.182304923549844844e-01,0.000000000000000000e+00
8.599999999999999867e-01,1.767156753086810139e-01,-1.217122833220369432e-01,-2.686965066950167819e-02,9.291352234560433521e-02,-2.133692759823526686e-01,0.000000000000000000e+00
8.649999999999999911e-01,1.761047761990572336e-01,-1.226432442228768543e-01,-2.640696044083342547e-02,9.216190552856333429e-02,-2.085849013884060188e-01,0.000000000000000000e+00
8.699999999999999956e-01,1.754892836620636776e-01,-1.235497267780372443e-01,-2.594803782362227473e-02,9.140656095059826458e-02,-2.038755741532409793e-01,0.000000000000000000e+00
8.750000000000000000e-01,1.748693190113714824e-01,-1.244321603300244522e-01,-2.549290022945064835e-02,9.064797546663566630e-02,-1.992395557866455391e-01,0.000000000000000000e+00
8.800000000000000044e-01,1.742450014418288340e-01,-1.252909631278846525e-01,-2.504156269530661769e-02,8.988661222247225357e-02,-1.946751622575624285e-01,0.000000000000000000e+00
8.850000000000000089e-01,1.736164480840018676e-01,-1.261265426959318481e-01,-2.459403799971230167e-02,8.912291161623957236e-02,-1.901807625330389495e-01,0.000000000000000000e+00
8.900000000000000133e-01,1.729837740568987703e-01,-1.269392961918596185e-01,-2.415033677412586899e-02,8.835729222761713741e-02,-1.857547771289322913e-01,0.000000000000000000e+00
8.950000000000000178e-01,1.723470925189294067e-01,-1.277296107543763048e-01,-2.371046760977659623e-02,8.759015171552439472e-02,-1.813956766744626581e-01,0.000000000000000000e+00
9.000000000000000222e-01,1.717065147171527029e-01,-1.284978638405136209e-01,-2.327443716008871857e-02,8.682186768502681007e-02,-1.771019804924742758e-01,0.000000000000000000e+00
9.050000000000000266e-01,1.710621500348629698e-01,-1.292444235527681062e-01,-2.284225023884619774e-02,8.605279852419507602e-02,-1.728722551971006993e-01,0.000000000000000000e+00
9.100000000000000311e-01,1.704141060375656547e-01,-1.299696489562427448e-01,-2.241390991424675044e-02,8.528328421165808082e-02,-1.687051133103423251e-01,0.000000000000000000e+00
9.150000000000000355e-01,1.697624885173918963e-01,-1.306738903859634704e-01,-2.198941759898983758e-02,8.451364709559000543e-02,-1.645992118989054731e-01,0.000000000000000000e+00
9.200000000000000400e-01,1.691074015360007343e-01,-1.313574897445510536e-01,-2.156877313653960196e-02,8.374419264487066583e-02,-1.605532512324958638e-01,0.000000000000000000e+00
9.250000000000000444e-01,1.684489474660167685e-01,-1.320207807904348607e-01,-2.115197488370003376e-02,8.297521017315506731e-02,-1.565659734646198675e-01,0.000000000000000000e+00
9.300000000000000488e-01,1.677872270310499236e-01,-1.326640894167985252e-01,-2.073901978963597903e-02,8.220697353658400208e-02,-1.526361613368028003e-01,0.000000000000000000e+00
9.350000000000000533e-01,1.671223393443431737e-01,-1.332877339214520451e-01,-2.032990347146998791e-02,8.143974180586205369e-02,-1.487626369070234045e-01,0.000000000000000000e+00
9.400000000000000577e-01,1.664543819460933549e-01,-1.338920252678275358e-01,-1.992462028658135292e-02,8.067375991342302932e-02,-1.449442603030350885e-01,0.000000000000000000e+00
9.450000000000000622e-01,1.657834508394886441e-01,-1.344772673372981175e-01,-1.952316340173011408e-02,7.990925927639512538e-02,-1.411799285011363647e-01,0.000000000000000000e+00
9.500000000000000666e-01,1.651096405255057520e-01,-1.350437571730210840e-01,-1.912552485912526537e-02,7.914645839607031830e-02,-1.374685741308632192e-01,0.000000000000000000e+00
9.550000000000000711e-01,1.644330440365086854e-01,-1.355917852155081038e-01,-1.873169563955291023e-02,7.838556343457286912e-02,-1.338091643059693414e-01,0.000000000000000000e+00
9.599999999999999645e-01,1.637537529686899362e-01,-1.361216355301251291e-01,-1.834166572267663733e-02,7.762676876941236592e-02,-1.302006994819786545e-01,0.000000000000000000e+00
9.649999999999999689e-01,1.630718575133938142e-01,-1.366335860267255398e-01,-1.795542414461902964e-02,7.687025752659616684e-02,-1.266422123405233080e-01,0.000000000000000000e+00
9.699999999999999734e-01,1.623874464873610313e-01,-1.371279086716192253e-01,-1.757295905292980548e-02,7.611620209296530992e-02,-1.231327667005901461e-01,0.000000000000000000e+00
9.749999999999999778e-01,1.617006073619319806e-01,-1.376048696920799119e-01,-1.719425775904287121e-02,7.536476460840628444e-02,-1.196714564567411543e-01,0.000000000000000000e+00
9.799999999999999822e-01,1.610114262912458738e-01,-1.380647297735919099e-01,-1.681930678832129281e-02,7.461609743857934574e-02,-1.162574045443132142e-01,0.000000000000000000e+00
9.849999999999999867e-01,1.603199881394713477e-01,-1.385077442500359801e-01,-1.644809192778600576e-02,7.387034362879177363e-02,-1.128897619315336609e-01,0.000000000000000000e+00
9.899999999999999911e-01,1.596263765071033180e-01,-1.389341632870123855e-01,-1.608059827162102925e-02,7.312763733963190127e-02,-1.095677066384503906e-01,0.000000000000000000e+00
9.949999999999999956e-01,1.589306737563599969e-01,-1.393442320584972194e-01,-1.571681026454483515e-02,7.238810426496708472e-02,-1.062904427825118736e-01,0.000000000000000000e+00
1.000000000000000000e+00,1.582329610357129102e-01,-1.397381909170258840e-01,-1.535671174313460279e-02,7.165186203289562739e-02,-1.030571996506054466e-01,0.000000000000000000e+00
1.005000000000000115e+00,1.575333183035818041e-01,-1.401162755575948715e-01,-1.500028597518709809e-02,7.091902059022950344e-02,-9.986723079730264185e-02,0.000000000000000000e+00
1.010000000000000009e+00,1.568318243512252241e-01,-1.404787171754708353e-01,-1.464751569719715749e-02,7.018968257107158215e-02,-9.671981316905042814e-02,0.000000000000000000e+00
1.015000000000000124e+00,1.561285568248571010e-01,-1.408257426180927196e-01,-1.429838315003189447e-02,6.946394365003762117e-02,-9.361424625398562238e-02,0.000000000000000000e+00
1.020000000000000018e+00,1.554235922470180442e-01,-1.411575745312496910e-01,-1.395287011287605836e-02,6.874189288065972459e-02,-9.054985125704662074e-02,0.000000000000000000e+00
1.024999999999999911e+00,1.547170060372296818e-01,-1.414744314997147256e-01,-1.361095793552133046e-02,6.802361301949479133e-02,-8.752597030001385559e-02,0.000000000000000000e+00
1.030000000000000027e+00,1.540088725319594676e-01,-1.417765281825104362e-01,-1.327262756906975698e-02,6.730918083644783778e-02,-8.454196564609872677e-02,0.000000000000000000e+00
1.034999999999999920e+00,1.532992650039220750e-01,-1.420640754429799979e-01,-1.293785959511898134e-02,6.659866741180675564e-02,-8.159721894867044689e-02,0.000000000000000000e+00
1.040000000000000036e+00,1.525882556807431067e-01,-1.423372804738330666e-01,-1.260663425349452076e-02,6.589213842047182690e-02,-7.869113052370135808e-02,0.000000000000000000e+00
1.044999999999999929e+00,1.518759157630098777e-01,-1.425963469173327502e-01,-1.227893146859192382e-02,6.518965440384989762e-02,-7.582311864549040603e-02,0.000000000000000000e+00
1.050000000000000044e+00,1.511623154417328918e-01,-1.428414749807861983e-01,-1.195473087438934240e-02,6.449127102987022020e-02,-7.299261886521823950e-02,0.000000000000000000e+00
1.054999999999999938e+00,1.504475239152414656e-01,-1.430728615474977927e-01,-1.163401183818879234e-02,6.379703934156574774e-02,-7.019908335186464399e-02,0.000000000000000000e+00
1.060000000000000053e+00,1.497316094055355096e-01,-1.432907002833402332e-01,-1.131675348314219176e-02,6.310700599465096650e-02,-6.744198025502434746e-02,0.000000000000000000e+00
1.064999999999999947e+00,1.490146391741150322e-01,-1.434951817390950624e-01,-1.100293470961614950e-02,6.242121348451459134e-02,-6.472079308913858409e-02,0.000000000000000000e+00
1.070000000000000062e+00,1.482966795373083790e-01,-1.436864934487105117e-01,-1.069253421544739784e-02,6.173970036303293163e-02,-6.203502013865946907e-02,0.000000000000000000e+00
1.074999999999999956e+00,1.475777958811189394e-01,-1.438648200236209984e-01,-1.038553051513878972e-02,6.106250144559738358e-02,-5.938417388366012961e-02,0.000000000000000000e+00
1.080000000000000071e+00,1.468580526756098348e-01,-1.440303432432686326e-01,-1.008190195804382384e-02,6.038964800873736910e-02,-5.676778044539931845e-02,0.000000000000000000e+00
1.084999999999999964e+00,1.461375134888452665e-01,-1.441832421419635413e-01,-9.781626745585797825e-03,5.972116797870814786e-02,-5.418537905134701571e-02,0.000000000000000000e+00
1.090000000000000080e+00,1.454162410004064265e-01,-1.443236930922161265e-01,-9.484682947555856183e-03,5.905708611140111919e-02,-5.163652151917974553e-02,0.000000000000000000e+00
1.094999999999999973e+00,1.446942970144992069e-01,-1.444518698846708471e-01,-9.191048517532465073e-03,5.839742416392276758e-02,-4.912077175925277928e-02,0.000000000000000000e+00
1.100000000000000089e+00,1.439717424726705552e-01,-1.445679438047671739e-01,-8.900701307463114442e-03,5.774220105817717136e-02,-4.663770529506250373e-02,0.000000000000000000e+00
1.104999999999999982e+00,1.432486374661494921e-01,-1.446720837062501208e-01,-8.613619081447422901e-03,5.709143303677584325e-02,-4.418690880120501596e-02,0.000000000000000000e+00
1.110000000000000098e+00,1.425250412478280826e-01,-1.447644560816490067e-01,-8.329779528759224602e-03,5.644513381158799276e-02,-4.176797965835266080e-02,0.000000000000000000e+00
1.114999999999999991e+00,1.418010122438974618e-01,-1.448452251298396332e-01,-8.049160276143664874e-03,5.580331470523356568e-02,-3.938052552476767332e-02,0.000000000000000000e+00
1.120000000000000107e+00,1.410766080651530419e-01,-1.449145528208018174e-01,-7.771738899423873310e-03,5.516598478581122983e-02,-3.702416392387819499e-02,0.000000000000000000e+00
1.125000000000000000e+00,1.403518855179827218e-01,-1.449725989576801932e-01,-7.497492934450307629e-03,5.453315099514335906e-02,-3.469852184744426360e-02,0.000000000000000000e+00
1.130000000000000115e+00,1.396269006150513414e-01,-1.450195212362538622e-01,-7.226399887424518956e-03,5.390481827081013144e-02,-3.240323537385558783e-02,0.000000000000000000e+00
1.135000000000000009e+00,1.389017085856940614e-01,-1.450554753019160648e-01,-6.958437244627723069e-03,5.328098966223536459e-02,-3.013794930110003101e-02,0.000000000000000000e+00
1.140000000000000124e+00,1.381763638860308563e-01,-1.450806148042627086e-01,-6.693582481583282805e-03,5.266166644107731637e-02,-2.790231679395616116e-02,0.000000000000000000e+00
1.145000000000000018e+00,1.374509202088137760e-01,-1.450950914493848443e-01,-6.431813071680964750e-03,5.204684820616855417e-02,-2.569599904496677745e-02,0.000000000000000000e+00
1.150000000000000133e+00,1.367254304930183850e-01,-1.450990550499574039e-01,-6.173106494289632047e-03,5.143653298324019768e-02,-2.351866494875665126e-02,0.000000000000000000e+00
1.155000000000000027e+00,1.359999469331900634e-01,-1.450926535732131317e-01,-5.917440242383879834e-03,5.083071731965710383e-02,-2.136999078927004359e-02,0.000000000000000000e+00
1.159999999999999920e+00,1.352745209885554967e-01,-1.450760331868882202e-01,-5.664791829709010448e-03,5.022939637438228466e-02,-1.924965993950755738e-02,0.000000000000000000e+00
1.165000000000000036e+00,1.345492033919093444e-01,-1.450493383032224748e-01,-5.415138797507678715e-03,4.963256400338065394e-02,-1.715736257335676029e-02,0.000000000000000000e+00
1.169999999999999929e+00,1.338240441582857210e-01,-1.450127116210947198e-01,-5.168458720830491557e-03,4.904021284066430869e-02,-1.509279538910435203e-02,0.000000000000000000e+00
1.175000000000000044e+00,1.330990925934232572e-01,-1.449662941663709126e-01,-4.924729214451872145e-03,4.845233437517378755e-02,-1.305566134425217850e-02,0.000000000000000000e+00
1.179999999999999938e+00,1.323743973020329867e-01,-1.449102253305397936e-01,-4.683927938411540370e-03,4.786891902368249629e-02,-1.104566940123763441e-02,0.000000000000000000e+00
1.185000000000000053e+00,1.316500061958770229e-01,-1.448446429077085429e-01,-4.446032603201032461e-03,4.728995619990401800e-02,-9.062534283696299653e-03,0.000000000000000000e+00
1.189999999999999947e+00,1.309259665016662966e-01,-1.447696831300278320e-01,-4.211020974613817816e-03,4.671543437997521808e-02,-7.105976242886669070e-03,0.000000000000000000e+00
1.195000000000000062e+00,1.302023247687849050e-01,-1.446854807016136890e-01,-3.978870878276710710e-03,4.614534116448119200e-02,-5.175720833937913490e-03,0.000000000000000000e+00
1.199999999999999956e+00,1.294791268768484827e-01,-1.445921688310307096e-01,-3.749560203879473939e-03,4.557966333718150437e-02,-3.271498701553854360e-03,0.000000000000000000e+00
1.205000000000000071e+00,1.287564180431036154e-01,-1.444898792623989514e-01,-3.523066909118713515e-03,4.501838692059094427e-02,-1.393045374844970041e-03,0.000000000000000000e+00
1.209999999999999964e+00,1.280342428296751267e-01,-1.443787423051847429e-01,-3.299369023371427536e-03,4.446149722856165137e-02,4.598989290440780309e-04,0.000000000000000000e+00
1.215000000000000080e+00,1.273126451506673973e-01,-1.442588868627328325e-01,-3.078444651112845556e-03,4.390897891600777092e-02,2.287589492835140348e-03,0.000000000000000000e+00
1.219999999999999973e+00,1.265916682791262127e-01,-1.441304404595958322e-01,-2.860271975092505171e-03,4.336081602590784873e-02,4.090277278856135901e-03,0.000000000000000000e+00
1.225000000000000089e+00,1.258713548538668570e-01,-1.439935292677142487e-01,-2.644829259281851648e-03,4.281699203371470974e-02,5.868209100922006094e-03,0.000000000000000000e+00
1.229999999999999982e+00,1.251517468861738924e-01,-1.438482781314983916e-01,-2.432094851606008464e-03,4.227748988929721369e-02,7.621627788657381330e-03,0.000000000000000000e+00
1.235000000000000098e+00,1.244328857663784399e-01,-1.436948105918620378e-01,-2.222047186471760773e-03,4.174229205653304242e-02,9.350772344541513625e-03,0.000000000000000000e+00
1.239999999999999991e+00,1.237148122703175673e-01,-1.435332489092548125e-01,-2.014664787103207910e-03,4.121138055066670552e-02,1.105587809395602861e-02,0.000000000000000000e+00
1.245000000000000107e+00,1.229975665656810879e-01,-1.433637140857393633e-01,-1.809926267695983332e-03,4.068473697354214186e-02,1.273717682850827870e-02,0.000000000000000000e+00
1.250000000000000000e+00,1.222811882182501808e-01,-1.431863258861568178e-01,-1.607810335400408283e-03,4.016234254681456950e-02,1.439489694288564881e-02,0.000000000000000000e+00
1.255000000000000115e+00,1.215657161980324280e-01,-1.430012028584228823e-01,-1.408295792143425670e-03,3.964417814324189271e-02,1.602926356550005149e-02,0.000000000000000000e+00
1.260000000000000009e+00,1.208511888852974170e-01,-1.428084623529947417e-01,-1.211361536298679285e-03,3.913022431615144348e-02,1.764049868316508451e-02,0.000000000000000000e+00
1.265000000000000124e+00,1.201376440765170306e-01,-1.426082205415477033e-01,-1.016986564213628180e-03,3.862046132717390778e-02,1.922882126004199499e-02,0.000000000000000000e+00
1.270000000000000018e+00,1.194251189902142407e-01,-1.424005924348983876e-01,-8.251499716021400621e-04,3.811486917233206789e-02,2.079444735109137188e-02,0.000000000000000000e+00
1.275000000000000133e+00,1.187136502727240833e-01,-1.421856919002105479e-01,-6.358309548105785724e-04,3.761342760656825879e-02,2.233759021024356306e-02,0.000000000000000000e+00
1.280000000000000027e+00,1.180032740038703537e-01,-1.419636316775173546e-01,-4.490088119649883903e-04,3.711611616679064141e-02,2.385846039350952852e-02,0.000000000000000000e+00
1.284999999999999920e+00,1.172940257025613248e-01,-1.417345233955928097e-01,-2.646629440065925492e-04,3.662291419351493271e-02,2.535726585724001891e-02,0.000000000000000000e+00
1.290000000000000036e+00,1.165859403323076388e-01,-1.414984775872039635e-01,-8.277285562243832441e-05,3.613380085117460366e-02,2.683421205172981105e-02,0.000000000000000000e+00
1.294999999999999929e+00,1.158790523066654671e-01,-1.412556037037735190e-01,9.668184392232421261e-05,3.564875514716946137e-02,2.828950201036400935e-02,0.000000000000000000e+00
1.300000000000000044e+00,1.151733954946077138e-01,-1.410060101294819401e-01,2.737214400443926249e-04,3.516775594971920105e-02,2.972333643449354135e-02,0.000000000000000000e+00
1.304999999999999938e+00,1.144690032258261214e-01,-1.407498041948361533e-01,4.483661121886754058e-04,3.469078200458557137e-02,3.113591377422270101e-02,0.000000000000000000e+00
1.310000000000000053e+00,1.137659082959667778e-01,-1.404870921897315439e-01,6.206359332555647567e-04,3.421781195072368109e-02,3.252743030527588397e-02,0.000000000000000000e+00
1.314999999999999947e+00,1.130641429718015067e-01,-1.402179793760320314e-01,7.905508691039099317e-04,3.374882433492047001e-02,3.389808020212253803e-02,0.000000000000000000e+00
1.320000000000000062e+00,1.123637389963375449e-01,-1.399425699996925121e-01,9.581307781247657557e-04,3.328379762547527265e-02,3.524805560751093081e-02,0.000000000000000000e+00
1.324999999999999956e+00,1.116647275938676964e-01,-1.396609673024465648e-01,1.123395410881260128e-03,3.282271022497517537e-02,3.657754669857732344e-02,0.000000000000000000e+00
1.330000000000000071e+00,1.109671394749630891e-01,-1.393732735330812655e-01,1.286364409810178758e-03,3.236554048221515489e-02,3.788674174967460173e-02,0.000000000000000000e+00
1.334999999999999964e+00,1.102710048414105026e-01,-1.390795899583202599e-01,1.447057308981113555e-03,3.191226670331061971e-02,3.917582719206630371e-02,0.000000000000000000e+00
1.340000000000000080e+00,1.095763533910963095e-01,-1.387800168733349937e-01,1.605493533909248998e-03,3.146286716204780426e-02,4.044498767062776334e-02,0.000000000000000000e+00
1.344999999999999973e+00,1.088832143228386645e-01,-1.384746536119032256e-01,1.761692401418085653e-03,3.101732010951514795e-02,4.169440609768781947e-02,0.000000000000000000e+00
1.350000000000000089e+00,1.081916163411697773e-01,-1.381635985562330582e-01,1.915673119548608975e-03,3.057560378305674426e-02,4.292426370413743308e-02,0.000000000000000000e+00
1.354999999999999982e+00,1.075015876610698889e-01,-1.378469491464698327e-01,2.067454787511613032e-03,3.013769641458696052e-02,4.413474008793571990e-02,0.000000000000000000e+00
1.360000000000000098e+00,1.068131560126544116e-01,-1.375248018899025704e-01,2.217056395680077046e-03,2.970357623830331348e-02,4.532601326012475340e-02,0.000000000000000000e+00
1.364999999999999991e+00,1.061263486458158267e-01,-1.371972523698856694e-01,2.364496825618675642e-03,2.927322149783295052e-02,4.649825968847443036e-02,0.000000000000000000e+00
1.370000000000000107e+00,1.054411923348215763e-01,-1.368643952544909004e-01,2.509794850147677604e-03,2.884661045284622402e-02,4.765165433886620061e-02,0.000000000000000000e+00
1.375000000000000000e+00,1.047577133828694329e-01,-1.365263243049041064e-01,2.652969133438644930e-03,2.842372138516922886e-02,4.878637071451913387e-02,0.000000000000000000e+00
1.380000000000000115e+00,1.040759376266014030e-01,-1.361831323835802632e-01,2.794038231139505963e-03,2.800453260442550482e-02,4.990258089316235157e-02,0.000000000000000000e+00
1.385000000000000009e+00,1.033958904405774953e-01,-1.358349114621698051e-01,2.933020590526719696e-03,2.758902245323561347e-02,5.100045556224924725e-02,0.000000000000000000e+00
1.390000000000000124e+00,1.027175967417103680e-01,-1.354817526292286523e-01,3.069934550682390604e-03,2.717716931200176572e-02,5.208016405231347123e-02,0.000000000000000000e+00
1.395000000000000018e+00,1.020410809936619506e-01,-1.351237460977237625e-01,3.204798342694322594e-03,2.676895160330331619e-02,5.314187436854406199e-02,0.000000000000000000e+00
1.400000000000000133e+00,1.013663672112030539e-01,-1.347609812123452266e-01,3.337630089877128160e-03,2.636434779592758404e-02,5.418575322068203137e-02,0.000000000000000000e+00
1.405000000000000027e+00,1.006934789645368283e-01,-1.343935464566355931e-01,3.468447808012629831e-03,2.596333640855911021e-02,5.521196605130573865e-02,0.000000000000000000e+00
1.409999999999999920e+00,1.000224393835870557e-01,-1.340215294599467477e-01,3.597269405607898991e-03,2.556589601314935081e-02,5.622067706259359365e-02,0.000000000000000000e+00
1.415000000000000036e+00,9.935327116225205202e-02,-1.336450170042334240e-01,3.724112684169388152e-03,2.517200523798753323e-02,5.721204924163925121e-02,0.000000000000000000e+00
1.419999999999999929e+00,9.868599656262498632e-02,-1.332640950306930305e-01,3.848995338491710810e-03,2.478164277049232228e-02,5.818624438438635416e-02,0.000000000000000000e+00
1.425000000000000044e+00,9.802063741918137785e-02,-1.328788486462600116e-01,3.971934956959722283e-03,2.439478735974288937e-02,5.914342311825754317e-02,0.000000000000000000e+00
1.429999999999999938e+00,9.735721514293446677e-02,-1.324893621299630397e-01,4.092949021862638675e-03,2.401141781876693984e-02,6.008374492354384699e-02,0.000000000000000000e+00
1.435000000000000053e+00,9.669575072555909590e-02,-1.320957189391529507e-01,4.212054909719025603e-03,2.363151302660230005e-02,6.100736815361434973e-02,0.000000000000000000e+00
1.439999999999999947e+00,9.603626474348482545e-02,-1.316980017156085536e-01,4.329269891611559930e-03,2.325505193014771460e-02,6.191445005401219337e-02,0.000000000000000000e+00
1.445000000000000062e+00,9.537877736195872480e-02,-1.312962922915274222e-01,4.444611133530551421e-03,2.288201354581768932e-02,6.280514678049137212e-02,0.000000000000000000e+00
1.449999999999999956e+00,9.472330833907856296e-02,-1.308906716954083005e-01,4.558095696725274551e-03,2.251237696101529226e-02,6.367961341604982950e-02,0.000000000000000000e+00
1.455000000000000071e+00,9.406987702979681398e-02,-1.304812201578311182e-01,4.669740538062240945e-03,2.214612133543610722e-02,6.453800398701686758e-02,0.000000000000000000e+00
1.459999999999999964e+00,9.341850238989596322e-02,-1.300680171171409161e-01,4.779562510389592789e-03,2.178322590221572902e-02,6.538047147823788929e-02,0.000000000000000000e+00
1.465000000000000080e+00,9.276920297993571096e-02,-1.296511412250408446e-01,4.887578362906866078e-03,2.142366996893248221e-02,6.620716784741437211e-02,0.000000000000000000e+00
1.469999999999999973e+00,9.212199696917233727e-02,-1.292306703520998967e-01,4.993804741539433281e-03,2.106743291847635105e-02,6.701824403863348989e-02,0.000000000000000000e+00
1.475000000000000089e+00,9.147690213945079696e-02,-1.288066815931799558e-01,5.098258189316972298e-03,2.071449420979451159e-02,6.781384999514594725e-02,0.000000000000000000e+00
1.479999999999999982e+00,9.083393588906985006e-02,-1.283792512727872370e-01,5.200955146755377109e-03,2.036483337852312836e-02,6.859413467142133625e-02,0.000000000000000000e+00
1.485000000000000098e+00,9.019311523662057462e-02,-1.279484549503523694e-01,5.301911952241566278e-03,2.001843003751460626e-02,6.935924604452753384e-02,0.000000000000000000e+00
1.489999999999999991e+00,8.955445682479873382e-02,-1.275143674254431703e-01,5.401144842420675836e-03,1.967526387726886705e-02,7.010933112487344188e-02,0.000000000000000000e+00
1.495000000000000107e+00,8.891797692419116383e-02,-1.270770627429143595e-01,5.498669952585192450e-03,1.933531466627669976e-02,7.084453596634848749e-02,0.000000000000000000e+00
1.500000000000000000e+00,8.828369143703659883e-02,-1.266366141979977100e-01,5.594503317065599272e-03,1.899856225128271001e-02,7.156500567589274553e-02,0.000000000000000000e+00
1.505000000000000115e+00,8.765161590096115507e-02,-1.261930943413361039e-01,5.688660869622144158e-03,1.866498655747502247e-02,7.227088442253654099e-02,0.000000000000000000e+00
1.510000000000000009e+00,8.702176549268882122e-02,-1.257465749839649094e-01,5.781158443837394571e-03,1.833456758860825889e-02,7.296231544593545504e-02,0.000000000000000000e+00
1.515000000000000124e+00,8.639415503172716282e-02,-1.252971272022436466e-01,5.872011773509248737e-03,1.800728542706605748e-02,7.363944106443293114e-02,0.000000000000000000e+00
1.520000000000000018e+00,8.576879898402843538e-02,-1.248448213427409553e-01,5.961236493044122856e-03,1.768312023386891391e-02,7.430240268267770953e-02,0.000000000000000000e+00
1.525000000000000133e+00,8.514571146562643911e-02,-1.243897270270753752e-01,6.048848137850049850e-03,1.736205224863271099e-02,7.495134079882792566e-02,0.000000000000000000e+00
1.530000000000000027e+00,8.452490624624925397e-02,-1.239319131567147569e-01,6.134862144729461529e-03,1.704406178948305109e-02,7.558639501136038552e-02,0.000000000000000000e+00
1.535000000000000142e+00,8.390639675290806343e-02,-1.234714479177364127e-01,6.219293852271437321e-03,1.672912925293002645e-02,7.620770402551502176e-02,0.000000000000000000e+00
1.540000000000000036e+00,8.329019607346228871e-02,-1.230083987855504629e-01,6.302158501243241770e-03,1.641723511370784053e-02,7.681540565939626308e-02,0.000000000000000000e+00
1.544999999999999929e+00,8.267631696016121412e-02,-1.225428325295883220e-01,6.383471234980977321e-03,1.610835992458334656e-02,7.740963684975382675e-02,0.000000000000000000e+00
1.550000000000000044e+00,8.206477183316218671e-02,-1.220748152179583074e-01,6.463247099779211892e-03,1.580248431613727120e-02,7.799053365746080879e-02,0.000000000000000000e+00
1.554999999999999938e+00,8.145557278402569545e-02,-1.216044122220702600e-01,6.541501045279449374e-03,1.549958899652166024e-02,7.855823127271593931e-02,0.000000000000000000e+00
1.560000000000000053e+00,8.084873157918734399e-02,-1.211316882212307433e-01,6.618247924857339863e-03,1.519965475119675058e-02,7.911286401997991158e-02,0.000000000000000000e+00
1.564999999999999947e+00,8.024425966340692495e-02,-1.206567072072105146e-01,6.693502496008522928e-03,1.490266244265032319e-02,7.965456536267156995e-02,0.000000000000000000e+00
1.570000000000000062e+00,7.964216816319477643e-02,-1.201795324887856287e-01,6.767279420733031924e-03,1.460859301010229185e-02,8.018346790763641874e-02,0.000000000000000000e+00
1.574999999999999956e+00,7.904246789021540653e-02,-1.197002266962536587e-01,6.839593265918192562e-03,1.431742746919706898e-02,8.069970340940524345e-02,0.000000000000000000e+00
1.580000000000000071e+00,7.844516934466867764e-02,-1.192188517859261859e-01,6.910458503719953301e-03,1.402914691168612518e-02,8.120340277425605602e-02,0.000000000000000000e+00
1.584999999999999964e+00,7.785028271864853633e-02,-1.187354690445987793e-01,6.979889511942612840e-03,1.374373250510284653e-02,8.169469606409762719e-02,0.000000000000000000e+00
1.590000000000000080e+00,7.725781789947946954e-02,-1.182501390939995622e-01,7.047900574416901369e-03,1.346116549243171583e-02,8.217371250018365436e-02,0.000000000000000000e+00
1.594999999999999973e+00,7.666778447303078392e-02,-1.177629218952172957e-01,7.114505881376404287e-03,1.318142719177362206e-02,8.264058046667346891e-02,0.000000000000000000e+00
1.600000000000000089e+00,7.608019172700872246e-02,-1.172738767531099624e-01,7.179719529832298899e-03,1.290449899600896663e-02,8.309542751405038508e-02,0.000000000000000000e+00
1.604999999999999982e+00,7.549504865422668187e-02,-1.167830623206946999e-01,7.243555523946411910e-03,1.263036237246007408e-02,8.353838036240870957e-02,0.000000000000000000e+00
1.610000000000000098e+00,7.491236395585346153e-02,-1.162905366035197757e-01,7.306027775402582948e-03,1.235899886255427231e-02,8.396956490462151312e-02,0.000000000000000000e+00
1.614999999999999991e+00,7.433214604463971031e-02,-1.157963569640194090e-01,7.367150103776352356e-03,1.209039008148889496e-02,8.438910620939754637e-02,0.000000000000000000e+00
1.620000000000000107e+00,7.375440304812266867e-02,-1.153005801258520507e-01,7.426936236902980173e-03,1.182451771789932472e-02,8.479712852423848535e-02,0.000000000000000000e+00
1.625000000000000000e+00,7.317914281180919189e-02,-1.148032621782226759e-01,7.485399811243813664e-03,1.156136353353106466e-02,8.519375527830333472e-02,0.000000000000000000e+00
1.630000000000000115e+00,7.260637290233727670e-02,-1.143044585801896440e-01,7.542554372251030273e-03,1.130090936291676396e-02,8.557910908519433812e-02,0.000000000000000000e+00
1.635000000000000009e+00,7.203610061061604952e-02,-1.138042241649566688e-01,7.598413374730774231e-03,1.104313711305897165e-02,8.595331174566142596e-02,0.000000000000000000e+00
1.640000000000000124e+00,7.146833295494434135e-02,-1.133026131441502438e-01,7.652990183204730172e-03,1.078802876311933147e-02,8.631648425024537885e-02,0.000000000000000000e+00
1.645000000000000018e+00,7.090307668410790465e-02,-1.127996791120829123e-01,7.706298072270152850e-03,1.053556636411484039e-02,8.666874678185623737e-02,0.000000000000000000e+00
1.650000000000000133e+00,7.034033828045536951e-02,-1.122954750500028687e-01,7.758350226958402387e-03,1.028573203862169667e-02,8.701021871830141863e-02,0.000000000000000000e+00
1.655000000000000027e+00,6.978012396295295294e-02,-1.117900533303299720e-01,7.809159743092016284e-03,1.003850798048722126e-02,8.734101863476428917e-02,0.000000000000000000e+00
1.660000000000000142e+00,6.922243969021804610e-02,-1.112834657208786465e-01,7.858739627640361561e-03,9.793876454550213412e-03,8.766126430624035515e-02,0.000000000000000000e+00
1.665000000000000036e+00,6.866729116353169349e-02,-1.107757633890678051e-01,7.907102799073912128e-03,9.551819796370099661e-03,8.797107270993939632e-02,0.000000000000000000e+00
1.669999999999999929e+00,6.811468382983010272e-02,-1.102669969061179783e-01,7.954262087717193022e-03,9.312320411965127609e-03,8.827056002765396037e-02,0.000000000000000000e+00
1.675000000000000044e+00,6.756462288467515731e-02,-1.097572162512358979e-01,8.000230236100440082e-03,9.075360777559819681e-03,8.855984164810322412e-02,0.000000000000000000e+00
1.679999999999999938e+00,6.701711327520402939e-02,-1.092464708157866587e-01,8.045019899310017555e-03,8.840923439341844686e-03,8.883903216925277679e-02,0.000000000000000000e+00
1.685000000000000053e+00,6.647215970305800359e-02,-1.087348094074534893e-01,8.088643645337649166e-03,8.608991013228437308e-03,8.910824540061722254e-02,0.000000000000000000e+00
1.689999999999999947e+00,6.592976662729052584e-02,-1.082222802543853640e-01,8.131113955428499046e-03,8.379546184642427953e-03,8.936759436554955749e-02,0.000000000000000000e+00
1.695000000000000062e+00,6.538993826725450487e-02,-1.077089310093324176e-01,8.172443224428159805e-03,8.152571708297896846e-03,8.961719130351750162e-02,0.000000000000000000e+00
1.699999999999999956e+00,6.485267860546900520e-02,-1.071948087537693134e-01,8.212643761128596287e-03,7.928050407995483606e-03,8.985714767237339140e-02,0.000000000000000000e+00
1.705000000000000071e+00,6.431799139046533165e-02,-1.066799600020064687e-01,8.251727788613083189e-03,7.705965176427288094e-03,9.008757415062070006e-02,0.000000000000000000e+00
1.709999999999999964e+00,6.378588013961261627e-02,-1.061644307052892894e-01,8.289707444600195527e-03,7.486298974991303576e-03,9.030858063967635296e-02,0.000000000000000000e+00
1.715000000000000080e+00,6.325634814192290789e-02,-1.056482662558853175e-01,8.326594781786895300e-03,7.269034833615282444e-03,9.052027626613720623e-02,0.000000000000000000e+00
1.719999999999999973e+00,6.272939846083586124e-02,-1.051315114911593185e-01,8.362401768190757742e-03,7.054155850589921735e-03,9.072276938404572055e-02,0.000000000000000000e+00
1.725000000000000089e+00,6.220503393698309513e-02,-1.046142106976362812e-01,8.397140287491387453e-03,6.841645192411218400e-03,9.091616757716512731e-02,0.000000000000000000e+00
1.729999999999999982e+00,6.168325719093227522e-02,-1.040964076150522194e-01,8.430822139371072985e-03,6.631486093631841668e-03,9.110057766126025691e-02,0.000000000000000000e+00
1.735000000000000098e+00,6.116407062591093513e-02,-1.035781454403928714e-01,8.463459039854712845e-03,6.423661856721316066e-03,9.127610568638556965e-02,0.000000000000000000e+00
1.739999999999999991e+00,6.064747643051016102e-02,-1.030594668319200491e-01,8.495062621649071902e-03,6.218155851934852908e-03,9.144285693918846603e-02,0.000000000000000000e+00
1.745000000000000107e+00,6.013347658136818097e-02,-1.025404139131856907e-01,8.525644434481395931e-03,6.014951517190594323e-03,9.160093594522125682e-02,0.000000000000000000e+00
1.750000000000000000e+00,5.962207284583390110e-02,-1.020210282770335070e-01,8.555215945437439837e-03,5.814032357955053847e-03,9.175044647126891217e-02,0.000000000000000000e+00
1.755000000000000115e+00,5.911326678461045758e-02,-1.015013509895881239e-01,8.583788539298939022e-03,5.615381947136517671e-03,9.189149152769111872e-02,0.000000000000000000e+00
1.760000000000000009e+00,5.860705975437887488e-02,-1.009814225942315818e-01,8.611373518880565542e-03,5.418983924986159328e-03,9.202417337077971327e-02,0.000000000000000000e+00
1.765000000000000124e+00,5.810345291040187182e-02,-1.004612831155672070e-01,8.637982105366412422e-03,5.224821999006631044e-03,9.214859350513500413e-02,0.000000000000000000e+00
1.770000000000000018e+00,5.760244720910785710e-02,-9.994097206337058947e-02,8.663625438646039081e-03,5.032879943867852451e-03,9.226485268605900958e-02,0.000000000000000000e+00
1.775000000000000133e+00,5.710404341065522527e-02,-9.942052843652771088e-02,8.688314577650110837e-03,4.843141601329743404e-03,9.237305092196587686e-02,0.000000000000000000e+00
1.780000000000000027e+00,5.660824208147698100e-02,-9.889999072695998539e-02,8.712060500685667175e-03,4.655590880171627671e-03,9.247328747681446415e-02,0.000000000000000000e+00
1.785000000000000142e+00,5.611504359680578868e-02,-9.837939692353618593e-02,8.734874105771058689e-03,4.470211756128051640e-03,9.256566087255914399e-02,0.000000000000000000e+00
1.790000000000000036e+00,5.562444814317946129e-02,-9.785878451597107563e-02,8.756766210970573505e-03,4.286988271830717914e-03,9.265026889162021606e-02,0.000000000000000000e+00
1.794999999999999929e+00,5.513645572092704811e-02,-9.733819049871061946e-02,8.777747554728793089e-03,4.105904536756287485e-03,9.272720857937757910e-02,0.000000000000000000e+00
1.800000000000000044e+00,5.465106614663545193e-02,-9.681765137480370653e-02,8.797828796204696516e-03,3.926944727179741690e-03,9.279657624668263827e-02,0.000000000000000000e+00
1.804999999999999938e+00,5.416827905559679079e-02,-9.629720315976016132e-02,8.817020515605544437e-03,3.750093086133059368e-03,9.285846747239265286e-02,0.000000000000000000e+00
1.810000000000000053e+00,5.368809390423646966e-02,-9.577688138539507123e-02,8.835333214520573950e-03,3.575333923368922105e-03,9.291297710592827386e-02,0.000000000000000000e+00
1.814999999999999947e+00,5.321050997252207287e-02,-9.525672110365908385e-02,8.852777316254521744e-03,3.402651615329170456e-03,9.296019926984946946e-02,0.000000000000000000e+00
1.820000000000000062e+00,5.273552636635313318e-02,-9.473675689045475690e-02,8.869363166160998055e-03,3.232030605117733584e-03,9.300022736245502908e-02,0.000000000000000000e+00
1.824999999999999956e+00,5.226314201993187414e-02,-9.421702284943871131e-02,8.885101031975739180e-03,3.063455402477792931e-03,9.303315406040389701e-02,0.000000000000000000e+00
1.830000000000000071e+00,5.179335569811496093e-02,-9.369755261580946237e-02,8.900001104149757661e-03,2.896910583772872860e-03,9.305907132135721183e-02,0.000000000000000000e+00
1.834999999999999964e+00,5.132616599874632868e-02,-9.317837936008085964e-02,8.914073496182400511e-03,2.732380791971633638e-03,9.307807038664174526e-02,0.000000000000000000e+00
1.840000000000000080e+00,5.086157135497124115e-02,-9.265953579184096900e-02,8.927328244954345002e-03,2.569850736636079217e-03,9.309024178393650317e-02,0.000000000000000000e+00
1.844999999999999973e+00,5.039957003753151726e-02,-9.214105416349627209e-02,8.939775311060544141e-03,2.409305193912945203e-03,9.309567532997767292e-02,0.000000000000000000e+00
1.850000000000000089e+00,4.994016015704213357e-02,-9.162296627400107196e-02,8.951424579143133983e-03,2.250729006528008093e-03,9.309446013328717684e-02,0.000000000000000000e+00
1.854999999999999982e+00,4.948333966624918201e-02,-9.110530347257198014e-02,8.962285858224321861e-03,2.094107083783064253e-03,9.308668459692040487e-02,0.000000000000000000e+00
1.860000000000000098e+00,4.902910636226930768e-02,-9.058809666238734626e-02,8.972368882039259003e-03,1.939424401555361367e-03,9.307243642123501359e-02,0.000000000000000000e+00
1.864999999999999991e+00,4.857745788881067533e-02,-9.007137630427154706e-02,8.981683309368927032e-03,1.786666002299223217e-03,9.305180260668011183e-02,0.000000000000000000e+00
1.870000000000000107e+00,4.812839173837556855e-02,-8.955517242036399594e-02,8.990238724373026194e-03,1.635816995049640130e-03,9.302486945660355666e-02,0.000000000000000000e+00
1.875000000000000000e+00,4.768190525444467032e-02,-8.903951459777272037e-02,8.998044636922898284e-03,1.486862555427629056e-03,9.299172258008343850e-02,0.000000000000000000e+00
1.880000000000000115e+00,4.723799563364312198e-02,-8.852443199221252113e-02,9.005110482934466920e-03,1.339787925647095050e-03,9.295244689477144551e-02,0.000000000000000000e+00
1.885000000000000009e+00,4.679665992788842321e-02,-8.800995333162743572e-02,9.011445624701224649e-03,1.194578414523036732e-03,9.290712662976166603e-02,0.000000000000000000e+00
1.890000000000000124e+00,4.635789504652025605e-02,-8.749610691979750610e-02,9.017059351227259961e-03,1.051219397480849822e-03,9.285584532847454553e-02,0.000000000000000000e+00
1.895000000000000018e+00,4.592169775841233731e-02,-8.698292063992978107e-02,9.021960878560336336e-03,9.096963165665424966e-04,9.279868585155809368e-02,0.000000000000000000e+00
1.900000000000000133e+00,4.548806469406632691e-02,-8.647042195823329003e-02,9.026159350125023337e-03,7.699946804576600270e-04,9.273573037981032441e-02,0.000000000000000000e+00
1.905000000000000027e+00,4.505699234768791722e-02,-8.595863792747808485e-02,9.029663837055878009e-03,6.321000644747429504e-04,9.266706041711328390e-02,0.000000000000000000e+00
1.910000000000000142e+00,4.462847707924516572e-02,-8.544759519053812813e-02,9.032483338530692199e-03,4.959981105931213479e-04,9.259275679338828391e-02,0.000000000000000000e+00
1.915000000000000036e+00,4.420251511650914039e-02,-8.493731998391797211e-02,9.034626782103798853e-03,3.616745274548840029e-04,9.251289966756559568e-02,0.000000000000000000e+00
1.919999999999999929e+00,4.377910255707699594e-02,-8.442783814126311737e-02,9.036103024039430359e-03,2.291150903808322986e-04,9.242756853056934008e-02,0.000000000000000000e+00
1.925000000000000044e+00,4.335823537037753611e-02,-8.391917509685403731e-02,9.036920849645146275e-03,9.830564138226541510e-05,9.233684220831780975e-02,0.000000000000000000e+00
1.929999999999999938e+00,4.293990939965931092e-02,-8.341135588908368814e-02,9.037088973605311368e-03,-3.076791082755786543e-05,9.224079886473944556e-02,0.000000000000000000e+00
1.935000000000000053e+00,4.252412036396142209e-02,-8.290440516391844872e-02,9.036616040314637832e-03,-1.581195908224527515e-04,9.213951600480242698e-02,0.000000000000000000e+00
1.939999999999999947e+00,4.211086386006702292e-02,-8.239834717834251809e-02,9.035510624211769148e-03,-2.837633564529601121e-04,9.203307047755703019e-02,0.000000000000000000e+00
1.945000000000000062e+00,4.170013536443965135e-02,-8.189320580378549319e-02,9.033781230112924651e-03,-4.077130988367809678e-04,9.192153847919219689e-02,0.000000000000000000e+00
1.949999999999999956e+00,4.129193023514248634e-02,-8.138900452953327924e-02,9.031436293545589203e-03,-5.299826423501045533e-04,9.180499555610600881e-02,0.000000000000000000e+00
1.955000000000000071e+00,4.088624371374054850e-02,-8.088576646612206933e-02,9.028484181082232357e-03,-6.505857446199975712e-04,9.168351660798571001e-02,0.000000000000000000e+00
1.959999999999999964e+00,4.048307092718601841e-02,-8.038351434871547629e-02,9.024933190674076094e-03,-7.695360965179341879e-04,9.155717589090185682e-02,0.000000000000000000e+00
1.965000000000000080e+00,4.008240688968669335e-02,-7.988227054046465048e-02,9.020791551984886844e-03,-8.868473221546263954e-04,9.142604702041273734e-02,0.000000000000000000e+00
1.969999999999999973e+00,3.968424650455766589e-02,-7.938205703585138329e-02,9.016067426724786588e-03,-1.002532978876240037e-03,9.129020297467990708e-02,0.000000000000000000e+00
1.975000000000000089e+00,3.928858456605636984e-02,-7.888289546401414110e-02,9.010768908984081310e-03,-1.116606557262133162e-03,9.114971609759296711e-02,0.000000000000000000e+00
1.979999999999999982e+00,3.889541576120100069e-02,-7.838480709205693231e-02,9.004904025567101594e-03,-1.229081481124179916e-03,9.100465810190608296e-02,0.000000000000000000e+00
1.985000000000000098e+00,3.850473467157246310e-02,-7.788781282834096598e-02,8.998480736326032806e-03,-1.339971107507820919e-03,9.085510007238223329e-02,0.000000000000000000e+00
1.989999999999999991e+00,3.811653577509988705e-02,-7.739193322575911582e-02,8.991506934494747014e-03,-1.449288726694912760e-03,9.070111246894771440e-02,0.000000000000000000e+00
1.995000000000000107e+00,3.773081344782981683e-02,-7.689718848499306481e-02,8.983990447022603687e-03,-1.557047562208469437e-03,9.054276512985279246e-02,0.000000000000000000e+00
2.000000000000000000e+00,3.734756196567916992e-02,-7.640359845775313019e-02,8.975939034908231307e-03,-1.663260770819371612e-03,9.038012727484343034e-02,0.000000000000000000e+00
2.004999999999999893e+00,3.696677550617201435e-02,-7.591118265000074139e-02,8.967360393533267346e-03,-1.767941442555144094e-03,9.021326750833671970e-02,0.000000000000000000e+00
2.010000000000000231e+00,3.658844815016030344e-02,-7.541996022515348730e-02,8.958262152996046210e-03,-1.871102600710843836e-03,9.004225382260704069e-02,0.000000000000000000e+00
2.015000000000000124e+00,3.621257388352862316e-02,-7.492995000727271926e-02,8.948651878445233396e-03,-1.972757201862166635e-03,8.986715360097695393e-02,0.000000000000000000e+00
2.020000000000000018e+00,3.583914659888303572e-02,-7.444117048423373739e-02,8.938537070413381594e-03,-2.072918135880816130e-03,8.968803362101319954e-02,0.000000000000000000e+00
2.024999999999999911e+00,3.546816009722411622e-02,-7.395363981087843541e-02,8.927925165150408723e-03,-2.171598225952201238e-03,8.950496005773009300e-02,0.000000000000000000e+00
2.030000000000000249e+00,3.509960808960427281e-02,-7.346737581215041779e-02,8.916823534956978825e-03,-2.268810228595511021e-03,8.931799848679732035e-02,0.000000000000000000e+00
2.035000000000000142e+00,3.473348419876946119e-02,-7.298239598621261703e-02,8.905239488517782340e-03,-2.364566833686247444e-03,8.912721388775340925e-02,0.000000000000000000e+00
2.040000000000000036e+00,3.436978196078529363e-02,-7.249871750754730004e-02,8.893180271234686282e-03,-2.458880664481244861e-03,8.893267064722140680e-02,0.000000000000000000e+00
2.044999999999999929e+00,3.400849482664775048e-02,-7.201635723003851908e-02,8.880653065559766454e-03,-2.551764277646221320e-03,8.873443256213114916e-02,0.000000000000000000e+00
2.049999999999999822e+00,3.364961616387850823e-02,-7.153533169003692405e-02,8.867664991328183532e-03,-2.643230163285920694e-03,8.853256284294305778e-02,0.000000000000000000e+00
2.055000000000000160e+00,3.329313925810496733e-02,-7.105565710940701940e-02,8.854223106090909970e-03,-2.733290744976874659e-03,8.832712411687651533e-02,0.000000000000000000e+00
2.060000000000000053e+00,3.293905731462509756e-02,-7.057734939855676848e-02,8.840334405447281690e-03,-2.821958379802821416e-03,8.811817843113911586e-02,0.000000000000000000e+00
2.064999999999999947e+00,3.258736345995720540e-02,-7.010042415944951755e-02,8.826005823377371107e-03,-2.909245358392809760e-03,8.790578725616031430e-02,0.000000000000000000e+00
2.069999999999999840e+00,3.223805074337463689e-02,-6.962489668859837832e-02,8.811244232574157176e-03,-2.995163904962037504e-03,8.769001148882586694e-02,0.000000000000000000e+00
2.075000000000000178e+00,3.189111213842559661e-02,-6.915078198004286081e-02,8.796056444775485553e-03,-3.079726177355428599e-03,8.747091145571400661e-02,0.000000000000000000e+00
2.080000000000000071e+00,3.154654054443811750e-02,-6.867809472830796458e-02,8.780449211095808434e-03,-3.162944267093980612e-03,8.724854691633286696e-02,0.000000000000000000e+00
2.084999999999999964e+00,3.120432878801025073e-02,-6.820684933134550654e-02,8.764429222357679808e-03,-3.244830199423913344e-03,8.702297706635840624e-02,0.000000000000000000e+00
2.089999999999999858e+00,3.086446962448562842e-02,-6.773705989345790712e-02,8.748003109423004367e-03,-3.325395933368619026e-03,8.679426054087403808e-02,0.000000000000000000e+00
2.095000000000000195e+00,3.052695573941444085e-02,-6.726874022820431009e-02,8.731177443524010609e-03,-3.404653361783450093e-03,8.656245541760801410e-02,0.000000000000000000e+00
2.100000000000000089e+00,3.019177974999991479e-02,-6.680190386128900815e-02,8.713958736593953314e-03,-3.482614311413333250e-03,8.632761922017354039e-02,0.000000000000000000e+00
2.104999999999999982e+00,2.985893420653041100e-02,-6.633656403343232699e-02,8.696353441597510711e-03,-3.559290542953248444e-03,8.608980892130560503e-02,0.000000000000000000e+00
2.109999999999999876e+00,2.952841159379719985e-02,-6.587273370322382915e-02,8.678367952860881543e-03,-3.634693751111556671e-03,8.584908094609883245e-02,0.000000000000000000e+00
2.115000000000000213e+00,2.920020433249801567e-02,-6.541042554995796232e-02,8.660008606401550790e-03,-3.708835564676197464e-03,8.560549117524321461e-02,0.000000000000000000e+00
2.120000000000000107e+00,2.887430478062649047e-02,-6.494965197645206911e-02,8.641281680257722336e-03,-3.781727546583748233e-03,8.535909494825860699e-02,0.000000000000000000e+00
2.125000000000000000e+00,2.855070523484751904e-02,-6.449042511184685522e-02,8.622193394817397744e-03,-3.853381193991368449e-03,8.510994706672746213e-02,0.000000000000000000e+00
2.129999999999999893e+00,2.822939793185868726e-02,-6.403275681438928835e-02,8.602749913147082067e-03,-3.923807938351604394e-03,8.485810179752432958e-02,0.000000000000000000e+00
2.135000000000000231e+00,2.791037504973781225e-02,-6.357665867419796946e-02,8.582957341320121905e-03,-3.993019145490057063e-03,8.460361287604489799e-02,0.000000000000000000e+00
2.140000000000000124e+00,2.759362870927670880e-02,-6.312214201601094865e-02,8.562821728744634056e-03,-4.061026115685922346e-03,8.434653350943097094e-02,0.000000000000000000e+00
2.145000000000000018e+00,2.727915097530126884e-02,-6.266921790191609665e-02,8.542349068491033454e-03,-4.127840083755393054e-03,8.408691637979209821e-02,0.000000000000000000e+00
2.149999999999999911e+00,2.696693385797790596e-02,-6.221789713406392780e-02,8.521545297619130890e-03,-4.193472219137898103e-03,8.382481364742516705e-02,0.000000000000000000e+00
2.155000000000000249e+00,2.665696931410651421e-02,-6.176819025736307589e-02,8.500416297504797061e-03,-4.257933625985197909e-03,8.356027695402934441e-02,0.000000000000000000e+00
2.160000000000000142e+00,2.634924924839995852e-02,-6.132010756215825614e-02,8.478967894166173844e-03,-4.321235343253298708e-03,8.329335742591770231e-02,0.000000000000000000e+00
2.165000000000000036e+00,2.604376551475024587e-02,-6.087365908689087307e-02,8.457205858589413733e-03,-4.383388344797193616e-03,8.302410567722481871e-02,0.000000000000000000e+00
2.169999999999999929e+00,2.574050991748142586e-02,-6.042885462074226721e-02,8.435135907053945697e-03,-4.444403539468411331e-03,8.275257181310954890e-02,0.000000000000000000e+00
2.175000000000000266e+00,2.543947421258931779e-02,-5.998570370625960768e-02,8.412763701457239701e-03,-4.504291771215344735e-03,8.247880543295335598e-02,0.000000000000000000e+00
2.180000000000000160e+00,2.514065010896815097e-02,-5.954421564196450689e-02,8.390094849639068153e-03,-4.563063819186365458e-03,8.220285563355470004e-02,0.000000000000000000e+00
2.185000000000000053e+00,2.484402926962420849e-02,-5.910439948494434353e-02,8.367134905705241738e-03,-4.620730397835686246e-03,8.192477101231647463e-02,0.000000000000000000e+00
2.189999999999999947e+00,2.454960331287655423e-02,-5.866626405342637712e-02,8.343889370350810950e-03,-4.677302157031971129e-03,8.164459967043039001e-02,0.000000000000000000e+00
2.194999999999999840e+00,2.425736381354493681e-02,-5.822981792933463324e-02,8.320363691182714252e-03,-4.732789682169655232e-03,8.136238921605350172e-02,0.000000000000000000e+00
2.200000000000000178e+00,2.396730230412495027e-02,-5.779506946082965668e-02,8.296563263041865921e-03,-4.787203494282970748e-03,8.107818676748129727e-02,0.000000000000000000e+00
2.205000000000000071e+00,2.367941027595053469e-02,-5.736202676483111856e-02,8.272493428324666220e-03,-4.840554050162646123e-03,8.079203895631260901e-02,0.000000000000000000e+00
2.209999999999999964e+00,2.339367918034390703e-02,-5.693069772952337460e-02,8.248159477303925249e-03,-4.892851742475257636e-03,8.050399193061043290e-02,0.000000000000000000e+00
2.214999999999999858e+00,2.311010042975301590e-02,-5.650109001684393284e-02,8.223566648449176161e-03,-4.944106899885219487e-03,8.021409135805469826e-02,0.000000000000000000e+00
2.220000000000000195e+00,2.282866539887658947e-02,-5.607321106495496976e-02,8.198720128746374292e-03,-4.994329787179368173e-03,7.992238242908931978e-02,0.000000000000000000e+00
2.225000000000000089e+00,2.254936542577685998e-02,-5.564706809069784599e-02,8.173625054016973521e-03,-5.043530605394145466e-03,7.962890986006231075e-02,0.000000000000000000e+00
2.229999999999999982e+00,2.227219181298007930e-02,-5.522266809203073973e-02,8.148286509236348646e-03,-5.091719491945321044e-03,7.933371789635856874e-02,0.000000000000000000e+00
2.234999999999999876e+00,2.199713582856486355e-02,-5.480001785044939094e-02,8.122709528851575905e-03,-5.138906520760253872e-03,7.903685031552680484e-02,0.000000000000000000e+00
2.240000000000000213e+00,2.172418870723849885e-02,-5.437912393339103256e-02,8.096899097098531756e-03,-5.185101702412655937e-03,7.873835043039688342e-02,0.000000000000000000e+00
2.245000000000000107e+00,2.145334165140125315e-02,-5.395999269662152958e-02,8.070860148318323782e-03,-5.230314984259827951e-03,7.843826109219152742e-02,0.000000000000000000e+00
2.250000000000000000e+00,2.118458583219880176e-02,-5.354263028660580931e-02,8.044597567273025981e-03,-5.274556250582341892e-03,7.813662469363058527e-02,0.000000000000000000e+00
2.254999999999999893e+00,2.091791239056284279e-02,-5.312704264286158967e-02,8.018116189460702814e-03,-5.317835322726145210e-03,7.783348317202533340e-02,0.000000000000000000e+00
2.260000000000000231e+00,2.065331243823997909e-02,-5.271323550029648197e-02,7.991420801429727216e-03,-5.360161959247052021e-03,7.752887801236708898e-02,0.000000000000000000e+00
2.265000000000000124e+00,2.039077705880896346e-02,-5.230121439152852353e-02,7.964516141092361362e-03,-5.401545856057593520e-03,7.722285025040605266e-02,0.000000000000000000e+00
2.270000000000000018e+00,2.013029730868637693e-02,-5.189098464919014719e-02,7.937406898037603631e-03,-5.441996646576195522e-03,7.691544047572283771e-02,0.000000000000000000e+00
2.274999999999999911e+00,1.987186421812083686e-02,-5.148255140821569181e-02,7.910097713843279241e-03,-5.481523901878657123e-03,7.660668883479163083e-02,0.000000000000000000e+00
2.280000000000000249e+00,1.961546879217579767e-02,-5.107591960811250220e-02,7.882593182387372804e-03,-5.520137130851900976e-03,7.629663503403306957e-02,0.000000000000000000e+00
2.285000000000000142e+00,1.936110201170104447e-02,-5.067109399521561169e-02,7.854897850158580261e-03,-5.557845780349954419e-03,7.598531834286130493e-02,0.000000000000000000e+00
2.290000000000000036e+00,1.910875483429294933e-02,-5.026807912492612523e-02,7.827016216566083651e-03,-5.594659235352140644e-03,7.567277759671874049e-02,0.000000000000000000e+00
2.294999999999999929e+00,1.885841819524358351e-02,-4.986687936393334464e-02,7.798952734248517510e-03,-5.630586819123443477e-03,7.535905120010472080e-02,0.000000000000000000e+00
2.300000000000000266e+00,1.861008300847874844e-02,-4.946749889242066378e-02,7.770711809382140761e-03,-5.665637793377008465e-03,7.504417712959350617e-02,0.000000000000000000e+00
2.305000000000000160e+00,1.836374016748503271e-02,-4.906994170625531698e-02,7.742297801988184611e-03,-5.699821358438764661e-03,7.472819293684360153e-02,0.000000000000000000e+00
2.310000000000000053e+00,1.811938054622594385e-02,-4.867421161916202221e-02,7.713715026239371247e-03,-5.733146653414119415e-03,7.441113575159707949e-02,0.000000000000000000e+00
2.314999999999999947e+00,1.787699500004722580e-02,-4.828031226488058159e-02,7.684967750765595539e-03,-5.765622756356695786e-03,7.409304228466961906e-02,0.000000000000000000e+00
2.319999999999999840e+00,1.763657436657142114e-02,-4.788824709930749463e-02,7.656060198958759312e-03,-5.797258684439088317e-03,7.377394883093223166e-02,0.000000000000000000e+00
2.325000000000000178e+00,1.739810946658176469e-02,-4.749801940262166067e-02,7.626996549276743483e-03,-5.828063394125601593e-03,7.345389127228003912e-02,0.000000000000000000e+00
2.330000000000000071e+00,1.716159110489549194e-02,-4.710963228139418424e-02,7.597780935546514548e-03,-5.858045781346925621e-03,7.313290508059533401e-02,0.000000000000000000e+00
2.334999999999999964e+00,1.692701007122663845e-02,-4.672308867068238059e-02,7.568417447266353321e-03,-5.887214681676737615e-03,7.281102532069753941e-02,0.000000000000000000e+00
2.339999999999999858e+00,1.669435714103840313e-02,-4.633839133610804378e-02,7.538910129907192871e-03,-5.915578870510188568e-03,7.248828665328402310e-02,0.000000000000000000e+00
2.345000000000000195e+00,1.646362307638516223e-02,-4.595554287591999826e-02,7.509262985213061362e-03,-5.943147063244225148e-03,7.216472333786180804e-02,0.000000000000000000e+00
2.350000000000000089e+00,1.623479862674421723e-02,-4.557454572304104473e-02,7.479479971500617615e-03,-5.969927915459743474e-03,7.184036923566695931e-02,0.000000000000000000e+00
2.354999999999999982e+00,1.600787452983733553e-02,-4.519540214709932835e-02,7.449565003957775086e-03,-5.995930023105520978e-03,7.151525781257629666e-02,0.000000000000000000e+00
2.359999999999999876e+00,1.578284151244217087e-02,-4.481811425644418451e-02,7.419521954941395159e-03,-6.021161922683901206e-03,7.118942214200565943e-02,0.000000000000000000e+00
2.365000000000000213e+00,1.555969029119366395e-02,-4.444268400014656645e-02,7.389354654274055828e-03,-6.045632091438195126e-03,7.086289490780035838e-02,0.000000000000000000e+00
2.370000000000000107e+00,1.533841157337545447e-02,-4.406911316998406852e-02,7.359066889539870628e-03,-6.069348947541771191e-03,7.053570840711308187e-02,0.000000000000000000e+00
2.375000000000000000e+00,1.511899605770142263e-02,-4.369740340241061449e-02,7.328662406379364731e-03,-6.092320850288797732e-03,7.020789455327260120e-02,0.000000000000000000e+00
2.379999999999999893e+00,1.490143443508741040e-02,-4.332755618051093577e-02,7.298144908783390887e-03,-6.114556100286611638e-03,6.987948487864055480e-02,0.000000000000000000e+00
2.385000000000000231e+00,1.468571738941321959e-02,-4.295957283593979797e-02,7.267518059386076507e-03,-6.136062939649665655e-03,6.955051053745754663e-02,0.000000000000000000e+00
2.390000000000000124e+00,1.447183559827493714e-02,-4.259345455084614235e-02,7.236785479756803648e-03,-6.156849552195042125e-03,6.922100230867958559e-02,0.000000000000000000e+00
2.395000000000000018e+00,1.425977973372769339e-02,-4.222920235978212811e-02,7.205950750691201938e-03,-6.176924063639485478e-03,6.889099059880161857e-02,0.000000000000000000e+00
2.399999999999999911e+00,1.404954046301889678e-02,-4.186681715159717987e-02,7.175017412501154442e-03,-6.196294541797930065e-03,6.856050544467139074e-02,0.000000000000000000e+00
2.405000000000000249e+00,1.384110844931205238e-02,-4.150629967131711645e-02,7.143988965303807795e-03,-6.214968996783486882e-03,6.822957651629178721e-02,0.000000000000000000e+00
2.410000000000000142e+00,1.363447435240120430e-02,-4.114765052200836798e-02,7.112868869309577936e-03,-6.232955381208857108e-03,6.789823311961172558e-02,0.000000000000000000e+00
2.415000000000000036e+00,1.342962882941610772e-02,-4.079087016662742010e-02,7.081660545109147095e-03,-6.250261590389148171e-03,6.756650419930620988e-02,0.000000000000000000e+00
2.419999999999999929e+00,1.322656253551818782e-02,-4.043595892985549223e-02,7.050367373959439896e-03,-6.266895462546053300e-03,6.723441834154472718e-02,0.000000000000000000e+00
2.425000000000000266e+00,1.302526612458735321e-02,-4.008291699991856083e-02,7.018992698068579443e-03,-6.282864779013360747e-03,6.690200377674865306e-02,0.000000000000000000e+00
2.430000000000000160e+00,1.282573024989975760e-02,-3.973174443039273473e-02,6.987539820879806914e-03,-6.298177264443773592e-03,6.656928838233679147e-02,0.000000000000000000e+00
2.435000000000000053e+00,1.262794556479656695e-02,-3.938244114199512813e-02,6.956012007354371585e-03,-6.312840587016998496e-03,6.623629968545964586e-02,0.000000000000000000e+00
2.439999999999999947e+00,1.243190272334380314e-02,-3.903500692436021741e-02,6.924412484253369623e-03,-6.326862358649076520e-03,6.590306486572233835e-02,0.000000000000000000e+00
2.444999999999999840e+00,1.223759238098334930e-02,-3.868944143780181366e-02,6.892744440418537705e-03,-6.340250135202928246e-03,6.556961075789556614e-02,0.000000000000000000e+00
2.450000000000000178e+00,1.204500519517517736e-02,-3.834574421506067171e-02,6.861011027051991049e-03,-6.353011416700076776e-03,6.523596385461538638e-02,0.000000000000000000e+00
2.455000000000000071e+00,1.185413182603087257e-02,-3.800391466303783272e-02,6.829215357994895472e-03,-6.365153647533523459e-03,6.490215030907063587e-02,0.000000000000000000e+00
2.459999999999999964e+00,1.166496293693853117e-02,-3.766395206451373517e-02,6.797360510005079522e-03,-6.376684216681742512e-03,6.456819593767972043e-02,0.000000000000000000e+00
2.464999999999999858e+00,1.147748919517909555e-02,-3.732585557985321212e-02,6.765449523033566746e-03,-6.387610457923775450e-03,6.423412622275423423e-02,0.000000000000000000e+00
2.470000000000000195e+00,1.129170127253419434e-02,-3.698962424869638166e-02,6.733485400500035037e-03,-6.397939650055379374e-03,6.389996631515230952e-02,0.000000000000000000e+00
2.475000000000000089e+00,1.110758984588557097e-02,-3.665525699163554169e-02,6.701471109567187431e-03,-6.407679017106212606e-03,6.356574103691878252e-02,0.000000000000000000e+00
2.479999999999999982e+00,1.092514559780616117e-02,-3.632275261187813825e-02,6.669409581414041319e-03,-6.416835728558025614e-03,6.323147488391418769e-02,0.000000000000000000e+00
2.484999999999999876e+00,1.074435921714288721e-02,-3.599210979689582146e-02,6.637303711508117827e-03,-6.425416899563825973e-03,6.289719202843191415e-02,0.000000000000000000e+00
2.490000000000000213e+00,1.056522139959124168e-02,-3.566332712005973460e-02,6.605156359876537472e-03,-6.433429591167992220e-03,6.256291632180295548e-02,0.000000000000000000e+00
2.495000000000000107e+00,1.038772284826173196e-02,-3.533640304226205037e-02,6.572970351376009046e-03,-6.440880810527307120e-03,6.222867129698914090e-02,0.000000000000000000e+00
2.500000000000000000e+00,1.021185427423825128e-02,-3.501133591352382363e-02,6.540748475961714360e-03,-6.447777511132883436e-03,6.189448017116395973e-02,0.000000000000000000e+00
2.504999999999999893e+00,1.003760639712843704e-02,-3.468812397458927166e-02,6.508493488955081029e-03,-6.454126593032949270e-03,6.156036584828196434e-02,0.000000000000000000e+00
2.510000000000000231e+00,9.864969945606106780e-03,-3.436676535850649583e-02,6.476208111310435486e-03,-6.459934903056479931e-03,6.122635092163496162e-02,0.000000000000000000e+00
2.515000000000000124e+00,9.693935657945806222e-03,-3.404725809219475569e-02,6.443895029880540581e-03,-6.465209235037626054e-03,6.089245767639760165e-02,0.000000000000000000e+00
2.520000000000000018e+00,9.524494282549566745e-03,-3.372960009799834402e-02,6.411556897681007332e-03,-6.469956330040938820e-03,6.055870809215974093e-02,0.000000000000000000e+00
2.524999999999999911e+00,9.356636578465925974e-03,-3.341378919522711849e-02,6.379196334153576509e-03,-6.474182876587335905e-03,6.022512384544728703e-02,0.000000000000000000e+00
2.530000000000000249e+00,9.190353315901272219e-03,-3.309982310168379377e-02,6.346815925428270916e-03,-6.477895510880815090e-03,5.989172631223033116e-02,0.000000000000000000e+00
2.535000000000000142e+00,9.025635276723590825e-03,-3.278769943517805679e-02,6.314418224584413160e-03,-6.481100817035854826e-03,5.955853657041955407e-02,0.000000000000000000e+00
2.540000000000000036e+00,8.862473254958673149e-03,-3.247741571502751889e-02,6.282005751910501104e-03,-6.483805327305506086e-03,5.922557540235014184e-02,0.000000000000000000e+00
2.544999999999999929e+00,8.700858057278847146e-03,-3.216896936354564362e-02,6.249580995162944477e-03,-6.486015522310126062e-03,5.889286329725437752e-02,0.000000000000000000e+00
2.550000000000000266e+00,8.540780503484311087e-03,-3.186235770751669194e-02,6.217146409823656565e-03,-6.487737831266748509e-03,5.856042045372004956e-02,0.000000000000000000e+00
2.555000000000000160e+00,8.382231426977115527e-03,-3.155757797965774714e-02,6.184704419356493177e-03,-6.488978632219047360e-03,5.822826678213928464e-02,0.000000000000000000e+00
2.560000000000000053e+00,8.225201675227871573e-03,-3.125462732006789590e-02,6.152257415462545828e-03,-6.489744252267890152e-03,5.789642190714240633e-02,0.000000000000000000e+00
2.564999999999999947e+00,8.069682110235244440e-03,-3.095350277766461405e-02,6.119807758334277863e-03,-6.490040967802430949e-03,5.756490517002170459e-02,0.000000000000000000e+00
2.569999999999999840e+00,7.915663608978296475e-03,-3.065420131160748532e-02,6.087357776908502646e-03,-6.489875004731742759e-03,5.723373563114170226e-02,0.000000000000000000e+00
2.575000000000000178e+00,7.763137063861747303e-03,-3.035671979270923235e-02,6.054909769118205567e-03,-6.489252538716948696e-03,5.690293207233745876e-02,0.000000000000000000e+00
2.580000000000000071e+00,7.612093383154201406e-03,-3.006105500483421608e-02,6.022466002143201172e-03,-6.488179695403840583e-03,5.657251299930071697e-02,0.000000000000000000e+00
2.584999999999999964e+00,7.462523491419423803e-03,-2.976720364628441043e-02,5.990028712659628898e-03,-6.486662550655950335e-03,5.624249664395372661e-02,0.000000000000000000e+00
2.589999999999999858e+00,7.314418329940710652e-03,-2.947516233117295284e-02,5.957600107088277877e-03,-6.484707130788058480e-03,5.591290096681041100e-02,0.000000000000000000e+00
2.595000000000000195e+00,7.167768857138426784e-03,-2.918492759078532631e-02,5.925182361841750331e-03,-6.482319412800118148e-03,5.558374365932579331e-02,0.000000000000000000e+00
2.600000000000000089e+00,7.022566048980764808e-03,-2.889649587492825258e-02,5.892777623570446231e-03,-6.479505324611563311e-03,5.525504214623264132e-02,0.000000000000000000e+00
2.604999999999999982e+00,6.878800899387795161e-03,-2.860986355326635214e-02,5.860388009407381353e-03,-6.476270745295989104e-03,5.492681358786585810e-02,0.000000000000000000e+00
2.609999999999999876e+00,6.736464420628857433e-03,-2.832502691664664715e-02,5.828015607211827452e-03,-6.472621505316173904e-03,5.459907488247492391e-02,0.000000000000000000e+00
2.615000000000000213e+00,6.595547643713363210e-03,-2.804198217841098045e-02,5.795662475811781504e-03,-6.468563386759428394e-03,5.427184266852368155e-02,0.000000000000000000e+00
2.620000000000000107e+00,6.456041618775065945e-03,-2.776072547569640239e-02,5.763330645245249260e-03,-6.464102123573246469e-03,5.394513332697771502e-02,0.000000000000000000e+00
2.625000000000000000e+00,6.317937415449860310e-03,-2.748125287072361589e-02,5.731022117000358733e-03,-6.459243401801235442e-03,5.361896298357965440e-02,0.000000000000000000e+00
2.629999999999999893e+00,6.181226123247165680e-03,-2.720356035207353168e-02,5.698738864254286260e-03,-6.453992859819307308e-03,5.329334751111208801e-02,0.000000000000000000e+00
2.635000000000000231e+00,6.045898851914959654e-03,-2.692764383595201705e-02,5.666482832111006430e-03,-6.448356088572109422e-03,5.296830253164808155e-02,0.000000000000000000e+00
2.640000000000000124e+00,5.911946731798513668e-03,-2.665349916744287617e-02,5.634255937837856325e-03,-6.442338631809672866e-03,5.264384341878987350e-02,0.000000000000000000e+00
2.645000000000000018e+00,5.779360914192898345e-03,-2.638112212174917662e-02,5.602060071100914071e-03,-6.435945986324265525e-03,5.231998529989406732e-02,0.000000000000000000e+00
2.649999999999999911e+00,5.648132571689306290e-03,-2.611050840542294277e-02,5.569897094199198657e-03,-6.429183602187413422e-03,5.199674305828599907e-02,0.000000000000000000e+00
2.655000000000000249e+00,5.518252898515256522e-03,-2.584165365758332375e-02,5.537768842297677990e-03,-6.422056882987090334e-03,5.167413133546087944e-02,0.000000000000000000e+00
2.660000000000000142e+00,5.389713110868738638e-03,-2.557455345112327749e-02,5.505677123659095604e-03,-6.414571186065044436e-03,5.135216453327284825e-02,0.000000000000000000e+00
2.665000000000000036e+00,5.262504447246351379e-03,-2.530920329390484724e-02,5.473623719874607350e-03,-6.406731822754243785e-03,5.103085681611192748e-02,0.000000000000000000e+00
2.669999999999999929e+00,5.136618168765490211e-03,-2.504559862994309993e-02,5.441610386093229806e-03,-6.398544058616426750e-03,5.071022211306847050e-02,0.000000000000000000e+00
2.675000000000000266e+00,5.012045559480647269e-03,-2.478373484057879578e-02,5.409638851250105594e-03,-6.390013113679732237e-03,5.039027412008556528e-02,0.000000000000000000e+00
2.680000000000000160e+00,4.888777926693875682e-03,-2.452360724563984809e-02,5.377710818293575216e-03,-6.381144162676395844e-03,5.007102630209915584e-02,0.000000000000000000e+00
2.685000000000000053e+00,4.766806601259472066e-03,-2.426521110459165312e-02,5.345827964411061471e-03,-6.371942335280497173e-03,4.975249189516564585e-02,0.000000000000000000e+00
2.689999999999999947e+00,4.646122937882936170e-03,-2.400854161767634540e-02,5.313991941253767316e-03,-6.362412716345726242e-03,4.943468390857772010e-02,0.000000000000000000e+00
2.694999999999999840e+00,4.526718315414263172e-03,-2.375359392704104802e-02,5.282204375160182847e-03,-6.352560346143167232e-03,4.911761512696773135e-02,0.000000000000000000e+00
2.700000000000000178e+00,4.408584137135618947e-03,-2.350036311785520110e-02,5.250466867378403117e-03,-6.342390220599077900e-03,4.880129811239883320e-02,0.000000000000000000e+00
2.705000000000000071e+00,4.291711831043459879e-03,-2.324884421941701002e-02,5.218780994287260284e-03,-6.331907291532637774e-03,4.848574520644415020e-02,0.000000000000000000e+00
2.709999999999999964e+00,4.176092850125144931e-03,-2.299903220624908984e-02,5.187148307616262256e-03,-6.321116466893663376e-03,4.817096853225347197e-02,0.000000000000000000e+00
2.714999999999999858e+00,4.061718672630095471e-03,-2.275092199918338914e-02,5.155570334664345659e-03,-6.310022611000262738e-03,4.785697999660822044e-02,0.000000000000000000e+00
2.720000000000000195e+00,3.948580802335560115e-03,-2.250450846643544181e-02,5.124048578517441388e-03,-6.298630544776413591e-03,4.754379129196376064e-02,0.000000000000000000e+00
2.725000000000000089e+00,3.836670768807032283e-03,-2.225978642466800231e-02,5.092584518264851000e-03,-6.286945045989457415e-03,4.723141389848002636e-02,0.000000000000000000e+00
2.729999999999999982e+00,3.725980127653377716e-03,-2.201675064004416510e-02,5.061179609214436562e-03,-6.274970849487480733e-03,4.691985908604032196e-02,0.000000000000000000e+00
2.734999999999999876e+00,3.616500460776721822e-03,-2.177539582927000977e-02,5.029835283106622208e-03,-6.262712647436582784e-03,4.660913791625663494e-02,0.000000000000000000e+00
2.740000000000000213e+00,3.508223376617149343e-03,-2.153571666062684131e-02,4.998552948327214356e-03,-6.250175089557996611e-03,4.629926124446501201e-02,0.000000000000000000e+00
2.745000000000000107e+00,3.401140510392268793e-03,-2.129770775499309141e-02,4.967333990119030158e-03,-6.237362783365065291e-03,4.599023972170701580e-02,0.000000000000000000e+00
2.750000000000000000e+00,3.295243524331694599e-03,-2.106136368685595020e-02,4.936179770792347224e-03,-6.224280294400044711e-03,4.568208379670032904e-02,0.000000000000000000e+00
2.754999999999999893e+00,3.190524107906495075e-03,-2.082667898531279788e-02,4.905091629934166773e-03,-6.210932146470727645e-03,4.537480371779689658e-02,0.000000000000000000e+00
2.760000000000000231e+00,3.086973978053657829e-03,-2.059364813506248809e-02,4.874070884616294591e-03,-6.197322821886870961e-03,4.506840953492896595e-02,0.000000000000000000e+00
2.765000000000000124e+00,2.984584879395627260e-03,-2.036226557738657003e-02,4.843118829602239758e-03,-6.183456761696405103e-03,4.476291110154369257e-02,0.000000000000000000e+00
2.770000000000000018e+00,2.883348584454957508e-03,-2.013252571112047334e-02,4.812236737552934643e-03,-6.169338365921423276e-03,4.445831807652526890e-02,0.000000000000000000e+00
2.774999999999999911e+00,2.783256893864136366e-03,-1.990442289361478781e-02,4.781425859231275277e-03,-6.154971993793929494e-03,4.415463992610556276e-02,0.000000000000000000e+00
2.780000000000000249e+00,2.684301636570626554e-03,-1.967795144168662733e-02,4.750687423705482124e-03,-6.140361963991332502e-03,4.385188592576258482e-02,0.000000000000000000e+00
2.785000000000000142e+00,2.586474670037175114e-03,-1.945310563256119618e-02,4.720022638551285565e-03,-6.125512554871670803e-03,4.355006516210740974e-02,0.000000000000000000e+00
2.790000000000000036e+00,2.489767880437439469e-03,-1.922987970480360617e-02,4.689432690052932652e-03,-6.110428004708561012e-03,4.324918653475856578e-02,0.000000000000000000e+00
2.794999999999999929e+00,2.394173182846979185e-03,-1.900826785924100010e-02,4.658918743403026377e-03,-6.095112511925844349e-03,4.294925875820598815e-02,0.000000000000000000e+00
2.800000000000000266e+00,2.299682521429659808e-03,-1.878826425987505100e-02,4.628481942901186211e-03,-6.079570235331936516e-03,4.265029036366160820e-02,0.000000000000000000e+00
2.805000000000000160e+00,2.206287869619518241e-03,-1.856986303478491349e-02,4.598123412151540294e-03,-6.063805294353852293e-03,4.235228970089921496e-02,0.000000000000000000e+00
2.810000000000000053e+00,2.113981230298139953e-03,-1.835305827702066878e-02,4.567844254259048435e-03,-6.047821769270896215e-03,4.205526494008232641e-02,0.000000000000000000e+00
2.814999999999999947e+00,2.022754635967587925e-03,-1.813784404548735366e-02,4.537645552024656762e-03,-6.031623701448013235e-03,4.175922407358016730e-02,0.000000000000000000e+00
2.819999999999999840e+00,1.932600148918939059e-03,-1.792421436581959765e-02,4.507528368139286645e-03,-6.015215093568779432e-03,4.146417491777251718e-02,0.000000000000000000e+00
2.825000000000000178e+00,1.843509861396468164e-03,-1.771216323124698289e-02,4.477493745376661359e-03,-5.998599909868024098e-03,4.117012511484215154e-02,0.000000000000000000e+00
2.830000000000000071e+00,1.755475895757529180e-03,-1.750168460345014401e-02,4.447542706784967867e-03,-5.981782076364074510e-03,4.087708213455634731e-02,0.000000000000000000e+00
2.834999999999999964e+00,1.668490404628179173e-03,-1.729277241340769489e-02,4.417676255877358085e-03,-5.964765481090605198e-03,4.058505327603621760e-02,0.000000000000000000e+00
2.839999999999999858e+00,1.582545571054589555e-03,-1.708542056223403757e-02,4.387895376821297419e-03,-5.947553974328084747e-03,4.029404566951545752e-02,0.000000000000000000e+00
2.845000000000000195e+00,1.497633608650292226e-03,-1.687962292200811953e-02,4.358201034626748432e-03,-5.930151368834808874e-03,4.000406627808626714e-02,0.000000000000000000e+00
2.850000000000000089e+00,1.413746761739302724e-03,-1.667537333659320151e-02,4.328594175333207866e-03,-5.912561440077507627e-03,3.971512189943482429e-02,0.000000000000000000e+00
2.854999999999999982e+00,1.330877305495168934e-03,-1.647266562244769500e-02,4.299075726195588330e-03,-5.894787926461516302e-03,3.942721916756450340e-02,0.000000000000000000e+00
2.859999999999999876e+00,1.249017546075986132e-03,-1.627149356942712149e-02,4.269646595868950741e-03,-5.876834529560495332e-03,3.914036455450893570e-02,0.000000000000000000e+00
2.865000000000000213e+00,1.168159820755424556e-03,-1.607185094157728700e-02,4.240307674592088370e-03,-5.858704914345701752e-03,3.885456437203177460e-02,0.000000000000000000e+00
2.870000000000000107e+00,1.088296498049814163e-03,-1.587373147791868583e-02,4.211059834369967718e-03,-5.840402709414781006e-03,3.856982477331685755e-02,0.000000000000000000e+00
2.875000000000000000e+00,1.009419977841327339e-03,-1.567712889322224815e-02,4.181903929155025325e-03,-5.821931507220090389e-03,3.828615175464616938e-02,0.000000000000000000e+00
2.879999999999999893e+00,9.315226914973063045e-04,-1.548203687877644681e-02,4.152840795027324880e-03,-5.803294864296530686e-03,3.800355115706659237e-02,0.000000000000000000e+00
2.885000000000000231e+00,8.545971019857746603e-04,-1.528844910314584339e-02,4.123871250373575478e-03,-5.784496301488879083e-03,3.772202866804538757e-02,0.000000000000000000e+00
2.890000000000000124e+00,7.786357039871786255e-04,-1.509635921292114616e-02,4.094996096065014503e-03,-5.765539304178616403e-03,3.744158982311494854e-02,0.000000000000000000e+00
2.895000000000000018e+00,7.036310240023988362e-04,-1.490576083346081132e-02,4.066216115634158600e-03,-5.746427322510239133e-03,3.716224000750521783e-02,0.000000000000000000e+00
2.899999999999999911e+00,6.295756204570748804e-04,-1.471664756962427940e-02,4.037532075450424481e-03,-5.727163771617041488e-03,3.688398445776643053e-02,0.000000000000000000e+00
2.905000000000000249e+00,5.564620838022848537e-04,-1.452901300649687803e-02,4.008944724894619553e-03,-5.707752031846366654e-03,3.660682826337936790e-02,0.000000000000000000e+00
2.910000000000000142e+00,4.842830366116206479e-04,-1.434285071010647436e-02,3.980454796532312788e-03,-5.688195448984310724e-03,3.633077636835539692e-02,0.000000000000000000e+00
2.915000000000000036e+00,4.130311336747009301e-04,-1.415815422813191879e-02,3.952063006286078012e-03,-5.668497334479874993e-03,3.605583357282525492e-02,0.000000000000000000e+00
2.919999999999999929e+00,3.426990620871619834e-04,-1.397491709060335457e-02,3.923770053606620914e-03,-5.648660965668559665e-03,3.578200453461649611e-02,0.000000000000000000e+00
2.925000000000000266e+00,2.732795413371673365e-04,-1.379313281059443320e-02,3.895576621642789315e-03,-5.628689585995383382e-03,3.550929377082034932e-02,0.000000000000000000e+00
2.930000000000000160e+00,2.047653233884763526e-04,-1.361279488490652230e-02,3.867483377410467146e-03,-5.608586405237327675e-03,3.523770565934734866e-02,0.000000000000000000e+00
2.935000000000000053e+00,1.371491927601118386e-04,-1.343389679474493205e-02,3.839490971960362112e-03,-5.588354599725195090e-03,3.496724444047212554e-02,0.000000000000000000e+00
2.939999999999999947e+00,7.042396660266627534e-05,-1.325643200638724692e-02,3.811600040544682252e-03,-5.567997312564873166e-03,3.469791421836770917e-02,0.000000000000000000e+00
2.944999999999999840e+00,4.582494771285835870e-06,-1.308039397184380427e-02,3.783811202782708799e-03,-5.547517653857993863e-03,3.442971896262815579e-02,0.000000000000000000e+00
2.950000000000000178e+00,-6.038234010462824959e-05,-1.290577612951038060e-02,3.756125062825266172e-03,-5.526918700921989308e-03,3.416266250978124142e-02,0.000000000000000000e+00
2.955000000000000071e+00,-1.244776225549624506e-04,-1.273257190481314784e-02,3.728542209518095635e-03,-5.506203498509521302e-03,3.389674856478988585e-02,0.000000000000000000e+00
2.959999999999999964e+00,-1.877104042056393948e-04,-1.256077471084595526e-02,3.701063216564130440e-03,-5.485375059027298474e-03,3.363198070254293237e-02,0.000000000000000000e+00
2.964999999999999858e+00,-2.500877037185334981e-04,-1.239037794899999420e-02,3.673688642684681122e-03,-5.464436362754251583e-03,3.336836236933540811e-02,0.000000000000000000e+00
2.970000000000000195e+00,-3.116165067345160757e-04,-1.222137500958589418e-02,3.646419031779528797e-03,-5.443390358059073050e-03,3.310589688433789035e-02,0.000000000000000000e+00
2.975000000000000089e+00,-3.723037658195922465e-04,-1.205375927244832675e-02,3.619254913085935554e-03,-5.422239961617116369e-03,3.284458744105547834e-02,0.000000000000000000e+00
2.979999999999999982e+00,-4.321564004140919122e-04,-1.188752410757315352e-02,3.592196801336569340e-03,-5.400988058626631991e-03,3.258443710877619026e-02,0.000000000000000000e+00
2.984999999999999876e+00,-4.911812967848782881e-04,-1.172266287568718771e-02,3.565245196916349852e-03,-5.379637503024358759e-03,3.232544883400843838e-02,0.000000000000000000e+00
2.990000000000000213e+00,-5.493853079805369058e-04,-1.155916892885062129e-02,3.538400586018219333e-03,-5.358191117700433596e-03,3.206762544190872033e-02,0.000000000000000000e+00
2.995000000000000107e+00,-6.067752537895082249e-04,-1.139703561104216632e-02,3.511663440797839573e-03,-5.336651694712643730e-03,3.181096963769812491e-02,0.000000000000000000e+00
3.000000000000000000e+00,-6.633579207011279120e-04,-1.123625625873698325e-02,3.485034219527218587e-03,-5.315021995499991103e-03,3.155548400806895692e-02,0.000000000000000000e+00
3.004999999999999893e+00,-7.191400618695392797e-04,-1.107682420147743617e-02,3.458513366747273041e-03,-5.293304751095578506e-03,3.130117102258063444e-02,0.000000000000000000e+00
3.010000000000000231e+00,-7.741283970804411314e-04,-1.091873276243673571e-02,3.432101313419326852e-03,-5.271502662338800084e-03,3.104803303504552470e-02,0.000000000000000000e+00
3.015000000000000124e+00,-8.283296127206365338e-04,-1.076197525897552507e-02,3.405798477075549884e-03,-5.249618400086842294e-03,3.079607228490419124e-02,0.000000000000000000e+00
3.020000000000000018e+00,-8.817503617503466302e-04,-1.060654500319146293e-02,3.379605261968343221e-03,-5.227654605425476227e-03,3.054529089859098212e-02,0.000000000000000000e+00
3.024999999999999911e+00,-9.343972636782554506e-04,-1.045243530246185888e-02,3.353522059218668871e-03,-5.205613889879149962e-03,3.029569089088839096e-02,0.000000000000000000e+00
3.030000000000000249e+00,-9.862769045392502654e-04,-1.029963945997941846e-02,3.327549246963333856e-03,-5.183498835620361893e-03,3.004727416627220316e-02,0.000000000000000000e+00
3.035000000000000142e+00,-1.037395836874823330e-03,-1.014815077528113951e-02,3.301687190501227404e-03,-5.161311995678319331e-03,2.980004252024608113e-02,0.000000000000000000e+00
3.040000000000000036e+00,-1.087760579716102278e-03,-9.997962544770432752e-03,3.275936242438518605e-03,-5.139055894146872874e-03,2.955399764066612978e-02,0.000000000000000000e+00
3.044999999999999929e+00,-1.137377618569472733e-03,-9.849068062232499421e-03,3.250296742832812797e-03,-5.116733026391723921e-03,2.930914110905544212e-02,0.000000000000000000e+00
3.050000000000000266e+00,-1.186253405404761804e-03,-9.701460619343040687e-03,3.224769019336277531e-03,-5.094345859256896661e-03,2.906547440190838938e-02,0.000000000000000000e+00
3.055000000000000160e+00,-1.234394358645948863e-03,-9.555133506170331720e-03,3.199353387337735503e-03,-5.071896831270473679e-03,2.882299889198554343e-02,0.000000000000000000e+00
3.060000000000000053e+00,-1.281806863164369759e-03,-9.410080011670728106e-03,3.174050150103730969e-03,-5.049388352849590832e-03,2.858171584959785794e-02,0.000000000000000000e+00
3.064999999999999947e+00,-1.328497270274382400e-03,-9.266293424177651436e-03,3.148859598918575271e-03,-5.026822806504676645e-03,2.834162644388171781e-02,0.000000000000000000e+00
3.070000000000000284e+00,-1.374471897731461157e-03,-9.123767031884100903e-03,3.123782013223369743e-03,-5.004202547042950130e-03,2.810273174406376084e-02,0.000000000000000000e+00
3.075000000000000178e+00,-1.419737029732687141e-03,-8.982494123318755103e-03,3.098817660754015109e-03,-4.981529901771157044e-03,2.786503272071584603e-02,0.000000000000000000e+00
3.080000000000000071e+00,-1.464298916919604425e-03,-8.842467987815709127e-03,3.073966797678208667e-03,-4.958807170697546347e-03,2.762853024700055726e-02,0.000000000000000000e+00
3.084999999999999964e+00,-1.508163776383407732e-03,-8.703681915977893799e-03,3.049229668731433165e-03,-4.936036626733082515e-03,2.739322509990671506e-02,0.000000000000000000e+00
3.089999999999999858e+00,-1.551337791672432109e-03,-8.566129200134237759e-03,3.024606507351942138e-03,-4.913220515891887630e-03,2.715911796147538193e-02,0.000000000000000000e+00
3.095000000000000195e+00,-1.593827112801913127e-03,-8.429803134790619240e-03,3.000097535814744750e-03,-4.890361057490914126e-03,2.692620942001620887e-02,0.000000000000000000e+00
3.100000000000000089e+00,-1.635637856265985965e-03,-8.294697017074657841e-03,2.975702965364593593e-03,-4.867460444348839510e-03,2.669449997131412289e-02,0.000000000000000000e+00
3.104999999999999982e+00,-1.676776105051893664e-03,-8.160804147174396603e-03,2.951422996347980669e-03,-4.844520842984181321e-03,2.646399001982653598e-02,0.000000000000000000e+00
3.109999999999999876e+00,-1.717247908656372888e-03,-8.028117828770926431e-03,2.927257818344144134e-03,-4.821544393812627130e-03,2.623467987987104788e-02,0.000000000000000000e+00
3.115000000000000213e+00,-1.757059283104188364e-03,-7.896631369465004907e-03,2.903207610295091470e-03,-4.798533211343580449e-03,2.600656977680368409e-02,0.000000000000000000e+00
3.120000000000000107e+00,-1.796216210968785629e-03,-7.766338081197713718e-03,2.879272540634641216e-03,-4.775489384375912125e-03,2.577965984818782197e-02,0.000000000000000000e+00
3.125000000000000000e+00,-1.834724641395031304e-03,-7.637231280665207622e-03,2.855452767416487205e-03,-4.752414976192923315e-03,2.555395014495344397e-02,0.000000000000000000e+00
3.129999999999999893e+00,-1.872590490124014006e-03,-7.509304289727606121e-03,2.831748438441290903e-03,-4.729312024756507013e-03,2.532944063254739808e-02,0.000000000000000000e+00
3.135000000000000231e+00,-1.909819639519873356e-03,-7.382550435812073805e-03,2.808159691382804916e-03,-4.706182542900511599e-03,2.510613119207429078e-02,0.000000000000000000e+00
3.140000000000000124e+00,-1.946417938598631958e-03,-7.256963052310142284e-03,2.784686653913031121e-03,-4.683028518523300356e-03,2.488402162142792917e-02,0.000000000000000000e+00
3.145000000000000018e+00,-1.982391203058997148e-03,-7.132535478969316209e-03,2.761329443826419493e-03,-4.659851914779507796e-03,2.466311163641385362e-02,0.000000000000000000e+00
3.149999999999999911e+00,-2.017745215315109968e-03,-7.009261062279017150e-03,2.738088169163107200e-03,-4.636654670270983283e-03,2.444340087186253063e-02,0.000000000000000000e+00
3.155000000000000249e+00,-2.052485724531206025e-03,-6.887133155850911313e-03,2.714962928331208364e-03,-4.613438699236927128e-03,2.422488888273359453e-02,0.000000000000000000e+00
3.160000000000000142e+00,-2.086618446658167203e-03,-6.766145120793671391e-03,2.691953810228153200e-03,-4.590205891743210503e-03,2.400757514521073555e-02,0.000000000000000000e+00
3.165000000000000036e+00,-2.120149064471931692e-03,-6.646290326082215059e-03,2.669060894361083031e-03,-4.566958113870880909e-03,2.379145905778791426e-02,0.000000000000000000e+00
3.169999999999999929e+00,-2.153083227613736533e-03,-6.527562148921473885e-03,2.646284250966304211e-03,-4.543697207903844501e-03,2.357653994234632649e-02,0.000000000000000000e+00
3.175000000000000266e+00,-2.185426552632166453e-03,-6.409953975104735156e-03,2.623623941127807471e-03,-4.520424992515733979e-03,2.336281704522265301e-02,0.000000000000000000e+00
3.180000000000000160e+00,-2.217184623026979481e-03,-6.293459199366606069e-03,2.601080016894853110e-03,-4.497143262955947268e-03,2.315028953826819835e-02,0.000000000000000000e+00
3.185000000000000053e+00,-2.248362989294685945e-03,-6.178071225730645370e-03,2.578652521398629421e-03,-4.473853791234863944e-03,2.293895651989926593e-02,0.000000000000000000e+00
3.189999999999999947e+00,-2.278967168975850471e-03,-6.063783467851709304e-03,2.556341488967985628e-03,-4.450558326308232462e-03,2.272881701613892191e-02,0.000000000000000000e+00
3.195000000000000284e+00,-2.309002646704093591e-03,-5.950589349353061289e-03,2.534146945244245865e-03,-4.427258594260729055e-03,2.251986998164957898e-02,0.000000000000000000e+00
3.200000000000000178e+00,-2.338474874256765181e-03,-5.838482304158284369e-03,2.512068907295108514e-03,-4.403956298488683092e-03,2.231211430075732971e-02,0.000000000000000000e+00
3.205000000000000071e+00,-2.367389270607266321e-03,-5.727455776818050209e-03,2.490107383727631352e-03,-4.380653119881973249e-03,2.210554878846727328e-02,0.000000000000000000e+00
3.209999999999999964e+00,-2.395751221978990528e-03,-5.617503222831784528e-03,2.468262374800312027e-03,-4.357350717005084063e-03,2.190017219147032124e-02,0.000000000000000000e+00
3.214999999999999858e+00,-2.423566081900860054e-03,-5.508618108964274084e-03,2.446533872534263458e-03,-4.334050726277328090e-03,2.169598318914159329e-02,0.000000000000000000e+00
3.220000000000000195e+00,-2.450839171264435588e-03,-5.400793913557265513e-03,2.424921860823491069e-03,-4.310754762152232793e-03,2.149298039452975095e-02,0.000000000000000000e+00
3.225000000000000089e+00,-2.477575778382568560e-03,-5.294024126836092449e-03,2.403426315544274477e-03,-4.287464417296082617e-03,2.129116235533855261e-02,0.000000000000000000e+00
3.229999999999999982e+00,-2.503781159049575222e-03,-5.188302251211387300e-03,2.382047204663660135e-03,-4.264181262765621462e-03,2.109052755489943670e-02,0.000000000000000000e+00
3.234999999999999876e+00,-2.529460536602908243e-03,-5.083621801575908053e-03,2.360784488347066230e-03,-4.240906848184916415e-03,2.089107441313581975e-02,0.000000000000000000e+00
3.240000000000000213e+00,-2.554619101986298040e-03,-4.979976305596532996e-03,2.339638119065004605e-03,-4.217642701921374936e-03,2.069280128751913722e-02,0.000000000000000000e+00
3.245000000000000107e+00,-2.579262013814344768e-03,-4.877359304001465876e-03,2.318608041698927077e-03,-4.194390331260915497e-03,2.049570647401646739e-02,0.000000000000000000e+00
3.250000000000000000e+00,-2.603394398438531928e-03,-4.775764350862694851e-03,2.297694193646196165e-03,-4.171151222582297757e-03,2.029978820802987027e-02,0.000000000000000000e+00
3.254999999999999893e+00,-2.627021350014642053e-03,-4.675185013873746007e-03,2.276896504924187138e-03,-4.147926841530601844e-03,2.010504466532756634e-02,0.000000000000000000e+00
3.260000000000000231e+00,-2.650147930571548904e-03,-4.575614874622774796e-03,2.256214898273524016e-03,-4.124718633189860227e-03,1.991147396296689270e-02,0.000000000000000000e+00
3.265000000000000124e+00,-2.672779170081364484e-03,-4.477047528861044859e-03,2.235649289260455141e-03,-4.101528022254843052e-03,1.971907416020900194e-02,0.000000000000000000e+00
3.270000000000000018e+00,-2.694920066530914846e-03,-4.379476586766824567e-03,2.215199586378371801e-03,-4.078356413201991715e-03,1.952784325942569926e-02,0.000000000000000000e+00
3.274999999999999911e+00,-2.716575585994526927e-03,-4.282895673204756802e-03,2.194865691148474660e-03,-4.055205190459504165e-03,1.933777920699809860e-02,0.000000000000000000e+00
3.280000000000000249e+00,-2.737750662708098200e-03,-4.187298427980734074e-03,2.174647498219591055e-03,-4.032075718576568456e-03,1.914887989420708397e-02,0.000000000000000000e+00
3.285000000000000142e+00,-2.758450199144431379e-03,-4.092678506092324933e-03,2.154544895467149206e-03,-4.008969342391746279e-03,1.896114315811619350e-02,0.000000000000000000e+00
3.290000000000000036e+00,-2.778679066089810318e-03,-3.999029577974793324e-03,2.134557764091311524e-03,-3.985887387200501286e-03,1.877456678244623228e-02,0.000000000000000000e+00
3.294999999999999929e+00,-2.798442102721792821e-03,-3.906345329742750769e-03,2.114685978714273516e-03,-3.962831158921880856e-03,1.858914849844210682e-02,0.000000000000000000e+00
3.300000000000000266e+00,-2.817744116688203869e-03,-3.814619463427486052e-03,2.094929407476730891e-03,-3.939801944264336581e-03,1.840488598573198492e-02,0.000000000000000000e+00
3.305000000000000160e+00,-2.836589884187303272e-03,-3.723845697210005374e-03,2.075287912133519635e-03,-3.916801010890702539e-03,1.822177687317837191e-02,0.000000000000000000e+00
3.310000000000000053e+00,-2.854984150049107335e-03,-3.634017765649833268e-03,2.055761348148433827e-03,-3.893829607582309244e-03,1.803981873972183847e-02,0.000000000000000000e+00
3.314999999999999947e+00,-2.872931627817845463e-03,-3.545129419909606814e-03,2.036349564788224233e-03,-3.870888964402254082e-03,1.785900911521643569e-02,0.000000000000000000e+00
3.320000000000000284e+00,-2.890436999835527439e-03,-3.457174427975509990e-03,2.017052405215782884e-03,-3.847980292857810895e-03,1.767934548125809496e-02,0.000000000000000000e+00
3.325000000000000178e+00,-2.907504917326604859e-03,-3.370146574873580242e-03,1.997869706582518397e-03,-3.825104786061988248e-03,1.750082527200507582e-02,0.000000000000000000e+00
3.330000000000000071e+00,-2.924140000483702040e-03,-3.284039662881934121e-03,1.978801300119925090e-03,-3.802263618894235944e-03,1.732344587499078797e-02,0.000000000000000000e+00
3.334999999999999964e+00,-2.940346838554398160e-03,-3.198847511738947547e-03,1.959847011230350655e-03,-3.779457948160295459e-03,1.714720463192925815e-02,0.000000000000000000e+00
3.339999999999999858e+00,-2.956129989929041999e-03,-3.114563958847430154e-03,1.941006659576967157e-03,-3.756688912751197321e-03,1.697209883951306814e-02,0.000000000000000000e+00
3.345000000000000195e+00,-2.971493982229574549e-03,-3.031182859474834505e-03,1.922280059172948394e-03,-3.733957633801405877e-03,1.679812575020370874e-02,0.000000000000000000e+00
3.350000000000000089e+00,-2.986443312399346059e-03,-2.948698086949535276e-03,1.903667018469859269e-03,-3.711265214846111004e-03,1.662528257301473800e-02,0.000000000000000000e+00
3.354999999999999982e+00,-3.000982446793901918e-03,-2.867103532853221802e-03,1.885167340445261267e-03,-3.688612741977665907e-03,1.645356647428741770e-02,0.000000000000000000e+00
3.359999999999999876e+00,-3.015115821272723508e-03,-2.786393107209436931e-03,1.866780822689536462e-03,-3.666001284001173602e-03,1.628297457845910567e-02,0.000000000000000000e+00
3.365000000000000213e+00,-3.028847841291899736e-03,-2.706560738668304690e-03,1.848507257491937162e-03,-3.643431892589220344e-03,1.611350396882444552e-02,0.000000000000000000e+00
3.370000000000000107e+00,-3.042182881997714493e-03,-2.627600374687480596e-03,1.830346431925863404e-03,-3.620905602435758614e-03,1.594515168828918722e-02,0.000000000000000000e+00
3.375000000000000000e+00,-3.055125288321128806e-03,-2.549505981709365363e-03,1.812298127933372827e-03,-3.598423431409137480e-03,1.577791474011683293e-02,0.000000000000000000e+00
3.379999999999999893e+00,-3.067679375073139886e-03,-2.472271545334617585e-03,1.794362122408928130e-03,-3.575986380704284685e-03,1.561179008866833695e-02,0.000000000000000000e+00
3.385000000000000231e+00,-3.079849427040998004e-03,-2.395891070492002246e-03,1.776538187282385595e-03,-3.553595434994035254e-03,1.544677466013445050e-02,0.000000000000000000e+00
3.390000000000000124e+00,-3.091639699085265130e-03,-2.320358581604611923e-03,1.758826089601229006e-03,-3.531251562579613978e-03,1.528286534326121771e-02,0.000000000000000000e+00
3.395000000000000018e+00,-3.103054416237694107e-03,-2.245668122752498413e-03,1.741225591612052858e-03,-3.508955715540269197e-03,1.512005899006831078e-02,0.000000000000000000e+00
3.399999999999999911e+00,-3.114097773799911865e-03,-2.171813757831750780e-03,1.723736450841300291e-03,-3.486708829882056125e-03,1.495835241656041925e-02,0.000000000000000000e+00
3.405000000000000249e+00,-3.124773937442891503e-03,-2.098789570710053211e-03,1.706358420175258786e-03,-3.464511825685775807e-03,1.479774240343183223e-02,0.000000000000000000e+00
3.410000000000000142e+00,-3.135087043307190242e-03,-2.026589665378762152e-03,1.689091247939318368e-03,-3.442365607254066658e-03,1.463822569676399843e-02,0.000000000000000000e+00
3.415000000000000036e+00,-3.145041198103942434e-03,-1.955208166101537852e-03,1.671934677976496262e-03,-3.420271063257651189e-03,1.447979900871625147e-02,0.000000000000000000e+00
3.419999999999999929e+00,-3.154640479216584605e-03,-1.884639217559562832e-03,1.654888449725233157e-03,-3.398229066880738367e-03,1.432245901820985989e-02,0.000000000000000000e+00
3.425000000000000266e+00,-3.163888934803298688e-03,-1.814876984993384805e-03,1.637952298296463296e-03,-3.376240475965582889e-03,1.416620237160519380e-02,0.000000000000000000e+00
3.430000000000000160e+00,-3.172790583900157377e-03,-1.745915654341419166e-03,1.621125954549964849e-03,-3.354306133156201384e-03,1.401102568337213999e-02,0.000000000000000000e+00
3.435000000000000053e+00,-3.181349416524952099e-03,-1.677749432375144666e-03,1.604409145169994081e-03,-3.332426866041249009e-03,1.385692553675409167e-02,0.000000000000000000e+00
3.439999999999999947e+00,-3.189569393781690586e-03,-1.610372546831027613e-03,1.587801592740206106e-03,-3.310603487296054706e-03,1.370389848442494368e-02,0.000000000000000000e+00
3.445000000000000284e+00,-3.197454447965743674e-03,-1.543779246539207133e-03,1.571303015817868305e-03,-3.288836794823818584e-03,1.355194104913978737e-02,0.000000000000000000e+00
3.450000000000000178e+00,-3.205008482669629167e-03,-1.477963801548978556e-03,1.554913129007369672e-03,-3.267127571895971430e-03,1.340104972437893699e-02,0.000000000000000000e+00
3.455000000000000071e+00,-3.212235372889414575e-03,-1.412920503251105303e-03,1.538631643033031059e-03,-3.245476587291696354e-03,1.325122097498545454e-02,0.000000000000000000e+00
3.459999999999999964e+00,-3.219138965131723967e-03,-1.348643664496995470e-03,1.522458264811218497e-03,-3.223884595436618625e-03,1.310245123779624904e-02,0.000000000000000000e+00
3.464999999999999858e+00,-3.225723077521332454e-03,-1.285127619714774780e-03,1.506392697521766535e-03,-3.202352336540658945e-03,1.295473692226671580e-02,0.000000000000000000e+00
3.470000000000000195e+00,-3.231991499909334011e-03,-1.222366725022290589e-03,1.490434640678713757e-03,-3.180880536735055785e-03,1.280807441108893635e-02,0.000000000000000000e+00
3.475000000000000089e+00,-3.237947993981865266e-03,-1.160355358337077092e-03,1.474583790200355467e-03,-3.159469908208557224e-03,1.266246006080373743e-02,0.000000000000000000e+00
3.479999999999999982e+00,-3.243596293369373565e-03,-1.099087919483318588e-03,1.458839838478617236e-03,-3.138121149342781857e-03,1.251789020240623440e-02,0.000000000000000000e+00
3.484999999999999876e+00,-3.248940103756411089e-03,-1.038558830295838783e-03,1.443202474447753637e-03,-3.116834944846754406e-03,1.237436114194515047e-02,0.000000000000000000e+00
3.490000000000000213e+00,-3.253983102991941587e-03,-9.787625347211518969e-04,1.427671383652377377e-03,-3.095611965890611699e-03,1.223186916111607125e-02,0.000000000000000000e+00
3.495000000000000107e+00,-3.258728941200145831e-03,-9.196934989156046493e-04,1.412246248314820126e-03,-3.074452870238486828e-03,1.209041051784837117e-02,0.000000000000000000e+00
3.500000000000000000e+00,-3.263181240891710206e-03,-8.613462113406440170e-04,1.396926747401833072e-03,-3.053358302380568875e-03,1.194998144688601965e-02,0.000000000000000000e+00
3.504999999999999893e+00,-3.267343597075584097e-03,-8.037151828552391818e-04,1.381712556690627407e-03,-3.032328893664340812e-03,1.181057816036241298e-02,0.000000000000000000e+00
3.510000000000000231e+00,-3.271219577371192212e-03,-7.467949468054915991e-04,1.366603348834261912e-03,-3.011365262424998621e-03,1.167219684836895421e-02,0.000000000000000000e+00
3.515000000000000124e+00,-3.274812722121090130e-03,-6.905800591114620276e-04,1.351598793426380231e-03,-2.990468014115051608e-03,1.153483367951786687e-02,0.000000000000000000e+00
3.520000000000000018e+00,-3.278126544504043546e-03,-6.350650983512474805e-04,1.336698557065301102e-03,-2.969637741433108283e-03,1.139848480149869420e-02,0.000000000000000000e+00
3.524999999999999911e+00,-3.281164530648523862e-03,-5.802446658423379136e-04,1.321902303417468684e-03,-2.948875024451843435e-03,1.126314634162928902e-02,0.000000000000000000e+00
3.530000000000000249e+00,-3.283930139746603187e-03,-5.261133857202821397e-04,1.307209693280263424e-03,-2.928180430745158137e-03,1.112881440740054462e-02,0.000000000000000000e+00
3.535000000000000142e+00,-3.286426804168235318e-03,-4.726659050146950636e-04,1.292620384644179539e-03,-2.907554515514524859e-03,1.099548508701541499e-02,0.000000000000000000e+00
3.540000000000000036e+00,-3.288657929575910556e-03,-4.198968937226351837e-04,1.278134032754373647e-03,-2.886997821714525070e-03,1.086315444992221046e-02,0.000000000000000000e+00
3.544999999999999929e+00,-3.290626895039671339e-03,-3.678010448793821228e-04,1.263750290171586528e-03,-2.866510880177579757e-03,1.073181854734198137e-02,0.000000000000000000e+00
3.550000000000000266e+00,-3.292337053152474390e-03,-3.163730746266440585e-04,1.249468806832443627e-03,-2.846094209737875039e-03,1.060147341279020494e-02,0.000000000000000000e+00
3.555000000000000160e+00,-3.293791730145888535e-03,-2.656077222782246496e-04,1.235289230109138650e-03,-2.825748317354485027e-03,1.047211506259281000e-02,0.000000000000000000e+00
3.560000000000000053e+00,-3.294994226006113872e-03,-2.154997503831784095e-04,1.221211204868502846e-03,-2.805473698233692820e-03,1.034373949639652568e-02,0.000000000000000000e+00
3.564999999999999947e+00,-3.295947814590311029e-03,-1.660439447864831203e-04,1.207234373530464326e-03,-2.785270835950513519e-03,1.021634269767356801e-02,0.000000000000000000e+00
3.570000000000000284e+00,-3.296655743743226626e-03,-1.172351146872590503e-04,1.193358376125902825e-03,-2.765140202569418837e-03,1.008992063422091412e-02,0.000000000000000000e+00
3.575000000000000178e+00,-3.297121235414105390e-03,-6.906809269456237678e-05,1.179582850353902077e-03,-2.745082258764268944e-03,9.964469258653789463e-03,0.000000000000000000e+00
3.580000000000000071e+00,-3.297347485773874202e-03,-2.153773488078201465e-05,1.165907431638404804e-03,-2.725097453937450672e-03,9.839984508893853676e-03,0.000000000000000000e+00
3.584999999999999964e+00,-3.297337665332586345e-03,2.536107916733235421e-05,1.152331753184273342e-03,-2.705186226338223820e-03,9.716462308651849233e-03,0.000000000000000000e+00
3.589999999999999858e+00,-3.297094919057116848e-03,7.163344629998324054e-05,1.138855446032761756e-03,-2.685349003180281628e-03,9.593898567904851626e-03,0.000000000000000000e+00
3.595000000000000195e+00,-3.296622366489095068e-03,1.172844397579511611e-04,1.125478139116400976e-03,-2.665586200758523691e-03,9.472289183368058640e-03,0.000000000000000000e+00
3.600000000000000089e+00,-3.295923101863061470e-03,1.623191091285062690e-04,1.112199459313302800e-03,-2.645898224565043904e-03,9.351630038961437907e-03,0.000000000000000000e+00
3.604999999999999982e+00,-3.295000194224841691e-03,2.067424803035782888e-04,1.099019031500885358e-03,-2.626285469404340388e-03,9.231917006270767834e-03,0.000000000000000000e+00
3.609999999999999876e+00,-3.293856687550123560e-03,2.505595554401575430e-04,1.085936478609024610e-03,-2.606748319507741756e-03,9.113145945003668646e-03,0.000000000000000000e+00
3.615000000000000213e+00,-3.292495600863225378e-03,2.937753129229002912e-04,1.072951421672635984e-03,-2.587287148647059252e-03,8.995312703440311308e-03,0.000000000000000000e+00
3.620000000000000107e+00,-3.290919928356046773e-03,3.363947073289114305e-04,1.060063479883688970e-03,-2.567902320247462608e-03,8.878413118878845933e-03,0.000000000000000000e+00
3.625000000000000000e+00,-3.289132639507189992e-03,3.784226693946786337e-04,1.047272270642660760e-03,-2.548594187499585682e-03,8.762443018075868895e-03,0.000000000000000000e+00
3.629999999999999893e+00,-3.287136679201241220e-03,4.198641059851309807e-04,1.034577409609428907e-03,-2.529363093470858841e-03,8.647398217681540045e-03,0.000000000000000000e+00
3.635000000000000231e+00,-3.284934967848201527e-03,4.607239000647962539e-04,1.021978510753611923e-03,-2.510209371216075899e-03,8.533274524669842709e-03,0.000000000000000000e+00
3.640000000000000124e+00,-3.282530401503057013e-03,5.010069106710315521e-04,1.009475186404356489e-03,-2.491133343887197340e-03,8.420067736763618693e-03,0.000000000000000000e+00
3.645000000000000018e+00,-3.279925851985476034e-03,5.407179728892997413e-04,9.970670472995797531e-04,-2.472135324842386801e-03,8.307773642854773821e-03,0.000000000000000000e+00
3.649999999999999911e+00,-3.277124166999627417e-03,5.798618978304690254e-04,9.847537026346664824e-04,-2.453215617754291207e-03,8.196388023419265423e-03,0.000000000000000000e+00
3.655000000000000249e+00,-3.274128170254106233e-03,6.184434726101073953e-04,9.725347601106278106e-04,-2.434374516717560232e-03,8.085906650927482398e-03,0.000000000000000000e+00
3.660000000000000142e+00,-3.270940661581956278e-03,6.564674603297491334e-04,9.604098259817242739e-04,-2.415612306355612460e-03,7.976325290249400290e-03,0.000000000000000000e+00
3.665000000000000036e+00,-3.267564417060785358e-03,6.939386000601071355e-04,9.483785051025561815e-04,-2.396929261926649107e-03,7.867639699055170577e-03,0.000000000000000000e+00
3.669999999999999929e+00,-3.264002189132955180e-03,7.308616068262067640e-04,9.364404009746264126e-04,-2.378325649428915303e-03,7.759845628210630675e-03,0.000000000000000000e+00
3.675000000000000266e+00,-3.260256706725844084e-03,7.672411715944167307e-04,9.245951157923787845e-04,-2.359801725705215885e-03,7.652938822168206534e-03,0.000000000000000000e+00
3.680000000000000160e+00,-3.256330675372169203e-03,8.030819612613525034e-04,9.128422504887151370e-04,-2.341357738546684820e-03,7.546915019352992693e-03,0.000000000000000000e+00
3.685000000000000053e+00,-3.252226777330358490e-03,8.383886186446286044e-04,9.011814047799962275e-04,-2.322993926795813464e-03,7.441769952544176336e-03,0.000000000000000000e+00
3.689999999999999947e+00,-3.247947671704964814e-03,8.731657624754345353e-04,8.896121772105286063e-04,-2.304710520448737237e-03,7.337499349251673519e-03,0.000000000000000000e+00
3.695000000000000284e+00,-3.243495994567113447e-03,9.074179873929128642e-04,8.781341651965423505e-04,-2.286507740756788063e-03,7.234098932088178779e-03,0.000000000000000000e+00
3.700000000000000178e+00,-3.238874359074972106e-03,9.411498639403128013e-04,8.667469650696625833e-04,-2.268385800327308698e-03,7.131564419136652427e-03,0.000000000000000000e+00
3.705000000000000071e+00,-3.234085355594237474e-03,9.743659385628992064e-04,8.554501721198792255e-04,-2.250344903223737165e-03,7.029891524313238577e-03,0.000000000000000000e+00
3.709999999999999964e+00,-3.229131551818625618e-03,1.007070733607591008e-03,8.442433806380174712e-04,-2.232385245064963039e-03,6.929075957725475132e-03,0.000000000000000000e+00
3.714999999999999858e+00,-3.224015492890361552e-03,1.039268747324307782e-03,8.331261839577138676e-04,-2.214507013123954721e-03,6.829113426026298811e-03,0.000000000000000000e+00
3.720000000000000195e+00,-3.218739701520656644e-03,1.070964453869001180e-03,8.220981744969008175e-04,-2.196710386425665060e-03,6.729999632763255385e-03,0.000000000000000000e+00
3.725000000000000089e+00,-3.213306678110168253e-03,1.102162303308347902e-03,8.111589437988034074e-04,-2.178995535844214029e-03,6.631730278723577815e-03,0.000000000000000000e+00
3.729999999999999982e+00,-3.207718900869431164e-03,1.132866721626082625e-03,8.003080825724520316e-04,-2.161362624199354970e-03,6.534301062274632671e-03,0.000000000000000000e+00
3.734999999999999876e+00,-3.201978825939252177e-03,1.163082110730949111e-03,7.895451807327146052e-04,-2.143811806352225249e-03,6.437707679700144237e-03,0.000000000000000000e+00
3.740000000000000213e+00,-3.196088887511062612e-03,1.192812848466244654e-03,7.788698274398517295e-04,-2.126343229300381790e-03,6.341945825532057518e-03,0.000000000000000000e+00
3.745000000000000107e+00,-3.190051497947217485e-03,1.222063288620940311e-03,7.682816111385986019e-04,-2.108957032272129693e-03,6.247011192878036689e-03,0.000000000000000000e+00
3.750000000000000000e+00,-3.183869047901236992e-03,1.250837760942350883e-03,7.577801195967768166e-04,-2.091653346820140924e-03,6.152899473744852243e-03,0.000000000000000000e+00
3.754999999999999893e+00,-3.177543906437979918e-03,1.279140571150335585e-03,7.473649399434398495e-04,-2.074432296914371747e-03,6.059606359357375821e-03,0.000000000000000000e+00
3.760000000000000231e+00,-3.171078421153742007e-03,1.306976000953008130e-03,7.370356587065560227e-04,-2.057293999034275414e-03,5.967127540473449870e-03,0.000000000000000000e+00
3.765000000000000124e+00,-3.164474918296271509e-03,1.334348308063933045e-03,7.267918618502318753e-04,-2.040238562260317506e-03,5.875458707694722338e-03,0.000000000000000000e+00
3.770000000000000018e+00,-3.157735702884697550e-03,1.361261726220789345e-03,7.166331348114797365e-04,-2.023266088364796076e-03,5.784595551773078631e-03,0.000000000000000000e+00
3.774999999999999911e+00,-3.150863058829358326e-03,1.387720465205480097e-03,7.065590625365328597e-04,-2.006376671901968344e-03,5.694533763913260660e-03,0.000000000000000000e+00
3.780000000000000249e+00,-3.143859249051527815e-03,1.413728710865666191e-03,6.965692295167119153e-04,-1.989570400297486531e-03,5.605269036071260091e-03,0.000000000000000000e+00
3.785000000000000142e+00,-3.136726515603029293e-03,1.439290625137704810e-03,6.866632198238458752e-04,-1.972847353937146313e-03,5.516797061248770312e-03,0.000000000000000000e+00
3.790000000000000036e+00,-3.129467079785732634e-03,1.464410346070972417e-03,6.768406171452505437e-04,-1.956207606254953095e-03,5.429113533783516687e-03,0.000000000000000000e+00
3.794999999999999929e+00,-3.122083142270924965e-03,1.489091987853552110e-03,6.671010048182691781e-04,-1.939651223820503933e-03,5.342214149635808595e-03,0.000000000000000000e+00
3.800000000000000266e+00,-3.114576883218549922e-03,1.513339640839263429e-03,6.574439658643771531e-04,-1.923178266425692486e-03,5.256094606671049552e-03,0.000000000000000000e+00
3.805000000000000160e+00,-3.106950462396309426e-03,1.537157371576018368e-03,6.478690830228554364e-04,-1.906788787170737636e-03,5.170750604938351147e-03,0.000000000000000000e+00
3.810000000000000053e+00,-3.099206019298618442e-03,1.560549222835481021e-03,6.383759387840349381e-04,-1.890482832549540346e-03,5.086177846945334063e-03,0.000000000000000000e+00
3.814999999999999947e+00,-3.091345673265410553e-03,1.583519213644012233e-03,6.289641154221165030e-04,-1.874260442534369164e-03,5.002372037929025961e-03,0.000000000000000000e+00
3.820000000000000284e+00,-3.083371523600783506e-03,1.606071339314880594e-03,6.196331950275682813e-04,-1.858121650659880697e-03,4.919328886123022770e-03,0.000000000000000000e+00
3.825000000000000178e+00,-3.075285649691482121e-03,1.628209571481720056e-03,6.103827595391055722e-04,-1.842066484106474151e-03,4.837044103020889108e-03,0.000000000000000000e+00
3.830000000000000071e+00,-3.067090111125210343e-03,1.649937858133214636e-03,6.012123907752547685e-04,-1.826094963782986472e-03,4.755513403635718006e-03,0.000000000000000000e+00
3.834999999999999964e+00,-3.058786947808766338e-03,1.671260123648993321e-03,5.921216704655060626e-04,-1.810207104408728717e-03,4.674732506756148348e-03,0.000000000000000000e+00
3.839999999999999858e+00,-3.050378180085995886e-03,1.692180268836714335e-03,5.831101802810571919e-04,-1.794402914594867785e-03,4.594697135198552024e-03,0.000000000000000000e+00
3.845000000000000195e+00,-3.041865808855556685e-03,1.712702170970321642e-03,5.741775018651520176e-04,-1.778682396925155467e-03,4.515403016055654500e-03,0.000000000000000000e+00
3.850000000000000089e+00,-3.033251815688489672e-03,1.732829683829455051e-03,5.653232168630172982e-04,-1.763045548036009129e-03,4.436845880941581860e-03,0.000000000000000000e+00
3.854999999999999982e+00,-3.024538162945588672e-03,1.752566637739995468e-03,5.565469069514004767e-04,-1.747492358695945788e-03,4.359021466233209408e-03,0.000000000000000000e+00
3.859999999999999876e+00,-3.015726793894565796e-03,1.771916839615727537e-03,5.478481538677116257e-04,-1.732022813884373470e-03,4.281925513308068587e-03,0.000000000000000000e+00
3.865000000000000213e+00,-3.006819632827006060e-03,1.790884073001102958e-03,5.392265394387738865e-04,-1.716636892869742017e-03,4.205553768778697715e-03,0.000000000000000000e+00
3.870000000000000107e+00,-2.997818585175103870e-03,1.809472098115084103e-03,5.306816456091838132e-04,-1.701334569287057258e-03,4.129901984723474695e-03,0.000000000000000000e+00
3.875000000000000000e+00,-2.988725537628180058e-03,1.827684651896052974e-03,5.222130544692861736e-04,-1.686115811214760696e-03,4.054965918914021916e-03,0.000000000000000000e+00
3.879999999999999893e+00,-2.979542358248968639e-03,1.845525448047767711e-03,5.138203482827660273e-04,-1.670980581250978200e-03,3.980741335039165996e-03,0.000000000000000000e+00
3.885000000000000231e+00,-2.970270896589673713e-03,1.862998177086348231e-03,5.055031095138608991e-04,-1.655928836589140932e-03,3.907224002925542561e-03,0.000000000000000000e+00
3.890000000000000124e+00,-2.960912983807788713e-03,1.880106506388274507e-03,4.972609208541966261e-04,-1.640960529092981134e-03,3.834409698754724649e-03,0.000000000000000000e+00
3.895000000000000018e+00,-2.951470432781671920e-03,1.896854080239382531e-03,4.890933652492493715e-04,-1.626075605370905361e-03,3.762294205277131459e-03,0.000000000000000000e+00
3.899999999999999911e+00,-2.941945038225874352e-03,1.913244519884836929e-03,4.810000259244379800e-04,-1.611274006849749713e-03,3.690873312022554392e-03,0.000000000000000000e+00
3.905000000000000249e+00,-2.932338576806217852e-03,1.929281423580069162e-03,4.729804864108484090e-04,-1.596555669847917955e-03,3.620142815507400996e-03,0.000000000000000000e+00
3.910000000000000142e+00,-2.922652807254612524e-03,1.944968366642659853e-03,4.650343305705945725e-04,-1.581920525647908127e-03,3.550098519438740080e-03,0.000000000000000000e+00
3.915000000000000036e+00,-2.912889470483616579e-03,1.960308901505151795e-03,4.571611426218175501e-04,-1.567368500568227683e-03,3.480736234915047383e-03,0.000000000000000000e+00
3.919999999999999929e+00,-2.903050289700725116e-03,1.975306557768777369e-03,4.493605071633273332e-04,-1.552899516034702979e-03,3.412051780623807928e-03,0.000000000000000000e+00
3.925000000000000266e+00,-2.893136970522393065e-03,1.989964842258083039e-03,4.416320091988889542e-04,-1.538513488651184870e-03,3.344040983035933418e-03,0.000000000000000000e+00
3.930000000000000160e+00,-2.883151201087777536e-03,2.004287239076437462e-03,4.339752341611569542e-04,-1.524210330269652573e-03,3.276699676597057131e-03,0.000000000000000000e+00
3.935000000000000053e+00,-2.873094652172205211e-03,2.018277209662404370e-03,4.263897679352607914e-04,-1.509989948059721216e-03,3.210023703915702853e-03,0.000000000000000000e+00
3.939999999999999947e+00,-2.862968977300353081e-03,2.031938192846966321e-03,4.188751968820440645e-04,-1.495852244577553728e-03,3.144008915948331290e-03,0.000000000000000000e+00
3.945000000000000284e+00,-2.852775812859140777e-03,2.045273604911586763e-03,4.114311078609606399e-04,-1.481797117834181624e-03,3.078651172181440937e-03,0.000000000000000000e+00
3.950000000000000178e+00,-2.842516778210332773e-03,2.058286839647089153e-03,4.040570882526309357e-04,-1.467824461363237062e-03,3.013946340810529090e-03,0.000000000000000000e+00
3.955000000000000071e+00,-2.832193475802840914e-03,2.070981268413342284e-03,3.967527259810606395e-04,-1.453934164288099009e-03,2.949890298916124642e-03,0.000000000000000000e+00
3.959999999999999964e+00,-2.821807491284729873e-03,2.083360240199737517e-03,3.895176095355253835e-04,-1.440126111388458259e-03,2.886478932636795530e-03,0.000000000000000000e+00
3.965000000000000302e+00,-2.811360393614915562e-03,2.095427081686439697e-03,3.823513279921239788e-04,-1.426400183166301331e-03,2.823708137339293878e-03,0.000000000000000000e+00
3.970000000000000195e+00,-2.800853735174557799e-03,2.107185097306399617e-03,3.752534710350031912e-04,-1.412756255911319083e-03,2.761573817785679258e-03,0.000000000000000000e+00
3.975000000000000089e+00,-2.790289051878138554e-03,2.118637569308112843e-03,3.682236289772568218e-04,-1.399194201765742007e-03,2.700071888297628231e-03,0.000000000000000000e+00
3.979999999999999982e+00,-2.779667863284226645e-03,2.129787757819110589e-03,3.612613927815022923e-04,-1.385713888788605436e-03,2.639198272917874649e-03,0.000000000000000000e+00
3.984999999999999876e+00,-2.768991672705921944e-03,2.140638900910168344e-03,3.543663540801369029e-04,-1.372315181019446214e-03,2.578948905568780731e-03,0.000000000000000000e+00
3.990000000000000213e+00,-2.758261967320976924e-03,2.151194214660217922e-03,3.475381051952773940e-04,-1.358997938541437519e-03,2.519319730208080532e-03,0.000000000000000000e+00
3.995000000000000107e+00,-2.747480218281592949e-03,2.161456893221949064e-03,3.407762391583850901e-04,-1.345762017543960338e-03,2.460306700981955419e-03,0.000000000000000000e+00
4.000000000000000000e+00,-2.736647880823885222e-03,2.171430108888088018e-03,3.340803497295796059e-04,-1.332607270384618533e-03,2.401905782375191728e-03,0.000000000000000000e+00
4.004999999999999893e+00,-2.725766394377016413e-03,2.181117012158336615e-03,3.274500314166437723e-04,-1.319533545650698140e-03,2.344112949358725939e-03,0.000000000000000000e+00
4.009999999999999787e+00,-2.714837182671992009e-03,2.190520731806961004e-03,3.208848794937227628e-04,-1.306540688220075028e-03,2.286924187534438574e-03,0.000000000000000000e+00
4.014999999999999680e+00,-2.703861653850117824e-03,2.199644374951016581e-03,3.143844900197201309e-04,-1.293628539321573520e-03,2.230335493277287029e-03,0.000000000000000000e+00
4.020000000000000462e+00,-2.692841200571114476e-03,2.208491027119192235e-03,3.079484598563930905e-04,-1.280796936594779225e-03,2.174342873874735710e-03,0.000000000000000000e+00
4.025000000000000355e+00,-2.681777200120885347e-03,2.217063752321266502e-03,3.015763866861505618e-04,-1.268045714149309113e-03,2.118942347663650000e-03,0.000000000000000000e+00
4.030000000000000249e+00,-2.670671014518936296e-03,2.225365593118157001e-03,2.952678690295557182e-04,-1.255374702623541670e-03,2.064129944164480590e-03,0.000000000000000000e+00
4.035000000000000142e+00,-2.659523990625443663e-03,2.233399570692554039e-03,2.890225062625366654e-04,-1.242783729242810361e-03,2.009901704212970625e-03,0.000000000000000000e+00
4.040000000000000036e+00,-2.648337460247967949e-03,2.241168684920124068e-03,2.828398986333072055e-04,-1.230272617877064319e-03,1.956253680089212188e-03,0.000000000000000000e+00
4.044999999999999929e+00,-2.637112740247808847e-03,2.248675914441270862e-03,2.767196472790007210e-04,-1.217841189097996265e-03,1.903181935644277650e-03,0.000000000000000000e+00
4.049999999999999822e+00,-2.625851132646002482e-03,2.255924216733441387e-03,2.706613542420197266e-04,-1.205489260235645009e-03,1.850682546424238517e-03,0.000000000000000000e+00
4.054999999999999716e+00,-2.614553924728953063e-03,2.262916528183965548e-03,2.646646224861037454e-04,-1.193216645434472343e-03,1.798751599791807709e-03,0.000000000000000000e+00
4.060000000000000497e+00,-2.603222389153700671e-03,2.269655764163413299e-03,2.587290559121180572e-04,-1.181023155708917994e-03,1.747385195045459555e-03,0.000000000000000000e+00
4.065000000000000391e+00,-2.591857784052820860e-03,2.276144819099464815e-03,2.528542593735661381e-04,-1.168908598998436976e-03,1.696579443536148923e-03,0.000000000000000000e+00
4.070000000000000284e+00,-2.580461353138953015e-03,2.282386566551271572e-03,2.470398386918278510e-04,-1.156872780222020433e-03,1.646330468781612155e-03,0.000000000000000000e+00
4.075000000000000178e+00,-2.569034325808956624e-03,2.288383859284307074e-03,2.412854006711266392e-04,-1.144915501332204955e-03,1.596634406578294890e-03,0.000000000000000000e+00
4.080000000000000071e+00,-2.557577917247690676e-03,2.294139529345686802e-03,2.355905531132279206e-04,-1.133036561368571228e-03,1.547487405110929345e-03,0.000000000000000000e+00
4.084999999999999964e+00,-2.546093328531416622e-03,2.299656388139949617e-03,2.299549048318710106e-04,-1.121235756510737241e-03,1.498885625059747165e-03,0.000000000000000000e+00
4.089999999999999858e+00,-2.534581746730821435e-03,2.304937226505291044e-03,2.243780656669376388e-04,-1.109512880130847107e-03,1.450825239705412842e-03,0.000000000000000000e+00
4.094999999999999751e+00,-2.523044345013657295e-03,2.309984814790232415e-03,2.188596464983590649e-04,-1.097867722845560301e-03,1.403302435031630879e-03,0.000000000000000000e+00
4.099999999999999645e+00,-2.511482282746997034e-03,2.314801902930717619e-03,2.133992592597645842e-04,-1.086300072567541932e-03,1.356313409825574134e-03,0.000000000000000000e+00
4.105000000000000426e+00,-2.499896705599104034e-03,2.319391220527627050e-03,2.079965169518737831e-04,-1.074809714556460363e-03,1.309854375775951207e-03,0.000000000000000000e+00
4.110000000000000320e+00,-2.488288745640912687e-03,2.323755476924693579e-03,2.026510336556351178e-04,-1.063396431469491301e-03,1.263921557568940118e-03,0.000000000000000000e+00
4.115000000000000213e+00,-2.476659521447118102e-03,2.327897361286815781e-03,1.973624245451130932e-04,-1.052060003411334644e-03,1.218511192981911948e-03,0.000000000000000000e+00
4.120000000000000107e+00,-2.465010138196875068e-03,2.331819542678751928e-03,1.921303059001265915e-04,-1.040800207983745389e-03,1.173619532974953111e-03,0.000000000000000000e+00
4.125000000000000000e+00,-2.453341687774099333e-03,2.335524670144187385e-03,1.869542951186408146e-04,-1.029616820334582072e-03,1.129242841780264336e-03,0.000000000000000000e+00
4.129999999999999893e+00,-2.441655248867376400e-03,2.339015372785163693e-03,1.818340107289151191e-04,-1.018509613206374257e-03,1.085377396989408577e-03,0.000000000000000000e+00
4.134999999999999787e+00,-2.429951887069468734e-03,2.342294259841858940e-03,1.767690724014092370e-04,-1.007478356984415355e-03,1.042019489638491142e-03,0.000000000000000000e+00
4.139999999999999680e+00,-2.418232654976425720e-03,2.345363920772710730e-03,1.717591009604502389e-04,-9.965228197443797009e-04,9.991654242912130501e-04,0.000000000000000000e+00
4.145000000000000462e+00,-2.406498592286292031e-03,2.348226925334868324e-03,1.668037183956625738e-04,-9.856427672994701704e-04,9.568115191198930253e-04,0.000000000000000000e+00
4.150000000000000355e+00,-2.394750725897410934e-03,2.350885823664966567e-03,1.619025478731634586e-04,-9.748379632470970937e-04,9.149541059844269048e-04,0.000000000000000000e+00
4.155000000000000249e+00,-2.382990070006325584e-03,2.353343146360210338e-03,1.570552137465261683e-04,-9.641081690150928073e-04,8.735895305092191560e-04,0.000000000000000000e+00
4.160000000000000142e+00,-2.371217626205271347e-03,2.355601404559760827e-03,1.522613415675133934e-04,-9.534531439074632507e-04,8.327141521581784417e-04,0.000000000000000000e+00
4.165000000000000036e+00,-2.359434383579263935e-03,2.357663090026412400e-03,1.475205580965828879e-04,-9.428726451496815967e-04,7.923243443076575382e-04,0.000000000000000000e+00
4.169999999999999929e+00,-2.347641318802774248e-03,2.359530675228550898e-03,1.428324913131678474e-04,-9.323664279335244559e-04,7.524164943174885267e-04,0.000000000000000000e+00
4.174999999999999822e+00,-2.335839396235996415e-03,2.361206613422384745e-03,1.381967704257342660e-04,-9.219342454614556448e-04,7.129870036000820338e-04,0.000000000000000000e+00
4.179999999999999716e+00,-2.324029568020702114e-03,2.362693338734438413e-03,1.336130258816174970e-04,-9.115758489905593587e-04,6.740322876875697033e-04,0.000000000000000000e+00
4.185000000000000497e+00,-2.312212774175682450e-03,2.363993266244298740e-03,1.290808893766402364e-04,-9.012909878760254605e-04,6.355487762971061272e-04,0.000000000000000000e+00
4.190000000000000391e+00,-2.300389942691775241e-03,2.365108792067606262e-03,1.245999938645141831e-04,-8.910794096141905728e-04,5.975329133942781923e-04,0.000000000000000000e+00
4.195000000000000284e+00,-2.288561989626475973e-03,2.366042293439280745e-03,1.201699735660276893e-04,-8.809408598851368143e-04,5.599811572546738864e-04,0.000000000000000000e+00
4.200000000000000178e+00,-2.276729819198134146e-03,2.366796128796973091e-03,1.157904639780213689e-04,-8.708750825948527365e-04,5.228899805235758674e-04,0.000000000000000000e+00
4.205000000000000071e+00,-2.264894323879729394e-03,2.367372637864734088e-03,1.114611018821541166e-04,-8.608818199169567843e-04,4.862558702739220445e-04,0.000000000000000000e+00
4.209999999999999964e+00,-2.253056384492230831e-03,2.367774141736891762e-03,1.071815253534615553e-04,-8.509608123339889186e-04,4.500753280623874530e-04,0.000000000000000000e+00
4.214999999999999858e+00,-2.241216870297535295e-03,2.368002942962127780e-03,1.029513737687090958e-04,-8.411117986782710521e-04,4.143448699837626314e-04,0.000000000000000000e+00
4.219999999999999751e+00,-2.229376639090984054e-03,2.368061325627745118e-03,9.877028781454173551e-05,-8.313345161723402011e-04,3.790610267235643149e-04,0.000000000000000000e+00
4.224999999999999645e+00,-2.217536537293460144e-03,2.367951555444119168e-03,9.463790949543283222e-05,-8.216287004689574970e-04,3.442203436088940582e-04,0.000000000000000000e+00
4.230000000000000426e+00,-2.205697400043060263e-03,2.367675879829320151e-03,9.055388214143381890e-05,-8.119940856906946846e-04,3.098193806575812170e-04,0.000000000000000000e+00
4.235000000000000320e+00,-2.193860051286345130e-03,2.367236527993904667e-03,8.651785041572704045e-05,-8.024304044691017929e-04,2.758547126256952892e-04,0.000000000000000000e+00
4.240000000000000213e+00,-2.182025303869164403e-03,2.366635711025862933e-03,8.252946032198384086e-05,-7.929373879834591228e-04,2.423229290532992464e-04,0.000000000000000000e+00
4.245000000000000107e+00,-2.170193959627057453e-03,2.365875621975715212e-03,7.858835921152987922e-05,-7.835147659991152863e-04,2.092206343085913078e-04,0.000000000000000000e+00
4.250000000000000000e+00,-2.158366809475226536e-03,2.364958435941750051e-03,7.469419579031978868e-05,-7.741622669054146590e-04,1.765444476304108695e-04,0.000000000000000000e+00
4.254999999999999893e+00,-2.146544633498085383e-03,2.363886310155397831e-03,7.084662012572323858e-05,-7.648796177532173881e-04,1.442910031691588962e-04,0.000000000000000000e+00
4.259999999999999787e+00,-2.134728201038379753e-03,2.362661384066727047e-03,6.704528365312443236e-05,-7.556665442920143441e-04,1.124569500260096111e-04,0.000000000000000000e+00
4.264999999999999680e+00,-2.122918270785879944e-03,2.361285779430061151e-03,6.328983918233693881e-05,-7.465227710066392897e-04,8.103895229070665063e-05,0.000000000000000000e+00
4.270000000000000462e+00,-2.111115590865645687e-03,2.359761600389703815e-03,5.957994090383607918e-05,-7.374480211535822810e-04,5.003368907762970053e-05,0.000000000000000000e+00
4.275000000000000355e+00,-2.099320898925861271e-03,2.358090933565768280e-03,5.591524439481067267e-05,-7.284420167969057067e-04,1.943785456044039295e-05,0.000000000000000000e+00
4.280000000000000249e+00,-2.087534922225241750e-03,2.356275848140102543e-03,5.229540662503622054e-05,-7.195044788437669802e-04,-1.075184199483998626e-05,0.000000000000000000e+00
4.285000000000000142e+00,-2.075758377720009814e-03,2.354318395942300857e-03,4.872008596257141960e-05,-7.106351270795491833e-04,-4.053867619829322477e-05,0.000000000000000000e+00
4.290000000000000036e+00,-2.063991972150441140e-03,2.352220611535798915e-03,4.518894217928002410e-05,-7.018336802026036748e-04,-6.992590850596683283e-05,0.000000000000000000e+00
4.294999999999999929e+00,-2.052236402126980403e-03,2.349984512304038441e-03,4.170163645617996055e-05,-6.930998558586069390e-04,-9.891678419133090316e-05,0.000000000000000000e+00
4.299999999999999822e+00,-2.040492354215925341e-03,2.347612098536703759e-03,3.825783138862159916e-05,-6.844333706745341691e-04,-1.275145333180724427e-04,0.000000000000000000e+00
4.304999999999999716e+00,-2.028760505024679740e-03,2.345105353516012577e-03,3.485719099129712709e-05,-6.758339402922521879e-04,-1.557223707144006486e-04,0.000000000000000000e+00
4.310000000000000497e+00,-2.017041521286574903e-03,2.342466243603064449e-03,3.149938070308288672e-05,-6.673012794017352820e-04,-1.835434959487312889e-04,0.000000000000000000e+00
4.315000000000000391e+00,-2.005336059945260051e-03,2.339696718324230876e-03,2.818406739171657976e-05,-6.588351017739053602e-04,-2.109810933068143740e-04,0.000000000000000000e+00
4.320000000000000284e+00,-1.993644768238659031e-03,2.336798710457587466e-03,2.491091935831122440e-05,-6.504351202931002310e-04,-2.380383317702062379e-04,0.000000000000000000e+00
4.325000000000000178e+00,-1.981968283782495517e-03,2.333774136119377753e-03,2.167960634170765108e-05,-6.421010469891718416e-04,-2.647183649961259294e-04,0.000000000000000000e+00
4.330000000000000071e+00,-1.970307234653386700e-03,2.330624894850503049e-03,1.848979952266746466e-05,-6.338325930692172974e-04,-2.910243312986490749e-04,0.000000000000000000e+00
4.334999999999999964e+00,-1.958662239471503728e-03,2.327352869703031794e-03,1.534117152790825174e-05,-6.256294689489464572e-04,-3.169593536312739074e-04,0.000000000000000000e+00
4.339999999999999858e+00,-1.947033907482798899e-03,2.323959927326722363e-03,1.223339643398284253e-05,-6.174913842836866461e-04,-3.425265395707813992e-04,0.000000000000000000e+00
4.344999999999999751e+00,-1.935422838640801129e-03,2.320447918055552373e-03,9.166149771004473626e-06,-6.094180479990286056e-04,-3.677289813023756210e-04,0.000000000000000000e+00
4.350000000000000533e+00,-1.923829623687978814e-03,2.316818675994249295e-03,6.139108526219588235e-06,-6.014091683211161745e-04,-3.925697556061355509e-04,0.000000000000000000e+00
4.355000000000000426e+00,-1.912254844236669455e-03,2.313074019104814551e-03,3.151951147430089432e-06,-5.934644528065818707e-04,-4.170519238447618557e-04,0.000000000000000000e+00
4.360000000000000320e+00,-1.900699072849577117e-03,2.309215749293037651e-03,2.043575462667891767e-07,-5.855836083721308646e-04,-4.411785319525024160e-04,0.000000000000000000e+00
4.365000000000000213e+00,-1.889162873119837500e-03,2.305245652494992536e-03,-2.703990898684186717e-06,-5.777663413237767078e-04,-4.649526104253771594e-04,0.000000000000000000e+00
4.370000000000000107e+00,-1.877646799750649562e-03,2.301165498763509207e-03,-5.573411338900309750e-06,-5.700123573857308759e-04,-4.883771743126319453e-04,0.000000000000000000e+00
4.375000000000000000e+00,-1.866151398634476695e-03,2.296977042354617603e-03,-8.404219453085143843e-06,-5.623213617289480768e-04,-5.114552232093260917e-04,0.000000000000000000e+00
4.379999999999999893e+00,-1.854677206931813803e-03,2.292682021813956337e-03,-1.119672944447271592e-05,-5.546930589993313366e-04,-5.341897412501957904e-04,0.000000000000000000e+00
4.384999999999999787e+00,-1.843224753149523510e-03,2.288282160063141550e-03,-1.395125403827206452e-05,-5.471271533455979467e-04,-5.565836971046372872e-04,0.000000000000000000e+00
4.389999999999999680e+00,-1.831794557218740854e-03,2.283779164486088049e-03,-1.666810447925027406e-05,-5.396233484468102850e-04,-5.786400439728636019e-04,0.000000000000000000e+00
4.395000000000000462e+00,-1.820387130572345604e-03,2.279174727015281007e-03,-1.934759052945232989e-05,-5.321813475395719426e-04,-6.003617195832122375e-04,0.000000000000000000e+00
4.400000000000000355e+00,-1.809002976222004152e-03,2.274470524217988687e-03,-2.199002046605613443e-05,-5.248008534448943621e-04,-6.217516461905926023e-04,0.000000000000000000e+00
4.405000000000000249e+00,-1.797642588834780101e-03,2.269668217382414879e-03,-2.459570107936101226e-05,-5.174815685947339872e-04,-6.428127305759985533e-04,0.000000000000000000e+00
4.410000000000000142e+00,-1.786306454809314216e-03,2.264769452603782388e-03,-2.716493767090811525e-05,-5.102231950582041507e-04,-6.635478640471884071e-04,0.000000000000000000e+00
4.415000000000000036e+00,-1.774995052351574596e-03,2.259775860870344086e-03,-2.969803405173105217e-05,-5.030254345674633294e-04,-6.839599224404135924e-04,0.000000000000000000e+00
4.419999999999999929e+00,-1.763708851550176409e-03,2.254689058149316350e-03,-3.219529254073517243e-05,-4.958879885432824737e-04,-7.040517661232072177e-04,0.000000000000000000e+00
4.424999999999999822e+00,-1.752448314451272296e-03,2.249510645472730091e-03,-3.465701396320386760e-05,-4.888105581202935833e-04,-7.238262399982420964e-04,0.000000000000000000e+00
4.429999999999999716e+00,-1.741213895133014288e-03,2.244242209023192443e-03,-3.708349764943036917e-05,-4.817928441719229954e-04,-7.432861735082582286e-04,0.000000000000000000e+00
4.435000000000000497e+00,-1.730006039779585954e-03,2.238885320219558255e-03,-3.947504143347336234e-05,-4.748345473350103641e-04,-7.624343806419409120e-04,0.000000000000000000e+00
4.440000000000000391e+00,-1.718825186754808229e-03,2.233441535802500964e-03,-4.183194165203497905e-05,-4.679353680341169605e-04,-7.812736599409168814e-04,0.000000000000000000e+00
4.445000000000000284e+00,-1.707671766675315913e-03,2.227912397919983717e-03,-4.415449314345953050e-05,-4.610950065055250844e-04,-7.998067945076620458e-04,0.000000000000000000e+00
4.450000000000000178e+00,-1.696546202483307630e-03,2.222299434212622084e-03,-4.644298924685145448e-05,-4.543131628209310258e-04,-8.180365520144335795e-04,0.000000000000000000e+00
4.455000000000000071e+00,-1.685448909518869704e-03,2.216604157898936171e-03,-4.869772180131100704e-05,-4.475895369108346669e-04,-8.359656847131621826e-04,0.000000000000000000e+00
4.459999999999999964e+00,-1.674380295591874164e-03,2.210828067860485212e-03,-5.091898114528609933e-05,-4.409238285876269708e-04,-8.535969294463235935e-04,0.000000000000000000e+00
4.464999999999999858e+00,-1.663340761053449992e-03,2.204972648726883332e-03,-5.310705611603887689e-05,-4.343157375683787732e-04,-8.709330076587269015e-04,0.000000000000000000e+00
4.469999999999999751e+00,-1.652330698867031334e-03,2.199039370960689105e-03,-5.526223404922545583e-05,-4.277649634973325560e-04,-8.879766254102413464e-04,0.000000000000000000e+00
4.475000000000000533e+00,-1.641350494678980474e-03,2.193029690942165880e-03,-5.738480077858739949e-05,-4.212712059681001319e-04,-9.047304733894694084e-04,0.000000000000000000e+00
4.480000000000000426e+00,-1.630400526888787756e-03,2.186945051053909399e-03,-5.947504063575344502e-05,-4.148341645455679190e-04,-9.211972269282525660e-04,0.000000000000000000e+00
4.485000000000000320e+00,-1.619481166718848668e-03,2.180786879765336198e-03,-6.153323645015004988e-05,-4.084535387875130592e-04,-9.373795460171831934e-04,0.000000000000000000e+00
4.490000000000000213e+00,-1.608592778283818954e-03,2.174556591717031941e-03,-6.355966954901926089e-05,-4.021290282659315722e-04,-9.532800753218528475e-04,0.000000000000000000e+00
4.495000000000000107e+00,-1.597735718659547971e-03,2.168255587804951423e-03,-6.555461975754257073e-05,-3.958603325880820692e-04,-9.689014442001101651e-04,0.000000000000000000e+00
4.500000000000000000e+00,-1.586910337951591811e-03,2.161885255264470694e-03,-6.751836539906922385e-05,-3.896471514172461644e-04,-9.842462667200698942e-04,0.000000000000000000e+00
4.504999999999999893e+00,-1.576116979363306183e-03,2.155446967754283925e-03,-6.945118329544766383e-05,-3.834891844932088916e-04,-9.993171416789858180e-04,0.000000000000000000e+00
4.509999999999999787e+00,-1.565355979263520578e-03,2.148942085440143281e-03,-7.135334876745864506e-05,-3.773861316524606429e-04,-1.014116652622985837e-03,0.000000000000000000e+00
4.514999999999999680e+00,-1.554627667253793933e-03,2.142371955078436162e-03,-7.322513563534871440e-05,-3.713376928481237210e-04,-1.028647367867593747e-03,0.000000000000000000e+00
4.520000000000000462e+00,-1.543932366235252875e-03,2.135737910099598080e-03,-7.506681621946262632e-05,-3.653435681696045332e-04,-1.042911840519040317e-03,0.000000000000000000e+00
4.525000000000000355e+00,-1.533270392475013415e-03,2.129041270691355535e-03,-7.687866134097329554e-05,-3.594034578619752229e-04,-1.056912608496399231e-03,0.000000000000000000e+00
4.530000000000000249e+00,-1.522642055672186311e-03,2.122283343881797152e-03,-7.866094032270802691e-05,-3.535170623450856068e-04,-1.070652194554492370e-03,0.000000000000000000e+00
4.535000000000000142e+00,-1.512047659023468263e-03,2.115465423622267440e-03,-8.041392099006965349e-05,-3.476840822324085592e-04,-1.084133106307528030e-03,0.000000000000000000e+00
4.540000000000000036e+00,-1.501487499288318940e-03,2.108588790870081879e-03,-8.213786967205118723e-05,-3.419042183496206902e-04,-1.097357836253549240e-03,0.000000000000000000e+00
4.544999999999999929e+00,-1.490961866853724501e-03,2.101654713671057256e-03,-8.383305120234273513e-05,-3.361771717529204832e-04,-1.110328861799593329e-03,0.000000000000000000e+00
4.549999999999999822e+00,-1.480471045798549112e-03,2.094664447241856818e-03,-8.549972892052940714e-05,-3.305026437470861699e-04,-1.123048645287571395e-03,0.000000000000000000e+00
4.554999999999999716e+00,-1.470015313957475332e-03,2.087619234052145046e-03,-8.713816467337875201e-05,-3.248803359032756736e-04,-1.135519634020896312e-03,0.000000000000000000e+00
4.560000000000000497e+00,-1.459594942984534030e-03,2.080520303906548997e-03,-8.874861881621669117e-05,-3.193099500765707354e-04,-1.147744260291799420e-03,0.000000000000000000e+00
4.565000000000000391e+00,-1.449210198416225328e-03,2.073368874026421897e-03,-9.033135021439043274e-05,-3.137911884232672281e-04,-1.159724941409369728e-03,0.000000000000000000e+00
4.570000000000000284e+00,-1.438861339734230594e-03,2.066166149131409835e-03,-9.188661624481724076e-05,-3.083237534179136645e-04,-1.171464079728231494e-03,0.000000000000000000e+00
4.575000000000000178e+00,-1.428548620427717852e-03,2.058913321520813335e-03,-9.341467279761778576e-05,-3.029073478701007727e-04,-1.182964062677948659e-03,0.000000000000000000e+00
4.580000000000000071e+00,-1.418272288055240186e-03,2.051611571154744653e-03,-9.491577427783280273e-05,-2.975416749410034938e-04,-1.194227262793051171e-03,0.000000000000000000e+00
4.584999999999999964e+00,-1.408032584306229519e-03,2.044262065735074751e-03,-9.639017360722189093e-05,-2.922264381596778962e-04,-1.205256037743751736e-03,0.000000000000000000e+00
4.589999999999999858e+00,-1.397829745062085767e-03,2.036865960786170358e-03,-9.783812222614310036e-05,-2.869613414391152277e-04,-1.216052730367265383e-03,0.000000000000000000e+00
4.594999999999999751e+00,-1.387664000456863105e-03,2.029424399735414632e-03,-9.925987009551227478e-05,-2.817460890920546251e-04,-1.226619668699800367e-03,0.000000000000000000e+00
4.600000000000000533e+00,-1.377535574937553556e-03,2.021938513993511415e-03,-1.006556656988408368e-04,-2.765803858465574073e-04,-1.236959166009128034e-03,0.000000000000000000e+00
4.605000000000000426e+00,-1.367444687323970736e-03,2.014409423034569605e-03,-1.020257560443507954e-04,-2.714639368613443616e-04,-1.247073520827794105e-03,0.000000000000000000e+00
4.610000000000000320e+00,-1.357391550868232650e-03,2.006838234475962889e-03,-1.033703866671659453e-04,-2.663964477408984634e-04,-1.256965016986926267e-03,0.000000000000000000e+00
4.615000000000000213e+00,-1.347376373313846588e-03,1.999226044157966127e-03,-1.046898016315779177e-04,-2.613776245503347632e-04,-1.266635923650594273e-03,0.000000000000000000e+00
4.620000000000000107e+00,-1.337399356954395262e-03,1.991573936223161451e-03,-1.059842435333860507e-04,-2.564071738300399889e-04,-1.276088495350806255e-03,0.000000000000000000e+00
4.625000000000000000e+00,-1.327460698691828060e-03,1.983882983195614513e-03,-1.072539535023098753e-04,-2.514848026100832733e-04,-1.285324972023038463e-03,0.000000000000000000e+00
4.629999999999999893e+00,-1.317560590094355713e-03,1.976154246059816984e-03,-1.084991712044730490e-04,-2.466102184244005542e-04,-1.294347579042314043e-03,0.000000000000000000e+00
4.634999999999999787e+00,-1.307699217453951387e-03,1.968388774339394423e-03,-1.097201348449577230e-04,-2.417831293247544092e-04,-1.303158527259860346e-03,0.000000000000000000e+00
4.639999999999999680e+00,-1.297876761843458652e-03,1.960587606175573892e-03,-1.109170811704280945e-04,-2.370032438944713854e-04,-1.311760013040281884e-03,0.000000000000000000e+00
4.645000000000000462e+00,-1.288093399173308260e-03,1.952751768405412616e-03,-1.120902454718220877e-04,-2.322702712619587203e-04,-1.320154218299276691e-03,0.000000000000000000e+00
4.650000000000000355e+00,-1.278349300247843320e-03,1.944882276639782904e-03,-1.132398615871101468e-04,-2.275839211140027324e-04,-1.328343310541851841e-03,0.000000000000000000e+00
4.655000000000000249e+00,-1.268644630821255887e-03,1.936980135341111620e-03,-1.143661619041198672e-04,-2.229439037088504249e-04,-1.336329442901085414e-03,0.000000000000000000e+00
4.660000000000000142e+00,-1.258979551653135846e-03,1.929046337900873313e-03,-1.154693773634255844e-04,-2.183499298890765532e-04,-1.344114754177329514e-03,0.000000000000000000e+00
4.665000000000000036e+00,-1.249354218563631866e-03,1.921081866716832683e-03,-1.165497374613017403e-04,-2.138017110942380802e-04,-1.351701368877974898e-03,0.000000000000000000e+00
4.669999999999999929e+00,-1.239768782488227892e-03,1.913087693270035510e-03,-1.176074702527389983e-04,-2.092989593733179444e-04,-1.359091397257633244e-03,0.000000000000000000e+00
4.674999999999999822e+00,-1.230223389532134103e-03,1.905064778201545671e-03,-1.186428023545220087e-04,-2.048413873969597389e-04,-1.366286935358838536e-03,0.000000000000000000e+00
4.679999999999999716e+00,-1.220718181024296224e-03,1.897014071388926923e-03,-1.196559589483679162e-04,-2.004287084694959592e-04,-1.373290065053166947e-03,0.000000000000000000e+00
4.685000000000000497e+00,-1.211253293571022118e-03,1.888936512022466006e-03,-1.206471637841244045e-04,-1.960606365407709562e-04,-1.380102854082858061e-03,0.000000000000000000e+00
4.690000000000000391e+00,-1.201828859109227822e-03,1.880833028681135749e-03,-1.216166391830264223e-04,-1.917368862177608465e-04,-1.386727356102848956e-03,0.000000000000000000e+00
4.695000000000000284e+00,-1.192445004959305195e-03,1.872704539408297751e-03,-1.225646060410104539e-04,-1.874571727759923837e-04,-1.393165610723242406e-03,0.000000000000000000e+00
4.700000000000000178e+00,-1.183101853877611184e-03,1.864551951787139653e-03,-1.234912838320853989e-04,-1.832212121707622822e-04,-1.399419643552221332e-03,0.000000000000000000e+00
4.705000000000000071e+00,-1.173799524108580213e-03,1.856376163015848292e-03,-1.243968906117590980e-04,-1.790287210481593253e-04,-1.405491466239373096e-03,0.000000000000000000e+00
4.709999999999999964e+00,-1.164538129436462534e-03,1.848178059982515282e-03,-1.252816430205193809e-04,-1.748794167558905574e-04,-1.411383076519413197e-03,0.000000000000000000e+00
4.714999999999999858e+00,-1.155317779236687652e-03,1.839958519339773054e-03,-1.261457562873688368e-04,-1.707730173539140275e-04,-1.417096458256333121e-03,0.000000000000000000e+00
4.719999999999999751e+00,-1.146138578526855216e-03,1.831718407579161151e-03,-1.269894442334123304e-04,-1.667092416248793039e-04,-1.422633581487906841e-03,0.000000000000000000e+00
4.725000000000000533e+00,-1.137000628017355774e-03,1.823458581105219739e-03,-1.278129192754960187e-04,-1.626878090843780636e-04,-1.427996402470621453e-03,0.000000000000000000e+00
4.730000000000000426e+00,-1.127904024161620724e-03,1.815179886309309246e-03,-1.286163924298974325e-04,-1.587084399910061662e-04,-1.433186863724946955e-03,0.000000000000000000e+00
4.735000000000000320e+00,-1.118848859206004282e-03,1.806883159643154612e-03,-1.294000733160651883e-04,-1.547708553562394615e-04,-1.438206894081001108e-03,0.000000000000000000e+00
4.740000000000000213e+00,-1.109835221239298571e-03,1.798569227692112206e-03,-1.301641701604076785e-04,-1.508747769541246596e-04,-1.443058408724556905e-03,0.000000000000000000e+00
4.745000000000000107e+00,-1.100863194241882880e-03,1.790238907248158746e-03,-1.309088898001298457e-04,-1.470199273307872965e-04,-1.447743309243411727e-03,0.000000000000000000e+00
4.750000000000000000e+00,-1.091932858134507999e-03,1.781893005382600070e-03,-1.316344376871169037e-04,-1.432060298137584472e-04,-1.452263483674101283e-03,0.000000000000000000e+00
4.754999999999999893e+00,-1.083044288826719506e-03,1.773532319518498438e-03,-1.323410178918643263e-04,-1.394328085211221397e-04,-1.456620806548920366e-03,0.000000000000000000e+00
4.759999999999999787e+00,-1.074197558264917409e-03,1.765157637502817083e-03,-1.330288331074531288e-04,-1.356999883704848781e-04,-1.460817138943321146e-03,0.000000000000000000e+00
4.764999999999999680e+00,-1.065392734480057795e-03,1.756769737678281129e-03,-1.336980846535695204e-04,-1.320072950877694171e-04,-1.464854328523599843e-03,0.000000000000000000e+00
4.770000000000000462e+00,-1.056629881634994295e-03,1.748369388954952499e-03,-1.343489724805680872e-04,-1.283544552158340604e-04,-1.468734209594888939e-03,0.000000000000000000e+00
4.775000000000000355e+00,-1.047909060071463292e-03,1.739957350881518377e-03,-1.349816951735776933e-04,-1.247411961229196798e-04,-1.472458603149484407e-03,0.000000000000000000e+00
4.780000000000000249e+00,-1.039230326356713283e-03,1.731534373716292572e-03,-1.355964499566491503e-04,-1.211672460109255664e-04,-1.476029316915437699e-03,0.000000000000000000e+00
4.785000000000000142e+00,-1.030593733329779934e-03,1.723101198497926966e-03,-1.361934326969438153e-04,-1.176323339235164705e-04,-1.479448145405468226e-03,0.000000000000000000e+00
4.790000000000000036e+00,-1.021999330147407674e-03,1.714658557115832831e-03,-1.367728379089623591e-04,-1.141361897540619705e-04,-1.482716869966126290e-03,0.000000000000000000e+00
4.794999999999999929e+00,-1.013447162329621102e-03,1.706207172380311363e-03,-1.373348587588128094e-04,-1.106785442534101481e-04,-1.485837258827263493e-03,0.000000000000000000e+00
4.799999999999999822e+00,-1.004937271804945322e-03,1.697747758092391698e-03,-1.378796870685170288e-04,-1.072591290374970207e-04,-1.488811067151764658e-03,0.000000000000000000e+00
4.804999999999999716e+00,-9.964696969552786898e-04,1.689281019113375538e-03,-1.384075133203547874e-04,-1.038776765947936549e-04,-1.491640037085497023e-03,0.000000000000000000e+00
4.810000000000000497e+00,-9.880444726604179547e-04,1.680807651434086669e-03,-1.389185266612447806e-04,-1.005339202935922086e-04,-1.494325897807595102e-03,0.000000000000000000e+00
4.815000000000000391e+00,-9.796616303422384184e-04,1.672328342243826430e-03,-1.394129149071616136e-04,-9.722759438913294741e-05,-1.496870365580916856e-03,0.000000000000000000e+00
4.820000000000000284e+00,-9.713211980085292028e-04,1.663843769999031469e-03,-1.398908645475879970e-04,-9.395843403057356393e-05,-1.499275143802796710e-03,0.000000000000000000e+00
4.825000000000000178e+00,-9.630232002964871042e-04,1.655354604491635724e-03,-1.403525607500014463e-04,-9.072617526780239923e-05,-1.501541923055964029e-03,0.000000000000000000e+00
4.830000000000000071e+00,-9.547676585158687080e-04,1.646861506917132734e-03,-1.407981873643946455e-04,-8.753055505809757180e-05,-1.503672381159786410e-03,0.000000000000000000e+00
4.834999999999999964e+00,-9.465545906918030380e-04,1.638365129942340225e-03,-1.412279269278287719e-04,-8.437131127263290892e-05,-1.505668183221638970e-03,0.000000000000000000e+00
4.839999999999999858e+00,-9.383840116072659360e-04,1.629866117772864158e-03,-1.416419606690188300e-04,-8.124818270283284862e-05,-1.507530981688547708e-03,0.000000000000000000e+00
4.844999999999999751e+00,-9.302559328452184462e-04,1.621365106220262883e-03,-1.420404685129505649e-04,-7.816090906657766752e-05,-1.509262416399005918e-03,0.000000000000000000e+00
4.850000000000000533e+00,-9.221703628304093146e-04,1.612862722768909672e-03,-1.424236290855278937e-04,-7.510923101426040334e-05,-1.510864114635008951e-03,0.000000000000000000e+00
4.855000000000000426e+00,-9.141273068708449627e-04,1.604359586642553192e-03,-1.427916197182503447e-04,-7.209289013469749152e-05,-1.512337691174288692e-03,0.000000000000000000e+00
4.860000000000000320e+00,-9.061267671989262865e-04,1.595856308870575264e-03,-1.431446164529196049e-04,-6.911162896089414575e-05,-1.513684748342716303e-03,0.000000000000000000e+00
4.865000000000000213e+00,-8.981687430122558581e-04,1.587353492353946139e-03,-1.434827940463746115e-04,-6.616519097566620378e-05,-1.514906876066899038e-03,0.000000000000000000e+00
4.870000000000000107e+00,-8.902532305141155292e-04,1.578851731930874455e-03,-1.438063259752543426e-04,-6.325332061712006461e-05,-1.516005651926948363e-03,0.000000000000000000e+00
4.875000000000000000e+00,-8.823802229536169316e-04,1.570351614442153836e-03,-1.441153844407877147e-04,-6.037576328399216061e-05,-1.516982641209442583e-03,0.000000000000000000e+00
4.879999999999999893e+00,-8.745497106655255237e-04,1.561853718796203530e-03,-1.444101403736097440e-04,-5.753226534084923840e-05,-1.517839396960498320e-03,0.000000000000000000e+00
4.884999999999999787e+00,-8.667616811097607864e-04,1.553358616033804172e-03,-1.446907634386034307e-04,-5.472257412315121699e-05,-1.518577460039056666e-03,0.000000000000000000e+00
4.889999999999999680e+00,-8.590161189105730011e-04,1.544866869392526928e-03,-1.449574220397666069e-04,-5.194643794217815492e-05,-1.519198359170288596e-03,0.000000000000000000e+00
4.895000000000000462e+00,-8.513130058953991041e-04,1.536379034370856031e-03,-1.452102833251030711e-04,-4.920360608982230860e-05,-1.519703610999168647e-03,0.000000000000000000e+00
4.900000000000000355e+00,-8.436523211333981590e-04,1.527895658792004490e-03,-1.454495131915373304e-04,-4.649382884324730142e-05,-1.520094720144157460e-03,0.000000000000000000e+00
4.905000000000000249e+00,-8.360340409736691583e-04,1.519417282867422531e-03,-1.456752762898523557e-04,-4.381685746941548100e-05,-1.520373179251043906e-03,0.000000000000000000e+00
4.910000000000000142e+00,-8.284581390831513700e-04,1.510944439259997475e-03,-1.458877360296496168e-04,-4.117244422948511113e-05,-1.520540469046921658e-03,0.000000000000000000e+00
4.915000000000000036e+00,-8.209245864842099408e-04,1.502477653146945709e-03,-1.460870545843307746e-04,-3.856034238307869279e-05,-1.520598058394258137e-03,0.000000000000000000e+00
4.919999999999999929e+00,-8.134333515919077310e-04,1.494017442282396082e-03,-1.462733928961004607e-04,-3.598030619242381005e-05,-1.520547404345137799e-03,0.000000000000000000e+00
4.924999999999999822e+00,-8.059844002509648992e-04,1.485564317059664963e-03,-1.464469106809892780e-04,-3.343209092636796462e-05,-1.520389952195527316e-03,0.000000000000000000e+00
4.929999999999999716e+00,-7.985776957724078631e-04,1.477118780573220998e-03,-1.466077664338968044e-04,-3.091545286426891008e-05,-1.520127135539759127e-03,0.000000000000000000e+00
4.935000000000000497e+00,-7.912131989699092626e-04,1.468681328680341517e-03,-1.467561174336535156e-04,-2.843014929976166825e-05,-1.519760376325014761e-03,0.000000000000000000e+00
4.940000000000000391e+00,-7.838908681958204434e-04,1.460252450062458213e-03,-1.468921197481013840e-04,-2.597593854440366100e-05,-1.519291084905982072e-03,0.000000000000000000e+00
4.945000000000000284e+00,-7.766106593768980866e-04,1.451832626286194035e-03,-1.470159282391923664e-04,-2.355257993119944129e-05,-1.518720660099566900e-03,0.000000000000000000e+00
4.950000000000000178e+00,-7.693725260497260698e-04,1.443422331864089138e-03,-1.471276965681041573e-04,-2.115983381800611124e-05,-1.518050489239690382e-03,0.000000000000000000e+00
4.955000000000000071e+00,-7.621764193958349438e-04,1.435022034315017181e-03,-1.472275772003727487e-04,-1.879746159082108729e-05,-1.517281948232170616e-03,0.000000000000000000e+00
4.959999999999999964e+00,-7.550222882765197843e-04,1.426632194224290457e-03,-1.473157214110411154e-04,-1.646522566695352707e-05,-1.516416401609712965e-03,0.000000000000000000e+00
4.964999999999999858e+00,-7.479100792673583700e-04,1.418253265303455598e-03,-1.473922792898234063e-04,-1.416288949808024301e-05,-1.515455202586914662e-03,0.000000000000000000e+00
4.969999999999999751e+00,-7.408397366924309889e-04,1.409885694449777892e-03,-1.474573997462842864e-04,-1.189021757318820501e-05,-1.514399693115384788e-03,0.000000000000000000e+00
4.975000000000000533e+00,-7.338112026582442561e-04,1.401529921805415519e-03,-1.475112305150324816e-04,-9.646975421404309806e-06,-1.513251203938900018e-03,0.000000000000000000e+00
4.980000000000000426e+00,-7.268244170873588376e-04,1.393186380816282188e-03,-1.475539181609284464e-04,-7.432929614714014552e-06,-1.512011054648635614e-03,0.000000000000000000e+00
4.985000000000000320e+00,-7.198793177517245467e-04,1.384855498290600345e-03,-1.475856080843051491e-04,-5.247847770570033091e-06,-1.510680553738423960e-03,0.000000000000000000e+00
4.990000000000000213e+00,-7.129758403057227063e-04,1.376537694457142342e-03,-1.476064445262017058e-04,-3.091498554392424446e-06,-1.509260998660095490e-03,0.000000000000000000e+00
4.995000000000000107e+00,-7.061139183189189209e-04,1.368233383023162181e-03,-1.476165705736092652e-04,-9.636516819613122367e-07,-1.507753675878838705e-03,0.000000000000000000e+00
5.000000000000000000e+00,-6.992934833085259327e-04,1.359942971232015437e-03,-1.476161281647285766e-04,1.135922078296599853e-06,-1.506159860928589890e-03,0.000000000000000000e+00
5.004999999999999893e+00,-6.925144647715802482e-04,1.351666859920469315e-03,-1.476052580942386965e-04,3.207450903126151672e-06,-1.504480818467506106e-03,0.000000000000000000e+00
5.009999999999999787e+00,-6.857767902168319940e-04,1.343405443575701984e-03,-1.475841000185763765e-04,5.251161912365779022e-06,-1.502717802333397622e-03,0.000000000000000000e+00
5.014999999999999680e+00,-6.790803851963513613e-04,1.335159110391991597e-03,-1.475527924612255598e-04,7.267281166971585268e-06,-1.500872055599254901e-03,0.000000000000000000e+00
5.020000000000000462e+00,-6.724251733368517489e-04,1.326928242327095244e-03,-1.475114728180165822e-04,9.256033667142877757e-06,-1.498944810628752376e-03,0.000000000000000000e+00
5.025000000000000355e+00,-6.658110763707323146e-04,1.318713215158316947e-03,-1.474602773624343719e-04,1.121764335054748895e-05,-1.496937289131779767e-03,0.000000000000000000e+00
5.030000000000000249e+00,-6.592380141668405854e-04,1.310514398538266878e-03,-1.473993412509353492e-04,1.315233309064583194e-05,-1.494850702220004842e-03,0.000000000000000000e+00
5.035000000000000142e+00,-6.527059047609570785e-04,1.302332156050309839e-03,-1.473287985282724865e-04,1.506032469511254097e-05,-1.492686250462415577e-03,0.000000000000000000e+00
5.040000000000000036e+00,-6.462146643860037761e-04,1.294166845263704539e-03,-1.472487821328279285e-04,1.694183890435444669e-05,-1.490445123940905029e-03,0.000000000000000000e+00
5.044999999999999929e+00,-6.397642075019773205e-04,1.286018817788434077e-03,-1.471594239019528784e-04,1.879709539012379174e-05,-1.488128502305806128e-03,0.000000000000000000e+00
5.049999999999999822e+00,-6.333544468256088831e-04,1.277888419329726568e-03,-1.470608545773141238e-04,2.062631275422527400e-05,-1.485737554831479583e-03,0.000000000000000000e+00
5.054999999999999716e+00,-6.269852933597524396e-04,1.269775989742266773e-03,-1.469532038102467969e-04,2.242970852731610747e-05,-1.483273440471851931e-03,0.000000000000000000e+00
5.060000000000000497e+00,-6.206566564225026459e-04,1.261681863084100240e-03,-1.468366001671129897e-04,2.420749916779765595e-05,-1.480737307915979805e-03,0.000000000000000000e+00
5.065000000000000391e+00,-6.143684436760436145e-04,1.253606367670228455e-03,-1.467111711346654921e-04,2.595990006079779751e-05,-1.478130295643542659e-03,0.000000000000000000e+00
5.070000000000000284e+00,-6.081205611552311947e-04,1.245549826125895865e-03,-1.465770431254166792e-04,2.768712551724239682e-05,-1.475453531980410078e-03,0.000000000000000000e+00
5.075000000000000178e+00,-6.019129132959087549e-04,1.237512555439570063e-03,-1.464343414830114923e-04,2.938938877301542111e-05,-1.472708135154078340e-03,0.000000000000000000e+00
5.080000000000000071e+00,-5.957454029629596134e-04,1.229494867015614064e-03,-1.462831904876047025e-04,3.106690198820589066e-05,-1.469895213349168769e-03,0.000000000000000000e+00
5.084999999999999964e+00,-5.896179314780963321e-04,1.221497066726651972e-03,-1.461237133612414802e-04,3.271987624644120626e-05,-1.467015864762854106e-03,0.000000000000000000e+00
5.089999999999999858e+00,-5.835303986473891523e-04,1.213519454965628465e-03,-1.459560322732412726e-04,3.434852155430515963e-05,-1.464071177660251910e-03,0.000000000000000000e+00
5.094999999999999751e+00,-5.774827027885348716e-04,1.205562326697561448e-03,-1.457802683455842823e-04,3.595304684084003731e-05,-1.461062230429822743e-03,0.000000000000000000e+00
5.100000000000000533e+00,-5.714747407578678979e-04,1.197625971510989616e-03,-1.455965416583001964e-04,3.753365995713139831e-05,-1.457990091638660139e-03,0.000000000000000000e+00
5.105000000000000426e+00,-5.655064079771144562e-04,1.189710673669114923e-03,-1.454049712548589207e-04,3.909056767597462101e-05,-1.454855820087809200e-03,0.000000000000000000e+00
5.110000000000000320e+00,-5.595775984598921155e-04,1.181816712160639951e-03,-1.452056751475626426e-04,4.062397569162208067e-05,-1.451660464867478295e-03,0.000000000000000000e+00
5.115000000000000213e+00,-5.536882048379558304e-04,1.173944360750300408e-03,-1.449987703229389780e-04,4.213408861960994147e-05,-1.448405065412250101e-03,0.000000000000000000e+00
5.120000000000000107e+00,-5.478381183871921210e-04,1.166093888029095561e-03,-1.447843727471349309e-04,4.362110999666343779e-05,-1.445090651556217836e-03,0.000000000000000000e+00
5.125000000000000000e+00,-5.420272290533628039e-04,1.158265557464213148e-03,-1.445625973713109082e-04,4.508524228067981845e-05,-1.441718243588051892e-03,0.000000000000000000e+00
5.129999999999999893e+00,-5.362554254775997887e-04,1.150459627448652874e-03,-1.443335581370348147e-04,4.652668685078756441e-05,-1.438288852306038486e-03,0.000000000000000000e+00
5.134999999999999787e+00,-5.305225950216526775e-04,1.142676351350547636e-03,-1.440973679816755801e-04,4.794564400748128387e-05,-1.434803479073033967e-03,0.000000000000000000e+00
5.139999999999999680e+00,-5.248286237928903586e-04,1.134915977562182040e-03,-1.438541388437958172e-04,4.934231297283085487e-05,-1.431263115871356673e-03,0.000000000000000000e+00
5.145000000000000462e+00,-5.191733966690584377e-04,1.127178749548710590e-03,-1.436039816685432617e-04,5.071689189076411069e-05,-1.427668745357628041e-03,0.000000000000000000e+00
5.150000000000000355e+00,-5.135567973227934827e-04,1.119464905896575121e-03,-1.433470064130406391e-04,5.206957782742198382e-05,-1.424021340917504871e-03,0.000000000000000000e+00
5.155000000000000249e+00,-5.079787082458964674e-04,1.111774680361621260e-03,-1.430833220517736077e-04,5.340056677158492942e-05,-1.420321866720394236e-03,0.000000000000000000e+00
5.160000000000000142e+00,-5.024390107733658472e-04,1.104108301916917161e-03,-1.428130365819762343e-04,5.471005363517015402e-05,-1.416571277774024418e-03,0.000000000000000000e+00
5.165000000000000036e+00,-4.969375851071927610e-04,1.096465994800271699e-03,-1.425362570290140583e-04,5.599823225379788755e-05,-1.412770519979004123e-03,0.000000000000000000e+00
5.169999999999999929e+00,-4.914743103399189014e-04,1.088847978561455383e-03,-1.422530894517639026e-04,5.726529538742662412e-05,-1.408920530183237294e-03,0.000000000000000000e+00
5.174999999999999822e+00,-4.860490644779593837e-04,1.081254468109123755e-03,-1.419636389479905412e-04,5.851143472105559021e-05,-1.405022236236294544e-03,0.000000000000000000e+00
5.179999999999999716e+00,-4.806617244646916990e-04,1.073685673757443070e-03,-1.416680096597195434e-04,5.973684086549403352e-05,-1.401076557043685715e-03,0.000000000000000000e+00
5.185000000000000497e+00,-4.753121662033120507e-04,1.066141801272420210e-03,-1.413663047786061628e-04,6.094170335819609931e-05,-1.397084402621030742e-03,0.000000000000000000e+00
5.190000000000000391e+00,-4.700002645794611363e-04,1.058623051917937253e-03,-1.410586265512999414e-04,6.212621066416052168e-05,-1.393046674148152447e-03,0.000000000000000000e+00
5.195000000000000284e+00,-4.647258934836201861e-04,1.051129622501490498e-03,-1.407450762848045452e-04,6.329055017689405919e-05,-1.388964264023062438e-03,0.000000000000000000e+00
5.200000000000000178e+00,-4.594889258332791036e-04,1.043661705419635663e-03,-1.404257543518327197e-04,6.443490821943788870e-05,-1.384838055915853326e-03,0.000000000000000000e+00
5.205000000000000071e+00,-4.542892335948783313e-04,1.036219488703139704e-03,-1.401007601961559333e-04,6.555947004545596821e-05,-1.380668924822494453e-03,0.000000000000000000e+00
5.209999999999999964e+00,-4.491266878055253666e-04,1.028803156061839242e-03,-1.397701923379483552e-04,6.666441984038441986e-05,-1.376457737118506625e-03,0.000000000000000000e+00
5.214999999999999858e+00,-4.440011585944879857e-04,1.021412886929207349e-03,-1.394341483791250880e-04,6.774994072264122857e-05,-1.372205350612561809e-03,0.000000000000000000e+00
5.219999999999999751e+00,-4.389125152044651514e-04,1.014048856506628675e-03,-1.390927250086740298e-04,6.881621474489521930e-05,-1.367912614599944929e-03,0.000000000000000000e+00
5.225000000000000533e+00,-4.338606260126375035e-04,1.006711235807384881e-03,-1.387460180079813394e-04,6.986342289539340515e-05,-1.363580369915915261e-03,0.000000000000000000e+00
5.230000000000000426e+00,-4.288453585514983516e-04,9.994001917003488521e-04,-1.383941222561501261e-04,7.089174509934586589e-05,-1.359209448988961139e-03,0.000000000000000000e+00
5.235000000000000320e+00,-4.238665795294672858e-04,9.921158869533907351e-04,-1.380371317353120916e-04,7.190136022036739804e-05,-1.354800675893944300e-03,0.000000000000000000e+00
5.240000000000000213e+00,-4.189241548512870556e-04,9.848584802764960046e-04,-1.376751395359316905e-04,7.289244606197500136e-05,-1.350354866405092426e-03,0.000000000000000000e+00
5.245000000000000107e+00,-4.140179496382059929e-04,9.776281263645951371e-04,-1.373082378621028380e-04,7.386517936914026663e-05,-1.345872828048926212e-03,0.000000000000000000e+00
5.250000000000000000e+00,-4.091478282479466314e-04,9.704249759401069450e-04,-1.369365180368376205e-04,7.481973582989600061e-05,-1.341355360157016861e-03,0.000000000000000000e+00
5.254999999999999893e+00,-4.043136542944626884e-04,9.632491757951967652e-04,-1.365600705073468485e-04,7.575629007699604474e-05,-1.336803253918645348e-03,0.000000000000000000e+00
5.259999999999999787e+00,-3.995152906674851161e-04,9.561008688337484197e-04,-1.361789848503122333e-04,7.667501568962766401e-05,-1.332217292433333531e-03,0.000000000000000000e+00
5.264999999999999680e+00,-3.947525995518592814e-04,9.489801941130527642e-04,-1.357933497771497547e-04,7.757608519517558460e-05,-1.327598250763236927e-03,0.000000000000000000e+00
5.270000000000000462e+00,-3.900254424466741946e-04,9.418872868852127189e-04,-1.354032531392642476e-04,7.845967007103683984e-05,-1.322946895985417778e-03,0.000000000000000000e+00
5.275000000000000355e+00,-3.853336801841856867e-04,9.348222786382655389e-04,-1.350087819332946356e-04,7.932594074648570642e-05,-1.318263987243983035e-03,0.000000000000000000e+00
5.280000000000000249e+00,-3.806771729485344011e-04,9.277852971370236261e-04,-1.346100223063497880e-04,8.017506660458782264e-05,-1.313550275802087683e-03,0.000000000000000000e+00
5.285000000000000142e+00,-3.760557802942603341e-04,9.207764664636345318e-04,-1.342070595612347261e-04,8.100721598416277052e-05,-1.308806505093805354e-03,0.000000000000000000e+00
5.290000000000000036e+00,-3.714693611646155522e-04,9.137959070578606947e-04,-1.337999781616667746e-04,8.182255618179443059e-05,-1.304033410775854536e-03,0.000000000000000000e+00
5.294999999999999929e+00,-3.669177739096758433e-04,9.068437357570808622e-04,-1.333888617374816830e-04,8.262125345388805222e-05,-1.299231720779193576e-03,0.000000000000000000e+00
5.299999999999999822e+00,-3.624008763042532006e-04,8.999200658360123313e-04,-1.329737930898292043e-04,8.340347301877359227e-05,-1.294402155360470635e-03,0.000000000000000000e+00
5.304999999999999716e+00,-3.579185255656104386e-04,8.930250070461569342e-04,-1.325548541963582100e-04,8.416937905885434632e-05,-1.289545427153333769e-03,0.000000000000000000e+00
5.310000000000000497e+00,-3.534705783709792990e-04,8.861586656549699011e-04,-1.321321262163908017e-04,8.491913472280016766e-05,-1.284662241219591610e-03,0.000000000000000000e+00
5.315000000000000391e+00,-3.490568908748832903e-04,8.793211444847537708e-04,-1.317056894960853895e-04,8.565290212778456944e-05,-1.279753295100228986e-03,0.000000000000000000e+00
5.320000000000000284e+00,-3.446773187262667268e-04,8.725125429512774547e-04,-1.312756235735885232e-04,8.637084236176493731e-05,-1.274819278866272474e-03,0.000000000000000000e+00
5.325000000000000178e+00,-3.403317170854314850e-04,8.657329571021217572e-04,-1.308420071841751757e-04,8.707311548580509383e-05,-1.269860875169526735e-03,0.000000000000000000e+00
5.330000000000000071e+00,-3.360199406407826141e-04,8.589824796547525449e-04,-1.304049182653773450e-04,8.775988053643952319e-05,-1.264878759293122179e-03,0.000000000000000000e+00
5.334999999999999964e+00,-3.317418436253843743e-04,8.522612000343216714e-04,-1.299644339621006475e-04,8.843129552807856540e-05,-1.259873599201941433e-03,0.000000000000000000e+00
5.339999999999999858e+00,-3.274972798333277324e-04,8.455692044111975036e-04,-1.295206306317288781e-04,8.908751745545371225e-05,-1.254846055592876005e-03,0.000000000000000000e+00
5.344999999999999751e+00,-3.232861026359111576e-04,8.389065757382254806e-04,-1.290735838492162091e-04,8.972870229610249032e-05,-1.249796781944935735e-03,0.000000000000000000e+00
5.350000000000000533e+00,-3.191081649976355307e-04,8.322733937877198991e-04,-1.286233684121668673e-04,9.035500501289214477e-05,-1.244726424569197977e-03,0.000000000000000000e+00
5.355000000000000426e+00,-3.149633194920149022e-04,8.256697351881875759e-04,-1.281700583459020719e-04,9.096657955658141940e-05,-1.239635622658591787e-03,0.000000000000000000e+00
5.360000000000000320e+00,-3.108514183172043444e-04,8.190956734607847964e-04,-1.277137269085141234e-04,9.156357886841964670e-05,-1.234525008337532259e-03,0.000000000000000000e+00
5.365000000000000213e+00,-3.067723133114460925e-04,8.125512790555083084e-04,-1.272544465959073482e-04,9.214615488278276863e-05,-1.229395206711387037e-03,0.000000000000000000e+00
5.370000000000000107e+00,-3.027258559683353818e-04,8.060366193871214453e-04,-1.267922891468258419e-04,9.271445852984524442e-05,-1.224246835915778018e-03,0.000000000000000000e+00
5.375000000000000000e+00,-2.987118974519072838e-04,7.995517588708157038e-04,-1.263273255478676875e-04,9.326863973828738476e-05,-1.219080507165735830e-03,0.000000000000000000e+00
5.379999999999999893e+00,-2.947302886115461124e-04,7.930967589576101619e-04,-1.258596260384855939e-04,9.380884743803758364e-05,-1.213896824804656981e-03,0.000000000000000000e+00
5.384999999999999787e+00,-2.907808799967183215e-04,7.866716781694884112e-04,-1.253892601159737382e-04,9.433522956304828252e-05,-1.208696386353127865e-03,0.000000000000000000e+00
5.389999999999999680e+00,-2.868635218715301968e-04,7.802765721342745219e-04,-1.249162965404406215e-04,9.484793305410570737e-05,-1.203479782557562725e-03,0.000000000000000000e+00
5.395000000000000462e+00,-2.829780642291121820e-04,7.739114936202492329e-04,-1.244408033397678302e-04,9.534710386167211821e-05,-1.198247597438670741e-03,0.000000000000000000e+00
5.400000000000000355e+00,-2.791243568058305474e-04,7.675764925705071259e-04,-1.239628478145544314e-04,9.583288694876034074e-05,-1.193000408339767431e-03,0.000000000000000000e+00
5.405000000000000249e+00,-2.753022490953279701e-04,7.612716161370558683e-04,-1.234824965430470303e-04,9.630542629383979415e-05,-1.187738785974893274e-03,0.000000000000000000e+00
5.410000000000000142e+00,-2.715115903623942749e-04,7.549969087146586079e-04,-1.229998153860551357e-04,9.676486489377331016e-05,-1.182463294476787923e-03,0.000000000000000000e+00
5.415000000000000036e+00,-2.677522296566684726e-04,7.487524119744203878e-04,-1.225148694918517817e-04,9.721134476678435041e-05,-1.177174491444658421e-03,0.000000000000000000e+00
5.419999999999999929e+00,-2.640240158261737777e-04,7.425381648971196655e-04,-1.220277233010592265e-04,9.764500695545372776e-05,-1.171872927991803428e-03,0.000000000000000000e+00
5.424999999999999822e+00,-2.603267975306863629e-04,7.363542038062862371e-04,-1.215384405515196635e-04,9.806599152974550607e-05,-1.166559148793036441e-03,0.000000000000000000e+00
5.429999999999999716e+00,-2.566604232549393695e-04,7.302005624010264335e-04,-1.210470842831506169e-04,9.847443759006129264e-05,-1.161233692131949206e-03,0.000000000000000000e+00
5.435000000000000497e+00,-2.530247413216636372e-04,7.240772717885964570e-04,-1.205537168427851189e-04,9.887048327032231325e-05,-1.155897089947992111e-03,0.000000000000000000e+00
5.440000000000000391e+00,-2.494195999044659115e-04,7.179843605167249418e-04,-1.200583998889963143e-04,9.925426574107882270e-05,-1.150549867883374601e-03,0.000000000000000000e+00
5.445000000000000284e+00,-2.458448470405462101e-04,7.119218546056861477e-04,-1.195611943969064931e-04,9.962592121264621378e-05,-1.145192545329783238e-03,0.000000000000000000e+00
5.450000000000000178e+00,-2.423003306432555128e-04,7.058897775801245469e-04,-1.190621606629803896e-04,9.998558493826710644e-05,-1.139825635474930833e-03,0.000000000000000000e+00
5.455000000000000071e+00,-2.387858985144948067e-04,6.998881505006319947e-04,-1.185613583098025424e-04,1.003333912172992004e-04,-1.134449645348905005e-03,0.000000000000000000e+00
5.459999999999999964e+00,-2.353013983569569206e-04,6.939169919950780290e-04,-1.180588462908387586e-04,1.006694733984277390e-04,-1.129065075870359534e-03,0.000000000000000000e+00
5.464999999999999858e+00,-2.318466777862123167e-04,6.879763182896956805e-04,-1.175546828951813276e-04,1.009939638829027202e-04,-1.123672421892493419e-03,0.000000000000000000e+00
5.469999999999999751e+00,-2.284215843426401125e-04,6.820661432399221461e-04,-1.170489257522781210e-04,1.013069941277997292e-04,-1.118272172248874251e-03,0.000000000000000000e+00
5.475000000000000533e+00,-2.250259655032054156e-04,6.761864783609966003e-04,-1.165416318366452000e-04,1.016086946493042174e-04,-1.112864809799062743e-03,0.000000000000000000e+00
5.480000000000000426e+00,-2.216596686930843573e-04,6.703373328583160130e-04,-1.160328574725630633e-04,1.018991950260184412e-04,-1.107450811474042316e-03,0.000000000000000000e+00
5.485000000000000320e+00,-2.183225412971378512e-04,6.645187136575496237e-04,-1.155226583387562272e-04,1.021786239022906670e-04,-1.102030648321485192e-03,0.000000000000000000e+00
5.490000000000000213e+00,-2.150144306712355429e-04,6.587306254345138071e-04,-1.150110894730560940e-04,1.024471089915661014e-04,-1.096604785550812271e-03,0.000000000000000000e+00
5.495000000000000107e+00,-2.117351841534308447e-04,6.529730706448076552e-04,-1.144982052770471108e-04,1.027047770797588823e-04,-1.091173682578079531e-03,0.000000000000000000e+00
5.500000000000000000e+00,-2.084846490749883827e-04,6.472460495532110112e-04,-1.139840595206959061e-04,1.029517540286448179e-04,-1.085737793070662557e-03,0.000000000000000000e+00
5.504999999999999893e+00,-2.052626727712651309e-04,6.415495602628456043e-04,-1.134687053469634590e-04,1.031881647792742254e-04,-1.080297564991762171e-03,0.000000000000000000e+00
5.509999999999999787e+00,-2.020691025924463446e-04,6.358835987441009132e-04,-1.129521952764001648e-04,1.034141333554043656e-04,-1.074853440644716858e-03,0.000000000000000000e+00
5.514999999999999680e+00,-1.989037859141372659e-04,6.302481588633250835e-04,-1.124345812117237022e-04,1.036297828669510143e-04,-1.069405856717130449e-03,0.000000000000000000e+00
5.520000000000000462e+00,-1.957665701478122314e-04,6.246432324112827401e-04,-1.119159144423795266e-04,1.038352355134586677e-04,-1.063955244324794229e-03,0.000000000000000000e+00
5.525000000000000355e+00,-1.926573027511218022e-04,6.190688091313802403e-04,-1.113962456490840298e-04,1.040306125875888553e-04,-1.058502029055436453e-03,0.000000000000000000e+00
5.530000000000000249e+00,-1.895758312380595720e-04,6.135248767476598813e-04,-1.108756249083502299e-04,1.042160344786260696e-04,-1.053046631012263248e-03,0.000000000000000000e+00
5.535000000000000142e+00,-1.865220031889894649e-04,6.080114209925638249e-04,-1.103541016969958029e-04,1.043916206760008947e-04,-1.047589464857324321e-03,0.000000000000000000e+00
5.540000000000000036e+00,-1.834956662605347164e-04,6.025284256344691459e-04,-1.098317248966335498e-04,1.045574897728297910e-04,-1.042130939854666368e-03,0.000000000000000000e+00
5.544999999999999929e+00,-1.804966681953299465e-04,5.970758725049947653e-04,-1.093085427981440694e-04,1.047137594694710753e-04,-1.036671459913314107e-03,0.000000000000000000e+00
5.549999999999999822e+00,-1.775248568316371118e-04,5.916537415260817844e-04,-1.087846031061306230e-04,1.048605465770966480e-04,-1.031211423630036409e-03,0.000000000000000000e+00
5.554999999999999716e+00,-1.745800801128266633e-04,5.862620107368478719e-04,-1.082599529433560964e-04,1.049979670212789683e-04,-1.025751224331933548e-03,0.000000000000000000e+00
5.560000000000000497e+00,-1.716621860967249957e-04,5.809006563202173288e-04,-1.077346388551620317e-04,1.051261358455929357e-04,-1.020291250118824516e-03,0.000000000000000000e+00
5.565000000000000391e+00,-1.687710229648292713e-04,5.755696526293273751e-04,-1.072087068138695529e-04,1.052451672152320168e-04,-1.014831883905437885e-03,0.000000000000000000e+00
5.570000000000000284e+00,-1.659064390313908931e-04,5.702689722137121737e-04,-1.066822022231621992e-04,1.053551744206383974e-04,-1.009373503463410326e-03,0.000000000000000000e+00
5.575000000000000178e+00,-1.630682827523684394e-04,5.649985858452658948e-04,-1.061551699224505974e-04,1.054562698811465526e-04,-1.003916481463082173e-03,0.000000000000000000e+00
5.580000000000000071e+00,-1.602564027342514164e-04,5.597584625439848199e-04,-1.056276541912188661e-04,1.055485651486398136e-04,-9.984611855151125700e-04,0.000000000000000000e+00
5.584999999999999964e+00,-1.574706477427559119e-04,5.545485696034913037e-04,-1.050996987533526827e-04,1.056321709112196871e-04,-9.930079782118777804e-04,0.000000000000000000e+00
5.589999999999999858e+00,-1.547108667113930721e-04,5.493688726163391614e-04,-1.045713467814490008e-04,1.057071969968872776e-04,-9.875572171686858303e-04,0.000000000000000000e+00
5.594999999999999751e+00,-1.519769087499116213e-04,5.442193354991026492e-04,-1.040426409011073223e-04,1.057737523772363778e-04,-9.821092550647910098e-04,0.000000000000000000e+00
5.600000000000000533e+00,-1.492686231526154815e-04,5.390999205172495798e-04,-1.035136231952025110e-04,1.058319451711580252e-04,-9.766644396842108326e-04,0.000000000000000000e+00
5.605000000000000426e+00,-1.465858594065576033e-04,5.340105883097995493e-04,-1.029843352081389582e-04,1.058818826485559541e-04,-9.712231139563476216e-04,0.000000000000000000e+00
5.610000000000000320e+00,-1.439284671996109838e-04,5.289512979137693353e-04,-1.024548179500862758e-04,1.059236712340725517e-04,-9.657856159964030122e-04,0.000000000000000000e+00
5.615000000000000213e+00,-1.412962964284180094e-04,5.239220067884054659e-04,-1.019251119011962194e-04,1.059574165108249368e-04,-9.603522791456079247e-04,0.000000000000000000e+00
5.620000000000000107e+00,-1.386891972062191821e-04,5.189226708392053692e-04,-1.013952570158009766e-04,1.059832232241507302e-04,-9.549234320112445860e-04,0.000000000000000000e+00
5.625000000000000000e+00,-1.361070198705622300e-04,5.139532444417291637e-04,-1.008652927265926577e-04,1.060011952853632421e-04,-9.494993985064749138e-04,0.000000000000000000e+00
5.629999999999999893e+00,-1.335496149908927158e-04,5.090136804652016555e-04,-1.003352579487840578e-04,1.060114357755154570e-04,-9.440804978899618172e-04,0.000000000000000000e+00
5.634999999999999787e+00,-1.310168333760271437e-04,5.041039302959067102e-04,-9.980519108425047077e-05,1.060140469491726906e-04,-9.386670448053096531e-04,0.000000000000000000e+00
5.639999999999999680e+00,-1.285085260815095696e-04,4.992239438603750853e-04,-9.927513002565272111e-05,1.060091302381933117e-04,-9.332593493202806859e-04,0.000000000000000000e+00
5.645000000000000462e+00,-1.260245444168528787e-04,4.943736696483662634e-04,-9.874511216054122117e-05,1.059967862555173646e-04,-9.278577169658365573e-04,0.000000000000000000e+00
5.650000000000000355e+00,-1.235647399526655990e-04,4.895530547356459136e-04,-9.821517437544106889e-05,1.059771147989625235e-04,-9.224624487749629159e-04,0.000000000000000000e+00
5.655000000000000249e+00,-1.211289645276653342e-04,4.847620448065597938e-04,-9.768535305991814471e-05,1.059502148550270942e-04,-9.170738413213056113e-04,0.000000000000000000e+00
5.660000000000000142e+00,-1.187170702555798455e-04,4.800005841764053952e-04,-9.715568411062622148e-05,1.059161846026998057e-04,-9.116921867576039274e-04,0.000000000000000000e+00
5.665000000000000036e+00,-1.163289095319368143e-04,4.752686158136025215e-04,-9.662620293533495165e-05,1.058751214172758630e-04,-9.063177728539238871e-04,0.000000000000000000e+00
5.669999999999999929e+00,-1.139643350407432045e-04,4.705660813616634533e-04,-9.609694445693875908e-05,1.058271218741789498e-04,-9.009508830356870775e-04,0.000000000000000000e+00
5.674999999999999822e+00,-1.116231997610552841e-04,4.658929211609644867e-04,-9.556794311744668945e-05,1.057722817527889360e-04,-8.955917964215147267e-04,0.000000000000000000e+00
5.679999999999999716e+00,-1.093053569734402938e-04,4.612490742703193340e-04,-9.503923288195298901e-05,1.057106960402748308e-04,-8.902407878608516872e-04,0.000000000000000000e+00
5.685000000000000497e+00,-1.070106602663307391e-04,4.566344784883558496e-04,-9.451084724258860138e-05,1.056424589354326417e-04,-8.848981279714113104e-04,0.000000000000000000e+00
5.690000000000000391e+00,-1.047389635422722682e-04,4.520490703746971668e-04,-9.398281922245340617e-05,1.055676638525279086e-04,-8.795640831764075986e-04,0.000000000000000000e+00
5.695000000000000284e+00,-1.024901210240661921e-04,4.474927852709482197e-04,-9.345518137952929440e-05,1.054864034251424399e-04,-8.742389157415909016e-04,0.000000000000000000e+00
5.700000000000000178e+00,-1.002639872608074604e-04,4.429655573214887889e-04,-9.292796581057391795e-05,1.053987695100250867e-04,-8.689228838120882387e-04,0.000000000000000000e+00
5.705000000000000071e+00,-9.806041713381923237e-05,4.384673194940744275e-04,-9.240120415499523509e-05,1.053048531909460411e-04,-8.636162414490356713e-04,0.000000000000000000e+00
5.709999999999999964e+00,-9.587926586248489457e-05,4.339980036002458619e-04,-9.187492759870675724e-05,1.052047447825544407e-04,-8.583192386660215903e-04,0.000000000000000000e+00
5.714999999999999858e+00,-9.372038900997850346e-05,4.295575403155485494e-04,-9.134916687796353757e-05,1.050985338342390232e-04,-8.530321214653248732e-04,0.000000000000000000e+00
5.719999999999999751e+00,-9.158364248889461342e-05,4.251458591995630420e-04,-9.082395228317876592e-05,1.049863091339913688e-04,-8.477551318739515954e-04,0.000000000000000000e+00
5.725000000000000533e+00,-8.946888256677838552e-05,4.207628887157475127e-04,-9.029931366272113272e-05,1.048681587122715961e-04,-8.424885079794811396e-04,0.000000000000000000e+00
5.730000000000000426e+00,-8.737596587155704734e-05,4.164085562510934737e-04,-8.977528042669277210e-05,1.047441698458760097e-04,-8.372324839657008851e-04,0.000000000000000000e+00
5.735000000000000320e+00,-8.530474939687339518e-05,4.120827881355957159e-04,-8.925188155068796043e-05,1.046144290618065357e-04,-8.319872901480607034e-04,0.000000000000000000e+00
5.740000000000000213e+00,-8.325509050732255833e-05,4.077855096615377721e-04,-8.872914557953236702e-05,1.044790221411417172e-04,-8.267531530089034571e-04,0.000000000000000000e+00
5.745000000000000107e+00,-8.122684694359267590e-05,4.035166451025936621e-04,-8.820710063100303301e-05,1.043380341229086845e-04,-8.215302952325237613e-04,0.000000000000000000e+00
5.750000000000000000e+00,-7.921987682751058398e-05,3.992761177327473830e-04,-8.768577439952890255e-05,1.041915493079561829e-04,-8.163189357400066522e-04,0.000000000000000000e+00
5.754999999999999893e+00,-7.723403866699336698e-05,3.950638498450310130e-04,-8.716519415987205503e-05,1.040396512628280609e-04,-8.111192897238795555e-04,0.000000000000000000e+00
5.759999999999999787e+00,-7.526919136090661335e-05,3.908797627700825658e-04,-8.664538677078954376e-05,1.038824228236371114e-04,-8.059315686825704005e-04,0.000000000000000000e+00
5.764999999999999680e+00,-7.332519420383037858e-05,3.867237768945245733e-04,-8.612637867867588152e-05,1.037199460999390206e-04,-8.007559804546480250e-04,0.000000000000000000e+00
5.770000000000000462e+00,-7.140190689073370935e-05,3.825958116791649123e-04,-8.560819592118610547e-05,1.035523024786059109e-04,-7.955927292528925786e-04,0.000000000000000000e+00
5.775000000000000355e+00,-6.949918952155854186e-05,3.784957856770202562e-04,-8.509086413083954319e-05,1.033795726276995444e-04,-7.904420156981456155e-04,0.000000000000000000e+00
5.780000000000000249e+00,-6.761690260571399090e-05,3.744236165511639946e-04,-8.457440853860417147e-05,1.032018365003436057e-04,-7.853040368529728369e-04,0.000000000000000000e+00
5.785000000000000142e+00,-6.575490706648181563e-05,3.703792210923990535e-04,-8.405885397746160862e-05,1.030191733385949941e-04,-7.801789862551310271e-04,0.000000000000000000e+00
5.790000000000000036e+00,-6.391306424533394306e-05,3.663625152367571357e-04,-8.354422488595282146e-05,1.028316616773138569e-04,-7.750670539508363634e-04,0.000000000000000000e+00
5.794999999999999929e+00,-6.209123590616294356e-05,3.623734140828253013e-04,-8.303054531170438451e-05,1.026393793480319952e-04,-7.699684265278358350e-04,0.000000000000000000e+00
5.799999999999999822e+00,-6.028928423942627173e-05,3.584118319089008107e-04,-8.251783891493550804e-05,1.024424034828194679e-04,-7.648832871482845897e-04,0.000000000000000000e+00
5.804999999999999716e+00,-5.850707186620520762e-05,3.544776821899756937e-04,-8.200612897194561835e-05,1.022408105181491623e-04,-7.598118155814205348e-04,0.000000000000000000e+00
5.810000000000000497e+00,-5.674446184217927082e-05,3.505708776145516413e-04,-8.149543837858274763e-05,1.020346761987590340e-04,-7.547541882360574422e-04,0.000000000000000000e+00
5.815000000000000391e+00,-5.500131766151698164e-05,3.466913301012866828e-04,-8.098578965369251654e-05,1.018240755815118264e-04,-7.497105781928690201e-04,0.000000000000000000e+00
5.820000000000000284e+00,-5.327750326068381626e-05,3.428389508154745715e-04,-8.047720494254791297e-05,1.016090830392519433e-04,-7.446811552364871519e-04,0.000000000000000000e+00
5.825000000000000178e+00,-5.157288302216816918e-05,3.390136501853576899e-04,-7.996970602025969062e-05,1.013897722646593810e-04,-7.396660858873956544e-04,0.000000000000000000e+00
5.830000000000000071e+00,-4.988732177812616988e-05,3.352153379182751572e-04,-7.946331429516760429e-05,1.011662162741002997e-04,-7.346655334336451432e-04,0.000000000000000000e+00
5.834999999999999964e+00,-4.822068481394618713e-05,3.314439230166464092e-04,-7.895805081221233287e-05,1.009384874114742202e-04,-7.296796579623564781e-04,0.000000000000000000e+00
5.839999999999999858e+00,-4.657283787173379367e-05,3.276993137937920923e-04,-7.845393625628823905e-05,1.007066573520573843e-04,-7.247086163910490021e-04,0.000000000000000000e+00
5.844999999999999751e+00,-4.494364715371805156e-05,3.239814178895924915e-04,-7.795099095557685728e-05,1.004707971063423358e-04,-7.197525624987601792e-04,0.000000000000000000e+00
5.850000000000000533e+00,-4.333297932557989766e-05,3.202901422859855498e-04,-7.744923488486120497e-05,1.002309770238732172e-04,-7.148116469569750636e-04,0.000000000000000000e+00
5.855000000000000426e+00,-4.174070151970345590e-05,3.166253933223045340e-04,-7.694868766882099814e-05,9.998726679707677122e-05,-7.098860173603757911e-04,0.000000000000000000e+00
5.860000000000000320e+00,-4.016668133835103521e-05,3.129870767104569193e-04,-7.644936858530862250e-05,9.973973546508872084e-05,-7.049758182573865901e-04,0.000000000000000000e+00
5.865000000000000213e+00,-3.861078685676263997e-05,3.093750975499456315e-04,-7.595129656860604968e-05,9.948845141757540545e-05,-7.000811911805247204e-04,0.000000000000000000e+00
5.870000000000000107e+00,-3.707288662618077882e-05,3.057893603427333496e-04,-7.545449021266264437e-05,9.923348239855034889e-05,-6.952022746765762051e-04,0.000000000000000000e+00
5.875000000000000000e+00,-3.555284967680131744e-05,3.022297690079510640e-04,-7.495896777431390308e-05,9.897489551018571791e-05,-6.903392043365644791e-04,0.000000000000000000e+00
5.879999999999999893e+00,-3.405054552065120177e-05,2.986962268964519726e-04,-7.446474717648111094e-05,9.871275721661831903e-05,-6.854921128255379772e-04,0.000000000000000000e+00
5.884999999999999787e+00,-3.256584415439376344e-05,2.951886368052117457e-04,-7.397184601135206562e-05,9.844713334775002532e-05,-6.806611299121614802e-04,0.000000000000000000e+00
5.889999999999999680e+00,-3.109861606206244062e-05,2.917069009915759185e-04,-7.348028154354271924e-05,9.817808910304237559e-05,-6.758463824981274844e-04,0.000000000000000000e+00
5.895000000000000462e+00,-2.964873221772362265e-05,2.882509211873559825e-04,-7.299007071323992816e-05,9.790568905530526466e-05,-6.710479946473654755e-04,0.000000000000000000e+00
5.900000000000000355e+00,-2.821606408806938735e-05,2.848205986127746113e-04,-7.250123013932524270e-05,9.762999715447937237e-05,-6.662660876150746942e-04,0.000000000000000000e+00
5.905000000000000249e+00,-2.680048363494090709e-05,2.814158339902613740e-04,-7.201377612247981822e-05,9.735107673141229069e-05,-6.615007798765643477e-04,0.000000000000000000e+00
5.910000000000000142e+00,-2.540186331778321798e-05,2.780365275581000214e-04,-7.152772464827044751e-05,9.706899050162817266e-05,-6.567521871559012670e-04,0.000000000000000000e+00
5.915000000000000036e+00,-2.402007609603215200e-05,2.746825790839279961e-04,-7.104309139021678233e-05,9.678380056909049675e-05,-6.520204224543791043e-04,0.000000000000000000e+00
5.919999999999999929e+00,-2.265499543143411961e-05,2.713538878780896290e-04,-7.055989171283971685e-05,9.649556842995812259e-05,-6.473055960787949762e-04,0.000000000000000000e+00
5.924999999999999822e+00,-2.130649529029949869e-05,2.680503528068435646e-04,-7.007814067469105511e-05,9.620435497633415042e-05,-6.426078156695404914e-04,0.000000000000000000e+00
5.929999999999999716e+00,-1.997445014569033760e-05,2.647718723054258796e-04,-6.959785303136443535e-05,9.591022050000763829e-05,-6.379271862285082473e-04,0.000000000000000000e+00
5.935000000000000497e+00,-1.865873497954312145e-05,2.615183443909695985e-04,-6.911904323848753822e-05,9.561322469618781120e-05,-6.332638101468140122e-04,0.000000000000000000e+00
5.940000000000000391e+00,-1.735922528472727560e-05,2.582896666752816910e-04,-6.864172545469570102e-05,9.531342666723077565e-05,-6.286177872323345933e-04,0.000000000000000000e+00
5.945000000000000284e+00,-1.607579706704015862e-05,2.550857363774783641e-04,-6.816591354458685647e-05,9.501088492635849576e-05,-6.239892147370579203e-04,0.000000000000000000e+00
5.950000000000000178e+00,-1.480832684713920546e-05,2.519064503364801667e-04,-6.769162108165793171e-05,9.470565740136984106e-05,-6.193781873842496826e-04,0.000000000000000000e+00
5.955000000000000071e+00,-1.355669166241197626e-05,2.487517050233672327e-04,-6.721886135122269381e-05,9.439780143834361134e-05,-6.147847973954428079e-04,0.000000000000000000e+00
5.959999999999999964e+00,-1.232076906878474625e-05,2.456213965535961248e-04,-6.674764735331110966e-05,9.408737380533332138e-05,-6.102091345172393731e-04,0.000000000000000000e+00
5.964999999999999858e+00,-1.110043714247037508e-05,2.425154206990790397e-04,-6.627799180555028801e-05,9.377443069605369166e-05,-6.056512860479292860e-04,0.000000000000000000e+00
5.969999999999999751e+00,-9.895574481656113240e-06,2.394336729001264304e-04,-6.580990714602692228e-05,9.345902773355854677e-05,-6.011113368639315908e-04,0.000000000000000000e+00
5.975000000000000533e+00,-8.706060208132039764e-06,2.363760482772539408e-04,-6.534340553613146455e-05,9.314121997391018918e-05,-5.965893694460531940e-04,0.000000000000000000e+00
5.980000000000000426e+00,-7.531773968860793049e-06,2.333424416428547907e-04,-6.487849886338388169e-05,9.282106190983981488e-05,-5.920854639055643607e-04,0.000000000000000000e+00
5.985000000000000320e+00,-6.372595937489288330e-06,2.303327475127383433e-04,-6.441519874424121044e-05,9.249860747439911986e-05,-5.875996980100990034e-04,0.000000000000000000e+00
5.990000000000000213e+00,-5.228406815803062240e-06,2.273468601175361017e-04,-6.395351652688684369e-05,9.217391004460275862e-05,-5.831321472093695720e-04,0.000000000000000000e+00
5.995000000000000107e+00,-4.099087835123923761e-06,2.243846734139758124e-04,-6.349346329400161568e-05,9.184702244506161403e-05,-5.786828846607149773e-04,0.000000000000000000e+00
6.000000000000000000e+00,-2.984520757651560387e-06,2.214460810960248137e-04,-6.303504986551678108e-05,9.151799695160672962e-05,-5.742519812544559597e-04,0.000000000000000000e+00
6.004999999999999893e+00,-1.884587877749751946e-06,2.185309766059035784e-04,-6.257828680134883365e-05,9.118688529490374137e-05,-5.698395056390765517e-04,0.000000000000000000e+00
6.009999999999999787e+00,-7.991720231778402401e-07,2.156392531449702365e-04,-6.212318440411635423e-05,9.085373866405770094e-05,-5.654455242462424775e-04,0.000000000000000000e+00
6.015000000000000568e+00,2.718434437319038320e-07,2.127708036844773237e-04,-6.166975272183879326e-05,9.051860771020818161e-05,-5.610701013156213588e-04,0.000000000000000000e+00
6.020000000000000462e+00,1.328574624950380002e-06,2.099255209762013815e-04,-6.121800155061736396e-05,9.018154255011450447e-05,-5.567132989195411590e-04,0.000000000000000000e+00
6.025000000000000355e+00,2.371137085680588223e-06,2.071032975629465448e-04,-6.076794043729798509e-05,8.984259276973098997e-05,-5.523751769874753713e-04,0.000000000000000000e+00
6.030000000000000249e+00,3.399645853338766404e-06,2.043040257889229864e-04,-6.031957868211636843e-05,8.950180742777212638e-05,-5.480557933303393386e-04,0.000000000000000000e+00
6.035000000000000142e+00,4.414215416587107373e-06,2.015275978100011919e-04,-5.987292534132535228e-05,8.915923505926745183e-05,-5.437552036646276302e-04,0.000000000000000000e+00
6.040000000000000036e+00,5.414959724417438848e-06,1.987739056038429354e-04,-5.942798922980445413e-05,8.881492367910621781e-05,-5.394734616363705722e-04,0.000000000000000000e+00
6.044999999999999929e+00,6.401992185285251679e-06,1.960428409799099285e-04,-5.898477892365173731e-05,8.846892078557146817e-05,-5.352106188449201260e-04,0.000000000000000000e+00
6.049999999999999822e+00,7.375425666293469252e-06,1.933342955893510671e-04,-5.854330276275801183e-05,8.812127336386368253e-05,-5.309667248665618598e-04,0.000000000000000000e+00
6.054999999999999716e+00,8.335372492425349890e-06,1.906481609347691409e-04,-5.810356885336347122e-05,8.777202788961368629e-05,-5.267418272779558330e-04,0.000000000000000000e+00
6.060000000000000497e+00,9.281944445825922546e-06,1.879843283798680105e-04,-5.766558507059679235e-05,8.742123033238477265e-05,-5.225359716794100804e-04,0.000000000000000000e+00
6.065000000000000391e+00,1.021525276513136541e-05,1.853426891589810368e-04,-5.722935906099671868e-05,8.706892615916402337e-05,-5.183492017179762868e-04,0.000000000000000000e+00
6.070000000000000284e+00,1.113540814484572602e-05,1.827231343864817929e-04,-5.679489824501624196e-05,8.671516033784254355e-05,-5.141815591103882522e-04,0.000000000000000000e+00
6.075000000000000178e+00,1.204252073476440694e-05,1.801255550660779540e-04,-5.636220981950942324e-05,8.635997734068474592e-05,-5.100330836658140913e-04,0.000000000000000000e+00
6.080000000000000071e+00,1.293670013944382825e-05,1.775498420999890685e-04,-5.593130076020084627e-05,8.600342114778634591e-05,-5.059038133084577289e-04,0.000000000000000000e+00
6.084999999999999964e+00,1.381805541771669263e-05,1.749958862980094854e-04,-5.550217782413786595e-05,8.564553525052114881e-05,-5.017937840999806345e-04,0.000000000000000000e+00
6.089999999999999858e+00,1.468669508225227868e-05,1.724635783864568710e-04,-5.507484755212560448e-05,8.528636265497642564e-05,-4.977030302617602760e-04,0.000000000000000000e+00
6.094999999999999751e+00,1.554272709916119165e-05,1.699528090170075896e-04,-5.464931627114483735e-05,8.492594588537689135e-05,-4.936315841969863769e-04,0.000000000000000000e+00
6.100000000000000533e+00,1.638625888764401077e-05,1.674634687754196786e-04,-5.422559009675275582e-05,8.456432698749709570e-05,-4.895794765125828334e-04,0.000000000000000000e+00
6.105000000000000426e+00,1.721739731968327587e-05,1.649954481901442333e-04,-5.380367493546671408e-05,8.420154753206219949e-05,-4.855467360409698209e-04,0.000000000000000000e+00
6.110000000000000320e+00,1.803624871977824415e-05,1.625486377408261207e-04,-5.338357648713100878e-05,8.383764861813700086e-05,-4.815333898616656547e-04,0.000000000000000000e+00
6.115000000000000213e+00,1.884291886472188666e-05,1.601229278666950538e-04,-5.296530024726671778e-05,8.347267087650318438e-05,-4.775394633227132268e-04,0.000000000000000000e+00
6.120000000000000107e+00,1.963751298341956232e-05,1.577182089748475956e-04,-5.254885150940471350e-05,8.310665447302471170e-05,-4.735649800619572570e-04,0.000000000000000000e+00
6.125000000000000000e+00,2.042013575674883055e-05,1.553343714484213111e-04,-5.213423536740184404e-05,8.273963911200119111e-05,-4.696099620281433008e-04,0.000000000000000000e+00
6.129999999999999893e+00,2.119089131745987070e-05,1.529713056546615300e-04,-5.172145671774041080e-05,8.237166403950925311e-05,-4.656744295018740761e-04,0.000000000000000000e+00
6.134999999999999787e+00,2.194988325011596614e-05,1.506289019528819653e-04,-5.131052026181094931e-05,8.200276804673175580e-05,-4.617584011163858131e-04,0.000000000000000000e+00
6.140000000000000568e+00,2.269721459107352439e-05,1.483070507023197585e-04,-5.090143050817840160e-05,8.163298947327488791e-05,-4.578618938781773683e-04,0.000000000000000000e+00
6.145000000000000462e+00,2.343298782850111511e-05,1.460056422698859525e-04,-5.049419177483174077e-05,8.126236621047291183e-05,-4.539849231874749751e-04,0.000000000000000000e+00
6.150000000000000355e+00,2.415730490243699714e-05,1.437245670378121802e-04,-5.008880819141708191e-05,8.089093570468062816e-05,-4.501275028585358801e-04,0.000000000000000000e+00
6.155000000000000249e+00,2.487026720488463334e-05,1.414637154111944074e-04,-4.968528370145437409e-05,8.051873496055346675e-05,-4.462896451397967233e-04,0.000000000000000000e+00
6.160000000000000142e+00,2.557197557994565104e-05,1.392229778254346528e-04,-4.928362206453773444e-05,8.014580054431500095e-05,-4.424713607338642742e-04,0.000000000000000000e+00
6.165000000000000036e+00,2.626253032398976023e-05,1.370022447535813078e-04,-4.888382685851945151e-05,7.977216858701207498e-05,-4.386726588173474415e-04,0.000000000000000000e+00
6.169999999999999929e+00,2.694203118586113485e-05,1.348014067135692214e-04,-4.848590148167776612e-05,7.939787478775717818e-05,-4.348935470605325062e-04,0.000000000000000000e+00
6.174999999999999822e+00,2.761057736712073876e-05,1.326203542753600121e-04,-4.808984915486846386e-05,7.902295441695831050e-05,-4.311340316469057000e-04,0.000000000000000000e+00
6.179999999999999716e+00,2.826826752232410167e-05,1.304589780679836085e-04,-4.769567292366034677e-05,7.864744231953601356e-05,-4.273941172925200919e-04,0.000000000000000000e+00
6.185000000000000497e+00,2.891519975933405393e-05,1.283171687864820222e-04,-4.730337566045465206e-05,7.827137291812770307e-05,-4.236738072652037473e-04,0.000000000000000000e+00
6.190000000000000391e+00,2.955147163966795581e-05,1.261948171987556779e-04,-4.691296006658848567e-05,7.789478021627913994e-05,-4.199731034036219540e-04,0.000000000000000000e+00
6.195000000000000284e+00,3.017718017887889619e-05,1.240918141523136289e-04,-4.652442867442233156e-05,7.751769780162301286e-05,-4.162920061361789856e-04,0.000000000000000000e+00
6.200000000000000178e+00,3.079242184697041345e-05,1.220080505809282006e-04,-4.613778384941169102e-05,7.714015884904457825e-05,-4.126305144997737158e-04,0.000000000000000000e+00
6.205000000000000071e+00,3.139729256884425744e-05,1.199434175111947792e-04,-4.575302779216294005e-05,7.676219612383430337e-05,-4.089886261584008403e-04,0.000000000000000000e+00
6.209999999999999964e+00,3.199188772478069438e-05,1.178978060689978312e-04,-4.537016254047344547e-05,7.638384198482752602e-05,-4.053663374216024805e-04,0.000000000000000000e+00
6.214999999999999858e+00,3.257630215095092799e-05,1.158711074858836672e-04,-4.498918997135601435e-05,7.600512838753094129e-05,-4.017636432627666974e-04,0.000000000000000000e+00
6.219999999999999751e+00,3.315063013996116559e-05,1.138632131053409001e-04,-4.461011180304776477e-05,7.562608688723599650e-05,-3.981805373372846249e-04,0.000000000000000000e+00
6.225000000000000533e+00,3.371496544142782133e-05,1.118740143889893556e-04,-4.423292959700341793e-05,7.524674864211911311e-05,-3.946170120005460576e-04,0.000000000000000000e+00
6.230000000000000426e+00,3.426940126258345640e-05,1.099034029226781810e-04,-4.385764475987318113e-05,7.486714441632868133e-05,-3.910730583258023325e-04,0.000000000000000000e+00
6.235000000000000320e+00,3.481403026891298209e-05,1.079512704224939377e-04,-4.348425854546517398e-05,7.448730458305874620e-05,-3.875486661218696151e-04,0.000000000000000000e+00
6.240000000000000213e+00,3.534894458481969200e-05,1.060175087406794916e-04,-4.311277205669256064e-05,7.410725912760946638e-05,-3.840438239506921078e-04,0.000000000000000000e+00
6.245000000000000107e+00,3.587423579432065572e-05,1.041020098714644590e-04,-4.274318624750538128e-05,7.372703765043415590e-05,-3.805585191447569387e-04,0.000000000000000000e+00
6.250000000000000000e+00,3.638999494177102688e-05,1.022046659568079006e-04,-4.237550192480721143e-05,7.334666937017297677e-05,-3.770927378243652851e-04,0.000000000000000000e+00
6.254999999999999893e+00,3.689631253261688604e-05,1.003253692920541432e-04,-4.200971975035664932e-05,7.296618312667317379e-05,-3.736464649147595157e-04,0.000000000000000000e+00
6.259999999999999787e+00,3.739327853417611698e-05,9.846401233150240773e-05,-4.164584024265378698e-05,7.258560738399591960e-05,-3.702196841631054825e-04,0.000000000000000000e+00
6.265000000000000568e+00,3.788098237644693011e-05,9.662048769389100186e-05,-4.128386377881163130e-05,7.220497023340964778e-05,-3.668123781553316986e-04,0.000000000000000000e+00
6.270000000000000462e+00,3.835951295294359942e-05,9.479468816779690441e-05,-4.092379059641262408e-05,7.182429939636980631e-05,-3.634245283328280032e-04,0.000000000000000000e+00
6.275000000000000355e+00,3.882895862155895888e-05,9.298650671695133751e-05,-4.056562079535026778e-05,7.144362222748515347e-05,-3.600561150090006782e-04,0.000000000000000000e+00
6.280000000000000249e+00,3.928940720545331261e-05,9.119583648547224830e-05,-4.020935433965598595e-05,7.106296571747041974e-05,-3.567071173856859682e-04,0.000000000000000000e+00
6.285000000000000142e+00,3.974094599396926444e-05,8.942257080301425562e-05,-3.985499105931125186e-05,7.068235649608537667e-05,-3.533775135694312191e-04,0.000000000000000000e+00
6.290000000000000036e+00,4.018366174357210739e-05,8.766660318983702420e-05,-3.950253065204501282e-05,7.030182083506024469e-05,-3.500672805876239033e-04,0.000000000000000000e+00
6.294999999999999929e+00,4.061764067881535315e-05,8.592782736179248619e-05,-3.915197268511657930e-05,6.992138465100750783e-05,-3.467763944044937935e-04,0.000000000000000000e+00
6.299999999999999822e+00,4.104296849333098813e-05,8.420613723523196728e-05,-3.880331659708394513e-05,6.954107350831997250e-05,-3.435048299369688769e-04,0.000000000000000000e+00
6.304999999999999716e+00,4.145973035084409019e-05,8.250142693183370535e-05,-3.845656169955768782e-05,6.916091262205517902e-05,-3.402525610703992145e-04,0.000000000000000000e+00
6.310000000000000497e+00,4.186801088621134524e-05,8.081359078335154751e-05,-3.811170717894044892e-05,6.878092686080601657e-05,-3.370195606741434313e-04,0.000000000000000000e+00
6.315000000000000391e+00,4.226789420648315200e-05,7.914252333628562532e-05,-3.776875209815210304e-05,6.840114074955771790e-05,-3.338058006170151280e-04,0.000000000000000000e+00
6.320000000000000284e+00,4.265946389198884743e-05,7.748811935647552309e-05,-3.742769539834070333e-05,6.802157847253090847e-05,-3.306112517826016815e-04,0.000000000000000000e+00
6.325000000000000178e+00,4.304280299744475452e-05,7.585027383361690149e-05,-3.708853590057921055e-05,6.764226387601104886e-05,-3.274358840844413410e-04,0.000000000000000000e+00
6.330000000000000071e+00,4.341799405308457830e-05,7.422888198570202372e-05,-3.675127230754812052e-05,6.726322047116394518e-05,-3.242796664810728216e-04,0.000000000000000000e+00
6.334999999999999964e+00,4.378511906581182463e-05,7.262383926338507876e-05,-3.641590320520407168e-05,6.688447143683754436e-05,-3.211425669909472036e-04,0.000000000000000000e+00
6.339999999999999858e+00,4.414425952037389630e-05,7.103504135427288430e-05,-3.608242706443443921e-05,6.650603962234982443e-05,-3.180245527072092949e-04,0.000000000000000000e+00
6.344999999999999751e+00,4.449549638055740557e-05,6.946238418714168784e-05,-3.575084224269805140e-05,6.612794755026288850e-05,-3.149255898123498642e-04,0.000000000000000000e+00
6.350000000000000533e+00,4.483891009040441187e-05,6.790576393608078413e-05,-3.542114698565206212e-05,6.575021741914316724e-05,-3.118456435927239754e-04,0.000000000000000000e+00
6.355000000000000426e+00,4.517458057544920509e-05,6.636507702456357228e-05,-3.509333942876505393e-05,6.537287110630782500e-05,-3.087846784529386761e-04,0.000000000000000000e+00
6.360000000000000320e+00,4.550258724397524825e-05,6.484022012944678462e-05,-3.476741759891645989e-05,6.499593017055720675e-05,-3.057426579301173028e-04,0.000000000000000000e+00
6.365000000000000213e+00,4.582300898829194755e-05,6.333109018489855115e-05,-3.444337941598233120e-05,6.461941585489348861e-05,-3.027195447080255515e-04,0.000000000000000000e+00
6.370000000000000107e+00,4.613592418603087026e-05,6.183758438625593665e-05,-3.412122269440756589e-05,6.424334908922532856e-05,-2.997153006310799119e-04,0.000000000000000000e+00
6.375000000000000000e+00,4.644141070146111237e-05,6.035960019381260097e-05,-3.380094514476464595e-05,6.386775049305874784e-05,-2.967298867182211180e-04,0.000000000000000000e+00
6.379999999999999893e+00,4.673954588682337544e-05,5.889703533653738887e-05,-3.348254437529895071e-05,6.349264037817403965e-05,-2.937632631766642173e-04,0.000000000000000000e+00
6.384999999999999787e+00,4.703040658368251565e-05,5.744978781572429664e-05,-3.316601789346072088e-05,6.311803875128878651e-05,-2.908153894155246066e-04,0.000000000000000000e+00
6.390000000000000568e+00,4.731406912429815824e-05,5.601775590857462864e-05,-3.285136310742374131e-05,6.274396531670697278e-05,-2.878862240593139639e-04,0.000000000000000000e+00
6.395000000000000462e+00,4.759060933301302522e-05,5.460083817171194686e-05,-3.253857732759081657e-05,6.237043947895417868e-05,-2.849757249613171350e-04,0.000000000000000000e+00
6.400000000000000355e+00,4.786010252765871865e-05,5.319893344463041658e-05,-3.222765776808611435e-05,6.199748034539886944e-05,-2.820838492168433603e-04,0.000000000000000000e+00
6.405000000000000249e+00,4.812262352097855305e-05,5.181194085307726645e-05,-3.191860154823441018e-05,6.162510672885979307e-05,-2.792105531763534702e-04,0.000000000000000000e+00
6.410000000000000142e+00,4.837824662206712515e-05,5.043975981236993209e-05,-3.161140569402734896e-05,6.125333715019943268e-05,-2.763557924584661906e-04,0.000000000000000000e+00
6.415000000000000036e+00,4.862704563782633643e-05,4.908229003064858815e-05,-3.130606713957679080e-05,6.088218984090358767e-05,-2.735195219628419345e-04,0.000000000000000000e+00
6.419999999999999929e+00,4.886909387443750928e-05,4.773943151206463774e-05,-3.100258272855525496e-05,6.051168274564701620e-05,-2.707016958829484149e-04,0.000000000000000000e+00
6.424999999999999822e+00,4.910446413884926473e-05,4.641108455990579650e-05,-3.070094921562359049e-05,6.014183352484522025e-05,-2.679022677187014667e-04,0.000000000000000000e+00
6.429999999999999716e+00,4.933322874028090430e-05,4.509714977965845547e-05,-3.040116326784593460e-05,5.977265955719228500e-05,-2.651211902889910512e-04,0.000000000000000000e+00
6.435000000000000497e+00,4.955545949174091649e-05,4.379752808200785831e-05,-3.010322146609198924e-05,5.940417794218485413e-05,-2.623584157440868054e-04,0.000000000000000000e+00
6.440000000000000391e+00,4.977122771156035027e-05,4.251212068577675665e-05,-2.980712030642673795e-05,5.903640550263222043e-05,-2.596138955779245467e-04,0.000000000000000000e+00
6.445000000000000284e+00,4.998060422494071708e-05,4.124082912080316056e-05,-2.951285620148763326e-05,5.866935878715255902e-05,-2.568875806402774178e-04,0.000000000000000000e+00
6.450000000000000178e+00,5.018365936551614310e-05,3.998355523075775307e-05,-2.922042548184933963e-05,5.830305407265524889e-05,-2.541794211488091794e-04,0.000000000000000000e+00
6.455000000000000071e+00,5.038046297692944694e-05,3.874020117590161260e-05,-2.892982439737610281e-05,5.793750736680937082e-05,-2.514893667010113841e-04,0.000000000000000000e+00
6.459999999999999964e+00,5.057108441442185776e-05,3.751066943578482604e-05,-2.864104911856180346e-05,5.757273441049834113e-05,-2.488173662860277942e-04,0.000000000000000000e+00
6.464999999999999858e+00,5.075559254643609633e-05,3.629486281188658205e-05,-2.835409573785778288e-05,5.720875068026071505e-05,-2.461633682963609458e-04,0.000000000000000000e+00
6.469999999999999751e+00,5.093405575623249356e-05,3.509268443019736793e-05,-2.806896027098849526e-05,5.684557139071717325e-05,-2.435273205394672576e-04,0.000000000000000000e+00
6.475000000000000533e+00,5.110654194351787550e-05,3.390403774374380541e-05,-2.778563865825505076e-05,5.648321149698367130e-05,-2.409091702492377560e-04,0.000000000000000000e+00
6.480000000000000426e+00,5.127311852608694377e-05,3.272882653505677594e-05,-2.750412676582674758e-05,5.612168569707080617e-05,-2.383088640973684289e-04,0.000000000000000000e+00
6.485000000000000320e+00,5.143385244147586689e-05,3.156695491858335038e-05,-2.722442038702061352e-05,5.576100843426940660e-05,-2.357263482046152193e-04,0.000000000000000000e+00
6.490000000000000213e+00,5.158881014862774349e-05,3.041832734304317706e-05,-2.694651524356907885e-05,5.540119389952231346e-05,-2.331615681519433108e-04,0.000000000000000000e+00
6.495000000000000107e+00,5.173805762956976828e-05,2.928284859372979915e-05,-2.667040698687581787e-05,5.504225603378246523e-05,-2.306144689915594261e-04,0.000000000000000000e+00
6.500000000000000000e+00,5.188166039110172779e-05,2.816042379475758574e-05,-2.639609119925982687e-05,5.468420853035720064e-05,-2.280849952578417779e-04,0.000000000000000000e+00
6.504999999999999893e+00,5.201968346649560928e-05,2.705095841125475774e-05,-2.612356339518782315e-05,5.432706483723884607e-05,-2.255730909781554190e-04,0.000000000000000000e+00
6.509999999999999787e+00,5.215219141720605164e-05,2.595435825150311165e-05,-2.585281902249501602e-05,5.397083815942160817e-05,-2.230786996835614497e-04,0.000000000000000000e+00
6.515000000000000568e+00,5.227924833459134015e-05,2.487052946902498345e-05,-2.558385346359433785e-05,5.361554146120479876e-05,-2.206017644194189966e-04,0.000000000000000000e+00
6.520000000000000462e+00,5.240091784164472151e-05,2.379937856461802499e-05,-2.531666203667419263e-05,5.326118746848236486e-05,-2.181422277558805068e-04,0.000000000000000000e+00
6.525000000000000355e+00,5.251726309473576124e-05,2.274081238833831816e-05,-2.505123999688477991e-05,5.290778867101877817e-05,-2.157000317982789468e-04,0.000000000000000000e+00
6.530000000000000249e+00,5.262834678536148608e-05,2.169473814143240626e-05,-2.478758253751308526e-05,5.255535732471133126e-05,-2.132751181974121106e-04,0.000000000000000000e+00
6.535000000000000142e+00,5.273423114190707410e-05,2.066106337821875408e-05,-2.452568479114659183e-05,5.220390545383880003e-05,-2.108674281597204591e-04,0.000000000000000000e+00
6.540000000000000036e+00,5.283497793141578086e-05,1.963969600791920248e-05,-2.426554183082577361e-05,5.185344485329654004e-05,-2.084769024573610930e-04,0.000000000000000000e+00
6.544999999999999929e+00,5.293064846136797286e-05,1.863054429644094961e-05,-2.400714867118545546e-05,5.150398709081803028e-05,-2.061034814381775340e-04,0.000000000000000000e+00
6.549999999999999822e+00,5.302130358146886854e-05,1.763351686810957347e-05,-2.375050026958509721e-05,5.115554350918285770e-05,-2.037471050355687836e-04,0.000000000000000000e+00
6.554999999999999716e+00,5.310700368544489861e-05,1.664852270735364497e-05,-2.349559152722806643e-05,5.080812522841123729e-05,-2.014077127782539726e-04,0.000000000000000000e+00
6.560000000000000497e+00,5.318780871284829281e-05,1.567547116034146321e-05,-2.324241729026998779e-05,5.046174314794499310e-05,-1.990852437999367230e-04,0.000000000000000000e+00
6.565000000000000391e+00,5.326377815086981177e-05,1.471427193657039425e-05,-2.299097235091620298e-05,5.011640794881514952e-05,-1.967796368488690037e-04,0.000000000000000000e+00
6.570000000000000284e+00,5.333497103615923761e-05,1.376483511040939262e-05,-2.274125144850843271e-05,4.977213009579601732e-05,-1.944908302973141550e-04,0.000000000000000000e+00
6.575000000000000178e+00,5.340144595665350145e-05,1.282707112259516816e-05,-2.249324927060070503e-05,4.942891983954592376e-05,-1.922187621509094087e-04,0.000000000000000000e+00
6.580000000000000071e+00,5.346326105341217669e-05,1.190089078168253679e-05,-2.224696045402461446e-05,4.908678721873453921e-05,-1.899633700579326720e-04,0.000000000000000000e+00
6.584999999999999964e+00,5.352047402246008740e-05,1.098620526544945674e-05,-2.200237958594396950e-05,4.874574206215686136e-05,-1.877245913184675055e-04,0.000000000000000000e+00
6.589999999999999858e+00,5.357314211663684881e-05,1.008292612225725338e-05,-2.175950120489890982e-05,4.840579399083387720e-05,-1.855023628934745344e-04,0.000000000000000000e+00
6.594999999999999751e+00,5.362132214745308914e-05,9.190965272366532319e-06,-2.151831980183955748e-05,4.806695242009993685e-05,-1.832966214137622457e-04,0.000000000000000000e+00
6.600000000000000533e+00,5.366507048695315645e-05,8.310235009209278879e-06,-2.127882982114925647e-05,4.772922656167683908e-05,-1.811073031888636763e-04,0.000000000000000000e+00
6.605000000000000426e+00,5.370444306958404592e-05,7.440648000617643737e-06,-2.104102566165747166e-05,4.739262542573473020e-05,-1.789343442158173670e-04,0.000000000000000000e+00
6.610000000000000320e+00,5.373949539407039884e-05,6.582117290009894070e-06,-2.080490167764243183e-05,4.705715782293973514e-05,-1.767776801878533392e-04,0.000000000000000000e+00
6.615000000000000213e+00,5.377028252529530197e-05,5.734556297534025773e-06,-2.057045217982355075e-05,4.672283236648847629e-05,-1.746372465029851807e-04,0.000000000000000000e+00
6.620000000000000107e+00,5.379685909618671120e-05,4.897878821169514460e-06,-2.033767143634372115e-05,4.638965747412941265e-05,-1.725129782725071548e-04,0.000000000000000000e+00
6.625000000000000000e+00,5.381927930960927597e-05,4.071999037787684672e-06,-2.010655367374152895e-05,4.605764137017110072e-05,-1.704048103294000197e-04,0.000000000000000000e+00
6.629999999999999893e+00,5.383759694026136100e-05,3.256831504171178824e-06,-1.987709307791345220e-05,4.572679208747733656e-05,-1.683126772366443655e-04,0.000000000000000000e+00
6.634999999999999787e+00,5.385186533657708251e-05,2.452291157992998548e-06,-1.964928379506613616e-05,4.539711746944930778e-05,-1.662365132954412520e-04,0.000000000000000000e+00
6.640000000000000568e+00,5.386213742263310135e-05,1.658293318755573692e-06,-1.942311993265876494e-05,4.506862517199469438e-05,-1.641762525533428576e-04,0.000000000000000000e+00
6.645000000000000462e+00,5.386846570006004431e-05,8.747536886903494335e-07,-1.919859556033564810e-05,4.474132266548382021e-05,-1.621318288122919468e-04,0.000000000000000000e+00
6.650000000000000355e+00,5.387090224995832327e-05,1.015883536183275990e-07,-1.897570471084902919e-05,4.441521723669284821e-05,-1.601031756365731921e-04,0.000000000000000000e+00
6.655000000000000249e+00,5.386949873481815558e-05,-6.612862162279564704e-07,-1.875444138097223472e-05,4.409031599073408037e-05,-1.580902263606727724e-04,0.000000000000000000e+00
6.660000000000000142e+00,5.386430640044358246e-05,-1.413953165420578935e-06,-1.853479953240319401e-05,4.376662585297337609e-05,-1.560929140970526447e-04,0.000000000000000000e+00
6.665000000000000036e+00,5.385537607788033634e-05,-2.156495252590040771e-06,-1.831677309265839778e-05,4.344415357093474978e-05,-1.541111717438338512e-04,0.000000000000000000e+00
6.669999999999999929e+00,5.384275818534734023e-05,-2.888994849716295580e-06,-1.810035595595738012e-05,4.312290571619217491e-05,-1.521449319923949333e-04,0.000000000000000000e+00
6.674999999999999822e+00,5.382650273017164269e-05,-3.611533941456546784e-06,-1.788554198409776449e-05,4.280288868624860122e-05,-1.501941273348833929e-04,0.000000000000000000e+00
6.679999999999999716e+00,5.380665931072665958e-05,-4.324194124509383064e-06,-1.767232500732094497e-05,4.248410870640227329e-05,-1.482586900716399833e-04,0.000000000000000000e+00
6.685000000000000497e+00,5.378327711837345844e-05,-5.027056607014788710e-06,-1.746069882516847045e-05,4.216657183160034351e-05,-1.463385523185384328e-04,0.000000000000000000e+00
6.690000000000000391e+00,5.375640493940498363e-05,-5.720202207989624116e-06,-1.725065720732919613e-05,4.185028394827986772e-05,-1.444336460142409259e-04,0.000000000000000000e+00
6.695000000000000284e+00,5.372609115699301924e-05,-6.403711356798122190e-06,-1.704219389447725325e-05,4.153525077619614952e-05,-1.425439029273694496e-04,0.000000000000000000e+00
6.700000000000000178e+00,5.369238375313769971e-05,-7.077664092656974626e-06,-1.683530259910091825e-05,4.122147787023854178e-05,-1.406692546635918140e-04,0.000000000000000000e+00
6.705000000000000071e+00,5.365533031061940584e-05,-7.742140064174593417e-06,-1.662997700632242208e-05,4.090897062223371200e-05,-1.388096326726272244e-04,0.000000000000000000e+00
6.709999999999999964e+00,5.361497801495289687e-05,-8.397218528924108838e-06,-1.642621077470879110e-05,4.059773426273640545e-05,-1.369649682551685871e-04,0.000000000000000000e+00
6.714999999999999858e+00,5.357137365634348226e-05,-9.042978353049701566e-06,-1.622399753707374679e-05,4.028777386280776721e-05,-1.351351925697226323e-04,0.000000000000000000e+00
6.719999999999999751e+00,5.352456363164507727e-05,-9.679498010905837800e-06,-1.602333090127075889e-05,3.997909433578122960e-05,-1.333202366393701314e-04,0.000000000000000000e+00
6.725000000000000533e+00,5.347459394631999324e-05,-1.030685558472900841e-05,-1.582420445097728956e-05,3.967170043901606694e-05,-1.315200313584432819e-04,0.000000000000000000e+00
6.730000000000000426e+00,5.342151021640027965e-05,-1.092512876434154355e-05,-1.562661174647031638e-05,3.936559677563857679e-05,-1.297345074991278473e-04,0.000000000000000000e+00
6.735000000000000320e+00,5.336535767045046889e-05,-1.153439484688712153e-05,-1.543054632539315809e-05,3.906078779627100294e-05,-1.279635957179799718e-04,0.000000000000000000e+00
6.740000000000000213e+00,5.330618115153155424e-05,-1.213473073659754675e-05,-1.523600170351370625e-05,3.875727780074818659e-05,-1.262072265623697016e-04,0.000000000000000000e+00
6.745000000000000107e+00,5.324402511916607924e-05,-1.272621294459040712e-05,-1.504297137547409349e-05,3.845507093982202028e-05,-1.244653304768437345e-04,0.000000000000000000e+00
6.750000000000000000e+00,5.317893365130416214e-05,-1.330891758869721613e-05,-1.485144881553186931e-05,3.815417121685375193e-05,-1.227378378094095635e-04,0.000000000000000000e+00
6.754999999999999893e+00,5.311095044629026573e-05,-1.388292039332163309e-05,-1.466142747829275309e-05,3.785458248949411875e-05,-1.210246788177473049e-04,0.000000000000000000e+00
6.759999999999999787e+00,5.304011882483064484e-05,-1.444829668932738371e-05,-1.447290079943500816e-05,3.755630847135148036e-05,-1.193257836753395607e-04,0.000000000000000000e+00
6.765000000000000568e+00,5.296648173196127489e-05,-1.500512141395549656e-05,-1.428586219642551163e-05,3.725935273364783598e-05,-1.176410824775287476e-04,0.000000000000000000e+00
6.770000000000000462e+00,5.289008173901609900e-05,-1.555346911077044360e-05,-1.410030506922756555e-05,3.696371870686289505e-05,-1.159705052474996161e-04,0.000000000000000000e+00
6.775000000000000355e+00,5.281096104559547831e-05,-1.609341392963485116e-05,-1.391622280100052757e-05,3.666940968236617418e-05,-1.143139819421863093e-04,0.000000000000000000e+00
6.780000000000000249e+00,5.272916148153471692e-05,-1.662502962671234260e-05,-1.373360875879130655e-05,3.637642881403720856e-05,-1.126714424581043948e-04,0.000000000000000000e+00
6.785000000000000142e+00,5.264472450887249866e-05,-1.714838956449819582e-05,-1.355245629421778436e-05,3.608477911987389134e-05,-1.110428166371111225e-04,0.000000000000000000e+00
6.790000000000000036e+00,5.255769122381907999e-05,-1.766356671187741074e-05,-1.337275874414422975e-05,3.579446348358899523e-05,-1.094280342720927151e-04,0.000000000000000000e+00
6.794999999999999929e+00,5.246810235872415078e-05,-1.817063364420981578e-05,-1.319450943134875529e-05,3.550548465619492367e-05,-1.078270251125774460e-04,0.000000000000000000e+00
6.799999999999999822e+00,5.237599828404418693e-05,-1.866966254344185592e-05,-1.301770166518288321e-05,3.521784525757671203e-05,-1.062397188702804115e-04,0.000000000000000000e+00
6.804999999999999716e+00,5.228141901030917282e-05,-1.916072519824471324e-05,-1.284232874222327463e-05,3.493154777805339392e-05,-1.046660452245737642e-04,0.000000000000000000e+00
6.810000000000000497e+00,5.218440419008859861e-05,-1.964389300417836704e-05,-1.266838394691567958e-05,3.464659457992767848e-05,-1.031059338278879920e-04,0.000000000000000000e+00
6.815000000000000391e+00,5.208499311995654280e-05,-2.011923696388126149e-05,-1.249586055221116714e-05,3.436298789902407410e-05,-1.015593143110433733e-04,0.000000000000000000e+00
6.820000000000000284e+00,5.198322474245575196e-05,-2.058682768728522155e-05,-1.232475182019469843e-05,3.408072984621543831e-05,-1.000261162885109599e-04,0.000000000000000000e+00
6.825000000000000178e+00,5.187913764806058867e-05,-2.104673539185525824e-05,-1.215505100270608817e-05,3.379982240893803511e-05,-9.850626936360590540e-05,0.000000000000000000e+00
6.830000000000000071e+00,5.177277007713869893e-05,-2.149902990285392076e-05,-1.198675134195342933e-05,3.352026745269514045e-05,-9.699970313361107929e-05,0.000000000000000000e+00
6.834999999999999964e+00,5.166415992191133772e-05,-2.194378065362984680e-05,-1.181984607111901643e-05,3.324206672254925000e-05,-9.550634719483373173e-05,0.000000000000000000e+00
6.839999999999999858e+00,5.155334472841215641e-05,-2.238105668593018215e-05,-1.165432841495785059e-05,3.296522184460288921e-05,-9.402613114759499199e-05,0.000000000000000000e+00
6.844999999999999751e+00,5.144036169844437068e-05,-2.281092665023649700e-05,-1.149019159038875159e-05,3.268973432746816133e-05,-9.255898460115127889e-05,0.000000000000000000e+00
6.850000000000000533e+00,5.132524769153622076e-05,-2.323345880612389747e-05,-1.132742880707816860e-05,3.241560556372496542e-05,-9.110483717855201447e-05,0.000000000000000000e+00
6.855000000000000426e+00,5.120803922689453431e-05,-2.364872102264298321e-05,-1.116603326801671142e-05,3.214283683136804709e-05,-8.966361852142887019e-05,0.000000000000000000e+00
6.860000000000000320e+00,5.108877248535636492e-05,-2.405678077872431582e-05,-1.100599817008848708e-05,3.187142929524284813e-05,-8.823525829472169584e-05,0.000000000000000000e+00
6.865000000000000213e+00,5.096748331133852989e-05,-2.445770516360506935e-05,-1.084731670463327733e-05,3.160138400847022267e-05,-8.681968619133939623e-05,0.000000000000000000e+00
6.870000000000000107e+00,5.084420721478496606e-05,-2.485156087727755455e-05,-1.068998205800162468e-05,3.133270191386010133e-05,-8.541683193675683999e-05,0.000000000000000000e+00
6.875000000000000000e+00,5.071897937311177501e-05,-2.523841423095926799e-05,-1.053398741210287463e-05,3.106538384531408963e-05,-8.402662529354796303e-05,0.000000000000000000e+00
6.879999999999999893e+00,5.059183463314990324e-05,-2.561833114758417111e-05,-1.037932594494623318e-05,3.079943052921710930e-05,-8.264899606585604259e-05,0.000000000000000000e+00
6.884999999999999787e+00,5.046280751308526778e-05,-2.599137716231485722e-05,-1.022599083117489568e-05,3.053484258581809583e-05,-8.128387410380184634e-05,0.000000000000000000e+00
6.890000000000000568e+00,5.033193220439629320e-05,-2.635761742307531145e-05,-1.007397524259329597e-05,3.027162053059979306e-05,-7.993118930782857267e-05,0.000000000000000000e+00
6.895000000000000462e+00,5.019924257378873141e-05,-2.671711669110395557e-05,-9.923272348687535365e-06,3.000976477563773961e-05,-7.859087163298721394e-05,0.000000000000000000e+00
6.900000000000000355e+00,5.006477216512767603e-05,-2.706993934152663182e-05,-9.773875317139048784e-06,2.974927563094842685e-05,-7.726285109315979499e-05,0.000000000000000000e+00
6.905000000000000249e+00,4.992855420136662909e-05,-2.741614936394926855e-05,-9.625777314331542139e-06,2.949015330582674022e-05,-7.594705776522184216e-05,0.000000000000000000e+00
6.910000000000000142e+00,4.979062158647359980e-05,-2.775581036306988856e-05,-9.478971505851288947e-06,2.923239791017269741e-05,-7.464342179314646794e-05,0.000000000000000000e+00
6.915000000000000036e+00,4.965100690735406577e-05,-2.808898555930968598e-05,-9.333451056980803160e-06,2.897600945580753765e-05,-7.335187339204708983e-05,0.000000000000000000e+00
6.919999999999999929e+00,4.950974243577074276e-05,-2.841573778946283603e-05,-9.189209133185967810e-06,2.872098785777922654e-05,-7.207234285216349966e-05,0.000000000000000000e+00
6.924999999999999822e+00,4.936686013026004752e-05,-2.873612950736478027e-05,-9.046238900596661832e-06,2.846733293565738979e-05,-7.080476054278727173e-05,0.000000000000000000e+00
6.929999999999999716e+00,4.922239163804519285e-05,-2.905022278457867574e-05,-8.904533526480930803e-06,2.821504441481776756e-05,-6.954905691613111774e-05,0.000000000000000000e+00
6.935000000000000497e+00,4.907636829694579964e-05,-2.935807931109971969e-05,-8.764086179712771052e-06,2.796412192771621303e-05,-6.830516251113958638e-05,0.000000000000000000e+00
6.940000000000000391e+00,4.892882113728392435e-05,-2.965976039607706570e-05,-8.624890031233564406e-06,2.771456501515229270e-05,-6.707300795724349283e-05,0.000000000000000000e+00
6.945000000000000284e+00,4.877978088378646108e-05,-2.995532696855303262e-05,-8.486938254507222883e-06,2.746637312752252591e-05,-6.585252397805840341e-05,0.000000000000000000e+00
6.950000000000000178e+00,4.862927795748377607e-05,-3.024483957821934584e-05,-8.350224025969090732e-06,2.721954562606332433e-05,-6.464364139502598279e-05,0.000000000000000000e+00
6.955000000000000071e+00,4.847734247760456791e-05,-3.052835839619010900e-05,-8.214740525468663154e-06,2.697408178408368918e-05,-6.344629113100096847e-05,0.000000000000000000e+00
6.959999999999999964e+00,4.832400426346674315e-05,-3.080594321579125229e-05,-8.080480936706157239e-06,2.672998078818769325e-05,-6.226040421378230879e-05,0.000000000000000000e+00
6.964999999999999858e+00,4.816929283636439571e-05,-3.107765345336614547e-05,-7.947438447663004608e-06,2.648724173948681542e-05,-6.108591177959112094e-05,0.000000000000000000e+00
6.969999999999999751e+00,4.801323742145063910e-05,-3.134354814909715204e-05,-7.815606251026304703e-06,2.624586365480216160e-05,-5.992274507649346296e-05,0.000000000000000000e+00
6.975000000000000533e+00,4.785586694961633229e-05,-3.160368596784279941e-05,-7.684977544607291252e-06,2.600584546785663658e-05,-5.877083546776992566e-05,0.000000000000000000e+00
6.980000000000000426e+00,4.769721005936459075e-05,-3.185812519999036151e-05,-7.555545531753865263e-06,2.576718603045712410e-05,-5.763011443523269502e-05,0.000000000000000000e+00
6.985000000000000320e+00,4.753729509868096062e-05,-3.210692376232352553e-05,-7.427303421757237758e-06,2.552988411366667888e-05,-5.650051358248932591e-05,0.000000000000000000e+00
6.990000000000000213e+00,4.737615012689924259e-05,-3.235013919890491216e-05,-7.300244430252741526e-06,2.529393840896684213e-05,-5.538196463815528740e-05,0.000000000000000000e+00
6.995000000000000107e+00,4.721380291656285694e-05,-3.258782868197319862e-05,-7.174361779614850870e-06,2.505934752941008748e-05,-5.427439945901403259e-05,0.000000000000000000e+00
7.000000000000000000e+00,4.705028095528170242e-05,-3.282004901285456681e-05,-7.049648699346469474e-06,2.482611001076246167e-05,-5.317775003312611099e-05,0.000000000000000000e+00
7.004999999999999893e+00,4.688561144758440042e-05,-3.304685662288821220e-05,-6.926098426462524527e-06,2.459422431263648092e-05,-5.209194848288829912e-05,0.000000000000000000e+00
7.009999999999999787e+00,4.671982131676589073e-05,-3.326830757436570327e-05,-6.803704205867921286e-06,2.436368881961429325e-05,-5.101692706804144845e-05,0.000000000000000000e+00
7.015000000000000568e+00,4.655293720673028379e-05,-3.348445756148390724e-05,-6.682459290729909780e-06,2.413450184236121173e-05,-4.995261818862954412e-05,0.000000000000000000e+00
7.020000000000000462e+00,4.638498548382894256e-05,-3.369536191131121741e-05,-6.562356942844903432e-06,2.390666161872963551e-05,-4.889895438790872783e-05,0.000000000000000000e+00
7.025000000000000355e+00,4.621599223869367188e-05,-3.390107558476689270e-05,-6.443390432999802989e-06,2.368016631485339276e-05,-4.785586835520731471e-05,0.000000000000000000e+00
7.030000000000000249e+00,4.604598328806497467e-05,-3.410165317761320426e-05,-6.325553041327874873e-06,2.345501402623261024e-05,-4.682329292873853906e-05,0.000000000000000000e+00
7.035000000000000142e+00,4.587498417661536155e-05,-3.429714892146019950e-05,-6.208838057659228003e-06,2.323120277880909618e-05,-4.580116109836407726e-05,0.000000000000000000e+00
7.040000000000000036e+00,4.570302017876755107e-05,-3.448761668478281250e-05,-6.093238781865933983e-06,2.300873053003233128e-05,-4.478940600831040784e-05,0.000000000000000000e+00
7.044999999999999929e+00,4.553011630050757426e-05,-3.467310997395007681e-05,-5.978748524201844011e-06,2.278759516991610837e-05,-4.378796095983849678e-05,0.000000000000000000e+00
7.049999999999999822e+00,4.535629728119272916e-05,-3.485368193426626441e-05,-5.865360605637147418e-06,2.256779452208584465e-05,-4.279675941386621146e-05,0.000000000000000000e+00
7.054999999999999716e+00,4.518158759535424989e-05,-3.502938535102364609e-05,-5.753068358187712471e-06,2.234932634481665104e-05,-4.181573499354536080e-05,0.000000000000000000e+00
7.060000000000000497e+00,4.500601145449473770e-05,-3.520027265056666972e-05,-5.641865125239261131e-06,2.213218833206220278e-05,-4.084482148679146425e-05,0.000000000000000000e+00
7.065000000000000391e+00,4.482959280888019126e-05,-3.536639590136736005e-05,-5.531744261866424343e-06,2.191637811447442818e-05,-3.988395284877004413e-05,0.000000000000000000e+00
7.070000000000000284e+00,4.465235534932667703e-05,-3.552780681511167579e-05,-5.422699135146721900e-06,2.170189326041410701e-05,-3.893306320433651425e-05,0.000000000000000000e+00
7.075000000000000178e+00,4.447432250898151074e-05,-3.568455674779662728e-05,-5.314723124469508394e-06,2.148873127695241585e-05,-3.799208685043248355e-05,0.000000000000000000e+00
7.080000000000000071e+00,4.429551746509894343e-05,-3.583669670083789745e-05,-5.207809621839936922e-06,2.127688961086344395e-05,-3.706095825843733638e-05,0.000000000000000000e+00
7.084999999999999964e+00,4.411596314081027052e-05,-3.598427732218778980e-05,-5.101952032177982038e-06,2.106636564960777814e-05,-3.613961207647644475e-05,0.000000000000000000e+00
7.089999999999999858e+00,4.393568220688833702e-05,-3.612734890746326620e-05,-4.997143773612566022e-06,2.085715672230716326e-05,-3.522798313168633766e-05,0.000000000000000000e+00
7.094999999999999751e+00,4.375469708350637093e-05,-3.626596140108386451e-05,-4.893378277770835873e-06,2.064926010071029591e-05,-3.432600643243666509e-05,0.000000000000000000e+00
7.100000000000000533e+00,4.357302994199110425e-05,-3.640016439741928595e-05,-4.790648990062632550e-06,2.044267300014983955e-05,-3.343361717051020329e-05,0.000000000000000000e+00
7.105000000000000426e+00,4.339070270657014778e-05,-3.653000714194642171e-05,-4.688949369960196499e-06,2.023739258049064740e-05,-3.255075072324025093e-05,0.000000000000000000e+00
7.110000000000000320e+00,4.320773705611352471e-05,-3.665553853241565642e-05,-4.588272891273154357e-06,2.003341594706929815e-05,-3.167734265560715086e-05,0.000000000000000000e+00
7.115000000000000213e+00,4.302415442586937666e-05,-3.677680712002617710e-05,-4.488613042418828339e-06,1.983074015162496483e-05,-3.081332872229285320e-05,0.000000000000000000e+00
7.120000000000000107e+00,4.283997600919376081e-05,-3.689386111061017273e-05,-4.389963326687916595e-06,1.962936219322167108e-05,-2.995864486969557986e-05,0.000000000000000000e+00
7.125000000000000000e+00,4.265522275927450429e-05,-3.700674836582562599e-05,-4.292317262505579260e-06,1.942927901916198898e-05,-2.911322723790345192e-05,0.000000000000000000e+00
7.129999999999999893e+00,4.246991539084908856e-05,-3.711551640435756862e-05,-4.195668383687979317e-06,1.923048752589222925e-05,-2.827701216262811000e-05,0.000000000000000000e+00
7.134999999999999787e+00,4.228407438191648276e-05,-3.722021240312756320e-05,-4.100010239694318947e-06,1.903298455989916457e-05,-2.744993617709924920e-05,0.000000000000000000e+00
7.140000000000000568e+00,4.209771997544291212e-05,-3.732088319851125535e-05,-4.005336395874412861e-06,1.883676691859833673e-05,-2.663193601391958048e-05,0.000000000000000000e+00
7.145000000000000462e+00,4.191087218106154824e-05,-3.741757528756375261e-05,-3.911640433711841812e-06,1.864183135121401545e-05,-2.582294860688135732e-05,0.000000000000000000e+00
7.150000000000000355e+00,4.172355077676601250e-05,-3.751033482925268079e-05,-3.818915951062725255e-06,1.844817455965082239e-05,-2.502291109274376243e-05,0.000000000000000000e+00
7.155000000000000249e+00,4.153577531059772667e-05,-3.759920764569870777e-05,-3.727156562390158464e-06,1.825579319935711521e-05,-2.423176081297299814e-05,0.000000000000000000e+00
7.160000000000000142e+00,4.134756510232703619e-05,-3.768423922342335178e-05,-3.636355898994351810e-06,1.806468388018013171e-05,-2.344943531544442950e-05,0.000000000000000000e+00
7.165000000000000036e+00,4.115893924512805177e-05,-3.776547471460390474e-05,-3.546507609238516663e-06,1.787484316721297536e-05,-2.267587235610775626e-05,0.000000000000000000e+00
7.169999999999999929e+00,4.096991660724723654e-05,-3.784295893833525390e-05,-3.457605358770534330e-06,1.768626758163349298e-05,-2.191100990061483397e-05,0.000000000000000000e+00
7.174999999999999822e+00,4.078051583366565060e-05,-3.791673638189843896e-05,-3.369642830740452947e-06,1.749895360153507179e-05,-2.115478612591093041e-05,0.000000000000000000e+00
7.179999999999999716e+00,4.059075534775481237e-05,-3.798685120203577556e-05,-3.282613726013849148e-06,1.731289766274941670e-05,-2.040713942179090811e-05,0.000000000000000000e+00
7.185000000000000497e+00,4.040065335292621730e-05,-3.805334722623237540e-05,-3.196511763381095598e-06,1.712809615966136555e-05,-1.966800839241789338e-05,0.000000000000000000e+00
7.190000000000000391e+00,4.021022783427439883e-05,-3.811626795400381253e-05,-3.111330679762575904e-06,1.694454544601576925e-05,-1.893733185780847070e-05,0.000000000000000000e+00
7.195000000000000284e+00,4.001949656021353837e-05,-3.817565655818988828e-05,-3.027064230409882466e-06,1.676224183571650139e-05,-1.821504885528109547e-05,0.000000000000000000e+00
7.200000000000000178e+00,3.982847708410760390e-05,-3.823155588625421012e-05,-2.943706189103041326e-06,1.658118160361764460e-05,-1.750109864087141158e-05,0.000000000000000000e+00
7.205000000000000071e+00,3.963718674589396306e-05,-3.828400846158946274e-05,-2.861250348343798305e-06,1.640136098630689775e-05,-1.679542069071189862e-05,0.000000000000000000e+00
7.209999999999999964e+00,3.944564267370047068e-05,-3.833305648482822873e-05,-2.779690519545010070e-06,1.622277618288124813e-05,-1.609795470237866785e-05,0.000000000000000000e+00
7.214999999999999858e+00,3.925386178545597660e-05,-3.837874183515912200e-05,-2.699020533216172720e-06,1.604542335571497951e-05,-1.540864059620383471e-05,0.000000000000000000e+00
7.219999999999999751e+00,3.906186079049424689e-05,-3.842110607164814554e-05,-2.619234239145132379e-06,1.586929863122001305e-05,-1.472741851655536525e-05,0.000000000000000000e+00
7.225000000000000533e+00,3.886965619115126473e-05,-3.846019043456504346e-05,-2.540325506576011244e-06,1.569439810059870610e-05,-1.405422883308323108e-05,0.000000000000000000e+00
7.230000000000000426e+00,3.867726428435587694e-05,-3.849603584671455210e-05,-2.462288224383390165e-06,1.552071782058907516e-05,-1.338901214193414938e-05,0.000000000000000000e+00
7.235000000000000320e+00,3.848470116321379308e-05,-3.852868291477234725e-05,-2.385116301242781653e-06,1.534825381420255145e-05,-1.273170926693306519e-05,0.000000000000000000e+00
7.240000000000000213e+00,3.829198271858486914e-05,-3.855817193062552453e-05,-2.308803665797434809e-06,1.517700207145427744e-05,-1.208226126073340856e-05,0.000000000000000000e+00
7.245000000000000107e+00,3.809912464065370321e-05,-3.858454287271750481e-05,-2.233344266821506050e-06,1.500695855008603424e-05,-1.144060940593577438e-05,0.000000000000000000e+00
7.250000000000000000e+00,3.790614242049346832e-05,-3.860783540739714761e-05,-2.158732073379634195e-06,1.483811917628178962e-05,-1.080669521617507898e-05,0.000000000000000000e+00
7.254999999999999893e+00,3.771305135162300972e-05,-3.862808889027198448e-05,-2.084961074982955035e-06,1.467047984537597169e-05,-1.018046043717754884e-05,0.000000000000000000e+00
7.259999999999999787e+00,3.751986653155717271e-05,-3.864534236756537588e-05,-2.012025281741594795e-06,1.450403642255447512e-05,-9.561847047786565558e-06,0.000000000000000000e+00
7.265000000000000568e+00,3.732660286335030668e-05,-3.865963457747746267e-05,-1.939918724513674660e-06,1.433878474354846407e-05,-8.950797260958993484e-06,0.000000000000000000e+00
7.270000000000000462e+00,3.713327505713297265e-05,-3.867100395154976337e-05,-1.868635455050864288e-06,1.417472061532101779e-05,-8.347253524731230914e-06,0.000000000000000000e+00
7.275000000000000355e+00,3.693989763164182030e-05,-3.867948861603326107e-05,-1.798169546140521557e-06,1.401183981674666786e-05,-7.751158523155825264e-06,0.000000000000000000e+00
7.280000000000000249e+00,3.674648491574262094e-05,-3.868512639325986496e-05,-1.728515091744450325e-06,1.385013809928386106e-05,-7.162455177209221336e-06,0.000000000000000000e+00
7.285000000000000142e+00,3.655305104994641585e-05,-3.868795480301707030e-05,-1.659666207134314534e-06,1.368961118764041049e-05,-6.581086645670398754e-06,0.000000000000000000e+00
7.290000000000000036e+00,3.635960998791880024e-05,-3.868801106392569478e-05,-1.591617029023742522e-06,1.353025478043197213e-05,-6.006996325970994895e-06,0.000000000000000000e+00
7.294999999999999929e+00,3.616617549798230899e-05,-3.868533209482056249e-05,-1.524361715697156079e-06,1.337206455083359116e-05,-5.440127855017618018e-06,0.000000000000000000e+00
7.299999999999999822e+00,3.597276116461188376e-05,-3.867995451613397986e-05,-1.457894447135358537e-06,1.321503614722437357e-05,-4.880425109985672997e-06,0.000000000000000000e+00
7.304999999999999716e+00,3.577938038992342168e-05,-3.867191465128186096e-05,-1.392209425137917269e-06,1.305916519382532571e-05,-4.327832209086081988e-06,0.000000000000000000e+00
7.310000000000000497e+00,3.558604639515539850e-05,-3.866124852805242113e-05,-1.327300873442374045e-06,1.290444729133039895e-05,-3.782293512304574787e-06,0.000000000000000000e+00
7.315000000000000391e+00,3.539277222214350560e-05,-3.864799187999722865e-05,-1.263163037840316289e-06,1.275087801753079188e-05,-3.243753622114389128e-06,0.000000000000000000e+00
7.320000000000000284e+00,3.519957073478837507e-05,-3.863218014782455366e-05,-1.199790186290344377e-06,1.259845292793256949e-05,-2.712157384161486455e-06,0.000000000000000000e+00
7.325000000000000178e+00,3.500645462051630501e-05,-3.861384848079484473e-05,-1.137176609027966967e-06,1.244716755636761279e-05,-2.187449887924695522e-06,0.000000000000000000e+00
7.330000000000000071e+00,3.481343639173298488e-05,-3.859303173811821127e-05,-1.075316618672458011e-06,1.229701741559797681e-05,-1.669576467348290148e-06,0.000000000000000000e+00
7.334999999999999964e+00,3.462052838727027522e-05,-3.856976449035381683e-05,-1.014204550330709354e-06,1.214799799791368070e-05,-1.158482701450606108e-06,0.000000000000000000e+00
7.339999999999999858e+00,3.442774277382594684e-05,-3.854408102081101388e-05,-9.538347616981095973e-07,1.200010477572398590e-05,-6.541144149056613878e-07,0.000000000000000000e+00
7.344999999999999751e+00,3.423509154739642007e-05,-3.851601532695213205e-05,-8.942016331564832434e-07,1.185333320214220119e-05,-1.564176786010595174e-07,0.000000000000000000e+00
7.350000000000000533e+00,3.404258653470251095e-05,-3.848560112179677740e-05,-8.352995678691216470e-07,1.170767871156407239e-05,3.346611898306700496e-07,0.000000000000000000e+00
7.355000000000000426e+00,3.385023939460809627e-05,-3.845287183532753442e-05,-7.771229918729386132e-07,1.156313672023977352e-05,8.191756255032016463e-07,0.000000000000000000e+00
7.360000000000000320e+00,3.365806161953181926e-05,-3.841786061589695558e-05,-7.196663541677810214e-07,1.141970262683958087e-05,1.297178815793428430e-06,0.000000000000000000e+00
7.365000000000000213e+00,3.346606453685168714e-05,-3.838060033163570947e-05,-6.629241268029276187e-07,1.127737181301323991e-05,1.768723699881652239e-06,0.000000000000000000e+00
7.370000000000000107e+00,3.327425931030268897e-05,-3.834112357186178618e-05,-6.068908049608059445e-07,1.113613964394309486e-05,2.233862968315625903e-06,0.000000000000000000e+00
7.375000000000000000e+00,3.308265694136730529e-05,-3.829946264849063098e-05,-5.515609070379596806e-07,1.099600146889101267e-05,2.692649062598068523e-06,0.000000000000000000e+00
7.379999999999999893e+00,3.289126827065900430e-05,-3.825564959744612499e-05,-4.969289747232966015e-07,1.085695262173914251e-05,3.145134174796650845e-06,0.000000000000000000e+00
7.384999999999999787e+00,3.270010397929868398e-05,-3.820971618007223676e-05,-4.429895730736477259e-07,1.071898842152456964e-05,3.591370247178131241e-06,0.000000000000000000e+00
7.390000000000000568e+00,3.250917459028402614e-05,-3.816169388454533114e-05,-3.897372905866690061e-07,1.058210417296788948e-05,4.031408971863579410e-06,0.000000000000000000e+00
7.395000000000000462e+00,3.231849046985180331e-05,-3.811161392728693888e-05,-3.371667392711146765e-07,1.044629516699575063e-05,4.465301790506802024e-06,0.000000000000000000e+00
7.400000000000000355e+00,3.212806182883312460e-05,-3.805950725437692612e-05,-2.852725547145132262e-07,1.031155668125742810e-05,4.893099893994262662e-06,0.000000000000000000e+00
7.405000000000000249e+00,3.193789872400161408e-05,-3.800540454296695515e-05,-2.340493961482751431e-07,1.017788398063543343e-05,5.314854222166983961e-06,0.000000000000000000e+00
7.410000000000000142e+00,3.174801105941450779e-05,-3.794933620269411471e-05,-1.834919465102625229e-07,1.004527231775024635e-05,5.730615463564079585e-06,0.000000000000000000e+00
7.415000000000000036e+00,3.155840858774669683e-05,-3.789133237709465179e-05,-1.335949125048496604e-07,9.913716933459178215e-06,6.140434055186886047e-06,0.000000000000000000e+00
7.419999999999999929e+00,3.136910091161769590e-05,-3.783142294501766289e-05,-8.435302466050382043e-08,9.783213057349421444e-06,6.544360182284155152e-06,0.000000000000000000e+00
7.424999999999999822e+00,3.118009748491155784e-05,-3.776963752203865645e-05,-3.576103738491520389e-08,9.653755908225340775e-06,6.942443778159011801e-06,0.000000000000000000e+00
7.429999999999999716e+00,3.099140761408968655e-05,-3.770600546187293238e-05,1.218627098229514968e-08,9.525340694590023362e-06,7.334734523994153495e-06,0.000000000000000000e+00
7.435000000000000497e+00,3.080304045949661628e-05,-3.764055585778860243e-05,5.949409811926101611e-08,9.397962615121146964e-06,7.721281848699221772e-06,0.000000000000000000e+00
7.440000000000000391e+00,3.061500503665872991e-05,-3.757331754401922427e-05,1.061676176739218610e-07,9.271616859141210289e-06,8.102134928777106533e-06,0.000000000000000000e+00
7.445000000000000284e+00,3.042731021757586566e-05,-3.750431909717592740e-05,1.522119792184107707e-07,9.146298607082152586e-06,8.477342688209725335e-06,0.000000000000000000e+00
7.450000000000000178e+00,3.023996473200593740e-05,-3.743358883765892243e-05,1.976323082057517257e-07,9.022003030944418398e-06,8.846953798363657150e-06,0.000000000000000000e+00
7.455000000000000071e+00,3.005297716874243989e-05,-3.736115483106833946e-05,2.424337059288381990e-07,8.898725294750503046e-06,9.211016677914749657e-06,0.000000000000000000e+00
7.459999999999999964e+00,2.986635597688493048e-05,-3.728704488961428722e-05,2.866212494816658540e-07,8.776460554993019512e-06,9.569579492791157964e-06,0.000000000000000000e+00
7.464999999999999858e+00,2.968010946710245324e-05,-3.721128657352600419e-05,3.301999917227920066e-07,8.655203961077335823e-06,9.922690156135533066e-06,0.000000000000000000e+00
7.469999999999999751e+00,2.949424581288992943e-05,-3.713390719246010169e-05,3.731749612409947393e-07,8.534950655758808389e-06,1.027039632828585856e-05,0.000000000000000000e+00
7.475000000000000533e+00,2.930877305181749039e-05,-3.705493380690771601e-05,4.155511623231047066e-07,8.415695775574667152e-06,1.061274541677328226e-05,0.000000000000000000e+00
7.480000000000000426e+00,2.912369908677279708e-05,-3.697439322960057633e-05,4.573335749239832707e-07,8.297434451270586467e-06,1.094978457633851473e-05,0.000000000000000000e+00
7.485000000000000320e+00,2.893903168719632921e-05,-3.689231202691580544e-05,4.985271546386199651e-07,8.180161808221989120e-06,1.128156070896664575e-05,0.000000000000000000e+00
7.490000000000000213e+00,2.875477849030963720e-05,-3.680871652027945337e-05,5.391368326763238775e-07,8.063872966850108918e-06,1.160812046393796626e-05,0.000000000000000000e+00
7.495000000000000107e+00,2.857094700233659771e-05,-3.672363278756864184e-05,5.791675158369816335e-07,7.948563043032866036e-06,1.192951023789665262e-05,0.000000000000000000e+00
7.500000000000000000e+00,2.838754459971765904e-05,-3.663708666451227216e-05,6.186240864893576305e-07,7.834227148510595806e-06,1.224577617493652695e-05,0.000000000000000000e+00
7.504999999999999893e+00,2.820457853031707658e-05,-3.654910374609013390e-05,6.575114025514096802e-07,7.720860391286659720e-06,1.255696416670320256e-05,0.000000000000000000e+00
7.509999999999999787e+00,2.802205591462317202e-05,-3.645970938793044827e-05,6.958342974725949136e-07,7.608457876022985254e-06,1.286311985251315643e-05,0.000000000000000000e+00
7.515000000000000568e+00,2.783998374694159270e-05,-3.636892870770569712e-05,7.335975802181413322e-07,7.497014704430577704e-06,1.316428861948830582e-05,0.000000000000000000e+00
7.520000000000000462e+00,2.765836889658161178e-05,-3.627678658652667656e-05,7.708060352552586411e-07,7.386525975655033679e-06,1.346051560270729514e-05,0.000000000000000000e+00
7.525000000000000355e+00,2.747721810903544880e-05,-3.618330767033470056e-05,8.074644225412649644e-07,7.276986786657107921e-06,1.375184568537257148e-05,0.000000000000000000e+00
7.530000000000000249e+00,2.729653800715064460e-05,-3.608851637129190061e-05,8.435774775136038212e-07,7.168392232588358017e-06,1.403832349899221887e-05,0.000000000000000000e+00
7.535000000000000142e+00,2.711633509229548377e-05,-3.599243686916949906e-05,8.791499110817267968e-07,7.060737407161922065e-06,1.431999342357848928e-05,0.000000000000000000e+00
7.540000000000000036e+00,2.693661574551748503e-05,-3.589509311273405656e-05,9.141864096208185107e-07,6.954017403018452148e-06,1.459689958786010292e-05,0.000000000000000000e+00
7.544999999999999929e+00,2.675738622869495946e-05,-3.579650882113155093e-05,9.486916349673391063e-07,6.848227312087251066e-06,1.486908586951033730e-05,0.000000000000000000e+00
7.549999999999999822e+00,2.657865268568166368e-05,-3.569670748526927419e-05,9.826702244163602258e-07,6.743362225942657221e-06,1.513659589538988851e-05,0.000000000000000000e+00
7.554999999999999716e+00,2.640042114344453797e-05,-3.559571236919542559e-05,1.016126790720671391e-06,6.639417236155694572e-06,1.539947304180358317e-05,0.000000000000000000e+00
7.560000000000000497e+00,2.622269751319456291e-05,-3.549354651147640751e-05,1.049065922091632752e-06,6.536387434641049520e-06,1.565776043477178135e-05,0.000000000000000000e+00
7.565000000000000391e+00,2.604548759151072138e-05,-3.539023272657167515e-05,1.081492182201751342e-06,6.434267913999399275e-06,1.591150095031588769e-05,0.000000000000000000e+00
7.570000000000000284e+00,2.586879706145710960e-05,-3.528579360620613995e-05,1.113410110188957001e-06,6.333053767855127281e-06,1.616073721475763181e-05,0.000000000000000000e+00
7.575000000000000178e+00,2.569263149369318050e-05,-3.518025152074000483e-05,1.144824220662555748e-06,6.232740091189478210e-06,1.640551160503188777e-05,0.000000000000000000e+00
7.580000000000000071e+00,2.551699634757714644e-05,-3.507362862053605156e-05,1.175739003710837410e-06,6.133321980669169483e-06,1.664586624901335772e-05,0.000000000000000000e+00
7.584999999999999964e+00,2.534189697226256160e-05,-3.496594683732421081e-05,1.206158924910315477e-06,6.034794534970514348e-06,1.688184302585600852e-05,0.000000000000000000e+00
7.589999999999999858e+00,2.516733860778807053e-05,-3.485722788556344887e-05,1.236088425336575692e-06,5.937152855099080266e-06,1.711348356634608795e-05,0.000000000000000000e+00
7.594999999999999751e+00,2.499332638616037029e-05,-3.474749326380085568e-05,1.265531921576712822e-06,5.840392044704927459e-06,1.734082925326720266e-05,0.000000000000000000e+00
7.600000000000000533e+00,2.481986533243037593e-05,-3.463676425602789372e-05,1.294493805743331053e-06,5.744507210393464926e-06,1.756392122177920624e-05,0.000000000000000000e+00
7.605000000000000426e+00,2.464696036576260980e-05,-3.452506193303374652e-05,1.322978445490090010e-06,5.649493462031951008e-06,1.778280035980833577e-05,0.000000000000000000e+00
7.610000000000000320e+00,2.447461630049784837e-05,-3.441240715375572641e-05,1.350990184028770356e-06,5.555345913051684246e-06,1.799750730845053502e-05,0.000000000000000000e+00
7.615000000000000213e+00,2.430283784720899630e-05,-3.429882056662663964e-05,1.378533340147840961e-06,5.462059680745920969e-06,1.820808246238633799e-05,0.000000000000000000e+00
7.620000000000000107e+00,2.413162961375025527e-05,-3.418432261091910898e-05,1.405612208232504576e-06,5.369629886563545000e-06,1.841456597030790903e-05,0.000000000000000000e+00
7.625000000000000000e+00,2.396099610629957424e-05,-3.406893351808675891e-05,1.432231058286201455e-06,5.278051656398536932e-06,1.861699773535784659e-05,0.000000000000000000e+00
7.629999999999999893e+00,2.379094173039438776e-05,-3.395267331310224986e-05,1.458394135953549553e-06,5.187320120875271765e-06,1.881541741557895089e-05,0.000000000000000000e+00
7.634999999999999787e+00,2.362147079196069328e-05,-3.383556181579204628e-05,1.484105662544701590e-06,5.097430415629683024e-06,1.900986442437609407e-05,0.000000000000000000e+00
7.640000000000000568e+00,2.345258749833544358e-05,-3.371761864216795242e-05,1.509369835061096545e-06,5.008377681586325540e-06,1.920037793098853932e-05,0.000000000000000000e+00
7.645000000000000462e+00,2.328429595928229855e-05,-3.359886320575527358e-05,1.534190826222587587e-06,4.920157065231380100e-06,1.938699686097376611e-05,0.000000000000000000e+00
7.650000000000000355e+00,2.311660018800075315e-05,-3.347931471891763656e-05,1.558572784495923973e-06,4.832763718881622827e-06,1.956975989670177148e-05,0.000000000000000000e+00
7.655000000000000249e+00,2.294950410212862797e-05,-3.335899219417836112e-05,1.582519834124568310e-06,4.746192800949401654e-06,1.974870547785991524e-05,0.000000000000000000e+00
7.660000000000000142e+00,2.278301152473798688e-05,-3.323791444553835515e-05,1.606036075159828185e-06,4.660439476203653759e-06,1.992387180196874272e-05,0.000000000000000000e+00
7.665000000000000036e+00,2.261712618532445794e-05,-3.311610008979051323e-05,1.629125583493283979e-06,4.575498916026996159e-06,2.009529682490709100e-05,0.000000000000000000e+00
7.669999999999999929e+00,2.245185172078998476e-05,-3.299356754783051035e-05,1.651792410890491458e-06,4.491366298668925034e-06,2.026301826144818617e-05,0.000000000000000000e+00
7.674999999999999822e+00,2.228719167641905909e-05,-3.287033504596401090e-05,1.674040585025941580e-06,4.408036809495158510e-06,2.042707358580530202e-05,0.000000000000000000e+00
7.679999999999999716e+00,2.212314950684840070e-05,-3.274642061721021169e-05,1.695874109519256747e-06,4.325505641233150003e-06,2.058750003218693926e-05,0.000000000000000000e+00
7.685000000000000497e+00,2.195972857703013892e-05,-3.262184210260168519e-05,1.717296963972605105e-06,4.243767994213821263e-06,2.074433459536178300e-05,0.000000000000000000e+00
7.690000000000000391e+00,2.179693216318850924e-05,-3.249661715248046868e-05,1.738313104009314652e-06,4.162819076609526959e-06,2.089761403123341116e-05,0.000000000000000000e+00
7.695000000000000284e+00,2.163476345377006839e-05,-3.237076322779039933e-05,1.758926461313667697e-06,4.082654104668303335e-06,2.104737485742324968e-05,0.000000000000000000e+00
7.700000000000000178e+00,2.147322555038746190e-05,-3.224429760136558011e-05,1.779140943671857019e-06,4.003268302944424651e-06,2.119365335386368533e-05,0.000000000000000000e+00
7.705000000000000071e+00,2.131232146875676424e-05,-3.211723735921501703e-05,1.798960435014085734e-06,3.924656904525298744e-06,2.133648556339959459e-05,0.000000000000000000e+00
7.709999999999999964e+00,2.115205413962839857e-05,-3.198959940180331942e-05,1.818388795457792868e-06,3.846815151254740677e-06,2.147590729239852588e-05,0.000000000000000000e+00
7.714999999999999858e+00,2.099242640971166643e-05,-3.186140044532749028e-05,1.837429861351985582e-06,3.769738293952651584e-06,2.161195411136947409e-05,0.000000000000000000e+00
7.719999999999999751e+00,2.083344104259289754e-05,-3.173265702298971186e-05,1.856087445322662155e-06,3.693421592631137854e-06,2.174466135559036931e-05,0.000000000000000000e+00
7.725000000000000533e+00,2.067510071964726045e-05,-3.160338548626611972e-05,1.874365336319305418e-06,3.617860316707101999e-06,2.187406412574378526e-05,0.000000000000000000e+00
7.730000000000000426e+00,2.051740804094421368e-05,-3.147360200617151777e-05,1.892267299662430731e-06,3.543049745211339095e-06,2.200019728856014223e-05,0.000000000000000000e+00
7.735000000000000320e+00,2.036036552614667181e-05,-3.134332257452000049e-05,1.909797077092171796e-06,3.468985166994164188e-06,2.212309547746995632e-05,0.000000000000000000e+00
7.740000000000000213e+00,2.020397561540386295e-05,-3.121256300518148222e-05,1.926958386817884386e-06,3.395661880927611771e-06,2.224279309326287172e-05,0.000000000000000000e+00
7.745000000000000107e+00,2.004824067023791811e-05,-3.108133893533401171e-05,1.943754923568753391e-06,3.323075196104231446e-06,2.235932430475510237e-05,0.000000000000000000e+00
7.750000000000000000e+00,1.989316297442419930e-05,-3.094966582671194625e-05,1.960190358645386014e-06,3.251220432032511981e-06,2.247272304946377856e-05,0.000000000000000000e+00
7.754999999999999893e+00,1.973874473486542062e-05,-3.081755896684987723e-05,1.976268339972372288e-06,3.180092918828969745e-06,2.258302303428916767e-05,0.000000000000000000e+00
7.759999999999999787e+00,1.958498808245953853e-05,-3.068503347032229328e-05,1.991992492151798917e-06,3.109687997406926097e-06,2.269025773620396918e-05,0.000000000000000000e+00
7.765000000000000568e+00,1.943189507296145879e-05,-3.055210427997898803e-05,2.007366416517698679e-06,3.040001019662008448e-06,2.279446040294916921e-05,0.000000000000000000e+00
7.770000000000000462e+00,1.927946768783858720e-05,-3.041878616817611747e-05,2.022393691191417999e-06,2.971027348654403372e-06,2.289566405373772838e-05,0.000000000000000000e+00
7.775000000000000355e+00,1.912770783512022404e-05,-3.028509373800292385e-05,2.037077871137890009e-06,2.902762358787897353e-06,2.299390147996442933e-05,0.000000000000000000e+00
7.780000000000000249e+00,1.897661735024084638e-05,-3.015104142450408895e-05,2.051422488222792331e-06,2.835201435985723363e-06,2.308920524592244621e-05,0.000000000000000000e+00
7.785000000000000142e+00,1.882619799687727815e-05,-3.001664349589767939e-05,2.065431051270577727e-06,2.768339977863256482e-06,2.318160768952659567e-05,0.000000000000000000e+00
7.790000000000000036e+00,1.867645146777978875e-05,-2.988191405478866358e-05,2.079107046123360256e-06,2.702173393897583538e-06,2.327114092304280837e-05,0.000000000000000000e+00
7.794999999999999929e+00,1.852737938559714375e-05,-2.974686703937796657e-05,2.092453935700641679e-06,2.636697105593973886e-06,2.335783683382402446e-05,0.000000000000000000e+00
7.799999999999999822e+00,1.837898330369559428e-05,-2.961151622466704579e-05,2.105475160059860768e-06,2.571906546649280106e-06,2.344172708505177431e-05,0.000000000000000000e+00
7.805000000000000604e+00,1.823126470697188637e-05,-2.947587522365795713e-05,2.118174136457754487e-06,2.507797163112306750e-06,2.352284311648414924e-05,0.000000000000000000e+00
7.810000000000000497e+00,1.808422501266026313e-05,-2.933995748854888777e-05,2.130554259412512001e-06,2.444364413541166199e-06,2.360121614520960666e-05,0.000000000000000000e+00
7.815000000000000391e+00,1.793786557113350379e-05,-2.920377631192512172e-05,2.142618900766709221e-06,2.381603769157655495e-06,2.367687716640611484e-05,0.000000000000000000e+00
7.820000000000000284e+00,1.779218766669801659e-05,-2.906734482794544506e-05,2.154371409751005685e-06,2.319510713998679150e-06,2.374985695410605080e-05,0.000000000000000000e+00
7.825000000000000178e+00,1.764719251838302614e-05,-2.893067601352392626e-05,2.165815113048593600e-06,2.258080745064755203e-06,2.382018606196668181e-05,0.000000000000000000e+00
7.830000000000000071e+00,1.750288128072384177e-05,-2.879378268950707852e-05,2.176953314860380412e-06,2.197309372465621024e-06,2.388789482404596285e-05,0.000000000000000000e+00
7.834999999999999964e+00,1.735925504453926432e-05,-2.865667752184637362e-05,2.187789296970893482e-06,2.137192119562978277e-06,2.395301335558298937e-05,0.000000000000000000e+00
7.839999999999999858e+00,1.721631483770314169e-05,-2.851937302276608691e-05,2.198326318814890750e-06,2.077724523110395229e-06,2.401557155378439965e-05,0.000000000000000000e+00
7.844999999999999751e+00,1.707406162591009344e-05,-2.838188155192645647e-05,2.208567617544663435e-06,2.018902133390401576e-06,2.407559909861497837e-05,0.000000000000000000e+00
7.850000000000000533e+00,1.693249631343543481e-05,-2.824421531758212605e-05,2.218516408098018477e-06,1.960720514348802459e-06,2.413312545359340346e-05,0.000000000000000000e+00
7.855000000000000426e+00,1.679161974388932067e-05,-2.810638637773586493e-05,2.228175883266924625e-06,1.903175243726235595e-06,2.418817986659264137e-05,0.000000000000000000e+00
7.860000000000000320e+00,1.665143270096511947e-05,-2.796840664128754102e-05,2.237549213766810324e-06,1.846261913187001179e-06,2.424079137064502818e-05,0.000000000000000000e+00
7.865000000000000213e+00,1.651193590918207817e-05,-2.783028786917832341e-05,2.246639548306497291e-06,1.789976128445192498e-06,2.429098878475164009e-05,0.000000000000000000e+00
7.870000000000000107e+00,1.637313003462225781e-05,-2.769204167553011115e-05,2.255450013658760060e-06,1.734313509388153106e-06,2.433880071469591259e-05,0.000000000000000000e+00
7.875000000000000000e+00,1.623501568566179407e-05,-2.755367952878016096e-05,2.263983714731495377e-06,1.679269690197290400e-06,2.438425555386193529e-05,0.000000000000000000e+00
7.879999999999999893e+00,1.609759341369649272e-05,-2.741521275281089026e-05,2.272243734639489192e-06,1.624840319466265091e-06,2.442738148405657530e-05,0.000000000000000000e+00
7.884999999999999787e+00,1.596086371386178733e-05,-2.727665252807486229e-05,2.280233134776767664e-06,1.571021060316589604e-06,2.446820647633539877e-05,0.000000000000000000e+00
7.890000000000000568e+00,1.582482702574709637e-05,-2.713800989271491945e-05,2.287954954889519929e-06,1.517807590510663779e-06,2.450675829183284783e-05,0.000000000000000000e+00
7.895000000000000462e+00,1.568948373410456617e-05,-2.699929574367945458e-05,2.295412213149580320e-06,1.465195602562263751e-06,2.454306448259617845e-05,0.000000000000000000e+00
7.900000000000000355e+00,1.555483416955227426e-05,-2.686052083783281024e-05,2.302607906228455663e-06,1.413180803844521290e-06,2.457715239242253902e-05,0.000000000000000000e+00
7.905000000000000249e+00,1.542087860927188639e-05,-2.672169579306078540e-05,2.309545009371887465e-06,1.361758916695414550e-06,2.460904915770056200e-05,0.000000000000000000e+00
7.910000000000000142e+00,1.528761727770078748e-05,-2.658283108937124634e-05,2.316226476474934190e-06,1.310925678520792059e-06,2.463878170825441527e-05,0.000000000000000000e+00
7.915000000000000036e+00,1.515505034721873731e-05,-2.644393706998981463e-05,2.322655240157563016e-06,1.260676841894963801e-06,2.466637676819198369e-05,0.000000000000000000e+00
7.919999999999999929e+00,1.502317793882904771e-05,-2.630502394245064562e-05,2.328834211840739656e-06,1.211008174658879119e-06,2.469186085675587967e-05,0.000000000000000000e+00
7.924999999999999822e+00,1.489200012283432503e-05,-2.616610177968225017e-05,2.334766281823000132e-06,1.161915460015915762e-06,2.471526028917746926e-05,0.000000000000000000e+00
7.930000000000000604e+00,1.476151691950679686e-05,-2.602718052108837643e-05,2.340454319357499434e-06,1.113394496625311641e-06,2.473660117753454383e-05,0.000000000000000000e+00
7.935000000000000497e+00,1.463172829975323790e-05,-2.588826997362393822e-05,2.345901172729518427e-06,1.065441098693255389e-06,2.475590943161149217e-05,0.000000000000000000e+00
7.940000000000000391e+00,1.450263418577454099e-05,-2.574937981286596619e-05,2.351109669334421794e-06,1.018051096061666215e-06,2.477321075976202726e-05,0.000000000000000000e+00
7.945000000000000284e+00,1.437423445171993490e-05,-2.561051958407958525e-05,2.356082615756053477e-06,9.712203342946876110e-07,2.478853066977524701e-05,0.000000000000000000e+00
7.950000000000000178e+00,1.424652892433589111e-05,-2.547169870327900128e-05,2.360822797845559872e-06,9.249446747629171595e-07,2.480189446974438846e-05,0.000000000000000000e+00
7.955000000000000071e+00,1.411951738360973851e-05,-2.533292645828349367e-05,2.365332980800627641e-06,8.792199947253957195e-07,2.481332726893719146e-05,0.000000000000000000e+00
7.959999999999999964e+00,1.399319956340800256e-05,-2.519421200976840368e-05,2.369615909245126407e-06,8.340421874093821556e-07,2.482285397866985366e-05,0.000000000000000000e+00
7.964999999999999858e+00,1.386757515210951678e-05,-2.505556439231111169e-05,2.373674307309145326e-06,7.894071620879400736e-07,2.483049931318287955e-05,0.000000000000000000e+00
7.969999999999999751e+00,1.374264379323329773e-05,-2.491699251543199326e-05,2.377510878709409967e-06,7.453108441553499049e-07,2.483628779051866758e-05,0.000000000000000000e+00
7.975000000000000533e+00,1.361840508606124636e-05,-2.477850516463035399e-05,2.381128306830074008e-06,7.017491752003861501e-07,2.484024373340233634e-05,0.000000000000000000e+00
7.980000000000000426e+00,1.349485858625567231e-05,-2.464011100241532279e-05,2.384529254803870079e-06,6.587181130774668762e-07,2.484239127012381106e-05,0.000000000000000000e+00
7.985000000000000320e+00,1.337200380647167335e-05,-2.450181856933172404e-05,2.387716365593610846e-06,6.162136319757081836e-07,2.484275433542194991e-05,0.000000000000000000e+00
7.990000000000000213e+00,1.324984021696440710e-05,-2.436363628498088775e-05,2.390692262074031449e-06,5.742317224859055594e-07,2.484135667137117061e-05,0.000000000000000000e+00
7.995000000000000107e+00,1.312836724619126717e-05,-2.422557244903642505e-05,2.393459547113961021e-06,5.327683916654635061e-07,2.483822182826916805e-05,0.000000000000000000e+00
8.000000000000000000e+00,1.300758428140899052e-05,-2.408763524225494181e-05,2.396020803658813530e-06,4.918196631012943023e-07,2.483337316552700365e-05,0.000000000000000000e+00
8.005000000000000782e+00,1.288749066926573011e-05,-2.394983272748170725e-05,2.398378594813388635e-06,4.513815769707132129e-07,2.482683385256009590e-05,0.000000000000000000e+00
8.009999999999999787e+00,1.276808571638810123e-05,-2.381217285065124724e-05,2.400535463924971553e-06,4.114501901003481482e-07,2.481862686968153522e-05,0.000000000000000000e+00
8.015000000000000568e+00,1.264936868996325073e-05,-2.367466344178288581e-05,2.402493934666723024e-06,3.720215760230902950e-07,2.480877500899632710e-05,0.000000000000000000e+00
8.019999999999999574e+00,1.253133881831595068e-05,-2.353731221597121125e-05,2.404256511121349229e-06,3.330918250331037710e-07,2.479730087529742423e-05,0.000000000000000000e+00
8.025000000000000355e+00,1.241399529148076069e-05,-2.340012677437148042e-05,2.405825677865041482e-06,2.946570442389166974e-07,2.478422688696261243e-05,0.000000000000000000e+00
8.029999999999999361e+00,1.229733726176926721e-05,-2.326311460517994413e-05,2.407203900051675966e-06,2.567133576146183051e-07,2.476957527685309736e-05,0.000000000000000000e+00
8.035000000000000142e+00,1.218136384433244062e-05,-2.312628308460910396e-05,2.408393623497266728e-06,2.192569060491836487e-07,2.475336809321276220e-05,0.000000000000000000e+00
8.040000000000000924e+00,1.206607411771812512e-05,-2.298963947785789702e-05,2.409397274764659231e-06,1.822838473939407769e-07,2.473562720056902441e-05,0.000000000000000000e+00
8.044999999999999929e+00,1.195146712442369394e-05,-2.285319094007679514e-05,2.410217261248456848e-06,1.457903565082137116e-07,2.471637428063416689e-05,0.000000000000000000e+00
8.050000000000000711e+00,1.183754187144388646e-05,-2.271694451732783875e-05,2.410855971260171384e-06,1.097726253031491769e-07,2.469563083320806503e-05,0.000000000000000000e+00
8.054999999999999716e+00,1.172429733081386311e-05,-2.258090714753959203e-05,2.411315774113587480e-06,7.422686278375698798e-08,2.467341817708111032e-05,0.000000000000000000e+00
8.060000000000000497e+00,1.161173244014749477e-05,-2.244508566145701241e-05,2.411599020210334547e-06,3.914929508918349031e-08,2.464975745093882453e-05,0.000000000000000000e+00
8.064999999999999503e+00,1.149984610317091732e-05,-2.230948678358625823e-05,2.411708041125652654e-06,4.536165531234200833e-09,2.462466961426613521e-05,0.000000000000000000e+00
8.070000000000000284e+00,1.138863719025137494e-05,-2.217411713313441419e-05,2.411645149694350710e-06,-2.961626536882620360e-08,2.459817544825299276e-05,0.000000000000000000e+00
8.074999999999999289e+00,1.127810453892137429e-05,-2.203898322494413464e-05,2.411412640096939969e-06,-6.331171984518413026e-08,2.457029555670039081e-05,0.000000000000000000e+00
8.080000000000000071e+00,1.116824695439818334e-05,-2.190409147042323508e-05,2.411012787945942877e-06,-9.655390285407133519e-08,2.454105036692651526e-05,0.000000000000000000e+00
8.085000000000000853e+00,1.105906321009869022e-05,-2.176944817846919819e-05,2.410447850372361584e-06,-1.293465020420277302e-07,2.451046013067368956e-05,0.000000000000000000e+00
8.089999999999999858e+00,1.095055204814965583e-05,-2.163505955638860771e-05,2.409720066112302734e-06,-1.616931877158055282e-07,2.447854492501562156e-05,0.000000000000000000e+00
8.095000000000000639e+00,1.084271217989337898e-05,-2.150093171081153410e-05,2.408831655593748787e-06,-1.935976128139050714e-07,2.444532465326443345e-05,0.000000000000000000e+00
8.099999999999999645e+00,1.073554228638880277e-05,-2.136707064860083794e-05,2.407784821023466568e-06,-2.250634128797158399e-07,2.441081904587868453e-05,0.000000000000000000e+00
8.105000000000000426e+00,1.062904101890809104e-05,-2.123348227775642843e-05,2.406581746474046252e-06,-2.560942060362423391e-07,2.437504766137082464e-05,0.000000000000000000e+00
8.109999999999999432e+00,1.052320699942869013e-05,-2.110017240831445662e-05,2.405224597971064021e-06,-2.866935929624008349e-07,2.433802988721498994e-05,0.000000000000000000e+00
8.115000000000000213e+00,1.041803882112091156e-05,-2.096714675324146712e-05,2.403715523580357798e-06,-3.168651568708633810e-07,2.429978494075481208e-05,0.000000000000000000e+00
8.120000000000000995e+00,1.031353504883105419e-05,-2.083441092932347775e-05,2.402056653495411822e-06,-3.466124634874311371e-07,2.426033187011133934e-05,0.000000000000000000e+00
8.125000000000000000e+00,1.020969421956009476e-05,-2.070197045805004815e-05,2.400250100124837789e-06,-3.759390610319200645e-07,2.421968955509019872e-05,0.000000000000000000e+00
8.130000000000000782e+00,1.010651484293797208e-05,-2.056983076649327978e-05,2.398297958179950859e-06,-4.048484802005355473e-07,2.417787670808937468e-05,0.000000000000000000e+00
8.134999999999999787e+00,1.000399540169348705e-05,-2.043799718818180142e-05,2.396202304762427825e-06,-4.333442341497246615e-07,2.413491187500619851e-05,0.000000000000000000e+00
8.140000000000000568e+00,9.902134352119843852e-06,-2.030647496396971658e-05,2.393965199452043634e-06,-4.614298184814784599e-07,2.409081343614415468e-05,0.000000000000000000e+00
8.144999999999999574e+00,9.800930124535861050e-06,-2.017526924290052626e-05,2.391588684394477359e-06,-4.891087112300747416e-07,2.404559960711925691e-05,0.000000000000000000e+00
8.150000000000000355e+00,9.700381123742874724e-06,-2.004438508306603732e-05,2.389074784389181286e-06,-5.163843728502358961e-07,2.399928843976631919e-05,0.000000000000000000e+00
8.154999999999999361e+00,9.600485729477364086e-06,-1.991382745246025979e-05,2.386425506977304198e-06,-5.432602462066902810e-07,2.395189782304427823e-05,0.000000000000000000e+00
8.160000000000000142e+00,9.501242296859311419e-06,-1.978360122982830325e-05,2.383642842529666339e-06,-5.697397565651129928e-07,2.390344548394123111e-05,0.000000000000000000e+00
8.165000000000000924e+00,9.402649156836337033e-06,-1.965371120551026224e-05,2.380728764334772488e-06,-5.958263115844328492e-07,2.385394898837870064e-05,0.000000000000000000e+00
8.169999999999999929e+00,9.304704616623624461e-06,-1.952416208228012107e-05,2.377685228686863999e-06,-6.215233013104851475e-07,2.380342574211564987e-05,0.000000000000000000e+00
8.175000000000000711e+00,9.207406960139664698e-06,-1.939495847617967470e-05,2.374514174973996250e-06,-6.468340981709954298e-07,2.375189299165103297e-05,0.000000000000000000e+00
8.179999999999999716e+00,9.110754448437841509e-06,-1.926610491734745886e-05,2.371217525766138967e-06,-6.717620569718740314e-07,2.369936782512650872e-05,0.000000000000000000e+00
8.185000000000000497e+00,9.014745320133884916e-06,-1.913760585084273023e-05,2.367797186903292634e-06,-6.963105148948060600e-07,2.364586717322743965e-05,0.000000000000000000e+00
8.189999999999999503e+00,8.919377791829223345e-06,-1.900946563746447606e-05,2.364255047583612109e-06,-7.204827914961177485e-07,2.359140781008356588e-05,0.000000000000000000e+00
8.195000000000000284e+00,8.824650058530241219e-06,-1.888168855456546710e-05,2.360592980451534471e-06,-7.442821887069067921e-07,2.353600635416877430e-05,0.000000000000000000e+00
8.199999999999999289e+00,8.730560294063489422e-06,-1.875427879686137058e-05,2.356812841685900945e-06,-7.677119908344135883e-07,2.347967926919938386e-05,0.000000000000000000e+00
8.205000000000000071e+00,8.637106651486855429e-06,-1.862724047723493000e-05,2.352916471088072036e-06,-7.907754645646220522e-07,2.342244286503194622e-05,0.000000000000000000e+00
8.210000000000000853e+00,8.544287263496730341e-06,-1.850057762753521534e-05,2.348905692170022777e-06,-8.134758589660692524e-07,2.336431329855958620e-05,0.000000000000000000e+00
8.214999999999999858e+00,8.452100242831186408e-06,-1.837429419937194341e-05,2.344782312242419750e-06,-8.358164054948503176e-07,2.330530657460777642e-05,0.000000000000000000e+00
8.220000000000000639e+00,8.360543682669202293e-06,-1.824839406490491931e-05,2.340548122502667197e-06,-8.578003180008035766e-07,2.324543854682789603e-05,0.000000000000000000e+00
8.224999999999999645e+00,8.269615657025947933e-06,-1.812288101762854145e-05,2.336204898122920946e-06,-8.794307927348544399e-07,2.318472491859085725e-05,0.000000000000000000e+00
8.230000000000000426e+00,8.179314221144154423e-06,-1.799775877315145132e-05,2.331754398338061673e-06,-9.007110083575074347e-07,2.312318124387832975e-05,0.000000000000000000e+00
8.234999999999999432e+00,8.089637411881614643e-06,-1.787303096997128402e-05,2.327198366533624122e-06,-9.216441259484677575e-07,2.306082292817334835e-05,0.000000000000000000e+00
8.240000000000000213e+00,8.000583248094802794e-06,-1.774870117024455007e-05,2.322538530333674235e-06,-9.422332890173775230e-07,2.299766522934925712e-05,0.000000000000000000e+00
8.245000000000000995e+00,7.912149731018668715e-06,-1.762477286055167555e-05,2.317776601688630373e-06,-9.624816235156501907e-07,2.293372325855736610e-05,0.000000000000000000e+00
8.250000000000000000e+00,7.824334844642617183e-06,-1.750124945265717016e-05,2.312914276963022704e-06,-9.823922378493896172e-07,2.286901198111309676e-05,0.000000000000000000e+00
8.255000000000000782e+00,7.737136556082692488e-06,-1.737813428426497728e-05,2.307953237023185257e-06,-1.001968222893376264e-06,2.280354621738055551e-05,0.000000000000000000e+00
8.259999999999999787e+00,7.650552815950008973e-06,-1.725543061976899601e-05,2.302895147324875973e-06,-1.021212652006105846e-06,2.273734064365595176e-05,0.000000000000000000e+00
8.265000000000000568e+00,7.564581558715431746e-06,-1.713314165099877510e-05,2.297741658000816711e-06,-1.040128581045867917e-06,2.267040979304869516e-05,0.000000000000000000e+00
8.269999999999999574e+00,7.479220703070544010e-06,-1.701127049796041603e-05,2.292494403948153216e-06,-1.058719048387843874e-06,2.260276805636170678e-05,0.000000000000000000e+00
8.275000000000000355e+00,7.394468152284921322e-06,-1.688982020957268193e-05,2.287155004915826564e-06,-1.076987074942215454e-06,2.253442968296961267e-05,0.000000000000000000e+00
8.279999999999999361e+00,7.310321794559740745e-06,-1.676879376439832921e-05,2.281725065591848472e-06,-1.094935664173266390e-06,2.246540878169496562e-05,0.000000000000000000e+00
8.285000000000000142e+00,7.226779503377740134e-06,-1.664819407137066193e-05,2.276206175690483014e-06,-1.112567802119460905e-06,2.239571932168356896e-05,0.000000000000000000e+00
8.290000000000000924e+00,7.143839137849559742e-06,-1.652802397051533601e-05,2.270599910039323300e-06,-1.129886457414487182e-06,2.232537513327727968e-05,0.000000000000000000e+00
8.294999999999999929e+00,7.061498543056486481e-06,-1.640828623366742683e-05,2.264907828666259314e-06,-1.146894581309253968e-06,2.225438990888510045e-05,0.000000000000000000e+00
8.300000000000000711e+00,6.979755550389622851e-06,-1.628898356518375344e-05,2.259131476886336482e-06,-1.163595107694816576e-06,2.218277720385283515e-05,0.000000000000000000e+00
8.304999999999999716e+00,6.898607977885506810e-06,-1.617011860265048988e-05,2.253272385388495237e-06,-1.179990953126230180e-06,2.211055043733037610e-05,0.000000000000000000e+00
8.310000000000000497e+00,6.818053630558208823e-06,-1.605169391758607379e-05,2.247332070322189031e-06,-1.196085016847307530e-06,2.203772289313725308e-05,0.000000000000000000e+00
8.314999999999999503e+00,6.738090300727918816e-06,-1.593371201613942245e-05,2.241312033383876986e-06,-1.211880180816272192e-06,2.196430772062631223e-05,0.000000000000000000e+00
8.320000000000000284e+00,6.658715768346061987e-06,-1.581617533978346300e-05,2.235213761903386102e-06,-1.227379309732289739e-06,2.189031793554521629e-05,0.000000000000000000e+00
8.324999999999999289e+00,6.579927801316951089e-06,-1.569908626600400404e-05,2.229038728930138366e-06,-1.242585251062867993e-06,2.181576642089612204e-05,0.000000000000000000e+00
8.330000000000000071e+00,6.501724155816011636e-06,-1.558244710898395188e-05,2.222788393319238944e-06,-1.257500835072108962e-06,2.174066592779301662e-05,0.000000000000000000e+00
8.335000000000000853e+00,6.424102576604596090e-06,-1.546626012028287831e-05,2.216464199817419955e-06,-1.272128874849799769e-06,2.166502907631726138e-05,0.000000000000000000e+00
8.339999999999999858e+00,6.347060797341409081e-06,-1.535052748951198727e-05,2.210067579148838561e-06,-1.286472166341331964e-06,2.158886835637073369e-05,0.000000000000000000e+00
8.345000000000000639e+00,6.270596540890573289e-06,-1.523525134500444656e-05,2.203599948100722576e-06,-1.300533488378432099e-06,2.151219612852699677e-05,0.000000000000000000e+00
8.349999999999999645e+00,6.194707519626352086e-06,-1.512043375448113202e-05,2.197062709608858970e-06,-1.314315602710693373e-06,2.143502462488008770e-05,0.000000000000000000e+00
8.355000000000000426e+00,6.119391435734557741e-06,-1.500607672571178926e-05,2.190457252842925234e-06,-1.327821254037894597e-06,2.135736594989141822e-05,0.000000000000000000e+00
8.359999999999999432e+00,6.044645981510662127e-06,-1.489218220717162312e-05,2.183784953291655577e-06,-1.341053170043094832e-06,2.127923208123385322e-05,0.000000000000000000e+00
8.365000000000000213e+00,5.970468839654638721e-06,-1.477875208869333682e-05,2.177047172847840687e-06,-1.354014061426487601e-06,2.120063487063431545e-05,0.000000000000000000e+00
8.370000000000000995e+00,5.896857683562552852e-06,-1.466578820211462772e-05,2.170245259893155534e-06,-1.366706621940007478e-06,2.112158604471305956e-05,0.000000000000000000e+00
8.375000000000000000e+00,5.823810177614928988e-06,-1.455329232192116152e-05,2.163380549382812272e-06,-1.379133528422671269e-06,2.104209720582163171e-05,0.000000000000000000e+00
8.380000000000000782e+00,5.751323977461912841e-06,-1.444126616588503349e-05,2.156454362930035252e-06,-1.391297440836644461e-06,2.096217983287766793e-05,0.000000000000000000e+00
8.384999999999999787e+00,5.679396730305250336e-06,-1.432971139569873372e-05,2.149468008890353935e-06,-1.403201002304021301e-06,2.088184528219764609e-05,0.000000000000000000e+00
8.390000000000000568e+00,5.608026075177113915e-06,-1.421862961760463656e-05,2.142422782445709024e-06,-1.414846839144304518e-06,2.080110478832733058e-05,0.000000000000000000e+00
8.394999999999999574e+00,5.537209643215783806e-06,-1.410802238302002116e-05,2.135319965688371835e-06,-1.426237560912571997e-06,2.071996946486945223e-05,0.000000000000000000e+00
8.400000000000000355e+00,5.466945057938224075e-06,-1.399789118915764169e-05,2.128160827704667569e-06,-1.437375760438322552e-06,2.063845030530908771e-05,0.000000000000000000e+00
8.404999999999999361e+00,5.397229935509562771e-06,-1.388823747964186756e-05,2.120946624658505892e-06,-1.448264013864985782e-06,2.055655818383644702e-05,0.000000000000000000e+00
8.410000000000000142e+00,5.328061885009499880e-06,-1.377906264512040049e-05,2.113678599874711190e-06,-1.458904880690082654e-06,2.047430385616736038e-05,0.000000000000000000e+00
8.415000000000000924e+00,5.259438508695672738e-06,-1.367036802387159029e-05,2.106357983922150382e-06,-1.469300903806031313e-06,2.039169796036098358e-05,0.000000000000000000e+00
8.419999999999999929e+00,5.191357402263994149e-06,-1.356215490240736316e-05,2.098985994696654057e-06,-1.479454609541580763e-06,2.030875101763481979e-05,0.000000000000000000e+00
8.425000000000000711e+00,5.123816155105985229e-06,-1.345442451607177745e-05,2.091563837503731359e-06,-1.489368507703864565e-06,2.022547343317755952e-05,0.000000000000000000e+00
8.429999999999999716e+00,5.056812350563127545e-06,-1.334717804963522577e-05,2.084092705141071420e-06,-1.499045091621060598e-06,2.014187549695888816e-05,0.000000000000000000e+00
8.435000000000000497e+00,4.990343566178254863e-06,-1.324041663788429520e-05,2.076573777980828798e-06,-1.508486838185649870e-06,2.005796738453691165e-05,0.000000000000000000e+00
8.439999999999999503e+00,4.924407373944007401e-06,-1.313414136620730420e-05,2.069008224051694618e-06,-1.517696207898257685e-06,1.997375915786267855e-05,0.000000000000000000e+00
8.445000000000000284e+00,4.859001340548366348e-06,-1.302835327117553325e-05,2.061397199120743673e-06,-1.526675644912072039e-06,1.988926076608236090e-05,0.000000000000000000e+00
8.449999999999999289e+00,4.794123027617297461e-06,-1.292305334112016267e-05,2.053741846775059597e-06,-1.535427577077825100e-06,1.980448204633633493e-05,0.000000000000000000e+00
8.455000000000000071e+00,4.729769991954516453e-06,-1.281824251670493640e-05,2.046043298503134310e-06,-1.543954415989327580e-06,1.971943272455577151e-05,0.000000000000000000e+00
8.460000000000000853e+00,4.665939785778404099e-06,-1.271392169149457021e-05,2.038302673776036647e-06,-1.552258557029544997e-06,1.963412241625644492e-05,0.000000000000000000e+00
8.464999999999999858e+00,4.602629956956088883e-06,-1.261009171251891629e-05,2.030521080128351009e-06,-1.560342379417207781e-06,1.954856062732974307e-05,0.000000000000000000e+00
8.470000000000000639e+00,4.539838049234719172e-06,-1.250675338083289610e-05,2.022699613238880549e-06,-1.568208246253941247e-06,1.946275675483095358e-05,0.000000000000000000e+00
8.474999999999999645e+00,4.477561602469947817e-06,-1.240390745207223696e-05,2.014839357011114030e-06,-1.575858504571909079e-06,1.937672008776452435e-05,0.000000000000000000e+00
8.480000000000000426e+00,4.415798152851647796e-06,-1.230155463700500911e-05,2.006941383653452551e-06,-1.583295485381955296e-06,1.929045980786676945e-05,0.000000000000000000e+00
8.484999999999999432e+00,4.354545233126878394e-06,-1.219969560207899026e-05,1.999006753759195715e-06,-1.590521503722239401e-06,1.920398499038576955e-05,0.000000000000000000e+00
8.490000000000000213e+00,4.293800372820129011e-06,-1.209833096996487118e-05,1.991036516386280887e-06,-1.597538858707353069e-06,1.911730460485792842e-05,0.000000000000000000e+00
8.495000000000000995e+00,4.233561098450854169e-06,-1.199746132009531936e-05,1.983031709136778505e-06,-1.604349833577905876e-06,1.903042751588227959e-05,0.000000000000000000e+00
8.500000000000000000e+00,4.173824933748325110e-06,-1.189708718919992433e-05,1.974993358236137099e-06,-1.610956695750574155e-06,1.894336248389154044e-05,0.000000000000000000e+00
8.505000000000000782e+00,4.114589399863815784e-06,-1.179720907183602816e-05,1.966922478612176309e-06,-1.617361696868602360e-06,1.885611816592034737e-05,0.000000000000000000e+00
8.509999999999999787e+00,4.055852015580145249e-06,-1.169782742091547489e-05,1.958820073973827069e-06,-1.623567072852745118e-06,1.876870311637046198e-05,0.000000000000000000e+00
8.515000000000000568e+00,3.997610297518598502e-06,-1.159894264822728238e-05,1.950687136889615986e-06,-1.629575043952642738e-06,1.868112578777322272e-05,0.000000000000000000e+00
8.519999999999999574e+00,3.939861760343240145e-06,-1.150055512495625520e-05,1.942524648865891374e-06,-1.635387814798620031e-06,1.859339453154898101e-05,0.000000000000000000e+00
8.525000000000000355e+00,3.882603916962649678e-06,-1.140266518219757066e-05,1.934333580424789247e-06,-1.641007574453898688e-06,1.850551759876344413e-05,0.000000000000000000e+00
8.529999999999999361e+00,3.825834278729088593e-06,-1.130527311146733811e-05,1.926114891181938006e-06,-1.646436496467216663e-06,1.841750314088112456e-05,0.000000000000000000e+00
8.535000000000000142e+00,3.769550355635131025e-06,-1.120837916520915513e-05,1.917869529923898004e-06,-1.651676738925839307e-06,1.832935921051585858e-05,0.000000000000000000e+00
8.540000000000000924e+00,3.713749656507765588e-06,-1.111198355729667588e-05,1.909598434685335983e-06,-1.656730444508961196e-06,1.824109376217838066e-05,0.000000000000000000e+00
8.544999999999999929e+00,3.658429689199997615e-06,-1.101608646353222213e-05,1.901302532825930800e-06,-1.661599740541483823e-06,1.815271465302042828e-05,0.000000000000000000e+00
8.550000000000000711e+00,3.603587960779968745e-06,-1.092068802214143361e-05,1.892982741107009793e-06,-1.666286739048161767e-06,1.806422964357642439e-05,0.000000000000000000e+00
8.554999999999999716e+00,3.549221977717610798e-06,-1.082578833426398629e-05,1.884639965767913451e-06,-1.670793536808110734e-06,1.797564639850170721e-05,0.000000000000000000e+00
8.560000000000000497e+00,3.495329246068856384e-06,-1.073138746444040771e-05,1.876275102602086726e-06,-1.675122215409666289e-06,1.788697248730785651e-05,0.000000000000000000e+00
8.564999999999999503e+00,3.441907271657426992e-06,-1.063748544109497889e-05,1.867889037032894610e-06,-1.679274841305585201e-06,1.779821538509490954e-05,0.000000000000000000e+00
8.570000000000000284e+00,3.388953560254214670e-06,-1.054408225701476706e-05,1.859482644189161814e-06,-1.683253465868581582e-06,1.770938247328050731e-05,0.000000000000000000e+00
8.575000000000001066e+00,3.336465617754278022e-06,-1.045117786982479756e-05,1.851056788980433332e-06,-1.687060125447189983e-06,1.762048104032584589e-05,0.000000000000000000e+00
8.580000000000000071e+00,3.284440950351473304e-06,-1.035877220245937518e-05,1.842612326171954650e-06,-1.690696841421945486e-06,1.753151828245890702e-05,0.000000000000000000e+00
8.585000000000000853e+00,3.232877064710737106e-06,-1.026686514362958878e-05,1.834150100459371366e-06,-1.694165620261874029e-06,1.744250130439395157e-05,0.000000000000000000e+00
8.589999999999999858e+00,3.181771468138041827e-06,-1.017545654828699737e-05,1.825670946543144213e-06,-1.697468453581282784e-06,1.735343712004851945e-05,0.000000000000000000e+00
8.595000000000000639e+00,3.131121668748042124e-06,-1.008454623808353522e-05,1.817175689202680322e-06,-1.700607318196846796e-06,1.726433265325687185e-05,0.000000000000000000e+00
8.599999999999999645e+00,3.080925175629430568e-06,-9.994134001827644092e-06,1.808665143370178193e-06,-1.703584176184978516e-06,1.717519473848049604e-05,0.000000000000000000e+00
8.605000000000000426e+00,3.031179499008023253e-06,-9.904219595936644807e-06,1.800140114204184665e-06,-1.706400974939476872e-06,1.708603012151544228e-05,0.000000000000000000e+00
8.609999999999999432e+00,2.981882150407592288e-06,-9.814802744885380069e-06,1.791601397162863697e-06,-1.709059647229444624e-06,1.699684546019645552e-05,0.000000000000000000e+00
8.615000000000000213e+00,2.933030642808463831e-06,-9.725883141651138857e-06,1.783049778076974394e-06,-1.711562111257470212e-06,1.690764732509794258e-05,0.000000000000000000e+00
8.620000000000000995e+00,2.884622490803901538e-06,-9.637460448154877584e-06,1.774486033222557231e-06,-1.713910270718062016e-06,1.681844220023187312e-05,0.000000000000000000e+00
8.625000000000000000e+00,2.836655210754292401e-06,-9.549534295698758351e-06,1.765910929393328269e-06,-1.716106014856330801e-06,1.672923648374229918e-05,0.000000000000000000e+00
8.630000000000000782e+00,2.789126320939155701e-06,-9.462104285400029717e-06,1.757325223972778809e-06,-1.718151218526912079e-06,1.664003648859704911e-05,0.000000000000000000e+00
8.634999999999999787e+00,2.742033341706989066e-06,-9.375169988621260143e-06,1.748729665005980071e-06,-1.720047742253120141e-06,1.655084844327579273e-05,0.000000000000000000e+00
8.640000000000000568e+00,2.695373795622974922e-06,-9.288730947396939362e-06,1.740124991271091194e-06,-1.721797432286327816e-06,1.646167849245518597e-05,0.000000000000000000e+00
8.644999999999999574e+00,2.649145207614561319e-06,-9.202786674856474770e-06,1.731511932350570359e-06,-1.723402120665563286e-06,1.637253269769080690e-05,0.000000000000000000e+00
8.650000000000000355e+00,2.603345105114937030e-06,-9.117336655643599796e-06,1.722891208702086690e-06,-1.724863625277318238e-06,1.628341703809575792e-05,0.000000000000000000e+00
8.654999999999999361e+00,2.557971018204419558e-06,-9.032380346332199311e-06,1.714263531729133369e-06,-1.726183749915559723e-06,1.619433741101622193e-05,0.000000000000000000e+00
8.660000000000000142e+00,2.513020479749772154e-06,-8.947917175838596140e-06,1.705629603851339418e-06,-1.727364284341938949e-06,1.610529963270353215e-05,0.000000000000000000e+00
8.665000000000000924e+00,2.468491025541468045e-06,-8.863946545830281732e-06,1.696990118574480994e-06,-1.728407004346188336e-06,1.601630943898345354e-05,0.000000000000000000e+00
8.669999999999999929e+00,2.424380194428920091e-06,-8.780467831131148575e-06,1.688345760560189024e-06,-1.729313671806704273e-06,1.592737248592173723e-05,0.000000000000000000e+00
8.675000000000000711e+00,2.380685528453692812e-06,-8.697480380123207434e-06,1.679697205695354240e-06,-1.730086034751305005e-06,1.583849435048677808e-05,0.000000000000000000e+00
8.679999999999999716e+00,2.337404572980715413e-06,-8.614983515144830053e-06,1.671045121161227912e-06,-1.730725827418156651e-06,1.574968053120900279e-05,0.000000000000000000e+00
8.685000000000000497e+00,2.294534876827511060e-06,-8.532976532885527498e-06,1.662390165502217231e-06,-1.731234770316865672e-06,1.566093644883692057e-05,0.000000000000000000e+00
8.689999999999999503e+00,2.252073992391461039e-06,-8.451458704777282762e-06,1.653732988694375123e-06,-1.731614570289724642e-06,1.557226744698990097e-05,0.000000000000000000e+00
8.695000000000000284e+00,2.210019475775122008e-06,-8.370429277382456282e-06,1.645074232213583644e-06,-1.731866920573110916e-06,1.548367879280785833e-05,0.000000000000000000e+00
8.700000000000001066e+00,2.168368886909611175e-06,-8.289887472778281302e-06,1.636414529103429490e-06,-1.731993500859027176e-06,1.539517567759768018e-05,0.000000000000000000e+00
8.705000000000000071e+00,2.127119789676078015e-06,-8.209832488937971094e-06,1.627754504042772021e-06,-1.731995977356781516e-06,1.530676321747626758e-05,0.000000000000000000e+00
8.710000000000000853e+00,2.086269752025277799e-06,-8.130263500108455001e-06,1.619094773413001702e-06,-1.731876002854797563e-06,1.521844645401026520e-05,0.000000000000000000e+00
8.714999999999999858e+00,2.045816346095266396e-06,-8.051179657184753444e-06,1.610435945364990224e-06,-1.731635216782550364e-06,1.513023035485294205e-05,0.000000000000000000e+00
8.720000000000000639e+00,2.005757148327230757e-06,-7.972580088081025789e-06,1.601778619885729972e-06,-1.731275245272620874e-06,1.504211981437732145e-05,0.000000000000000000e+00
8.724999999999999645e+00,1.966089739579472449e-06,-7.894463898098292757e-06,1.593123388864663272e-06,-1.730797701222865630e-06,1.495411965430641760e-05,0.000000000000000000e+00
8.730000000000000426e+00,1.926811705239560741e-06,-7.816830170288868965e-06,1.584470836159700136e-06,-1.730204184358692094e-06,1.486623462433996206e-05,0.000000000000000000e+00
8.734999999999999432e+00,1.887920635334671989e-06,-7.739677965817500502e-06,1.575821537662924938e-06,-1.729496281295435435e-06,1.477846940277811137e-05,0.000000000000000000e+00
8.740000000000000213e+00,1.849414124640131617e-06,-7.663006324319251601e-06,1.567176061365990112e-06,-1.728675565600832707e-06,1.469082859714163100e-05,0.000000000000000000e+00
8.745000000000000995e+00,1.811289772786174353e-06,-7.586814264254142080e-06,1.558534967425198561e-06,-1.727743597857585558e-06,1.460331674478908761e-05,0.000000000000000000e+00
8.750000000000000000e+00,1.773545184362939691e-06,-7.511100783258555907e-06,1.549898808226271186e-06,-1.726701925726008898e-06,1.451593831353051767e-05,0.000000000000000000e+00
8.755000000000000782e+00,1.736177969023718210e-06,-7.435864858493442042e-06,1.541268128448802917e-06,-1.725552084006756443e-06,1.442869770223814156e-05,0.000000000000000000e+00
8.759999999999999787e+00,1.699185741586464880e-06,-7.361105446989328746e-06,1.532643465130403860e-06,-1.724295594703622070e-06,1.434159924145351006e-05,0.000000000000000000e+00
8.765000000000000568e+00,1.662566122133595207e-06,-7.286821485988158124e-06,1.524025347730525979e-06,-1.722933967086407023e-06,1.425464719399150654e-05,0.000000000000000000e+00
8.769999999999999574e+00,1.626316736110080335e-06,-7.213011893281973945e-06,1.515414298193976595e-06,-1.721468697753852130e-06,1.416784575554130336e-05,0.000000000000000000e+00
8.775000000000000355e+00,1.590435214419856122e-06,-7.139675567548466967e-06,1.506810831014115302e-06,-1.719901270696625085e-06,1.408119905526364877e-05,0.000000000000000000e+00
8.779999999999999361e+00,1.554919193520562508e-06,-7.066811388683405724e-06,1.498215453295737479e-06,-1.718233157360361503e-06,1.399471115638529099e-05,0.000000000000000000e+00
8.785000000000000142e+00,1.519766315516629041e-06,-6.994418218129966321e-06,1.489628664817641436e-06,-1.716465816708752364e-06,1.390838605678986831e-05,0.000000000000000000e+00
8.790000000000000924e+00,1.484974228250720349e-06,-6.922494899204979035e-06,1.481050958094880262e-06,-1.714600695286673795e-06,1.382222768960567890e-05,0.000000000000000000e+00
8.794999999999999929e+00,1.450540585393558687e-06,-6.851040257422112042e-06,1.472482818440698344e-06,-1.712639227283353290e-06,1.373623992379024528e-05,0.000000000000000000e+00
8.800000000000000711e+00,1.416463046532138395e-06,-6.780053100812009209e-06,1.463924724028151331e-06,-1.710582834595568101e-06,1.365042656471149074e-05,0.000000000000000000e+00
8.804999999999999716e+00,1.382739277256347087e-06,-6.709532220239397214e-06,1.455377145951410137e-06,-1.708432926890871169e-06,1.356479135472565302e-05,0.000000000000000000e+00
8.810000000000000497e+00,1.349366949244008185e-06,-6.639476389717184838e-06,1.446840548286749432e-06,-1.706190901670838229e-06,1.347933797375228411e-05,0.000000000000000000e+00
8.814999999999999503e+00,1.316343740344361729e-06,-6.569884366717568005e-06,1.438315388153219343e-06,-1.703858144334333330e-06,1.339407003984553673e-05,0.000000000000000000e+00
8.820000000000000284e+00,1.283667334659995549e-06,-6.500754892480162581e-06,1.429802115773000151e-06,-1.701436028240787285e-06,1.330899110976248276e-05,0.000000000000000000e+00
8.825000000000001066e+00,1.251335422627244994e-06,-6.432086692317176792e-06,1.421301174531442102e-06,-1.698925914773483734e-06,1.322410467952827060e-05,0.000000000000000000e+00
8.830000000000000071e+00,1.219345701095072029e-06,-6.363878475915650365e-06,1.412813001036787372e-06,-1.696329153402848600e-06,1.313941418499771474e-05,0.000000000000000000e+00
8.835000000000000853e+00,1.187695873402442756e-06,-6.296128937636766329e-06,1.404338025179576302e-06,-1.693647081749738482e-06,1.305492300241409021e-05,0.000000000000000000e+00
8.839999999999999858e+00,1.156383649454213514e-06,-6.228836756812261723e-06,1.395876670191737257e-06,-1.690881025648724823e-06,1.297063444896435927e-05,0.000000000000000000e+00
8.845000000000000639e+00,1.125406745795543365e-06,-6.162000598037955004e-06,1.387429352705359284e-06,-1.688032299211367262e-06,1.288655178333120990e-05,0.000000000000000000e+00
8.849999999999999645e+00,1.094762885684846282e-06,-6.095619111464402863e-06,1.378996482811149452e-06,-1.685102204889472391e-06,1.280267820624219062e-05,0.000000000000000000e+00
8.855000000000000426e+00,1.064449799165296406e-06,-6.029690933084706775e-06,1.370578464116573619e-06,-1.682092033538335349e-06,1.271901686101517605e-05,0.000000000000000000e+00
8.859999999999999432e+00,1.034465223134901386e-06,-5.964214685019487068e-06,1.362175693803680616e-06,-1.679003064479957916e-06,1.263557083410102696e-05,0.000000000000000000e+00
8.865000000000000213e+00,1.004806901415158843e-06,-5.899188975799044845e-06,1.353788562686610915e-06,-1.675836565566239497e-06,1.255234315562268614e-05,0.000000000000000000e+00
8.870000000000000995e+00,9.754725848183080373e-07,-5.834612400642720226e-06,1.345417455268788931e-06,-1.672593793242137833e-06,1.246933679991141461e-05,0.000000000000000000e+00
8.875000000000000000e+00,9.464600312131919718e-07,-5.770483541735476558e-06,1.337062749799800434e-06,-1.669275992608794974e-06,1.238655468603951437e-05,0.000000000000000000e+00
8.880000000000000782e+00,9.177670055897440228e-07,-5.706800968501718214e-06,1.328724818331953386e-06,-1.665884397486622599e-06,1.230399967835017460e-05,0.000000000000000000e+00
8.884999999999999787e+00,8.893912801221114821e-07,-5.643563237876365700e-06,1.320404026776524109e-06,-1.662420230478346260e-06,1.222167458698379420e-05,0.000000000000000000e+00
8.890000000000000568e+00,8.613306342304311520e-07,-5.580768894573200776e-06,1.312100734959688560e-06,-1.658884703032001966e-06,1.213958216840148885e-05,0.000000000000000000e+00
8.894999999999999574e+00,8.335828546412698048e-07,-5.518416471350501917e-06,1.303815296678137668e-06,-1.655279015503882387e-06,1.205772512590503370e-05,0.000000000000000000e+00
8.900000000000000355e+00,8.061457354467432711e-07,-5.456504489273990444e-06,1.295548059754379485e-06,-1.651604357221428410e-06,1.197610611015395324e-05,0.000000000000000000e+00
8.904999999999999361e+00,7.790170781623272852e-07,-5.395031457977093256e-06,1.287299366091726226e-06,-1.647861906546062043e-06,1.189472771967933830e-05,0.000000000000000000e+00
8.910000000000000142e+00,7.521946917833740644e-07,-5.333995875918553501e-06,1.279069551728966868e-06,-1.644052830935958757e-06,1.181359250139439344e-05,0.000000000000000000e+00
8.915000000000000924e+00,7.256763928403470102e-07,-5.273396230637399355e-06,1.270858946894727176e-06,-1.640178287008753550e-06,1.173270295110199942e-05,0.000000000000000000e+00
8.919999999999999929e+00,6.994600054527874006e-07,-5.213230999005284447e-06,1.262667876061515703e-06,-1.636239420604177967e-06,1.165206151399909086e-05,0.000000000000000000e+00
8.925000000000000711e+00,6.735433613820259915e-07,-5.153498647476224520e-06,1.254496657999456592e-06,-1.632237366846625350e-06,1.157167058517773718e-05,0.000000000000000000e+00
8.929999999999999716e+00,6.479243000826520210e-07,-5.094197632333745548e-06,1.246345605829710044e-06,-1.628173250207639418e-06,1.149153251012332671e-05,0.000000000000000000e+00
8.935000000000000497e+00,6.226006687527531685e-07,-5.035326399935454331e-06,1.238215027077580852e-06,-1.624048184568323232e-06,1.141164958520948471e-05,0.000000000000000000e+00
8.939999999999999503e+00,5.975703223829392810e-07,-4.976883386955057840e-06,1.230105223725314396e-06,-1.619863273281666634e-06,1.133202405818985726e-05,0.000000000000000000e+00
8.945000000000000284e+00,5.728311238041620411e-07,-4.918867020621839751e-06,1.222016492264581978e-06,-1.615619609234786861e-06,1.125265812868684250e-05,0.000000000000000000e+00
8.950000000000001066e+00,5.483809437343433900e-07,-4.861275718957617072e-06,1.213949123748654024e-06,-1.611318274911080011e-06,1.117355394867719466e-05,0.000000000000000000e+00
8.955000000000000071e+00,5.242176608238260447e-07,-4.804107891011192080e-06,1.205903403844264342e-06,-1.606960342452279550e-06,1.109471362297452106e-05,0.000000000000000000e+00
8.960000000000000853e+00,5.003391616996574394e-07,-4.747361937090313147e-06,1.197879612883162872e-06,-1.602546873720420367e-06,1.101613920970870623e-05,0.000000000000000000e+00
8.964999999999999858e+00,4.767433410087203256e-07,-4.691036248991166454e-06,1.189878025913359909e-06,-1.598078920359702891e-06,1.093783272080213408e-05,0.000000000000000000e+00
8.970000000000000639e+00,4.534281014597217832e-07,-4.635129210225410470e-06,1.181898912750060737e-06,-1.593557523858256397e-06,1.085979612244312518e-05,0.000000000000000000e+00
8.974999999999999645e+00,4.303913538640536665e-07,-4.579639196244774357e-06,1.173942538026291304e-06,-1.588983715609796867e-06,1.078203133555590107e-05,0.000000000000000000e+00
8.980000000000000426e+00,4.076310171755356019e-07,-4.524564574663232178e-06,1.166009161243217064e-06,-1.584358516975177277e-06,1.070454023626783480e-05,0.000000000000000000e+00
8.984999999999999432e+00,3.851450185290532960e-07,-4.469903705476774057e-06,1.158099036820153281e-06,-1.579682939343827126e-06,1.062732465637342502e-05,0.000000000000000000e+00
8.990000000000000213e+00,3.629312932781041702e-07,-4.415654941280787029e-06,1.150212414144268924e-06,-1.574957984195078896e-06,1.055038638379534962e-05,0.000000000000000000e+00
8.995000000000000995e+00,3.409877850312617594e-07,-4.361816627485065029e-06,1.142349537619983724e-06,-1.570184643159377193e-06,1.047372716304241914e-05,0.000000000000000000e+00
9.000000000000000000e+00,3.193124456875711536e-07,-4.308387102526460753e-06,1.134510646718060508e-06,-1.565363898079370151e-06,1.039734869566448093e-05,0.000000000000000000e+00
9.005000000000000782e+00,2.979032354708868140e-07,-4.255364698079201397e-06,1.126695976024390908e-06,-1.560496721070877170e-06,1.032125264070439251e-05,0.000000000000000000e+00
9.009999999999999787e+00,2.767581229631648849e-07,-4.202747739262876749e-06,1.118905755288477834e-06,-1.555584074583733621e-06,1.024544061514687110e-05,0.000000000000000000e+00
9.015000000000000568e+00,2.558750851367211205e-07,-4.150534544848125893e-06,1.111140209471613863e-06,-1.550626911462507862e-06,1.016991419436439215e-05,0.000000000000000000e+00
9.019999999999999574e+00,2.352521073854663099e-07,-4.098723427460027612e-06,1.103399558794755111e-06,-1.545626175007088024e-06,1.009467491256012652e-05,0.000000000000000000e+00
9.025000000000000355e+00,2.148871835551302389e-07,-4.047312693779219037e-06,1.095684018786094213e-06,-1.540582799033137078e-06,1.001972426320776405e-05,0.000000000000000000e+00
9.029999999999999361e+00,1.947783159724858887e-07,-3.996300644740755271e-06,1.087993800328330257e-06,-1.535497707932412808e-06,9.945063699488491108e-06,0.000000000000000000e+00
9.035000000000000142e+00,1.749235154735848024e-07,-3.945685575730726911e-06,1.080329109705638250e-06,-1.530371816732950138e-06,9.870694634724993302e-06,0.000000000000000000e+00
9.040000000000000924e+00,1.553208014310150555e-07,-3.895465776780650721e-06,1.072690148650336822e-06,-1.525206031159104325e-06,9.796618442812334373e-06,0.000000000000000000e+00
9.044999999999999929e+00,1.359682017801927352e-07,-3.845639532759647854e-06,1.065077114389257345e-06,-1.520001247691451447e-06,9.722836458646053428e-06,0.000000000000000000e+00
9.050000000000000711e+00,1.168637530446980584e-07,-3.796205123564430378e-06,1.057490199689813000e-06,-1.514758353626544660e-06,9.649349978547256887e-06,0.000000000000000000e+00
9.054999999999999716e+00,9.800550036066699656e-08,-3.747160824307106270e-06,1.049929592905770534e-06,-1.509478227136523515e-06,9.576160260684755992e-06,0.000000000000000000e+00
9.060000000000000497e+00,7.939149750024928321e-08,-3.698504905500822355e-06,1.042395478022722795e-06,-1.504161737328574607e-06,9.503268525494365054e-06,0.000000000000000000e+00
9.064999999999999503e+00,6.101980689414359381e-08,-3.650235633243260016e-06,1.034888034703265449e-06,-1.498809744304240824e-06,9.430675956095072461e-06,0.000000000000000000e+00
9.070000000000000284e+00,4.288849965322058264e-08,-3.602351269397998082e-06,1.027407438331877445e-06,-1.493423099218577071e-06,9.358383698702596036e-06,0.000000000000000000e+00
9.075000000000001066e+00,2.499565558924439584e-08,-3.554850071773758971e-06,1.019953860059505650e-06,-1.488002644339149920e-06,9.286392863039831497e-06,0.000000000000000000e+00
9.080000000000000071e+00,7.339363234703211539e-09,-3.507730294301555891e-06,1.012527466847855146e-06,-1.482549213104881209e-06,9.214704522744414210e-06,0.000000000000000000e+00
9.085000000000000853e+00,-1.008228013824071738e-08,-3.460990187209753377e-06,1.005128421513386025e-06,-1.477063630184729844e-06,9.143319715773573833e-06,0.000000000000000000e+00
9.089999999999999858e+00,-2.727116849967116817e-08,-3.414627997197056826e-06,9.977568827710160557e-07,-1.471546711536213094e-06,9.072239444805932872e-06,0.000000000000000000e+00
9.095000000000000639e+00,-4.422918704469784450e-08,-3.368641967603450527e-06,9.904130052775326026e-07,-1.465999264463763987e-06,9.001464677640486295e-06,0.000000000000000000e+00
9.099999999999999645e+00,-6.095821217708585340e-08,-3.323030338579093060e-06,9.830969396747125336e-07,-1.460422087676923106e-06,8.930996347592904538e-06,0.000000000000000000e+00
9.105000000000000426e+00,-7.746011149372458526e-08,-3.277791347251190414e-06,9.758088326321511697e-07,-1.454815971348362466e-06,8.860835353888692315e-06,0.000000000000000000e+00
9.109999999999999432e+00,-9.373674376992599786e-08,-3.232923227888859090e-06,9.685488268898019738e-07,-1.449181697171740402e-06,8.790982562053775836e-06,0.000000000000000000e+00
9.115000000000000213e+00,-1.097899589455420971e-07,-3.188424212065996987e-06,9.613170613002276130e-07,-1.443520038419384518e-06,8.721438804302186407e-06,0.000000000000000000e+00
9.120000000000000995e+00,-1.256215981118919496e-07,-3.144292528822173919e-06,9.541136708705623946e-07,-1.437831759999802042e-06,8.652204879920904758e-06,0.000000000000000000e+00
9.125000000000000000e+00,-1.412334934994881753e-07,-3.100526404821559135e-06,9.469387868041884040e-07,-1.432117618515015914e-06,8.583281555651862743e-06,0.000000000000000000e+00
9.130000000000000782e+00,-1.566274684665531263e-07,-3.057124064509898978e-06,9.397925365421246056e-07,-1.426378362317722567e-06,8.514669566071400548e-06,0.000000000000000000e+00
9.134999999999999787e+00,-1.718053374883152886e-07,-3.014083730269562020e-06,9.326750438041309163e-07,-1.420614731568273739e-06,8.446369613966545829e-06,0.000000000000000000e+00
9.140000000000000568e+00,-1.867689061470759418e-07,-2.971403622572664419e-06,9.255864286295280995e-07,-1.414827458291476174e-06,8.378382370708904221e-06,0.000000000000000000e+00
9.144999999999999574e+00,-2.015199711230367183e-07,-2.929081960132289007e-06,9.185268074177337976e-07,-1.409017266433211542e-06,8.310708476625602170e-06,0.000000000000000000e+00
9.150000000000000355e+00,-2.160603201858786405e-07,-2.887116960051818053e-06,9.114962929685157611e-07,-1.403184871916872332e-06,8.243348541367471826e-06,0.000000000000000000e+00
9.154999999999999361e+00,-2.303917321870829196e-07,-2.845506837972388141e-06,9.044949945219640743e-07,-1.397330982699612893e-06,8.176303144274613523e-06,0.000000000000000000e+00
9.160000000000000142e+00,-2.445159770529845974e-07,-2.804249808218483704e-06,8.975230177981815312e-07,-1.391456298828415598e-06,8.109572834739085123e-06,0.000000000000000000e+00
9.165000000000000924e+00,-2.584348157785492895e-07,-2.763344083941688252e-06,8.905804650366950197e-07,-1.385561512495967919e-06,8.043158132565016378e-06,0.000000000000000000e+00
9.169999999999999929e+00,-2.721500004218644005e-07,-2.722787877262600509e-06,8.836674350355878086e-07,-1.379647308096351028e-06,7.977059528325917921e-06,0.000000000000000000e+00
9.175000000000000711e+00,-2.856632740993350971e-07,-2.682579399410933237e-06,8.767840231903535840e-07,-1.373714362280538243e-06,7.911277483719364456e-06,0.000000000000000000e+00
9.179999999999999716e+00,-2.989763709815763575e-07,-2.642716860863811698e-06,8.699303215324736120e-07,-1.367763344011700351e-06,7.845812431918970827e-06,0.000000000000000000e+00
9.185000000000000497e+00,-3.120910162899920696e-07,-2.603198471482280208e-06,8.631064187677178745e-07,-1.361794914620318866e-06,7.780664777923620312e-06,0.000000000000000000e+00
9.189999999999999503e+00,-3.250089262940322328e-07,-2.564022440646035857e-06,8.563124003141714488e-07,-1.355809727859104892e-06,7.715834898904222976e-06,0.000000000000000000e+00
9.195000000000000284e+00,-3.377318083091193682e-07,-2.525186977386401251e-06,8.495483483399860251e-07,-1.349808429957720414e-06,7.651323144547594104e-06,0.000000000000000000e+00
9.200000000000001066e+00,-3.502613606952354030e-07,-2.486690290517550665e-06,8.428143418008591019e-07,-1.343791659677304777e-06,7.587129837397879628e-06,0.000000000000000000e+00
9.205000000000000071e+00,-3.625992728561603466e-07,-2.448530588766004437e-06,8.361104564772404387e-07,-1.337760048364800836e-06,7.523255273195210066e-06,0.000000000000000000e+00
9.210000000000000853e+00,-3.747472252393543414e-07,-2.410706080898403894e-06,8.294367650112678797e-07,-1.331714220007082267e-06,7.459699721211887901e-06,0.000000000000000000e+00
9.214999999999999858e+00,-3.867068893364739295e-07,-2.373214975847581614e-06,8.227933369434326577e-07,-1.325654791284880769e-06,7.396463424585800070e-06,0.000000000000000000e+00
9.220000000000000639e+00,-3.984799276845148585e-07,-2.336055482836941017e-06,8.161802387489757644e-07,-1.319582371626510817e-06,7.333546600651391016e-06,0.000000000000000000e+00
9.224999999999999645e+00,-4.100679938675722694e-07,-2.299225811503159673e-06,8.095975338740160234e-07,-1.313497563261390930e-06,7.270949441267942156e-06,0.000000000000000000e+00
9.230000000000000426e+00,-4.214727325192103770e-07,-2.262724172017227348e-06,8.030452827714113471e-07,-1.307400961273361844e-06,7.208672113145330596e-06,0.000000000000000000e+00
9.234999999999999432e+00,-4.326957793254331730e-07,-2.226548775203835295e-06,7.965235429363536028e-07,-1.301293153653799298e-06,7.146714758167212851e-06,0.000000000000000000e+00
9.240000000000000213e+00,-4.437387610282480000e-07,-2.190697832659129083e-06,7.900323689416987802e-07,-1.295174721354520342e-06,7.085077493711684418e-06,0.000000000000000000e+00
9.245000000000000995e+00,-4.546032954298138947e-07,-2.155169556866838509e-06,7.835718124730328847e-07,-1.289046238340482976e-06,7.023760412969350813e-06,0.000000000000000000e+00
9.250000000000000000e+00,-4.652909913971663914e-07,-2.119962161312797716e-06,7.771419223634747217e-07,-1.282908271642277416e-06,6.962763585258908327e-06,0.000000000000000000e+00
9.255000000000000782e+00,-4.758034488675111065e-07,-2.085073860597869519e-06,7.707427446282172645e-07,-1.276761381408408780e-06,6.902087056340197238e-06,0.000000000000000000e+00
9.259999999999999787e+00,-4.861422588540776898e-07,-2.050502870549286182e-06,7.643743224988076071e-07,-1.270606120957368439e-06,6.841730848724761365e-06,0.000000000000000000e+00
9.265000000000000568e+00,-4.963090034525269931e-07,-2.016247408330421081e-06,7.580366964571671960e-07,-1.264443036829497208e-06,6.781694961983883452e-06,0.000000000000000000e+00
9.269999999999999574e+00,-5.063052558479028815e-07,-1.982305692549005209e-06,7.517299042693536098e-07,-1.258272668838634027e-06,6.721979373054204820e-06,0.000000000000000000e+00
9.275000000000000355e+00,-5.161325803221212749e-07,-1.948675943363796578e-06,7.454539810190643127e-07,-1.252095550123553731e-06,6.662584036540786985e-06,0.000000000000000000e+00
9.279999999999999361e+00,-5.257925322619887977e-07,-1.915356382589723262e-06,7.392089591408837563e-07,-1.245912207199191579e-06,6.603508885017760912e-06,0.000000000000000000e+00
9.285000000000000142e+00,-5.352866581677434114e-07,-1.882345233801506869e-06,7.329948684532749953e-07,-1.239723160007652639e-06,6.544753829326570711e-06,0.000000000000000000e+00
9.290000000000000924e+00,-5.446164956621090915e-07,-1.849640722435780832e-06,7.268117361913167696e-07,-1.233528921969007292e-06,6.486318758871689776e-06,0.000000000000000000e+00
9.294999999999999929e+00,-5.537835734998578761e-07,-1.817241075891719197e-06,7.206595870391871123e-07,-1.227330000031870957e-06,6.428203541913978788e-06,0.000000000000000000e+00
9.300000000000000711e+00,-5.627894115778707117e-07,-1.785144523630184365e-06,7.145384431623946468e-07,-1.221126894723767193e-06,6.370408025861627982e-06,0.000000000000000000e+00
9.304999999999999716e+00,-5.716355209456910602e-07,-1.753349297271409478e-06,7.084483242397586341e-07,-1.214920100201274161e-06,6.312932037558649788e-06,0.000000000000000000e+00
9.310000000000000497e+00,-5.803234038165625853e-07,-1.721853630691226863e-06,7.023892474951388266e-07,-1.208710104299953407e-06,6.255775383571064165e-06,0.000000000000000000e+00
9.314999999999999503e+00,-5.888545535789450947e-07,-1.690655760115855894e-06,6.963612277289158710e-07,-1.202497388584060321e-06,6.198937850470603812e-06,0.000000000000000000e+00
9.320000000000000284e+00,-5.972304548085000561e-07,-1.659753924215261052e-06,6.903642773492243778e-07,-1.196282428396036272e-06,6.142419205116125618e-06,0.000000000000000000e+00
9.325000000000001066e+00,-6.054525832805399703e-07,-1.629146364195095450e-06,6.843984064029386573e-07,-1.190065692905779875e-06,6.086219194932684305e-06,0.000000000000000000e+00
9.330000000000000071e+00,-6.135224059829338709e-07,-1.598831323887238702e-06,6.784636226064124978e-07,-1.183847645159700158e-06,6.030337548188173383e-06,0.000000000000000000e+00
9.335000000000000853e+00,-6.214413811294617514e-07,-1.568807049838944808e-06,6.725599313759747871e-07,-1.177628742129548005e-06,5.974773974267733338e-06,0.000000000000000000e+00
9.339999999999999858e+00,-6.292109581736112496e-07,-1.539071791400609806e-06,6.666873358581807648e-07,-1.171409434761026959e-06,5.919528163945757623e-06,0.000000000000000000e+00
9.345000000000000639e+00,-6.368325778228103426e-07,-1.509623800812172732e-06,6.608458369598215526e-07,-1.165190168022182093e-06,5.864599789655665878e-06,0.000000000000000000e+00
9.349999999999999645e+00,-6.443076720530880045e-07,-1.480461333288161748e-06,6.550354333776917508e-07,-1.158971380951567174e-06,5.809988505757315619e-06,0.000000000000000000e+00
9.355000000000000426e+00,-6.516376641241568986e-07,-1.451582647101396248e-06,6.492561216281170067e-07,-1.152753506706189905e-06,5.755693948802164208e-06,0.000000000000000000e+00
9.359999999999999432e+00,-6.588239685949113276e-07,-1.422986003665359328e-06,6.435078960762422966e-07,-1.146536972609233340e-06,5.701715737796160776e-06,0.000000000000000000e+00
9.365000000000000213e+00,-6.658679913393339828e-07,-1.394669667615249942e-06,6.377907489650821911e-07,-1.140322200197554311e-06,5.648053474460354542e-06,0.000000000000000000e+00
9.370000000000000995e+00,-6.727711295628041871e-07,-1.366631906887729156e-06,6.321046704443344808e-07,-1.134109605268958245e-06,5.594706743489304238e-06,0.000000000000000000e+00
9.375000000000000000e+00,-6.795347718188018086e-07,-1.338870992799369155e-06,6.264496485989571619e-07,-1.127899597929250996e-06,5.541675112807119226e-06,0.000000000000000000e+00
9.380000000000000782e+00,-6.861602980260004905e-07,-1.311385200123819856e-06,6.208256694775119590e-07,-1.121692582639064101e-06,5.488958133821491458e-06,0.000000000000000000e+00
9.384999999999999787e+00,-6.926490794857432124e-07,-1.284172807167703056e-06,6.152327171202729014e-07,-1.115488958260457467e-06,5.436555341675284588e-06,0.000000000000000000e+00
9.390000000000000568e+00,-6.990024788998941442e-07,-1.257232095845245779e-06,6.096707735871036597e-07,-1.109289118103295700e-06,5.384466255496081740e-06,0.000000000000000000e+00
9.394999999999999574e+00,-7.052218503890608660e-07,-1.230561351751664455e-06,6.041398189851029012e-07,-1.103093449971399543e-06,5.332690378643456443e-06,0.000000000000000000e+00
9.400000000000000355e+00,-7.113085395111799655e-07,-1.204158864235311800e-06,5.986398314960195704e-07,-1.096902336208472423e-06,5.281227198954127687e-06,0.000000000000000000e+00
9.404999999999999361e+00,-7.172638832804607173e-07,-1.178022926468597826e-06,5.931707874034389404e-07,-1.090716153743800420e-06,5.230076188984848312e-06,0.000000000000000000e+00
9.410000000000000142e+00,-7.230892101866800708e-07,-1.152151835517695145e-06,5.877326611197413425e-07,-1.084535274137726291e-06,5.179236806253287629e-06,0.000000000000000000e+00
9.415000000000000924e+00,-7.287858402148231202e-07,-1.126543892411041278e-06,5.823254252128333612e-07,-1.078360063626897971e-06,5.128708493476598246e-06,0.000000000000000000e+00
9.419999999999999929e+00,-7.343550848650633412e-07,-1.101197402206647915e-06,5.769490504326536129e-07,-1.072190883169289852e-06,5.078490678807994065e-06,0.000000000000000000e+00
9.425000000000000711e+00,-7.397982471730762414e-07,-1.076110674058229838e-06,5.716035057374543781e-07,-1.066028088488997914e-06,5.028582776071119221e-06,0.000000000000000000e+00
9.429999999999999716e+00,-7.451166217306806000e-07,-1.051282021280162394e-06,5.662887583198590879e-07,-1.059872030120808265e-06,4.978984184992363800e-06,0.000000000000000000e+00
9.435000000000000497e+00,-7.503114947068021096e-07,-1.026709761411280653e-06,5.610047736326982053e-07,-1.053723053454538684e-06,4.929694291431028109e-06,0.000000000000000000e+00
9.439999999999999503e+00,-7.553841438687523267e-07,-1.002392216277529561e-06,5.557515154146235012e-07,-1.047581498779153152e-06,4.880712467607433726e-06,0.000000000000000000e+00
9.445000000000000284e+00,-7.603358386038187998e-07,-9.783277120534771718e-07,5.505289457155025262e-07,-1.041447701326649597e-06,4.832038072328969494e-06,0.000000000000000000e+00
9.450000000000001066e+00,-7.651678399411594948e-07,-9.545145793227008942e-07,5.453370249215944411e-07,-1.035321991315719995e-06,4.783670451214060580e-06,0.000000000000000000e+00
9.455000000000000071e+00,-7.698814005739964349e-07,-9.309511531370576684e-07,5.401757117805074193e-07,-1.029204693995184100e-06,4.735608936914053837e-06,0.000000000000000000e+00
9.460000000000000853e+00,-7.744777648821031545e-07,-9.076357730748494022e-07,5.350449634259403734e-07,-1.023096129687195113e-06,4.687852849333156691e-06,0.000000000000000000e+00
9.464999999999999858e+00,-7.789581689545798273e-07,-8.845667832978934037e-07,5.299447354022084763e-07,-1.016996613830218559e-06,4.640401495846236410e-06,0.000000000000000000e+00
9.470000000000000639e+00,-7.833238406129115142e-07,-8.617425326075085062e-07,5.248749816885545954e-07,-1.010906457021783943e-06,4.593254171514669516e-06,0.000000000000000000e+00
9.474999999999999645e+00,-7.875759994343030748e-07,-8.391613744994282143e-07,5.198356547232476971e-07,-1.004825965061009195e-06,4.546410159300185412e-06,0.000000000000000000e+00
9.480000000000000426e+00,-7.917158567752865044e-07,-8.168216672176498704e-07,5.148267054274690703e-07,-9.987554389908972577e-07,4.499868730276688995e-06,0.000000000000000000e+00
9.484999999999999432e+00,-7.957446157955947697e-07,-7.947217738072319126e-07,5.098480832289875326e-07,-9.926951751404058844e-07,4.453629143840141870e-06,0.000000000000000000e+00
9.490000000000000213e+00,-7.996634714822967417e-07,-7.728600621660474817e-07,5.048997360856249956e-07,-9.866454651662912793e-07,4.407690647916407290e-06,0.000000000000000000e+00
9.495000000000000995e+00,-8.034736106741885689e-07,-7.512349050955068718e-07,4.999816105085134486e-07,-9.806065960947224018e-07,4.362052479167231634e-06,0.000000000000000000e+00
9.500000000000000000e+00,-8.071762120864359825e-07,-7.298446803502565532e-07,4.950936515851441018e-07,-9.745788503626705962e-07,4.316713863194181135e-06,0.000000000000000000e+00
9.505000000000000782e+00,-8.107724463354628779e-07,-7.086877706868674730e-07,4.902358030022104880e-07,-9.685625058590707346e-07,4.271674014740718537e-06,0.000000000000000000e+00
9.509999999999999787e+00,-8.142634759640801350e-07,-6.877625639115203635e-07,4.854080070682463712e-07,-9.625578359657566249e-07,4.226932137892304458e-06,0.000000000000000000e+00
9.515000000000000568e+00,-8.176504554668512902e-07,-6.670674529266992799e-07,4.806102047360592027e-07,-9.565651095981689908e-07,4.182487426274630210e-06,0.000000000000000000e+00
9.519999999999999574e+00,-8.209345313156882842e-07,-6.466008357769032162e-07,4.758423356249607123e-07,-9.505845912458369765e-07,4.138339063249919374e-06,0.000000000000000000e+00
9.525000000000000355e+00,-8.241168419856740023e-07,-6.263611156933852203e-07,4.711043380427959588e-07,-9.446165410126340225e-07,4.094486222111340501e-06,0.000000000000000000e+00
9.529999999999999361e+00,-8.271985179811061026e-07,-6.063467011379289629e-07,4.663961490077713162e-07,-9.386612146568070545e-07,4.050928066275569884e-06,0.000000000000000000e+00
9.535000000000000142e+00,-8.301806818617566250e-07,-5.865560058456729231e-07,4.617177042700829839e-07,-9.327188636307794090e-07,4.007663749473446818e-06,0.000000000000000000e+00
9.540000000000000924e+00,-8.330644482693443126e-07,-5.669874488669909797e-07,4.570689383333471312e-07,-9.267897351207284473e-07,3.964692415938804348e-06,0.000000000000000000e+00
9.544999999999999929e+00,-8.358509239542133961e-07,-5.476394546084396779e-07,4.524497844758325791e-07,-9.208740720859372241e-07,3.922013200595461958e-06,0.000000000000000000e+00
9.550000000000000711e+00,-8.385412078022147143e-07,-5.285104528727819126e-07,4.478601747714974978e-07,-9.149721132979209514e-07,3.879625229242349702e-06,0.000000000000000000e+00
9.554999999999999716e+00,-8.411363908617852509e-07,-5.095988788980954981e-07,4.433000401108307591e-07,-9.090840933793282563e-07,3.837527618736855263e-06,0.000000000000000000e+00
9.560000000000000497e+00,-8.436375563712204785e-07,-4.909031733959770014e-07,4.387693102214995286e-07,-9.032102428426177652e-07,3.795719477176305844e-06,0.000000000000000000e+00
9.564999999999999503e+00,-8.460457797861354838e-07,-4.724217825888498901e-07,4.342679136888040528e-07,-8.973507881285095870e-07,3.754199904077723806e-06,0.000000000000000000e+00
9.570000000000000284e+00,-8.483621288071105353e-07,-4.541531582463862087e-07,4.297957779759405401e-07,-8.915059516442128636e-07,3.712967990555725607e-06,0.000000000000000000e+00
9.575000000000001066e+00,-8.505876634075167506e-07,-4.360957577210510452e-07,4.253528294440737769e-07,-8.856759518014291733e-07,3.672022819498699578e-06,0.000000000000000000e+00
9.580000000000000071e+00,-8.527234358615168880e-07,-4.182480439827788953e-07,4.209389933722200617e-07,-8.798610030541318945e-07,3.631363465743172735e-06,0.000000000000000000e+00
9.585000000000000853e+00,-8.547704907722377685e-07,-4.006084856527914002e-07,4.165541939769417792e-07,-8.740613159361224816e-07,3.590988996246456420e-06,0.000000000000000000e+00
9.589999999999999858e+00,-8.567298651001093509e-07,-3.831755570365648743e-07,4.121983544318550464e-07,-8.682770970983633367e-07,3.550898470257540283e-06,0.000000000000000000e+00
9.595000000000000639e+00,-8.586025881913666498e-07,-3.659477381559572066e-07,4.078713968869507980e-07,-8.625085493460881227e-07,3.511090939486258316e-06,0.000000000000000000e+00
9.599999999999999645e+00,-8.603896818067103652e-07,-3.489235147805026572e-07,4.035732424877312733e-07,-8.567558716756893068e-07,3.471565448270711685e-06,0.000000000000000000e+00
9.605000000000000426e+00,-8.620921601501217794e-07,-3.321013784578838678e-07,3.993038113941623774e-07,-8.510192593113837823e-07,3.432321033743014450e-06,0.000000000000000000e+00
9.609999999999999432e+00,-8.637110298978277893e-07,-3.154798265435892379e-07,3.950630227994434556e-07,-8.452989037416567777e-07,3.393356725993331655e-06,0.000000000000000000e+00
9.615000000000000213e+00,-8.652472902274125821e-07,-2.990573622297649317e-07,3.908507949485952194e-07,-8.395949927554844807e-07,3.354671548232211501e-06,0.000000000000000000e+00
9.620000000000000995e+00,-8.667019328470712944e-07,-2.828324945732703565e-07,3.866670451568672545e-07,-8.339077104783351609e-07,3.316264516951275963e-06,0.000000000000000000e+00
9.625000000000000000e+00,-8.680759420250020553e-07,-2.668037385229448412e-07,3.825116898279659058e-07,-8.282372374079507010e-07,3.278134642082197021e-06,0.000000000000000000e+00
9.630000000000000782e+00,-8.693702946189327083e-07,-2.509696149460953093e-07,3.783846444721040723e-07,-8.225837504499068394e-07,3.240280927154080457e-06,0.000000000000000000e+00
9.634999999999999787e+00,-8.705859601057773404e-07,-2.353286506542124382e-07,3.742858237238734439e-07,-8.169474229529545614e-07,3.202702369449148825e-06,0.000000000000000000e+00
9.640000000000000568e+00,-8.717239006114200779e-07,-2.198793784279243813e-07,3.702151413599409255e-07,-8.113284247441415790e-07,3.165397960156838758e-06,0.000000000000000000e+00
9.644999999999999574e+00,-8.727850709406218085e-07,-2.046203370411960232e-07,3.661725103165695133e-07,-8.057269221637155942e-07,3.128366684526226249e-06,0.000000000000000000e+00
9.650000000000000355e+00,-8.737704186070453813e-07,-1.895500712847825547e-07,3.621578427069657944e-07,-8.001430780998081804e-07,3.091607522016910317e-06,0.000000000000000000e+00
9.654999999999999361e+00,-8.746808838633969569e-07,-1.746671319889452016e-07,3.581710498384541221e-07,-7.945770520229016122e-07,3.055119446448214477e-06,0.000000000000000000e+00
9.660000000000000142e+00,-8.755173997316787418e-07,-1.599700760454375540e-07,3.542120422294791082e-07,-7.890290000200776892e-07,3.018901426146873711e-06,0.000000000000000000e+00
9.665000000000000924e+00,-8.762808920335498257e-07,-1.454574664287707246e-07,3.502807296264375442e-07,-7.834990748290495087e-07,2.982952424093088356e-06,0.000000000000000000e+00
9.669999999999999929e+00,-8.769722794207918391e-07,-1.311278722167652804e-07,3.463770210203405453e-07,-7.779874258719770320e-07,2.947271398065049949e-06,0.000000000000000000e+00
9.675000000000000711e+00,-8.775924734058750898e-07,-1.169798686103980048e-07,3.425008246633073462e-07,-7.724941992890664467e-07,2.911857300781874649e-06,0.000000000000000000e+00
9.679999999999999716e+00,-8.781423783926229560e-07,-1.030120369529516192e-07,3.386520480848913321e-07,-7.670195379719537468e-07,2.876709080045027246e-06,0.000000000000000000e+00
9.685000000000000497e+00,-8.786228917069693465e-07,-8.922296474847527002e-08,3.348305981082401035e-07,-7.615635815968734839e-07,2.841825678878174771e-06,0.000000000000000000e+00
9.689999999999999503e+00,-8.790349036278076402e-07,-7.561124567956367095e-08,3.310363808660898411e-07,-7.561264666576131135e-07,2.807206035665542551e-06,0.000000000000000000e+00
9.695000000000000284e+00,-8.793792974179263419e-07,-6.217547962446274817e-08,3.272693018165956096e-07,-7.507083264982531479e-07,2.772849084288728667e-06,0.000000000000000000e+00
9.700000000000001066e+00,-8.796569493550285927e-07,-4.891427267350956375e-08,3.235292657589986093e-07,-7.453092913456940681e-07,2.738753754262044567e-06,0.000000000000000000e+00
9.705000000000000071e+00,-8.798687287628325733e-07,-3.582623714491415410e-08,3.198161768491310608e-07,-7.399294883419699958e-07,2.704918970866329337e-06,0.000000000000000000e+00
9.710000000000000853e+00,-8.800154980422488807e-07,-2.290999159989108544e-08,3.161299386147603129e-07,-7.345690415763503949e-07,2.671343655281320620e-06,0.000000000000000000e+00
9.714999999999999858e+00,-8.800981127026319150e-07,-1.016416085714807138e-08,3.124704539707727019e-07,-7.292280721172295915e-07,2.638026724716500875e-06,0.000000000000000000e+00
9.720000000000000639e+00,-8.801174213931023105e-07,2.412623993260558286e-09,3.088376252341988581e-07,-7.239066980438053823e-07,2.604967092540535874e-06,0.000000000000000000e+00
9.724999999999999645e+00,-8.800742659339371296e-07,1.482172557670828688e-08,3.052313541390807211e-07,-7.186050344775469443e-07,2.572163668409220718e-06,0.000000000000000000e+00
9.730000000000000426e+00,-8.799694813480243256e-07,2.706450022139102363e-08,3.016515418511821210e-07,-7.133231936134525738e-07,2.539615358392001152e-06,0.000000000000000000e+00
9.734999999999999432e+00,-8.798038958923790390e-07,3.914229794633485425e-08,2.980980889825432917e-07,-7.080612847510977850e-07,2.507321065097060003e-06,0.000000000000000000e+00
9.740000000000000213e+00,-8.795783310897178086e-07,5.105646245000934058e-08,2.945708956058808547e-07,-7.028194143254750384e-07,2.475279687794977211e-06,0.000000000000000000e+00
9.745000000000000995e+00,-8.792936017600891120e-07,6.280833109953931366e-08,2.910698612688340668e-07,-6.975976859376245698e-07,2.443490122541000728e-06,0.000000000000000000e+00
9.750000000000000000e+00,-8.789505160525552558e-07,7.439923492050771367e-08,2.875948850080584946e-07,-6.923962003850578021e-07,2.411951262295877470e-06,0.000000000000000000e+00
9.755000000000000782e+00,-8.785498754769248775e-07,8.583049858734270567e-08,2.841458653631679127e-07,-6.872150556919740809e-07,2.380661997045337467e-06,0.000000000000000000e+00
9.759999999999999787e+00,-8.780924749355310798e-07,9.710344041428145936e-08,2.807227003905258527e-07,-6.820543471392699931e-07,2.349621213918149938e-06,0.000000000000000000e+00
9.765000000000000568e+00,-8.775791027550541414e-07,1.082193723469040878e-07,2.773252876768874396e-07,-6.769141672943440213e-07,2.318827797302856281e-06,0.000000000000000000e+00
9.769999999999999574e+00,-8.770105407183846730e-07,1.191795999542302213e-07,2.739535243528928911e-07,-6.717946060406951568e-07,2.288280628963108862e-06,0.000000000000000000e+00
9.775000000000000355e+00,-8.763875640965249951e-07,1.299854224213717906e-07,2.706073071064133689e-07,-6.666957506073175901e-07,2.257978588151673174e-06,0.000000000000000000e+00
9.779999999999999361e+00,-8.757109416805258807e-07,1.406381325427347405e-07,2.672865321957505048e-07,-6.616176855978909488e-07,2.227920551723074752e-06,0.000000000000000000e+00
9.785000000000000142e+00,-8.749814358134560134e-07,1.511390167157629768e-07,2.639910954626903430e-07,-6.565604930197677762e-07,2.198105394244953512e-06,0.000000000000000000e+00
9.790000000000000924e+00,-8.741998024224013044e-07,1.614893549352179557e-07,2.607208923454130225e-07,-6.515242523127581466e-07,2.168531988108028956e-06,0.000000000000000000e+00
9.794999999999999929e+00,-8.733667910504914198e-07,1.716904207879867163e-07,2.574758178912588338e-07,-6.465090403777123682e-07,2.139199203634833789e-06,0.000000000000000000e+00
9.800000000000000711e+00,-8.724831448889510835e-07,1.817434814484122404e-07,2.542557667693520804e-07,-6.415149316049028340e-07,2.110105909187077043e-06,0.000000000000000000e+00
9.804999999999999716e+00,-8.715496008091736158e-07,1.916497976741391268e-07,2.510606332830834331e-07,-6.365419979022044902e-07,2.081250971271765446e-06,0.000000000000000000e+00
9.810000000000000497e+00,-8.705668893948134226e-07,2.014106238024681467e-07,2.478903113824517818e-07,-6.315903087230763576e-07,2.052633254646015276e-06,0.000000000000000000e+00
9.814999999999999503e+00,-8.695357349738959565e-07,2.110272077472131691e-07,2.447446946762669102e-07,-6.266599310943431540e-07,2.024251622420597061e-06,0.000000000000000000e+00
9.820000000000000284e+00,-8.684568556509418644e-07,2.205007909960539182e-07,2.416236764442134685e-07,-6.217509296437789218e-07,1.996104936162208026e-06,0.000000000000000000e+00
9.825000000000001066e+00,-8.673309633391034176e-07,2.298326086083782362e-07,2.385271496487778320e-07,-6.168633666274922383e-07,1.968192055994533293e-06,0.000000000000000000e+00
9.830000000000000071e+00,-8.661587637923101532e-07,2.390238892136074201e-07,2.354550069470382975e-07,-6.119973019571148090e-07,1.940511840698006031e-06,0.000000000000000000e+00
9.835000000000000853e+00,-8.649409566374221392e-07,2.480758550099983049e-07,2.324071407023199121e-07,-6.071527932267934430e-07,1.913063147808356351e-06,0.000000000000000000e+00
9.839999999999999858e+00,-8.636782354063875800e-07,2.569897217639159011e-07,2.293834429957148626e-07,-6.023298957399861515e-07,1.885844833713974354e-06,0.000000000000000000e+00
9.845000000000000639e+00,-8.623712875684033871e-07,2.657666988095704433e-07,2.263838056374692982e-07,-5.975286625360638536e-07,1.858855753751985696e-06,0.000000000000000000e+00
9.849999999999999645e+00,-8.610207945620753258e-07,2.744079890492122347e-07,2.234081201782376454e-07,-5.927491444167168396e-07,1.832094762303168397e-06,0.000000000000000000e+00
9.855000000000000426e+00,-8.596274318275765744e-07,2.829147889537788329e-07,2.204562779202054480e-07,-5.879913899721685349e-07,1.805560712885678738e-06,0.000000000000000000e+00
9.859999999999999432e+00,-8.581918688388018355e-07,2.912882885639880933e-07,2.175281699280815777e-07,-5.832554456071961408e-07,1.779252458247557419e-06,0.000000000000000000e+00
9.865000000000000213e+00,-8.567147691355145658e-07,2.995296714918710337e-07,2.146236870399607706e-07,-5.785413555669589981e-07,1.753168850458083761e-06,0.000000000000000000e+00
9.870000000000000995e+00,-8.551967903554857360e-07,3.076401149227388038e-07,2.117427198780575195e-07,-5.738491619626357332e-07,1.727308740997942358e-06,0.000000000000000000e+00
9.875000000000000000e+00,-8.536385842666217897e-07,3.156207896175776709e-07,2.088851588593123820e-07,-5.691789047968706105e-07,1.701670980848256405e-06,0.000000000000000000e+00
9.880000000000000782e+00,-8.520407967990792628e-07,3.234728599158660396e-07,2.060508942058713405e-07,-5.645306219890304665e-07,1.676254420578440266e-06,0.000000000000000000e+00
9.884999999999999787e+00,-8.504040680773642617e-07,3.311974837388080533e-07,2.032398159554394823e-07,-5.599043494002719085e-07,1.651057910432933949e-06,0.000000000000000000e+00
9.890000000000000568e+00,-8.487290324524152124e-07,3.387958125929776352e-07,2.004518139715097697e-07,-5.553001208584204727e-07,1.626080300416789010e-06,0.000000000000000000e+00
9.894999999999999574e+00,-8.470163185336658106e-07,3.462689915743673595e-07,1.976867779534678520e-07,-5.507179681826618460e-07,1.601320440380142302e-06,0.000000000000000000e+00
9.900000000000000355e+00,-8.452665492210870074e-07,3.536181593728365384e-07,1.949445974465740308e-07,-5.461579212080464233e-07,1.576777180101579264e-06,0.000000000000000000e+00
9.904999999999999361e+00,-8.434803417372059134e-07,3.608444482769528629e-07,1.922251618518229094e-07,-5.416200078098077295e-07,1.552449369370377434e-06,0.000000000000000000e+00
9.910000000000000142e+00,-8.416583076590991866e-07,3.679489841792220897e-07,1.895283604356822064e-07,-5.371042539274954468e-07,1.528335858067655588e-06,0.000000000000000000e+00
9.915000000000000924e+00,-8.398010529503595257e-07,3.749328865816998994e-07,1.868540823397111859e-07,-5.326106835889235774e-07,1.504435496246456476e-06,0.000000000000000000e+00
9.919999999999999929e+00,-8.379091779930329418e-07,3.817972686019808961e-07,1.842022165900597608e-07,-5.281393189339350112e-07,1.480747134210719934e-06,0.000000000000000000e+00
9.925000000000000711e+00,-8.359832776195255368e-07,3.885432369795590832e-07,1.815726521068494631e-07,-5.236901802379830294e-07,1.457269622593220085e-06,0.000000000000000000e+00
9.929999999999999716e+00,-8.340239411444772472e-07,3.951718920825543640e-07,1.789652777134367010e-07,-5.192632859355302719e-07,1.434001812432397996e-06,0.000000000000000000e+00
9.935000000000000497e+00,-8.320317523966011770e-07,4.016843279147998253e-07,1.763799821455596567e-07,-5.148586526432665454e-07,1.410942555248198240e-06,0.000000000000000000e+00
9.939999999999999503e+00,-8.300072897504865090e-07,4.080816321232842983e-07,1.738166540603694571e-07,-5.104762951831452613e-07,1.388090703116798372e-06,0.000000000000000000e+00
9.945000000000000284e+00,-8.279511261583635105e-07,4.143648860059453260e-07,1.712751820453466518e-07,-5.061162266052405134e-07,1.365445108744361784e-06,0.000000000000000000e+00
9.950000000000001066e+00,-8.258638291818283056e-07,4.205351645198070328e-07,1.687554546271038440e-07,-5.017784582104247972e-07,1.343004625539729226e-06,0.000000000000000000e+00
9.955000000000000071e+00,-8.237459610235268834e-07,4.265935362894577065e-07,1.662573602800753748e-07,-4.974629995728681109e-07,1.320768107686091343e-06,0.000000000000000000e+00
9.960000000000000853e+00,-8.215980785587948495e-07,4.325410636158619581e-07,1.637807874350949087e-07,-4.931698585623594965e-07,1.298734410211678662e-06,0.000000000000000000e+00
9.964999999999999858e+00,-8.194207333672531308e-07,4.383788024855028019e-07,1.613256244878620038e-07,-4.888990413664518697e-07,1.276902389059420727e-06,0.000000000000000000e+00
9.970000000000000639e+00,-8.172144717643568829e-07,4.441078025798478309e-07,1.588917598072981720e-07,-4.846505525124306663e-07,1.255270901155630316e-06,0.000000000000000000e+00
9.974999999999999645e+00,-8.149798348328961156e-07,4.497291072851353057e-07,1.564790817437938027e-07,-4.804243948891074703e-07,1.233838804477697457e-06,0.000000000000000000e+00
9.980000000000000426e+00,-8.127173584544465558e-07,4.552437537024747582e-07,1.540874786373462706e-07,-4.762205697684388361e-07,1.212604958120803446e-06,0.000000000000000000e+00
9.984999999999999432e+00,-8.104275733407697941e-07,4.606527726582571321e-07,1.517168388255906284e-07,-4.720390768269715214e-07,1.191568222363687867e-06,0.000000000000000000e+00
9.990000000000000213e+00,-8.081110050651599624e-07,4.659571887148700144e-07,1.493670506517233618e-07,-4.678799141671151375e-07,1.170727458733419510e-06,0.000000000000000000e+00
9.995000000000000995e+00,-8.057681740937363074e-07,4.711580201817126638e-07,1.470380024723202656e-07,-4.637430783382423752e-07,1.150081530069258420e-06,0.000000000000000000e+00
1.000000000000000000e+01,-8.033995958166800716e-07,4.762562791265066002e-07,1.447295826650491812e-07,-4.596285643576181830e-07,1.129629300585529458e-06,0.000000000000000000e+00
1.000500000000000078e+01,-8.010057805794140940e-07,4.812529713868963033e-07,1.424416796362786557e-07,-4.555363657311584273e-07,1.109369635933606477e-06,0.000000000000000000e+00
1.000999999999999979e+01,-7.985872337137232236e-07,4.861490965823361028e-07,1.401741818285831037e-07,-4.514664744740187747e-07,1.089301403262943591e-06,0.000000000000000000e+00
1.001500000000000057e+01,-7.961444555688154414e-07,4.909456481262579118e-07,1.379269777281454517e-07,-4.474188811310148570e-07,1.069423471281179781e-06,0.000000000000000000e+00
1.001999999999999957e+01,-7.936779415423207251e-07,4.956436132385158887e-07,1.356999558720581913e-07,-4.433935747968742994e-07,1.049734710313358359e-06,0.000000000000000000e+00
1.002500000000000036e+01,-7.911881821112272337e-07,5.002439729581028360e-07,1.334930048555235039e-07,-4.393905431363215125e-07,1.030233992360218929e-06,0.000000000000000000e+00
1.002999999999999936e+01,-7.886756628627532226e-07,5.047477021561344753e-07,1.313060133389534610e-07,-4.354097724039960958e-07,1.010920191155629605e-06,0.000000000000000000e+00
1.003500000000000014e+01,-7.861408645251537383e-07,5.091557695490959827e-07,1.291388700549709104e-07,-4.314512474642055931e-07,9.917921822230714104e-07,0.000000000000000000e+00
1.004000000000000092e+01,-7.835842629984597617e-07,5.134691377123480358e-07,1.269914638153122126e-07,-4.275149518105133413e-07,9.728488429313145926e-07,0.000000000000000000e+00
1.004499999999999993e+01,-7.810063293851496941e-07,5.176887630938862286e-07,1.248636835176321975e-07,-4.236008675851623121e-07,9.540890525491640617e-07,0.000000000000000000e+00
1.005000000000000071e+01,-7.784075300207512817e-07,5.218155960283508900e-07,1.227554181522126914e-07,-4.197089755983359527e-07,9.355116922993832003e-07,0.000000000000000000e+00
1.005499999999999972e+01,-7.757883265043727064e-07,5.258505807512819077e-07,1.206665568085748806e-07,-4.158392553472563974e-07,9.171156454117342197e-07,0.000000000000000000e+00
1.006000000000000050e+01,-7.731491757291621019e-07,5.297946554136152734e-07,1.185969886819967923e-07,-4.119916850351213176e-07,8.988997971751816474e-07,0.000000000000000000e+00
1.006499999999999950e+01,-7.704905299126938023e-07,5.336487520964161623e-07,1.165466030799363592e-07,-4.081662415898797309e-07,8.808630349892580992e-07,0.000000000000000000e+00
1.007000000000000028e+01,-7.678128366272803690e-07,5.374137968258451577e-07,1.145152894283610715e-07,-4.043629006828481443e-07,8.630042484145897946e-07,0.000000000000000000e+00
1.007500000000000107e+01,-7.651165388302091257e-07,5.410907095883527521e-07,1.125029372779849319e-07,-4.005816367471675607e-07,8.453223292225953679e-07,0.000000000000000000e+00
1.008000000000000007e+01,-7.624020748939024603e-07,5.446804043460986291e-07,1.105094363104135344e-07,-3.968224229961017729e-07,8.278161714443715274e-07,0.000000000000000000e+00
1.008500000000000085e+01,-7.596698786360000948e-07,5.481837890525913850e-07,1.085346763441980202e-07,-3.930852314411787450e-07,8.104846714187706461e-07,0.000000000000000000e+00
1.008999999999999986e+01,-7.569203793493628974e-07,5.516017656685443509e-07,1.065785473407987189e-07,-3.893700329101748682e-07,7.933267278396651995e-07,0.000000000000000000e+00
1.009500000000000064e+01,-7.541540018319966514e-07,5.549352301779440195e-07,1.046409394104592829e-07,-3.856767970649434169e-07,7.763412418024210758e-07,0.000000000000000000e+00
1.009999999999999964e+01,-7.513711664168951429e-07,5.581850726043268412e-07,1.027217428179920674e-07,-3.820054924190882612e-07,7.595271168495882269e-07,0.000000000000000000e+00
1.010500000000000043e+01,-7.485722890018014048e-07,5.613521770272607923e-07,1.008208479884754859e-07,-3.783560863554827849e-07,7.428832590157993438e-07,0.000000000000000000e+00
1.010999999999999943e+01,-7.457577810788857397e-07,5.644374215990268410e-07,9.893814551286420104e-08,-3.747285451436360195e-07,7.264085768718985792e-07,0.000000000000000000e+00
1.011500000000000021e+01,-7.429280497643402038e-07,5.674416785614978791e-07,9.707352615351286391e-08,-3.711228339569056245e-07,7.101019815683070932e-07,0.000000000000000000e+00
1.012000000000000099e+01,-7.400834978278879645e-07,5.703658142632102477e-07,9.522688084961413237e-08,-3.675389168895593542e-07,6.939623868776237286e-07,0.000000000000000000e+00
1.012500000000000000e+01,-7.372245237222070012e-07,5.732106891766245743e-07,9.339810072255178664e-08,-3.639767569736856470e-07,6.779887092364735203e-07,0.000000000000000000e+00
1.013000000000000078e+01,-7.343515216122666682e-07,5.759771579155716872e-07,9.158707708116965810e-08,-3.604363161959537076e-07,6.621798677866099693e-07,0.000000000000000000e+00
1.013499999999999979e+01,-7.314648814045773305e-07,5.786660692528809590e-07,8.979370142695716502e-08,-3.569175555142245642e-07,6.465347844152888681e-07,0.000000000000000000e+00
1.014000000000000057e+01,-7.285649887763504257e-07,5.812782661381858923e-07,8.801786545915209045e-08,-3.534204348740134185e-07,6.310523837948941962e-07,0.000000000000000000e+00
1.014499999999999957e+01,-7.256522252045697997e-07,5.838145857159046175e-07,8.625946107976148918e-08,-3.499449132248044533e-07,6.157315934218457310e-07,0.000000000000000000e+00
1.015000000000000036e+01,-7.227269679949726213e-07,5.862758593433911733e-07,8.451838039850135884e-08,-3.464909485362185207e-07,6.005713436547934582e-07,0.000000000000000000e+00
1.015499999999999936e+01,-7.197895903109387112e-07,5.886629126092537592e-07,8.279451573765586946e-08,-3.430584978140349823e-07,5.855705677521004729e-07,0.000000000000000000e+00
1.016000000000000014e+01,-7.168404612022881802e-07,5.909765653518373118e-07,8.108775963685674680e-08,-3.396475171160680181e-07,5.707282019086092927e-07,0.000000000000000000e+00
1.016500000000000092e+01,-7.138799456339864226e-07,5.932176316778657472e-07,7.939800485778378913e-08,-3.362579615678986757e-07,5.560431852917330835e-07,0.000000000000000000e+00
1.016999999999999993e+01,-7.109084045147550894e-07,5.953869199812413277e-07,7.772514438878696713e-08,-3.328897853784631875e-07,5.415144600768311445e-07,0.000000000000000000e+00
1.017500000000000071e+01,-7.079261947255888289e-07,5.974852329619973418e-07,7.606907144943094097e-08,-3.295429418554986173e-07,5.271409714819211647e-07,0.000000000000000000e+00
1.017999999999999972e+01,-7.049336691481771593e-07,5.995133676454008148e-07,7.442967949496280178e-08,-3.262173834208461511e-07,5.129216678016986075e-07,0.000000000000000000e+00
1.018500000000000050e+01,-7.019311766932299923e-07,6.014721154012019675e-07,7.280686222070355366e-08,-3.229130616256133574e-07,4.988555004409030323e-07,0.000000000000000000e+00
1.018999999999999950e+01,-6.989190623287070168e-07,6.033622619630267181e-07,7.120051356636415680e-08,-3.196299271651962110e-07,4.849414239469983202e-07,0.000000000000000000e+00
1.019500000000000028e+01,-6.958976671079492522e-07,6.051845874479096856e-07,6.961052772028685972e-08,-3.163679298941612499e-07,4.711783960422193178e-07,0.000000000000000000e+00
1.020000000000000107e+01,-6.928673281977132973e-07,6.069398663759637768e-07,6.803679912361238957e-08,-3.131270188409890308e-07,4.575653776549400088e-07,0.000000000000000000e+00
1.020500000000000007e+01,-6.898283789061061593e-07,6.086288676901830759e-07,6.647922247437383448e-08,-3.099071422226796770e-07,4.441013329504225042e-07,0.000000000000000000e+00
1.021000000000000085e+01,-6.867811487104210861e-07,6.102523547763770234e-07,6.493769273151781326e-08,-3.067082474592211542e-07,4.307852293609188985e-07,0.000000000000000000e+00
1.021499999999999986e+01,-6.837259632848736598e-07,6.118110854832308031e-07,6.341210511885364752e-08,-3.035302811879211737e-07,4.176160376151310765e-07,0.000000000000000000e+00
1.022000000000000064e+01,-6.806631445282366703e-07,6.133058121424908792e-07,6.190235512893121075e-08,-3.003731892776036762e-07,4.045927317670648898e-07,0.000000000000000000e+00
1.022499999999999964e+01,-6.775930105913742976e-07,6.147372815892708103e-07,6.040833852684815622e-08,-2.972369168426703203e-07,3.917142892242397428e-07,0.000000000000000000e+00
1.023000000000000043e+01,-6.745158759046741212e-07,6.161062351824757555e-07,5.892995135398713214e-08,-2.941214082570281391e-07,3.789796907753145716e-07,0.000000000000000000e+00
1.023499999999999943e+01,-6.714320512053771667e-07,6.174134088253415407e-07,5.746708993168372554e-08,-2.910266071678840541e-07,3.663879206170819375e-07,0.000000000000000000e+00
1.024000000000000021e+01,-6.683418435648041927e-07,6.186595329860860634e-07,5.601965086482575009e-08,-2.879524565094068814e-07,3.539379663808742791e-07,0.000000000000000000e+00
1.024500000000000099e+01,-6.652455564154793791e-07,6.198453327186696463e-07,5.458753104538455295e-08,-2.848988985162579948e-07,3.416288191583746999e-07,0.000000000000000000e+00
1.025000000000000000e+01,-6.621434895781491962e-07,6.209715276836615882e-07,5.317062765587899567e-08,-2.818658747369909634e-07,3.294594735268382217e-07,0.000000000000000000e+00
1.025500000000000078e+01,-6.590359392886970880e-07,6.220388321692099472e-07,5.176883817277277765e-08,-2.788533260473214348e-07,3.174289275737251966e-07,0.000000000000000000e+00
1.025999999999999979e+01,-6.559231982249530184e-07,6.230479551121119083e-07,5.038206036980570420e-08,-2.758611926632675274e-07,3.055361829207693248e-07,0.000000000000000000e+00
1.026500000000000057e+01,-6.528055555333971374e-07,6.239996001189814549e-07,4.901019232125960074e-08,-2.728894141541622684e-07,2.937802447474688425e-07,0.000000000000000000e+00
1.026999999999999957e+01,-6.496832968557578862e-07,6.248944654875122246e-07,4.765313240515947535e-08,-2.699379294555380235e-07,2.821601218140127398e-07,0.000000000000000000e+00
1.027500000000000036e+01,-6.465567043555028469e-07,6.257332442278320573e-07,4.631077930641055813e-08,-2.670066768818843487e-07,2.706748264836432770e-07,0.000000000000000000e+00
1.027999999999999936e+01,-6.434260567442232895e-07,6.265166240839471164e-07,4.498303201987191255e-08,-2.640955941392796334e-07,2.593233747444929176e-07,0.000000000000000000e+00
1.028500000000000014e+01,-6.402916293079110393e-07,6.272452875552723013e-07,4.366978985336715445e-08,-2.612046183378977011e-07,2.481047862308304559e-07,0.000000000000000000e+00
1.029000000000000092e+01,-6.371536939331272426e-07,6.279199119182458347e-07,4.237095243063295390e-08,-2.583336860043898424e-07,2.370180842438023126e-07,0.000000000000000000e+00
1.029499999999999993e+01,-6.340125191330630292e-07,6.285411692480250584e-07,4.108641969420598814e-08,-2.554827330941432351e-07,2.260622957716245299e-07,0.000000000000000000e+00
1.030000000000000071e+01,-6.308683700734916493e-07,6.291097264402607916e-07,3.981609190824883548e-08,-2.526516950034162263e-07,2.152364515092457939e-07,0.000000000000000000e+00
1.030499999999999972e+01,-6.277215085986114482e-07,6.296262452329479221e-07,3.855986966131555764e-08,-2.498405065813519594e-07,2.045395858774886858e-07,0.000000000000000000e+00
1.031000000000000050e+01,-6.245721932567791509e-07,6.300913822283493722e-07,3.731765386905749359e-08,-2.470491021418701872e-07,1.939707370416666186e-07,0.000000000000000000e+00
1.031499999999999950e+01,-6.214206793261337739e-07,6.305057889149910027e-07,3.608934577686988021e-08,-2.442774154754388596e-07,1.835289469296997542e-07,0.000000000000000000e+00
1.032000000000000028e+01,-6.182672188401101040e-07,6.308701116897254454e-07,3.487484696247996139e-08,-2.415253798607256440e-07,1.732132612497167721e-07,0.000000000000000000e+00
1.032500000000000107e+01,-6.151120606128416402e-07,6.311849918798611558e-07,3.367405933847707549e-08,-2.387929280761307553e-07,1.630227295071467229e-07,0.000000000000000000e+00
1.033000000000000007e+01,-6.119554502644531034e-07,6.314510657653557357e-07,3.248688515478543567e-08,-2.360799924112012807e-07,1.529564050213335803e-07,0.000000000000000000e+00
1.033500000000000085e+01,-6.087976302462413494e-07,6.316689646010700294e-07,3.131322700108008623e-08,-2.333865046779281114e-07,1.430133449416408782e-07,0.000000000000000000e+00
1.033999999999999986e+01,-6.056388398657453205e-07,6.318393146390814071e-07,3.015298780914669669e-08,-2.307123962219261679e-07,1.331926102630879388e-07,0.000000000000000000e+00
1.034500000000000064e+01,-6.024793153117037660e-07,6.319627371510526341e-07,2.900607085518572303e-08,-2.280575979334986631e-07,1.234932658414897399e-07,0.000000000000000000e+00
1.034999999999999964e+01,-5.993192896789016826e-07,6.320398484506559038e-07,2.787237976206155477e-08,-2.254220402585861668e-07,1.139143804081385364e-07,0.000000000000000000e+00
1.035500000000000043e+01,-5.961589929929036764e-07,6.320712599160477978e-07,2.675181850149718398e-08,-2.228056532096013223e-07,1.044550265840030977e-07,0.000000000000000000e+00
1.035999999999999943e+01,-5.929986522346755172e-07,6.320575780123939039e-07,2.564429139621500163e-08,-2.202083663761498219e-07,9.511428089346885231e-08,0.000000000000000000e+00
1.036500000000000021e+01,-5.898384913650926127e-07,6.319994043144409737e-07,2.454970312202426726e-08,-2.176301089356384089e-07,8.589122377761978795e-08,0.000000000000000000e+00
1.037000000000000099e+01,-5.866787313493355108e-07,6.318973355291338667e-07,2.346795870985580787e-08,-2.150708096637708866e-07,7.678493960706591869e-08,0.000000000000000000e+00
1.037500000000000000e+01,-5.835195901811724280e-07,6.317519635182754816e-07,2.239896354774453826e-08,-2.125303969449325836e-07,6.779451669432478897e-08,0.000000000000000000e+00
1.038000000000000078e+01,-5.803612829071281698e-07,6.315638753212269218e-07,2.134262338276031559e-08,-2.100087987824643071e-07,5.891904730575108561e-08,0.000000000000000000e+00
1.038499999999999979e+01,-5.772040216505393376e-07,6.313336531776466243e-07,2.029884432288770074e-08,-2.075059428088261565e-07,5.015762767303934527e-08,0.000000000000000000e+00
1.039000000000000057e+01,-5.740480156354961378e-07,6.310618745502658049e-07,1.926753283885518884e-08,-2.050217562956524391e-07,4.150935800428154604e-08,0.000000000000000000e+00
1.039499999999999957e+01,-5.708934712106699484e-07,6.307491121476977850e-07,1.824859576591442841e-08,-2.025561661636980083e-07,3.297334249460880587e-08,0.000000000000000000e+00
1.040000000000000036e+01,-5.677405918730267474e-07,6.303959339472800352e-07,1.724194030556996522e-08,-2.001090989926769209e-07,2.454868933639770608e-08,0.000000000000000000e+00
1.040499999999999936e+01,-5.645895782914262976e-07,6.300029032179461820e-07,1.624747402726008323e-08,-1.976804810309942641e-07,1.623451072906622740e-08,0.000000000000000000e+00
1.041000000000000014e+01,-5.614406283301071941e-07,6.295705785431260732e-07,1.526510486998923893e-08,-1.952702382053716785e-07,8.029922888452098749e-09,0.000000000000000000e+00
1.041500000000000092e+01,-5.582939370720567150e-07,6.290995138436721013e-07,1.429474114391263493e-08,-1.928782961303674796e-07,-6.595394421797089743e-11,0.000000000000000000e+00
1.041999999999999993e+01,-5.551496968422666403e-07,6.285902584008097723e-07,1.333629153187344917e-08,-1.905045801177919049e-07,-8.053995493758860151e-09,0.000000000000000000e+00
1.042500000000000071e+01,-5.520080972308737686e-07,6.280433568791104046e-07,1.238966509089326379e-08,-1.881490151860185741e-07,-1.593507344286079058e-08,0.000000000000000000e+00
1.042999999999999972e+01,-5.488693251161856604e-07,6.274593493494844732e-07,1.145477125361617527e-08,-1.858115260691925044e-07,-2.371005542431356427e-08,0.000000000000000000e+00
1.043500000000000050e+01,-5.457335646875918212e-07,6.268387713121926361e-07,1.053151982970713827e-08,-1.834920372263356620e-07,-3.137980501363314199e-08,0.000000000000000000e+00
1.043999999999999950e+01,-5.426009974683588396e-07,6.261821537198743372e-07,9.619821007205024673e-09,-1.811904728503506047e-07,-3.894518172204863390e-08,0.000000000000000000e+00
1.044500000000000028e+01,-5.394718023383112834e-07,6.254900230005901722e-07,8.719585353830923889e-09,-1.789067568769230626e-07,-4.640704098990052482e-08,0.000000000000000000e+00
1.045000000000000107e+01,-5.363461555563967627e-07,6.247629010808779142e-07,7.830723818252182339e-09,-1.766408129933241197e-07,-5.376623418038575935e-08,0.000000000000000000e+00
1.045500000000000007e+01,-5.332242307831360090e-07,6.240013054088190209e-07,6.953147731302675196e-09,-1.743925646471126562e-07,-6.102360857369415635e-08,0.000000000000000000e+00
1.046000000000000085e+01,-5.301061991029574399e-07,6.232057489771148819e-07,6.086768807159819879e-09,-1.721619350547389541e-07,-6.818000736150481235e-08,0.000000000000000000e+00
1.046499999999999986e+01,-5.269922290464163155e-07,6.223767403461703730e-07,5.231499144478812722e-09,-1.699488472100499132e-07,-7.523626964184291748e-08,0.000000000000000000e+00
1.047000000000000064e+01,-5.238824866122983809e-07,6.215147836671831272e-07,4.387251227484589275e-09,-1.677532238926968061e-07,-8.219323041429910153e-08,0.000000000000000000e+00
1.047499999999999964e+01,-5.207771352896085241e-07,6.206203787052374641e-07,3.553937927021983443e-09,-1.655749876764460748e-07,-8.905172057559182833e-08,0.000000000000000000e+00
1.048000000000000043e+01,-5.176763360794431778e-07,6.196940208624001200e-07,2.731472501564574336e-09,-1.634140609373941203e-07,-9.581256691549486137e-08,0.000000000000000000e+00
1.048499999999999943e+01,-5.145802475167479496e-07,6.187362012008170365e-07,1.919768598182699753e-09,-1.612703658620866167e-07,-1.024765921130971898e-07,0.000000000000000000e+00
1.049000000000000021e+01,-5.114890256919594189e-07,6.177474064658091957e-07,1.118740253471108223e-09,-1.591438244555430101e-07,-1.090446147334072732e-07,0.000000000000000000e+00
1.049500000000000099e+01,-5.084028242725315272e-07,6.167281191089660210e-07,3.283018944367252178e-10,-1.570343585491869967e-07,-1.155174492242918649e-07,0.000000000000000000e+00
1.050000000000000000e+01,-5.053217945243463466e-07,6.156788173112346479e-07,-4.516316606529995081e-10,-1.549418898086837486e-07,-1.218959059137468715e-07,0.000000000000000000e+00
1.050500000000000078e+01,-5.022460853330099711e-07,6.145999750060033721e-07,-1.221145201460698998e-09,-1.528663397416842561e-07,-1.281807910075027905e-07,0.000000000000000000e+00
1.050999999999999979e+01,-4.991758432250321518e-07,6.134920619021781090e-07,-1.980323124808187782e-09,-1.508076297054779000e-07,-1.343729065869371984e-07,0.000000000000000000e+00
1.051500000000000057e+01,-4.961112123888913708e-07,6.123555435072499595e-07,-2.729249433943594742e-09,-1.487656809145536235e-07,-1.404730506073254151e-07,0.000000000000000000e+00
1.051999999999999957e+01,-4.930523346959841896e-07,6.111908811503523999e-07,-3.468007737846074794e-09,-1.467404144480704983e-07,-1.464820168963912308e-07,0.000000000000000000e+00
1.052500000000000036e+01,-4.899993497214592950e-07,6.099985320053069308e-07,-4.196681250567648160e-09,-1.447317512572383725e-07,-1.524005951531771760e-07,0.000000000000000000e+00
1.052999999999999936e+01,-4.869523947649365602e-07,6.087789491136550678e-07,-4.915352790611720545e-09,-1.427396121726091830e-07,-1.582295709472205700e-07,0.000000000000000000e+00
1.053500000000000014e+01,-4.839116048711109095e-07,6.075325814076761437e-07,-5.624104780347836314e-09,-1.407639179112798594e-07,-1.639697257180262429e-07,0.000000000000000000e+00
1.054000000000000092e+01,-4.808771128502410924e-07,6.062598737333885944e-07,-6.323019245462227902e-09,-1.388045890840070560e-07,-1.696218367748482130e-07,0.000000000000000000e+00
1.054499999999999993e+01,-4.778490492985235790e-07,6.049612668735340922e-07,-7.012177814443718930e-09,-1.368615462022349055e-07,-1.751866772967546962e-07,0.000000000000000000e+00
1.055000000000000071e+01,-4.748275426183514171e-07,6.036371975705419850e-07,-7.691661718104551712e-09,-1.349347096850360036e-07,-1.806650163329991070e-07,0.000000000000000000e+00
1.055499999999999972e+01,-4.718127190384585821e-07,6.022880985494745721e-07,-8.361551789135700744e-09,-1.330239998659664731e-07,-1.860576188036599914e-07,0.000000000000000000e+00
1.056000000000000050e+01,-4.688047026339492883e-07,6.009143985409495098e-07,-9.021928461696253635e-09,-1.311293369998359542e-07,-1.913652455005816574e-07,0.000000000000000000e+00
1.056499999999999950e+01,-4.658036153462130569e-07,5.995165223040401941e-07,-9.672871771036421885e-09,-1.292506412693927062e-07,-1.965886530885775965e-07,0.000000000000000000e+00
1.057000000000000028e+01,-4.628095770027253290e-07,5.980948906491512619e-07,-1.031446135315377786e-08,-1.273878327919250383e-07,-2.017285941069269799e-07,0.000000000000000000e+00
1.057500000000000107e+01,-4.598227053367335172e-07,5.966499204608688929e-07,-1.094677644448228120e-08,-1.255408316257792276e-07,-2.067858169711229337e-07,0.000000000000000000e+00
1.058000000000000007e+01,-4.568431160068291309e-07,5.951820247207837947e-07,-1.156989588161369101e-08,-1.237095577767950116e-07,-2.117610659749126185e-07,0.000000000000000000e+00
1.058500000000000085e+01,-4.538709226164057113e-07,5.936916125302864478e-07,-1.218389810105095188e-08,-1.218939312046587845e-07,-2.166550812925799827e-07,0.000000000000000000e+00
1.058999999999999986e+01,-4.509062367330028939e-07,5.921790891333329156e-07,-1.278886113899314184e-08,-1.200938718291757177e-07,-2.214685989814993552e-07,0.000000000000000000e+00
1.059500000000000064e+01,-4.479491679075367027e-07,5.906448559391800562e-07,-1.338486263115157683e-08,-1.183092995364609223e-07,-2.262023509849461125e-07,0.000000000000000000e+00
1.059999999999999964e+01,-4.449998236934164491e-07,5.890893105450887580e-07,-1.397197981259666982e-08,-1.165401341850508046e-07,-2.308570651351557383e-07,0.000000000000000000e+00
1.060500000000000043e+01,-4.420583096655477568e-07,5.875128467589943530e-07,-1.455028951763515240e-08,-1.147862956119347087e-07,-2.354334651566441924e-07,0.000000000000000000e+00
1.060999999999999943e+01,-4.391247294392228263e-07,5.859158546221433607e-07,-1.511986817971725352e-08,-1.130477036385078638e-07,-2.399322706697567673e-07,0.000000000000000000e+00
1.061500000000000021e+01,-4.361991846888971962e-07,5.842987204316940208e-07,-1.568079183137345159e-08,-1.113242780764461404e-07,-2.443541971944767716e-07,0.000000000000000000e+00
1.062000000000000099e+01,-4.332817751668538499e-07,5.826618267632812517e-07,-1.623313610418039467e-08,-1.096159387335032622e-07,-2.486999561544603716e-07,0.000000000000000000e+00
1.062500000000000000e+01,-4.303725987217544014e-07,5.810055524935437025e-07,-1.677697622875562801e-08,-1.079226054192310323e-07,-2.529702548813177072e-07,0.000000000000000000e+00
1.063000000000000078e+01,-4.274717513170779971e-07,5.793302728226123728e-07,-1.731238703478072532e-08,-1.062441979506232849e-07,-2.571657966191174139e-07,0.000000000000000000e+00
1.063499999999999979e+01,-4.245793270494475614e-07,5.776363592965595263e-07,-1.783944295105245155e-08,-1.045806361576841084e-07,-2.612872805291245007e-07,0.000000000000000000e+00
1.064000000000000057e+01,-4.216954181668440759e-07,5.759241798298067358e-07,-1.835821800556157997e-08,-1.029318398889210258e-07,-2.653354016947669285e-07,0.000000000000000000e+00
1.064499999999999957e+01,-4.188201150867089971e-07,5.741940987274914235e-07,-1.886878582559897973e-08,-1.012977290167636501e-07,-2.693108511268137337e-07,0.000000000000000000e+00
1.065000000000000036e+01,-4.159535064139348120e-07,5.724464767077902027e-07,-1.937121963788862322e-08,-9.967822344290851463e-08,-2.732143157687858750e-07,0.000000000000000000e+00
1.065499999999999936e+01,-4.130956789587440516e-07,5.706816709241990203e-07,-1.986559226874713594e-08,-9.807324310359062282e-08,-2.770464785025690973e-07,0.000000000000000000e+00
1.066000000000000014e+01,-4.102467177544571297e-07,5.689000349877676663e-07,-2.035197614426950517e-08,-9.648270797478239053e-08,-2.808080181542493531e-07,0.000000000000000000e+00
1.066500000000000092e+01,-4.074067060751490630e-07,5.671019189892894955e-07,-2.083044329054061987e-08,-9.490653807732045867e-08,-2.844996095001536300e-07,0.000000000000000000e+00
1.066999999999999993e+01,-4.045757254531954932e-07,5.652876695214435041e-07,-2.130106533387226449e-08,-9.334465348196109018e-08,-2.881219232730932187e-07,0.000000000000000000e+00
1.067500000000000071e+01,-4.017538556967078550e-07,5.634576297008895019e-07,-2.176391350106519961e-08,-9.179697431436473393e-08,-2.916756261688121747e-07,0.000000000000000000e+00
1.067999999999999972e+01,-3.989411749068584289e-07,5.616121391903139446e-07,-2.221905861969600166e-08,-9.026342076001027172e-08,-2.951613808526386449e-07,0.000000000000000000e+00
1.068500000000000050e+01,-3.961377594950951211e-07,5.597515342204268503e-07,-2.266657111842829465e-08,-8.874391306903958344e-08,-2.985798459663293168e-07,0.000000000000000000e+00
1.068999999999999950e+01,-3.933436842002464471e-07,5.578761476119081048e-07,-2.310652102734803288e-08,-8.723837156103306590e-08,-3.019316761351050863e-07,0.000000000000000000e+00
1.069500000000000028e+01,-3.905590221055170884e-07,5.559863087973025232e-07,-2.353897797832248745e-08,-8.574671662971656851e-08,-3.052175219748783663e-07,0.000000000000000000e+00
1.070000000000000107e+01,-3.877838446553737600e-07,5.540823438428626052e-07,-2.396401120538260551e-08,-8.426886874760047353e-08,-3.084380300996694952e-07,0.000000000000000000e+00
1.070500000000000007e+01,-3.850182216723222322e-07,5.521645754703382464e-07,-2.438168954512838168e-08,-8.280474847055133148e-08,-3.115938431292084344e-07,0.000000000000000000e+00
1.071000000000000085e+01,-3.822622213735755100e-07,5.502333230787131917e-07,-2.479208143715693398e-08,-8.135427644229679258e-08,-3.146855996967086246e-07,0.000000000000000000e+00
1.071499999999999986e+01,-3.795159103876134332e-07,5.482889027658860086e-07,-2.519525492451293015e-08,-7.991737339886427121e-08,-3.177139344568326956e-07,0.000000000000000000e+00
1.072000000000000064e+01,-3.767793537706339621e-07,5.463316273502962143e-07,-2.559127765416105331e-08,-7.849396017295400491e-08,-3.206794780938216533e-07,0.000000000000000000e+00
1.072499999999999964e+01,-3.740526150228965190e-07,5.443618063924939701e-07,-2.598021687748015641e-08,-7.708395769824701105e-08,-3.235828573297996140e-07,0.000000000000000000e+00
1.073000000000000043e+01,-3.713357561049577573e-07,5.423797462166526003e-07,-2.636213945077880083e-08,-7.568728701364854980e-08,-3.264246949332536632e-07,0.000000000000000000e+00
1.073499999999999943e+01,-3.686288374537995982e-07,5.403857499320235136e-07,-2.673711183583185845e-08,-7.430386926746758327e-08,-3.292056097276716859e-07,0.000000000000000000e+00
1.074000000000000021e+01,-3.659319179988505409e-07,5.383801174543325728e-07,-2.710520010043783938e-08,-7.293362572153290558e-08,-3.319262166003496029e-07,0.000000000000000000e+00
1.074500000000000099e+01,-3.632450551778997182e-07,5.363631455271171725e-07,-2.746646991899666117e-08,-7.157647775524634117e-08,-3.345871265113582743e-07,0.000000000000000000e+00
1.075000000000000000e+01,-3.605683049529047012e-07,5.343351277430033889e-07,-2.782098657310750180e-08,-7.023234686957373900e-08,-3.371889465026666786e-07,0.000000000000000000e+00
1.075500000000000078e+01,-3.579017218256930553e-07,5.322963545649221434e-07,-2.816881495218648524e-08,-6.890115469097418636e-08,-3.397322797074247591e-07,0.000000000000000000e+00
1.075999999999999979e+01,-3.552453588535578048e-07,5.302471133472645920e-07,-2.851001955410383225e-08,-6.758282297526793188e-08,-3.422177253593916418e-07,0.000000000000000000e+00
1.076500000000000057e+01,-3.525992676647474423e-07,5.281876883569747277e-07,-2.884466448584021157e-08,-6.627727361144378538e-08,-3.446458788025247891e-07,0.000000000000000000e+00
1.076999999999999957e+01,-3.499634984738504818e-07,5.261183607945799378e-07,-2.917281346416197414e-08,-6.498442862540628580e-08,-3.470173315007010798e-07,0.000000000000000000e+00
1.077500000000000036e+01,-3.473381000970751922e-07,5.240394088151578229e-07,-2.949452981631498225e-08,-6.370421018366337817e-08,-3.493326710476016831e-07,0.000000000000000000e+00
1.077999999999999936e+01,-3.447231199674244572e-07,5.219511075492389575e-07,-2.980987648073671940e-08,-6.243654059695493077e-08,-3.515924811767192239e-07,0.000000000000000000e+00
1.078500000000000014e+01,-3.421186041497665033e-07,5.198537291236450659e-07,-3.011891600778638967e-08,-6.118134232382284662e-08,-3.537973417715216485e-07,0.000000000000000000e+00
1.079000000000000092e+01,-3.395245973558014422e-07,5.177475426822623987e-07,-3.042171056049274529e-08,-5.993853797412300768e-08,-3.559478288757410282e-07,0.000000000000000000e+00
1.079499999999999993e+01,-3.369411429589241053e-07,5.156328144067484068e-07,-3.071832191531931138e-08,-5.870805031247996490e-08,-3.580445147038016990e-07,0.000000000000000000e+00
1.080000000000000071e+01,-3.343682830089835927e-07,5.135098075371728749e-07,-3.100881146294675654e-08,-5.748980226168450645e-08,-3.600879676513768341e-07,0.000000000000000000e+00
1.080499999999999972e+01,-3.318060582469397490e-07,5.113787823925912935e-07,-3.129324020907207508e-08,-5.628371690603485203e-08,-3.620787523060837162e-07,0.000000000000000000e+00
1.081000000000000050e+01,-3.292545081194169891e-07,5.092399963915513143e-07,-3.157166877522438561e-08,-5.508971749462194289e-08,-3.640174294582906081e-07,0.000000000000000000e+00
1.081499999999999950e+01,-3.267136707931556338e-07,5.070937040725303851e-07,-3.184415739959698869e-08,-5.390772744455931086e-08,-3.659045561120611592e-07,0.000000000000000000e+00
1.082000000000000028e+01,-3.241835831693612822e-07,5.049401571143056214e-07,-3.211076593789542552e-08,-5.273767034415803572e-08,-3.677406854962148558e-07,0.000000000000000000e+00
1.082500000000000107e+01,-3.216642808979526481e-07,5.027796043562535864e-07,-3.237155386420129932e-08,-5.157946995604734036e-08,-3.695263670755055269e-07,0.000000000000000000e+00
1.083000000000000007e+01,-3.191557983917079622e-07,5.006122918185810375e-07,-3.262658027185156172e-08,-5.043305022024133307e-08,-3.712621465619251046e-07,0.000000000000000000e+00
1.083500000000000085e+01,-3.166581688403102085e-07,4.984384627224850518e-07,-3.287590387433297951e-08,-4.929833525715226112e-08,-3.729485659261090285e-07,0.000000000000000000e+00
1.083999999999999986e+01,-3.141714242242921448e-07,4.962583575102428475e-07,-3.311958300619156355e-08,-4.817524937055097029e-08,-3.745861634088669054e-07,0.000000000000000000e+00
1.084500000000000064e+01,-3.116955953288806329e-07,4.940722138652300311e-07,-3.335767562395662869e-08,-4.706371705047496751e-08,-3.761754735328158718e-07,0.000000000000000000e+00
1.084999999999999964e+01,-3.092307117577413895e-07,4.918802667318676942e-07,-3.359023930707932621e-08,-4.596366297608453655e-08,-3.777170271141217403e-07,0.000000000000000000e+00
1.085500000000000043e+01,-3.067768019466239983e-07,4.896827483354969827e-07,-3.381733125888525142e-08,-4.487501201846749573e-08,-3.792113512743516384e-07,0.000000000000000000e+00
1.085999999999999943e+01,-3.043338931769077672e-07,4.874798882021812445e-07,-3.403900830754101416e-08,-4.379768924339299466e-08,-3.806589694524227841e-07,0.000000000000000000e+00
1.086500000000000021e+01,-3.019020115890487469e-07,4.852719131784355451e-07,-3.425532690703440812e-08,-4.273161991401490592e-08,-3.820604014166583060e-07,0.000000000000000000e+00
1.087000000000000099e+01,-2.994811821959283344e-07,4.830590474508821722e-07,-3.446634313816800695e-08,-4.167672949352522857e-08,-3.834161632769375074e-07,0.000000000000000000e+00
1.087500000000000000e+01,-2.970714288961037276e-07,4.808415125658330852e-07,-3.467211270956586955e-08,-4.063294364775802623e-08,-3.847267674969454453e-07,0.000000000000000000e+00
1.088000000000000078e+01,-2.946727744869606526e-07,4.786195274487975071e-07,-3.487269095869316919e-08,-3.960018824774435641e-08,-3.859927229065125056e-07,0.000000000000000000e+00
1.088499999999999979e+01,-2.922852406777688415e-07,4.763933084239152427e-07,-3.506813285288844215e-08,-3.857838937221869391e-08,-3.872145347140566828e-07,0.000000000000000000e+00
1.089000000000000057e+01,-2.899088481026404185e-07,4.741630692333150874e-07,-3.525849299040830358e-08,-3.756747331007721896e-08,-3.883927045191083379e-07,0.000000000000000000e+00
1.089499999999999957e+01,-2.875436163333916193e-07,4.719290210563977965e-07,-3.544382560148427992e-08,-3.656736656278857228e-08,-3.895277303249157429e-07,0.000000000000000000e+00
1.090000000000000036e+01,-2.851895638923085302e-07,4.696913725290431930e-07,-3.562418454939160568e-08,-3.557799584675749387e-08,-3.906201065511598924e-07,0.000000000000000000e+00
1.090499999999999936e+01,-2.828467082648167953e-07,4.674503297627415712e-07,-3.579962333152971320e-08,-3.459928809564170299e-08,-3.916703240467257487e-07,0.000000000000000000e+00
1.091000000000000014e+01,-2.805150659120558203e-07,4.652060963636484439e-07,-3.597019508051420373e-08,-3.363117046262263463e-08,-3.926788701025797367e-07,0.000000000000000000e+00
1.091500000000000092e+01,-2.781946522833580035e-07,4.629588734515626866e-07,-3.613595256528003502e-08,-3.267357032263040983e-08,-3.936462284647057368e-07,0.000000000000000000e+00
1.091999999999999993e+01,-2.758854818286332571e-07,4.607088596788274945e-07,-3.629694819219573363e-08,-3.172641527452346318e-08,-3.945728793471422458e-07,0.000000000000000000e+00
1.092500000000000071e+01,-2.735875680106591907e-07,4.584562512491543145e-07,-3.645323400618840027e-08,-3.078963314322333717e-08,-3.954592994450727412e-07,0.000000000000000000e+00
1.092999999999999972e+01,-2.713009233172773799e-07,4.562012419363687948e-07,-3.660486169187926995e-08,-2.986315198180506024e-08,-3.963059619480075788e-07,0.000000000000000000e+00
1.093500000000000050e+01,-2.690255592734960908e-07,4.539440231030789158e-07,-3.675188257472960195e-08,-2.894690007354354527e-08,-3.971133365530292589e-07,0.000000000000000000e+00
1.093999999999999950e+01,-2.667614864534997773e-07,4.516847837192650330e-07,-3.689434762219670781e-08,-2.804080593391648176e-08,-3.978818894781100598e-07,0.000000000000000000e+00
1.094500000000000028e+01,-2.645087144925660944e-07,4.494237103807912004e-07,-3.703230744489989872e-08,-2.714479831256413510e-08,-3.986120834754993946e-07,0.000000000000000000e+00
1.095000000000000107e+01,-2.622672520988901067e-07,4.471609873278378774e-07,-3.716581229779608790e-08,-2.625880619520646669e-08,-3.993043778451780818e-07,0.000000000000000000e+00
1.095500000000000007e+01,-2.600371070653170718e-07,4.448967964632557038e-07,-3.729491208136490215e-08,-2.538275880551805462e-08,-3.999592284483725444e-07,0.000000000000000000e+00
1.096000000000000085e+01,-2.578182862809831076e-07,4.426313173708397063e-07,-3.741965634280305788e-08,-2.451658560696125162e-08,-4.005770877211399479e-07,0.000000000000000000e+00
1.096499999999999986e+01,-2.556107957428651754e-07,4.403647273335244129e-07,-3.754009427722779642e-08,-2.366021630457790130e-08,-4.011584046880096129e-07,0.000000000000000000e+00
1.097000000000000064e+01,-2.534146405672398999e-07,4.380972013514990821e-07,-3.765627472888916681e-08,-2.281358084674019162e-08,-4.017036249756813379e-07,0.000000000000000000e+00
1.097499999999999964e+01,-2.512298250010522871e-07,4.358289121602427811e-07,-3.776824619239097748e-08,-2.197660942686095340e-08,-4.022131908267897374e-07,0.000000000000000000e+00
1.098000000000000043e+01,-2.490563524331941790e-07,4.335600302484797377e-07,-3.787605681392019841e-08,-2.114923248506386039e-08,-4.026875411137155910e-07,0.000000000000000000e+00
1.098499999999999943e+01,-2.468942254056935598e-07,4.312907238760540115e-07,-3.797975439248458875e-08,-2.033138070981396771e-08,-4.031271113524573308e-07,0.000000000000000000e+00
1.099000000000000021e+01,-2.447434456248142865e-07,4.290211590917237504e-07,-3.807938638115842423e-08,-1.952298503950894262e-08,-4.035323337165524519e-07,0.000000000000000000e+00
1.099500000000000099e+01,-2.426040139720671472e-07,4.267514997508747672e-07,-3.817499988833602645e-08,-1.872397666403144764e-08,-4.039036370510500619e-07,0.000000000000000000e+00
1.100000000000000000e+01,-2.404759305151327215e-07,4.244819075331531185e-07,-3.826664167899301488e-08,-1.793428702626311926e-08,-4.042414468865317642e-07,0.000000000000000000e+00
1.100500000000000078e+01,-2.383591945186961227e-07,4.222125419600166334e-07,-3.835435817595499008e-08,-1.715384782356043689e-08,-4.045461854531821459e-07,0.000000000000000000e+00
1.100999999999999979e+01,-2.362538044551942315e-07,4.199435604122052852e-07,-3.843819546117353595e-08,-1.638259100919299467e-08,-4.048182716949064877e-07,0.000000000000000000e+00
1.101500000000000057e+01,-2.341597580154757909e-07,4.176751181471300902e-07,-3.851819927700928271e-08,-1.562044879374446419e-08,-4.050581212834860078e-07,0.000000000000000000e+00
1.101999999999999957e+01,-2.320770521193747331e-07,4.154073683161805315e-07,-3.859441502752192485e-08,-1.486735364647679900e-08,-4.052661466327817048e-07,0.000000000000000000e+00
1.102500000000000036e+01,-2.300056829261971887e-07,4.131404619819502977e-07,-3.866688777976692934e-08,-1.412323829665791239e-08,-4.054427569129804456e-07,0.000000000000000000e+00
1.102999999999999936e+01,-2.279456458451225747e-07,4.108745481353811764e-07,-3.873566226509881486e-08,-1.338803573485333317e-08,-4.055883580648731353e-07,0.000000000000000000e+00
1.103500000000000014e+01,-2.258969355455191589e-07,4.086097737128251572e-07,-3.880078288048079718e-08,-1.266167921418216030e-08,-4.057033528141774620e-07,0.000000000000000000e+00
1.104000000000000092e+01,-2.238595459671745500e-07,4.063462836130244242e-07,-3.886229368980062829e-08,-1.194410225153778794e-08,-4.057881406858985464e-07,0.000000000000000000e+00
1.104499999999999993e+01,-2.218334703304414323e-07,4.040842207140090809e-07,-3.892023842519243108e-08,-1.123523862877364898e-08,-4.058431180187161668e-07,0.000000000000000000e+00
1.105000000000000071e+01,-2.198187011462990990e-07,4.018237258899128723e-07,-3.897466048836440360e-08,-1.053502239385449330e-08,-4.058686779794159243e-07,0.000000000000000000e+00
1.105499999999999972e+01,-2.178152302263309977e-07,3.995649380277064791e-07,-3.902560295193218126e-08,-9.843387861973496855e-09,-4.058652105773410011e-07,0.000000000000000000e+00
1.106000000000000050e+01,-2.158230486926189221e-07,3.973079940438482798e-07,-3.907310856075770480e-08,-9.160269616635649871e-09,-4.058331026788859532e-07,0.000000000000000000e+00
1.106499999999999950e+01,-2.138421469875541683e-07,3.950530289008527387e-07,-3.911721973329340857e-08,-8.485602510707669096e-09,-4.057727380220146964e-07,0.000000000000000000e+00
1.107000000000000028e+01,-2.118725148835659196e-07,3.928001756237762610e-07,-3.915797856293159039e-08,-7.819321667434973342e-09,-4.056844972308005677e-07,0.000000000000000000e+00
1.107500000000000107e+01,-2.099141414927675231e-07,3.905495653166201978e-07,-3.919542681935877751e-08,-7.161362481425931634e-09,-4.055687578300029682e-07,0.000000000000000000e+00
1.108000000000000007e+01,-2.079670152765209732e-07,3.883013271786513708e-07,-3.922960594991494319e-08,-6.511660619603886057e-09,-4.054258942596650764e-07,0.000000000000000000e+00
1.108500000000000085e+01,-2.060311240549198960e-07,3.860555885206397997e-07,-3.926055708095738189e-08,-5.870152022127183394e-09,-4.052562778897290838e-07,0.000000000000000000e+00
1.108999999999999986e+01,-2.041064550161916676e-07,3.838124747810135796e-07,-3.928832101922913078e-08,-5.236772903277696142e-09,-4.050602770346839356e-07,0.000000000000000000e+00
1.109500000000000064e+01,-2.021929947260188266e-07,3.815721095419309605e-07,-3.931293825323172555e-08,-4.611459752318091817e-09,-4.048382569682264121e-07,0.000000000000000000e+00
1.109999999999999964e+01,-2.002907291367804946e-07,3.793346145452695762e-07,-3.933444895460221129e-08,-3.994149334318283173e-09,-4.045905799379433865e-07,0.000000000000000000e+00
1.110500000000000043e+01,-1.983996435967139641e-07,3.771001097085326646e-07,-3.935289297949415692e-08,-3.384778690951369504e-09,-4.043176051800171637e-07,0.000000000000000000e+00
1.110999999999999943e+01,-1.965197228589969563e-07,3.748687131406725430e-07,-3.936830986996260702e-08,-2.783285141259382145e-09,-4.040196889339438419e-07,0.000000000000000000e+00
1.111500000000000021e+01,-1.946509510907509724e-07,3.726405411578311801e-07,-3.938073885535277908e-08,-2.189606282389276275e-09,-4.036971844572596697e-07,0.000000000000000000e+00
1.112000000000000099e+01,-1.927933118819662150e-07,3.704157082989975474e-07,-3.939021885369236067e-08,-1.603679990299469310e-09,-4.033504420403013352e-07,0.000000000000000000e+00
1.112500000000000000e+01,-1.909467882543483713e-07,3.681943273415823841e-07,-3.939678847308728743e-08,-1.025444420437220344e-09,-4.029798090209596397e-07,0.000000000000000000e+00
1.113000000000000078e+01,-1.891113626700877064e-07,3.659765093169097418e-07,-3.940048601312080324e-08,-4.548380083872553476e-10,-4.025856297994615984e-07,0.000000000000000000e+00
1.113499999999999979e+01,-1.872870170405509714e-07,3.637623635256258901e-07,-3.940134946625571663e-08,1.082005295080579902e-10,-4.021682458531446014e-07,0.000000000000000000e+00
1.114000000000000057e+01,-1.854737327348964434e-07,3.615519975530250017e-07,-3.939941651923968144e-08,6.637321955566017682e-10,-4.017279957512613845e-07,0.000000000000000000e+00
1.114499999999999957e+01,-1.836714905886125204e-07,3.593455172842922509e-07,-3.939472455451337578e-08,1.211817710152224386e-09,-4.012652151697786479e-07,0.000000000000000000e+00
1.115000000000000036e+01,-1.818802709119803745e-07,3.571430269196638509e-07,-3.938731065162140752e-08,1.752517511237851732e-09,-4.007802369061892273e-07,0.000000000000000000e+00
1.115499999999999936e+01,-1.801000534984609016e-07,3.549446289895042928e-07,-3.937721158862587328e-08,2.285891753795774659e-09,-4.002733908943240000e-07,0.000000000000000000e+00
1.116000000000000014e+01,-1.783308176330066028e-07,3.527504243693008411e-07,-3.936446384352236593e-08,2.812000309364639825e-09,-3.997450042191831143e-07,0.000000000000000000e+00
1.116500000000000092e+01,-1.765725421002986885e-07,3.505605122945753363e-07,-3.934910359565835109e-08,3.330902765582977827e-09,-3.991954011317513371e-07,0.000000000000000000e+00
1.116999999999999993e+01,-1.748252051929097234e-07,3.483749903757130951e-07,-3.933116672715375388e-08,3.842658425758867032e-09,-3.986249030638345766e-07,0.000000000000000000e+00
1.117500000000000071e+01,-1.730887847193924734e-07,3.461939546127094895e-07,-3.931068882432363683e-08,4.347326308465376087e-09,-3.980338286428865594e-07,0.000000000000000000e+00
1.117999999999999972e+01,-1.713632580122951400e-07,3.440174994098335692e-07,-3.928770517910282317e-08,4.844965147161586157e-09,-3.974224937068399535e-07,0.000000000000000000e+00
1.118500000000000050e+01,-1.696486019361034590e-07,3.418457175902094161e-07,-3.926225079047237984e-08,5.335633389838768141e-09,-3.967912113189388680e-07,0.000000000000000000e+00
1.118999999999999950e+01,-1.679447928951102454e-07,3.396787004103149134e-07,-3.923436036588776128e-08,5.819389198691473740e-09,-3.961402917825655301e-07,0.000000000000000000e+00
1.119500000000000028e+01,-1.662518068412124377e-07,3.375165375743983519e-07,-3.920406832270859445e-08,6.296290449813195856e-09,-3.954700426560681785e-07,0.000000000000000000e+00
1.120000000000000107e+01,-1.645696192816364349e-07,3.353593172488123455e-07,-3.917140878962986673e-08,6.766394732916290201e-09,-3.947807687675863112e-07,0.000000000000000000e+00
1.120500000000000007e+01,-1.628982052865919398e-07,3.332071260762659012e-07,-3.913641560811451010e-08,7.229759351075904167e-09,-3.940727722298662440e-07,0.000000000000000000e+00
1.121000000000000085e+01,-1.612375394968546504e-07,3.310600491899941159e-07,-3.909912233382714999e-08,7.686441320497544039e-09,-3.933463524550758759e-07,0.000000000000000000e+00
1.121499999999999986e+01,-1.595875961312784101e-07,3.289181702278459755e-07,-3.905956223806900554e-08,8.136497370308043141e-09,-3.926018061696157487e-07,0.000000000000000000e+00
1.122000000000000064e+01,-1.579483489942370803e-07,3.267815713462901502e-07,-3.901776830921374280e-08,8.579983942369573588e-09,-3.918394274289090885e-07,0.000000000000000000e+00
1.122499999999999964e+01,-1.563197714829966386e-07,3.246503332343389463e-07,-3.897377325414423456e-08,9.016957191116452649e-09,-3.910595076322028073e-07,0.000000000000000000e+00
1.123000000000000043e+01,-1.547018365950177410e-07,3.225245351273905179e-07,-3.892760949969004136e-08,9.447472983414448424e-09,-3.902623355373446804e-07,0.000000000000000000e+00
1.123499999999999943e+01,-1.530945169351894365e-07,3.204042548209894467e-07,-3.887930919406557424e-08,9.871586898442271330e-09,-3.894481972755566071e-07,0.000000000000000000e+00
1.124000000000000021e+01,-1.514977847229941655e-07,3.182895686845059011e-07,-3.882890420830876692e-08,1.028935422759498753e-08,-3.886173763661928364e-07,0.000000000000000000e+00
1.124500000000000099e+01,-1.499116117996045990e-07,3.161805516747332670e-07,-3.877642613772020465e-08,1.070082997440904495e-08,-3.877701537314945926e-07,0.000000000000000000e+00
1.125000000000000000e+01,-1.483359696349127154e-07,3.140772773494045711e-07,-3.872190630330254423e-08,1.110606885450866532e-08,-3.869068077113174899e-07,0.000000000000000000e+00
1.125500000000000078e+01,-1.467708293344914576e-07,3.119798178806277989e-07,-3.866537575320018540e-08,1.150512529557328144e-08,-3.860276140778610653e-07,0.000000000000000000e+00
1.125999999999999979e+01,-1.452161616464894497e-07,3.098882440682402171e-07,-3.860686526413900857e-08,1.189805343732577295e-08,-3.851328460503707289e-07,0.000000000000000000e+00
1.126500000000000057e+01,-1.436719369684591673e-07,3.078026253530816438e-07,-3.854640534286616530e-08,1.228490713154117992e-08,-3.842227743098370681e-07,0.000000000000000000e+00
1.126999999999999957e+01,-1.421381253541188546e-07,3.057230298301871461e-07,-3.848402622758974322e-08,1.266573994207571036e-08,-3.832976670136617996e-07,0.000000000000000000e+00
1.127500000000000036e+01,-1.406146965200487699e-07,3.036495242618992154e-07,-3.841975788941825215e-08,1.304060514491566965e-08,-3.823577898103257858e-07,0.000000000000000000e+00
1.127999999999999936e+01,-1.391016198523219978e-07,3.015821740908992640e-07,-3.835363003379979928e-08,1.340955572824609004e-08,-3.814034058540230113e-07,0.000000000000000000e+00
1.128500000000000014e+01,-1.375988644130704098e-07,2.995210434531590232e-07,-3.828567210196090034e-08,1.377264439253879559e-08,-3.804347758192876777e-07,0.000000000000000000e+00
1.129000000000000092e+01,-1.361063989469859344e-07,2.974661951908116853e-07,-3.821591327234476143e-08,1.412992355065961971e-08,-3.794521579155912802e-07,0.000000000000000000e+00
1.129499999999999993e+01,-1.346241918877577947e-07,2.954176908649431074e-07,-3.814438246204902477e-08,1.448144532799454191e-08,-3.784558079019308985e-07,0.000000000000000000e+00
1.130000000000000071e+01,-1.331522113644458496e-07,2.933755907683031814e-07,-3.807110832826280643e-08,1.482726156259444771e-08,-3.774459791013862509e-07,0.000000000000000000e+00
1.130499999999999972e+01,-1.316904252077907773e-07,2.913399539379375308e-07,-3.799611926970296642e-08,1.516742380533826189e-08,-3.764229224156598626e-07,0.000000000000000000e+00
1.131000000000000050e+01,-1.302388009564610757e-07,2.893108381677397977e-07,-3.791944342804952516e-08,1.550198332011423505e-08,-3.753868863395964809e-07,0.000000000000000000e+00
1.131499999999999950e+01,-1.287973058632376733e-07,2.872883000209244148e-07,-3.784110868938012697e-08,1.583099108401906918e-08,-3.743381169756752793e-07,0.000000000000000000e+00
1.132000000000000028e+01,-1.273659069011362837e-07,2.852723948424205500e-07,-3.776114268560346467e-08,1.615449778757469515e-08,-3.732768580484774449e-07,0.000000000000000000e+00
1.132500000000000107e+01,-1.259445707694680317e-07,2.832631767711867484e-07,-3.767957279589157262e-08,1.647255383496236822e-08,-3.722033509191339668e-07,0.000000000000000000e+00
1.133000000000000007e+01,-1.245332638998386441e-07,2.812606987524469579e-07,-3.759642614811091534e-08,1.678520934427393236e-08,-3.711178345997465305e-07,0.000000000000000000e+00
1.133500000000000085e+01,-1.231319524620867326e-07,2.792650125498480464e-07,-3.751172962025216585e-08,1.709251414777995252e-08,-3.700205457677782373e-07,0.000000000000000000e+00
1.133999999999999986e+01,-1.217406023701614351e-07,2.772761687575386503e-07,-3.742550984185860106e-08,1.739451779221444677e-08,-3.689117187804208181e-07,0.000000000000000000e+00
1.134500000000000064e+01,-1.203591792879398640e-07,2.752942168121700433e-07,-3.733779319545304788e-08,1.769126953907601969e-08,-3.677915856889382368e-07,0.000000000000000000e+00
1.134999999999999964e+01,-1.189876486349847606e-07,2.733192050048188661e-07,-3.724860581796327418e-08,1.798281836494517882e-08,-3.666603762529733411e-07,0.000000000000000000e+00
1.135500000000000043e+01,-1.176259755922427493e-07,2.713511804928320353e-07,-3.715797360214575196e-08,1.826921296181750976e-08,-3.655183179548342907e-07,0.000000000000000000e+00
1.135999999999999943e+01,-1.162741251076835000e-07,2.693901893115939368e-07,-3.706592219800770657e-08,1.855050173745256443e-08,-3.643656360137477400e-07,0.000000000000000000e+00
1.136500000000000021e+01,-1.149320619018803119e-07,2.674362763862164335e-07,-3.697247701422740560e-08,1.882673281573820101e-08,-3.632025534000817385e-07,0.000000000000000000e+00
1.137000000000000099e+01,-1.135997504735323707e-07,2.654894855431513690e-07,-3.687766321957256857e-08,1.909795403707009443e-08,-3.620292908495398325e-07,0.000000000000000000e+00
1.137500000000000000e+01,-1.122771551049292106e-07,2.635498595217262039e-07,-3.678150574431684421e-08,1.936421295874625850e-08,-3.608460668773241443e-07,0.000000000000000000e+00
1.138000000000000078e+01,-1.109642398673576686e-07,2.616174399856028360e-07,-3.668402928165428267e-08,1.962555685537632164e-08,-3.596530977922618173e-07,0.000000000000000000e+00
1.138499999999999979e+01,-1.096609686264516924e-07,2.596922675341598176e-07,-3.658525828911174317e-08,1.988203271930531466e-08,-3.584505977109099139e-07,0.000000000000000000e+00
1.139000000000000057e+01,-1.083673050474854758e-07,2.577743817137981272e-07,-3.648521698995909127e-08,2.013368726105179198e-08,-3.572387785716164809e-07,0.000000000000000000e+00
1.139499999999999957e+01,-1.070832126006102393e-07,2.558638210291708683e-07,-3.638392937461723904e-08,2.038056690976000818e-08,-3.560178501485533436e-07,0.000000000000000000e+00
1.140000000000000036e+01,-1.058086545660350678e-07,2.539606229543371047e-07,-3.628141920206384248e-08,2.062271781366598141e-08,-3.547880200657147021e-07,0.000000000000000000e+00
1.140499999999999936e+01,-1.045435940391521352e-07,2.520648239438396222e-07,-3.617771000123665649e-08,2.086018584057718532e-08,-3.535494938108818457e-07,0.000000000000000000e+00
1.141000000000000014e+01,-1.032879939356067517e-07,2.501764594437077278e-07,-3.607282507243443470e-08,2.109301657836570420e-08,-3.523024747495501217e-07,0.000000000000000000e+00
1.141500000000000092e+01,-1.020418169963125804e-07,2.482955639023843451e-07,-3.596678748871536103e-08,2.132125533547455357e-08,-3.510471641388219695e-07,0.000000000000000000e+00
1.141999999999999993e+01,-1.008050257924124178e-07,2.464221707815782538e-07,-3.585962009729290040e-08,2.154494714143706358e-08,-3.497837611412673978e-07,0.000000000000000000e+00
1.142500000000000071e+01,-9.957758273018488367e-08,2.445563125670415775e-07,-3.575134552092901575e-08,2.176413674740901749e-08,-3.485124628387393028e-07,0.000000000000000000e+00
1.142999999999999972e+01,-9.835945005589740357e-08,2.426980207792726278e-07,-3.564198615932470499e-08,2.197886862671339979e-08,-3.472334642461624773e-07,0.000000000000000000e+00
1.143500000000000050e+01,-9.715058986060590797e-08,2.408473259841444207e-07,-3.553156419050777840e-08,2.218918697539750892e-08,-3.459469583252776195e-07,0.000000000000000000e+00
1.143999999999999950e+01,-9.595096408490149893e-08,2.390042578034590775e-07,-3.542010157221780388e-08,2.239513571280226932e-08,-3.446531359983462207e-07,0.000000000000000000e+00
1.144500000000000028e+01,-9.476053452360461405e-08,2.371688449254284812e-07,-3.530762004328821323e-08,2.259675848214350775e-08,-3.433521861618267590e-07,0.000000000000000000e+00
1.145000000000000107e+01,-9.357926283040689936e-08,2.353411151150812940e-07,-3.519414112502543722e-08,2.279409865110499221e-08,-3.420442956999996481e-07,0.000000000000000000e+00
1.145500000000000007e+01,-9.240711052246128091e-08,2.335210952245964415e-07,-3.507968612258505620e-08,2.298719931244307113e-08,-3.407296494985644448e-07,0.000000000000000000e+00
1.146000000000000085e+01,-9.124403898492052606e-08,2.317088112035637785e-07,-3.496427612634491333e-08,2.317610328460266822e-08,-3.394084304581857595e-07,0.000000000000000000e+00
1.146499999999999986e+01,-9.009000947542466526e-08,2.299042881091716192e-07,-3.484793201327509104e-08,2.336085311234447391e-08,-3.380808195080071368e-07,0.000000000000000000e+00
1.147000000000000064e+01,-8.894498312853772414e-08,2.281075501163218458e-07,-3.473067444830476420e-08,2.354149106738312516e-08,-3.367469956191249151e-07,0.000000000000000000e+00
1.147499999999999964e+01,-8.780892096013399097e-08,2.263186205276724899e-07,-3.461252388568578417e-08,2.371805914903617827e-08,-3.354071358180143334e-07,0.000000000000000000e+00
1.148000000000000043e+01,-8.668178387173428274e-08,2.245375217836083690e-07,-3.449350057035304679e-08,2.389059908488370270e-08,-3.340614151999178935e-07,0.000000000000000000e+00
1.148499999999999943e+01,-8.556353265479254070e-08,2.227642754721396989e-07,-3.437362453928149873e-08,2.405915233143828080e-08,-3.327100069421969281e-07,0.000000000000000000e+00
1.149000000000000021e+01,-8.445412799493311261e-08,2.209989023387292906e-07,-3.425291562283976891e-08,2.422376007482526133e-08,-3.313530823176283776e-07,0.000000000000000000e+00
1.149500000000000099e+01,-8.335353047613903956e-08,2.192414222960481991e-07,-3.413139344614039864e-08,2.438446323147304830e-08,-3.299908107076753601e-07,0.000000000000000000e+00
1.150000000000000000e+01,-8.226170058489182359e-08,2.174918544336605396e-07,-3.400907743038657098e-08,2.454130244881326298e-08,-3.286233596156970750e-07,0.000000000000000000e+00
1.150500000000000078e+01,-8.117859871426284831e-08,2.157502170276372583e-07,-3.388598679421532638e-08,2.469431810599059068e-08,-3.272508946801338227e-07,0.000000000000000000e+00
1.150999999999999979e+01,-8.010418516795698180e-08,2.140165275500994940e-07,-3.376214055503719820e-08,2.484355031458214656e-08,-3.258735796876296631e-07,0.000000000000000000e+00
1.151500000000000057e+01,-7.903842016430861342e-08,2.122908026786916089e-07,-3.363755753037224179e-08,2.498903891932615564e-08,-3.244915765861271742e-07,0.000000000000000000e+00
1.151999999999999957e+01,-7.798126384023050811e-08,2.105730583059842078e-07,-3.351225633918238415e-08,2.513082349885979786e-08,-3.231050454979091654e-07,0.000000000000000000e+00
1.152500000000000036e+01,-7.693267625511579605e-08,2.088633095488074082e-07,-3.338625540320005474e-08,2.526894336646603640e-08,-3.217141447325934336e-07,0.000000000000000000e+00
1.152999999999999936e+01,-7.589261739469348136e-08,2.071615707575146021e-07,-3.325957294825309718e-08,2.540343757082924054e-08,-3.203190308000941143e-07,0.000000000000000000e+00
1.153500000000000014e+01,-7.486104717483784037e-08,2.054678555251770510e-07,-3.313222700558582963e-08,2.553434489679946084e-08,-3.189198584235238462e-07,0.000000000000000000e+00
1.154000000000000092e+01,-7.383792544533197435e-08,2.037821766967095017e-07,-3.300423541317629351e-08,2.566170386616516801e-08,-3.175167805520579780e-07,0.000000000000000000e+00
1.154499999999999993e+01,-7.282321199358591357e-08,2.021045463779271650e-07,-3.287561581704963105e-08,2.578555273843427030e-08,-3.161099483737560537e-07,0.000000000000000000e+00
1.155000000000000071e+01,-7.181686654830960359e-08,2.004349759445342710e-07,-3.274638567258749232e-08,2.590592951162332312e-08,-3.146995113283254868e-07,0.000000000000000000e+00
1.155499999999999972e+01,-7.081884878314118413e-08,1.987734760510445170e-07,-3.261656224583351153e-08,2.602287192305464998e-08,-3.132856171198503485e-07,0.000000000000000000e+00
1.156000000000000050e+01,-6.982911832023070610e-08,1.971200566396337526e-07,-3.248616261479477980e-08,2.613641745016130168e-08,-3.118684117294670563e-07,0.000000000000000000e+00
1.156499999999999950e+01,-6.884763473377989546e-08,1.954747269489249298e-07,-3.235520367073925474e-08,2.624660331129965210e-08,-3.104480394279961769e-07,0.000000000000000000e+00
1.157000000000000028e+01,-6.787435755353807001e-08,1.938374955227059768e-07,-3.222370211948908716e-08,2.635346646656950145e-08,-3.090246427885229299e-07,0.000000000000000000e+00
1.157500000000000107e+01,-6.690924626825464564e-08,1.922083702185804934e-07,-3.209167448270985815e-08,2.645704361864147523e-08,-3.075983626989354458e-07,0.000000000000000000e+00
1.158000000000000007e+01,-6.595226032908858957e-08,1.905873582165518737e-07,-3.195913709919562727e-08,2.655737121359164954e-08,-3.061693383744087612e-07,0.000000000000000000e+00
1.158500000000000085e+01,-6.500335915297509831e-08,1.889744660275408577e-07,-3.182610612614981189e-08,2.665448544174313446e-08,-3.047377073698483682e-07,0.000000000000000000e+00
1.158999999999999986e+01,-6.406250212594983149e-08,1.873696995018369876e-07,-3.169259754046181797e-08,2.674842223851457615e-08,-3.033036055922771712e-07,0.000000000000000000e+00
1.159500000000000064e+01,-6.312964860643112477e-08,1.857730638374842345e-07,-3.155862713997945563e-08,2.683921728527534908e-08,-3.018671673131803566e-07,0.000000000000000000e+00
1.159999999999999964e+01,-6.220475792846034085e-08,1.841845635886009526e-07,-3.142421054477700704e-08,2.692690601020730618e-08,-3.004285251808004470e-07,0.000000000000000000e+00
1.160500000000000043e+01,-6.128778940490086148e-08,1.826042026736345596e-07,-3.128936319841900615e-08,2.701152358917298758e-08,-2.989878102323780918e-07,0.000000000000000000e+00
1.160999999999999943e+01,-6.037870233059593214e-08,1.810319843835512068e-07,-3.115410036921965764e-08,2.709310494659005315e-08,-2.975451519063508766e-07,0.000000000000000000e+00
1.161500000000000021e+01,-5.947745598548573005e-08,1.794679113899607845e-07,-3.101843715149785512e-08,2.717168475631185260e-08,-2.961006780544974469e-07,0.000000000000000000e+00
1.162000000000000099e+01,-5.858400963768396653e-08,1.779119857531773660e-07,-3.088238846682778562e-08,2.724729744251400760e-08,-2.946545149540355732e-07,0.000000000000000000e+00
1.162500000000000000e+01,-5.769832254651434790e-08,1.763642089302155435e-07,-3.074596906528510035e-08,2.731997718058679080e-08,-2.932067873196663776e-07,0.000000000000000000e+00
1.163000000000000078e+01,-5.682035396550721921e-08,1.748245817827229708e-07,-3.060919352668859217e-08,2.738975789803321233e-08,-2.917576183155744082e-07,0.000000000000000000e+00
1.163499999999999979e+01,-5.595006314535670188e-08,1.732931045848492464e-07,-3.047207626183737326e-08,2.745667327537269809e-08,-2.903071295673704331e-07,0.000000000000000000e+00
1.164000000000000057e+01,-5.508740933683862952e-08,1.717697770310515071e-07,-3.033463151374351983e-08,2.752075674705014799e-08,-2.888554411739886007e-07,0.000000000000000000e+00
1.164499999999999957e+01,-5.423235179368964604e-08,1.702545982438371041e-07,-3.019687335886017722e-08,2.758204150235029482e-08,-2.874026717195347890e-07,0.000000000000000000e+00
1.165000000000000036e+01,-5.338484977544771739e-08,1.687475667814435704e-07,-3.005881570830504606e-08,2.764056048631722466e-08,-2.859489382850768812e-07,0.000000000000000000e+00
1.165499999999999936e+01,-5.254486255025441432e-08,1.672486806454560678e-07,-2.992047230907928255e-08,2.769634640067889349e-08,-2.844943564603898302e-07,0.000000000000000000e+00
1.166000000000000014e+01,-5.171234939761925737e-08,1.657579372883628684e-07,-2.978185674528176320e-08,2.774943170477653409e-08,-2.830390403556523895e-07,0.000000000000000000e+00
1.166500000000000092e+01,-5.088726961114644825e-08,1.642753336210488952e-07,-2.964298243931867433e-08,2.779984861649881761e-08,-2.815831026130844990e-07,0.000000000000000000e+00
1.166999999999999993e+01,-5.006958250122427225e-08,1.628008660202278285e-07,-2.950386265310843630e-08,2.784762911322065056e-08,-2.801266544185379778e-07,0.000000000000000000e+00
1.167500000000000071e+01,-4.925924739767750251e-08,1.613345303358129328e-07,-2.936451048928191942e-08,2.789280493274644201e-08,-2.786698055130383012e-07,0.000000000000000000e+00
1.167999999999999972e+01,-4.845622365238311057e-08,1.598763218982269252e-07,-2.922493889237792177e-08,2.793540757425775807e-08,-2.772126642042695202e-07,0.000000000000000000e+00
1.168500000000000050e+01,-4.766047064184956766e-08,1.584262355256512274e-07,-2.908516065003390561e-08,2.797546829926521158e-08,-2.757553373780110594e-07,0.000000000000000000e+00
1.168999999999999950e+01,-4.687194776976004797e-08,1.569842655312148929e-07,-2.894518839417197255e-08,2.801301813256448433e-08,-2.742979305095219985e-07,0.000000000000000000e+00
1.169500000000000028e+01,-4.609061446947984462e-08,1.555504057301233687e-07,-2.880503460218003116e-08,2.804808786319632975e-08,-2.728405476748722556e-07,0.000000000000000000e+00
1.170000000000000107e+01,-4.531643020652829642e-08,1.541246494467277003e-07,-2.866471159808816356e-08,2.808070804541047658e-08,-2.713832915622218368e-07,0.000000000000000000e+00
1.170500000000000007e+01,-4.454935448101550970e-08,1.527069895215340728e-07,-2.852423155374017130e-08,2.811090899963325475e-08,-2.699262634830509575e-07,0.000000000000000000e+00
1.171000000000000085e+01,-4.378934683004417320e-08,1.512974183181542991e-07,-2.838360648996025402e-08,2.813872081343889740e-08,-2.684695633833330958e-07,0.000000000000000000e+00
1.171499999999999986e+01,-4.303636683007679016e-08,1.498959277301974387e-07,-2.824284827771484420e-08,2.816417334252432686e-08,-2.670132898546610874e-07,0.000000000000000000e+00
1.172000000000000064e+01,-4.229037409926857247e-08,1.485025091881027858e-07,-2.810196863926954496e-08,2.818729621168738509e-08,-2.655575401453142993e-07,0.000000000000000000e+00
1.172499999999999964e+01,-4.155132829976633445e-08,1.471171536659145976e-07,-2.796097914934117431e-08,2.820811881580831984e-08,-2.641024101712796934e-07,0.000000000000000000e+00
1.173000000000000043e+01,-4.081918913997365083e-08,1.457398516879989600e-07,-2.781989123624489255e-08,2.822667032083447704e-08,-2.626479945272177795e-07,0.000000000000000000e+00
1.173499999999999943e+01,-4.009391637678257682e-08,1.443705933357028165e-07,-2.767871618303639317e-08,2.824297966476804043e-08,-2.611943864973717116e-07,0.000000000000000000e+00
1.174000000000000021e+01,-3.937546981777221476e-08,1.430093682539556631e-07,-2.753746512864916696e-08,2.825707555865671934e-08,-2.597416780664340851e-07,0.000000000000000000e+00
1.174500000000000099e+01,-3.866380932337442516e-08,1.416561656578142284e-07,-2.739614906902677666e-08,2.826898648758732496e-08,-2.582899599303483013e-07,0.000000000000000000e+00
1.175000000000000000e+01,-3.795889480900692039e-08,1.403109743389503220e-07,-2.725477885825017835e-08,2.827874071168202996e-08,-2.568393215070668383e-07,0.000000000000000000e+00
1.175500000000000078e+01,-3.726068624717412472e-08,1.389737826720821442e-07,-2.711336520966005005e-08,2.828636626709728833e-08,-2.553898509472511305e-07,0.000000000000000000e+00
1.175999999999999979e+01,-3.656914366953595306e-08,1.376445786213495323e-07,-2.697191869697411754e-08,2.829189096702528313e-08,-2.539416351449221603e-07,0.000000000000000000e+00
1.176500000000000057e+01,-3.588422716894489212e-08,1.363233497466331175e-07,-2.683044975539946410e-08,2.829534240269778294e-08,-2.524947597480549352e-07,0.000000000000000000e+00
1.176999999999999957e+01,-3.520589690145160895e-08,1.350100832098181071e-07,-2.668896868273981764e-08,2.829674794439231442e-08,-2.510493091691207120e-07,0.000000000000000000e+00
1.177500000000000036e+01,-3.453411308827939142e-08,1.337047657810026391e-07,-2.654748564049780528e-08,2.829613474244057489e-08,-2.496053665955790887e-07,0.000000000000000000e+00
1.177999999999999936e+01,-3.386883601776767187e-08,1.324073838446511853e-07,-2.640601065497215546e-08,2.829352972823892280e-08,-2.481630140003101675e-07,0.000000000000000000e+00
1.178500000000000014e+01,-3.321002604728493196e-08,1.311179234056931618e-07,-2.626455361834984441e-08,2.828895961526090965e-08,-2.467223321520029382e-07,0.000000000000000000e+00
1.179000000000000092e+01,-3.255764360511123336e-08,1.298363700955672773e-07,-2.612312428979317355e-08,2.828245090007172106e-08,-2.452834006254821446e-07,0.000000000000000000e+00
1.179499999999999993e+01,-3.191164919229067883e-08,1.285627091782117230e-07,-2.598173229652177469e-08,2.827402986334444426e-08,-2.438462978119853880e-07,0.000000000000000000e+00
1.180000000000000071e+01,-3.127200338445406167e-08,1.272969255560004709e-07,-2.584038713488951979e-08,2.826372257087803956e-08,-2.424111009293884037e-07,0.000000000000000000e+00
1.180499999999999972e+01,-3.063866683361194843e-08,1.260390037756261562e-07,-2.569909817145635178e-08,2.825155487461695625e-08,-2.409778860323743262e-07,0.000000000000000000e+00
1.181000000000000050e+01,-3.001160026991847950e-08,1.247889280339297015e-07,-2.555787464405500020e-08,2.823755241367229370e-08,-2.395467280225512334e-07,0.000000000000000000e+00
1.181499999999999950e+01,-2.939076450340618515e-08,1.235466821836770819e-07,-2.541672566285258805e-08,2.822174061534438190e-08,-2.381177006585158507e-07,0.000000000000000000e+00
1.182000000000000028e+01,-2.877612042569201250e-08,1.223122497392833355e-07,-2.527566021140713335e-08,2.820414469614671190e-08,-2.366908765658653220e-07,0.000000000000000000e+00
1.182500000000000107e+01,-2.816762901165488089e-08,1.210856138824844546e-07,-2.513468714771892218e-08,2.818478966283116333e-08,-2.352663272471527051e-07,0.000000000000000000e+00
1.183000000000000007e+01,-2.756525132108501054e-08,1.198667574679569994e-07,-2.499381520527673997e-08,2.816370031341435030e-08,-2.338441230917927046e-07,0.000000000000000000e+00
1.183500000000000085e+01,-2.696894850030527923e-08,1.186556630288861618e-07,-2.485305299409899074e-08,2.814090123820508882e-08,-2.324243333859129299e-07,0.000000000000000000e+00
1.183999999999999986e+01,-2.637868178376486522e-08,1.174523127824823451e-07,-2.471240900176966148e-08,2.811641682083285371e-08,-2.310070263221509425e-07,0.000000000000000000e+00
1.184500000000000064e+01,-2.579441249560542766e-08,1.162566886354465918e-07,-2.457189159446914464e-08,2.809027123927713531e-08,-2.295922690093977298e-07,0.000000000000000000e+00
1.184999999999999964e+01,-2.521610205120010925e-08,1.150687721893851218e-07,-2.443150901799991566e-08,2.806248846689761688e-08,-2.281801274824912550e-07,0.000000000000000000e+00
1.185500000000000043e+01,-2.464371195866556942e-08,1.138885447461734075e-07,-2.429126939880705214e-08,2.803309227346511625e-08,-2.267706667118535221e-07,0.000000000000000000e+00
1.185999999999999943e+01,-2.407720382034733604e-08,1.127159873132698754e-07,-2.415118074499360139e-08,2.800210622619316278e-08,-2.253639506130747539e-07,0.000000000000000000e+00
1.186500000000000021e+01,-2.351653933427871709e-08,1.115510806089797668e-07,-2.401125094733078626e-08,2.796955369077016652e-08,-2.239600420564470649e-07,0.000000000000000000e+00
1.187000000000000099e+01,-2.296168029561349735e-08,1.103938050676692204e-07,-2.387148778026304951e-08,2.793545783239207716e-08,-2.225590028764428661e-07,0.000000000000000000e+00
1.187500000000000000e+01,-2.241258859803271119e-08,1.092441408449300559e-07,-2.373189890290793315e-08,2.789984161679546309e-08,-2.211608938811393773e-07,0.000000000000000000e+00
1.188000000000000078e+01,-2.186922623512570007e-08,1.081020678226953901e-07,-2.359249186005078960e-08,2.786272781129091809e-08,-2.197657748615924756e-07,0.000000000000000000e+00
1.188499999999999979e+01,-2.133155530174572586e-08,1.069675656143065478e-07,-2.345327408313433126e-08,2.782413898579674260e-08,-2.183737046011566522e-07,0.000000000000000000e+00
1.189000000000000057e+01,-2.079953799534035192e-08,1.058406135695313883e-07,-2.331425289124300520e-08,2.778409751387279708e-08,-2.169847408847521882e-07,0.000000000000000000e+00
1.189499999999999957e+01,-2.027313661725687304e-08,1.047211907795344959e-07,-2.317543549208220294e-08,2.774262557375447777e-08,-2.155989405080777493e-07,0.000000000000000000e+00
1.190000000000000036e+01,-1.975231357402300944e-08,1.036092760817993946e-07,-2.303682898295229545e-08,2.769974514938671229e-08,-2.142163592867738528e-07,0.000000000000000000e+00
1.190499999999999936e+01,-1.923703137860309631e-08,1.025048480650031297e-07,-2.289844035171749980e-08,2.765547803145792220e-08,-2.128370520655298490e-07,0.000000000000000000e+00
1.191000000000000014e+01,-1.872725265163003038e-08,1.014078850738435485e-07,-2.276027647776958104e-08,2.760984581843387303e-08,-2.114610727271400789e-07,0.000000000000000000e+00
1.191500000000000092e+01,-1.822294012261320837e-08,1.003183652138195437e-07,-2.262234413298637581e-08,2.756286991759134231e-08,-2.100884742015077291e-07,0.000000000000000000e+00
1.191999999999999993e+01,-1.772405663112264930e-08,9.923626635596443284e-08,-2.248464998268515774e-08,2.751457154605153618e-08,-2.087193084745947937e-07,0.000000000000000000e+00
1.192500000000000071e+01,-1.723056512794960166e-08,9.816156614153300138e-08,-2.234720058657083123e-08,2.746497173181316189e-08,-2.073536265973198374e-07,0.000000000000000000e+00
1.192999999999999972e+01,-1.674242867624380424e-08,9.709424198664226409e-08,-2.221000239967895710e-08,2.741409131478513958e-08,-2.059914786944052549e-07,0.000000000000000000e+00
1.193500000000000050e+01,-1.625961045262767529e-08,9.603427108686635405e-08,-2.207306177331363312e-08,2.736195094781882450e-08,-2.046329139731686787e-07,0.000000000000000000e+00
1.193999999999999950e+01,-1.578207374828763173e-08,9.498163042178580428e-08,-2.193638495598018973e-08,2.730857109773972284e-08,-2.032779807322665300e-07,0.000000000000000000e+00
1.194500000000000028e+01,-1.530978197004277675e-08,9.393629675949149982e-08,-2.179997809431275076e-08,2.725397204637860551e-08,-2.019267263703801820e-07,0.000000000000000000e+00
1.195000000000000107e+01,-1.484269864139119059e-08,9.289824666104359156e-08,-2.166384723399661915e-08,2.719817389160195678e-08,-2.005791973948549025e-07,0.000000000000000000e+00
1.195500000000000007e+01,-1.438078740353401990e-08,9.186745648488566281e-08,-2.152799832068553427e-08,2.714119654834171820e-08,-1.992354394302834741e-07,0.000000000000000000e+00
1.196000000000000085e+01,-1.392401201637762357e-08,9.084390239121440027e-08,-2.139243720091377085e-08,2.708305974962423177e-08,-1.978954972270387798e-07,0.000000000000000000e+00
1.196499999999999986e+01,-1.347233635951397033e-08,8.982756034630508683e-08,-2.125716962300308964e-08,2.702378304759833616e-08,-1.965594146697558861e-07,0.000000000000000000e+00
1.197000000000000064e+01,-1.302572443317953138e-08,8.881840612679319437e-08,-2.112220123796456272e-08,2.696338581456257278e-08,-1.952272347857607083e-07,0.000000000000000000e+00
1.197499999999999964e+01,-1.258414035919286144e-08,8.781641532391235423e-08,-2.098753760039525724e-08,2.690188724399139601e-08,-1.938989997534466371e-07,0.000000000000000000e+00
1.198000000000000043e+01,-1.214754838187110004e-08,8.682156334768898353e-08,-2.085318416936979044e-08,2.683930635156037087e-08,-1.925747509106016138e-07,0.000000000000000000e+00
1.198499999999999943e+01,-1.171591286892561945e-08,8.583382543109383183e-08,-2.071914630932676954e-08,2.677566197617027896e-08,-1.912545287626819482e-07,0.000000000000000000e+00
1.199000000000000021e+01,-1.128919831233700482e-08,8.485317663415077917e-08,-2.058542929095009971e-08,2.671097278097007608e-08,-1.899383729910356845e-07,0.000000000000000000e+00
1.199500000000000099e+01,-1.086736932920961113e-08,8.387959184800312358e-08,-2.045203829204519006e-08,2.664525725437865557e-08,-1.886263224610739818e-07,0.000000000000000000e+00
1.200000000000000000e+01,-1.045039066260588402e-08,8.291304579893759643e-08,-2.031897839841006082e-08,2.657853371110533107e-08,-1.873184152303922008e-07,0.000000000000000000e+00
