time_s,x_m,v_m_s,theta_rad,omega_rad_s,controller_force_N,disturbance_N
0.000000000000000000e+00,0.000000000000000000e+00,0.000000000000000000e+00,1.745329251994329478e-01,0.000000000000000000e+00,3.117177513391728993e+00,0.000000000000000000e+00
5.000000000000000104e-03,4.291437475383016396e-05,1.712105965099056451e-02,1.744909857861665081e-01,-1.668845540962944282e-02,3.075229039987081414e+00,0.000000000000000000e+00
1.000000000000000021e-02,1.707650902388632794e-04,3.397481613624650509e-02,1.743669038731627818e-01,-3.285895196966093917e-02,3.033350871227895151e+00,0.000000000000000000e+00
1.499999999999999944e-02,3.822198285614031299e-04,5.056294871286087789e-02,1.741632402133120872e-01,-4.852305887573581111e-02,2.991550295212430211e+00,0.000000000000000000e+00
2.000000000000000042e-02,6.759546702074700200e-04,6.688713764260785510e-02,1.738824984162898046e-01,-6.369206569165353216e-02,2.949834557632033505e+00,0.000000000000000000e+00
2.500000000000000139e-02,1.050654101536412782e-03,8.294906517300074111e-02,1.735271263247745166e-01,-7.837699109342897985e-02,2.908210856566397773e+00,0.000000000000000000e+00
2.999999999999999889e-02,1.505011027070845241e-03,9.875041647407710454e-02,1.730995173474413062e-01,-9.258859141327933917e-02,2.866686337142656082e+00,0.000000000000000000e+00
3.500000000000000333e-02,2.037726786351910357e-03,1.142928805271878762e-01,1.726020117497565343e-01,-1.063373689736372280e-01,2.825268086111154542e+00,0.000000000000000000e+00
4.000000000000000083e-02,2.647511175112135691e-03,1.295781509628039230e-01,1.720368979036441259e-01,-1.196335802032888751e-01,2.783963126384918940e+00,0.000000000000000000e+00
4.499999999999999833e-02,3.333082470504886152e-03,1.446079268450107813e-01,1.714064134971291509e-01,-1.324872435295220974e-01,2.742778411584546383e+00,0.000000000000000000e+00
5.000000000000000278e-02,4.093167460119267326e-03,1.593839134009484571e-01,1.707127467050902070e-01,-1.449081470417594719e-01,2.701720820625465258e+00,0.000000000000000000e+00
5.500000000000000028e-02,4.926501474501941875e-03,1.739078226939743677e-01,1.699580373222717988e-01,-1.569058559235669836e-01,2.660797152380165898e+00,0.000000000000000000e+00
5.999999999999999778e-02,5.831828422902402172e-03,1.881813742397906442e-01,1.691443778597197245e-01,-1.684897196511848105e-01,2.620014120444039918e+00,0.000000000000000000e+00
6.500000000000000222e-02,6.807900831955484081e-03,2.022062955651870997e-01,1.682738146058093132e-01,-1.796688789578402001e-01,2.579378348029892631e+00,0.000000000000000000e+00
7.000000000000000666e-02,7.853479887014092400e-03,2.159843227094138673e-01,1.673483486530373821e-01,-1.904522725640875047e-01,2.538896363012921764e+00,0.000000000000000000e+00
7.499999999999999722e-02,8.967335475846001380e-03,2.295172006685170796e-01,1.663699368917451182e-01,-2.008486436752888182e-01,2.498574593145001632e+00,0.000000000000000000e+00
8.000000000000000167e-02,1.014824623441095905e-02,2.428066837832512370e-01,1.653404929719321237e-01,-2.108665462481133512e-01,2.458419361454399876e+00,0.000000000000000000e+00
8.500000000000000611e-02,1.139499959443805201e-02,2.558545360714277739e-01,1.642618882343100384e-01,-2.205143510286037278e-01,2.418436881844631348e+00,0.000000000000000000e+00
8.999999999999999667e-02,1.270639183252807863e-02,2.686625315057721286e-01,1.631359526117306946e-01,-2.298002513649426426e-01,2.378633254903890659e+00,0.000000000000000000e+00
9.500000000000000111e-02,1.408122812051158454e-02,2.812324542385470361e-01,1.619644755021060756e-01,-2.387322687985625469e-01,2.339014463934506516e+00,0.000000000000000000e+00
1.000000000000000056e-01,1.551832257679983465e-02,2.935660987743577977e-01,1.607492066139184217e-01,-2.473182584376806270e-01,2.299586371209986879e+00,0.000000000000000000e+00
1.049999999999999961e-01,1.701649831847348165e-02,3.056652700926916211e-01,1.594918567853974845e-01,-2.555659141177194504e-01,2.260354714465578230e+00,0.000000000000000000e+00
1.100000000000000006e-01,1.857458751386171017e-02,3.175317837218559758e-01,1.581940987784184738e-01,-2.634827733533953720e-01,2.221325103626706099e+00,0.000000000000000000e+00
1.150000000000000050e-01,2.019143143537322632e-02,3.291674657660768610e-01,1.568575680481499868e-01,-2.710762220875281847e-01,2.182503017778296694e+00,0.000000000000000000e+00
1.199999999999999956e-01,2.186588051234945179e-02,3.405741528875951829e-01,1.554838634894550042e-01,-2.783534992418513210e-01,2.143893802376703572e+00,0.000000000000000000e+00
1.250000000000000000e-01,2.359679438371963672e-02,3.517536922456606652e-01,1.540745481610216183e-01,-2.853217010752857608e-01,2.105502666704849091e+00,0.000000000000000000e+00
1.300000000000000044e-01,2.538304195024725096e-02,3.627079413943721797e-01,1.526311499881720657e-01,-2.919877853552894642e-01,2.067334681570113020e+00,0.000000000000000000e+00
1.350000000000000089e-01,2.722350142616680041e-02,3.734387681413466886e-01,1.511551624452702747e-01,-2.983585753480067493e-01,2.029394777243598735e+00,0.000000000000000000e+00
1.400000000000000133e-01,2.911706039002024543e-02,3.839480503692238034e-01,1.496480452186197130e-01,-3.044407636330271893e-01,1.991687741638547005e+00,0.000000000000000000e+00
1.449999999999999900e-01,3.106261583451224231e-02,3.942376758220259014e-01,1.481112248507136797e-01,-3.102409157486185065e-01,1.954218218724897760e+00,0.000000000000000000e+00
1.499999999999999944e-01,3.305907421521352835e-02,4.043095418583973477e-01,1.465460953666709587e-01,-3.157654736733307987e-01,1.916990707176337239e+00,0.000000000000000000e+00
1.549999999999999989e-01,3.510535149795192267e-02,4.141655551737422614e-01,1.449540188836601073e-01,-3.210207591498791535e-01,1.880009559245517936e+00,0.000000000000000000e+00
1.600000000000000033e-01,3.720037320474044173e-02,4.238076314932681665e-01,1.433363262040865949e-01,-3.260129768572004871e-01,1.843278979862636779e+00,0.000000000000000000e+00
1.650000000000000078e-01,3.934307445810204806e-02,4.332376952379242696e-01,1.416943173932867506e-01,-3.307482174365526939e-01,1.806803025952032682e+00,0.000000000000000000e+00
1.700000000000000122e-01,4.153240002366041100e-02,4.424576791651979035e-01,1.400292623424440885e-01,-3.352324603774799461e-01,1.770585605961052966e+00,0.000000000000000000e+00
1.750000000000000167e-01,4.376730435087584914e-02,4.514695239867030363e-01,1.383424013174140432e-01,-3.394715767694080344e-01,1.734630479595069552e+00,0.000000000000000000e+00
1.799999999999999933e-01,4.604675161181515791e-02,4.602751779644597696e-01,1.366349454941148955e-01,-3.434713319245626950e-01,1.698941257752184519e+00,0.000000000000000000e+00
1.849999999999999978e-01,4.836971573785342482e-02,4.688765964877242842e-01,1.349080774811139694e-01,-3.472373878778187151e-01,1.663521402650904424e+00,0.000000000000000000e+00
1.900000000000000022e-01,5.073518045421519101e-02,4.772757416321863899e-01,1.331629518300107839e-01,-3.507753057689955156e-01,1.628374228143806279e+00,0.000000000000000000e+00
1.950000000000000067e-01,5.314213931227119991e-02,4.854745817033052635e-01,1.314006955341913974e-01,-3.540905481130094956e-01,1.593502900210043371e+00,0.000000000000000000e+00
2.000000000000000111e-01,5.558959571951577888e-02,4.934750907655054419e-01,1.296224085165011419e-01,-3.571884809631840629e-01,1.558910437619373424e+00,0.000000000000000000e+00
2.050000000000000155e-01,5.807656296715833777e-02,5.012792481589039006e-01,1.278291641063572515e-01,-3.600743759728982085e-01,1.524599712760261516e+00,0.000000000000000000e+00
2.099999999999999922e-01,6.060206425527070451e-02,5.088890380051851459e-01,1.260220095067966228e-01,-3.627534123606306893e-01,1.490573452624529116e+00,0.000000000000000000e+00
2.149999999999999967e-01,6.316513271543999775e-02,5.163064487041876260e-01,1.242019662519298490e-01,-3.652306787833270452e-01,1.456834239940972386e+00,0.000000000000000000e+00
2.200000000000000011e-01,6.576481143088432069e-02,5.235334724227059811e-01,1.223700306552473471e-01,-3.675111751228808399e-01,1.423384514450309668e+00,0.000000000000000000e+00
2.250000000000000056e-01,6.840015345399608204e-02,5.305721045769589139e-01,1.205271742492007581e-01,-3.695998141903837353e-01,1.390226574313853103e+00,0.000000000000000000e+00
2.300000000000000100e-01,7.107022182128468202e-02,5.374243433101116851e-01,1.186743442164590878e-01,-3.715014233526561793e-01,1.357362577648288493e+00,0.000000000000000000e+00
2.350000000000000144e-01,7.377408956569726783e-02,5.440921889661856081e-01,1.168124638132174986e-01,-3.732207460854266579e-01,1.324794544179006994e+00,0.000000000000000000e+00
2.399999999999999911e-01,7.651083972630264018e-02,5.505776435616250852e-01,1.149424327849146721e-01,-3.747624434573819663e-01,1.292524357004490865e+00,0.000000000000000000e+00
2.449999999999999956e-01,7.927956535532970639e-02,5.568827102557358799e-01,1.130651277746942546e-01,-3.761310955491625752e-01,1.260553764464340976e+00,0.000000000000000000e+00
2.500000000000000000e-01,8.207936952255769081e-02,5.630093928211470367e-01,1.111814027249257292e-01,-3.773312028112298377e-01,1.228884382103627271e+00,0.000000000000000000e+00
2.550000000000000044e-01,8.490936531706100299e-02,5.689596951153910176e-01,1.092920892720809084e-01,-3.783671873643823513e-01,1.197517694726371928e+00,0.000000000000000000e+00
2.600000000000000089e-01,8.776867584631702079e-02,5.747356205546367836e-01,1.073979971352436030e-01,-3.792433942465502916e-01,1.166455058531099098e+00,0.000000000000000000e+00
2.650000000000000133e-01,9.065643423268988921e-02,5.803391715905540371e-01,1.054999144985123566e-01,-3.799640926093488802e-01,1.135697703321523422e+00,0.000000000000000000e+00
2.700000000000000178e-01,9.357178360730847300e-02,5.857723491912276703e-01,1.035986083875390096e-01,-3.805334768677237633e-01,1.105246734785630514e+00,0.000000000000000000e+00
2.750000000000000222e-01,9.651387710136077880e-02,5.910371523269857263e-01,1.016948250404297038e-01,-3.809556678058756973e-01,1.075103136836537798e+00,0.000000000000000000e+00
2.800000000000000266e-01,9.948187783483147806e-02,5.961355774619491177e-01,9.978929027321910283e-02,-3.812347136425072169e-01,1.045267774008725947e+00,0.000000000000000000e+00
2.850000000000000311e-01,1.024749589027131175e-01,6.010696180520551657e-01,9.788270984011408771e-02,-3.813745910582908571e-01,1.015741393903413226e+00,0.000000000000000000e+00
2.899999999999999800e-01,1.054923033587250314e-01,6.058412640502552904e-01,9.597576978868874176e-02,-3.813792061883175544e-01,9.865246296770215917e-01,0.000000000000000000e+00
2.949999999999999845e-01,1.085331041965776067e-01,6.104525014195337773e-01,9.406913681019915541e-02,-3.812523955821461863e-01,9.576180025668992180e-01,0.000000000000000000e+00
2.999999999999999889e-01,1.115965643288223813e-01,6.149053116543442554e-01,9.216345858517380196e-02,-3.809979271339387630e-01,9.290219244486708217e-01,0.000000000000000000e+00
3.049999999999999933e-01,1.146818965633315951e-01,6.192016713110107817e-01,9.025936412442303602e-02,-3.806195009850330546e-01,9.007367004197739391e-01,0.000000000000000000e+00
3.099999999999999978e-01,1.177883235774531134e-01,6.233435515475925781e-01,8.835746410560006703e-02,-3.801207504011742122e-01,8.727625314039697546e-01,0.000000000000000000e+00
3.150000000000000022e-01,1.209150778898893802e-01,6.273329176736640589e-01,8.645835120543464425e-02,-3.795052426265002610e-01,8.450995167718298173e-01,0.000000000000000000e+00
3.200000000000000067e-01,1.240614018303508315e-01,6.311717287104186003e-01,8.456260042775089192e-02,-3.787764797162526675e-01,8.177476569724029254e-01,0.000000000000000000e+00
3.250000000000000111e-01,1.272265475070364638e-01,6.348619369614579844e-01,8.267076942737081047e-02,-3.779378993500626116e-01,7.907068561714936106e-01,0.000000000000000000e+00
3.300000000000000155e-01,1.304097767719957224e-01,6.384054875945911478e-01,8.078339882999634181e-02,-3.769928756275479631e-01,7.639769248922005929e-01,0.000000000000000000e+00
3.350000000000000200e-01,1.336103611844275119e-01,6.418043182349226772e-01,7.890101254815420906e-02,-3.759447198478412799e-01,7.375575826535649693e-01,0.000000000000000000e+00
3.400000000000000244e-01,1.368275819719733666e-01,6.450603585694738573e-01,7.702411809328019165e-02,-3.747966812745620047e-01,7.114484606034130465e-01,0.000000000000000000e+00
3.450000000000000289e-01,1.400607299900629987e-01,6.481755299635425516e-01,7.515320688401187776e-02,-3.735519478876382360e-01,6.856491041416701293e-01,0.000000000000000000e+00
3.500000000000000333e-01,1.433091056793713569e-01,6.511517450889722225e-01,7.328875455075256617e-02,-3.722136471232833643e-01,6.601589755306531693e-01,0.000000000000000000e+00
3.549999999999999822e-01,1.465720190214471197e-01,6.539909075644664282e-01,7.143122123656223121e-02,-3.707848466033342727e-01,6.349774564890338091e-01,0.000000000000000000e+00
3.599999999999999867e-01,1.498487894925730479e-01,6.566949116080535997e-01,6.958105189442617688e-02,-3.692685548550639352e-01,6.101038507663867350e-01,0.000000000000000000e+00
3.649999999999999911e-01,1.531387460159192582e-01,6.592656417017762616e-01,6.773867658094623323e-02,-3.676677220224910947e-01,5.855373866954258766e-01,0.000000000000000000e+00
3.699999999999999956e-01,1.564412269120505627e-01,6.617049722686497715e-01,6.590451074649467111e-02,-3.659852405701233269e-01,5.612772197192410495e-01,0.000000000000000000e+00
3.750000000000000000e-01,1.597555798478493272e-01,6.640147673619080093e-01,6.407895552186655685e-02,-3.642239459799876955e-01,5.373224348910119463e-01,0.000000000000000000e+00
3.800000000000000044e-01,1.630811617839152683e-01,6.661968803665287986e-01,6.226239800146213949e-02,-3.623866174427241571e-01,5.136720493439017599e-01,0.000000000000000000e+00
3.850000000000000089e-01,1.664173389205034770e-01,6.682531537130064203e-01,6.045521152302704704e-02,-3.604759785434428765e-01,4.903250147289757166e-01,0.000000000000000000e+00
3.900000000000000133e-01,1.697634866420618671e-01,6.701854186033170402e-01,5.865775594397503595e-02,-3.584946979429743386e-01,4.672802196191936375e-01,0.000000000000000000e+00
3.950000000000000178e-01,1.731189894604288348e-01,6.719954947489997776e-01,5.687037791431479722e-02,-3.564453900550751397e-01,4.445364918776808505e-01,0.000000000000000000e+00
4.000000000000000222e-01,1.764832409567512195e-01,6.736851901212592697e-01,5.509341114619979024e-02,-3.543306157200875051e-01,4.220926009886589725e-01,0.000000000000000000e+00
4.050000000000000266e-01,1.798556437221827953e-01,6.752563007129743777e-01,5.332717668011772300e-02,-3.521528828754914020e-01,3.999472603495635159e-01,0.000000000000000000e+00
4.100000000000000311e-01,1.832356092974221917e-01,6.767106103124816974e-01,5.157198314773423636e-02,-3.499146472237305017e-01,3.780991295230407001e-01,0.000000000000000000e+00
4.150000000000000355e-01,1.866225581111489173e-01,6.780498902889879886e-01,4.982812703140357402e-02,-3.476183128976405579e-01,3.565468164476619517e-01,0.000000000000000000e+00
4.199999999999999845e-01,1.900159194174151911e-01,6.792758993894489894e-01,4.809589292035752056e-02,-3.452662331237588145e-01,3.352888796063260290e-01,0.000000000000000000e+00
4.249999999999999889e-01,1.934151312320503691e-01,6.803903835467411954e-01,4.637555376358258596e-02,-3.428607108837462558e-01,3.143238301514703625e-01,0.000000000000000000e+00
4.299999999999999933e-01,1.968196402681342549e-01,6.813950756989392010e-01,4.466737111939442922e-02,-3.404039995741104940e-01,2.936501339863279991e-01,0.000000000000000000e+00
4.349999999999999978e-01,2.002289018705939727e-01,6.822916956195018701e-01,4.297159540171754250e-02,-3.378983036643774529e-01,2.732662138016022091e-01,0.000000000000000000e+00
4.400000000000000022e-01,2.036423799499787468e-01,6.830819497581602784e-01,4.128846612307776609e-02,-3.353457793538215381e-01,2.531704510670369501e-01,0.000000000000000000e+00
4.450000000000000067e-01,2.070595469154653256e-01,6.837675310922913807e-01,3.961821213431458710e-02,-3.327485352268297891e-01,2.333611879774837305e-01,0.000000000000000000e+00
4.500000000000000111e-01,2.104798836071460899e-01,6.843501189885546898e-01,3.796105186101991769e-02,-3.301086329069429226e-01,2.138367293531666657e-01,0.000000000000000000e+00
4.550000000000000155e-01,2.139028792276505553e-01,6.848313790745612639e-01,3.631719353670994493e-02,-3.274280877095877007e-01,1.945953444939434451e-01,0.000000000000000000e+00
4.600000000000000200e-01,2.173280312731497022e-01,6.852129631203404125e-01,3.468683543273663045e-02,-3.247088692934868570e-01,1.756352689874629558e-01,0.000000000000000000e+00
4.650000000000000244e-01,2.207548454637917323e-01,6.854965089293618696e-01,3.307016608494551396e-02,-3.219529023107094989e-01,1.569547064712024653e-01,0.000000000000000000e+00
4.700000000000000289e-01,2.241828356736162431e-01,6.856836402388706286e-01,3.146736451708680854e-02,-3.191620670553023675e-01,1.385518303484540859e-01,0.000000000000000000e+00
4.750000000000000333e-01,2.276115238599928925e-01,6.857759666292854162e-01,2.987860046098703148e-02,-3.163382001104215746e-01,1.204247854584057364e-01,0.000000000000000000e+00
4.799999999999999822e-01,2.310404399926291596e-01,6.857750834424108932e-01,2.830403457348893564e-02,-3.134830949938683942e-01,1.025716897005390926e-01,0.000000000000000000e+00
4.849999999999999867e-01,2.344691219821907757e-01,6.856825717082116745e-01,2.674381865016798102e-02,-3.105985028019146998e-01,8.499063561362785180e-02,0.000000000000000000e+00
4.899999999999999911e-01,2.378971156085766814e-01,6.854999980798945902e-01,2.519809583583421456e-02,-3.076861328512910387e-01,6.767969190969203019e-02,0.000000000000000000e+00
4.949999999999999956e-01,2.413239744488899219e-01,6.852289147770453948e-01,2.366700083182909919e-02,-3.047476533191979531e-01,5.063690496331196833e-02,0.000000000000000000e+00
5.000000000000000000e-01,2.447492598051435875e-01,6.848708595365673446e-01,2.215066010012752690e-02,-3.017846918811900592e-01,3.386030025676789457e-02,0.000000000000000000e+00
5.050000000000000044e-01,2.481725406317405458e-01,6.844273555711670731e-01,2.064919206425607986e-02,-2.987988363467740105e-01,1.734788378151574939e-02,0.000000000000000000e+00
5.100000000000000089e-01,2.515933934627639923e-01,6.838999115351372948e-01,1.916270730703933597e-02,-2.957916352925538117e-01,1.097643396557046458e-03,0.000000000000000000e+00
5.150000000000000133e-01,2.550114023391144569e-01,6.832900214971850961e-01,1.769130876518695480e-02,-2.927645986927512878e-01,-1.489244985570281621e-02,0.000000000000000000e+00
5.200000000000000178e-01,2.584261587355282108e-01,6.825991649200586764e-01,1.623509192073509591e-02,-2.897191985469239062e-01,-3.062444047546719617e-02,0.000000000000000000e+00
5.250000000000000222e-01,2.618372614875102977e-01,6.818288066467258490e-01,1.479414498935661612e-02,-2.866568695046998738e-01,-4.610038727276855042e-02,0.000000000000000000e+00
5.300000000000000266e-01,2.652443167182142458e-01,6.809803968928618279e-01,1.336854910555543632e-02,-2.835790094873470446e-01,-6.132236217519526633e-02,0.000000000000000000e+00
5.350000000000000311e-01,2.686469377652994095e-01,6.800553712454064925e-01,1.195837850476135986e-02,-2.804869803059915623e-01,-7.629244907540533305e-02,0.000000000000000000e+00
5.400000000000000355e-01,2.720447451077960266e-01,6.790551506669545434e-01,1.056370070234256830e-02,-2.773821082763013868e-01,-9.101274271767101354e-02,0.000000000000000000e+00
5.450000000000000400e-01,2.754373662930060807e-01,6.779811415057463986e-01,9.184576669553908695e-03,-2.742656848294506844e-01,-1.054853476226985665e-01,0.000000000000000000e+00
5.500000000000000444e-01,2.788244358634678344e-01,6.768347355110309049e-01,7.821061006440040153e-03,-2.711389671191823392e-01,-1.197123770499247675e-01,0.000000000000000000e+00
5.550000000000000488e-01,2.822055952840100135e-01,6.756173098535749322e-01,6.473202111713410173e-03,-2.680031786247882852e-01,-1.336959519965059684e-01,0.000000000000000000e+00
5.600000000000000533e-01,2.855804928689209543e-01,6.743302271511011359e-01,5.141042349627888454e-03,-2.648595097498297468e-01,-1.474382002321752427e-01,0.000000000000000000e+00
5.650000000000000577e-01,2.889487837092568623e-01,6.729748354984369518e-01,3.824618213869826477e-03,-2.617091184164233031e-01,-1.609412553691591530e-01,0.000000000000000000e+00
5.700000000000000622e-01,2.923101296003121075e-01,6.715524685021647677e-01,2.523960488489122855e-03,-2.585531306549225805e-01,-1.742072559663181419e-01,0.000000000000000000e+00
5.750000000000000666e-01,2.956641989692736505e-01,6.700644453195673256e-01,1.239094405893736419e-03,-2.553926411888300940e-01,-1.872383446666848750e-01,0.000000000000000000e+00
5.799999999999999600e-01,2.990106668030804715e-01,6.685120707016671826e-01,-2.996019806809782984e-05,-2.522287140147785878e-01,-2.000366673675634255e-01,0.000000000000000000e+00
5.849999999999999645e-01,3.023492145765079853e-01,6.668966350401641652e-01,-1.283188731912908312e-03,-2.490623829774263054e-01,-2.126043724223524167e-01,0.000000000000000000e+00
5.899999999999999689e-01,3.056795301804965947e-01,6.652194144180804125e-01,-2.520581699188478852e-03,-2.458946523391173644e-01,-2.249436098732617850e-01,0.000000000000000000e+00
5.949999999999999734e-01,3.090013078507422573e-01,6.634816706639266037e-01,-3.742134551975248753e-03,-2.427264973441631279e-01,-2.370565307140851674e-01,0.000000000000000000e+00
5.999999999999999778e-01,3.123142480965662715e-01,6.616846514092097342e-01,-4.947847547195390570e-03,-2.395588647776078217e-01,-2.489452861822051277e-01,0.000000000000000000e+00
6.049999999999999822e-01,3.156180576300808838e-01,6.598295901491059157e-01,-6.137725605701652154e-03,-2.363926735183475292e-01,-2.606120270790051041e-01,0.000000000000000000e+00
6.099999999999999867e-01,3.189124492956652568e-01,6.579177063061297792e-01,-7.311778174117412876e-03,-2.332288150864786913e-01,-2.720589031178731743e-01,0.000000000000000000e+00
6.149999999999999911e-01,3.221971419997676223e-01,6.559502052966336150e-01,-8.470019089398816980e-03,-2.300681541847587885e-01,-2.832880622989891739e-01,0.000000000000000000e+00
6.199999999999999956e-01,3.254718606410459958e-01,6.539282785999785963e-01,-9.612466446089254143e-03,-2.269115292340691814e-01,-2.943016503100953640e-01,0.000000000000000000e+00
6.250000000000000000e-01,3.287363360408616653e-01,6.518531038302218805e-01,-1.073914246623594929e-02,-2.237597529027766652e-01,-3.051018099524627214e-01,0.000000000000000000e+00
6.300000000000000044e-01,3.319903048741367213e-01,6.497258448101715933e-01,-1.185007337193789805e-02,-2.206136126298976485e-01,-3.156906805912731429e-01,0.000000000000000000e+00
6.350000000000000089e-01,3.352335096005876203e-01,6.475476516476644795e-01,-1.294528926049394804e-02,-2.174738711419756387e-01,-3.260703976296497331e-01,0.000000000000000000e+00
6.400000000000000133e-01,3.384656983963454380e-01,6.453196608139272206e-01,-1.402482398211937244e-02,-2.143412669635901269e-01,-3.362430920055824446e-01,0.000000000000000000e+00
6.450000000000000178e-01,3.416866250859728060e-01,6.430429952238877478e-01,-1.508871502019891626e-02,-2.112165149214216275e-01,-3.462108897110070527e-01,0.000000000000000000e+00
6.500000000000000222e-01,3.448960490748869123e-01,6.407187643183060999e-01,-1.613700337404390742e-02,-2.081003066418047887e-01,-3.559759113323071045e-01,0.000000000000000000e+00
6.550000000000000266e-01,3.480937352821977804e-01,6.383480641476012574e-01,-1.716973344412073277e-02,-2.049933110417083149e-01,-3.655402716115290773e-01,0.000000000000000000e+00
6.600000000000000311e-01,3.512794540739690996e-01,6.359319774572539385e-01,-1.818695291971765549e-02,-2.018961748130872202e-01,-3.749060790276040889e-01,0.000000000000000000e+00
6.650000000000000355e-01,3.544529811969104882e-01,6.334715737746696718e-01,-1.918871266901673103e-02,-1.988095229005597264e-01,-3.840754353968993118e-01,0.000000000000000000e+00
6.700000000000000400e-01,3.576140977125067399e-01,6.309679094973920099e-01,-2.017506663153733476e-02,-1.957339589723675888e-01,-3.930504354924234667e-01,0.000000000000000000e+00
6.750000000000000444e-01,3.607625899315919371e-01,6.284220279825600830e-01,-2.114607171291760929e-02,-1.926700658845851011e-01,-4.018331666810333047e-01,0.000000000000000000e+00
6.800000000000000488e-01,3.638982493493733705e-01,6.258349596375079038e-01,-2.210178768200004445e-02,-1.896184061385483843e-01,-4.104257085780031455e-01,0.000000000000000000e+00
6.850000000000000533e-01,3.670208725809112060e-01,6.232077220114090599e-01,-2.304227707018718929e-02,-1.865795223314827556e-01,-4.188301327183330813e-01,0.000000000000000000e+00
6.900000000000000577e-01,3.701302612970587824e-01,6.205413198878720893e-01,-2.396760507303345375e-02,-1.835539376003115786e-01,-4.270485022441885548e-01,0.000000000000000000e+00
6.950000000000000622e-01,3.732262221608680930e-01,6.178367453783990548e-01,-2.487783945403890945e-02,-1.805421560586364937e-01,-4.350828716078783409e-01,0.000000000000000000e+00
7.000000000000000666e-01,3.763085667644646137e-01,6.150949780166202752e-01,-2.577305045061088762e-02,-1.775446632268839198e-01,-4.429352862897977250e-01,0.000000000000000000e+00
7.049999999999999600e-01,3.793771115663948090e-01,6.123169848532248327e-01,-2.665331068215923485e-02,-1.745619264556184935e-01,-4.506077825307743812e-01,0.000000000000000000e+00
7.099999999999999645e-01,3.824316778294503116e-01,6.095037205515091427e-01,-2.751869506029106308e-02,-1.715943953420294155e-01,-4.581023870782721108e-01,0.000000000000000000e+00
7.149999999999999689e-01,3.854720915589707753e-01,6.066561274834688655e-01,-2.836928070107088209e-02,-1.686425021396006363e-01,-4.654211169459266939e-01,0.000000000000000000e+00
7.199999999999999734e-01,3.884981834416286750e-01,6.037751358263644397e-01,-2.920514683931208291e-02,-1.657066621609805390e-01,-4.725659791858967118e-01,0.000000000000000000e+00
7.249999999999999778e-01,3.915097887846979430e-01,6.008616636596925131e-01,-3.002637474486579555e-02,-1.627872741740720997e-01,-4.795389706735354585e-01,0.000000000000000000e+00
7.299999999999999822e-01,3.945067474558081599e-01,5.979166170624992116e-01,-3.083304764087332200e-02,-1.598847207913681179e-01,-4.863420779038990505e-01,0.000000000000000000e+00
7.349999999999999867e-01,3.974889038231864125e-01,5.949408902109756259e-01,-3.162525062394839354e-02,-1.569993688525611608e-01,-4.929772767996234428e-01,0.000000000000000000e+00
7.399999999999999911e-01,4.004561066963872595e-01,5.919353654762768979e-01,-3.240307058625575831e-02,-1.541315698004617485e-01,-4.994465325297189340e-01,0.000000000000000000e+00
7.449999999999999956e-01,4.034082092675125852e-01,5.889009135225108382e-01,-3.316659613945267815e-02,-1.512816600502618902e-01,-5.057517993388442878e-01,0.000000000000000000e+00
7.500000000000000000e-01,4.063450690529215592e-01,5.858383934048443376e-01,-3.391591754046022200e-02,-1.484499613521853834e-01,-5.118950203866354798e-01,0.000000000000000000e+00
7.550000000000000044e-01,4.092665478354314268e-01,5.827486526676782796e-01,-3.465112661903135133e-02,-1.456367811475694218e-01,-5.178781275966816144e-01,0.000000000000000000e+00
7.600000000000000089e-01,4.121725116070090178e-01,5.796325274428454355e-01,-3.537231670708308739e-02,-1.428424129184255320e-01,-5.237030415147527762e-01,0.000000000000000000e+00
7.650000000000000133e-01,4.150628305119534733e-01,5.764908425477868192e-01,-3.607958256976032119e-02,-1.400671365305309057e-01,-5.293716711758960081e-01,0.000000000000000000e+00
7.700000000000000178e-01,4.179373787905696358e-01,5.733244115836657606e-01,-3.677302033819896537e-02,-1.373112185701045318e-01,-5.348859139800340445e-01,0.000000000000000000e+00
7.750000000000000222e-01,4.207960347233316023e-01,5.701340370333805030e-01,-3.745272744395660575e-02,-1.345749126741247748e-01,-5.402476555757099730e-01,0.000000000000000000e+00
7.800000000000000266e-01,4.236386805755362750e-01,5.669205103594395778e-01,-3.811880255507896220e-02,-1.318584598543481867e-01,-5.454587697516356526e-01,0.000000000000000000e+00
7.850000000000000311e-01,4.264652025424457427e-01,5.636846121016640954e-01,-3.877134551377081628e-02,-1.291620888150914193e-01,-5.505211183357145988e-01,0.000000000000000000e+00
7.900000000000000355e-01,4.292754906949176608e-01,5.604271119746861984e-01,-3.941045727564038148e-02,-1.264860162648406006e-01,-5.554365511012211432e-01,0.000000000000000000e+00
7.950000000000000400e-01,4.320694389255225198e-01,5.571487689652123709e-01,-4.003623985048645334e-02,-1.238304472217545554e-01,-5.602069056798313351e-01,0.000000000000000000e+00
8.000000000000000444e-01,4.348469448951466365e-01,5.538503314290236235e-01,-4.064879624459794005e-02,-1.211955753131302022e-01,-5.648340074812094880e-01,0.000000000000000000e+00
8.050000000000000488e-01,4.376079099800795347e-01,5.505325371876860219e-01,-4.124823040453576284e-02,-1.185815830689003897e-01,-5.693196696188694839e-01,0.000000000000000000e+00
8.100000000000000533e-01,4.403522392195838853e-01,5.471961136249464674e-01,-4.183464716236746928e-02,-1.159886422092358260e-01,-5.736656928420384993e-01,0.000000000000000000e+00
8.150000000000000577e-01,4.430798412639467831e-01,5.438417777827911914e-01,-4.240815218232530520e-02,-1.134169139263244419e-01,-5.778738654732611391e-01,0.000000000000000000e+00
8.200000000000000622e-01,4.457906283230101963e-01,5.404702364571450923e-01,-4.296885190885874756e-02,-1.108665491604029496e-01,-5.819459633514943997e-01,0.000000000000000000e+00
8.250000000000000666e-01,4.484845161151793658e-01,5.370821862931917101e-01,-4.351685351605298624e-02,-1.083376888701163554e-01,-5.858837497804518790e-01,0.000000000000000000e+00
8.300000000000000711e-01,4.511614238169063817e-01,5.336783138802957405e-01,-4.405226485838521083e-02,-1.058304642972823645e-01,-5.896889754819674145e-01,0.000000000000000000e+00
8.349999999999999645e-01,4.538212740126476019e-01,5.302592958465107698e-01,-4.457519442279086336e-02,-1.033449972261387684e-01,-5.933633785541546635e-01,0.000000000000000000e+00
8.399999999999999689e-01,4.564639926452924157e-01,5.268257989526564655e-01,-4.508575128201251087e-02,-1.008814002371523355e-01,-5.969086844341531251e-01,0.000000000000000000e+00
8.449999999999999734e-01,4.590895089670614104e-01,5.233784801859503455e-01,-4.558404504920432476e-02,-9.843977695546893281e-02,-6.003266058652536596e-01,0.000000000000000000e+00
8.499999999999999778e-01,4.616977554908714976e-01,5.199179868531809134e-01,-4.607018583376561172e-02,-9.602022229408468945e-02,-6.036188428682129903e-01,0.000000000000000000e+00
8.549999999999999822e-01,4.642886679421656115e-01,5.164449566734099495e-01,-4.654428419837711162e-02,-9.362282269181899930e-02,-6.067870827165662284e-01,0.000000000000000000e+00
8.599999999999999867e-01,4.668621852112049830e-01,5.129600178701926305e-01,-4.700645111721440256e-02,-9.124765634617020005e-02,-6.098329999157615644e-01,0.000000000000000000e+00
8.649999999999999911e-01,4.694182493058210448e-01,5.094637892633050447e-01,-4.745679793531289853e-02,-8.889479344113514203e-02,-6.127582561859468147e-01,0.000000000000000000e+00
8.699999999999999956e-01,4.719568053046248046e-01,5.059568803599703291e-01,-4.789543632905957082e-02,-8.656429637007424793e-02,-6.155645004482406257e-01,0.000000000000000000e+00
8.750000000000000000e-01,4.744778013106711323e-01,5.024398914455744380e-01,-4.832247826778675315e-02,-8.425621995370340123e-02,-6.182533688143370121e-01,0.000000000000000000e+00
8.800000000000000044e-01,4.769811884055751849e-01,4.989134136738646585e-01,-4.873803597644389002e-02,-8.197061165329441734e-02,-6.208264845792921260e-01,0.000000000000000000e+00
8.850000000000000089e-01,4.794669206040787501e-01,4.953780291566233229e-01,-4.914222189932351131e-02,-7.970751177916544916e-02,-6.232854582173477098e-01,0.000000000000000000e+00
8.900000000000000133e-01,4.819349548090633983e-01,4.918343110528115014e-01,-4.953514866481800033e-02,-7.746695369454276170e-02,-6.256318873806619996e-01,0.000000000000000000e+00
8.950000000000000178e-01,4.843852507670082241e-01,4.882828236571771785e-01,-4.991692905118432638e-02,-7.524896401487492226e-02,-6.278673569008090816e-01,0.000000000000000000e+00
9.000000000000000222e-01,4.868177710238890676e-01,4.847241224883228061e-01,-5.028767595329409340e-02,-7.305356280268042457e-02,-6.299934387929333468e-01,0.000000000000000000e+00
9.050000000000000266e-01,4.892324808815169401e-01,4.811587543762291252e-01,-5.064750235034687353e-02,-7.088076375800898832e-02,-6.320116922624299249e-01,0.000000000000000000e+00
9.100000000000000311e-01,4.916293483543124343e-01,4.775872575492308703e-01,-5.099652127452503070e-02,-6.873057440459680312e-02,-6.339236637140475139e-01,0.000000000000000000e+00
9.150000000000000355e-01,4.940083441265138986e-01,4.740101617204423579e-01,-5.133484578056869696e-02,-6.660299627179526449e-02,-6.357308867633000293e-01,0.000000000000000000e+00
9.200000000000000400e-01,4.963694415098162116e-01,4.704279881736299629e-01,-5.166258891625002958e-02,-6.449802507235222193e-02,-6.374348822500883749e-01,0.000000000000000000e+00
9.250000000000000444e-01,4.987126164014376029e-01,4.668412498485300377e-01,-5.197986369372615406e-02,-6.241565087612423179e-02,-6.390371582544317475e-01,0.000000000000000000e+00
9.300000000000000488e-01,5.010378472426115781e-01,4.632504514256105543e-01,-5.228678306175066348e-02,-6.035585827979773887e-02,-6.405392101142191041e-01,0.000000000000000000e+00
9.350000000000000533e-01,5.033451149775014510e-01,4.596560894102753037e-01,-5.258345987872387745e-02,-5.831862657269629158e-02,-6.419425204448885314e-01,0.000000000000000000e+00
9.400000000000000577e-01,5.056344030125341504e-01,4.560586522165107626e-01,-5.287000688656255665e-02,-5.630392989875025733e-02,-6.432485591609540254e-01,0.000000000000000000e+00
9.450000000000000622e-01,5.079056971761511940e-01,4.524586202499742416e-01,-5.314653668536999803e-02,-5.431173741470476934e-02,-6.444587834992957509e-01,0.000000000000000000e+00
9.500000000000000666e-01,5.101589856789737754e-01,4.488564659905242560e-01,-5.341316170888793513e-02,-5.234201344464080308e-02,-6.455746380441420573e-01,0.000000000000000000e+00
9.550000000000000711e-01,5.123942590743785219e-01,4.452526540741928995e-01,-5.366999420071198040e-02,-5.039471763088345518e-02,-6.465975547536664259e-01,0.000000000000000000e+00
9.599999999999999645e-01,5.146115102194827040e-01,4.416476413746011076e-01,-5.391714619125273500e-02,-4.846980508137065796e-02,-6.475289529881331774e-01,0.000000000000000000e+00
9.649999999999999689e-01,5.168107342365340084e-01,4.380418770838175324e-01,-5.415472947542501053e-02,-4.656722651355468118e-02,-6.483702395395256612e-01,0.000000000000000000e+00
9.699999999999999734e-01,5.189919284747041006e-01,4.344358027926623067e-01,-5.438285559104808625e-02,-4.468692839490785718e-02,-6.491228086625937532e-01,0.000000000000000000e+00
9.749999999999999778e-01,5.211550924722818667e-01,4.308298525704566950e-01,-5.460163579794013317e-02,-4.282885308010298681e-02,-6.497880421072645962e-01,0.000000000000000000e+00
9.799999999999999822e-01,5.233002279192641160e-01,4.272244530442202981e-01,-5.481118105769035298e-02,-4.099293894493807877e-02,-6.503673091523556327e-01,0.000000000000000000e+00
9.849999999999999867e-01,5.254273386203410778e-01,4.236200234773177531e-01,-5.501160201409278916e-02,-3.917912051707385379e-02,-6.508619666405401905e-01,0.000000000000000000e+00
9.899999999999999911e-01,5.275364304582733643e-01,4.200169758475560400e-01,-5.520300897422594083e-02,-3.738732860365175797e-02,-6.512733590145141083e-01,0.000000000000000000e+00
9.949999999999999956e-01,5.296275113576583982e-01,4.164157149247353917e-01,-5.538551189016285153e-02,-3.561749041585894615e-02,-6.516028183543132180e-01,0.000000000000000000e+00
1.000000000000000000e+00,5.317005912490831987e-01,4.128166383476546963e-01,-5.555922034129652520e-02,-3.386952969050591872e-02,-6.518516644157401618e-01,0.000000000000000000e+00
1.005000000000000115e+00,5.337556820336607499e-01,4.092201367005748325e-01,-5.572424351726586178e-02,-3.214336680868126045e-02,-6.520212046698511399e-01,0.000000000000000000e+00
1.010000000000000009e+00,5.357927975479470639e-01,4.056265935891410490e-01,-5.588069020146772814e-02,-3.043891891154707971e-02,-6.521127343434667267e-01,0.000000000000000000e+00
1.015000000000000124e+00,5.378119535292372744e-01,4.020363857157678855e-01,-5.602866875514097428e-02,-2.875610001333758423e-02,-6.521275364606637925e-01,0.000000000000000000e+00
1.020000000000000018e+00,5.398131675812363195e-01,3.984498829544882992e-01,-5.616828710200857250e-02,-2.709482111162226509e-02,-6.520668818852146664e-01,0.000000000000000000e+00
1.024999999999999911e+00,5.417964591401034369e-01,3.948674484252697736e-01,-5.629965271346436262e-02,-2.545499029489400877e-02,-6.519320293639329078e-01,0.000000000000000000e+00
1.030000000000000027e+00,5.437618494408662517e-01,3.912894385678001297e-01,-5.642287259429120544e-02,-2.383651284754154109e-02,-6.517242255708988186e-01,0.000000000000000000e+00
1.034999999999999920e+00,5.457093614842030149e-01,3.877162032147454807e-01,-5.653805326889751320e-02,-2.223929135226443074e-02,-6.514447051525258381e-01,0.000000000000000000e+00
1.040000000000000036e+00,5.476390200035892164e-01,3.841480856644831077e-01,-5.664530076805965320e-02,-2.066322578998789489e-02,-6.510946907734415090e-01,0.000000000000000000e+00
1.044999999999999929e+00,5.495508514328072414e-01,3.805854227533118084e-01,-5.674472061615773444e-02,-1.910821363733361186e-02,-6.506753931631549248e-01,0.000000000000000000e+00
1.050000000000000044e+00,5.514448838738150727e-01,3.770285449271424394e-01,-5.683641781889280792e-02,-1.757414996170160101e-02,-6.501880111634779080e-01,0.000000000000000000e+00
1.054999999999999938e+00,5.533211470649727071e-01,3.734777763126715389e-01,-5.692049685147355237e-02,-1.606092751401731744e-02,-6.496337317766791575e-01,0.000000000000000000e+00
1.060000000000000053e+00,5.551796723496229546e-01,3.699334347880404161e-01,-5.699706164726103808e-02,-1.456843681919695911e-02,-6.490137302143437203e-01,0.000000000000000000e+00
1.064999999999999947e+00,5.570204926450240679e-01,3.663958320529829282e-01,-5.706621558686016810e-02,-1.309656626438300032e-02,-6.483291699469135860e-01,0.000000000000000000e+00
1.070000000000000062e+00,5.588436424116323131e-01,3.628652736984639415e-01,-5.712806148764686121e-02,-1.164520218500094892e-02,-6.475812027538887516e-01,0.000000000000000000e+00
1.074999999999999956e+00,5.606491576227309315e-01,3.593420592758118648e-01,-5.718270159372013800e-02,-1.021422894868723695e-02,-6.467709687746628910e-01,0.000000000000000000e+00
1.080000000000000071e+00,5.624370757344037131e-01,3.558264823653475850e-01,-5.723023756626868797e-02,-8.803529037137231700e-03,-6.458995965599798605e-01,0.000000000000000000e+00
1.084999999999999964e+00,5.642074356558506310e-01,3.523188306445123597e-01,-5.727077047434152302e-02,-7.412983125921273134e-03,-6.449682031239829527e-01,0.000000000000000000e+00
1.090000000000000080e+00,5.659602777200426482e-01,3.488193859554976628e-01,-5.730440078601273246e-02,-6.042470162315675963e-03,-6.439778939968446858e-01,0.000000000000000000e+00
1.094999999999999973e+00,5.676956436547134777e-01,3.453284243723793723e-01,-5.733122835993057637e-02,-4.691867441194659538e-03,-6.429297632779549243e-01,0.000000000000000000e+00
1.100000000000000089e+00,5.694135765536859628e-01,3.418462162677586846e-01,-5.735135243724121673e-02,-3.361050679028192156e-03,-6.418248936896516765e-01,0.000000000000000000e+00
1.104999999999999982e+00,5.711141208485301934e-01,3.383730263789129222e-01,-5.736487163387784388e-02,-2.049894086029731971e-03,-6.406643566314765836e-01,0.000000000000000000e+00
1.110000000000000098e+00,5.727973222805511355e-01,3.349091138734579531e-01,-5.737188393320599017e-02,-7.582704364969660837e-04,-6.394492122349419994e-01,0.000000000000000000e+00
1.114999999999999991e+00,5.744632278731036656e-01,3.314547324145254992e-01,-5.737248667901610755e-02,5.139488626123740744e-04,-6.381805094187885663e-01,0.000000000000000000e+00
1.120000000000000107e+00,5.761118859042319018e-01,3.280101302254569418e-01,-5.736677656885472154e-02,1.766893704828391464e-03,-6.368592859447259613e-01,0.000000000000000000e+00
1.125000000000000000e+00,5.777433458796310539e-01,3.245755501540169563e-01,-5.735484964768559901e-02,3.000695219000352847e-03,-6.354865684736339393e-01,0.000000000000000000e+00
1.130000000000000115e+00,5.793576585059291295e-01,3.211512297361284740e-01,-5.733680130187263774e-02,4.215485705772063774e-03,-6.340633726222176803e-01,0.000000000000000000e+00
1.135000000000000009e+00,5.809548756642861633e-01,3.177374012591320240e-01,-5.731272625347635929e-02,5.411398575662831195e-03,-6.325907030200988990e-01,0.000000000000000000e+00
1.140000000000000124e+00,5.825350503843080840e-01,3.143342918245710105e-01,-5.728271855485605329e-02,6.588568288716390581e-03,-6.310695533673308377e-01,0.000000000000000000e+00
1.145000000000000018e+00,5.840982368182742190e-01,3.109421234105059217e-01,-5.724687158356982219e-02,7.747130295681053935e-03,-6.295009064923259290e-01,0.000000000000000000e+00
1.150000000000000133e+00,5.856444902156742183e-01,3.075611129333591931e-01,-5.720527803756501883e-02,8.887220980685181862e-03,-6.278857344101834714e-01,0.000000000000000000e+00
1.155000000000000027e+00,5.871738668980539533e-01,3.041914723092928874e-01,-5.715802993065156878e-02,1.000897760537291722e-02,-6.262249983814022203e-01,0.000000000000000000e+00
1.159999999999999920e+00,5.886864242341661724e-01,3.008334085151215809e-01,-5.710521858825109293e-02,1.111253825446591355e-02,-6.245196489709714527e-01,0.000000000000000000e+00
1.165000000000000036e+00,5.901822206154255790e-01,2.974871236487623416e-01,-5.704693464341471787e-02,1.219804178271765432e-02,-6.227706261078249650e-01,0.000000000000000000e+00
1.169999999999999929e+00,5.916613154316642254e-01,2.941528149892238542e-01,-5.698326803310267002e-02,1.326562776322767236e-02,-6.209788591446503414e-01,0.000000000000000000e+00
1.175000000000000044e+00,5.931237690471860002e-01,2.908306750561367449e-01,-5.691430799471899893e-02,1.431543643708382656e-02,-6.191452669180379509e-01,0.000000000000000000e+00
1.179999999999999938e+00,5.945696427771176573e-01,2.875208916688269944e-01,-5.684014306289482399e-02,1.534760866430150139e-02,-6.172707578089646763e-01,0.000000000000000000e+00
1.185000000000000053e+00,5.959989988640541636e-01,2.842236480049344372e-01,-5.676086106651369312e-02,1.636228587602937129e-02,-6.153562298035970546e-01,0.000000000000000000e+00
1.189999999999999947e+00,5.974119004549957035e-01,2.809391226585781776e-01,-5.667654912597282213e-02,1.735961002799209923e-02,-6.134025705544068341e-01,0.000000000000000000e+00
1.195000000000000062e+00,5.988084115785744510e-01,2.776674896980708129e-01,-5.658729365067410172e-02,1.833972355514103952e-02,-6.114106574415869577e-01,0.000000000000000000e+00
1.199999999999999956e+00,6.001885971225691119e-01,2.744089187231831262e-01,-5.649318033673884215e-02,1.930276932748473118e-02,-6.093813576347595351e-01,0.000000000000000000e+00
1.205000000000000071e+00,6.015525228117044598e-01,2.711635749219613034e-01,-5.639429416494053798e-02,2.024889060707167968e-02,-6.073155281549644791e-01,0.000000000000000000e+00
1.209999999999999964e+00,6.029002551857335357e-01,2.679316191270981751e-01,-5.629071939884983805e-02,2.117823100609853709e-02,-6.052140159369192585e-01,0.000000000000000000e+00
1.215000000000000080e+00,6.042318615778011770e-01,2.647132078718601456e-01,-5.618253958318624591e-02,2.209093444611751056e-02,-6.030776578915425512e-01,0.000000000000000000e+00
1.219999999999999973e+00,6.055474100930856585e-01,2.615084934455719767e-01,-5.606983754237108986e-02,2.298714511831746049e-02,-6.009072809687281413e-01,0.000000000000000000e+00
1.225000000000000089e+00,6.068469695877167780e-01,2.583176239486601466e-01,-5.595269537927643339e-02,2.386700744485373282e-02,-5.987037022203640646e-01,0.000000000000000000e+00
1.229999999999999982e+00,6.081306096479680567e-01,2.551407433472575592e-01,-5.583119447416478448e-02,2.473066604120247036e-02,-5.964677288635839014e-01,0.000000000000000000e+00
1.235000000000000098e+00,6.093984005697209438e-01,2.519779915273702153e-01,-5.570541548381452435e-02,2.557826567951567917e-02,-5.942001583442444446e-01,0.000000000000000000e+00
1.239999999999999991e+00,6.106504133381985833e-01,2.488295043486079550e-01,-5.557543834082608047e-02,2.640995125295394347e-02,-5.919017784006167515e-01,0.000000000000000000e+00
1.245000000000000107e+00,6.118867196079672555e-01,2.456954136974806580e-01,-5.544134225310407699e-02,2.722586774097426887e-02,-5.895733671272851417e-01,0.000000000000000000e+00
1.250000000000000000e+00,6.131073916832032733e-01,2.425758475402613745e-01,-5.530320570351066750e-02,2.802616017555107156e-02,-5.872156930392437024e-01,0.000000000000000000e+00
1.255000000000000115e+00,6.143125024982232230e-01,2.394709299754181064e-01,-5.516110644968550553e-02,2.881097360830890339e-02,-5.848295151361782018e-01,0.000000000000000000e+00
1.260000000000000009e+00,6.155021255982746631e-01,2.363807812856153490e-01,-5.501512152402779354e-02,2.958045307854600958e-02,-5.824155829669309670e-01,0.000000000000000000e+00
1.265000000000000124e+00,6.166763351205867272e-01,2.333055179892872533e-01,-5.486532723383604621e-02,3.033474358212837410e-02,-5.799746366941337383e-01,0.000000000000000000e+00
1.270000000000000018e+00,6.178352057756766325e-01,2.302452528917835750e-01,-5.471179916160123086e-02,3.107399004123439015e-02,-5.775074071590029501e-01,0.000000000000000000e+00
1.275000000000000133e+00,6.189788128289115399e-01,2.272000951360899357e-01,-5.455461216544910813e-02,3.179833727493081019e-02,-5.750146159462858897e-01,0.000000000000000000e+00
1.280000000000000027e+00,6.201072320823224349e-01,2.241701502531239509e-01,-5.439384037972766484e-02,3.250792997056105305e-02,-5.724969754493535179e-01,0.000000000000000000e+00
1.284999999999999920e+00,6.212205398566685854e-01,2.211555202116083085e-01,-5.422955721573559373e-02,3.320291265592757723e-02,-5.699551889354250722e-01,0.000000000000000000e+00
1.290000000000000036e+00,6.223188129737506902e-01,2.181563034675225443e-01,-5.406183536258791361e-02,3.388342967225026203e-02,-5.673899506109201241e-01,0.000000000000000000e+00
1.294999999999999929e+00,6.234021287389696075e-01,2.151725950131347098e-01,-5.389074678821492714e-02,3.454962514788335881e-02,-5.648019456869292076e-01,0.000000000000000000e+00
1.300000000000000044e+00,6.244705649241296674e-01,2.122044864256142083e-01,-5.371636274049067933e-02,3.520164297277400545e-02,-5.621918504447900311e-01,0.000000000000000000e+00
1.304999999999999938e+00,6.255241997504837892e-01,2.092520659152275198e-01,-5.353875374848735685e-02,3.583962677364557758e-02,-5.595603323017668274e-01,0.000000000000000000e+00
1.310000000000000053e+00,6.265631118720185189e-01,2.063154183731178148e-01,-5.335798962385195077e-02,3.646371988988975771e-02,-5.569080498768175236e-01,0.000000000000000000e+00
1.314999999999999947e+00,6.275873803589772093e-01,2.033946254186699554e-01,-5.317413946230174771e-02,3.707406535015145277e-02,-5.542356530564475081e-01,0.000000000000000000e+00
1.320000000000000062e+00,6.285970846816185675e-01,2.004897654464624090e-01,-5.298727164523519412e-02,3.767080584959116990e-02,-5.515437830606328973e-01,0.000000000000000000e+00
1.324999999999999956e+00,6.295923046942092371e-01,1.976009136728070215e-01,-5.279745384145476117e-02,3.825408372780982058e-02,-5.488330725088124140e-01,0.000000000000000000e+00
1.330000000000000071e+00,6.305731206192478622e-01,1.947281421818785052e-01,-5.260475300899858375e-02,3.882404094742125666e-02,-5.461041454859341115e-01,0.000000000000000000e+00
1.334999999999999964e+00,6.315396130319190782e-01,1.918715199714345898e-01,-5.240923539707766088e-02,3.938081907325829273e-02,-5.433576176085512799e-01,0.000000000000000000e+00
1.340000000000000080e+00,6.324918628447747659e-01,1.890311129981284421e-01,-5.221096654811541865e-02,3.992455925219822593e-02,-5.405940960909568771e-01,0.000000000000000000e+00
1.344999999999999973e+00,6.334299512926407916e-01,1.862069842224144955e-01,-5.201001129988669369e-02,4.045540219359427397e-02,-5.378141798113496019e-01,0.000000000000000000e+00
1.350000000000000089e+00,6.343539599177476784e-01,1.833991936530493250e-01,-5.180643378775300761e-02,4.097348815029960151e-02,-5.350184593780238362e-01,0.000000000000000000e+00
1.354999999999999982e+00,6.352639705550825466e-01,1.806077983911887619e-01,-5.160029744699132226e-02,4.147895690027107729e-02,-5.322075171955710227e-01,0.000000000000000000e+00
1.360000000000000098e+00,6.361600653179602105e-01,1.778328526740825255e-01,-5.139166501521330588e-02,4.197194772874006385e-02,-5.293819275310891470e-01,0.000000000000000000e+00
1.364999999999999991e+00,6.370423265838123239e-01,1.750744079183680357e-01,-5.118059853487239713e-02,4.245259941093790235e-02,-5.265422565803892230e-01,0.000000000000000000e+00
1.370000000000000107e+00,6.379108369801916867e-01,1.723325127629645459e-01,-5.096715935585583584e-02,4.292105019536410909e-02,-5.236890625341894534e-01,0.000000000000000000e+00
1.375000000000000000e+00,6.387656793709900471e-01,1.696072131115691217e-01,-5.075140813815905844e-02,4.337743778758550856e-02,-5.208228956442931823e-01,0.000000000000000000e+00
1.380000000000000115e+00,6.396069368428672908e-01,1.668985521747558265e-01,-5.053340485463977266e-02,4.382189933455483966e-02,-5.179442982897358716e-01,0.000000000000000000e+00
1.385000000000000009e+00,6.404346926918903504e-01,1.642065705116794727e-01,-5.031320879384917899e-02,4.425457140943764994e-02,-5.150538050428999926e-01,0.000000000000000000e+00
1.390000000000000124e+00,6.412490304103795058e-01,1.615313060713855220e-01,-5.009087856293778507e-02,4.467558999693656968e-02,-5.121519427355835097e-01,0.000000000000000000e+00
1.395000000000000018e+00,6.420500336739602965e-01,1.588727942337274102e-01,-4.986647209063341246e-02,4.508509047910226608e-02,-5.092392305250191820e-01,0.000000000000000000e+00
1.400000000000000133e+00,6.428377863288191607e-01,1.562310678498928518e-01,-4.964004663028891845e-02,4.548320762162069014e-02,-5.063161799598315804e-01,0.000000000000000000e+00
1.405000000000000027e+00,6.436123723791604689e-01,1.536061572825404842e-01,-4.941165876299733611e-02,4.587007556056640206e-02,-5.033832950459279365e-01,0.000000000000000000e+00
1.409999999999999920e+00,6.443738759748633971e-01,1.509980904455484607e-01,-4.918136440077209431e-02,4.624582778961207341e-02,-5.004410723123136062e-01,0.000000000000000000e+00
1.415000000000000036e+00,6.451223813993367528e-01,1.484068928433763535e-01,-4.894921878979007629e-02,4.661059714768443774e-02,-4.974900008768231574e-01,0.000000000000000000e+00
1.419999999999999929e+00,6.458579730575693123e-01,1.458325876100419194e-01,-4.871527651369528950e-02,4.696451580705720413e-02,-4.945305625117610848e-01,0.000000000000000000e+00
1.425000000000000044e+00,6.465807354643742233e-01,1.432751955477143402e-01,-4.847959149696100256e-02,4.730771526187164955e-02,-4.915632317094436043e-01,0.000000000000000000e+00
1.429999999999999938e+00,6.472907532328256996e-01,1.407347351649252121e-01,-4.824221700830823994e-02,4.764032631707582066e-02,-4.885884757476325335e-01,0.000000000000000000e+00
1.435000000000000053e+00,6.479881110628854524e-01,1.382112227143991734e-01,-4.800320566417854568e-02,4.796247907777352604e-02,-4.856067547548582608e-01,0.000000000000000000e+00
1.439999999999999947e+00,6.486728937302171927e-01,1.357046722305054187e-01,-4.776260943225899697e-02,4.827430293897440328e-02,-4.826185217756177037e-01,0.000000000000000000e+00
1.445000000000000062e+00,6.493451860751879856e-01,1.332150955663319314e-01,-4.752047963505746236e-02,4.857592657573661654e-02,-4.796242228354457571e-01,0.000000000000000000e+00
1.449999999999999956e+00,6.500050729920536785e-01,1.307425024303837668e-01,-4.727686695352621704e-02,4.886747793369388554e-02,-4.766242970058496287e-01,0.000000000000000000e+00
1.455000000000000071e+00,6.506526394183270723e-01,1.282869004229073850e-01,-4.703182143073196542e-02,4.914908421995876908e-02,-4.736191764691001227e-01,0.000000000000000000e+00
1.459999999999999964e+00,6.512879703243262819e-01,1.258482950718421700e-01,-4.678539247557039760e-02,4.942087189439422351e-02,-4.706092865828711558e-01,0.000000000000000000e+00
1.465000000000000080e+00,6.519111507029027308e-01,1.234266898684011765e-01,-4.653762886652352410e-02,4.968296666124574074e-02,-4.675950459447242302e-01,0.000000000000000000e+00
1.469999999999999973e+00,6.525222655593454490e-01,1.210220863022826443e-01,-4.628857875545795003e-02,4.993549346112639842e-02,-4.645768664564256523e-01,0.000000000000000000e+00
1.475000000000000089e+00,6.531213999014608973e-01,1.186344838965138898e-01,-4.603828967146234019e-02,5.017857646334746013e-02,-4.615551533880936086e-01,0.000000000000000000e+00
1.479999999999999982e+00,6.537086387298258749e-01,1.162638802419293238e-01,-4.578680852472238882e-02,5.041233905858721887e-02,-4.585303054421664415e-01,0.000000000000000000e+00
1.485000000000000098e+00,6.542840670282120685e-01,1.139102710312843436e-01,-4.553418161043164963e-02,5.063690385189091592e-02,-4.555027148171877371e-01,0.000000000000000000e+00
1.489999999999999991e+00,6.548477697541800202e-01,1.115736500930068070e-01,-4.528045461273649819e-02,5.085239265599484498e-02,-4.524727672713970694e-01,0.000000000000000000e+00
1.495000000000000107e+00,6.553998318298412951e-01,1.092540094245878363e-01,-4.502567260871372101e-02,5.105892648496775793e-02,-4.494408421861252334e-01,0.000000000000000000e+00
1.500000000000000000e+00,6.559403381327865157e-01,1.069513392256136730e-01,-4.476988007237907990e-02,5.125662554816284161e-02,-4.464073126289838100e-01,0.000000000000000000e+00
1.505000000000000115e+00,6.564693734871774877e-01,1.046656279304404580e-01,-4.451312087872539430e-02,5.144560924447377087e-02,-4.433725454168445657e-01,0.000000000000000000e+00
1.510000000000000009e+00,6.569870226550021952e-01,1.023968622405137113e-01,-4.425543830778857352e-02,5.162599615688837768e-02,-4.403369011786028020e-01,0.000000000000000000e+00
1.515000000000000124e+00,6.574933703274903340e-01,1.001450271563342487e-01,-4.399687504874014859e-02,5.179790404733362885e-02,-4.373007344177158862e-01,0.000000000000000000e+00
1.520000000000000018e+00,6.579885011166874964e-01,9.791010600907250339e-02,-4.373747320400487443e-02,5.196144985180574383e-02,-4.342643935745152950e-01,0.000000000000000000e+00
1.525000000000000133e+00,6.584724995471872289e-01,9.569208049183300369e-02,-4.347727429340197958e-02,5.211674967577942241e-02,-4.312282210882824041e-01,0.000000000000000000e+00
1.530000000000000027e+00,6.589454500480177446e-01,9.349093069057091976e-02,-4.321631925830865528e-02,5.226391878989015971e-02,-4.281925534590847460e-01,0.000000000000000000e+00
1.535000000000000142e+00,6.594074369446829564e-01,9.130663511466259596e-02,-4.295464846584452073e-02,5.240307162588392353e-02,-4.251577213093656327e-01,0.000000000000000000e+00
1.540000000000000036e+00,6.598585444513551668e-01,8.913917072713184453e-02,-4.269230171307563521e-02,5.253432177282841425e-02,-4.221240494452834779e-01,0.000000000000000000e+00
1.544999999999999929e+00,6.602988566632185252e-01,8.698851297453411013e-02,-4.242931823123682195e-02,5.265778197358034901e-02,-4.190918569177918274e-01,0.000000000000000000e+00
1.550000000000000044e+00,6.607284575489601464e-01,8.485463581650030951e-02,-4.216573668997104091e-02,5.277356412150317755e-02,-4.160614570834605397e-01,0.000000000000000000e+00
1.554999999999999938e+00,6.611474309434089980e-01,8.273751175494228893e-02,-4.190159520158454748e-02,5.288177925742997693e-02,-4.130331576650267955e-01,0.000000000000000000e+00
1.560000000000000053e+00,6.615558605403194514e-01,8.063711186292195354e-02,-4.163693132531662983e-02,5.298253756686607807e-02,-4.100072608116743789e-01,0.000000000000000000e+00
1.564999999999999947e+00,6.619538298852987168e-01,7.855340581318598359e-02,-4.137178207162275217e-02,5.307594837742631716e-02,-4.069840631590369018e-01,0.000000000000000000e+00
1.570000000000000062e+00,6.623414223688757207e-01,7.648636190636816379e-02,-4.110618390646994524e-02,5.316212015650176315e-02,-4.039638558889172559e-01,0.000000000000000000e+00
1.574999999999999956e+00,6.627187212197103161e-01,7.443594709886129646e-02,-4.084017275564328503e-02,5.324116050915093240e-02,-4.009469247887212928e-01,0.000000000000000000e+00
1.580000000000000071e+00,6.630858094979412698e-01,7.240212703036075226e-02,-4.057378400906236360e-02,5.331317617621052912e-02,-3.979335503105995153e-01,0.000000000000000000e+00
1.584999999999999964e+00,6.634427700886708079e-01,7.038486605108175420e-02,-4.030705252510667636e-02,5.337827303262091677e-02,-3.949240076302925617e-01,0.000000000000000000e+00
1.590000000000000080e+00,6.637896856955846081e-01,6.838412724865229608e-02,-4.004001263494885027e-02,5.343655608596153267e-02,-3.919185667056770406e-01,0.000000000000000000e+00
1.594999999999999973e+00,6.641266388347055738e-01,6.639987247468392972e-02,-3.977269814689468608e-02,5.348812947519159672e-02,-3.889174923350072755e-01,0.000000000000000000e+00
1.600000000000000089e+00,6.644537118282791699e-01,6.443206237102236389e-02,-3.950514235072898062e-02,5.353309646959151374e-02,-3.859210442148465758e-01,0.000000000000000000e+00
1.604999999999999982e+00,6.647709867987899868e-01,6.248065639568005369e-02,-3.923737802206617165e-02,5.357155946790047307e-02,-3.829294769976890889e-01,0.000000000000000000e+00
1.610000000000000098e+00,6.650785456631063131e-01,6.054561284845283442e-02,-3.896943742670477828e-02,5.360361999764581831e-02,-3.799430403492607966e-01,0.000000000000000000e+00
1.614999999999999991e+00,6.653764701267528281e-01,5.862688889622272304e-02,-3.870135232498476963e-02,5.362937871465981582e-02,-3.769619790055052655e-01,0.000000000000000000e+00
1.620000000000000107e+00,6.656648416783084166e-01,5.672444059794904542e-02,-3.843315397614684159e-02,5.364893540277955453e-02,-3.739865328292411029e-01,0.000000000000000000e+00
1.625000000000000000e+00,6.659437415839283281e-01,5.483822292934994319e-02,-3.816487314269279008e-02,5.366238897372575117e-02,-3.710169368664952838e-01,0.000000000000000000e+00
1.630000000000000115e+00,6.662132508819892385e-01,5.296818980727650145e-02,-3.789654009474602292e-02,5.366983746715636022e-02,-3.680534214025039663e-01,0.000000000000000000e+00
1.635000000000000009e+00,6.664734503778552144e-01,5.111429411378157900e-02,-3.762818461441137796e-02,5.367137805089089442e-02,-3.650962120173792957e-01,0.000000000000000000e+00
1.640000000000000124e+00,6.667244206387630268e-01,4.927648771988554777e-02,-3.735983600013341455e-02,5.366710702130144534e-02,-3.621455296414396452e-01,0.000000000000000000e+00
1.645000000000000018e+00,6.669662419888259253e-01,4.745472150904109232e-02,-3.709152307105232499e-02,5.365711980386649038e-02,-3.592015906101999612e-01,0.000000000000000000e+00
1.650000000000000133e+00,6.671989945041538750e-01,4.564894540029924841e-02,-3.682327417135669578e-02,5.364151095388361434e-02,-3.562646067190171628e-01,0.000000000000000000e+00
1.655000000000000027e+00,6.674227580080887012e-01,4.385910837117890093e-02,-3.655511717463229976e-02,5.362037415733734297e-02,-3.533347852773910391e-01,0.000000000000000000e+00
1.660000000000000142e+00,6.676376120665532543e-01,4.208515848024190625e-02,-3.628707948820617674e-02,5.359380223191831383e-02,-3.504123291629162029e-01,0.000000000000000000e+00
1.665000000000000036e+00,6.678436359835121516e-01,4.032704288937603854e-02,-3.601918805748524632e-02,5.356188712819017622e-02,-3.474974368748816600e-01,0.000000000000000000e+00
1.669999999999999929e+00,6.680409087965437642e-01,3.858470788578801519e-02,-3.575146937028872429e-02,5.352471993090049396e-02,-3.445903025875183823e-01,0.000000000000000000e+00
1.675000000000000044e+00,6.682295092725208940e-01,3.685809890370877334e-02,-3.548394946117364168e-02,5.348239086043218848e-02,-3.416911162028887228e-01,0.000000000000000000e+00
1.679999999999999938e+00,6.684095159033999201e-01,3.514716054581321775e-02,-3.521665391575273113e-02,5.343498927439196966e-02,-3.388000634034185055e-01,0.000000000000000000e+00
1.685000000000000053e+00,6.685810069021156377e-01,3.345183660435672307e-02,-3.494960787500408367e-02,5.338260366933228473e-02,-3.359173257040685145e-01,0.000000000000000000e+00
1.689999999999999947e+00,6.687440601985816802e-01,3.177207008203058319e-02,-3.468283603957183353e-02,5.332532168260344096e-02,-3.330430805041433295e-01,0.000000000000000000e+00
1.695000000000000062e+00,6.688987534357941911e-01,3.010780321253860720e-02,-3.441636267405726035e-02,5.326323009433252958e-02,-3.301775011387341197e-01,0.000000000000000000e+00
1.699999999999999956e+00,6.690451639660375260e-01,2.845897748089720042e-02,-3.415021161129972588e-02,5.319641482952588291e-02,-3.273207569297982844e-01,0.000000000000000000e+00
1.705000000000000071e+00,6.691833688471914288e-01,2.682553364346108513e-02,-3.388440625664673744e-02,5.312496096029183101e-02,-3.244730132368666142e-01,0.000000000000000000e+00
1.709999999999999964e+00,6.693134448391367952e-01,2.520741174767695755e-02,-3.361896959221267328e-02,5.304895270818056618e-02,-3.216344315073852433e-01,0.000000000000000000e+00
1.715000000000000080e+00,6.694354684002602474e-01,2.360455115156732606e-02,-3.335392418112545498e-02,5.296847344663798557e-02,-3.188051693266824582e-01,0.000000000000000000e+00
1.719999999999999973e+00,6.695495156840549633e-01,2.201689054294675429e-02,-3.308929217176071608e-02,5.288360570357046597e-02,-3.159853804675660793e-01,0.000000000000000000e+00
1.725000000000000089e+00,6.696556625358172088e-01,2.044436795837281315e-02,-3.282509530196286995e-02,5.279443116401751762e-02,-3.131752149395438112e-01,0.000000000000000000e+00
1.729999999999999982e+00,6.697539844894369043e-01,1.888692080183395836e-02,-3.256135490325252207e-02,5.270103067292929155e-02,-3.103748190376708349e-01,0.000000000000000000e+00
1.735000000000000098e+00,6.698445567642810072e-01,1.734448586317659247e-02,-3.229809190501978233e-02,5.260348423804611651e-02,-3.075843353910203137e-01,0.000000000000000000e+00
1.739999999999999991e+00,6.699274542621681539e-01,1.581699933627360444e-02,-3.203532683870288778e-02,5.250187103287706769e-02,-3.048039030107754233e-01,0.000000000000000000e+00
1.745000000000000107e+00,6.700027515644337850e-01,1.430439683693659342e-02,-3.177307984195173324e-02,5.239626939977478498e-02,-3.020336573379460154e-01,0.000000000000000000e+00
1.750000000000000000e+00,6.700705229290840892e-01,1.280661342057407698e-02,-3.151137066277575477e-02,5.228675685310376492e-02,-2.992737302907019781e-01,0.000000000000000000e+00
1.755000000000000115e+00,6.701308422880377647e-01,1.132358359959791637e-02,-3.125021866367576340e-02,5.217341008249932327e-02,-2.965242503113315609e-01,0.000000000000000000e+00
1.760000000000000009e+00,6.701837832444536014e-01,9.855241360580212218e-03,-3.098964282575926432e-02,5.205630495621455661e-02,-2.937853424128152868e-01,0.000000000000000000e+00
1.765000000000000124e+00,6.702294190701442167e-01,8.401520181162948353e-03,-3.072966175283881746e-02,5.193551652455263845e-02,-2.910571282250213887e-01,0.000000000000000000e+00
1.770000000000000018e+00,6.702678227030726132e-01,6.962353046722605070e-03,-3.047029367551303686e-02,5.181111902338185471e-02,-2.883397260405186069e-01,0.000000000000000000e+00
1.775000000000000133e+00,6.702990667449324480e-01,5.537672466792004783e-03,-3.021155645522980576e-02,5.168318587773075568e-02,-2.856332508600071263e-01,0.000000000000000000e+00
1.780000000000000027e+00,6.703232234588091254e-01,4.127410491241643477e-03,-2.995346758833133255e-02,5.155178970546093337e-02,-2.829378144373689286e-01,0.000000000000000000e+00
1.785000000000000142e+00,6.703403647669214926e-01,2.731498726222737934e-03,-2.969604421008064168e-02,5.141700232101490547e-02,-2.802535253243330082e-01,0.000000000000000000e+00
1.790000000000000036e+00,6.703505622484426940e-01,1.349868349874231094e-03,-2.943930309866914230e-02,5.127889473923671892e-02,-2.775804889147612253e-01,0.000000000000000000e+00
1.794999999999999929e+00,6.703538871373988517e-01,-1.754987220400081385e-05,-2.918326067920493441e-02,5.113753717926274728e-02,-2.749188074885493549e-01,0.000000000000000000e+00
1.800000000000000044e+00,6.703504103206443521e-01,-1.370825571709517830e-03,-2.892793302768147112e-02,5.099299906848044767e-02,-2.722685802551466638e-01,0.000000000000000000e+00
1.804999999999999938e+00,6.703402023359134043e-01,-2.710028762625033179e-03,-2.867333587492626457e-02,5.084534904655262783e-02,-2.696299033966935710e-01,0.000000000000000000e+00
1.810000000000000053e+00,6.703233333699453178e-01,-4.035229826433252981e-03,-2.841948461052932681e-02,5.069465496950504441e-02,-2.670028701107759472e-01,0.000000000000000000e+00
1.814999999999999947e+00,6.702998732566836093e-01,-5.346499497556623723e-03,-2.816639428675099879e-02,5.054098391387498723e-02,-2.643875706527987757e-01,0.000000000000000000e+00
1.820000000000000062e+00,6.702698914755472748e-01,-6.643908849019781147e-03,-2.791407962240890703e-02,5.038440218091868456e-02,-2.617840923779775064e-01,0.000000000000000000e+00
1.824999999999999956e+00,6.702334571497731153e-01,-7.927529278332489868e-03,-2.766255500674372550e-02,5.022497530087534356e-02,-2.591925197829485494e-01,0.000000000000000000e+00
1.830000000000000071e+00,6.701906390448282291e-01,-9.197432493590878416e-03,-2.741183450326348942e-02,5.006276803728568897e-02,-2.566129345469990719e-01,0.000000000000000000e+00
1.834999999999999964e+00,6.701415055668913379e-01,-1.045369049979478181e-02,-2.716193185356617634e-02,4.989784439136289718e-02,-2.540454155729167107e-01,0.000000000000000000e+00
1.840000000000000080e+00,6.700861247614019467e-01,-1.169637558537899892e-02,-2.691286048114032228e-02,4.973026760641385824e-02,-2.514900390274602549e-01,0.000000000000000000e+00
1.844999999999999973e+00,6.700245643116763405e-01,-1.292556030895629371e-02,-2.666463349514339165e-02,4.956010017230873255e-02,-2.489468783814505204e-01,0.000000000000000000e+00
1.850000000000000089e+00,6.699568915375897493e-01,-1.414131748626997094e-02,-2.641726369415768952e-02,4.938740382999681766e-02,-2.464160044494843049e-01,0.000000000000000000e+00
1.854999999999999982e+00,6.698831733943225730e-01,-1.534372017735385722e-02,-2.617076356992358369e-02,4.921223957606676858e-02,-2.438974854292705330e-01,0.000000000000000000e+00
1.860000000000000098e+00,6.698034764711706668e-01,-1.653284167389754492e-02,-2.592514531104982145e-02,4.903466766734920768e-02,-2.413913869405900914e-01,0.000000000000000000e+00
1.864999999999999991e+00,6.697178669904181314e-01,-1.770875548681474787e-02,-2.568042080670072946e-02,4.885474762555992029e-02,-2.388977720638806590e-01,0.000000000000000000e+00
1.870000000000000107e+00,6.696264108062721654e-01,-1.887153533401261796e-02,-2.543660165026009196e-02,4.867253824198168599e-02,-2.364167013784465587e-01,0.000000000000000000e+00
1.875000000000000000e+00,6.695291734038579801e-01,-2.002125512835993548e-02,-2.519369914297154081e-02,4.848809758218296934e-02,-2.339482330002954913e-01,0.000000000000000000e+00
1.880000000000000115e+00,6.694262198982736667e-01,-2.115798896585200164e-02,-2.495172429755525279e-02,4.830148299077167973e-02,-2.314924226196033441e-01,0.000000000000000000e+00
1.885000000000000009e+00,6.693176150337037944e-01,-2.228181111397016176e-02,-2.471068784180080469e-02,4.811275109618225881e-02,-2.290493235378074366e-01,0.000000000000000000e+00
1.890000000000000124e+00,6.692034231825908508e-01,-2.339279600023385502e-02,-2.447060022213599917e-02,4.792195781549431211e-02,-2.266189867043301442e-01,0.000000000000000000e+00
1.895000000000000018e+00,6.690837083448629707e-01,-2.449101820094308837e-02,-2.423147160717152929e-02,4.772915835928116801e-02,-2.242014607529336789e-01,0.000000000000000000e+00
1.900000000000000133e+00,6.689585341472180646e-01,-2.557655243010925616e-02,-2.399331189122133959e-02,4.753440723648666433e-02,-2.217967920377080793e-01,0.000000000000000000e+00
1.905000000000000027e+00,6.688279638424623474e-01,-2.664947352857225532e-02,-2.375613069779851372e-02,4.733775825932850373e-02,-2.194050246686925776e-01,0.000000000000000000e+00
1.910000000000000142e+00,6.686920603089030468e-01,-2.770985645330181768e-02,-2.351993738308660528e-02,4.713926454822667256e-02,-2.170262005471331468e-01,0.000000000000000000e+00
1.915000000000000036e+00,6.685508860497942907e-01,-2.875777626688101607e-02,-2.328474103938624196e-02,4.693897853675525061e-02,-2.146603594003761162e-01,0.000000000000000000e+00
1.919999999999999929e+00,6.684045031928347314e-01,-2.979330812716991447e-02,-2.305055049853694735e-02,4.673695197661614786e-02,-2.123075388164012423e-01,0.000000000000000000e+00
1.925000000000000044e+00,6.682529734897167950e-01,-3.081652727714733961e-02,-2.281737433531400711e-02,4.653323594263322760e-02,-2.099677742779939849e-01,0.000000000000000000e+00
1.929999999999999938e+00,6.680963583157258912e-01,-3.182750903492873734e-02,-2.258522087080035157e-02,4.632788083776535198e-02,-2.076410991965597919e-01,0.000000000000000000e+00
1.935000000000000053e+00,6.679347186693896932e-01,-3.282632878395813636e-02,-2.235409817573329530e-02,4.612093639813689971e-02,-2.053275449455808366e-01,0.000000000000000000e+00
1.939999999999999947e+00,6.677681151721752695e-01,-3.381306196337221376e-02,-2.212401407382610583e-02,4.591245169808434029e-02,-2.030271408937188438e-01,0.000000000000000000e+00
1.945000000000000062e+00,6.675966080682347314e-01,-3.478778405853449884e-02,-2.189497614506430434e-02,4.570247515521744242e-02,-2.007399144375630329e-01,0.000000000000000000e+00
1.949999999999999956e+00,6.674202572241969555e-01,-3.575057059173773755e-02,-2.166699172897660133e-02,4.549105453549383976e-02,-1.984658910340276750e-01,0.000000000000000000e+00
1.955000000000000071e+00,6.672391221290062679e-01,-3.670149711307242602e-02,-2.144006792788046359e-02,4.527823695830550388e-02,-1.962050942323987357e-01,0.000000000000000000e+00
1.959999999999999964e+00,6.670532618938057601e-01,-3.764063919145967108e-02,-2.121421161010218770e-02,4.506406890157590994e-02,-1.939575457060325192e-01,0.000000000000000000e+00
1.965000000000000080e+00,6.668627352518651241e-01,-3.856807240584632368e-02,-2.098942941317149397e-02,4.484859620686659082e-02,-1.917232652837087825e-01,0.000000000000000000e+00
1.969999999999999973e+00,6.666676005585523423e-01,-3.948387233656056733e-02,-2.076572774699054005e-02,4.463186408449180964e-02,-1.895022709806380434e-01,0.000000000000000000e+00
1.975000000000000089e+00,6.664679157913480090e-01,-4.038811455682599777e-02,-2.054311279697736137e-02,4.441391711864012271e-02,-1.872945790291278001e-01,0.000000000000000000e+00
1.979999999999999982e+00,6.662637385499018405e-01,-4.128087462443232047e-02,-2.032159052718368955e-02,4.419479927250169471e-02,-1.851002039089071627e-01,0.000000000000000000e+00
1.985000000000000098e+00,6.660551260561300424e-01,-4.216222807356079932e-02,-2.010116668338710749e-02,4.397455389340010345e-02,-1.829191583771133112e-01,0.000000000000000000e+00
1.989999999999999991e+00,6.658421351543538647e-01,-4.303225040676256219e-02,-1.988184679615754777e-02,4.375322371792756543e-02,-1.807514534979408338e-01,0.000000000000000000e+00
1.995000000000000107e+00,6.656248223114772378e-01,-4.389101708708795929e-02,-1.966363618389811024e-02,4.353085087708240264e-02,-1.785970986719568887e-01,0.000000000000000000e+00
2.000000000000000000e+00,6.654032436172037102e-01,-4.473860353036503840e-02,-1.944653995586018147e-02,4.330747690140770295e-02,-1.764561016650833813e-01,0.000000000000000000e+00
2.004999999999999893e+00,6.651774547842915775e-01,-4.557508509762544374e-02,-1.923056301513286284e-02,4.308314272613008450e-02,-1.743284686372489622e-01,0.000000000000000000e+00
2.010000000000000231e+00,6.649475111488464263e-01,-4.640053708767581664e-02,-1.901571006160671096e-02,4.285788869629748865e-02,-1.722142041707119542e-01,0.000000000000000000e+00
2.015000000000000124e+00,6.647134676706506484e-01,-4.721503472981294219e-02,-1.880198559491179019e-02,4.263175457191502316e-02,-1.701133112980572626e-01,0.000000000000000000e+00
2.020000000000000018e+00,6.644753789335288152e-01,-4.801865317668085886e-02,-1.858939391733005139e-02,4.240477953307783543e-02,-1.680257915298690452e-01,0.000000000000000000e+00
2.024999999999999911e+00,6.642332991457484681e-01,-4.881146749726813366e-02,-1.837793913668205742e-02,4.217700218510004456e-02,-1.659516448820811951e-01,0.000000000000000000e+00
2.030000000000000249e+00,6.639872821404556591e-01,-4.959355267004358914e-02,-1.816762516918807996e-02,4.194846056363877446e-02,-1.638908699030075244e-01,0.000000000000000000e+00
2.035000000000000142e+00,6.637373813761445751e-01,-5.036498357622868488e-02,-1.795845574230357788e-02,4.171919213981236524e-02,-1.618434637000543130e-01,0.000000000000000000e+00
2.040000000000000036e+00,6.634836499371600249e-01,-5.112583499320486752e-02,-1.775043439752911970e-02,4.148923382531186088e-02,-1.598094219661176929e-01,0.000000000000000000e+00
2.044999999999999929e+00,6.632261405342331217e-01,-5.187618158805411966e-02,-1.754356449319475000e-02,4.125862197750489874e-02,-1.577887390056667283e-01,0.000000000000000000e+00
2.049999999999999822e+00,6.629649055050484963e-01,-5.261609791123107727e-02,-1.733784920721886599e-02,4.102739240453109199e-02,-1.557814077605160774e-01,0.000000000000000000e+00
2.055000000000000160e+00,6.626999968148429287e-01,-5.334565839036494589e-02,-1.713329153984164202e-02,4.079558037038812091e-02,-1.537874198352892907e-01,0.000000000000000000e+00
2.060000000000000053e+00,6.624314660570349567e-01,-5.406493732418961307e-02,-1.692989431633303704e-02,4.056322060000769336e-02,-1.518067655225752710e-01,0.000000000000000000e+00
2.064999999999999947e+00,6.621593644538839030e-01,-5.477400887660023587e-02,-1.672766018967546120e-02,4.033034728432056959e-02,-1.498394338277806992e-01,0.000000000000000000e+00
2.069999999999999840e+00,6.618837428571789916e-01,-5.547294707083469389e-02,-1.652659164322115015e-02,4.009699408530989495e-02,-1.478854124936799519e-01,0.000000000000000000e+00
2.075000000000000178e+00,6.616046517489566625e-01,-5.616182578377827000e-02,-1.632669099332428181e-02,3.986319414105206349e-02,-1.459446880246647316e-01,0.000000000000000000e+00
2.080000000000000071e+00,6.613221412422465306e-01,-5.684071874038989364e-02,-1.612796039194794653e-02,3.962898007074436985e-02,-1.440172457106972392e-01,0.000000000000000000e+00
2.084999999999999964e+00,6.610362610818446560e-01,-5.750969950824844773e-02,-1.593040182924599160e-02,3.939438397971878336e-02,-1.421030696509662516e-01,0.000000000000000000e+00
2.089999999999999858e+00,6.607470606451137929e-01,-5.816884149221739075e-02,-1.573401713611985442e-02,3.915943746444110196e-02,-1.402021427772516815e-01,0.000000000000000000e+00
2.095000000000000195e+00,6.604545889428100613e-01,-5.881821792922629910e-02,-1.553880798675042092e-02,3.892417161749481269e-02,-1.383144468769975655e-01,0.000000000000000000e+00
2.100000000000000089e+00,6.601588946199352659e-01,-5.945790188316760205e-02,-1.534477590110501326e-02,3.868861703254902751e-02,-1.364399626160972545e-01,0.000000000000000000e+00
2.104999999999999982e+00,6.598600259566149706e-01,-6.008796623990705910e-02,-1.515192224741957264e-02,3.845280380930984204e-02,-1.345786695613914452e-01,0.000000000000000000e+00
2.109999999999999876e+00,6.595580308690005555e-01,-6.070848370240641834e-02,-1.496024824465613627e-02,3.821676155845448591e-02,-1.327305462028834371e-01,0.000000000000000000e+00
2.115000000000000213e+00,6.592529569101958087e-01,-6.131952678595672945e-02,-1.476975496493567949e-02,3.798051940654768865e-02,-1.308955699756724766e-01,0.000000000000000000e+00
2.120000000000000107e+00,6.589448512712069439e-01,-6.192116781352081240e-02,-1.458044333594642888e-02,3.774410600093965756e-02,-1.290737172816081857e-01,0.000000000000000000e+00
2.125000000000000000e+00,6.586337607819158224e-01,-6.251347891118337607e-02,-1.439231414332772796e-02,3.750754951464512627e-02,-1.272649635106676003e-01,0.000000000000000000e+00
2.129999999999999893e+00,6.583197319120751567e-01,-6.309653200370733683e-02,-1.420536803302955425e-02,3.727087765120286333e-02,-1.254692830620585398e-01,0.000000000000000000e+00
2.135000000000000231e+00,6.580028107723263631e-01,-6.367039881019483094e-02,-1.401960551364779886e-02,3.703411764951521773e-02,-1.236866493650506382e-01,0.000000000000000000e+00
2.140000000000000124e+00,6.576830431152382861e-01,-6.423515083985148477e-02,-1.383502695873538302e-02,3.679729628866708346e-02,-1.219170348995357867e-01,0.000000000000000000e+00
2.145000000000000018e+00,6.573604743363670178e-01,-6.479085938785256182e-02,-1.365163260908935222e-02,3.656043989272383943e-02,-1.201604112163223437e-01,0.000000000000000000e+00
2.149999999999999911e+00,6.570351494753364774e-01,-6.533759553130946696e-02,-1.346942257501401556e-02,3.632357433550777864e-02,-1.184167489571633092e-01,0.000000000000000000e+00
2.155000000000000249e+00,6.567071132169383096e-01,-6.587543012533526865e-02,-1.328839683856026729e-02,3.608672504535254816e-02,-1.166860178745220689e-01,0.000000000000000000e+00
2.160000000000000142e+00,6.563764098922515444e-01,-6.640443379920778211e-02,-1.310855525574119648e-02,3.584991700983517632e-02,-1.149681868510775695e-01,0.000000000000000000e+00
2.165000000000000036e+00,6.560430834797812416e-01,-6.692467695262896421e-02,-1.292989755872407838e-02,3.561317478048520169e-02,-1.132632239189717838e-01,0.000000000000000000e+00
2.169999999999999929e+00,6.557071776066156765e-01,-6.743622975207905212e-02,-1.275242335799889500e-02,3.537652247747056361e-02,-1.115710962788002136e-01,0.000000000000000000e+00
2.175000000000000266e+00,6.553687355496009559e-01,-6.793916212726427983e-02,-1.257613214452347333e-02,3.513998379425976870e-02,-1.098917703183505956e-01,0.000000000000000000e+00
2.180000000000000160e+00,6.550278002365339525e-01,-6.843354376765668767e-02,-1.240102329184538006e-02,3.490358200226002794e-02,-1.082252116310889745e-01,0.000000000000000000e+00
2.185000000000000053e+00,6.546844142473716710e-01,-6.891944411912483137e-02,-1.222709605820068018e-02,3.466733995543089947e-02,-1.065713850343978364e-01,0.000000000000000000e+00
2.189999999999999947e+00,6.543386198154578226e-01,-6.939693238065396119e-02,-1.205434958858969674e-02,3.443128009487316649e-02,-1.049302545875669124e-01,0.000000000000000000e+00
2.194999999999999840e+00,6.539904588287650533e-01,-6.986607750115440829e-02,-1.188278291682988083e-02,3.419542445339254777e-02,-1.033017836095407593e-01,0.000000000000000000e+00
2.200000000000000178e+00,6.536399728311529378e-01,-7.032694817635695705e-02,-1.171239496758593422e-02,3.395979466003792163e-02,-1.016859346964237576e-01,0.000000000000000000e+00
2.205000000000000071e+00,6.532872030236418492e-01,-7.077961284579381562e-02,-1.154318455837729900e-02,3.372441194461376496e-02,-1.000826697387453001e-01,0.000000000000000000e+00
2.209999999999999964e+00,6.529321902657009291e-01,-7.122413968986403277e-02,-1.137515040156315306e-02,3.348929714216646730e-02,-9.849194993848831015e-02,0.000000000000000000e+00
2.214999999999999858e+00,6.525749750765513779e-01,-7.166059662698204269e-02,-1.120829110630504333e-02,3.325447069744427026e-02,-9.691373582588211355e-02,0.000000000000000000e+00
2.220000000000000195e+00,6.522155976364828467e-01,-7.208905131080813045e-02,-1.104260518050727627e-02,3.301995266933051981e-02,-9.534798727596277557e-02,0.000000000000000000e+00
2.225000000000000089e+00,6.518540977881842613e-01,-7.250957112755959666e-02,-1.087809103273522024e-02,3.278576273524996809e-02,-9.379466352490292702e-02,0.000000000000000000e+00
2.229999999999999982e+00,6.514905150380876364e-01,-7.292222319340142811e-02,-1.071474697411163753e-02,3.255192019554791621e-02,-9.225372318611327338e-02,0.000000000000000000e+00
2.234999999999999876e+00,6.511248885577243239e-01,-7.332707435191526679e-02,-1.055257122019119011e-02,3.231844397784185835e-02,-9.072512426611800684e-02,0.000000000000000000e+00
2.240000000000000213e+00,6.507572571850945842e-01,-7.372419117164545621e-02,-1.039156189281325617e-02,3.208535264134551590e-02,-8.920882418020660565e-02,0.000000000000000000e+00
2.245000000000000107e+00,6.503876594260484811e-01,-7.411363994372109631e-02,-1.023171702193320307e-02,3.185266438116497040e-02,-8.770477976786399121e-02,0.000000000000000000e+00
2.250000000000000000e+00,6.500161334556786574e-01,-7.449548667955287196e-02,-1.007303454743223477e-02,3.162039703256666612e-02,-8.621294730798136075e-02,0.000000000000000000e+00
2.254999999999999893e+00,6.496427171197247663e-01,-7.486979710860350301e-02,-9.915512320905987137e-03,3.138856807521717834e-02,-8.473328253385023490e-02,0.000000000000000000e+00
2.260000000000000231e+00,6.492674479359885620e-01,-7.523663667623077533e-02,-9.759148107431978719e-03,3.115719463739447317e-02,-8.326574064794066421e-02,0.000000000000000000e+00
2.265000000000000124e+00,6.488903630957595370e-01,-7.559607054160190354e-02,-9.603939587316095636e-03,3.092629350017052359e-02,-8.181027633646825725e-02,0.000000000000000000e+00
2.270000000000000018e+00,6.485114994652511067e-01,-7.594816357567826803e-02,-9.449884357818214703e-03,3.069588110156512908e-02,-8.036684378374908677e-02,0.000000000000000000e+00
2.274999999999999911e+00,6.481308935870463417e-01,-7.629298035926930510e-02,-9.296979934857146910e-03,3.046597354067073771e-02,-7.893539668634749762e-02,0.000000000000000000e+00
2.280000000000000249e+00,6.477485816815538033e-01,-7.663058518115453688e-02,-9.145223754695019219e-03,3.023658658174819755e-02,-7.751588826701674706e-02,0.000000000000000000e+00
2.285000000000000142e+00,6.473645996484717058e-01,-7.696104203627268658e-02,-8.994613175601257754e-03,3.000773565829322961e-02,-7.610827128843672407e-02,0.000000000000000000e+00
2.290000000000000036e+00,6.469789830682620702e-01,-7.728441462397675488e-02,-8.845145479496302476e-03,2.977943587707356302e-02,-7.471249806674842842e-02,0.000000000000000000e+00
2.294999999999999929e+00,6.465917672036326502e-01,-7.760076634635408588e-02,-8.696817873575223359e-03,2.955170202213656602e-02,-7.332852048488963659e-02,0.000000000000000000e+00
2.300000000000000266e+00,6.462029870010270738e-01,-7.791016030661036817e-02,-8.549627491911357749e-03,2.932454855878730005e-02,-7.195629000573315615e-02,0.000000000000000000e+00
2.305000000000000160e+00,6.458126770921235327e-01,-7.821265930751648832e-02,-8.403571397040142388e-03,2.909798963753689252e-02,-7.059575768502823756e-02,0.000000000000000000e+00
2.310000000000000053e+00,6.454208717953405783e-01,-7.850832584991736252e-02,-8.258646581523271940e-03,2.887203909802113500e-02,-6.924687418414980644e-02,0.000000000000000000e+00
2.314999999999999947e+00,6.450276051173503555e-01,-7.879722213130162245e-02,-8.114849969493345347e-03,2.864671047288922662e-02,-6.790958978265589085e-02,0.000000000000000000e+00
2.319999999999999840e+00,6.446329107545988313e-01,-7.907941004443121147e-02,-7.972178418179135320e-03,2.842201699166260753e-02,-6.658385439065540867e-02,0.000000000000000000e+00
2.325000000000000178e+00,6.442368220948325730e-01,-7.935495117602997528e-02,-7.830628719411642305e-03,2.819797158456380584e-02,-6.526961756098945133e-02,0.000000000000000000e+00
2.330000000000000071e+00,6.438393722186325219e-01,-7.962390680553019240e-02,-7.690197601111082963e-03,2.797458688631524262e-02,-6.396682850122635544e-02,0.000000000000000000e+00
2.334999999999999964e+00,6.434405939009528730e-01,-7.988633790387614231e-02,-7.550881728754953691e-03,2.775187523990797073e-02,-6.267543608547469780e-02,0.000000000000000000e+00
2.339999999999999858e+00,6.430405196126669498e-01,-8.014230513238379539e-02,-7.412677706827328766e-03,2.752984870034026407e-02,-6.139538886601415835e-02,0.000000000000000000e+00
2.345000000000000195e+00,6.426391815221177417e-01,-8.039186884165565317e-02,-7.275582080249540576e-03,2.730851903832608174e-02,-6.012663508474792862e-02,0.000000000000000000e+00
2.350000000000000089e+00,6.422366114966742145e-01,-8.063508907054983688e-02,-7.139591335792393710e-03,2.708789774397334094e-02,-5.886912268447749841e-02,0.000000000000000000e+00
2.354999999999999982e+00,6.418328411042923953e-01,-8.087202554520253606e-02,-7.004701903470061247e-03,2.686799603043200577e-02,-5.762279932000262395e-02,0.000000000000000000e+00
2.359999999999999876e+00,6.414279016150814527e-01,-8.110273767810290135e-02,-6.870910157915818481e-03,2.664882483751196060e-02,-5.638761236904753227e-02,0.000000000000000000e+00
2.365000000000000213e+00,6.410218240028738856e-01,-8.132728456721946553e-02,-6.738212419739760678e-03,2.643039483527069577e-02,-5.516350894301670638e-02,0.000000000000000000e+00
2.370000000000000107e+00,6.406146389468005964e-01,-8.154572499517735718e-02,-6.606604956868658389e-03,2.621271642757077441e-02,-5.395043589758022340e-02,0.000000000000000000e+00
2.375000000000000000e+00,6.402063768328691840e-01,-8.175811742848521080e-02,-6.476083985868102098e-03,2.599579975560711159e-02,-5.274833984309257318e-02,0.000000000000000000e+00
2.379999999999999893e+00,6.397970677555465668e-01,-8.196452001681117649e-02,-6.346645673247085402e-03,2.577965470140409707e-02,-5.155716715484565116e-02,0.000000000000000000e+00
2.385000000000000231e+00,6.393867415193449366e-01,-8.216499059230703006e-02,-6.218286136745176766e-03,2.556429089128253035e-02,-5.037686398315797953e-02,0.000000000000000000e+00
2.390000000000000124e+00,6.389754276404105982e-01,-8.235958666897955083e-02,-6.091001446602433388e-03,2.534971769929646873e-02,-4.920737626330240477e-02,0.000000000000000000e+00
2.395000000000000018e+00,6.385631553481166955e-01,-8.254836544210844562e-02,-5.964787626812205479e-03,2.513594425063996052e-02,-4.804864972527375655e-02,0.000000000000000000e+00
2.399999999999999911e+00,6.381499535866577144e-01,-8.273138378770988899e-02,-5.839640656356981895e-03,2.492297942502373284e-02,-4.690062990339874394e-02,0.000000000000000000e+00
2.405000000000000249e+00,6.377358510166473149e-01,-8.290869826204501358e-02,-5.715556470427428024e-03,2.471083186002188611e-02,-4.576326214578932405e-02,0.000000000000000000e+00
2.410000000000000142e+00,6.373208760167181630e-01,-8.308036510117243478e-02,-5.592530961624763396e-03,2.449950995438862286e-02,-4.463649162364184686e-02,0.000000000000000000e+00
2.415000000000000036e+00,6.369050566851239825e-01,-8.324644022054410175e-02,-5.470559981146632528e-03,2.428902187134509422e-02,-4.352026334038393285e-02,0.000000000000000000e+00
2.419999999999999929e+00,6.364884208413436051e-01,-8.340697921464367004e-02,-5.349639339956616460e-03,2.407937554183639181e-02,-4.241452214066994408e-02,0.000000000000000000e+00
2.425000000000000266e+00,6.360709960276863528e-01,-8.356203735666666021e-02,-5.229764809937529832e-03,2.387057866775878223e-02,-4.131921271922826822e-02,0.000000000000000000e+00
2.430000000000000160e+00,6.356528095108996412e-01,-8.371166959824165310e-02,-5.110932125028661357e-03,2.366263872515723607e-02,-4.023427962956059589e-02,0.000000000000000000e+00
2.435000000000000053e+00,6.352338882837769152e-01,-8.385593056919174448e-02,-4.993136982347096478e-03,2.345556296739334176e-02,-3.915966729249649447e-02,0.000000000000000000e+00
2.439999999999999947e+00,6.348142590667675833e-01,-8.399487457733559315e-02,-4.876375043293277450e-03,2.324935842828366322e-02,-3.809532000460373602e-02,0.000000000000000000e+00
2.444999999999999840e+00,6.343939483095872856e-01,-8.412855560832724344e-02,-4.760641934640943117e-03,2.304403192520865229e-02,-3.704118194645666939e-02,0.000000000000000000e+00
2.450000000000000178e+00,6.339729821928291598e-01,-8.425702732553408403e-02,-4.645933249611597544e-03,2.283959006219217144e-02,-3.599719719076456548e-02,0.000000000000000000e+00
2.455000000000000071e+00,6.335513866295752194e-01,-8.438034306995224887e-02,-4.532244548933656719e-03,2.263603923295176568e-02,-3.496330971036121227e-02,0.000000000000000000e+00
2.459999999999999964e+00,6.331291872670086196e-01,-8.449855586015872499e-02,-4.419571361886415542e-03,2.243338562391971464e-02,-3.393946338605767499e-02,0.000000000000000000e+00
2.464999999999999858e+00,6.327064094880257006e-01,-8.461171839229945923e-02,-4.307909187328980843e-03,2.223163521723504552e-02,-3.292560201435956735e-02,0.000000000000000000e+00
2.470000000000000195e+00,6.322830784128481429e-01,-8.471988304011283943e-02,-4.197253494714318738e-03,2.203079379370653790e-02,-3.192166931505083238e-02,0.000000000000000000e+00
2.475000000000000089e+00,6.318592189006347892e-01,-8.482310185498789790e-02,-4.087599725088556825e-03,2.183086693574686279e-02,-3.092760893864585081e-02,0.000000000000000000e+00
2.479999999999999982e+00,6.314348555510932437e-01,-8.492142656605648765e-02,-3.978943292075692167e-03,2.163186003027798426e-02,-2.994336447371080678e-02,0.000000000000000000e+00
2.484999999999999876e+00,6.310100127060908060e-01,-8.501490858031886255e-02,-3.871279582847839910e-03,2.143377827160789298e-02,-2.896887945405647591e-02,0.000000000000000000e+00
2.490000000000000213e+00,6.305847144512649605e-01,-8.510359898280203672e-02,-3.764603959081169564e-03,2.123662666427882442e-02,-2.800409736580386499e-02,0.000000000000000000e+00
2.495000000000000107e+00,6.301589846176323118e-01,-8.518754853675014616e-02,-3.658911757897673374e-03,2.104041002588707618e-02,-2.704896165432441046e-02,0.000000000000000000e+00
2.500000000000000000e+00,6.297328467831975196e-01,-8.526680768384641007e-02,-3.554198292792905972e-03,2.084513298987454230e-02,-2.610341573105588731e-02,0.000000000000000000e+00
2.504999999999999893e+00,6.293063242745600139e-01,-8.534142654446585929e-02,-3.450458854549834972e-03,2.065080000829207924e-02,-2.516740298019627675e-02,0.000000000000000000e+00
2.510000000000000231e+00,6.288794401685201541e-01,-8.541145491795834599e-02,-3.347688712138947344e-03,2.045741535453487331e-02,-2.424086676527623108e-02,0.000000000000000000e+00
2.515000000000000124e+00,6.284522172936833906e-01,-8.547694228296125185e-02,-3.245883113604746458e-03,2.026498312604989999e-02,-2.332375043561264738e-02,0.000000000000000000e+00
2.520000000000000018e+00,6.280246782320630938e-01,-8.553793779774121475e-02,-3.145037286938783764e-03,2.007350724701563102e-02,-2.241599733264401650e-02,0.000000000000000000e+00
2.524999999999999911e+00,6.275968453206814957e-01,-8.559449030056430485e-02,-3.045146440939357820e-03,1.988299147099412134e-02,-2.151755079614950383e-02,0.000000000000000000e+00
2.530000000000000249e+00,6.271687406531686326e-01,-8.564664831009420609e-02,-2.946205766058024658e-03,1.969343938355561791e-02,-2.062835417035306651e-02,0.000000000000000000e+00
2.535000000000000142e+00,6.267403860813592908e-01,-8.569446002581762589e-02,-2.848210435233051747e-03,1.950485440487583627e-02,-1.974835080991445280e-02,0.000000000000000000e+00
2.540000000000000036e+00,6.263118032168879523e-01,-8.573797332849654451e-02,-2.751155604709954339e-03,1.931723979230603669e-02,-1.887748408580754156e-02,0.000000000000000000e+00
2.544999999999999929e+00,6.258830134327810768e-01,-8.577723578064663790e-02,-2.655036414849249512e-03,1.913059864291606973e-02,-1.801569739108885293e-02,0.000000000000000000e+00
2.550000000000000266e+00,6.254540378650470522e-01,-8.581229462704142996e-02,-2.559847990921560595e-03,1.894493389601050598e-02,-1.716293414655647998e-02,0.000000000000000000e+00
2.555000000000000160e+00,6.250248974142637026e-01,-8.584319679524154978e-02,-2.465585443890209050e-03,1.876024833561803357e-02,-1.631913780630149524e-02,0.000000000000000000e+00
2.560000000000000053e+00,6.245956127471629094e-01,-8.586998889614860797e-02,-2.372243871181427353e-03,1.857654459295426247e-02,-1.548425186315295632e-02,0.000000000000000000e+00
2.564999999999999947e+00,6.241662042982124570e-01,-8.589271722458316494e-02,-2.279818357442320396e-03,1.839382514885808811e-02,-1.465821985401805083e-02,0.000000000000000000e+00
2.569999999999999840e+00,6.237366922711951034e-01,-8.591142775988626357e-02,-2.188303975286714186e-03,1.821209233620177045e-02,-1.384098536511854660e-02,0.000000000000000000e+00
2.575000000000000178e+00,6.233070966407843194e-01,-8.592616616654401296e-02,-2.097695786029018464e-03,1.803134834227488117e-02,-1.303249203712518456e-02,0.000000000000000000e+00
2.580000000000000071e+00,6.228774371541166976e-01,-8.593697779483475130e-02,-2.007988840406233801e-03,1.785159521114230638e-02,-1.223268357019134667e-02,0.000000000000000000e+00
2.584999999999999964e+00,6.224477333323618078e-01,-8.594390768149828830e-02,-1.919178179288233465e-03,1.767283484597642271e-02,-1.144150372888652623e-02,0.000000000000000000e+00
2.589999999999999858e+00,6.220180044722878332e-01,-8.594700055042669984e-02,-1.831258834376449981e-03,1.749506901136364465e-02,-1.065889634703247324e-02,0.000000000000000000e+00
2.595000000000000195e+00,6.215882696478242098e-01,-8.594630081337624461e-02,-1.744225828891091254e-03,1.731829933558548182e-02,-9.884805332441806702e-03,0.000000000000000000e+00
2.600000000000000089e+00,6.211585477116202680e-01,-8.594185257069987538e-02,-1.658074178247014854e-03,1.714252731287428666e-02,-9.119174671561203205e-03,0.000000000000000000e+00
2.604999999999999982e+00,6.207288572966006557e-01,-8.593369961209997021e-02,-1.572798890718387537e-03,1.696775430564385900e-02,-8.361948434020188836e-03,0.000000000000000000e+00
2.609999999999999876e+00,6.202992168175164300e-01,-8.592188541740071461e-02,-1.488394968092252935e-03,1.679398154669504983e-02,-7.613070777086991536e-03,0.000000000000000000e+00
2.615000000000000213e+00,6.198696444724927090e-01,-8.590645315733970444e-02,-1.404857406311134718e-03,1.662121014139657585e-02,-6.872485950032161672e-03,0.000000000000000000e+00
2.620000000000000107e+00,6.194401582445717702e-01,-8.588744569437846421e-02,-1.322181196104795778e-03,1.644944106984116278e-02,-6.140138298402306183e-03,0.000000000000000000e+00
2.625000000000000000e+00,6.190107759032527079e-01,-8.586490558353118696e-02,-1.240361323611279638e-03,1.627867518897723950e-02,-5.415972268203513018e-03,0.000000000000000000e+00
2.629999999999999893e+00,6.185815150060263168e-01,-8.583887507321148747e-02,-1.159392770987352711e-03,1.610891323471630096e-02,-4.699932409997518989e-03,0.000000000000000000e+00
2.635000000000000231e+00,6.181523928999060891e-01,-8.580939610609662760e-02,-1.079270517008471420e-03,1.594015582401615491e-02,-3.991963382910211633e-03,0.000000000000000000e+00
2.640000000000000124e+00,6.177234267229546605e-01,-8.577651032000879749e-02,-9.999895376583919394e-04,1.577240345694020524e-02,-3.292009958554824312e-03,0.000000000000000000e+00
2.645000000000000018e+00,6.172946334058057039e-01,-8.574025904881311944e-02,-9.215448067085444186e-04,1.560565651869293136e-02,-2.600017024870379667e-03,0.000000000000000000e+00
2.649999999999999911e+00,6.168660296731816040e-01,-8.570068332333181937e-02,-8.439312962872871525e-04,1.543991528163177716e-02,-1.915929589876519401e-03,0.000000000000000000e+00
2.655000000000000249e+00,6.164376320454063585e-01,-8.565782387227428851e-02,-7.671439774391615885e-04,1.527517990725557606e-02,-1.239692785346337145e-03,0.000000000000000000e+00
2.660000000000000142e+00,6.160094568399138160e-01,-8.561172112318261862e-02,-6.911778206742626640e-04,1.511145044816972552e-02,-5.712518703977140233e-04,0.000000000000000000e+00
2.665000000000000036e+00,6.155815201727508068e-01,-8.556241520339215312e-02,-6.160277965078410226e-04,1.494872685002825337e-02,8.944776499483081400e-05,0.000000000000000000e+00
2.669999999999999929e+00,6.151538379600760553e-01,-8.550994594100673474e-02,-5.416888759902525798e-04,1.478700895345298055e-02,7.424605965678232611e-04,0.000000000000000000e+00
2.675000000000000266e+00,6.147264259196538738e-01,-8.545435286588823343e-02,-4.681560312273692231e-04,1.462629649592993644e-02,1.387840962413962320e-03,0.000000000000000000e+00
2.680000000000000160e+00,6.142992995723427496e-01,-8.539567521065999367e-02,-3.954242358915635667e-04,1.446658911368320713e-02,2.025643059704089477e-03,0.000000000000000000e+00
2.685000000000000053e+00,6.138724742435790471e-01,-8.533395191172384042e-02,-3.234884657233808979e-04,1.430788634352640060e-02,2.655920941484687936e-03,0.000000000000000000e+00
2.689999999999999947e+00,6.134459650648554918e-01,-8.526922161029026892e-02,-2.523436990240090117e-04,1.415018762469188660e-02,3.278728513550106805e-03,0.000000000000000000e+00
2.694999999999999840e+00,6.130197869751944362e-01,-8.520152265342147146e-02,-1.819849171386573889e-04,1.399349230063801595e-02,3.894119531388073874e-03,0.000000000000000000e+00
2.700000000000000178e+00,6.125939547226163517e-01,-8.513089309508678482e-02,-1.124071049309548719e-04,1.383779962083446329e-02,4.502147597198268014e-03,0.000000000000000000e+00
2.705000000000000071e+00,6.121684828656022148e-01,-8.505737069723037780e-02,-4.360525124847478408e-05,1.368310874252589779e-02,5.102866156981453183e-03,0.000000000000000000e+00
2.709999999999999964e+00,6.117433857745512293e-01,-8.498099293085058237e-02,2.442565062050431474e-05,1.352941873247414002e-02,5.696328497699937321e-03,0.000000000000000000e+00
2.714999999999999858e+00,6.113186776332325545e-01,-8.490179697709081263e-02,9.169060249889533635e-05,1.337672856867899024e-02,6.282587744506691607e-03,0.000000000000000000e+00
2.720000000000000195e+00,6.108943724402320363e-01,-8.481981972834151673e-02,1.581946008812505015e-04,1.322503714207790004e-02,6.861696858043463132e-03,0.000000000000000000e+00
2.725000000000000089e+00,6.104704840103930552e-01,-8.473509778935292558e-02,2.239426365026550309e-04,1.307434325822467470e-02,7.433708631805979739e-03,0.000000000000000000e+00
2.729999999999999982e+00,6.100470259762521552e-01,-8.464766747835833494e-02,2.889396939159623355e-04,1.292464563894736400e-02,7.998675689575934777e-03,0.000000000000000000e+00
2.734999999999999876e+00,6.096240117894685673e-01,-8.455756482820744879e-02,3.531907510772668663e-04,1.277594292398552892e-02,8.556650482918114198e-03,0.000000000000000000e+00
2.740000000000000213e+00,6.092014547222482923e-01,-8.446482558750967318e-02,4.167007789395123295e-04,1.262823367260706639e-02,9.107685288742228824e-03,0.000000000000000000e+00
2.745000000000000107e+00,6.087793678687626331e-01,-8.436948522178684684e-02,4.794747410541330126e-04,1.248151636520475338e-02,9.651832206928494251e-03,0.000000000000000000e+00
2.750000000000000000e+00,6.083577641465603980e-01,-8.427157891463525619e-02,5.415175931806278124e-04,1.233578940487269071e-02,1.018914315801555670e-02,0.000000000000000000e+00
2.754999999999999893e+00,6.079366562979749977e-01,-8.417114156889661525e-02,6.028342829039662126e-04,1.219105111896283053e-02,1.071966988095057749e-02,0.000000000000000000e+00
2.760000000000000231e+00,6.075160568915248804e-01,-8.406820780783760827e-02,6.634297492597278226e-04,1.204729976062174877e-02,1.124346393089975527e-02,0.000000000000000000e+00
2.765000000000000124e+00,6.070959783233087492e-01,-8.396281197633788385e-02,7.233089223668766506e-04,1.190453351030784472e-02,1.176057667711902233e-02,0.000000000000000000e+00
2.770000000000000018e+00,6.066764328183943400e-01,-8.385498814208605656e-02,7.824767230680725874e-04,1.176275047728914114e-02,1.227105930088375624e-02,0.000000000000000000e+00
2.774999999999999911e+00,6.062574324322014263e-01,-8.374477009678353567e-02,8.409380625774239872e-04,1.162194870112185675e-02,1.277496279347656305e-02,0.000000000000000000e+00
2.780000000000000249e+00,6.058389890518787180e-01,-8.363219135735583398e-02,8.986978421355855005e-04,1.148212615310992626e-02,1.327233795423250415e-02,0.000000000000000000e+00
2.785000000000000142e+00,6.054211143976746534e-01,-8.351728516717120410e-02,9.557609526721059677e-04,1.134328073774563093e-02,1.376323538864065998e-02,0.000000000000000000e+00
2.790000000000000036e+00,6.050038200243021969e-01,-8.340008449726618589e-02,1.012132274474932588e-03,1.120541029413153235e-02,1.424770550650121884e-02,0.000000000000000000e+00
2.794999999999999929e+00,6.045871173222974182e-01,-8.328062204757792630e-02,1.067816676866978776e-03,1.106851259738385676e-02,1.472579852013757018e-02,0.000000000000000000e+00
2.800000000000000266e+00,6.041710175193718557e-01,-8.315893024818293844e-02,1.122819017889662352e-03,1.093258536001751741e-02,1.519756444266196632e-02,0.000000000000000000e+00
2.805000000000000160e+00,6.037555316817587725e-01,-8.303504126054206402e-02,1.177144143993323969e-03,1.079762623331294302e-02,1.566305308629459964e-02,0.000000000000000000e+00
2.810000000000000053e+00,6.033406707155529736e-01,-8.290898697875145884e-02,1.230796889734433628e-03,1.066363280866487219e-02,1.612231406073470763e-02,0.000000000000000000e+00
2.814999999999999947e+00,6.029264453680446278e-01,-8.278079903079922641e-02,1.283782077479497666e-03,1.053060261891329563e-02,1.657539677158332767e-02,0.000000000000000000e+00
2.819999999999999840e+00,6.025128662290466508e-01,-8.265050877982757505e-02,1.336104517115574604e-03,1.039853313965670781e-02,1.702235041881676111e-02,0.000000000000000000e+00
2.825000000000000178e+00,6.020999437322156478e-01,-8.251814732540022068e-02,1.387769005767315296e-03,1.026742179054783433e-02,1.746322399530971306e-02,0.000000000000000000e+00
2.830000000000000071e+00,6.016876881563666402e-01,-8.238374550477477187e-02,1.438780327520436083e-03,1.013726593657201039e-02,1.789806628540780570e-02,0.000000000000000000e+00
2.834999999999999964e+00,6.012761096267816852e-01,-8.224733389417991647e-02,1.489143253151543195e-03,1.000806288930836466e-02,1.832692586354858766e-02,0.000000000000000000e+00
2.839999999999999858e+00,6.008652181165113904e-01,-8.210894281009716023e-02,1.538862539864217782e-03,9.879809908173987215e-03,1.874985109292957863e-02,0.000000000000000000e+00
2.845000000000000195e+00,6.004550234476706549e-01,-8.196860231054688140e-02,1.587942931031282407e-03,9.752504201651234286e-03,1.916689012422384195e-02,0.000000000000000000e+00
2.850000000000000089e+00,6.000455352927279717e-01,-8.182634219637856254e-02,1.636389155943159673e-03,9.626142928498348378e-03,1.957809089434146832e-02,0.000000000000000000e+00
2.854999999999999982e+00,5.996367631757875127e-01,-8.168219201256482487e-02,1.684205929562244486e-03,9.500723198943539574e-03,1.998350112523613470e-02,0.000000000000000000e+00
2.859999999999999876e+00,5.992287164738657745e-01,-8.153618104949925116e-02,1.731397952283204519e-03,9.376242075862703182e-03,2.038316832275689078e-02,0.000000000000000000e+00
2.865000000000000213e+00,5.988214044181610074e-01,-8.138833834429765046e-02,1.777969909699129514e-03,9.252696575940935059e-03,2.077713977554352526e-02,0.000000000000000000e+00
2.870000000000000107e+00,5.984148360953162049e-01,-8.123869268210259786e-02,1.823926472373447018e-03,9.130083670817999014e-03,2.116546255396530019e-02,0.000000000000000000e+00
2.875000000000000000e+00,5.980090204486760985e-01,-8.108727259739106907e-02,1.869272295617526933e-03,9.008400288217914553e-03,2.154818350910248093e-02,0.000000000000000000e+00
2.879999999999999893e+00,5.976039662795367136e-01,-8.093410637528497542e-02,1.914012019273893554e-03,8.887643313062817615e-03,2.192534927176935378e-02,0.000000000000000000e+00
2.885000000000000231e+00,5.971996822483893741e-01,-8.077922205286434953e-02,1.958150267504968779e-03,8.767809588571250437e-03,2.229700625157890470e-02,0.000000000000000000e+00
2.890000000000000124e+00,5.967961768761571584e-01,-8.062264742048309840e-02,2.001691648587267114e-03,8.648895917341055742e-03,2.266320063604758406e-02,0.000000000000000000e+00
2.895000000000000018e+00,5.963934585454255810e-01,-8.046441002308701851e-02,2.044640754710967678e-03,8.530899062417005366e-03,2.302397838974040711e-02,0.000000000000000000e+00
2.899999999999999911e+00,5.959915355016660587e-01,-8.030453716153396204e-02,2.087002161784787518e-03,8.413815748343340256e-03,2.337938525345494706e-02,0.000000000000000000e+00
2.905000000000000249e+00,5.955904158544533811e-01,-8.014305589391595985e-02,2.128780429246077306e-03,8.297642662201372768e-03,2.372946674344415113e-02,0.000000000000000000e+00
2.910000000000000142e+00,5.951901075786758533e-01,-7.997999303688314854e-02,2.169980099876071995e-03,8.182376454632293503e-03,2.407426815067690434e-02,0.000000000000000000e+00
2.915000000000000036e+00,5.947906185157394443e-01,-7.981537516696925183e-02,2.210605699620214228e-03,8.068013740845350959e-03,2.441383454013607360e-02,0.000000000000000000e+00
2.919999999999999929e+00,5.943919563747649404e-01,-7.964922862191851916e-02,2.250661737413487632e-03,7.954551101611547978e-03,2.474821075015322391e-02,0.000000000000000000e+00
2.925000000000000266e+00,5.939941287337787701e-01,-7.948157950201394095e-02,2.290152705010677168e-03,7.841985084243009371e-03,2.507744139177945156e-02,0.000000000000000000e+00
2.930000000000000160e+00,5.935971430408966132e-01,-7.931245367140658808e-02,2.329083076821496234e-03,7.730312203558166451e-03,2.540157084819148411e-02,0.000000000000000000e+00
2.935000000000000053e+00,5.932010066155011252e-01,-7.914187675944581168e-02,2.367457309750499884e-03,7.619528942832914584e-03,2.572064327413304055e-02,0.000000000000000000e+00
2.939999999999999947e+00,5.928057266494123345e-01,-7.896987416201030341e-02,2.405279843041721686e-03,7.509631754737887757e-03,2.603470259539015369e-02,0.000000000000000000e+00
2.944999999999999840e+00,5.924113102080518223e-01,-7.879647104283976633e-02,2.442555098127962687e-03,7.400617062261995865e-03,2.634379250830043429e-02,0.000000000000000000e+00
2.950000000000000178e+00,5.920177642316000188e-01,-7.862169233486704378e-02,2.479287478484662206e-03,7.292481259622378247e-03,2.664795647929530178e-02,0.000000000000000000e+00
2.955000000000000071e+00,5.916250955361469499e-01,-7.844556274155056741e-02,2.515481369488286722e-03,7.185220713160913111e-03,2.694723774447492851e-02,0.000000000000000000e+00
2.959999999999999964e+00,5.912333108148363214e-01,-7.826810673820704112e-02,2.551141138279166155e-03,7.078831762227426848e-03,2.724167930921510272e-02,0.000000000000000000e+00
2.964999999999999858e+00,5.908424166390027210e-01,-7.808934857334404178e-02,2.586271133628715527e-03,6.973310720049751520e-03,2.753132394780562209e-02,0.000000000000000000e+00
2.970000000000000195e+00,5.904524194593024911e-01,-7.790931226999267545e-02,2.620875685810971755e-03,6.868653874590770203e-03,2.781621420311941942e-02,0.000000000000000000e+00
2.975000000000000089e+00,5.900633256068377186e-01,-7.772802162703981721e-02,2.654959106478385275e-03,6.764857489392588942e-03,2.809639238631230981e-02,0.000000000000000000e+00
2.979999999999999982e+00,5.896751412942737858e-01,-7.754550022056010128e-02,2.688525688541799734e-03,6.661917804407982771e-03,2.837190057655248829e-02,0.000000000000000000e+00
2.984999999999999876e+00,5.892878726169497039e-01,-7.736177140514732820e-02,2.721579706054558581e-03,6.559831036819249381e-03,2.864278062077905279e-02,0.000000000000000000e+00
2.990000000000000213e+00,5.889015255539826743e-01,-7.717685831524521978e-02,2.754125414100671784e-03,6.458593381844612673e-03,2.890907413348980590e-02,0.000000000000000000e+00
2.995000000000000107e+00,5.885161059693650998e-01,-7.699078386647742467e-02,2.786167048686988452e-03,6.358201013532307176e-03,2.917082249655695084e-02,0.000000000000000000e+00
3.000000000000000000e+00,5.881316196130557117e-01,-7.680357075697664959e-02,2.817708826639304682e-03,6.258650085542492511e-03,2.942806685907074435e-02,0.000000000000000000e+00
3.004999999999999893e+00,5.877480721220633697e-01,-7.661524146871266649e-02,2.848754945502353711e-03,6.159936731917120198e-03,2.968084813721028753e-02,0.000000000000000000e+00
3.010000000000000231e+00,5.873654690215248664e-01,-7.642581826881927887e-02,2.879309583443614637e-03,6.062057067837895059e-03,2.992920701414127430e-02,0.000000000000000000e+00
3.015000000000000124e+00,5.869838157257756261e-01,-7.623532321091996966e-02,2.909376899160881578e-03,5.965007190372459585e-03,3.017318393993986131e-02,0.000000000000000000e+00
3.020000000000000018e+00,5.866031175394139652e-01,-7.604377813645218920e-02,2.938961031793534302e-03,5.868783179208941769e-03,3.041281913154232630e-02,0.000000000000000000e+00
3.024999999999999911e+00,5.862233796583585788e-01,-7.585120467599008875e-02,2.968066100837452644e-03,5.773381097378986991e-03,3.064815257272024418e-02,0.000000000000000000e+00
3.030000000000000249e+00,5.858446071708999225e-01,-7.565762425056575535e-02,2.996696206063519195e-03,5.678796991969414440e-03,3.087922401408043152e-02,0.000000000000000000e+00
3.035000000000000142e+00,5.854668050587442663e-01,-7.546305807298861468e-02,3.024855427439649552e-03,5.585026894822622129e-03,3.110607297308919800e-02,0.000000000000000000e+00
3.040000000000000036e+00,5.850899781980517522e-01,-7.526752714916309928e-02,3.052547825056298528e-03,5.492066823225867124e-03,3.132873873412075905e-02,0.000000000000000000e+00
3.044999999999999929e+00,5.847141313604673485e-01,-7.507105227940431835e-02,3.079777439055385486e-03,5.399912780589555435e-03,3.154726034852883831e-02,0.000000000000000000e+00
3.050000000000000266e+00,5.843392692141459177e-01,-7.487365405975175692e-02,3.106548289562581153e-03,5.308560757114660390e-03,3.176167663474169928e-02,0.000000000000000000e+00
3.055000000000000160e+00,5.839653963247698476e-01,-7.467535288328076837e-02,3.132864376622909036e-03,5.218006730449399611e-03,3.197202617837946459e-02,0.000000000000000000e+00
3.060000000000000053e+00,5.835925171565609082e-01,-7.447616894141191601e-02,3.158729680139599032e-03,5.128246666335291998e-03,3.217834733239378214e-02,0.000000000000000000e+00
3.064999999999999947e+00,5.832206360732852257e-01,-7.427612222521794150e-02,3.184148159816148956e-03,5.039276519242722255e-03,3.238067821722927231e-02,0.000000000000000000e+00
3.070000000000000284e+00,5.828497573392517062e-01,-7.407523252672831848e-02,3.209123755101535042e-03,4.951092232996129154e-03,3.257905672100622901e-02,0.000000000000000000e+00
3.075000000000000178e+00,5.824798851203039085e-01,-7.387351944023126671e-02,3.233660385138523684e-03,4.863689741388944193e-03,3.277352049972419301e-02,0.000000000000000000e+00
3.080000000000000071e+00,5.821110234848058118e-01,-7.367100236357319865e-02,3.257761948715033259e-03,4.777064968788395996e-03,3.296410697748632102e-02,0.000000000000000000e+00
3.084999999999999964e+00,5.817431764046202547e-01,-7.346770049945547387e-02,3.281432324218494425e-03,4.691213830730306227e-03,3.315085334674336415e-02,0.000000000000000000e+00
3.089999999999999858e+00,5.813763477560820458e-01,-7.326363285672833625e-02,3.304675369593158135e-03,4.606132234503988905e-03,3.333379656855790796e-02,0.000000000000000000e+00
3.095000000000000195e+00,5.810105413209635250e-01,-7.305881825168200616e-02,3.327494922300306725e-03,4.521816079727372824e-03,3.351297337288750705e-02,0.000000000000000000e+00
3.100000000000000089e+00,5.806457607874342397e-01,-7.285327530933481677e-02,3.349894799281313406e-03,4.438261258912465021e-03,3.368842025888696412e-02,0.000000000000000000e+00
3.104999999999999982e+00,5.802820097510142938e-01,-7.264702246471836655e-02,3.371878796923506380e-03,4.355463658021266338e-03,3.386017349522904563e-02,0.000000000000000000e+00
3.109999999999999876e+00,5.799192917155208127e-01,-7.244007796415947997e-02,3.393450691028789858e-03,4.273419157012258753e-03,3.402826912044348839e-02,0.000000000000000000e+00
3.115000000000000213e+00,5.795576100940085240e-01,-7.223245986655904560e-02,3.414614236784972549e-03,4.192123630377573781e-03,3.419274294327365182e-02,0.000000000000000000e+00
3.120000000000000107e+00,5.791969682097033445e-01,-7.202418604466757912e-02,3.435373168739759391e-03,4.111572947670951231e-03,3.435363054305064223e-02,0.000000000000000000e+00
3.125000000000000000e+00,5.788373692969303042e-01,-7.181527418635745563e-02,3.455731200777361397e-03,4.031762974026612337e-03,3.451096727008462484e-02,0.000000000000000000e+00
3.129999999999999893e+00,5.784788165020345874e-01,-7.160574179589172805e-02,3.475692026097675948e-03,3.952689570669138362e-03,3.466478824607263642e-02,0.000000000000000000e+00
3.135000000000000231e+00,5.781213128842964677e-01,-7.139560619518943441e-02,3.495259317197994559e-03,3.874348595414480855e-03,3.481512836452300974e-02,0.000000000000000000e+00
3.140000000000000124e+00,5.777648614168399144e-01,-7.118488452508743569e-02,3.514436725857193917e-03,3.796735903162203746e-03,3.496202229119547977e-02,0.000000000000000000e+00
3.145000000000000018e+00,5.774094649875346486e-01,-7.097359374659860387e-02,3.533227883122367664e-03,3.719847346379064404e-03,3.510550446455720786e-02,0.000000000000000000e+00
3.149999999999999911e+00,5.770551263998924263e-01,-7.076175064216629063e-02,3.551636399297852104e-03,3.643678775574043811e-03,3.524560909625410604e-02,0.000000000000000000e+00
3.155000000000000249e+00,5.767018483739564383e-01,-7.054937181691511849e-02,3.569665863936607661e-03,3.568226039764926458e-03,3.538237017159696213e-02,0.000000000000000000e+00
3.160000000000000142e+00,5.763496335471851584e-01,-7.033647369989795561e-02,3.587319845833912731e-03,3.493484986936540998e-03,3.551582145006256658e-02,0.000000000000000000e+00
3.165000000000000036e+00,5.759984844753291977e-01,-7.012307254533897694e-02,3.604601893023325673e-03,3.419451464490755321e-03,3.564599646580880049e-02,0.000000000000000000e+00
3.169999999999999929e+00,5.756484036333026078e-01,-6.990918443387285353e-02,3.621515532774879833e-03,3.346121319688339247e-03,3.577292852820402463e-02,0.000000000000000000e+00
3.175000000000000266e+00,5.752993934160476330e-01,-6.969482527377997283e-02,3.638064271595465183e-03,3.273490400082788507e-03,3.589665072237002708e-02,0.000000000000000000e+00
3.180000000000000160e+00,5.749514561393935796e-01,-6.948001080221756498e-02,3.654251595231358847e-03,3.201554553946213671e-03,3.601719590973854329e-02,0.000000000000000000e+00
3.185000000000000053e+00,5.746045940409090225e-01,-6.926475658644676292e-02,3.670080968672868958e-03,3.130309630687393325e-03,3.613459672862055772e-02,0.000000000000000000e+00
3.189999999999999947e+00,5.742588092807484612e-01,-6.904907802505555470e-02,3.685555836161044565e-03,3.059751481262091254e-03,3.624888559478862265e-02,0.000000000000000000e+00
3.195000000000000284e+00,5.739141039424927593e-01,-6.883299034917747528e-02,3.700679621196421680e-03,2.989875958575733891e-03,3.636009470207183375e-02,0.000000000000000000e+00
3.200000000000000178e+00,5.735704800339830323e-01,-6.861650862370610726e-02,3.715455726549762947e-03,2.920678917878542606e-03,3.646825602296244195e-02,0.000000000000000000e+00
3.205000000000000071e+00,5.732279394881490964e-01,-6.839964774850525175e-02,3.729887534274752784e-03,2.852156217153223143e-03,3.657340130923501798e-02,0.000000000000000000e+00
3.209999999999999964e+00,5.728864841638314775e-01,-6.818242245961478321e-02,3.743978405722614596e-03,2.784303717495301145e-03,3.667556209257677446e-02,0.000000000000000000e+00
3.214999999999999858e+00,5.725461158465975364e-01,-6.796484733045206339e-02,3.757731681558609729e-03,2.717117283486201323e-03,3.677476968522945533e-02,0.000000000000000000e+00
3.220000000000000195e+00,5.722068362495517091e-01,-6.774693677300901162e-02,3.771150681780385643e-03,2.650592783559160056e-03,3.687105518064227871e-02,0.000000000000000000e+00
3.225000000000000089e+00,5.718686470141394196e-01,-6.752870503904459532e-02,3.784238705738134263e-03,2.584726090358066813e-03,3.696444945413553118e-02,0.000000000000000000e+00
3.229999999999999982e+00,5.715315497109455523e-01,-6.731016622127286575e-02,3.796999032156528429e-03,2.519513081089325927e-03,3.705498316357497268e-02,0.000000000000000000e+00
3.234999999999999876e+00,5.711955458404864849e-01,-6.709133425454641420e-02,3.809434919158398696e-03,2.454949637866825438e-03,3.714268675005607395e-02,0.000000000000000000e+00
3.240000000000000213e+00,5.708606368339964598e-01,-6.687222291703523447e-02,3.821549604290120587e-03,2.391031648050105825e-03,3.722759043859861366e-02,0.000000000000000000e+00
3.245000000000000107e+00,5.705268240542081815e-01,-6.665284583140093644e-02,3.833346304548672801e-03,2.327755004575817951e-03,3.730972423885095535e-02,0.000000000000000000e+00
3.250000000000000000e+00,5.701941087961274190e-01,-6.643321646596628272e-02,3.844828216410338222e-03,2.265115606282552645e-03,3.738911794580362935e-02,0.000000000000000000e+00
3.254999999999999893e+00,5.698624922878017252e-01,-6.621334813587999302e-02,3.855998515861012131e-03,2.203109358229136863e-03,3.746580114051246968e-02,0.000000000000000000e+00
3.260000000000000231e+00,5.695319756910834919e-01,-6.599325400427687172e-02,3.866860358428085131e-03,2.141732172006475393e-03,3.753980319083037587e-02,0.000000000000000000e+00
3.265000000000000124e+00,5.692025601023869008e-01,-6.577294708343306429e-02,3.877416879213871261e-03,2.080979966043024817e-03,3.761115325214800520e-02,0.000000000000000000e+00
3.270000000000000018e+00,5.688742465534395443e-01,-6.555244023591655367e-02,3.887671192930544032e-03,2.020848665903990371e-03,3.767988026814304836e-02,0.000000000000000000e+00
3.274999999999999911e+00,5.685470360120282729e-01,-6.533174617573277165e-02,3.897626393936557809e-03,1.961334204584319011e-03,3.774601297153787338e-02,0.000000000000000000e+00
3.280000000000000249e+00,5.682209293827386043e-01,-6.511087746946539467e-02,3.907285556274514224e-03,1.902432522795575835e-03,3.780957988486461502e-02,0.000000000000000000e+00
3.285000000000000142e+00,5.678959275076896906e-01,-6.488984653741215747e-02,3.916651733710450195e-03,1.844139569246792129e-03,3.787060932123902102e-02,0.000000000000000000e+00
3.290000000000000036e+00,5.675720311672621810e-01,-6.466866565471579564e-02,3.925727959774516322e-03,1.786451300919351384e-03,3.792912938514093196e-02,0.000000000000000000e+00
3.294999999999999929e+00,5.672492410808218644e-01,-6.444734695248997836e-02,3.934517247803011840e-03,1.729363683336009776e-03,3.798516797320296290e-02,0.000000000000000000e+00
3.300000000000000266e+00,5.669275579074364302e-01,-6.422590241894027274e-02,3.943022590981754005e-03,1.672872690824115521e-03,3.803875277500565893e-02,0.000000000000000000e+00
3.305000000000000160e+00,5.666069822465876760e-01,-6.400434390048011235e-02,3.951246962390744626e-03,1.616974306773118816e-03,3.808991127388013098e-02,0.000000000000000000e+00
3.310000000000000053e+00,5.662875146388774983e-01,-6.378268310284170017e-02,3.959193315050114209e-03,1.561664523886438288e-03,3.813867074771710303e-02,0.000000000000000000e+00
3.314999999999999947e+00,5.659691555667283325e-01,-6.356093159218183242e-02,3.966864581967310781e-03,1.506939344427768099e-03,3.818505826978242645e-02,0.000000000000000000e+00
3.320000000000000284e+00,5.656519054550787073e-01,-6.333910079618269851e-02,3.974263676185502137e-03,1.452794780461900493e-03,3.822910070953922101e-02,0.000000000000000000e+00
3.325000000000000178e+00,5.653357646720725826e-01,-6.311720200514751855e-02,3.981393490833175924e-03,1.399226854090137315e-03,3.827082473347589303e-02,0.000000000000000000e+00
3.330000000000000071e+00,5.650207335297434685e-01,-6.289524637309108768e-02,3.988256899174898520e-03,1.346231597680365086e-03,3.831025680594007943e-02,0.000000000000000000e+00
3.334999999999999964e+00,5.647068122846933269e-01,-6.267324491882514392e-02,3.994856754663209282e-03,1.293805054091869307e-03,3.834742318997828164e-02,0.000000000000000000e+00
3.339999999999999858e+00,5.643940011387658107e-01,-6.245120852703859443e-02,4.001195890991633697e-03,1.241943276894958911e-03,3.838234994818132823e-02,0.000000000000000000e+00
3.345000000000000195e+00,5.640823002397142849e-01,-6.222914794937257910e-02,4.007277122148772928e-03,1.190642330585472627e-03,3.841506294353473627e-02,0.000000000000000000e+00
3.350000000000000089e+00,5.637717096818641860e-01,-6.200707380549026759e-02,4.013103242473458482e-03,1.139898290794240767e-03,3.844558784027449910e-02,0.000000000000000000e+00
3.354999999999999982e+00,5.634622295067703845e-01,-6.178499658414152162e-02,4.018677026710940764e-03,1.089707244491570524e-03,3.847395010474768950e-02,0.000000000000000000e+00
3.359999999999999876e+00,5.631538597038691085e-01,-6.156292664422224892e-02,4.024001230070088121e-03,1.040065290186827215e-03,3.850017500627810757e-02,0.000000000000000000e+00
3.365000000000000213e+00,5.628466002111245370e-01,-6.134087421582858773e-02,4.029078588281568597e-03,9.909685381231767183e-04,3.852428761803614043e-02,0.000000000000000000e+00
3.370000000000000107e+00,5.625404509156700650e-01,-6.111884940130575539e-02,4.033911817656997932e-03,9.424131104675617654e-04,3.854631281791340291e-02,0.000000000000000000e+00
3.375000000000000000e+00,5.622354116544447944e-01,-6.089686217629169257e-02,4.038503615149023444e-03,8.943951414959771303e-04,3.856627528940149985e-02,0.000000000000000000e+00
3.379999999999999893e+00,5.619314822148240296e-01,-6.067492239075537169e-02,4.042856658412321245e-03,8.469107777741087702e-04,3.858419952247479218e-02,0.000000000000000000e+00
3.385000000000000231e+00,5.616286623352453322e-01,-6.045303977002985246e-02,4.046973605865489439e-03,7.999561783334083664e-04,3.860010981447733330e-02,0.000000000000000000e+00
3.390000000000000124e+00,5.613269517058290248e-01,-6.023122391583999452e-02,4.050857096753805210e-03,7.535275148426632229e-04,3.861403027101321245e-02,0.000000000000000000e+00
3.395000000000000018e+00,5.610263499689938094e-01,-6.000948430732487571e-02,4.054509751212831935e-03,7.076209717751286328e-04,3.862598480684099195e-02,0.000000000000000000e+00
3.399999999999999911e+00,5.607268567200668352e-01,-5.978783030205488125e-02,4.057934170332851143e-03,6.622327465712875500e-04,3.863599714677090624e-02,0.000000000000000000e+00
3.405000000000000249e+00,5.604284715078894363e-01,-5.956627113704345694e-02,4.061132936224095061e-03,6.173590497972977374e-04,3.864409082656608541e-02,0.000000000000000000e+00
3.410000000000000142e+00,5.601311938354169850e-01,-5.934481592975351938e-02,4.064108612082763250e-03,5.729961052991922044e-04,3.865028919384631834e-02,0.000000000000000000e+00
3.415000000000000036e+00,5.598350231603144156e-01,-5.912347367909853713e-02,4.066863742257798182e-03,5.291401503528934307e-04,3.865461540899509801e-02,0.000000000000000000e+00
3.419999999999999929e+00,5.595399588955464187e-01,-5.890225326643822035e-02,4.069400852318402415e-03,4.857874358101017679e-04,3.865709244606953254e-02,0.000000000000000000e+00
3.425000000000000266e+00,5.592460004099626403e-01,-5.868116345656889526e-02,4.071722449122272200e-03,4.429342262401182988e-04,3.865774309371267092e-02,0.000000000000000000e+00
3.430000000000000160e+00,5.589531470288781057e-01,-5.846021289870848014e-02,4.073831020884532798e-03,4.005768000676655284e-04,3.865658995606863907e-02,0.000000000000000000e+00
3.435000000000000053e+00,5.586613980346486485e-01,-5.823941012747610446e-02,4.075729037247350327e-03,3.587114497067597340e-04,3.865365545370003791e-02,0.000000000000000000e+00
3.439999999999999947e+00,5.583707526672415655e-01,-5.801876356386635042e-02,4.077418949350206274e-03,3.173344816906972657e-04,3.864896182450770767e-02,0.000000000000000000e+00
3.445000000000000284e+00,5.580812101248011636e-01,-5.779828151621814458e-02,4.078903189900810397e-03,2.764422167982101964e-04,3.864253112465246276e-02,0.000000000000000000e+00
3.450000000000000178e+00,5.577927695642096451e-01,-5.757797218117822330e-02,4.080184173246635508e-03,2.360309901758503315e-04,3.863438522947892223e-02,0.000000000000000000e+00
3.455000000000000071e+00,5.575054301016432179e-01,-5.735784364465926904e-02,4.081264295447054220e-03,1.960971514566589580e-04,3.862454583444117906e-02,0.000000000000000000e+00
3.459999999999999964e+00,5.572191908131234328e-01,-5.713790388279262750e-02,4.082145934346062023e-03,1.566370648751724793e-04,3.861303445603027351e-02,0.000000000000000000e+00
3.464999999999999858e+00,5.569340507350636349e-01,-5.691816076287567472e-02,4.082831449645563278e-03,1.176471093788271425e-04,3.859987243270311674e-02,0.000000000000000000e+00
3.470000000000000195e+00,5.566500088648108635e-01,-5.669862204431376507e-02,4.083323182979207121e-03,7.912367873581144554e-05,3.858508092581301036e-02,0.000000000000000000e+00
3.475000000000000089e+00,5.563670641611827561e-01,-5.647929537955682922e-02,4.083623457986753323e-03,4.106318163942125334e-05,3.856868092054136637e-02,0.000000000000000000e+00
3.479999999999999982e+00,5.560852155450002332e-01,-5.626018831503059453e-02,4.083734580388951631e-03,3.462041808975533871e-06,3.855069322683088440e-02,0.000000000000000000e+00
3.484999999999999876e+00,5.558044618996152986e-01,-5.604130829206238618e-02,4.083658838062918101e-03,-3.368330191266158104e-05,3.853113848031978345e-02,0.000000000000000000e+00
3.490000000000000213e+00,5.555248020714340651e-01,-5.582266264780160608e-02,4.083398501117987620e-03,-7.037639546489630885e-05,3.851003714327682487e-02,0.000000000000000000e+00
3.495000000000000107e+00,5.552462348704353401e-01,-5.560425861613479959e-02,4.082955821972033932e-03,-1.066207694785069869e-04,3.848740950553736218e-02,0.000000000000000000e+00
3.500000000000000000e+00,5.549687590706849916e-01,-5.538610332859535829e-02,4.082333035428232018e-03,-1.424199391879799026e-04,3.846327568544045256e-02,0.000000000000000000e+00
3.504999999999999893e+00,5.546923734108449855e-01,-5.516820381526786610e-02,4.081532358752249824e-03,-1.777774043470354030e-04,3.843765563076590591e-02,0.000000000000000000e+00
3.510000000000000231e+00,5.544170765946787593e-01,-5.495056700568708846e-02,4.080555991749859786e-03,-2.126966491472841961e-04,3.841056911967264537e-02,0.000000000000000000e+00
3.515000000000000124e+00,5.541428672915515996e-01,-5.473319972973157005e-02,4.079406116844945876e-03,-2.471811421399747210e-04,3.838203576163710939e-02,0.000000000000000000e+00
3.520000000000000018e+00,5.538697441369265784e-01,-5.451610871851191031e-02,4.078084899157892289e-03,-2.812343361607761339e-04,3.835207499839193845e-02,0.000000000000000000e+00
3.524999999999999911e+00,5.535977057328563822e-01,-5.429930060525368224e-02,4.076594486584346824e-03,-3.148596682575518493e-04,3.832070610486525836e-02,0.000000000000000000e+00
3.530000000000000249e+00,5.533267506484703668e-01,-5.408278192617500119e-02,4.074937009874332085e-03,-3.480605596210776392e-04,3.828794819011963058e-02,0.000000000000000000e+00
3.535000000000000142e+00,5.530568774204576155e-01,-5.386655912135877855e-02,4.073114582711696678e-03,-3.808404155186514073e-04,3.825382019829146746e-02,0.000000000000000000e+00
3.540000000000000036e+00,5.527880845535452226e-01,-5.365063853561961860e-02,4.071129301793896885e-03,-4.132026252305578029e-04,3.821834090953010049e-02,0.000000000000000000e+00
3.544999999999999929e+00,5.525203705209725813e-01,-5.343502641936542091e-02,4.068983246912080166e-03,-4.451505619893332218e-04,3.818152894093675837e-02,0.000000000000000000e+00
3.550000000000000266e+00,5.522537337649613409e-01,-5.321972892945363992e-02,4.066678481031473120e-03,-4.766875829217893414e-04,3.814340274750344095e-02,0.000000000000000000e+00
3.555000000000000160e+00,5.519881726971810343e-01,-5.300475213004226388e-02,4.064217050372047856e-03,-5.078170289937532873e-04,3.810398062305134920e-02,0.000000000000000000e+00
3.560000000000000053e+00,5.517236856992102645e-01,-5.279010199343549259e-02,4.061600984489460719e-03,-5.385422249574755345e-04,3.806328070116864887e-02,0.000000000000000000e+00
3.564999999999999947e+00,5.514602711229940057e-01,-5.257578440092410682e-02,4.058832296356244297e-03,-5.688664793016646667e-04,3.802132095614813717e-02,0.000000000000000000e+00
3.570000000000000284e+00,5.511979272912965744e-01,-5.236180514362059890e-02,4.055912982443245739e-03,-5.987930842041046513e-04,3.797811920392403506e-02,0.000000000000000000e+00
3.575000000000000178e+00,5.509366524981504920e-01,-5.214816992328897421e-02,4.052845022801294939e-03,-6.283253154868138641e-04,3.793369310300817587e-02,0.000000000000000000e+00
3.580000000000000071e+00,5.506764450093011298e-01,-5.193488435316935548e-02,4.049630381143090423e-03,-6.574664325737025489e-04,3.788806015542544453e-02,0.000000000000000000e+00
3.584999999999999964e+00,5.504173030626471341e-01,-5.172195395879728569e-02,4.046271004925289065e-03,-6.862196784506872970e-04,3.784123770764812739e-02,0.000000000000000000e+00
3.589999999999999858e+00,5.501592248686771880e-01,-5.150938417881784775e-02,4.042768825430791829e-03,-7.145882796282211277e-04,3.779324295152971386e-02,0.000000000000000000e+00
3.595000000000000195e+00,5.499022086109021101e-01,-5.129718036579448276e-02,4.039125757851210786e-03,-7.425754461062010090e-04,3.774409292523737275e-02,0.000000000000000000e+00
3.600000000000000089e+00,5.496462524462836230e-01,-5.108534778701267348e-02,4.035343701369501802e-03,-7.701843713412076043e-04,3.769380451418341549e-02,0.000000000000000000e+00
3.604999999999999982e+00,5.493913545056584580e-01,-5.087389162527836128e-02,4.031424539242762020e-03,-7.974182322160459132e-04,3.764239445195574629e-02,0.000000000000000000e+00
3.609999999999999876e+00,5.491375128941589079e-01,-5.066281697971119352e-02,4.027370138885166123e-03,-8.242801890115383431e-04,3.758987932124681353e-02,0.000000000000000000e+00
3.615000000000000213e+00,5.488847256916291606e-01,-5.045212886653260148e-02,4.023182351951046579e-03,-8.507733853805398523e-04,3.753627555478138145e-02,0.000000000000000000e+00
3.620000000000000107e+00,5.486329909530379689e-01,-5.024183221984868802e-02,4.018863014418089241e-03,-8.769009483241317973e-04,3.748159943624289336e-02,0.000000000000000000e+00
3.625000000000000000e+00,5.483823067088873238e-01,-5.003193189242798739e-02,4.014413946670651254e-03,-9.026659881699584899e-04,3.742586710119858578e-02,0.000000000000000000e+00
3.629999999999999893e+00,5.481326709656167973e-01,-4.982243265647404856e-02,4.009836953583175226e-03,-9.280715985526718755e-04,3.736909453802247233e-02,0.000000000000000000e+00
3.635000000000000231e+00,5.478840817060051105e-01,-4.961333920439293249e-02,4.005133824603700557e-03,-9.531208563964401002e-04,3.731129758881763375e-02,0.000000000000000000e+00
3.640000000000000124e+00,5.476365368895665942e-01,-4.940465614955554668e-02,4.000306333837454556e-03,-9.778168218994966535e-04,3.725249195033597527e-02,0.000000000000000000e+00
3.645000000000000018e+00,5.473900344529448736e-01,-4.919638802705493530e-02,3.995356240130516420e-03,-1.002162538520679023e-03,3.719269317489688753e-02,0.000000000000000000e+00
3.649999999999999911e+00,5.471445723103022241e-01,-4.898853929445843441e-02,3.990285287153543664e-03,-1.026161032967935500e-03,3.713191667130381901e-02,0.000000000000000000e+00
3.655000000000000249e+00,5.469001483537052621e-01,-4.878111433255478968e-02,3.985095203485552323e-03,-1.049815315188754386e-03,3.707017770575905813e-02,0.000000000000000000e+00
3.660000000000000142e+00,5.466567604535070846e-01,-4.857411744609619469e-02,3.979787702697738794e-03,-1.073128378362488058e-03,3.700749140277665578e-02,0.000000000000000000e+00
3.665000000000000036e+00,5.464144064587257432e-01,-4.836755286453529867e-02,3.974364483437333763e-03,-1.096103198894535138e-03,3.694387274609345351e-02,0.000000000000000000e+00
3.669999999999999929e+00,5.461730841974185013e-01,-4.816142474275719038e-02,3.968827229511486497e-03,-1.118742736412349330e-03,3.687933657957778028e-02,0.000000000000000000e+00
3.675000000000000266e+00,5.459327914770532031e-01,-4.795573716180637908e-02,3.963177609971157804e-03,-1.141049933763236754e-03,3.681389760813651157e-02,0.000000000000000000e+00
3.680000000000000160e+00,5.456935260848756464e-01,-4.775049412960874484e-02,3.957417279195024271e-03,-1.163027717013915760e-03,3.674757039861979713e-02,0.000000000000000000e+00
3.685000000000000053e+00,5.454552857882732919e-01,-4.754569958168855526e-02,3.951547876973376429e-03,-1.184678995451802792e-03,3.668036938072340852e-02,0.000000000000000000e+00
3.689999999999999947e+00,5.452180683351353085e-01,-4.734135738188050696e-02,3.945571028592012586e-03,-1.206006661587993726e-03,3.661230884788913009e-02,0.000000000000000000e+00
3.695000000000000284e+00,5.449818714542097320e-01,-4.713747132303679199e-02,3.939488344916104896e-03,-1.227013591161906642e-03,3.654340295820287382e-02,0.000000000000000000e+00
3.700000000000000178e+00,5.447466928554560717e-01,-4.693404512772927917e-02,3.933301422474045489e-03,-1.247702643147560872e-03,3.647366573529011585e-02,0.000000000000000000e+00
3.705000000000000071e+00,5.445125302303953641e-01,-4.673108244894674801e-02,3.927011843541255293e-03,-1.268076659761455246e-03,3.640311106920949419e-02,0.000000000000000000e+00
3.709999999999999964e+00,5.442793812524561181e-01,-4.652858687078724464e-02,3.920621176223944293e-03,-1.288138466472020819e-03,3.633175271734331163e-02,0.000000000000000000e+00
3.714999999999999858e+00,5.440472435773172633e-01,-4.632656190914555966e-02,3.914130974542831022e-03,-1.307890872010610992e-03,3.625960430528629708e-02,0.000000000000000000e+00
3.720000000000000195e+00,5.438161148432472114e-01,-4.612501101239584178e-02,3.907542778516791791e-03,-1.327336668384010605e-03,3.618667932773105000e-02,0.000000000000000000e+00
3.725000000000000089e+00,5.435859926714400325e-01,-4.592393756206935435e-02,3.900858114246452679e-03,-1.346478630888422144e-03,3.611299114935172250e-02,0.000000000000000000e+00
3.729999999999999982e+00,5.433568746663477445e-01,-4.572334487352744392e-02,3.894078493997703023e-03,-1.365319518124911719e-03,3.603855300568438447e-02,0.000000000000000000e+00
3.734999999999999876e+00,5.431287584160096049e-01,-4.552323619662965865e-02,3.887205416285129979e-03,-1.383862072016277950e-03,3.596337800400518925e-02,0.000000000000000000e+00
3.740000000000000213e+00,5.429016414923780731e-01,-4.532361471639709261e-02,3.880240365955364614e-03,-1.402109017825320771e-03,3.588747912420568037e-02,0.000000000000000000e+00
3.745000000000000107e+00,5.426755214516409964e-01,-4.512448355367098402e-02,3.873184814270333454e-03,-1.420063064174482840e-03,3.581086921966528114e-02,0.000000000000000000e+00
3.750000000000000000e+00,5.424503958345412435e-01,-4.492584576576651861e-02,3.866040218990407680e-03,-1.437726903066830365e-03,3.573356101812121682e-02,0.000000000000000000e+00
3.754999999999999893e+00,5.422262621666925630e-01,-4.472770434712192156e-02,3.858808024457446081e-03,-1.455103209908354496e-03,3.565556712253545313e-02,0.000000000000000000e+00
3.760000000000000231e+00,5.420031179588923331e-01,-4.453006222994284474e-02,3.851489661677720902e-03,-1.472194643531563128e-03,3.557690001195889379e-02,0.000000000000000000e+00
3.765000000000000124e+00,5.417809607074312028e-01,-4.433292228484202874e-02,3.844086548404724440e-03,-1.489003846220334068e-03,3.549757204239260833e-02,0.000000000000000000e+00
3.770000000000000018e+00,5.415597878943992916e-01,-4.413628732147431566e-02,3.836600089221846397e-03,-1.505533443736010698e-03,3.541759544764604833e-02,0.000000000000000000e+00
3.774999999999999911e+00,5.413395969879897240e-01,-4.394016008916697830e-02,3.829031675624919827e-03,-1.521786045344705870e-03,3.533698234019273104e-02,0.000000000000000000e+00
3.780000000000000249e+00,5.411203854427982796e-01,-4.374454327754542793e-02,3.821382686104626576e-03,-1.537764243845799513e-03,3.525574471202233551e-02,0.000000000000000000e+00
3.785000000000000142e+00,5.409021507001207096e-01,-4.354943951715429390e-02,3.813654486228756132e-03,-1.553470615601594594e-03,3.517389443549023831e-02,0.000000000000000000e+00
3.790000000000000036e+00,5.406848901882465031e-01,-4.335485138007390965e-02,3.805848428724315727e-03,-1.568907720568113668e-03,3.509144326416387127e-02,0.000000000000000000e+00
3.794999999999999929e+00,5.404686013227494312e-01,-4.316078138053219826e-02,3.797965853559482144e-03,-1.584078102327012147e-03,3.500840283366574157e-02,0.000000000000000000e+00
3.800000000000000266e+00,5.402532815067757621e-01,-4.296723197551203383e-02,3.790008088025390454e-03,-1.598984288118579034e-03,3.492478466251389829e-02,0.000000000000000000e+00
3.805000000000000160e+00,5.400389281313284773e-01,-4.277420556535400931e-02,3.781976446817757534e-03,-1.613628788875808408e-03,3.484060015295861734e-02,0.000000000000000000e+00
3.810000000000000053e+00,5.398255385755492686e-01,-4.258170449435474264e-02,3.773872232118330363e-03,-1.628014099259512829e-03,3.475586059181634546e-02,0.000000000000000000e+00
3.814999999999999947e+00,5.396131102069973151e-01,-4.238973105136063096e-02,3.765696733676157388e-03,-1.642142697694460663e-03,3.467057715130041767e-02,0.000000000000000000e+00
3.820000000000000284e+00,5.394016403819248406e-01,-4.219828747035714311e-02,3.757451228888676435e-03,-1.656017046406511308e-03,3.458476088984827751e-02,0.000000000000000000e+00
3.825000000000000178e+00,5.391911264455501174e-01,-4.200737593105366430e-02,3.749136982882613541e-03,-1.669639591460727289e-03,3.449842275294575517e-02,0.000000000000000000e+00
3.830000000000000071e+00,5.389815657323273612e-01,-4.181699855946386518e-02,3.740755248594690094e-03,-1.683012762800443476e-03,3.441157357394794558e-02,0.000000000000000000e+00
3.834999999999999964e+00,5.387729555662137404e-01,-4.162715742848169254e-02,3.732307266852132651e-03,-1.696138974287267429e-03,3.432422407489673505e-02,0.000000000000000000e+00
3.839999999999999858e+00,5.385652932609336085e-01,-4.143785455845291898e-02,3.723794266452978927e-03,-1.709020623741993499e-03,3.423638486733516367e-02,0.000000000000000000e+00
3.845000000000000195e+00,5.383585761202397402e-01,-4.124909191774234207e-02,3.715217464246177350e-03,-1.721660092986409445e-03,3.414806645311829758e-02,0.000000000000000000e+00
3.850000000000000089e+00,5.381528014381719016e-01,-4.106087142329661877e-02,3.706578065211476279e-03,-1.734059747885971937e-03,3.405927922522080514e-02,0.000000000000000000e+00
3.854999999999999982e+00,5.379479664993124244e-01,-4.087319494120274233e-02,3.697877262539097255e-03,-1.746221938393334233e-03,3.397003346854104988e-02,0.000000000000000000e+00
3.859999999999999876e+00,5.377440685790393360e-01,-4.068606428724222401e-02,3.689116237709188367e-03,-1.758148998592701760e-03,3.388033936070210250e-02,0.000000000000000000e+00
3.865000000000000213e+00,5.375411049437761601e-01,-4.049948122744097267e-02,3.680296160571053850e-03,-1.769843246745001712e-03,3.379020697284880470e-02,0.000000000000000000e+00
3.870000000000000107e+00,5.373390728512398296e-01,-4.031344747861487915e-02,3.671418189422155556e-03,-1.781306985333840640e-03,3.369964627044198802e-02,0.000000000000000000e+00
3.875000000000000000e+00,5.371379695506848240e-01,-4.012796470891116796e-02,3.662483471086884143e-03,-1.792542501112236609e-03,3.360866711404868201e-02,0.000000000000000000e+00
3.879999999999999893e+00,5.369377922831455319e-01,-3.994303453834552320e-02,3.653493140995092182e-03,-1.803552065150102260e-03,3.351727926012917913e-02,0.000000000000000000e+00
3.885000000000000231e+00,5.367385382816755035e-01,-3.975865853933495397e-02,3.644448323260390463e-03,-1.814337932882461452e-03,3.342549236182058847e-02,0.000000000000000000e+00
3.890000000000000124e+00,5.365402047715841505e-01,-3.957483823722652422e-02,3.635350130758200141e-03,-1.824902344158385809e-03,3.333331596971680216e-02,0.000000000000000000e+00
3.895000000000000018e+00,5.363427889706706697e-01,-3.939157511082186369e-02,3.626199665203558124e-03,-1.835247523290623860e-03,3.324075953264486738e-02,0.000000000000000000e+00
3.899999999999999911e+00,5.361462880894555250e-01,-3.920887059289757115e-02,3.616998017228674391e-03,-1.845375679105914308e-03,3.314783239843793056e-02,0.000000000000000000e+00
3.905000000000000249e+00,5.359506993314092638e-01,-3.902672607072144723e-02,3.607746266460233869e-03,-1.855289004995957190e-03,3.305454381470463582e-02,0.000000000000000000e+00
3.910000000000000142e+00,5.357560198931787809e-01,-3.884514288656464726e-02,3.598445481596443309e-03,-1.864989678969033830e-03,3.296090292959490825e-02,0.000000000000000000e+00
3.915000000000000036e+00,5.355622469648111394e-01,-3.866412233820973321e-02,3.589096720483817525e-03,-1.874479863702252155e-03,3.286691879256221221e-02,0.000000000000000000e+00
3.919999999999999929e+00,5.353693777299746159e-01,-3.848366567945468719e-02,3.579701030193704111e-03,-1.883761706594402853e-03,3.277260035512206959e-02,0.000000000000000000e+00
3.925000000000000266e+00,5.351774093661774145e-01,-3.830377412061282405e-02,3.570259447098541022e-03,-1.892837339819410970e-03,3.267795647160723349e-02,0.000000000000000000e+00
3.930000000000000160e+00,5.349863390449838274e-01,-3.812444882900874882e-02,3.560772996947846568e-03,-1.901708880380364964e-03,3.258299589991899697e-02,0.000000000000000000e+00
3.935000000000000053e+00,5.347961639322280636e-01,-3.794569092947025490e-02,3.551242694943936625e-03,-1.910378430164106278e-03,3.248772730227501154e-02,0.000000000000000000e+00
3.939999999999999947e+00,5.346068811882251914e-01,-3.776750150481628793e-02,3.541669545817369494e-03,-1.918848075996366226e-03,3.239215924595333779e-02,0.000000000000000000e+00
3.945000000000000284e+00,5.344184879679805267e-01,-3.758988159634090581e-02,3.532054543902111033e-03,-1.927119889697430670e-03,3.229630020403329027e-02,0.000000000000000000e+00
3.950000000000000178e+00,5.342309814213954677e-01,-3.741283220429334616e-02,3.522398673210422673e-03,-1.935195928138325108e-03,3.220015855613186234e-02,0.000000000000000000e+00
3.955000000000000071e+00,5.340443586934718878e-01,-3.723635428835414540e-02,3.512702907507465801e-03,-1.943078233297490911e-03,3.210374258913721579e-02,0.000000000000000000e+00
3.959999999999999964e+00,5.338586169245136404e-01,-3.706044876810737215e-02,3.502968210385622085e-03,-1.950768832317954001e-03,3.200706049793807656e-02,0.000000000000000000e+00
3.965000000000000302e+00,5.336737532503259551e-01,-3.688511652350899561e-02,3.493195535338526701e-03,-1.958269737564957355e-03,3.191012038614970958e-02,0.000000000000000000e+00
3.970000000000000195e+00,5.334897648024123917e-01,-3.671035839535138900e-02,3.483385825834811860e-03,-1.965582946684052770e-03,3.181293026683598701e-02,0.000000000000000000e+00
3.975000000000000089e+00,5.333066487081695728e-01,-3.653617518572400968e-02,3.473540015391559342e-03,-1.972710442659633256e-03,3.171549806322798704e-02,0.000000000000000000e+00
3.979999999999999982e+00,5.331244020910792525e-01,-3.636256765847026284e-02,3.463659027647459851e-03,-1.979654193873891296e-03,3.161783160943860277e-02,0.000000000000000000e+00
3.984999999999999876e+00,5.329430220708989419e-01,-3.618953653964059047e-02,3.453743776435674439e-03,-1.986416154166189760e-03,3.151993865117391769e-02,0.000000000000000000e+00
3.990000000000000213e+00,5.327625057638492034e-01,-3.601708251794178556e-02,3.443795165856399724e-03,-1.992998262892834837e-03,3.142182684644030666e-02,0.000000000000000000e+00
3.995000000000000107e+00,5.325828502827996136e-01,-3.584520624518254539e-02,3.433814090349133867e-03,-1.999402444987231475e-03,3.132350376624833815e-02,0.000000000000000000e+00
4.000000000000000000e+00,5.324040527374519494e-01,-3.567390833671534034e-02,3.423801434764638541e-03,-2.005630611020416121e-03,3.122497689531261722e-02,0.000000000000000000e+00
4.004999999999999893e+00,5.322261102345214878e-01,-3.550318937187454255e-02,3.413758074436599923e-03,-2.011684657261944217e-03,3.112625363274811735e-02,0.000000000000000000e+00
4.009999999999999787e+00,5.320490198779159741e-01,-3.533304989441088395e-02,3.403684875252982207e-03,-2.017566465741128974e-03,3.102734129276269598e-02,0.000000000000000000e+00
4.014999999999999680e+00,5.318727787689125908e-01,-3.516349041292227140e-02,3.393582693727075807e-03,-2.023277904308612776e-03,3.092824710534600521e-02,0.000000000000000000e+00
4.020000000000000462e+00,5.316973840063322632e-01,-3.499451140128093801e-02,3.383452377068235477e-03,-2.028820826698262986e-03,3.082897821695437801e-02,0.000000000000000000e+00
4.025000000000000355e+00,5.315228326867126318e-01,-3.482611329905698633e-02,3.373294763252309217e-03,-2.034197072589371321e-03,3.072954169119240797e-02,0.000000000000000000e+00
4.030000000000000249e+00,5.313491219044784719e-01,-3.465829651193834404e-02,3.363110681091754494e-03,-2.039408467669157673e-03,3.062994450949064335e-02,0.000000000000000000e+00
4.035000000000000142e+00,5.311762487521097809e-01,-3.449106141214714621e-02,3.352900950305442648e-03,-2.044456823695558426e-03,3.053019357177923915e-02,0.000000000000000000e+00
4.040000000000000036e+00,5.310042103203083119e-01,-3.432440833885254394e-02,3.342666381588146711e-03,-2.049343938560286259e-03,3.043029569715840002e-02,0.000000000000000000e+00
4.044999999999999929e+00,5.308330036981617761e-01,-3.415833759857999502e-02,3.332407776679714804e-03,-2.054071596352155353e-03,3.033025762456478813e-02,0.000000000000000000e+00
4.049999999999999822e+00,5.306626259733059348e-01,-3.399284946561705045e-02,3.322125928433926519e-03,-2.058641567420657278e-03,3.023008601343420143e-02,0.000000000000000000e+00
4.054999999999999716e+00,5.304930742320849157e-01,-3.382794418241562989e-02,3.311821620887028372e-03,-2.063055608439777564e-03,3.012978744436069223e-02,0.000000000000000000e+00
4.060000000000000497e+00,5.303243455597094203e-01,-3.366362195999084844e-02,3.301495629325953540e-03,-2.067315462472041256e-03,3.002936841975188328e-02,0.000000000000000000e+00
4.065000000000000391e+00,5.301564370404128201e-01,-3.349988297831638789e-02,3.291148720356216334e-03,-2.071422859032780086e-03,2.992883536448050219e-02,0.000000000000000000e+00
4.070000000000000284e+00,5.299893457576052569e-01,-3.333672738671643321e-02,3.280781651969488788e-03,-2.075379514154604768e-03,2.982819462653210282e-02,0.000000000000000000e+00
4.075000000000000178e+00,5.298230687940261863e-01,-3.317415530425421588e-02,3.270395173610851549e-03,-2.079187130452075059e-03,2.972745247764942492e-02,0.000000000000000000e+00
4.080000000000000071e+00,5.296576032318947025e-01,-3.301216682011716419e-02,3.259990026245722546e-03,-2.082847397186560201e-03,2.962661511397278111e-02,0.000000000000000000e+00
4.084999999999999964e+00,5.294929461530576420e-01,-3.285076199399870195e-02,3.249566942426460828e-03,-2.086361990331276305e-03,2.952568865667656514e-02,0.000000000000000000e+00
4.089999999999999858e+00,5.293290946391363549e-01,-3.268994085647668885e-02,3.239126646358643415e-03,-2.089732572636488969e-03,2.942467915260239125e-02,0.000000000000000000e+00
4.094999999999999751e+00,5.291660457716714783e-01,-3.252970340938853011e-02,3.228669853967017309e-03,-2.092960793694877229e-03,2.932359257488852816e-02,0.000000000000000000e+00
4.099999999999999645e+00,5.290037966322653773e-01,-3.237004962620301796e-02,3.218197272961124088e-03,-2.096048290007044949e-03,2.922243482359520098e-02,0.000000000000000000e+00
4.105000000000000426e+00,5.288423443027232551e-01,-3.221097945238887011e-02,3.207709602900595328e-03,-2.098996685047169707e-03,2.912121172632666302e-02,0.000000000000000000e+00
4.110000000000000320e+00,5.286816858651922635e-01,-3.205249280578000709e-02,3.197207535260120602e-03,-2.101807589328785666e-03,2.901992903884931946e-02,0.000000000000000000e+00
4.115000000000000213e+00,5.285218184022987264e-01,-3.189458957693759589e-02,3.186691753494086746e-03,-2.104482600470682259e-03,2.891859244570631204e-02,0.000000000000000000e+00
4.120000000000000107e+00,5.283627389972834765e-01,-3.173726962950886715e-02,3.176162933100885356e-03,-2.107023303262919520e-03,2.881720756082820079e-02,0.000000000000000000e+00
4.125000000000000000e+00,5.282044447341357474e-01,-3.158053280058276818e-02,3.165621741686892431e-03,-2.109431269732942298e-03,2.871577992814019348e-02,0.000000000000000000e+00
4.129999999999999893e+00,5.280469326977250688e-01,-3.142437890104236853e-02,3.155068839030114938e-03,-2.111708059211792488e-03,2.861431502216570111e-02,0.000000000000000000e+00
4.134999999999999787e+00,5.278901999739311623e-01,-3.126880771591419167e-02,3.144504877143507789e-03,-2.113855218400407122e-03,2.851281824862586523e-02,0.000000000000000000e+00
4.139999999999999680e+00,5.277342436497726164e-01,-3.111381900471434092e-02,3.133930500337958180e-03,-2.115874281435991058e-03,2.841129494503593506e-02,0.000000000000000000e+00
4.145000000000000462e+00,5.275790608135334514e-01,-3.095941250179155835e-02,3.123346345284938163e-03,-2.117766769958463833e-03,2.830975038129763394e-02,0.000000000000000000e+00
4.150000000000000355e+00,5.274246485548882424e-01,-3.080558791666714730e-02,3.112753041078824591e-03,-2.119534193176963316e-03,2.820818976028804242e-02,0.000000000000000000e+00
4.155000000000000249e+00,5.272710039650253533e-01,-3.065234493437185917e-02,3.102151209298887290e-03,-2.121178047936407487e-03,2.810661821844480379e-02,0.000000000000000000e+00
4.160000000000000142e+00,5.271181241367683956e-01,-3.049968321577968891e-02,3.091541464070942866e-03,-2.122699818784100877e-03,2.800504082634749231e-02,0.000000000000000000e+00
4.165000000000000036e+00,5.269660061646963545e-01,-3.034760239793865555e-02,3.080924412128677181e-03,-2.124100978036377006e-03,2.790346258929577578e-02,0.000000000000000000e+00
4.169999999999999929e+00,5.268146471452619384e-01,-3.019610209439856779e-02,3.070300652874632594e-03,-2.125382985845275952e-03,2.780188844788357427e-02,0.000000000000000000e+00
4.174999999999999822e+00,5.266640441769080416e-01,-3.004518189553577814e-02,3.059670778440862996e-03,-2.126547290265240996e-03,2.770032327856972870e-02,0.000000000000000000e+00
4.179999999999999716e+00,5.265141943601830965e-01,-2.989484136887498103e-02,3.049035373749255356e-03,-2.127595327319836086e-03,2.759877189424522759e-02,0.000000000000000000e+00
4.185000000000000497e+00,5.263650947978542050e-01,-2.974508005940804806e-02,3.038395016571516886e-03,-2.128528521068468946e-03,2.749723904479647180e-02,0.000000000000000000e+00
4.190000000000000391e+00,5.262167425950192712e-01,-2.959589748990991767e-02,3.027750277588829152e-03,-2.129348283673118507e-03,2.739572941766536471e-02,0.000000000000000000e+00
4.195000000000000284e+00,5.260691348592172467e-01,-2.944729316125158439e-02,3.017101720451167805e-03,-2.130056015465057150e-03,2.729424763840553742e-02,0.000000000000000000e+00
4.200000000000000178e+00,5.259222687005368213e-01,-2.929926655271018407e-02,3.006449901836290989e-03,-2.130653105011563828e-03,2.719279827123514265e-02,0.000000000000000000e+00
4.205000000000000071e+00,5.257761412317236704e-01,-2.915181712227620306e-02,2.995795371508390773e-03,-2.131140929182616817e-03,2.709138581958599190e-02,0.000000000000000000e+00
4.209999999999999964e+00,5.256307495682860376e-01,-2.900494430695783193e-02,2.985138672376413688e-03,-2.131520853217563471e-03,2.699001472664914678e-02,0.000000000000000000e+00
4.214999999999999858e+00,5.254860908285988730e-01,-2.885864752308248474e-02,2.974480340552047766e-03,-2.131794230791758758e-03,2.688868937591704089e-02,0.000000000000000000e+00
4.219999999999999751e+00,5.253421621340067516e-01,-2.871292616659548713e-02,2.963820905407374764e-03,-2.131962404083169969e-03,2.678741409172212540e-02,0.000000000000000000e+00
4.224999999999999645e+00,5.251989606089247919e-01,-2.856777961335598554e-02,2.953160889632191945e-03,-2.132026703838935024e-03,2.668619313977179525e-02,0.000000000000000000e+00
4.230000000000000426e+00,5.250564833809383547e-01,-2.842320721943005987e-02,2.942500809290999036e-03,-2.131988449441874801e-03,2.658503072767986336e-02,0.000000000000000000e+00
4.235000000000000320e+00,5.249147275809014079e-01,-2.827920832138109200e-02,2.931841173879654299e-03,-2.131848948976949962e-03,2.648393100549466944e-02,0.000000000000000000e+00
4.240000000000000213e+00,5.247736903430332278e-01,-2.813578223655737245e-02,2.921182486381697536e-03,-2.131609499297656193e-03,2.638289806622359790e-02,0.000000000000000000e+00
4.245000000000000107e+00,5.246333688050138777e-01,-2.799292826337700796e-02,2.910525243324341323e-03,-2.131271386092357424e-03,2.628193594635404307e-02,0.000000000000000000e+00
4.250000000000000000e+00,5.244937601080779110e-01,-2.785064568161010889e-02,2.899869934834130910e-03,-2.130835883950544032e-03,2.618104862637095354e-02,0.000000000000000000e+00
4.254999999999999893e+00,5.243548613971071859e-01,-2.770893375265830530e-02,2.889217044692273667e-03,-2.130304256429014706e-03,2.608024003127102503e-02,0.000000000000000000e+00
4.259999999999999787e+00,5.242166698207219033e-01,-2.756779171983159138e-02,2.878567050389637186e-03,-2.129677756117978084e-03,2.597951403107329887e-02,0.000000000000000000e+00
4.264999999999999680e+00,5.240791825313703134e-01,-2.742721880862252284e-02,2.867920423181416923e-03,-2.128957624707066790e-03,2.587887444132637091e-02,0.000000000000000000e+00
4.270000000000000462e+00,5.239423966854173109e-01,-2.728721422697778787e-02,2.857277628141473812e-03,-2.128145093051256494e-03,2.577832502361220718e-02,0.000000000000000000e+00
4.275000000000000355e+00,5.238063094432311440e-01,-2.714777716556717596e-02,2.846639124216344009e-03,-2.127241381236692590e-03,2.567786948604637229e-02,0.000000000000000000e+00
4.280000000000000249e+00,5.236709179692694560e-01,-2.700890679804994476e-02,2.836005364278917310e-03,-2.126247698646408033e-03,2.557751148377511441e-02,0.000000000000000000e+00
4.285000000000000142e+00,5.235362194321636631e-01,-2.687060228133862985e-02,2.825376795181790308e-03,-2.125165244025940987e-03,2.547725461946896697e-02,0.000000000000000000e+00
4.290000000000000036e+00,5.234022110048017762e-01,-2.673286275586028715e-02,2.814753857810288213e-03,-2.123995205548835814e-03,2.537710244381276292e-02,0.000000000000000000e+00
4.294999999999999929e+00,5.232688898644104469e-01,-2.659568734581520266e-02,2.804136987135162715e-03,-2.122738760882030874e-03,2.527705845599259593e-02,0.000000000000000000e+00
4.299999999999999822e+00,5.231362531926353476e-01,-2.645907515943310070e-02,2.793526612264961555e-03,-2.121397077251123160e-03,2.517712610417920452e-02,0.000000000000000000e+00
4.304999999999999716e+00,5.230042981756203302e-01,-2.632302528922683682e-02,2.782923156498071961e-03,-2.119971311505511064e-03,2.507730878600804986e-02,0.000000000000000000e+00
4.310000000000000497e+00,5.228730220040855858e-01,-2.618753681224361349e-02,2.772327037374439258e-03,-2.118462610183404014e-03,2.497760984905622594e-02,0.000000000000000000e+00
4.315000000000000391e+00,5.227424218734040284e-01,-2.605260879031373947e-02,2.761738666726959793e-03,-2.116872109576701556e-03,2.487803259131563319e-02,0.000000000000000000e+00
4.320000000000000284e+00,5.226124949836771227e-01,-2.591824027029694319e-02,2.751158450732552486e-03,-2.115200935795732810e-03,2.477858026166346317e-02,0.000000000000000000e+00
4.325000000000000178e+00,5.224832385398089363e-01,-2.578443028432625753e-02,2.740586789962902968e-03,-2.113450204833854963e-03,2.467925606032882885e-02,0.000000000000000000e+00
4.330000000000000071e+00,5.223546497515790810e-01,-2.565117785004949677e-02,2.730024079434888520e-03,-2.111621022631906489e-03,2.458006313935631043e-02,0.000000000000000000e+00
4.334999999999999964e+00,5.222267258337146556e-01,-2.551848197086834316e-02,2.719470708660679491e-03,-2.109714485142509879e-03,2.448100460306626425e-02,0.000000000000000000e+00
4.339999999999999858e+00,5.220994640059609671e-01,-2.538634163617505685e-02,2.708927061697520219e-03,-2.107731678394220848e-03,2.438208350851202300e-02,0.000000000000000000e+00
4.344999999999999751e+00,5.219728614931508082e-01,-2.525475582158684396e-02,2.698393517197189041e-03,-2.105673678555522715e-03,2.428330286593342879e-02,0.000000000000000000e+00
4.350000000000000533e+00,5.218469155252729585e-01,-2.512372348917786546e-02,2.687870448455138665e-03,-2.103541551998657725e-03,2.418466563920759066e-02,0.000000000000000000e+00
4.355000000000000426e+00,5.217216233375390200e-01,-2.499324358770893886e-02,2.677358223459318665e-03,-2.101336355363296170e-03,2.408617474629599908e-02,0.000000000000000000e+00
4.360000000000000320e+00,5.215969821704496967e-01,-2.486331505285494306e-02,2.666857204938679650e-03,-2.099059135620036376e-03,2.398783305968886156e-02,0.000000000000000000e+00
4.365000000000000213e+00,5.214729892698596325e-01,-2.473393680742991263e-02,2.656367750411359977e-03,-2.096710930133735117e-03,2.388964340684597912e-02,0.000000000000000000e+00
4.370000000000000107e+00,5.213496418870410265e-01,-2.460510776160989427e-02,2.645890212232555883e-03,-2.094292766726664132e-03,2.379160857063444129e-02,0.000000000000000000e+00
4.375000000000000000e+00,5.212269372787462496e-01,-2.447682681315352729e-02,2.635424937642077622e-03,-2.091805663741488387e-03,2.369373128976318132e-02,0.000000000000000000e+00
4.379999999999999893e+00,5.211048727072695730e-01,-2.434909284762039675e-02,2.624972268811590764e-03,-2.089250630104063505e-03,2.359601425921458231e-02,0.000000000000000000e+00
4.384999999999999787e+00,5.209834454405075643e-01,-2.422190473858717649e-02,2.614532542891542626e-03,-2.086628665386051039e-03,2.349846013067266592e-02,0.000000000000000000e+00
4.389999999999999680e+00,5.208626527520182625e-01,-2.409526134786155530e-02,2.604106092057778196e-03,-2.083940759867348568e-03,2.340107151294819679e-02,0.000000000000000000e+00
4.395000000000000462e+00,5.207424919210797976e-01,-2.396916152569399799e-02,2.593693243557842077e-03,-2.081187894598325941e-03,2.330385097240090381e-02,0.000000000000000000e+00
4.400000000000000355e+00,5.206229602327473449e-01,-2.384360411098732438e-02,2.583294319756971637e-03,-2.078371041461874163e-03,2.320680103335823197e-02,0.000000000000000000e+00
4.405000000000000249e+00,5.205040549779096359e-01,-2.371858793150414049e-02,2.572909638183779654e-03,-2.075491163235256096e-03,2.310992417853146783e-02,0.000000000000000000e+00
4.410000000000000142e+00,5.203857734533440249e-01,-2.359411180407213621e-02,2.562539511575628176e-03,-2.072549213651763301e-03,2.301322284942841634e-02,0.000000000000000000e+00
4.415000000000000036e+00,5.202681129617705569e-01,-2.347017453478726992e-02,2.552184247923694905e-03,-2.069546137462168183e-03,2.291669944676313214e-02,0.000000000000000000e+00
4.419999999999999929e+00,5.201510708119052584e-01,-2.334677491921484382e-02,2.541844150517732093e-03,-2.066482870495977512e-03,2.282035633086266363e-02,0.000000000000000000e+00
4.424999999999999822e+00,5.200346443185120959e-01,-2.322391174258849056e-02,2.531519517990520572e-03,-2.063360339722478641e-03,2.272419582207069882e-02,0.000000000000000000e+00
4.429999999999999716e+00,5.199188308024544902e-01,-2.310158378000710944e-02,2.521210644362018027e-03,-2.060179463311577561e-03,2.262822020114835936e-02,0.000000000000000000e+00
4.435000000000000497e+00,5.198036275907452763e-01,-2.297978979662972446e-02,2.510917819083205438e-03,-2.056941150694429222e-03,2.253243170967179215e-02,0.000000000000000000e+00
4.440000000000000391e+00,5.196890320165957755e-01,-2.285852854786832311e-02,2.500641327079628200e-03,-2.053646302623854912e-03,2.243683255042674962e-02,0.000000000000000000e+00
4.445000000000000284e+00,5.195750414194644229e-01,-2.273779877957866902e-02,2.490381448794638450e-03,-2.050295811234544106e-03,2.234142488780051922e-02,0.000000000000000000e+00
4.450000000000000178e+00,5.194616531451037300e-01,-2.261759922824910229e-02,2.480138460232335102e-03,-2.046890560103041632e-03,2.224621084817049801e-02,0.000000000000000000e+00
4.455000000000000071e+00,5.193488645456069142e-01,-2.249792862118736581e-02,2.469912633000205093e-03,-2.043431424307514538e-03,2.215119252029012012e-02,0.000000000000000000e+00
4.459999999999999964e+00,5.192366729794530844e-01,-2.237878567670543301e-02,2.459704234351466241e-03,-2.039919270487300373e-03,2.205637195567164074e-02,0.000000000000000000e+00
4.464999999999999858e+00,5.191250758115518726e-01,-2.226016910430241025e-02,2.449513527227113480e-03,-2.036354956902229531e-03,2.196175116896614821e-02,0.000000000000000000e+00
4.469999999999999751e+00,5.190140704132872873e-01,-2.214207760484546150e-02,2.439340770297668010e-03,-2.032739333491725975e-03,2.186733213834077608e-02,0.000000000000000000e+00
4.475000000000000533e+00,5.189036541625600130e-01,-2.202450987074883182e-02,2.429186218004631987e-03,-2.029073241933682450e-03,2.177311680585265752e-02,0.000000000000000000e+00
4.480000000000000426e+00,5.187938244438294877e-01,-2.190746458615094525e-02,2.419050120601650040e-03,-2.025357515703103684e-03,2.167910707782040244e-02,0.000000000000000000e+00
4.485000000000000320e+00,5.186845786481548704e-01,-2.179094042708960843e-02,2.408932724195376757e-03,-2.021592980130524058e-03,2.158530482519253196e-02,0.000000000000000000e+00
4.490000000000000213e+00,5.185759141732347866e-01,-2.167493606167533379e-02,2.398834270786054899e-03,-2.017780452460190676e-03,2.149171188391299156e-02,0.000000000000000000e+00
4.495000000000000107e+00,5.184678284234470746e-01,-2.155945015026280304e-02,2.388754998307800019e-03,-2.013920741908013096e-03,2.139833005528415932e-02,0.000000000000000000e+00
4.500000000000000000e+00,5.183603188098865333e-01,-2.144448134562045721e-02,2.378695140668598846e-03,-2.010014649719282787e-03,2.130516110632654433e-02,0.000000000000000000e+00
4.504999999999999893e+00,5.182533827504030022e-01,-2.133002829309827569e-02,2.368654927790018842e-03,-2.006062969226149288e-03,2.121220677013626460e-02,0.000000000000000000e+00
4.509999999999999787e+00,5.181470176696375551e-01,-2.121608963079371982e-02,2.358634585646630227e-03,-2.002066485904864784e-03,2.111946874623920473e-02,0.000000000000000000e+00
4.514999999999999680e+00,5.180412209990586936e-01,-2.110266398971586896e-02,2.348634336305142206e-03,-1.998025977432785812e-03,2.102694870094277274e-02,0.000000000000000000e+00
4.520000000000000462e+00,5.179359901769972074e-01,-2.098974999394776983e-02,2.338654397963256873e-03,-1.993942213745137759e-03,2.093464826768473563e-02,0.000000000000000000e+00
4.525000000000000355e+00,5.178313226486804810e-01,-2.087734626080699901e-02,2.328694984988236884e-03,-1.989815957091533010e-03,2.084256904737937996e-02,0.000000000000000000e+00
4.530000000000000249e+00,5.177272158662659107e-01,-2.076545140100447689e-02,2.318756307955194707e-03,-1.985647962092250592e-03,2.075071260876091422e-02,0.000000000000000000e+00
4.535000000000000142e+00,5.176236672888735457e-01,-2.065406401880151219e-02,2.308838573685097380e-03,-1.981438975794268600e-03,2.065908048872418940e-02,0.000000000000000000e+00
4.540000000000000036e+00,5.175206743826177291e-01,-2.054318271216512906e-02,2.298941985282493706e-03,-1.977189737727052480e-03,2.056767419266252242e-02,0.000000000000000000e+00
4.544999999999999929e+00,5.174182346206386285e-01,-2.043280607292167345e-02,2.289066742172963468e-03,-1.972900979958095227e-03,2.047649519480333052e-02,0.000000000000000000e+00
4.549999999999999822e+00,5.173163454831322117e-01,-2.032293268690869500e-02,2.279213040140289082e-03,-1.968573427148212138e-03,2.038554493854058403e-02,0.000000000000000000e+00
4.554999999999999716e+00,5.172150044573800010e-01,-2.021356113412515684e-02,2.269381071363350127e-03,-1.964207796606585316e-03,2.029482483676488952e-02,0.000000000000000000e+00
4.560000000000000497e+00,5.171142090377776057e-01,-2.010468998887996253e-02,2.259571024452745533e-03,-1.959804798345558385e-03,2.020433627219067260e-02,0.000000000000000000e+00
4.565000000000000391e+00,5.170139567258632551e-01,-1.999631781993880739e-02,2.249783084487140799e-03,-1.955365135135180531e-03,2.011408059768126505e-02,0.000000000000000000e+00
4.570000000000000284e+00,5.169142450303446656e-01,-1.988844319066939564e-02,2.240017433049344177e-03,-1.950889502557501178e-03,2.002405913657067521e-02,0.000000000000000000e+00
4.575000000000000178e+00,5.168150714671261303e-01,-1.978106465918500617e-02,2.230274248262110494e-03,-1.946378589060607711e-03,1.993427318298344325e-02,0.000000000000000000e+00
4.580000000000000071e+00,5.167164335593341651e-01,-1.967418077848644142e-02,2.220553704823676963e-03,-1.941833076012415560e-03,1.984472400215141902e-02,0.000000000000000000e+00
4.584999999999999964e+00,5.166183288373425997e-01,-1.956779009660237698e-02,2.210855974043030546e-03,-1.937253637754199819e-03,1.975541283072812168e-02,0.000000000000000000e+00
4.589999999999999858e+00,5.165207548387974468e-01,-1.946189115672809777e-02,2.201181223874906865e-03,-1.932640941653873158e-03,1.966634087710077486e-02,0.000000000000000000e+00
4.594999999999999751e+00,5.164237091086404385e-01,-1.935648249736266271e-02,2.191529618954525006e-03,-1.927995648159010244e-03,1.957750932169945168e-02,0.000000000000000000e+00
4.600000000000000533e+00,5.163271891991324525e-01,-1.925156265244449411e-02,2.181901320632057342e-03,-1.923318410849612610e-03,1.948891931730406188e-02,0.000000000000000000e+00
4.605000000000000426e+00,5.162311926698754938e-01,-1.914713015148541281e-02,2.172296487006835242e-03,-1.918609876490622208e-03,1.940057198934831695e-02,0.000000000000000000e+00
4.610000000000000320e+00,5.161357170878350109e-01,-1.904318351970313641e-02,2.162715272961294143e-03,-1.913870685084169323e-03,1.931246843622184961e-02,0.000000000000000000e+00
4.615000000000000213e+00,5.160407600273607676e-01,-1.893972127815224393e-02,2.153157830194657972e-03,-1.909101469921570910e-03,1.922460972956938421e-02,0.000000000000000000e+00
4.620000000000000107e+00,5.159463190702074931e-01,-1.883674194385361392e-02,2.143624307256363371e-03,-1.904302857635066125e-03,1.913699691458768670e-02,0.000000000000000000e+00
4.625000000000000000e+00,5.158523918055544222e-01,-1.873424402992238114e-02,2.134114849579225003e-03,-1.899475468249294235e-03,1.904963101031972514e-02,0.000000000000000000e+00
4.629999999999999893e+00,5.157589758300249461e-01,-1.863222604569438057e-02,2.124629599512348026e-03,-1.894619915232511904e-03,1.896251300994700878e-02,0.000000000000000000e+00
4.634999999999999787e+00,5.156660687477047089e-01,-1.853068649685112035e-02,2.115168696353779930e-03,-1.889736805547552641e-03,1.887564388107877342e-02,0.000000000000000000e+00
4.639999999999999680e+00,5.155736681701600377e-01,-1.842962388554329756e-02,2.105732276382912566e-03,-1.884826739702524095e-03,1.878902456603945281e-02,0.000000000000000000e+00
4.645000000000000462e+00,5.154817717164550395e-01,-1.832903671051284988e-02,2.096320472892628742e-03,-1.879890311801246877e-03,1.870265598215328784e-02,0.000000000000000000e+00
4.650000000000000355e+00,5.153903770131682549e-01,-1.822892346721357096e-02,2.086933416221198150e-03,-1.874928109593432734e-03,1.861653902202661109e-02,0.000000000000000000e+00
4.655000000000000249e+00,5.152994816944090894e-01,-1.812928264793029626e-02,2.077571233783923488e-03,-1.869940714524598183e-03,1.853067455382812617e-02,0.000000000000000000e+00
4.660000000000000142e+00,5.152090834018331345e-01,-1.803011274189668736e-02,2.068234050104536797e-03,-1.864928701785721404e-03,1.844506342156636974e-02,0.000000000000000000e+00
4.665000000000000036e+00,5.151191797846571552e-01,-1.793141223541158333e-02,2.058921986846348143e-03,-1.859892640362636107e-03,1.835970644536508156e-02,0.000000000000000000e+00
4.669999999999999929e+00,5.150297684996736347e-01,-1.783317961195399551e-02,2.049635162843149293e-03,-1.854833093085160416e-03,1.827460442173636790e-02,0.000000000000000000e+00
4.674999999999999822e+00,5.149408472112643187e-01,-1.773541335229669724e-02,2.040373694129871043e-03,-1.849750616675970103e-03,1.818975812385122126e-02,0.000000000000000000e+00
4.679999999999999716e+00,5.148524135914137601e-01,-1.763811193461845700e-02,2.031137693972997257e-03,-1.844645761799204239e-03,1.810516830180812498e-02,0.000000000000000000e+00
4.685000000000000497e+00,5.147644653197217535e-01,-1.754127383461491843e-02,2.021927272900736917e-03,-1.839519073108812370e-03,1.802083568289906956e-02,0.000000000000000000e+00
4.690000000000000391e+00,5.146770000834156589e-01,-1.744489752560813428e-02,2.012742538732954171e-03,-1.834371089296638014e-03,1.793676097187352908e-02,0.000000000000000000e+00
4.695000000000000284e+00,5.145900155773619478e-01,-1.734898147865476803e-02,2.003583596610859427e-03,-1.829202343140239355e-03,1.785294485120009558e-02,0.000000000000000000e+00
4.700000000000000178e+00,5.145035095040771944e-01,-1.725352416265298408e-02,1.994450549026462356e-03,-1.824013361550449715e-03,1.776938798132583763e-02,0.000000000000000000e+00
4.705000000000000071e+00,5.144174795737387340e-01,-1.715852404444801610e-02,1.985343495851786370e-03,-1.818804665618675232e-03,1.768609100093358061e-02,0.000000000000000000e+00
4.709999999999999964e+00,5.143319235041945436e-01,-1.706397958893645164e-02,1.976262534367848479e-03,-1.813576770663928844e-03,1.760305452719676533e-02,0.000000000000000000e+00
4.714999999999999858e+00,5.142468390209727902e-01,-1.696988925916922616e-02,1.967207759293404089e-03,-1.808330186279604509e-03,1.752027915603236036e-02,0.000000000000000000e+00
4.719999999999999751e+00,5.141622238572908232e-01,-1.687625151645334373e-02,1.958179262813458926e-03,-1.803065416379987526e-03,1.743776546235140806e-02,0.000000000000000000e+00
4.725000000000000533e+00,5.140780757540635015e-01,-1.678306482045234180e-02,1.949177134607548052e-03,-1.797782959246504867e-03,1.735551400030744748e-02,0.000000000000000000e+00
4.730000000000000426e+00,5.139943924599114089e-01,-1.669032762928549657e-02,1.940201461877786356e-03,-1.792483307573712039e-03,1.727352530354290747e-02,0.000000000000000000e+00
4.735000000000000320e+00,5.139111717311679595e-01,-1.659803839962579672e-02,1.931252329376687438e-03,-1.787166948515019104e-03,1.719179988543311291e-02,0.000000000000000000e+00
4.740000000000000213e+00,5.138284113318868362e-01,-1.650619558679667850e-02,1.922329819434756126e-03,-1.781834363728154735e-03,1.711033823932852499e-02,0.000000000000000000e+00
4.745000000000000107e+00,5.137461090338483194e-01,-1.641479764486756046e-02,1.913434011987853300e-03,-1.776486029420371168e-03,1.702914083879462914e-02,0.000000000000000000e+00
4.750000000000000000e+00,5.136642626165650594e-01,-1.632384302674815338e-02,1.904564984604336514e-03,-1.771122416393386976e-03,1.694820813784957136e-02,0.000000000000000000e+00
4.754999999999999893e+00,5.135828698672879611e-01,-1.623333018428158372e-02,1.895722812511975094e-03,-1.765743990088067478e-03,1.686754057120011530e-02,0.000000000000000000e+00
4.759999999999999787e+00,5.135019285810112910e-01,-1.614325756833634093e-02,1.886907568624643632e-03,-1.760351210628847106e-03,1.678713855447534417e-02,0.000000000000000000e+00
4.764999999999999680e+00,5.134214365604770069e-01,-1.605362362889703118e-02,1.878119323568793429e-03,-1.754944532867891774e-03,1.670700248445810068e-02,0.000000000000000000e+00
4.770000000000000462e+00,5.133413916161794210e-01,-1.596442681515398282e-02,1.869358145709704502e-03,-1.749524406428999094e-03,1.662713273931482744e-02,0.000000000000000000e+00
4.775000000000000355e+00,5.132617915663684194e-01,-1.587566557559169297e-02,1.860624101177517494e-03,-1.744091275751241199e-03,1.654752967882289205e-02,0.000000000000000000e+00
4.780000000000000249e+00,5.131826342370533478e-01,-1.578733835807613964e-02,1.851917253893049396e-03,-1.738645580132348661e-03,1.646819364459640306e-02,0.000000000000000000e+00
4.785000000000000142e+00,5.131039174620053434e-01,-1.569944360994095581e-02,1.843237665593391557e-03,-1.733187753771834195e-03,1.638912496030948962e-02,0.000000000000000000e+00
4.790000000000000036e+00,5.130256390827601098e-01,-1.561197977807247603e-02,1.834585395857294115e-03,-1.727718225813859631e-03,1.631032393191800267e-02,0.000000000000000000e+00
4.794999999999999929e+00,5.129477969486199163e-01,-1.552494530899368834e-02,1.825960502130336179e-03,-1.722237420389842889e-03,1.623179084787916560e-02,0.000000000000000000e+00
4.799999999999999822e+00,5.128703889166550400e-01,-1.543833864894707079e-02,1.817363039749883081e-03,-1.716745756660810387e-03,1.615352597936905998e-02,0.000000000000000000e+00
4.804999999999999716e+00,5.127934128517052104e-01,-1.535215824397634723e-02,1.808793061969833508e-03,-1.711243648859489888e-03,1.607552958049846339e-02,0.000000000000000000e+00
4.810000000000000497e+00,5.127168666263802743e-01,-1.526640254000715714e-02,1.800250619985155646e-03,-1.705731506332147911e-03,1.599780188852650831e-02,0.000000000000000000e+00
4.815000000000000391e+00,5.126407481210604189e-01,-1.518106998292665516e-02,1.791735762956216246e-03,-1.700209733580172571e-03,1.592034312407244329e-02,0.000000000000000000e+00
4.820000000000000284e+00,5.125650552238963931e-01,-1.509615901866205416e-02,1.783248538032900865e-03,-1.694678730301396857e-03,1.584315349132566983e-02,0.000000000000000000e+00
4.825000000000000178e+00,5.124897858308090637e-01,-1.501166809325811535e-02,1.774788990378529203e-03,-1.689138891431169950e-03,1.576623317825373571e-02,0.000000000000000000e+00
4.830000000000000071e+00,5.124149378454886383e-01,-1.492759565295359407e-02,1.766357163193565515e-03,-1.683590607183174182e-03,1.568958235680849647e-02,0.000000000000000000e+00
4.834999999999999964e+00,5.123405091793935551e-01,-1.484394014425666382e-02,1.757953097739125203e-03,-1.678034263089986985e-03,1.561320118313042765e-02,0.000000000000000000e+00
4.839999999999999858e+00,5.122664977517487062e-01,-1.476070001401930641e-02,1.749576833360279304e-03,-1.672470240043390016e-03,1.553708979775085194e-02,0.000000000000000000e+00
4.844999999999999751e+00,5.121929014895438836e-01,-1.467787370951070466e-02,1.741228407509158842e-03,-1.666898914334424353e-03,1.546124832579278199e-02,0.000000000000000000e+00
4.850000000000000533e+00,5.121197183275312259e-01,-1.459545967848961852e-02,1.732907855767857946e-03,-1.661320657693195245e-03,1.538567687716946124e-02,0.000000000000000000e+00
4.855000000000000426e+00,5.120469462082227752e-01,-1.451345636927577759e-02,1.724615211871140729e-03,-1.655735837328424021e-03,1.531037554678142329e-02,0.000000000000000000e+00
4.860000000000000320e+00,5.119745830818873689e-01,-1.443186223082029186e-02,1.716350507728948678e-03,-1.650144815966749336e-03,1.523534441471152169e-02,0.000000000000000000e+00
4.865000000000000213e+00,5.119026269065473089e-01,-1.435067571277507531e-02,1.708113773448714182e-03,-1.644547951891777967e-03,1.516058354641828740e-02,0.000000000000000000e+00
4.870000000000000107e+00,5.118310756479749202e-01,-1.426989526556132412e-02,1.699905037357478258e-03,-1.638945598982886019e-03,1.508609299292760011e-02,0.000000000000000000e+00
4.875000000000000000e+00,5.117599272796883314e-01,-1.418951934043702172e-02,1.691724326023815285e-03,-1.633338106753771642e-03,1.501187279102235081e-02,0.000000000000000000e+00
4.879999999999999893e+00,5.116891797829469235e-01,-1.410954638956350704e-02,1.683571664279565191e-03,-1.627725820390759455e-03,1.493792296343037299e-02,0.000000000000000000e+00
4.884999999999999787e+00,5.116188311467471106e-01,-1.402997486607110086e-02,1.675447075241375894e-03,-1.622109080790855177e-03,1.486424351901100178e-02,0.000000000000000000e+00
4.889999999999999680e+00,5.115488793678171220e-01,-1.395080322412380926e-02,1.667350580332054282e-03,-1.616488224599556961e-03,1.479083445293949764e-02,0.000000000000000000e+00
4.895000000000000462e+00,5.114793224506114511e-01,-1.387202991898309895e-02,1.659282199301730489e-03,-1.610863584248416929e-03,1.471769574688975082e-02,0.000000000000000000e+00
4.900000000000000355e+00,5.114101584073054152e-01,-1.379365340707077066e-02,1.651241950248833953e-03,-1.605235487992359407e-03,1.464482736921556352e-02,0.000000000000000000e+00
4.905000000000000249e+00,5.113413852577893826e-01,-1.371567214603092687e-02,1.643229849640883648e-03,-1.599604259946753055e-03,1.457222927513018851e-02,0.000000000000000000e+00
4.910000000000000142e+00,5.112730010296622218e-01,-1.363808459479103931e-02,1.635245912335093772e-03,-1.593970220124240993e-03,1.449990140688392146e-02,0.000000000000000000e+00
4.915000000000000036e+00,5.112050037582248629e-01,-1.356088921362214907e-02,1.627290151598796220e-03,-1.588333684471325037e-03,1.442784369394026212e-02,0.000000000000000000e+00
4.919999999999999929e+00,5.111373914864733026e-01,-1.348408446419816983e-02,1.619362579129679383e-03,-1.582694964904710327e-03,1.435605605315029738e-02,0.000000000000000000e+00
4.924999999999999822e+00,5.110701622650916098e-01,-1.340766880965434289e-02,1.611463205075847841e-03,-1.577054369347404049e-03,1.428453838892559079e-02,0.000000000000000000e+00
4.929999999999999716e+00,5.110033141524443767e-01,-1.333164071464481952e-02,1.603592038055700556e-03,-1.571412201764578465e-03,1.421329059340926439e-02,0.000000000000000000e+00
4.935000000000000497e+00,5.109368452145690576e-01,-1.325599864539939859e-02,1.595749085177630613e-03,-1.565768762199189331e-03,1.414231254664558360e-02,0.000000000000000000e+00
4.940000000000000391e+00,5.108707535251678644e-01,-1.318074106977942112e-02,1.587934352059548445e-03,-1.560124346807358195e-03,1.407160411674787323e-02,0.000000000000000000e+00
4.945000000000000284e+00,5.108050371655995514e-01,-1.310586645733283033e-02,1.580147842848227688e-03,-1.554479247893513546e-03,1.400116516006486359e-02,0.000000000000000000e+00
4.950000000000000178e+00,5.107396942248707550e-01,-1.303137327934840613e-02,1.572389560238476045e-03,-1.548833753945297147e-03,1.393099552134537816e-02,0.000000000000000000e+00
4.955000000000000071e+00,5.106747227996271121e-01,-1.295726000890918585e-02,1.564659505492133106e-03,-1.543188149668229875e-03,1.386109503390151043e-02,0.000000000000000000e+00
4.959999999999999964e+00,5.106101209941444896e-01,-1.288352512094506457e-02,1.556957678456893836e-03,-1.537542716020144683e-03,1.379146351977042148e-02,0.000000000000000000e+00
4.964999999999999858e+00,5.105458869203191030e-01,-1.281016709228460608e-02,1.549284077584962491e-03,-1.531897730245383856e-03,1.372210078987408030e-02,0.000000000000000000e+00
4.969999999999999751e+00,5.104820186976584129e-01,-1.273718440170605419e-02,1.541638699951534356e-03,-1.526253465908759691e-03,1.365300664417811935e-02,0.000000000000000000e+00
4.975000000000000533e+00,5.104185144532709106e-01,-1.266457552998755814e-02,1.534021541273109012e-03,-1.520610192929285976e-03,1.358418087184859284e-02,0.000000000000000000e+00
4.980000000000000426e+00,5.103553723218560156e-01,-1.259233895995662440e-02,1.526432595925635537e-03,-1.514968177613672685e-03,1.351562325140748949e-02,0.000000000000000000e+00
4.985000000000000320e+00,5.102925904456939721e-01,-1.252047317653878951e-02,1.518871856962491400e-03,-1.509327682689590167e-03,1.344733355088686619e-02,0.000000000000000000e+00
4.990000000000000213e+00,5.102301669746348578e-01,-1.244897666680554356e-02,1.511339316132293952e-03,-1.503688967338705652e-03,1.337931152798109771e-02,0.000000000000000000e+00
4.995000000000000107e+00,5.101681000660880372e-01,-1.237784792002148519e-02,1.503834963896549066e-03,-1.498052287229484705e-03,1.331155693019802147e-02,0.000000000000000000e+00
5.000000000000000000e+00,5.101063878850109479e-01,-1.230708542769074106e-02,1.496358789447135200e-03,-1.492417894549768033e-03,1.324406949500843422e-02,0.000000000000000000e+00
5.004999999999999893e+00,5.100450286038977765e-01,-1.223668768360263760e-02,1.488910780723626129e-03,-1.486786038039117136e-03,1.317684894999412298e-02,0.000000000000000000e+00
5.009999999999999787e+00,5.099840204027680235e-01,-1.216665318387664431e-02,1.481490924430451045e-03,-1.481156963020935097e-03,1.310989501299454456e-02,0.000000000000000000e+00
5.014999999999999680e+00,5.099233614691546235e-01,-1.209698042700659351e-02,1.474099206053896150e-03,-1.475530911434359696e-03,1.304320739225190914e-02,0.000000000000000000e+00
5.020000000000000462e+00,5.098630499980920661e-01,-1.202766791390417860e-02,1.466735609878946868e-03,-1.469908121865932298e-03,1.297678578655506523e-02,0.000000000000000000e+00
5.025000000000000355e+00,5.098030841921040723e-01,-1.195871414794174789e-02,1.459400119005971764e-03,-1.464288829581041236e-03,1.291062988538165847e-02,0.000000000000000000e+00
5.030000000000000249e+00,5.097434622611912713e-01,-1.189011763499438906e-02,1.452092715367249908e-03,-1.458673266555141198e-03,1.284473936903918895e-02,0.000000000000000000e+00
5.035000000000000142e+00,5.096841824228187656e-01,-1.182187688348132482e-02,1.444813379743343845e-03,-1.453061661504753167e-03,1.277911390880462003e-02,0.000000000000000000e+00
5.040000000000000036e+00,5.096252429019028085e-01,-1.175399040440661298e-02,1.437562091779316219e-03,-1.447454239918240368e-03,1.271375316706222294e-02,0.000000000000000000e+00
5.044999999999999929e+00,5.095666419307982586e-01,-1.168645671139917352e-02,1.430338830000794838e-03,-1.441851224086361950e-03,1.264865679744067717e-02,0.000000000000000000e+00
5.049999999999999822e+00,5.095083777492852573e-01,-1.161927432075213207e-02,1.423143571829884419e-03,-1.436252833132610485e-03,1.258382444494837368e-02,0.000000000000000000e+00
5.054999999999999716e+00,5.094504486045555725e-01,-1.155244175146150250e-02,1.415976293600927638e-03,-1.430659283043330451e-03,1.251925574610736683e-02,0.000000000000000000e+00
5.060000000000000497e+00,5.093928527511992765e-01,-1.148595752526421036e-02,1.408836970576115687e-03,-1.425070786697615107e-03,1.245495032908626107e-02,0.000000000000000000e+00
5.065000000000000391e+00,5.093355884511906462e-01,-1.141982016667545362e-02,1.401725576960950953e-03,-1.419487553896992167e-03,1.239090781383140639e-02,0.000000000000000000e+00
5.070000000000000284e+00,5.092786539738746177e-01,-1.135402820302542672e-02,1.394642085919560286e-03,-1.413909791394887426e-03,1.232712781219724198e-02,0.000000000000000000e+00
5.075000000000000178e+00,5.092220475959522430e-01,-1.128858016449539765e-02,1.387586469589862986e-03,-1.408337702925880220e-03,1.226360992807482009e-02,0.000000000000000000e+00
5.080000000000000071e+00,5.091657676014664791e-01,-1.122347458415315531e-02,1.380558699098591779e-03,-1.402771489234740532e-03,1.220035375751932737e-02,0.000000000000000000e+00
5.084999999999999964e+00,5.091098122817875327e-01,-1.115870999798782709e-02,1.373558744576170235e-03,-1.397211348105254240e-03,1.213735888887620615e-02,0.000000000000000000e+00
5.089999999999999858e+00,5.090541799355984276e-01,-1.109428494494408071e-02,1.366586575171445557e-03,-1.391657474388836727e-03,1.207462490290615170e-02,0.000000000000000000e+00
5.094999999999999751e+00,5.089988688688800167e-01,-1.103019796695570674e-02,1.359642159066279561e-03,-1.386110060032934646e-03,1.201215137290868526e-02,0.000000000000000000e+00
5.100000000000000533e+00,5.089438773948958827e-01,-1.096644760897859741e-02,1.352725463489998269e-03,-1.380569294109221462e-03,1.194993786484445028e-02,0.000000000000000000e+00
5.105000000000000426e+00,5.088892038341772395e-01,-1.090303241902312696e-02,1.345836454733700125e-03,-1.375035362841578760e-03,1.188798393745637422e-02,0.000000000000000000e+00
5.110000000000000320e+00,5.088348465145074995e-01,-1.083995094818592832e-02,1.338975098164426085e-03,-1.369508449633873720e-03,1.182628914238949974e-02,0.000000000000000000e+00
5.115000000000000213e+00,5.087808037709068421e-01,-1.077720175068109035e-02,1.332141358239189843e-03,-1.363988735097527777e-03,1.176485302430963636e-02,0.000000000000000000e+00
5.120000000000000107e+00,5.087270739456165591e-01,-1.071478338387077574e-02,1.325335198518872316e-03,-1.358476397078879280e-03,1.170367512102081856e-02,0.000000000000000000e+00
5.125000000000000000e+00,5.086736553880831790e-01,-1.065269440829524905e-02,1.318556581681978868e-03,-1.352971610686341895e-03,1.164275496358144722e-02,0.000000000000000000e+00
5.129999999999999893e+00,5.086205464549424793e-01,-1.059093338770234968e-02,1.311805469538261442e-03,-1.347474548317361114e-03,1.158209207641928973e-02,0.000000000000000000e+00
5.134999999999999787e+00,5.085677455100033884e-01,-1.052949888907639582e-02,1.305081823042206256e-03,-1.341985379685162400e-03,1.152168597744529857e-02,0.000000000000000000e+00
5.139999999999999680e+00,5.085152509242317764e-01,-1.046838948266652809e-02,1.298385602306388565e-03,-1.336504271845303290e-03,1.146153617816625739e-02,0.000000000000000000e+00
5.145000000000000462e+00,5.084630610757342462e-01,-1.040760374201451025e-02,1.291716766614695163e-03,-1.331031389222020163e-03,1.140164218379636010e-02,0.000000000000000000e+00
5.150000000000000355e+00,5.084111743497411462e-01,-1.034714024398197298e-02,1.285075274435415471e-03,-1.325566893634380281e-03,1.134200349336722882e-02,0.000000000000000000e+00
5.155000000000000249e+00,5.083595891385902510e-01,-1.028699756877712868e-02,1.278461083434202306e-03,-1.320110944322228476e-03,1.128261959983726734e-02,0.000000000000000000e+00
5.160000000000000142e+00,5.083083038417098853e-01,-1.022717429998094667e-02,1.271874150486903849e-03,-1.314663697971941514e-03,1.122348999019960603e-02,0.000000000000000000e+00
5.165000000000000036e+00,5.082573168656019380e-01,-1.016766902457280283e-02,1.265314431692266374e-03,-1.309225308741982516e-03,1.116461414558892092e-02,0.000000000000000000e+00
5.169999999999999929e+00,5.082066266238249863e-01,-1.010848033295560361e-02,1.258781882384510994e-03,-1.303795928288261317e-03,1.110599154138730386e-02,0.000000000000000000e+00
5.174999999999999822e+00,5.081562315369768656e-01,-1.004960681898040345e-02,1.252276457145783334e-03,-1.298375705789298800e-03,1.104762164732871546e-02,0.000000000000000000e+00
5.179999999999999716e+00,5.081061300326774610e-01,-9.991047079970494932e-03,1.245798109818477663e-03,-1.292964787971199103e-03,1.098950392760254455e-02,0.000000000000000000e+00
5.185000000000000497e+00,5.080563205455513875e-01,-9.932799716745013135e-03,1.239346793517436983e-03,-1.287563319132426463e-03,1.093163784095611130e-02,0.000000000000000000e+00
5.190000000000000391e+00,5.080068015172103379e-01,-9.874863333642024815e-03,1.232922460642029957e-03,-1.282171441168393402e-03,1.087402284079588832e-02,0.000000000000000000e+00
5.195000000000000284e+00,5.079575713962354300e-01,-9.817236538541131846e-03,1.226525062888105108e-03,-1.276789293595855055e-03,1.081665837528777985e-02,0.000000000000000000e+00
5.200000000000000178e+00,5.079086286381596649e-01,-9.759917942885583744e-03,1.220154551259822933e-03,-1.271417013577117242e-03,1.075954388745642420e-02,0.000000000000000000e+00
5.205000000000000071e+00,5.078599717054496088e-01,-9.702906161703906199e-03,1.213810876081368971e-03,-1.266054735944053275e-03,1.070267881528300449e-02,0.000000000000000000e+00
5.209999999999999964e+00,5.078115990674879621e-01,-9.646199813631054290e-03,1.207493987008545445e-03,-1.260702593221934079e-03,1.064606259180268105e-02,0.000000000000000000e+00
5.214999999999999858e+00,5.077635092005549078e-01,-9.589797520929092128e-03,1.201203833040245372e-03,-1.255360715653071595e-03,1.058969464520023024e-02,0.000000000000000000e+00
5.219999999999999751e+00,5.077157005878103480e-01,-9.533697909507404117e-03,1.194940362529808928e-03,-1.250029231220276807e-03,1.053357439890531370e-02,0.000000000000000000e+00
5.225000000000000533e+00,5.076681717192755849e-01,-9.477899608942446513e-03,1.188703523196262511e-03,-1.244708265670132130e-03,1.047770127168637030e-02,0.000000000000000000e+00
5.230000000000000426e+00,5.076209210918145587e-01,-9.422401252497042759e-03,1.182493262135441781e-03,-1.239397942536083408e-03,1.042207467774333360e-02,0.000000000000000000e+00
5.235000000000000320e+00,5.075739472091159721e-01,-9.367201477139220842e-03,1.176309525831000218e-03,-1.234098383161344112e-03,1.036669402679991914e-02,0.000000000000000000e+00
5.240000000000000213e+00,5.075272485816740842e-01,-9.312298923560615241e-03,1.170152260165303838e-03,-1.228809706721623041e-03,1.031155872419417530e-02,0.000000000000000000e+00
5.245000000000000107e+00,5.074808237267705024e-01,-9.257692236194419583e-03,1.164021410430211411e-03,-1.223532030247669001e-03,1.025666817096864206e-02,0.000000000000000000e+00
5.250000000000000000e+00,5.074346711684553091e-01,-9.203380063232903877e-03,1.157916921337743882e-03,-1.218265468647636600e-03,1.020202176395926946e-02,0.000000000000000000e+00
5.254999999999999893e+00,5.073887894375280760e-01,-9.149361056644499807e-03,1.151838737030641893e-03,-1.213010134729272703e-03,1.014761889588325708e-02,0.000000000000000000e+00
5.259999999999999787e+00,5.073431770715191025e-01,-9.095633872190467956e-03,1.145786801092812295e-03,-1.207766139221927481e-03,1.009345895542615966e-02,0.000000000000000000e+00
5.264999999999999680e+00,5.072978326146704298e-01,-9.042197169441131346e-03,1.139761056559665574e-03,-1.202533590798386979e-03,1.003954132732791729e-02,0.000000000000000000e+00
5.270000000000000462e+00,5.072527546179166347e-01,-8.989049611791699590e-03,1.133761445928344437e-03,-1.197312596096530499e-03,9.985865392467884599e-03,0.000000000000000000e+00
5.275000000000000355e+00,5.072079416388657336e-01,-8.936189866477680169e-03,1.127787911167845054e-03,-1.192103259740816008e-03,9.932430527949002996e-03,0.000000000000000000e+00
5.280000000000000249e+00,5.071633922417799756e-01,-8.883616604589878590e-03,1.121840393729030098e-03,-1.186905684363588403e-03,9.879236107181020576e-03,0.000000000000000000e+00
5.285000000000000142e+00,5.071191049975564136e-01,-8.831328501089006494e-03,1.115918834554537054e-03,-1.181719970626218851e-03,9.826281499962688515e-03,0.000000000000000000e+00
5.290000000000000036e+00,5.070750784837075864e-01,-8.779324234819876893e-03,1.110023174088579836e-03,-1.176546217240070436e-03,9.773566072563176846e-03,0.000000000000000000e+00
5.294999999999999929e+00,5.070313112843420900e-01,-8.727602488525221247e-03,1.104153352286647415e-03,-1.171384520987293378e-03,9.721089187802497977e-03,0.000000000000000000e+00
5.299999999999999822e+00,5.069878019901451482e-01,-8.676161948859109282e-03,1.098309308625098138e-03,-1.166234976741451976e-03,9.668850205131137437e-03,0.000000000000000000e+00
5.304999999999999716e+00,5.069445491983587404e-01,-8.625001306399985440e-03,1.092490982110651265e-03,-1.161097677487985674e-03,9.616848480708503275e-03,0.000000000000000000e+00
5.310000000000000497e+00,5.069015515127621718e-01,-8.574119255663330622e-03,1.086698311289776816e-03,-1.155972714344496001e-03,9.565083367480811671e-03,0.000000000000000000e+00
5.315000000000000391e+00,5.068588075436523122e-01,-8.523514495113942296e-03,1.080931234257984574e-03,-1.150860176580873265e-03,9.513554215257947339e-03,0.000000000000000000e+00
5.320000000000000284e+00,5.068163159078238333e-01,-8.473185727177850318e-03,1.075189688669012274e-03,-1.145760151639255847e-03,9.462260370789440933e-03,0.000000000000000000e+00
5.325000000000000178e+00,5.067740752285493366e-01,-8.423131658253864978e-03,1.069473611743915328e-03,-1.140672725153824701e-03,9.411201177839608606e-03,0.000000000000000000e+00
5.330000000000000071e+00,5.067320841355594796e-01,-8.373350998724759034e-03,1.063782940280057036e-03,-1.135597980970435433e-03,9.360375977261803371e-03,0.000000000000000000e+00
5.334999999999999964e+00,5.066903412650229921e-01,-8.323842462968101055e-03,1.058117610660001644e-03,-1.130536001166086669e-03,9.309784107071845949e-03,0.000000000000000000e+00
5.339999999999999858e+00,5.066488452595266923e-01,-8.274604769366726217e-03,1.052477558860310256e-03,-1.125486866068228613e-03,9.259424902520588252e-03,0.000000000000000000e+00
5.344999999999999751e+00,5.066075947680556135e-01,-8.225636640318861881e-03,1.046862720460240911e-03,-1.120450654273909838e-03,9.209297696165779507e-03,0.000000000000000000e+00
5.350000000000000533e+00,5.065665884459724655e-01,-8.176936802247914901e-03,1.041273030650352593e-03,-1.115427442668766658e-03,9.159401817942698990e-03,0.000000000000000000e+00
5.355000000000000426e+00,5.065258249549979830e-01,-8.128503985611905056e-03,1.035708424241015566e-03,-1.110417306445850511e-03,9.109736595234580597e-03,0.000000000000000000e+00
5.360000000000000320e+00,5.064853029631903869e-01,-8.080336924912575811e-03,1.030168835670827168e-03,-1.105420319124301824e-03,9.060301352941628819e-03,0.000000000000000000e+00
5.365000000000000213e+00,5.064450211449252892e-01,-8.032434358704163349e-03,1.024654199014935234e-03,-1.100436552567864937e-03,9.011095413549630520e-03,0.000000000000000000e+00
5.370000000000000107e+00,5.064049781808753758e-01,-7.984795029601841204e-03,1.019164447993269355e-03,-1.095466077003248630e-03,8.962118097197574462e-03,0.000000000000000000e+00
5.375000000000000000e+00,5.063651727579902007e-01,-7.937417684289838765e-03,1.013699515978679772e-03,-1.090508961038332046e-03,8.913368721744604692e-03,0.000000000000000000e+00
5.379999999999999893e+00,5.063256035694755353e-01,-7.890301073529244064e-03,1.008259336004986920e-03,-1.085565271680217093e-03,8.864846602835945236e-03,0.000000000000000000e+00
5.384999999999999787e+00,5.062862693147731630e-01,-7.843443952165485636e-03,1.002843840774940562e-03,-1.080635074353127317e-03,8.816551053968332136e-03,0.000000000000000000e+00
5.389999999999999680e+00,5.062471686995405618e-01,-7.796845079135503002e-03,9.974529626680893584e-04,-1.075718432916155862e-03,8.768481386554616286e-03,0.000000000000000000e+00
5.395000000000000462e+00,5.062083004356301430e-01,-7.750503217474608367e-03,9.920866337485626223e-04,-1.070815409680864021e-03,8.720636909987384416e-03,0.000000000000000000e+00
5.400000000000000355e+00,5.061696632410689345e-01,-7.704417134323044737e-03,9.867447857727642494e-04,-1.065926065428728217e-03,8.673016931702061394e-03,0.000000000000000000e+00
5.405000000000000249e+00,5.061312558400379302e-01,-7.658585600932243942e-03,9.814273501969799154e-04,-1.061050459428439100e-03,8.625620757239143427e-03,0.000000000000000000e+00
5.410000000000000142e+00,5.060930769628516623e-01,-7.613007392670783670e-03,9.761342581848982949e-04,-1.056188649453052974e-03,8.578447690305787687e-03,0.000000000000000000e+00
5.415000000000000036e+00,5.060551253459374399e-01,-7.567681289030056546e-03,9.708654406150461942e-04,-1.051340691796996425e-03,8.531497032836503347e-03,0.000000000000000000e+00
5.419999999999999929e+00,5.060173997318148098e-01,-7.522606073629646041e-03,9.656208280881397677e-04,-1.046506641292924361e-03,8.484768085053245867e-03,0.000000000000000000e+00
5.424999999999999822e+00,5.059798988690750177e-01,-7.477780534222414413e-03,9.604003509343513826e-04,-1.041686551328434296e-03,8.438260145524820871e-03,0.000000000000000000e+00
5.429999999999999716e+00,5.059426215123600246e-01,-7.433203462699313098e-03,9.552039392204936512e-04,-1.036880473862637070e-03,8.391972511225300954e-03,0.000000000000000000e+00
5.435000000000000497e+00,5.059055664223420790e-01,-7.388873655093912939e-03,9.500315227571204130e-04,-1.032088459442581435e-03,8.345904477592104229e-03,0.000000000000000000e+00
5.440000000000000391e+00,5.058687323657028445e-01,-7.344789911586655125e-03,9.448830311055466183e-04,-1.027310557219540937e-03,8.300055338583082337e-03,0.000000000000000000e+00
5.445000000000000284e+00,5.058321181151127499e-01,-7.300951036508834986e-03,9.397583935847866801e-04,-1.022546814965156169e-03,8.254424386733067234e-03,0.000000000000000000e+00
5.450000000000000178e+00,5.057957224492101167e-01,-7.257355838346316902e-03,9.346575392784122697e-04,-1.017797279087438462e-03,8.209010913209621729e-03,0.000000000000000000e+00
5.455000000000000071e+00,5.057595441525806201e-01,-7.214003129742981198e-03,9.295803970413312909e-04,-1.013061994646633933e-03,8.163814207868276551e-03,0.000000000000000000e+00
5.459999999999999964e+00,5.057235820157360839e-01,-7.170891727503914299e-03,9.245268955064868399e-04,-1.008341005370950267e-03,8.118833559306738723e-03,0.000000000000000000e+00
5.464999999999999858e+00,5.056878348350939412e-01,-7.128020452598337817e-03,9.194969630914785362e-04,-1.003634353672142781e-03,8.074068254918805032e-03,0.000000000000000000e+00
5.469999999999999751e+00,5.056523014129565841e-01,-7.085388130162282617e-03,9.144905280051063333e-04,-9.989420806609681982e-04,8.029517580947576408e-03,0.000000000000000000e+00
5.475000000000000533e+00,5.056169805574900478e-01,-7.042993589501014839e-03,9.095075182538368093e-04,-9.942642261625003145e-04,7.985180822537582893e-03,0.000000000000000000e+00
5.480000000000000426e+00,5.055818710827034712e-01,-7.000835664091209498e-03,9.045478616481937790e-04,-9.896008287313116415e-04,7.941057263786766365e-03,0.000000000000000000e+00
5.485000000000000320e+00,5.055469718084282249e-01,-6.958913191582884704e-03,8.996114858090730132e-04,-9.849519256665201835e-04,7.897146187797583761e-03,0.000000000000000000e+00
5.490000000000000213e+00,5.055122815602970388e-01,-6.917225013801088680e-03,8.946983181739822559e-04,-9.803175530267054568e-04,7.853446876727513543e-03,0.000000000000000000e+00
5.495000000000000107e+00,5.054777991697229078e-01,-6.875769976747353462e-03,8.898082860032069732e-04,-9.756977456446914781e-04,7.809958611838746859e-03,0.000000000000000000e+00
5.500000000000000000e+00,5.054435234738785532e-01,-6.834546930600911806e-03,8.849413163859022689e-04,-9.710925371421971547e-04,7.766680673547632363e-03,0.000000000000000000e+00
5.504999999999999893e+00,5.054094533156753277e-01,-6.793554729719678172e-03,8.800973362461120492e-04,-9.665019599443599313e-04,7.723612341473135717e-03,0.000000000000000000e+00
5.509999999999999787e+00,5.053755875437422329e-01,-6.752792232641007669e-03,8.752762723487160891e-04,-9.619260452941283575e-04,7.680752894484752652e-03,0.000000000000000000e+00
5.514999999999999680e+00,5.053419250124052686e-01,-6.712258302082226881e-03,8.704780513053051068e-04,-9.573648232665231406e-04,7.638101610750029982e-03,0.000000000000000000e+00
5.520000000000000462e+00,5.053084645816663389e-01,-6.671951804940937439e-03,8.657025995799851482e-04,-9.528183227827772021e-04,7.595657767781175893e-03,0.000000000000000000e+00
5.525000000000000355e+00,5.052752051171822689e-01,-6.631871612295107098e-03,8.609498434951111737e-04,-9.482865716243437867e-04,7.553420642481187969e-03,0.000000000000000000e+00
5.530000000000000249e+00,5.052421454902443765e-01,-6.592016599402940498e-03,8.562197092369514722e-04,-9.437695964467801048e-04,7.511389511189656837e-03,0.000000000000000000e+00
5.535000000000000142e+00,5.052092845777569341e-01,-6.552385645702533956e-03,8.515121228612826864e-04,-9.392674227935094355e-04,7.469563649727360699e-03,0.000000000000000000e+00
5.540000000000000036e+00,5.051766212622166297e-01,-6.512977634811324690e-03,8.468270102989161000e-04,-9.347800751094529096e-04,7.427942333440849462e-03,0.000000000000000000e+00
5.544999999999999929e+00,5.051441544316916943e-01,-6.473791454525328407e-03,8.421642973611564867e-04,-9.303075767545434388e-04,7.386524837246251710e-03,0.000000000000000000e+00
5.549999999999999822e+00,5.051118829798009191e-01,-6.434825996818173931e-03,8.375239097451936312e-04,-9.258499500171161545e-04,7.345310435672441560e-03,0.000000000000000000e+00
5.554999999999999716e+00,5.050798058056927831e-01,-6.396080157839933999e-03,8.329057730394267374e-04,-9.214072161271758985e-04,7.304298402903688578e-03,0.000000000000000000e+00
5.560000000000000497e+00,5.050479218140245807e-01,-6.357552837915757434e-03,8.283098127287236764e-04,-9.169793952695458848e-04,7.263488012821759515e-03,0.000000000000000000e+00
5.565000000000000391e+00,5.050162299149415501e-01,-6.319242941544306151e-03,8.237359541996137728e-04,-9.125665065968959063e-04,7.222878539047435445e-03,0.000000000000000000e+00
5.570000000000000284e+00,5.049847290240560005e-01,-6.281149377395997026e-03,8.191841227454166232e-04,-9.081685682426520389e-04,7.182469254981494605e-03,0.000000000000000000e+00
5.575000000000000178e+00,5.049534180624264401e-01,-6.243271058311052925e-03,8.146542435713059705e-04,-9.037855973337882752e-04,7.142259433845101098e-03,0.000000000000000000e+00
5.580000000000000071e+00,5.049222959565367042e-01,-6.205606901297365530e-03,8.101462417993105869e-04,-8.994176100034990051e-04,7.102248348719730417e-03,0.000000000000000000e+00
5.584999999999999964e+00,5.048913616382753045e-01,-6.168155827528172541e-03,8.056600424732512965e-04,-8.950646214037587386e-04,7.062435272586561549e-03,0.000000000000000000e+00
5.589999999999999858e+00,5.048606140449143354e-01,-6.130916762339554474e-03,8.011955705636163074e-04,-8.907266457177643020e-04,7.022819478365172584e-03,0.000000000000000000e+00
5.594999999999999751e+00,5.048300521190889345e-01,-6.093888635227746702e-03,7.967527509723740936e-04,-8.864036961722616742e-04,6.983400238951979581e-03,0.000000000000000000e+00
5.600000000000000533e+00,5.047996748087764107e-01,-6.057070379846275429e-03,7.923315085377250194e-04,-8.820957850497621261e-04,6.944176827257952933e-03,0.000000000000000000e+00
5.605000000000000426e+00,5.047694810672751498e-01,-6.020460934002921059e-03,7.879317680387922483e-04,-8.778029237006413753e-04,6.905148516245690135e-03,0.000000000000000000e+00
5.610000000000000320e+00,5.047394698531844082e-01,-5.984059239656508086e-03,7.835534542002522626e-04,-8.735251225551286932e-04,6.866314578966480758e-03,0.000000000000000000e+00
5.615000000000000213e+00,5.047096401303831081e-01,-5.947864242913520651e-03,7.791964916969062929e-04,-8.692623911351850989e-04,6.827674288596262062e-03,0.000000000000000000e+00
5.620000000000000107e+00,5.046799908680094093e-01,-5.911874894024557632e-03,7.748608051581916834e-04,-8.650147380662687960e-04,6.789226918471547717e-03,0.000000000000000000e+00
5.625000000000000000e+00,5.046505210404397257e-01,-5.876090147380618606e-03,7.705463191726354697e-04,-8.607821710889941406e-04,6.750971742124483102e-03,0.000000000000000000e+00
5.629999999999999893e+00,5.046212296272681863e-01,-5.840508961509225001e-03,7.662529582922496252e-04,-8.565646970706783945e-04,6.712908033317684618e-03,0.000000000000000000e+00
5.634999999999999787e+00,5.045921156132860963e-01,-5.805130299070389473e-03,7.619806470368690630e-04,-8.523623220167815756e-04,6.675035066078577675e-03,0.000000000000000000e+00
5.639999999999999680e+00,5.045631779884610646e-01,-5.769953126852417000e-03,7.577293098984321743e-04,-8.481750510822405999e-04,6.637352114733034714e-03,0.000000000000000000e+00
5.645000000000000462e+00,5.045344157479163538e-01,-5.734976415767558539e-03,7.534988713452058558e-04,-8.440028885826944592e-04,6.599858453938666283e-03,0.000000000000000000e+00
5.650000000000000355e+00,5.045058278919104522e-01,-5.700199140847509414e-03,7.492892558259536167e-04,-8.398458380056036910e-04,6.562553358717734819e-03,0.000000000000000000e+00
5.655000000000000249e+00,5.044774134258163123e-01,-5.665620281238755059e-03,7.451003877740491497e-04,-8.357039020212669563e-04,6.525436104489424835e-03,0.000000000000000000e+00
5.660000000000000142e+00,5.044491713601010341e-01,-5.631238820197772763e-03,7.409321916115350426e-04,-8.315770824937307156e-04,6.488505967101867652e-03,0.000000000000000000e+00
5.665000000000000036e+00,5.044211007103049926e-01,-5.597053745086081646e-03,7.367845917531264111e-04,-8.274653804915987248e-04,6.451762222863369894e-03,0.000000000000000000e+00
5.669999999999999929e+00,5.043932004970217431e-01,-5.563064047365155577e-03,7.326575126101619482e-04,-8.233687962987347366e-04,6.415204148573655854e-03,0.000000000000000000e+00
5.674999999999999822e+00,5.043654697458770375e-01,-5.529268722591187783e-03,7.285508785945005476e-04,-8.192873294248684919e-04,6.378831021554069031e-03,0.000000000000000000e+00
5.679999999999999716e+00,5.043379074875087298e-01,-5.495666770409721874e-03,7.244646141223661006e-04,-8.152209786160948077e-04,6.342642119677909841e-03,0.000000000000000000e+00
5.685000000000000497e+00,5.043105127575462365e-01,-5.462257194550142365e-03,7.203986436181391683e-04,-8.111697418652762809e-04,6.306636721399979696e-03,0.000000000000000000e+00
5.690000000000000391e+00,5.042832845965902200e-01,-5.429039002820030754e-03,7.163528915180976961e-04,-8.071336164223455933e-04,6.270814105785853590e-03,0.000000000000000000e+00
5.695000000000000284e+00,5.042562220501919379e-01,-5.396011207099390625e-03,7.123272822741061197e-04,-8.031125988045087222e-04,6.235173552540490896e-03,0.000000000000000000e+00
5.700000000000000178e+00,5.042293241688331484e-01,-5.363172823334740047e-03,7.083217403572535141e-04,-7.991066848063480780e-04,6.199714342036716924e-03,0.000000000000000000e+00
5.705000000000000071e+00,5.042025900079057932e-01,-5.330522871533077342e-03,7.043361902614416522e-04,-7.951158695098318584e-04,6.164435755343153703e-03,0.000000000000000000e+00
5.709999999999999964e+00,5.041760186276916800e-01,-5.298060375755717609e-03,7.003705565069234069e-04,-7.911401472942240906e-04,6.129337074251700601e-03,0.000000000000000000e+00
5.714999999999999858e+00,5.041496090933419438e-01,-5.265784364112007822e-03,6.964247636437917140e-04,-7.871795118459014307e-04,6.094417581304453768e-03,0.000000000000000000e+00
5.719999999999999751e+00,5.041233604748572850e-01,-5.233693868752917894e-03,6.924987362554194201e-04,-7.832339561680697840e-04,6.059676559820646388e-03,0.000000000000000000e+00
5.725000000000000533e+00,5.040972718470675407e-01,-5.201787925864512913e-03,6.885923989618512094e-04,-7.793034725903922374e-04,6.025113293922789229e-03,0.000000000000000000e+00
5.730000000000000426e+00,5.040713422896113682e-01,-5.170065575661303078e-03,6.847056764231476082e-04,-7.753880527785198462e-04,5.990727068562441693e-03,0.000000000000000000e+00
5.735000000000000320e+00,5.040455708869165941e-01,-5.138525862379485221e-03,6.808384933426809595e-04,-7.714876877435302652e-04,5.956517169545941237e-03,0.000000000000000000e+00
5.740000000000000213e+00,5.040199567281795634e-01,-5.107167834270059416e-03,6.769907744703854277e-04,-7.676023678512749809e-04,5.922482883559176091e-03,0.000000000000000000e+00
5.745000000000000107e+00,5.039944989073453785e-01,-5.075990543591841521e-03,6.731624446059595148e-04,-7.637320828316335186e-04,5.888623498192416955e-03,0.000000000000000000e+00
5.750000000000000000e+00,5.039691965230880255e-01,-5.044993046604363818e-03,6.693534286020231486e-04,-7.598768217876767945e-04,5.854938301964710684e-03,0.000000000000000000e+00
5.754999999999999893e+00,5.039440486787899465e-01,-5.014174403560661165e-03,6.655636513672291265e-04,-7.560365732047423211e-04,5.821426584347534107e-03,0.000000000000000000e+00
5.759999999999999787e+00,5.039190544825226103e-01,-4.983533678699959141e-03,6.617930378693291302e-04,-7.522113249594177984e-04,5.788087635788642139e-03,0.000000000000000000e+00
5.764999999999999680e+00,5.038942130470261960e-01,-4.953069940240250289e-03,6.580415131381950724e-04,-7.484010643284367756e-04,5.754920747734967867e-03,0.000000000000000000e+00
5.770000000000000462e+00,5.038695234896898301e-01,-4.922782260370769762e-03,6.543090022687965326e-04,-7.446057779974874684e-04,5.721925212655508755e-03,0.000000000000000000e+00
5.775000000000000355e+00,5.038449849325318253e-01,-4.892669715244370339e-03,6.505954304241341746e-04,-7.408254520699308291e-04,5.689100324063775700e-03,0.000000000000000000e+00
5.780000000000000249e+00,5.038205965021798072e-01,-4.862731384969798572e-03,6.469007228381296873e-04,-7.370600720754357828e-04,5.656445376539812747e-03,0.000000000000000000e+00
5.785000000000000142e+00,5.037963573298510633e-01,-4.832966353603870314e-03,6.432248048184726827e-04,-7.333096229785253427e-04,5.623959665751979142e-03,0.000000000000000000e+00
5.790000000000000036e+00,5.037722665513327813e-01,-4.803373709143552578e-03,6.395676017494254188e-04,-7.295740891870403262e-04,5.591642488478239595e-03,0.000000000000000000e+00
5.794999999999999929e+00,5.037483233069621757e-01,-4.773952543517950842e-03,6.359290390945851294e-04,-7.258534545605169848e-04,5.559493142627072032e-03,0.000000000000000000e+00
5.799999999999999822e+00,5.037245267416070593e-01,-4.744701952580202692e-03,6.323090423996049385e-04,-7.221477024184791991e-04,5.527510927258231371e-03,0.000000000000000000e+00
5.804999999999999716e+00,5.037008760046461919e-01,-4.715621036099284721e-03,6.287075372948733570e-04,-7.184568155486491421e-04,5.495695142603018897e-03,0.000000000000000000e+00
5.810000000000000497e+00,5.036773702499497407e-01,-4.686708897751723155e-03,6.251244494981525804e-04,-7.147807762150755429e-04,5.464045090084254132e-03,0.000000000000000000e+00
5.815000000000000391e+00,5.036540086358597401e-01,-4.657964645113224673e-03,6.215597048171771048e-04,-7.111195661661785751e-04,5.432560072335888487e-03,0.000000000000000000e+00
5.820000000000000284e+00,5.036307903251705520e-01,-4.629387389650216171e-03,6.180132291522117934e-04,-7.074731666427148393e-04,5.401239393222257226e-03,0.000000000000000000e+00
5.825000000000000178e+00,5.036077144851095477e-01,-4.600976246711302106e-03,6.144849484985703695e-04,-7.038415583856602728e-04,5.370082357857099836e-03,0.000000000000000000e+00
5.830000000000000071e+00,5.035847802873176793e-01,-4.572730335518640325e-03,6.109747889490949871e-04,-7.002247216440140188e-04,5.339088272622186625e-03,0.000000000000000000e+00
5.834999999999999964e+00,5.035619869078301614e-01,-4.544648779159235485e-03,6.074826766965965531e-04,-6.966226361825220668e-04,5.308256445185628725e-03,0.000000000000000000e+00
5.839999999999999858e+00,5.035393335270570425e-01,-4.516730704576153548e-03,6.040085380362568857e-04,-6.930352812893241302e-04,5.277586184519804727e-03,0.000000000000000000e+00
5.844999999999999751e+00,5.035168193297639982e-01,-4.488975242559658206e-03,6.005522993679929256e-04,-6.894626357835195339e-04,5.247076800919060931e-03,0.000000000000000000e+00
5.850000000000000533e+00,5.034944435050533462e-01,-4.461381527738272727e-03,5.971138871987831083e-04,-6.859046780226561247e-04,5.216727606017213838e-03,0.000000000000000000e+00
5.855000000000000426e+00,5.034722052463443953e-01,-4.433948698569762856e-03,5.936932281449565493e-04,-6.823613859101454546e-04,5.186537912804314518e-03,0.000000000000000000e+00
5.860000000000000320e+00,5.034501037513549049e-01,-4.406675897332052935e-03,5.902902489344451480e-04,-6.788327369025970838e-04,5.156507035643740841e-03,0.000000000000000000e+00
5.865000000000000213e+00,5.034281382220815448e-01,-4.379562270114063099e-03,5.869048764089999145e-04,-6.753187080170810000e-04,5.126634290288365967e-03,0.000000000000000000e+00
5.870000000000000107e+00,5.034063078647811329e-01,-4.352606966806481410e-03,5.835370375263702154e-04,-6.718192758383138190e-04,5.096918993896864744e-03,0.000000000000000000e+00
5.875000000000000000e+00,5.033846118899514277e-01,-4.325809141092465740e-03,5.801866593624478924e-04,-6.683344165257694165e-04,5.067360465049424237e-03,0.000000000000000000e+00
5.879999999999999893e+00,5.033630495123123660e-01,-4.299167950438276264e-03,5.768536691133758186e-04,-6.648641058207172428e-04,5.037958023763413479e-03,0.000000000000000000e+00
5.884999999999999787e+00,5.033416199507870781e-01,-4.272682556083845506e-03,5.735379940976215434e-04,-6.614083190531857203e-04,5.008710991508586591e-03,0.000000000000000000e+00
5.889999999999999680e+00,5.033203224284832356e-01,-4.246352123033281592e-03,5.702395617580162434e-04,-6.579670311488560342e-04,4.979618691222169671e-03,0.000000000000000000e+00
5.895000000000000462e+00,5.032991561726738450e-01,-4.220175820045306454e-03,5.669582996637593034e-04,-6.545402166358813304e-04,4.950680447323330124e-03,0.000000000000000000e+00
5.900000000000000355e+00,5.032781204147790399e-01,-4.194152819623637660e-03,5.636941355123890711e-04,-6.511278496516347903e-04,4.921895585727887983e-03,0.000000000000000000e+00
5.905000000000000249e+00,5.032572143903468742e-01,-4.168282298007305181e-03,5.604469971317201094e-04,-6.477299039493888575e-04,4.893263433862171143e-03,0.000000000000000000e+00
5.910000000000000142e+00,5.032364373390348922e-01,-4.142563435160910058e-03,5.572168124817469467e-04,-6.443463529049213911e-04,4.864783320676998972e-03,0.000000000000000000e+00
5.915000000000000036e+00,5.032157885045916990e-01,-4.116995414764826680e-03,5.540035096565155189e-04,-6.409771695230532954e-04,4.836454576661384022e-03,0.000000000000000000e+00
5.919999999999999929e+00,5.031952671348380868e-01,-4.091577424205346952e-03,5.508070168859613251e-04,-6.376223264441199063e-04,4.808276533855655212e-03,0.000000000000000000e+00
5.924999999999999822e+00,5.031748724816486051e-01,-4.066308654564770690e-03,5.476272625377163594e-04,-6.342817959503688685e-04,4.780248525864571468e-03,0.000000000000000000e+00
5.929999999999999716e+00,5.031546038009334643e-01,-4.041188300611442234e-03,5.444641751188830821e-04,-6.309555499722931766e-04,4.752369887870313073e-03,0.000000000000000000e+00
5.935000000000000497e+00,5.031344603526195502e-01,-4.016215560789730687e-03,5.413176832777780341e-04,-6.276435600948974307e-04,4.724639956644694980e-03,0.000000000000000000e+00
5.940000000000000391e+00,5.031144414006324395e-01,-3.991389637209965917e-03,5.381877158056433581e-04,-6.243457975638952440e-04,4.697058070561635143e-03,0.000000000000000000e+00
5.945000000000000284e+00,5.030945462128779688e-01,-3.966709735638317309e-03,5.350742016383282880e-04,-6.210622332918408397e-04,4.669623569609138852e-03,0.000000000000000000e+00
5.950000000000000178e+00,5.030747740612241392e-01,-3.942175065486630027e-03,5.319770698579393041e-04,-6.177928378641958131e-04,4.642335795401139956e-03,0.000000000000000000e+00
5.955000000000000071e+00,5.030551242214827967e-01,-3.917784839802206619e-03,5.288962496944609078e-04,-6.145375815453314912e-04,4.615194091188969117e-03,0.000000000000000000e+00
5.959999999999999964e+00,5.030355959733914251e-01,-3.893538275257548299e-03,5.258316705273460368e-04,-6.112964342844653736e-04,4.588197801872596557e-03,0.000000000000000000e+00
5.964999999999999858e+00,5.030161886005950489e-01,-3.869434592140047653e-03,5.227832618870772085e-04,-6.080693657215331714e-04,4.561346274011675306e-03,0.000000000000000000e+00
5.969999999999999751e+00,5.029969013906283593e-01,-3.845473014341639281e-03,5.197509534566982807e-04,-6.048563451929981792e-04,4.534638855836442203e-03,0.000000000000000000e+00
5.975000000000000533e+00,5.029777336348975059e-01,-3.821652769348404897e-03,5.167346750733176975e-04,-6.016573417375983054e-04,4.508074897258156598e-03,0.000000000000000000e+00
5.980000000000000426e+00,5.029586846286622226e-01,-3.797973088230138967e-03,5.137343567295824627e-04,-5.984723241020285930e-04,4.481653749879464452e-03,0.000000000000000000e+00
5.985000000000000320e+00,5.029397536710181749e-01,-3.774433205629873153e-03,5.107499285751245736e-04,-5.953012607465648677e-04,4.455374767004640149e-03,0.000000000000000000e+00
5.990000000000000213e+00,5.029209400648786410e-01,-3.751032359753358678e-03,5.077813209179790491e-04,-5.921441198506243939e-04,4.429237303649162169e-03,0.000000000000000000e+00
5.995000000000000107e+00,5.029022431169570817e-01,-3.727769792358515306e-03,5.048284642259745275e-04,-5.890008693182645144e-04,4.403240716549574121e-03,0.000000000000000000e+00
6.000000000000000000e+00,5.028836621377492655e-01,-3.704644748744837825e-03,5.018912891280964336e-04,-5.858714767836226351e-04,4.377384364172813222e-03,0.000000000000000000e+00
6.004999999999999893e+00,5.028651964415157272e-01,-3.681656477742769554e-03,4.989697264158230415e-04,-5.827559096162961442e-04,4.351667606725484125e-03,0.000000000000000000e+00
6.009999999999999787e+00,5.028468453462640042e-01,-3.658804231703038576e-03,4.960637070444349735e-04,-5.796541349266633517e-04,4.326089806162762390e-03,0.000000000000000000e+00
6.015000000000000568e+00,5.028286081737310953e-01,-3.636087266485960989e-03,4.931731621342979200e-04,-5.765661195711450134e-04,4.300650326197173919e-03,0.000000000000000000e+00
6.020000000000000462e+00,5.028104842493659188e-01,-3.613504841450710346e-03,4.902980229721196634e-04,-5.734918301574082854e-04,4.275348532307122855e-03,0.000000000000000000e+00
6.025000000000000355e+00,5.027924729023119932e-01,-3.591056219444556299e-03,4.874382210121806476e-04,-5.704312330495109372e-04,4.250183791745317137e-03,0.000000000000000000e+00
6.030000000000000249e+00,5.027745734653896736e-01,-3.568740666792069843e-03,4.845936878775395024e-04,-5.673842943729922239e-04,4.225155473546696183e-03,0.000000000000000000e+00
6.035000000000000142e+00,5.027567852750792765e-01,-3.546557453284299947e-03,4.817643553612129263e-04,-5.643509800199023908e-04,4.200262948536627461e-03,0.000000000000000000e+00
6.040000000000000036e+00,5.027391076715033158e-01,-3.524505852167921557e-03,4.789501554273307960e-04,-5.613312556537801380e-04,4.175505589338356256e-03,0.000000000000000000e+00
6.044999999999999929e+00,5.027215399984096278e-01,-3.502585140134354107e-03,4.761510202122662297e-04,-5.583250867145704522e-04,4.150882770380748613e-03,0.000000000000000000e+00
6.049999999999999822e+00,5.027040816031538295e-01,-3.480794597308853582e-03,4.733668820257414737e-04,-5.553324384234907237e-04,4.126393867905402829e-03,0.000000000000000000e+00
6.054999999999999716e+00,5.026867318366824433e-01,-3.459133507239577250e-03,4.705976733519095568e-04,-5.523532757878393991e-04,4.102038259973916218e-03,0.000000000000000000e+00
6.060000000000000497e+00,5.026694900535156885e-01,-3.437601156886625417e-03,4.678433268504117665e-04,-5.493875636057515095e-04,4.077815326474752006e-03,0.000000000000000000e+00
6.065000000000000391e+00,5.026523556117306057e-01,-3.416196836611057157e-03,4.651037753574119239e-04,-5.464352664709002045e-04,4.053724449130064605e-03,0.000000000000000000e+00
6.070000000000000284e+00,5.026353278729437379e-01,-3.394919840163880889e-03,4.623789518866068603e-04,-5.434963487771458110e-04,4.029765011502027885e-03,0.000000000000000000e+00
6.075000000000000178e+00,5.026184062022944765e-01,-3.373769464675027609e-03,4.596687896302141248e-04,-5.405707747231292730e-04,4.005936398999376813e-03,0.000000000000000000e+00
6.080000000000000071e+00,5.026015899684282973e-01,-3.352745010642296363e-03,4.569732219599365996e-04,-5.376585083168162593e-04,3.982237998883609090e-03,0.000000000000000000e+00
6.084999999999999964e+00,5.025848785434796628e-01,-3.331845781920282808e-03,4.542921824279046172e-04,-5.347595133799876036e-04,3.958669200274829436e-03,0.000000000000000000e+00
6.089999999999999858e+00,5.025682713030553694e-01,-3.311071085709286956e-03,4.516256047675959060e-04,-5.318737535526793297e-04,3.935229394157603415e-03,0.000000000000000000e+00
6.094999999999999751e+00,5.025517676262178934e-01,-3.290420232544201840e-03,4.489734228947331470e-04,-5.290011922975693332e-04,3.911917973386625641e-03,0.000000000000000000e+00
6.100000000000000533e+00,5.025353668954688491e-01,-3.269892536283383524e-03,4.463355709081600091e-04,-5.261417929043161416e-04,3.888734332692225792e-03,0.000000000000000000e+00
6.105000000000000426e+00,5.025190684967321131e-01,-3.249487314097503337e-03,4.437119830906955005e-04,-5.232955184938471510e-04,3.865677868685476505e-03,0.000000000000000000e+00
6.110000000000000320e+00,5.025028718193375044e-01,-3.229203886458386231e-03,4.411025939099669614e-04,-5.204623320225954712e-04,3.842747979863437007e-03,0.000000000000000000e+00
6.115000000000000213e+00,5.024867762560042417e-01,-3.209041577127829618e-03,4.385073380192220228e-04,-5.176421962866879821e-04,3.819944066614037667e-03,0.000000000000000000e+00
6.120000000000000107e+00,5.024707812028245124e-01,-3.188999713146410935e-03,4.359261502581198572e-04,-5.148350739260859014e-04,3.797265531220860458e-03,0.000000000000000000e+00
6.125000000000000000e+00,5.024548860592471522e-01,-3.169077624822278297e-03,4.333589656535016669e-04,-5.120409274286759132e-04,3.774711777867752020e-03,0.000000000000000000e+00
6.129999999999999893e+00,5.024390902280613247e-01,-3.149274645719928999e-03,4.308057194201410606e-04,-5.092597191343138088e-04,3.752282212643268458e-03,0.000000000000000000e+00
6.134999999999999787e+00,5.024233931153803123e-01,-3.129590112648976321e-03,4.282663469614740462e-04,-5.064914112388195543e-04,3.729976243544967478e-03,0.000000000000000000e+00
6.140000000000000568e+00,5.024077941306251960e-01,-3.110023365652901575e-03,4.257407838703093465e-04,-5.037359657979280153e-04,3.707793280483468509e-03,0.000000000000000000e+00
6.145000000000000462e+00,5.023922926865086458e-01,-3.090573747997798788e-03,4.232289659295191981e-04,-5.009933447311899161e-04,3.685732735286357566e-03,0.000000000000000000e+00
6.150000000000000355e+00,5.023768881990192670e-01,-3.071240606161108107e-03,4.207308291127103642e-04,-4.982635098258266122e-04,3.663794021702253875e-03,0.000000000000000000e+00
6.155000000000000249e+00,5.023615800874050574e-01,-3.052023289820336629e-03,4.182463095848764994e-04,-4.955464227405426874e-04,3.641976555404156587e-03,0.000000000000000000e+00
6.160000000000000142e+00,5.023463677741576427e-01,-3.032921151841774885e-03,4.157753437030311063e-04,-4.928420450092888937e-04,3.620279753993063416e-03,0.000000000000000000e+00
6.165000000000000036e+00,5.023312506849963999e-01,-3.013933548269202498e-03,4.133178680168221163e-04,-4.901503380449828088e-04,3.598703037001341198e-03,0.000000000000000000e+00
6.169999999999999929e+00,5.023162282488526920e-01,-2.995059838312587753e-03,4.108738192691277122e-04,-4.874712631431823832e-04,3.577245825895986747e-03,0.000000000000000000e+00
6.174999999999999822e+00,5.023012998978537702e-01,-2.976299384336778073e-03,4.084431343966341541e-04,-4.848047814857196986e-04,3.555907544081499550e-03,0.000000000000000000e+00
6.179999999999999716e+00,5.022864650673072306e-01,-2.957651551850188319e-03,4.060257505303953903e-04,-4.821508541442856110e-04,3.534687616902916669e-03,0.000000000000000000e+00
6.185000000000000497e+00,5.022717231956854711e-01,-2.939115709493479982e-03,4.036216049963748330e-04,-4.795094420839747127e-04,3.513585471648668530e-03,0.000000000000000000e+00
6.190000000000000391e+00,5.022570737246095929e-01,-2.920691229028238214e-03,4.012306353159696788e-04,-4.768805061667874133e-04,3.492600537552918195e-03,0.000000000000000000e+00
6.195000000000000284e+00,5.022425160988343018e-01,-2.902377485325644511e-03,3.988527792065175558e-04,-4.742640071550850212e-04,3.471732245798349065e-03,0.000000000000000000e+00
6.200000000000000178e+00,5.022280497662321430e-01,-2.884173856355144640e-03,3.964879745817863127e-04,-4.716599057150092631e-04,3.450980029518356702e-03,0.000000000000000000e+00
6.205000000000000071e+00,5.022136741777781799e-01,-2.866079723173115251e-03,3.941361595524465675e-04,-4.690681624198548031e-04,3.430343323799351675e-03,0.000000000000000000e+00
6.209999999999999964e+00,5.021993887875343399e-01,-2.848094469911527891e-03,3.917972724265276693e-04,-4.664887377534031646e-04,3.409821565682698979e-03,0.000000000000000000e+00
6.214999999999999858e+00,5.021851930526343155e-01,-2.830217483766612162e-03,3.894712517098569628e-04,-4.639215921132132294e-04,3.389414194166814887e-03,0.000000000000000000e+00
6.219999999999999751e+00,5.021710864332681323e-01,-2.812448154987516689e-03,3.871580361064827893e-04,-4.613666858138742240e-04,3.369120650208900364e-03,0.000000000000000000e+00
6.225000000000000533e+00,5.021570683926670497e-01,-2.794785876864971843e-03,3.848575645190812256e-04,-4.588239790902147409e-04,3.348940376726720902e-03,0.000000000000000000e+00
6.230000000000000426e+00,5.021431383970882401e-01,-2.777230045719950285e-03,3.825697760493469929e-04,-4.562934321004764697e-04,3.328872818600081031e-03,0.000000000000000000e+00
6.235000000000000320e+00,5.021292959157996894e-01,-2.759780060892331847e-03,3.802946099983685910e-04,-4.537750049294434753e-04,3.308917422672281484e-03,0.000000000000000000e+00
6.240000000000000213e+00,5.021155404210652096e-01,-2.742435324729566252e-03,3.780320058669877649e-04,-4.512686575915361318e-04,3.289073637751486166e-03,0.000000000000000000e+00
6.245000000000000107e+00,5.021018713881294504e-01,-2.725195242575340591e-03,3.757819033561436857e-04,-4.487743500338639102e-04,3.269340914611923443e-03,0.000000000000000000e+00
6.250000000000000000e+00,5.020882882952026893e-01,-2.708059222758248553e-03,3.735442423672019510e-04,-4.462920421392421711e-04,3.249718705994812055e-03,0.000000000000000000e+00
6.254999999999999893e+00,5.020747906234461766e-01,-2.691026676580463971e-03,3.713189630022686784e-04,-4.438216937291672155e-04,3.230206466609459627e-03,0.000000000000000000e+00
6.259999999999999787e+00,5.020613778569573693e-01,-2.674097018306415691e-03,3.691060055644895832e-04,-4.413632645667570748e-04,3.210803653134149116e-03,0.000000000000000000e+00
6.265000000000000568e+00,5.020480494827549434e-01,-2.657269665151469357e-03,3.669053105583347432e-04,-4.389167143596535404e-04,3.191509724216739022e-03,0.000000000000000000e+00
6.270000000000000462e+00,5.020348049907641386e-01,-2.640544037270613122e-03,3.647168186898687285e-04,-4.364820027628882521e-04,3.172324140475316079e-03,0.000000000000000000e+00
6.275000000000000355e+00,5.020216438738021036e-01,-2.623919557747148110e-03,3.625404708670065270e-04,-4.340590893817095931e-04,3.153246364498702662e-03,0.000000000000000000e+00
6.280000000000000249e+00,5.020085656275632413e-01,-2.607395652581385396e-03,3.603762081997555385e-04,-4.316479337743764615e-04,3.134275860846823681e-03,0.000000000000000000e+00
6.285000000000000142e+00,5.019955697506046643e-01,-2.590971750679350784e-03,3.582239720004436905e-04,-4.292484954549139332e-04,3.115412096050987605e-03,0.000000000000000000e+00
6.290000000000000036e+00,5.019826557443317627e-01,-2.574647283841494366e-03,3.560837037839335146e-04,-4.268607338958335250e-04,3.096654538614104172e-03,0.000000000000000000e+00
6.294999999999999929e+00,5.019698231129837707e-01,-2.558421686751407870e-03,3.539553452678233193e-04,-4.244846085308187633e-04,3.078002659010752040e-03,0.000000000000000000e+00
6.299999999999999822e+00,5.019570713636192227e-01,-2.542294396964551572e-03,3.518388383726344867e-04,-4.221200787573775224e-04,3.059455929687046518e-03,0.000000000000000000e+00
6.304999999999999716e+00,5.019444000061017430e-01,-2.526264854896987256e-03,3.497341252219858662e-04,-4.197671039394565234e-04,3.041013825060568873e-03,0.000000000000000000e+00
6.310000000000000497e+00,5.019318085530857232e-01,-2.510332503814122467e-03,3.476411481427549950e-04,-4.174256434100226572e-04,3.022675821520093981e-03,0.000000000000000000e+00
6.315000000000000391e+00,5.019192965200022227e-01,-2.494496789819463430e-03,3.455598496652267969e-04,-4.150956564736111849e-04,3.004441397425316670e-03,0.000000000000000000e+00
6.320000000000000284e+00,5.019068634250445360e-01,-2.478757161843375342e-03,3.434901725232293785e-04,-4.127771024088406531e-04,2.986310033106249345e-03,0.000000000000000000e+00
6.325000000000000178e+00,5.018945087891545365e-01,-2.463113071631856978e-03,3.414320596542573028e-04,-4.104699404708926267e-04,2.968281210862942256e-03,0.000000000000000000e+00
6.330000000000000071e+00,5.018822321360081329e-01,-2.447563973735322664e-03,3.393854541995827202e-04,-4.081741298939609019e-04,2.950354414964561495e-03,0.000000000000000000e+00
6.334999999999999964e+00,5.018700329920015024e-01,-2.432109325497398139e-03,3.373502995043542473e-04,-4.058896298936661871e-04,2.932529131648780978e-03,0.000000000000000000e+00
6.339999999999999858e+00,5.018579108862372129e-01,-2.416748587043725943e-03,3.353265391176838664e-04,-4.036163996694382573e-04,2.914804849121006153e-03,0.000000000000000000e+00
6.344999999999999751e+00,5.018458653505103451e-01,-2.401481221270783395e-03,3.333141167927220058e-04,-4.013543984068684563e-04,2.897181057553449395e-03,0.000000000000000000e+00
6.350000000000000533e+00,5.018338959192943927e-01,-2.386306693834713572e-03,3.313129764867208575e-04,-3.991035852800283714e-04,2.879657249083959931e-03,0.000000000000000000e+00
6.355000000000000426e+00,5.018220021297278288e-01,-2.371224473140168439e-03,3.293230623610863108e-04,-3.968639194537571750e-04,2.862232917815134801e-03,0.000000000000000000e+00
6.360000000000000320e+00,5.018101835216002282e-01,-2.356234030329166281e-03,3.273443187814183922e-04,-3.946353600859189869e-04,2.844907559813024747e-03,0.000000000000000000e+00
6.365000000000000213e+00,5.017984396373386113e-01,-2.341334839269961290e-03,3.253766903175407026e-04,-3.924178663296286882e-04,2.827680673105876976e-03,0.000000000000000000e+00
6.370000000000000107e+00,5.017867700219940108e-01,-2.326526376545928754e-03,3.234201217435184140e-04,-3.902113973354478095e-04,2.810551757682863173e-03,0.000000000000000000e+00
6.375000000000000000e+00,5.017751742232274825e-01,-2.311808121444463692e-03,3.214745580376658597e-04,-3.880159122535503332e-04,2.793520315492385546e-03,0.000000000000000000e+00
6.379999999999999893e+00,5.017636517912972272e-01,-2.297179555945895110e-03,3.195399443825429559e-04,-3.858313702358564579e-04,2.776585850440915423e-03,0.000000000000000000e+00
6.384999999999999787e+00,5.017522022790446012e-01,-2.282640164712413690e-03,3.176162261649413242e-04,-3.836577304381407210e-04,2.759747868391056874e-03,0.000000000000000000e+00
6.390000000000000568e+00,5.017408252418811276e-01,-2.268189435077018565e-03,3.157033489758596803e-04,-3.814949520221067275e-04,2.743005877160089104e-03,0.000000000000000000e+00
6.395000000000000462e+00,5.017295202377748398e-01,-2.253826857032476243e-03,3.138012586104691934e-04,-3.793429941574369977e-04,2.726359386518009686e-03,0.000000000000000000e+00
6.400000000000000355e+00,5.017182868272374030e-01,-2.239551923220297735e-03,3.119099010680684379e-04,-3.772018160238090403e-04,2.709807908185920405e-03,0.000000000000000000e+00
6.405000000000000249e+00,5.017071245733104590e-01,-2.225364128919732603e-03,3.100292225520284240e-04,-3.750713768128887131e-04,2.693350955833844970e-03,0.000000000000000000e+00
6.410000000000000142e+00,5.016960330415528579e-01,-2.211262972036779923e-03,3.081591694697277629e-04,-3.729516357302900802e-04,2.676988045078963069e-03,0.000000000000000000e+00
6.415000000000000036e+00,5.016850118000272252e-01,-2.197247953093214856e-03,3.062996884324781276e-04,-3.708425519975122315e-04,2.660718693483346119e-03,0.000000000000000000e+00
6.419999999999999929e+00,5.016740604192871933e-01,-2.183318575215635170e-03,3.044507262554400104e-04,-3.687440848538444424e-04,2.644542420551981420e-03,0.000000000000000000e+00
6.424999999999999822e+00,5.016631784723641907e-01,-2.169474344124524678e-03,3.026122299575290477e-04,-3.666561935582466139e-04,2.628458747730422033e-03,0.000000000000000000e+00
6.429999999999999716e+00,5.016523655347545629e-01,-2.155714768123335318e-03,3.007841467613130756e-04,-3.645788373912016325e-04,2.612467198402542053e-03,0.000000000000000000e+00
6.435000000000000497e+00,5.016416211844066941e-01,-2.142039358087588323e-03,2.989664240928998056e-04,-3.625119756565406241e-04,2.596567297888176945e-03,0.000000000000000000e+00
6.440000000000000391e+00,5.016309450017083504e-01,-2.128447627453992300e-03,2.971590095818157202e-04,-3.604555676832429468e-04,2.580758573440803793e-03,0.000000000000000000e+00
6.445000000000000284e+00,5.016203365694735794e-01,-2.114939092209583860e-03,2.953618510608758052e-04,-3.584095728272091320e-04,2.565040554244853339e-03,0.000000000000000000e+00
6.450000000000000178e+00,5.016097954729301645e-01,-2.101513270880884729e-03,2.935748965660446639e-04,-3.563739504730081852e-04,2.549412771413251885e-03,0.000000000000000000e+00
6.455000000000000071e+00,5.015993212997068573e-01,-2.088169684523081410e-03,2.917980943362887404e-04,-3.543486600355985399e-04,2.533874757984739406e-03,0.000000000000000000e+00
6.459999999999999964e+00,5.015889136398210546e-01,-2.074907856709222193e-03,2.900313928134201939e-04,-3.523336609620238038e-04,2.518426048921346399e-03,0.000000000000000000e+00
6.464999999999999858e+00,5.015785720856658081e-01,-2.061727313519437152e-03,2.882747406419322632e-04,-3.503289127330847614e-04,2.503066181105386735e-03,0.000000000000000000e+00
6.469999999999999751e+00,5.015682962319976124e-01,-2.048627583530178084e-03,2.865280866688263363e-04,-3.483343748649841629e-04,2.487794693336808308e-03,0.000000000000000000e+00
6.475000000000000533e+00,5.015580856759237482e-01,-2.035608197803478406e-03,2.847913799434308884e-04,-3.463500069109483651e-04,2.472611126330200200e-03,0.000000000000000000e+00
6.480000000000000426e+00,5.015479400168901813e-01,-2.022668689876236034e-03,2.830645697172124516e-04,-3.443757684628228981e-04,2.457515022712027965e-03,0.000000000000000000e+00
6.485000000000000320e+00,5.015378588566689055e-01,-2.009808595749516206e-03,2.813476054435784524e-04,-3.424116191526474311e-04,2.442505927017443908e-03,0.000000000000000000e+00
6.490000000000000213e+00,5.015278417993458415e-01,-1.997027453877877300e-03,2.796404367776723519e-04,-3.404575186542026038e-04,2.427583385687346294e-03,0.000000000000000000e+00
6.495000000000000107e+00,5.015178884513085134e-01,-1.984324805158718327e-03,2.779430135761612507e-04,-3.385134266845358239e-04,2.412746947065215215e-03,0.000000000000000000e+00
6.500000000000000000e+00,5.015079984212338360e-01,-1.971700192921648116e-03,2.762552858970156872e-04,-3.365793030054637551e-04,2.397996161393914187e-03,0.000000000000000000e+00
6.504999999999999893e+00,5.014981713200759028e-01,-1.959153162917879210e-03,2.745772039992820635e-04,-3.346551074250479697e-04,2.383330580812432348e-03,0.000000000000000000e+00
6.509999999999999787e+00,5.014884067610543283e-01,-1.946683263309641285e-03,2.729087183428479161e-04,-3.327407997990530926e-04,2.368749759352838276e-03,0.000000000000000000e+00
6.515000000000000568e+00,5.014787043596415916e-01,-1.934290044659620371e-03,2.712497795881995961e-04,-3.308363400323784359e-04,2.354253252936573757e-03,0.000000000000000000e+00
6.520000000000000462e+00,5.014690637335516010e-01,-1.921973059920420619e-03,2.696003385961732828e-04,-3.289416880804681663e-04,2.339840619371387660e-03,0.000000000000000000e+00
6.525000000000000355e+00,5.014594845027273706e-01,-1.909731864424048416e-03,2.679603464276986233e-04,-3.270568039507002769e-04,2.325511418347652251e-03,0.000000000000000000e+00
6.530000000000000249e+00,5.014499662893294740e-01,-1.897566015871422068e-03,2.663297543435357061e-04,-3.251816477037507841e-04,2.311265211435068086e-03,0.000000000000000000e+00
6.535000000000000142e+00,5.014405087177239428e-01,-1.885475074321904271e-03,2.647085138040052021e-04,-3.233161794549400904e-04,2.297101562078945197e-03,0.000000000000000000e+00
6.540000000000000036e+00,5.014311114144708315e-01,-1.873458602182858637e-03,2.630965764687117855e-04,-3.214603593755540299e-04,2.283020035596813879e-03,0.000000000000000000e+00
6.544999999999999929e+00,5.014217740083121155e-01,-1.861516164199231594e-03,2.614938941962610479e-04,-3.196141476941466463e-04,2.269020199174550181e-03,0.000000000000000000e+00
6.549999999999999822e+00,5.014124961301603678e-01,-1.849647327443157711e-03,2.599004190439700712e-04,-3.177775046978196052e-04,2.255101621862891283e-03,0.000000000000000000e+00
6.554999999999999716e+00,5.014032774130869896e-01,-1.837851661303591035e-03,2.583161032675712772e-04,-3.159503907334819286e-04,2.241263874573601322e-03,0.000000000000000000e+00
6.560000000000000497e+00,5.013941174923105537e-01,-1.826128737475959853e-03,2.567408993209105861e-04,-3.141327662090891842e-04,2.227506530075640256e-03,0.000000000000000000e+00
6.565000000000000391e+00,5.013850160051853688e-01,-1.814478129951848555e-03,2.551747598556388524e-04,-3.123245915948605561e-04,2.213829162991375662e-03,0.000000000000000000e+00
6.570000000000000284e+00,5.013759725911903775e-01,-1.802899415008704220e-03,2.536176377208977715e-04,-3.105258274244770511e-04,2.200231349792927671e-03,0.000000000000000000e+00
6.575000000000000178e+00,5.013669868919170547e-01,-1.791392171199566400e-03,2.520694859629994981e-04,-3.087364342962622488e-04,2.186712668797833464e-03,0.000000000000000000e+00
6.580000000000000071e+00,5.013580585510587495e-01,-1.779955979342827269e-03,2.505302578251005180e-04,-3.069563728743365436e-04,2.173272700165514940e-03,0.000000000000000000e+00
6.584999999999999964e+00,5.013491872143989170e-01,-1.768590422512013446e-03,2.489999067468698824e-04,-3.051856038897589178e-04,2.159911025893000453e-03,0.000000000000000000e+00
6.589999999999999858e+00,5.013403725298000158e-01,-1.757295086025596016e-03,2.474783863641516414e-04,-3.034240881416452418e-04,2.146627229810976149e-03,0.000000000000000000e+00
6.594999999999999751e+00,5.013316141471924059e-01,-1.746069557436826783e-03,2.459656505086218570e-04,-3.016717864982681975e-04,2.133420897579762707e-03,0.000000000000000000e+00
6.600000000000000533e+00,5.013229117185631356e-01,-1.734913426523600113e-03,2.444616532074400314e-04,-2.999286598981386071e-04,2.120291616685168485e-03,0.000000000000000000e+00
6.605000000000000426e+00,5.013142648979447280e-01,-1.723826285278342099e-03,2.429663486828953327e-04,-2.981946693510690357e-04,2.107238976434257661e-03,0.000000000000000000e+00
6.610000000000000320e+00,5.013056733414041899e-01,-1.712807727897926180e-03,2.414796913520474251e-04,-2.964697759392160344e-04,2.094262567951198604e-03,0.000000000000000000e+00
6.615000000000000213e+00,5.012971367070322426e-01,-1.701857350773616296e-03,2.400016358263622044e-04,-2.947539408181060671e-04,2.081361984173166028e-03,0.000000000000000000e+00
6.620000000000000107e+00,5.012886546549319977e-01,-1.690974752481035417e-03,2.385321369113423563e-04,-2.930471252176443603e-04,2.068536819845849355e-03,0.000000000000000000e+00
6.625000000000000000e+00,5.012802268472084100e-01,-1.680159533770163565e-03,2.370711496061530892e-04,-2.913492904431025572e-04,2.055786671519363971e-03,0.000000000000000000e+00
6.629999999999999893e+00,5.012718529479570639e-01,-1.669411297555361412e-03,2.356186291032427726e-04,-2.896603978760916806e-04,2.043111137543696283e-03,0.000000000000000000e+00
6.634999999999999787e+00,5.012635326232538491e-01,-1.658729648905422297e-03,2.341745307879589122e-04,-2.879804089755151468e-04,2.030509818064610197e-03,0.000000000000000000e+00
6.640000000000000568e+00,5.012552655411437463e-01,-1.648114195033651775e-03,2.327388102381592737e-04,-2.863092852785068172e-04,2.017982315018973342e-03,0.000000000000000000e+00
6.645000000000000462e+00,5.012470513716302811e-01,-1.637564545287974052e-03,2.313114232238184804e-04,-2.846469884013501307e-04,2.005528232130406388e-03,0.000000000000000000e+00
6.650000000000000355e+00,5.012388897866650872e-01,-1.627080311141068788e-03,2.298923257066299750e-04,-2.829934800403789675e-04,1.993147174904945362e-03,0.000000000000000000e+00
6.655000000000000249e+00,5.012307804601371375e-01,-1.616661106180532388e-03,2.284814738396035642e-04,-2.813487219728657185e-04,1.980838750626440735e-03,0.000000000000000000e+00
6.660000000000000142e+00,5.012227230678620860e-01,-1.606306546099070098e-03,2.270788239666585173e-04,-2.797126760578900031e-04,1.968602568351959532e-03,0.000000000000000000e+00
6.665000000000000036e+00,5.012147172875719425e-01,-1.596016248684715847e-03,2.256843326222124097e-04,-2.780853042371904177e-04,1.956438238907336202e-03,0.000000000000000000e+00
6.669999999999999929e+00,5.012067627989046370e-01,-1.585789833811079635e-03,2.242979565307657382e-04,-2.764665685360017029e-04,1.944345374882592301e-03,0.000000000000000000e+00
6.674999999999999822e+00,5.011988592833933609e-01,-1.575626923427624624e-03,2.229196526064823884e-04,-2.748564310638749422e-04,1.932323590627166429e-03,0.000000000000000000e+00
6.679999999999999716e+00,5.011910064244564644e-01,-1.565527141549971982e-03,2.215493779527659835e-04,-2.732548540154819861e-04,1.920372502245420001e-03,0.000000000000000000e+00
6.685000000000000497e+00,5.011832039073871314e-01,-1.555490114250234791e-03,2.201870898618323556e-04,-2.716617996714036664e-04,1.908491727591958261e-03,0.000000000000000000e+00
6.690000000000000391e+00,5.011754514193430543e-01,-1.545515469647380791e-03,2.188327458142780605e-04,-2.700772303989037548e-04,1.896680886266885815e-03,0.000000000000000000e+00
6.695000000000000284e+00,5.011677486493362199e-01,-1.535602837897623524e-03,2.174863034786450437e-04,-2.685011086526873617e-04,1.884939599611079944e-03,0.000000000000000000e+00
6.700000000000000178e+00,5.011600952882226956e-01,-1.525751851184844066e-03,2.161477207109815382e-04,-2.669333969756419885e-04,1.873267490701414689e-03,0.000000000000000000e+00
6.705000000000000071e+00,5.011524910286926371e-01,-1.515962143711040069e-03,2.148169555543994120e-04,-2.653740579995661117e-04,1.861664184346053900e-03,0.000000000000000000e+00
6.709999999999999964e+00,5.011449355652601856e-01,-1.506233351686805380e-03,2.134939662386277207e-04,-2.638230544458810157e-04,1.850129307079636512e-03,0.000000000000000000e+00
6.714999999999999858e+00,5.011374285942533646e-01,-1.496565113321837639e-03,2.121787111795629536e-04,-2.622803491263305908e-04,1.838662487158395243e-03,0.000000000000000000e+00
6.719999999999999751e+00,5.011299698138041991e-01,-1.486957068815477311e-03,2.108711489788156197e-04,-2.607459049436629175e-04,1.827263354555373970e-03,0.000000000000000000e+00
6.725000000000000533e+00,5.011225589238387235e-01,-1.477408860347274259e-03,2.095712384232535825e-04,-2.592196848922997065e-04,1.815931540955515421e-03,0.000000000000000000e+00
6.730000000000000426e+00,5.011151956260673224e-01,-1.467920132067584461e-03,2.082789384845420597e-04,-2.577016520589921872e-04,1.804666679750903261e-03,0.000000000000000000e+00
6.735000000000000320e+00,5.011078796239745170e-01,-1.458490530088196865e-03,2.069942083186803166e-04,-2.561917696234625218e-04,1.793468406035614738e-03,0.000000000000000000e+00
6.740000000000000213e+00,5.011006106228094170e-01,-1.449119702472989298e-03,2.057170072655352963e-04,-2.546900008590292810e-04,1.782336356600943252e-03,0.000000000000000000e+00
6.745000000000000107e+00,5.010933883295760616e-01,-1.439807299228615823e-03,2.044472948483721066e-04,-2.531963091332209946e-04,1.771270169930481498e-03,0.000000000000000000e+00
6.750000000000000000e+00,5.010862124530235384e-01,-1.430552972295221197e-03,2.031850307733813613e-04,-2.517106579083769617e-04,1.760269486195041111e-03,0.000000000000000000e+00
6.754999999999999893e+00,5.010790827036364359e-01,-1.421356375537187857e-03,2.019301749292037851e-04,-2.502330107422326660e-04,1.749333947247722586e-03,0.000000000000000000e+00
6.759999999999999787e+00,5.010719987936251840e-01,-1.412217164733910874e-03,2.006826873864517280e-04,-2.487633312884938606e-04,1.738463196618862672e-03,0.000000000000000000e+00
6.765000000000000568e+00,5.010649604369166177e-01,-1.403134997570605440e-03,1.994425283972278880e-04,-2.473015832973952033e-04,1.727656879511080875e-03,0.000000000000000000e+00
6.770000000000000462e+00,5.010579673491443176e-01,-1.394109533629141889e-03,1.982096583946413770e-04,-2.458477306162484832e-04,1.716914642794146410e-03,0.000000000000000000e+00
6.775000000000000355e+00,5.010510192476393954e-01,-1.385140434378913030e-03,1.969840379923208879e-04,-2.444017371899760488e-04,1.706236135000055920e-03,0.000000000000000000e+00
6.780000000000000249e+00,5.010441158514207238e-01,-1.376227363167729445e-03,1.957656279839253930e-04,-2.429635670616339346e-04,1.695621006317748862e-03,0.000000000000000000e+00
6.785000000000000142e+00,5.010372568811858329e-01,-1.367369985212747545e-03,1.945543893426522153e-04,-2.415331843729194854e-04,1.685068908588171783e-03,0.000000000000000000e+00
6.790000000000000036e+00,5.010304420593015839e-01,-1.358567967591427098e-03,1.933502832207425505e-04,-2.401105533646687336e-04,1.674579495299166739e-03,0.000000000000000000e+00
6.794999999999999929e+00,5.010236711097947326e-01,-1.349820979232518262e-03,1.921532709489845231e-04,-2.386956383773408750e-04,1.664152421580253035e-03,0.000000000000000000e+00
6.799999999999999822e+00,5.010169437583428254e-01,-1.341128690907079837e-03,1.909633140362139382e-04,-2.372884038514916046e-04,1.653787344197565727e-03,0.000000000000000000e+00
6.804999999999999716e+00,5.010102597322648732e-01,-1.332490775219528521e-03,1.897803741688126216e-04,-2.358888143282328992e-04,1.643483921548624573e-03,0.000000000000000000e+00
6.810000000000000497e+00,5.010036187605124702e-01,-1.323906906598718318e-03,1.886044132102044821e-04,-2.344968344496810644e-04,1.633241813657321326e-03,0.000000000000000000e+00
6.815000000000000391e+00,5.009970205736603566e-01,-1.315376761289049424e-03,1.874353932003494606e-04,-2.331124289593963241e-04,1.623060682168539926e-03,0.000000000000000000e+00
6.820000000000000284e+00,5.009904649038975366e-01,-1.306900017341609431e-03,1.862732763552352015e-04,-2.317355627028065809e-04,1.612940190343069855e-03,0.000000000000000000e+00
6.825000000000000178e+00,5.009839514850185083e-01,-1.298476354605344885e-03,1.851180250663666377e-04,-2.303662006276215545e-04,1.602880003052547034e-03,0.000000000000000000e+00
6.830000000000000071e+00,5.009774800524137151e-01,-1.290105454718261683e-03,1.839696019002536238e-04,-2.290043077842386524e-04,1.592879786773884494e-03,0.000000000000000000e+00
6.834999999999999964e+00,5.009710503430611084e-01,-1.281787001098659085e-03,1.828279695978964818e-04,-2.276498493261317380e-04,1.582939209584346626e-03,0.000000000000000000e+00
6.839999999999999858e+00,5.009646620955171548e-01,-1.273520678936392991e-03,1.816930910742696774e-04,-2.263027905102334202e-04,1.573057941156235078e-03,0.000000000000000000e+00
6.844999999999999751e+00,5.009583150499079540e-01,-1.265306175184169150e-03,1.805649294178036251e-04,-2.249630966973061486e-04,1.563235652751618441e-03,0.000000000000000000e+00
6.850000000000000533e+00,5.009520089479203575e-01,-1.257143178548868027e-03,1.794434478898645699e-04,-2.236307333523019519e-04,1.553472017217015326e-03,0.000000000000000000e+00
6.855000000000000426e+00,5.009457435327934194e-01,-1.249031379482902189e-03,1.783286099242327872e-04,-2.223056660447093012e-04,1.543766708978254595e-03,0.000000000000000000e+00
6.860000000000000320e+00,5.009395185493095148e-01,-1.240970470175601021e-03,1.772203791265791035e-04,-2.209878604488937394e-04,1.534119404035088393e-03,0.000000000000000000e+00
6.865000000000000213e+00,5.009333337437857914e-01,-1.232960144544629263e-03,1.761187192739395728e-04,-2.196772823444258249e-04,1.524529779955974967e-03,0.000000000000000000e+00
6.870000000000000107e+00,5.009271888640655090e-01,-1.225000098227435478e-03,1.750235943141887718e-04,-2.183738976163979628e-04,1.514997515872769113e-03,0.000000000000000000e+00
6.875000000000000000e+00,5.009210836595093808e-01,-1.217090028572730435e-03,1.739349683655113592e-04,-2.170776722557348935e-04,1.505522292475359493e-03,0.000000000000000000e+00
6.879999999999999893e+00,5.009150178809871345e-01,-1.209229634631998462e-03,1.728528057158721450e-04,-2.157885723594890831e-04,1.496103792006429770e-03,0.000000000000000000e+00
6.884999999999999787e+00,5.009089912808691869e-01,-1.201418617151038060e-03,1.717770708224847774e-04,-2.145065641311299349e-04,1.486741698256236009e-03,0.000000000000000000e+00
6.890000000000000568e+00,5.009030036130177610e-01,-1.193656678561533539e-03,1.707077283112789113e-04,-2.132316138808242176e-04,1.477435696557024766e-03,0.000000000000000000e+00
6.895000000000000462e+00,5.008970546327787821e-01,-1.185943522972658735e-03,1.696447429763661035e-04,-2.119636880257028339e-04,1.468185473777890507e-03,0.000000000000000000e+00
6.900000000000000355e+00,5.008911440969735507e-01,-1.178278856162711091e-03,1.685880797795042438e-04,-2.107027530901207034e-04,1.458990718319461925e-03,0.000000000000000000e+00
6.905000000000000249e+00,5.008852717638903052e-01,-1.170662385570776093e-03,1.675377038495609019e-04,-2.094487757059082435e-04,1.449851120108493294e-03,0.000000000000000000e+00
6.910000000000000142e+00,5.008794373932758948e-01,-1.163093820288423150e-03,1.664935804819752925e-04,-2.082017226126117639e-04,1.440766370592492900e-03,0.000000000000000000e+00
6.915000000000000036e+00,5.008736407463275642e-01,-1.155572871051432915e-03,1.654556751382191282e-04,-2.069615606577253505e-04,1.431736162734389625e-03,0.000000000000000000e+00
6.919999999999999929e+00,5.008678815856848487e-01,-1.148099250231554959e-03,1.644239534452563074e-04,-2.057282567969139940e-04,1.422760191007233378e-03,0.000000000000000000e+00
6.924999999999999822e+00,5.008621596754213590e-01,-1.140672671828296897e-03,1.633983811950015183e-04,-2.045017780942268257e-04,1.413838151388804865e-03,0.000000000000000000e+00
6.929999999999999716e+00,5.008564747810366757e-01,-1.133292851460743428e-03,1.623789243437778664e-04,-2.032820917223040645e-04,1.404969741356257035e-03,0.000000000000000000e+00
6.935000000000000497e+00,5.008508266694481348e-01,-1.125959506359407907e-03,1.613655490117732829e-04,-2.020691649625726066e-04,1.396154659880668482e-03,0.000000000000000000e+00
6.940000000000000391e+00,5.008452151089830551e-01,-1.118672355358113187e-03,1.603582214824962821e-04,-2.008629652054349211e-04,1.387392607421829727e-03,0.000000000000000000e+00
6.945000000000000284e+00,5.008396398693705232e-01,-1.111431118885905208e-03,1.593569082022305264e-04,-1.996634599504475366e-04,1.378683285922744153e-03,0.000000000000000000e+00
6.950000000000000178e+00,5.008341007217335106e-01,-1.104235518958995420e-03,1.583615757794886326e-04,-1.984706168064941339e-04,1.370026398804292641e-03,0.000000000000000000e+00
6.955000000000000071e+00,5.008285974385808803e-01,-1.097085279172736391e-03,1.573721909844651374e-04,-1.972844034919474991e-04,1.361421650959812341e-03,0.000000000000000000e+00
6.959999999999999964e+00,5.008231297937997262e-01,-1.089980124693626243e-03,1.563887207484886772e-04,-1.961047878348252417e-04,1.352868748749843503e-03,0.000000000000000000e+00
6.964999999999999858e+00,5.008176975626473793e-01,-1.082919782251345843e-03,1.554111321634734093e-04,-1.949317377729358912e-04,1.344367399996661185e-03,0.000000000000000000e+00
6.969999999999999751e+00,5.008123005217435253e-01,-1.075903980130825041e-03,1.544393924813696460e-04,-1.937652213540201412e-04,1.335917313978832351e-03,0.000000000000000000e+00
6.975000000000000533e+00,5.008069384490626552e-01,-1.068932448164341227e-03,1.534734691136138934e-04,-1.926052067358799511e-04,1.327518201425966372e-03,0.000000000000000000e+00
6.980000000000000426e+00,5.008016111239261825e-01,-1.062004917723647583e-03,1.525133296305782125e-04,-1.914516621865044489e-04,1.319169774513224199e-03,0.000000000000000000e+00
6.985000000000000320e+00,5.007963183269948937e-01,-1.055121121712133654e-03,1.515589417610190644e-04,-1.903045560841836912e-04,1.310871746856021817e-03,0.000000000000000000e+00
6.990000000000000213e+00,5.007910598402611768e-01,-1.048280794557014759e-03,1.506102733915254518e-04,-1.891638569176201461e-04,1.302623833504555021e-03,0.000000000000000000e+00
6.995000000000000107e+00,5.007858354470415829e-01,-1.041483672201554134e-03,1.496672925659665995e-04,-1.880295332860273559e-04,1.294425750938522392e-03,0.000000000000000000e+00
7.000000000000000000e+00,5.007806449319690545e-01,-1.034729492097314360e-03,1.487299674849392275e-04,-1.869015538992255363e-04,1.286277217061613208e-03,0.000000000000000000e+00
7.004999999999999893e+00,5.007754880809854869e-01,-1.028017993196440015e-03,1.477982665052142289e-04,-1.857798875777276352e-04,1.278177951196174476e-03,0.000000000000000000e+00
7.009999999999999787e+00,5.007703646813345122e-01,-1.021348915943971758e-03,1.468721581391830221e-04,-1.846645032528180456e-04,1.270127674077993745e-03,0.000000000000000000e+00
7.015000000000000568e+00,5.007652745215536161e-01,-1.014722002270189482e-03,1.459516110543035775e-04,-1.835553699666277953e-04,1.262126107850653454e-03,0.000000000000000000e+00
7.020000000000000462e+00,5.007602173914670329e-01,-1.008136995582987984e-03,1.450365940725459020e-04,-1.824524568721975928e-04,1.254172976060338902e-03,0.000000000000000000e+00
7.025000000000000355e+00,5.007551930821781960e-01,-1.001593640760280830e-03,1.441270761698374163e-04,-1.813557332335393834e-04,1.246268003650347848e-03,0.000000000000000000e+00
7.030000000000000249e+00,5.007502013860626322e-01,-9.950916841424376109e-04,1.432230264755079236e-04,-1.802651684256862492e-04,1.238410916955857716e-03,0.000000000000000000e+00
7.035000000000000142e+00,5.007452420967603013e-01,-9.886308735247498203e-04,1.423244142717344719e-04,-1.791807319347396533e-04,1.230601443698333287e-03,0.000000000000000000e+00
7.040000000000000036e+00,5.007403150091688238e-01,-9.822109581499279592e-04,1.414312089929857812e-04,-1.781023933579070075e-04,1.222839312980446552e-03,0.000000000000000000e+00
7.044999999999999929e+00,5.007354199194358202e-01,-9.758316887006285648e-04,1.405433802254667252e-04,-1.770301224035356351e-04,1.215124255280447324e-03,0.000000000000000000e+00
7.049999999999999822e+00,5.007305566249519169e-01,-9.694928172920125710e-04,1.396608977065625702e-04,-1.759638888911381949e-04,1.207456002446914180e-03,0.000000000000000000e+00
7.054999999999999716e+00,5.007257249243437514e-01,-9.631940974643335950e-04,1.387837313242829950e-04,-1.749036627514124142e-04,1.199834287693482202e-03,0.000000000000000000e+00
7.060000000000000497e+00,5.007209246174665340e-01,-9.569352841755558205e-04,1.379118511167062757e-04,-1.738494140262559151e-04,1.192258845593290994e-03,0.000000000000000000e+00
7.065000000000000391e+00,5.007161555053972757e-01,-9.507161337940038667e-04,1.370452272714231166e-04,-1.728011128687727467e-04,1.184729412073811088e-03,0.000000000000000000e+00
7.070000000000000284e+00,5.007114173904275711e-01,-9.445364040910414960e-04,1.361838301249806982e-04,-1.717587295432754723e-04,1.177245724411388021e-03,0.000000000000000000e+00
7.075000000000000178e+00,5.007067100760567158e-01,-9.383958542337812216e-04,1.353276301623266447e-04,-1.707222344252805075e-04,1.169807521225968124e-03,0.000000000000000000e+00
7.080000000000000071e+00,5.007020333669847112e-01,-9.322942447778236226e-04,1.344765980162529906e-04,-1.696915980014993919e-04,1.162414542475735408e-03,0.000000000000000000e+00
7.084999999999999964e+00,5.006973870691052708e-01,-9.262313376600276671e-04,1.336307044668402560e-04,-1.686667908698211713e-04,1.155066529451742163e-03,0.000000000000000000e+00
7.089999999999999858e+00,5.006927709894989365e-01,-9.202068961913103086e-04,1.327899204409016304e-04,-1.676477837392918518e-04,1.147763224772579450e-03,0.000000000000000000e+00
7.094999999999999751e+00,5.006881849364263060e-01,-9.142206850494768739e-04,1.319542170114272378e-04,-1.666345474300859938e-04,1.140504372379107017e-03,0.000000000000000000e+00
7.100000000000000533e+00,5.006836287193212609e-01,-9.082724702720809413e-04,1.311235653970285373e-04,-1.656270528734747280e-04,1.133289717529156315e-03,0.000000000000000000e+00
7.105000000000000426e+00,5.006791021487840831e-01,-9.023620192493139259e-04,1.302979369613830219e-04,-1.646252711117879438e-04,1.126119006792159578e-03,0.000000000000000000e+00
7.110000000000000320e+00,5.006746050365747935e-01,-8.964891007169254562e-04,1.294773032126789441e-04,-1.636291732983702167e-04,1.118991988043893399e-03,0.000000000000000000e+00
7.115000000000000213e+00,5.006701371956061575e-01,-8.906534847491724824e-04,1.286616358030604217e-04,-1.626387306975330760e-04,1.111908410461007191e-03,0.000000000000000000e+00
7.120000000000000107e+00,5.006656984399374677e-01,-8.848549427517998257e-04,1.278509065280726781e-04,-1.616539146844986536e-04,1.104868024516008317e-03,0.000000000000000000e+00
7.125000000000000000e+00,5.006612885847676608e-01,-8.790932474550489182e-04,1.270450873261076902e-04,-1.606746967453425465e-04,1.097870581971822652e-03,0.000000000000000000e+00
7.129999999999999893e+00,5.006569074464285451e-01,-8.733681729066967905e-04,1.262441502778500525e-04,-1.597010484769291710e-04,1.090915835876418022e-03,0.000000000000000000e+00
7.134999999999999787e+00,5.006525548423785832e-01,-8.676794944651250929e-04,1.254480676057232206e-04,-1.587329415868419136e-04,1.084003540557739679e-03,0.000000000000000000e+00
7.140000000000000568e+00,5.006482305911961195e-01,-8.620269887924188234e-04,1.246568116733360806e-04,-1.577703478933087269e-04,1.077133451618304469e-03,0.000000000000000000e+00
7.145000000000000462e+00,5.006439345125729412e-01,-8.564104338474932444e-04,1.238703549849298974e-04,-1.568132393251248536e-04,1.070305325929973026e-03,0.000000000000000000e+00
7.150000000000000355e+00,5.006396664273078390e-01,-8.508296088792521340e-04,1.230886701848257780e-04,-1.558615879215671741e-04,1.063518921628719147e-03,0.000000000000000000e+00
7.155000000000000249e+00,5.006354261573001674e-01,-8.452842944197740084e-04,1.223117300568723792e-04,-1.549153658323072270e-04,1.056773998109376833e-03,0.000000000000000000e+00
7.160000000000000142e+00,5.006312135255432949e-01,-8.397742722775289196e-04,1.215395075238942247e-04,-1.539745453173170997e-04,1.050070316020319024e-03,0.000000000000000000e+00
7.165000000000000036e+00,5.006270283561184975e-01,-8.342993255306239845e-04,1.207719756471404291e-04,-1.530390987467720673e-04,1.043407637258376378e-03,0.000000000000000000e+00
7.169999999999999929e+00,5.006228704741885194e-01,-8.288592385200776449e-04,1.200091076257339229e-04,-1.521089986009486778e-04,1.036785724963556121e-03,0.000000000000000000e+00
7.174999999999999822e+00,5.006187397059912447e-01,-8.234537968431242857e-04,1.192508767961212202e-04,-1.511842174701183374e-04,1.030204343513807953e-03,0.000000000000000000e+00
7.179999999999999716e+00,5.006146358788333695e-01,-8.180827873465469332e-04,1.184972566315227417e-04,-1.502647280544368031e-04,1.023663258519783448e-03,0.000000000000000000e+00
7.185000000000000497e+00,5.006105588210841839e-01,-8.127459981200398781e-04,1.177482207413836391e-04,-1.493505031638280652e-04,1.017162236819648367e-03,0.000000000000000000e+00
7.190000000000000391e+00,5.006065083621696887e-01,-8.074432184896003549e-04,1.170037428708252701e-04,-1.484415157178645963e-04,1.010701046474084697e-03,0.000000000000000000e+00
7.195000000000000284e+00,5.006024843325659335e-01,-8.021742390109479768e-04,1.162637969000972834e-04,-1.475377387456458674e-04,1.004279456760812615e-03,0.000000000000000000e+00
7.200000000000000178e+00,5.005984865637932435e-01,-7.969388514629745278e-04,1.155283568440302591e-04,-1.466391453856690560e-04,9.978972381696365503e-04,0.000000000000000000e+00
7.205000000000000071e+00,5.005945148884100027e-01,-7.917368488412218370e-04,1.147973968514890813e-04,-1.457457088856977225e-04,9.915541623972165108e-04,0.000000000000000000e+00
7.209999999999999964e+00,5.005905691400065471e-01,-7.865680253513881656e-04,1.140708912048269335e-04,-1.448574026026269626e-04,9.852500023418927534e-04,0.000000000000000000e+00
7.214999999999999858e+00,5.005866491531991702e-01,-7.814321764028645196e-04,1.133488143193399724e-04,-1.439742000023428944e-04,9.789845320985685658e-04,0.000000000000000000e+00
7.219999999999999751e+00,5.005827547636241270e-01,-7.763290986022982829e-04,1.126311407427227465e-04,-1.430960746595797339e-04,9.727575269535827492e-04,0.000000000000000000e+00
7.225000000000000533e+00,5.005788858079317505e-01,-7.712585897471863419e-04,1.119178451545243332e-04,-1.422230002577725327e-04,9.665687633796411901e-04,0.000000000000000000e+00
7.230000000000000426e+00,5.005750421237803449e-01,-7.662204488194954231e-04,1.112089023656051806e-04,-1.413549505889076941e-04,9.604180190305977279e-04,0.000000000000000000e+00
7.235000000000000320e+00,5.005712235498303020e-01,-7.612144759793123541e-04,1.105042873175947625e-04,-1.404918995533674712e-04,9.543050727363722825e-04,0.000000000000000000e+00
7.240000000000000213e+00,5.005674299257383275e-01,-7.562404725585227319e-04,1.098039750823499654e-04,-1.396338211597712394e-04,9.482297044979191803e-04,0.000000000000000000e+00
7.245000000000000107e+00,5.005636610921516683e-01,-7.512982410545165869e-04,1.091079408614143153e-04,-1.387806895248150894e-04,9.421916954821830123e-04,0.000000000000000000e+00
7.250000000000000000e+00,5.005599168907020058e-01,-7.463875851239226700e-04,1.084161599854780312e-04,-1.379324788731071906e-04,9.361908280168545647e-04,0.000000000000000000e+00
7.254999999999999893e+00,5.005561971639999053e-01,-7.415083095763723387e-04,1.077286079138388658e-04,-1.370891635369975712e-04,9.302268855854501674e-04,0.000000000000000000e+00
7.259999999999999787e+00,5.005525017556291534e-01,-7.366602203682895726e-04,1.070452602338637846e-04,-1.362507179564079532e-04,9.242996528223057159e-04,0.000000000000000000e+00
7.265000000000000568e+00,5.005488305101406521e-01,-7.318431245967098276e-04,1.063660926604516224e-04,-1.354171166786567889e-04,9.184089155073141709e-04,0.000000000000000000e+00
7.270000000000000462e+00,5.005451832730472006e-01,-7.270568304931276232e-04,1.056910810354964707e-04,-1.345883343582794189e-04,9.125544605611723070e-04,0.000000000000000000e+00
7.275000000000000355e+00,5.005415598908175001e-01,-7.223011474173709080e-04,1.050202013273520953e-04,-1.337643457568479322e-04,9.067360760401638577e-04,0.000000000000000000e+00
7.280000000000000249e+00,5.005379602108707138e-01,-7.175758858515037236e-04,1.043534296302971946e-04,-1.329451257427857400e-04,9.009535511312647760e-04,0.000000000000000000e+00
7.285000000000000142e+00,5.005343840815706935e-01,-7.128808573937560822e-04,1.036907421640016058e-04,-1.321306492911809307e-04,8.952066761470388106e-04,0.000000000000000000e+00
7.290000000000000036e+00,5.005308313522205399e-01,-7.082158747524829002e-04,1.030321152729934606e-04,-1.313208914835938511e-04,8.894952425207347437e-04,0.000000000000000000e+00
7.294999999999999929e+00,5.005273018730572732e-01,-7.035807517401489533e-04,1.023775254261273158e-04,-1.305158275078644706e-04,8.838190428014323094e-04,0.000000000000000000e+00
7.299999999999999822e+00,5.005237954952457269e-01,-6.989753032673419117e-04,1.017269492160532334e-04,-1.297154326579162762e-04,8.781778706487243990e-04,0.000000000000000000e+00
7.304999999999999716e+00,5.005203120708737741e-01,-6.943993453368137820e-04,1.010803633586868631e-04,-1.289196823335546111e-04,8.725715208281901916e-04,0.000000000000000000e+00
7.310000000000000497e+00,5.005168514529464430e-01,-6.898526950375476110e-04,1.004377446926805551e-04,-1.281285520402671268e-04,8.669997892061888150e-04,0.000000000000000000e+00
7.315000000000000391e+00,5.005134134953805880e-01,-6.853351705388533539e-04,9.979907017889543463e-05,-1.273420173890174329e-04,8.614624727449917124e-04,0.000000000000000000e+00
7.320000000000000284e+00,5.005099980529994497e-01,-6.808465910844904148e-04,9.916431689987454778e-05,-1.265600540960371738e-04,8.559593694978349931e-04,0.000000000000000000e+00
7.325000000000000178e+00,5.005066049815275475e-01,-6.763867769868179419e-04,9.853346205931705034e-05,-1.257826379826141217e-04,8.504902786041735555e-04,0.000000000000000000e+00
7.330000000000000071e+00,5.005032341375851290e-01,-6.719555496209700602e-04,9.790648298155346760e-05,-1.250097449748822204e-04,8.450550002846472439e-04,0.000000000000000000e+00
7.334999999999999964e+00,5.004998853786828406e-01,-6.675527314190604850e-04,9.728335711102198402e-05,-1.242413511036040950e-04,8.396533358361940244e-04,0.000000000000000000e+00
7.339999999999999858e+00,5.004965585632166203e-01,-6.631781458644132659e-04,9.666406201174587134e-05,-1.234774325039525032e-04,8.342850876272823145e-04,0.000000000000000000e+00
7.344999999999999751e+00,5.004932535504623692e-01,-6.588316174858198761e-04,9.604857536681193312e-05,-1.227179654152906764e-04,8.289500590930025826e-04,0.000000000000000000e+00
7.350000000000000533e+00,5.004899702005706219e-01,-6.545129718518232984e-04,9.543687497785018254e-05,-1.219629261809491907e-04,8.236480547301611166e-04,0.000000000000000000e+00
7.355000000000000426e+00,5.004867083745616618e-01,-6.502220355650298669e-04,9.482893876451450963e-05,-1.212122912479988805e-04,8.183788800926311818e-04,0.000000000000000000e+00
7.360000000000000320e+00,5.004834679343200809e-01,-6.459586362564455038e-04,9.422474476396458163e-05,-1.204660371670258809e-04,8.131423417863653655e-04,0.000000000000000000e+00
7.365000000000000213e+00,5.004802487425897839e-01,-6.417226025798406864e-04,9.362427113034882766e-05,-1.197241405918991058e-04,8.079382474646757198e-04,0.000000000000000000e+00
7.370000000000000107e+00,5.004770506629688809e-01,-6.375137642061407851e-04,9.302749613428860248e-05,-1.189865782795390702e-04,8.027664058234383355e-04,0.000000000000000000e+00
7.375000000000000000e+00,5.004738735599045807e-01,-6.333319518178428566e-04,9.243439816236352917e-05,-1.182533270896831188e-04,7.976266265962963977e-04,0.000000000000000000e+00
7.379999999999999893e+00,5.004707172986880837e-01,-6.291769971034584562e-04,9.184495571659796688e-05,-1.175243639846493547e-04,7.925187205498568453e-04,0.000000000000000000e+00
7.384999999999999787e+00,5.004675817454496967e-01,-6.250487327519843161e-04,9.125914741394876588e-05,-1.167996660290956083e-04,7.874424994790245064e-04,0.000000000000000000e+00
7.390000000000000568e+00,5.004644667671539482e-01,-6.209469924473963323e-04,9.067695198579410693e-05,-1.160792103897812779e-04,7.823977762023181289e-04,0.000000000000000000e+00
7.395000000000000462e+00,5.004613722315941482e-01,-6.168716108631718507e-04,9.009834827742365521e-05,-1.153629743353237915e-04,7.773843645568639677e-04,0.000000000000000000e+00
7.400000000000000355e+00,5.004582980073880583e-01,-6.128224236568376474e-04,8.952331524752982553e-05,-1.146509352359518689e-04,7.724020793940472671e-04,0.000000000000000000e+00
7.405000000000000249e+00,5.004552439639726735e-01,-6.087992674645427383e-04,8.895183196770038931e-05,-1.139430705632608448e-04,7.674507365746244605e-04,0.000000000000000000e+00
7.410000000000000142e+00,5.004522099715992267e-01,-6.048019798956575342e-04,8.838387762191224697e-05,-1.132393578899637088e-04,7.625301529639708954e-04,0.000000000000000000e+00
7.415000000000000036e+00,5.004491959013285252e-01,-6.008303995273993423e-04,8.781943150602644730e-05,-1.125397748896395973e-04,7.576401464275229558e-04,0.000000000000000000e+00
7.419999999999999929e+00,5.004462016250261769e-01,-5.968843658994830211e-04,8.725847302728452124e-05,-1.118442993364812156e-04,7.527805358261525307e-04,0.000000000000000000e+00
7.424999999999999822e+00,5.004432270153575946e-01,-5.929637195087967888e-04,8.670098170380602202e-05,-1.111529091050420285e-04,7.479511410114021621e-04,0.000000000000000000e+00
7.429999999999999716e+00,5.004402719457834436e-01,-5.890683018041044860e-04,8.614693716408736623e-05,-1.104655821699785864e-04,7.431517828209900514e-04,0.000000000000000000e+00
7.435000000000000497e+00,5.004373362905546463e-01,-5.851979551807719084e-04,8.559631914650196239e-05,-1.097822966057947485e-04,7.383822830740395700e-04,0.000000000000000000e+00
7.440000000000000391e+00,5.004344199247078295e-01,-5.813525229755193762e-04,8.504910749880161349e-05,-1.091030305865814740e-04,7.336424645665773261e-04,0.000000000000000000e+00
7.445000000000000284e+00,5.004315227240605513e-01,-5.775318494612006505e-04,8.450528217761927479e-05,-1.084277623857545268e-04,7.289321510669015619e-04,0.000000000000000000e+00
7.450000000000000178e+00,5.004286445652068593e-01,-5.737357798416044003e-04,8.396482324797303128e-05,-1.077564703757932638e-04,7.242511673111356237e-04,0.000000000000000000e+00
7.455000000000000071e+00,5.004257853255122956e-01,-5.699641602462822334e-04,8.342771088277147113e-05,-1.070891330279774318e-04,7.195993389984534604e-04,0.000000000000000000e+00
7.459999999999999964e+00,5.004229448831094551e-01,-5.662168377254019882e-04,8.289392536232033305e-05,-1.064257289121200734e-04,7.149764927866391652e-04,0.000000000000000000e+00
7.464999999999999858e+00,5.004201231168934338e-01,-5.624936602446254210e-04,8.236344707383050888e-05,-1.057662366963006109e-04,7.103824562875765865e-04,0.000000000000000000e+00
7.469999999999999751e+00,5.004173199065172772e-01,-5.587944766800110458e-04,8.183625651092738787e-05,-1.051106351465964380e-04,7.058170580627336254e-04,0.000000000000000000e+00
7.475000000000000533e+00,5.004145351323873170e-01,-5.551191368129410443e-04,8.131233427316155631e-05,-1.044589031268132787e-04,7.012801276185846259e-04,0.000000000000000000e+00
7.480000000000000426e+00,5.004117686756587302e-01,-5.514674913250731123e-04,8.079166106552079806e-05,-1.038110195982141370e-04,6.967714954021587493e-04,0.000000000000000000e+00
7.485000000000000320e+00,5.004090204182309876e-01,-5.478393917933180009e-04,8.027421769794350467e-05,-1.031669636192452104e-04,6.922909927965285003e-04,0.000000000000000000e+00
7.490000000000000213e+00,5.004062902427435233e-01,-5.442346906848400442e-04,7.975998508483346777e-05,-1.025267143452624678e-04,6.878384521164257557e-04,0.000000000000000000e+00
7.495000000000000107e+00,5.004035780325712945e-01,-5.406532413520825139e-04,7.924894424457598608e-05,-1.018902510282569939e-04,6.834137066037849345e-04,0.000000000000000000e+00
7.500000000000000000e+00,5.004008836718201181e-01,-5.370948980278173693e-04,7.874107629905538193e-05,-1.012575530165785176e-04,6.790165904231632195e-04,0.000000000000000000e+00
7.504999999999999893e+00,5.003982070453225628e-01,-5.335595158202199439e-04,7.823636247317392717e-05,-1.006285997546560131e-04,6.746469386574901594e-04,0.000000000000000000e+00
7.509999999999999787e+00,5.003955480386335086e-01,-5.300469507079663993e-04,7.773478409437212439e-05,-1.000033707827208628e-04,6.703045873036078033e-04,0.000000000000000000e+00
7.515000000000000568e+00,5.003929065380257057e-01,-5.265570595353564424e-04,7.723632259215039756e-05,-9.938184573652542487e-05,6.659893732678238455e-04,0.000000000000000000e+00
7.520000000000000462e+00,5.003902824304855557e-01,-5.230897000074595689e-04,7.674095949759219214e-05,-9.876400434706221183e-05,6.617011343615897788e-04,0.000000000000000000e+00
7.525000000000000355e+00,5.003876756037087814e-01,-5.196447306852849425e-04,7.624867644288847116e-05,-9.814982644028180810e-05,6.574397092971122607e-04,0.000000000000000000e+00
7.530000000000000249e+00,5.003850859460960976e-01,-5.162220109809755606e-04,7.575945516086364778e-05,-9.753929193680936464e-05,6.532049376829692508e-04,0.000000000000000000e+00
7.535000000000000142e+00,5.003825133467492137e-01,-5.128214011530264887e-04,7.527327748450292734e-05,-9.693238085165922346e-05,6.489966600199228216e-04,0.000000000000000000e+00
7.540000000000000036e+00,5.003799576954663930e-01,-5.094427623015255384e-04,7.479012534648104540e-05,-9.632907329395089724e-05,6.448147176964635213e-04,0.000000000000000000e+00
7.544999999999999929e+00,5.003774188827381231e-01,-5.060859563634177976e-04,7.430998077869246932e-05,-9.572934946662344988e-05,6.406589529844228248e-04,0.000000000000000000e+00
7.549999999999999822e+00,5.003748967997433406e-01,-5.027508461077954223e-04,7.383282591178303648e-05,-9.513318966614556726e-05,6.365292090349254812e-04,0.000000000000000000e+00
7.554999999999999716e+00,5.003723913383449906e-01,-4.994372951312083539e-04,7.335864297468301556e-05,-9.454057428222923298e-05,6.324253298739335519e-04,0.000000000000000000e+00
7.560000000000000497e+00,5.003699023910859189e-01,-4.961451678529993229e-04,7.288741429414159073e-05,-9.395148379754114090e-05,6.283471603979929763e-04,0.000000000000000000e+00
7.565000000000000391e+00,5.003674298511849861e-01,-4.928743295106631376e-04,7.241912229426285025e-05,-9.336589878741073298e-05,6.242945463701202180e-04,0.000000000000000000e+00
7.570000000000000284e+00,5.003649736125326264e-01,-4.896246461552270076e-04,7.195374949604318451e-05,-9.278379991954186932e-05,6.202673344153467353e-04,0.000000000000000000e+00
7.575000000000000178e+00,5.003625335696870735e-01,-4.863959846466560204e-04,7.149127851691012062e-05,-9.220516795371921264e-05,6.162653720166741487e-04,0.000000000000000000e+00
7.580000000000000071e+00,5.003601096178703633e-01,-4.831882126492801927e-04,7.103169207026268847e-05,-9.162998374151693024e-05,6.122885075108871599e-04,0.000000000000000000e+00
7.584999999999999964e+00,5.003577016529641153e-01,-4.800011986272445627e-04,7.057497296501315557e-05,-9.105822822600600011e-05,6.083365900842407047e-04,0.000000000000000000e+00
7.589999999999999858e+00,5.003553095715055354e-01,-4.768348118399826996e-04,7.012110410513033398e-05,-9.048988244145983646e-05,6.044094697682815456e-04,0.000000000000000000e+00
7.594999999999999751e+00,5.003529332706836419e-01,-4.736889223377130365e-04,6.967006848918425607e-05,-8.992492751305903437e-05,6.005069974358021381e-04,0.000000000000000000e+00
7.600000000000000533e+00,5.003505726483353788e-01,-4.705634009569567241e-04,6.922184920989240880e-05,-8.936334465659748324e-05,5.966290247967260835e-04,0.000000000000000000e+00
7.605000000000000426e+00,5.003482276029412867e-01,-4.674581193160781993e-04,6.877642945366739102e-05,-8.880511517818754513e-05,5.927754043937325055e-04,0.000000000000000000e+00
7.610000000000000320e+00,5.003458980336220607e-01,-4.643729498108503640e-04,6.833379250016604798e-05,-8.825022047396027282e-05,5.889459895984184082e-04,0.000000000000000000e+00
7.615000000000000213e+00,5.003435838401344427e-01,-4.613077656100387927e-04,6.789392172184016444e-05,-8.769864202977188921e-05,5.851406346070523986e-04,0.000000000000000000e+00
7.620000000000000107e+00,5.003412849228673354e-01,-4.582624406510104427e-04,6.745680058348852651e-05,-8.715036142090502186e-05,5.813591944364704389e-04,0.000000000000000000e+00
7.625000000000000000e+00,5.003390011828381390e-01,-4.552368496353645898e-04,6.702241264181058272e-05,-8.660536031176977487e-05,5.776015249201085344e-04,0.000000000000000000e+00
7.629999999999999893e+00,5.003367325216887540e-01,-4.522308680245844736e-04,6.659074154496152811e-05,-8.606362045560653554e-05,5.738674827038287712e-04,0.000000000000000000e+00
7.634999999999999787e+00,5.003344788416819178e-01,-4.492443720357124147e-04,6.616177103210889266e-05,-8.552512369418573167e-05,5.701569252419557993e-04,0.000000000000000000e+00
7.640000000000000568e+00,5.003322400456974295e-01,-4.462772386370461282e-04,6.573548493299066113e-05,-8.498985195750882217e-05,5.664697107932432744e-04,0.000000000000000000e+00
7.645000000000000462e+00,5.003300160372283756e-01,-4.433293455438570472e-04,6.531186716747487014e-05,-8.445778726350791881e-05,5.628056984168436621e-04,0.000000000000000000e+00
7.650000000000000355e+00,5.003278067203774659e-01,-4.404005712141302207e-04,6.489090174512066891e-05,-8.392891171774604503e-05,5.591647479683436355e-04,0.000000000000000000e+00
7.655000000000000249e+00,5.003256119998531481e-01,-4.374907948443260597e-04,6.447257276474096567e-05,-8.340320751311643241e-05,5.555467200956748985e-04,0.000000000000000000e+00
7.660000000000000142e+00,5.003234317809660547e-01,-4.345998963651638743e-04,6.405686441396648352e-05,-8.288065692954085502e-05,5.519514762352205990e-04,0.000000000000000000e+00
7.665000000000000036e+00,5.003212659696253395e-01,-4.317277564374276920e-04,6.364376096881141549e-05,-8.236124233366633738e-05,5.483788786078670980e-04,0.000000000000000000e+00
7.669999999999999929e+00,5.003191144723352357e-01,-4.288742564477913207e-04,6.323324679324051614e-05,-8.184494617856594178e-05,5.448287902151719656e-04,0.000000000000000000e+00
7.674999999999999822e+00,5.003169771961909484e-01,-4.260392785046664501e-04,6.282530633873775175e-05,-8.133175100343588285e-05,5.413010748351552168e-04,0.000000000000000000e+00
7.679999999999999716e+00,5.003148540488755458e-01,-4.232227054340721674e-04,6.241992414387641415e-05,-8.082163943329162569e-05,5.377955970186817621e-04,0.000000000000000000e+00
7.685000000000000497e+00,5.003127449386560732e-01,-4.204244207755242582e-04,6.201708483389082021e-05,-8.031459417866704687e-05,5.343122220853802539e-04,0.000000000000000000e+00
7.690000000000000391e+00,5.003106497743801118e-01,-4.176443087779477649e-04,6.161677312024944789e-05,-7.981059803530885205e-05,5.308508161198384045e-04,0.000000000000000000e+00
7.695000000000000284e+00,5.003085684654723364e-01,-4.148822543956080301e-04,6.121897380022963081e-05,-7.930963388387579117e-05,5.274112459677869191e-04,0.000000000000000000e+00
7.700000000000000178e+00,5.003065009219308523e-01,-4.121381432840643452e-04,6.082367175649377078e-05,-7.881168468963421455e-05,5.239933792321650350e-04,0.000000000000000000e+00
7.705000000000000071e+00,5.003044470543236422e-01,-4.094118617961443624e-04,6.043085195666704100e-05,-7.831673350215373724e-05,5.205970842692541484e-04,0.000000000000000000e+00
7.709999999999999964e+00,5.003024067737852354e-01,-4.067032969779383472e-04,6.004049945291665464e-05,-7.782476345500454341e-05,5.172222301849389425e-04,0.000000000000000000e+00
7.714999999999999858e+00,5.003003799920132666e-01,-4.040123365648154940e-04,5.965259938153260390e-05,-7.733575776545179037e-05,5.138686868309157163e-04,0.000000000000000000e+00
7.719999999999999751e+00,5.002983666212649227e-01,-4.013388689774592699e-04,5.926713696250994397e-05,-7.684969973415288578e-05,5.105363248008273121e-04,0.000000000000000000e+00
7.725000000000000533e+00,5.002963665743537236e-01,-3.986827833179246053e-04,5.888409749913260172e-05,-7.636657274485221698e-05,5.072250154266056679e-04,0.000000000000000000e+00
7.730000000000000426e+00,5.002943797646457469e-01,-3.960439693657141660e-04,5.850346637755868869e-05,-7.588636026407818427e-05,5.039346307744844468e-04,0.000000000000000000e+00
7.735000000000000320e+00,5.002924061060566308e-01,-3.934223175738768520e-04,5.812522906640736587e-05,-7.540904584083646649e-05,5.006650436414814519e-04,0.000000000000000000e+00
7.740000000000000213e+00,5.002904455130480210e-01,-3.908177190651247268e-04,5.774937111634719243e-05,-7.493461310630718990e-05,4.974161275515473230e-04,0.000000000000000000e+00
7.745000000000000107e+00,5.002884979006243515e-01,-3.882300656279711443e-04,5.737587815968603984e-05,-7.446304577353942702e-05,4.941877567519205577e-04,0.000000000000000000e+00
7.750000000000000000e+00,5.002865631843292915e-01,-3.856592497128886066e-04,5.700473590996248314e-05,-7.399432763714714574e-05,4.909798062092845562e-04,0.000000000000000000e+00
7.754999999999999893e+00,5.002846412802428588e-01,-3.831051644284870603e-04,5.663593016153875760e-05,-7.352844257300336943e-05,4.877921516063289122e-04,0.000000000000000000e+00
7.759999999999999787e+00,5.002827321049777565e-01,-3.805677035377109485e-04,5.626944678919521285e-05,-7.306537453793748122e-05,4.846246693378420019e-04,0.000000000000000000e+00
7.765000000000000568e+00,5.002808355756762637e-01,-3.780467614540574599e-04,5.590527174772629855e-05,-7.260510756942954681e-05,4.814772365071475911e-04,0.000000000000000000e+00
7.770000000000000462e+00,5.002789516100069056e-01,-3.755422332378139673e-04,5.554339107153808140e-05,-7.214762578530572134e-05,4.783497309224090614e-04,0.000000000000000000e+00
7.775000000000000355e+00,5.002770801261613443e-01,-3.730540145923153623e-04,5.518379087424725297e-05,-7.169291338343316850e-05,4.752420310930691606e-04,0.000000000000000000e+00
7.780000000000000249e+00,5.002752210428511592e-01,-3.705820018602210128e-04,5.482645734828170962e-05,-7.124095464141567079e-05,4.721540162262270876e-04,0.000000000000000000e+00
7.785000000000000142e+00,5.002733742793046279e-01,-3.681260920198102613e-04,5.447137676448261643e-05,-7.079173391629040523e-05,4.690855662230152510e-04,0.000000000000000000e+00
7.790000000000000036e+00,5.002715397552635057e-01,-3.656861826812987399e-04,5.411853547170800935e-05,-7.034523564422237455e-05,4.660365616749881173e-04,0.000000000000000000e+00
7.794999999999999929e+00,5.002697173909800288e-01,-3.632621720831733870e-04,5.376791989643790840e-05,-6.990144434020068151e-05,4.630068838606388854e-04,0.000000000000000000e+00
7.799999999999999822e+00,5.002679071072134720e-01,-3.608539590885461671e-04,5.341951654238096236e-05,-6.946034459773531820e-05,4.599964147416590985e-04,0.000000000000000000e+00
7.805000000000000604e+00,5.002661088252273736e-01,-3.584614431815287159e-04,5.307331199008259780e-05,-6.902192108855101447e-05,4.570050369596012521e-04,0.000000000000000000e+00
7.810000000000000497e+00,5.002643224667864263e-01,-3.560845244636246030e-04,5.272929289653471982e-05,-6.858615856228447445e-05,4.540326338323420188e-04,0.000000000000000000e+00
7.815000000000000391e+00,5.002625479541530362e-01,-3.537231036501397555e-04,5.238744599478689683e-05,-6.815304184618296835e-05,4.510790893503477676e-04,0.000000000000000000e+00
7.820000000000000284e+00,5.002607852100846575e-01,-3.513770820666149990e-04,5.204775809355907678e-05,-6.772255584479692050e-05,4.481442881734208736e-04,0.000000000000000000e+00
7.825000000000000178e+00,5.002590341578305733e-01,-3.490463616452739947e-04,5.171021607685582122e-05,-6.729468553967988349e-05,4.452281156271020095e-04,0.000000000000000000e+00
7.830000000000000071e+00,5.002572947211287868e-01,-3.467308449214922639e-04,5.137480690358204374e-05,-6.686941598908389094e-05,4.423304576991561924e-04,0.000000000000000000e+00
7.834999999999999964e+00,5.002555668242033571e-01,-3.444304350302841559e-04,5.104151760716029335e-05,-6.644673232765665332e-05,4.394512010363176295e-04,0.000000000000000000e+00
7.839999999999999858e+00,5.002538503917609569e-01,-3.421450357028077600e-04,5.071033529514950840e-05,-6.602661976614005498e-05,4.365902329405811503e-04,0.000000000000000000e+00
7.844999999999999751e+00,5.002521453489882086e-01,-3.398745512628894953e-04,5.038124714886532213e-05,-6.560906359106702466e-05,4.337474413659593575e-04,0.000000000000000000e+00
7.850000000000000533e+00,5.002504516215486863e-01,-3.376188866235666983e-04,5.005424042300185913e-05,-6.519404916445927357e-05,4.309227149150441348e-04,0.000000000000000000e+00
7.855000000000000426e+00,5.002487691355799182e-01,-3.353779472836480998e-04,4.972930244525502927e-05,-6.478156192352644280e-05,4.281159428355728151e-04,0.000000000000000000e+00
7.860000000000000320e+00,5.002470978176903893e-01,-3.331516393242930593e-04,4.940642061594735984e-05,-6.437158738036451893e-05,4.253270150169984705e-04,0.000000000000000000e+00
7.865000000000000213e+00,5.002454375949567655e-01,-3.309398694056097713e-04,4.908558240765430500e-05,-6.396411112165334163e-05,4.225558219871995203e-04,0.000000000000000000e+00
7.870000000000000107e+00,5.002437883949210073e-01,-3.287425447632700616e-04,4.876677536483209335e-05,-6.355911880835694373e-05,4.198022549091225001e-04,0.000000000000000000e+00
7.875000000000000000e+00,5.002421501455874830e-01,-3.265595732051434271e-04,4.844998710344705276e-05,-6.315659617542226500e-05,4.170662055774321470e-04,0.000000000000000000e+00
7.879999999999999893e+00,5.002405227754199712e-01,-3.243908631079483150e-04,4.813520531060643275e-05,-6.275652903147964129e-05,4.143475664150984405e-04,0.000000000000000000e+00
7.884999999999999787e+00,5.002389062133391073e-01,-3.222363234139220497e-04,4.782241774419075154e-05,-6.235890325854207396e-05,4.116462304702527952e-04,0.000000000000000000e+00
7.890000000000000568e+00,5.002373003887193859e-01,-3.200958636275076739e-04,4.751161223248763390e-05,-6.196370481170647795e-05,4.089620914127829613e-04,0.000000000000000000e+00
7.895000000000000462e+00,5.002357052313862740e-01,-3.179693938120592206e-04,4.720277667382713293e-05,-6.157091971885438780e-05,4.062950435310001872e-04,0.000000000000000000e+00
7.900000000000000355e+00,5.002341206716136579e-01,-3.158568245865642785e-04,4.689589903621854943e-05,-6.118053408035320571e-05,4.036449817285064174e-04,0.000000000000000000e+00
7.905000000000000249e+00,5.002325466401208454e-01,-3.137580671223847719e-04,4.659096735698876245e-05,-6.079253406875714474e-05,4.010118015208071905e-04,0.000000000000000000e+00
7.910000000000000142e+00,5.002309830680700120e-01,-3.116730331400141118e-04,4.628796974242202337e-05,-6.040690592851034711e-05,3.983953990321838787e-04,0.000000000000000000e+00
7.915000000000000036e+00,5.002294298870633149e-01,-3.096016349058526161e-04,4.598689436740126799e-05,-6.002363597564881672e-05,3.957956709923806369e-04,0.000000000000000000e+00
7.919999999999999929e+00,5.002278870291401169e-01,-3.075437852290003314e-04,4.568772947505088546e-05,-5.964271059750324608e-05,3.932125147333586810e-04,0.000000000000000000e+00
7.924999999999999822e+00,5.002263544267745443e-01,-3.054993974580669843e-04,4.539046337638099829e-05,-5.926411625240159939e-05,3.906458281862538540e-04,0.000000000000000000e+00
7.930000000000000604e+00,5.002248320128726000e-01,-3.034683854779985767e-04,4.509508444993321288e-05,-5.888783946937397229e-05,3.880955098780715438e-04,0.000000000000000000e+00
7.935000000000000497e+00,5.002233197207694992e-01,-3.014506637069214894e-04,4.480158114142783368e-05,-5.851386684785665217e-05,3.855614589285212470e-04,0.000000000000000000e+00
7.940000000000000391e+00,5.002218174842270049e-01,-2.994461470930042052e-04,4.450994196341260200e-05,-5.814218505739600899e-05,3.830435750468562817e-04,0.000000000000000000e+00
7.945000000000000284e+00,5.002203252374308740e-01,-2.974547511113348605e-04,4.422015549491285107e-05,-5.777278083735462903e-05,3.805417585287799087e-04,0.000000000000000000e+00
7.950000000000000178e+00,5.002188429149881932e-01,-2.954763917608170662e-04,4.393221038108318581e-05,-5.740564099661513121e-05,3.780559102532984883e-04,0.000000000000000000e+00
7.955000000000000071e+00,5.002173704519247144e-01,-2.935109855610807447e-04,4.364609533286060582e-05,-5.704075241328852348e-05,3.755859316795660732e-04,0.000000000000000000e+00
7.959999999999999964e+00,5.002159077836823009e-01,-2.915584495494113440e-04,4.336179912661909219e-05,-5.667810203441940147e-05,3.731317248438117788e-04,0.000000000000000000e+00
7.964999999999999858e+00,5.002144548461163742e-01,-2.896187012776947731e-04,4.307931060382568498e-05,-5.631767687569334943e-05,3.706931923562661792e-04,0.000000000000000000e+00
7.969999999999999751e+00,5.002130115754932493e-01,-2.876916588093794127e-04,4.279861867069800410e-05,-5.595946402114453767e-05,3.682702373980270951e-04,0.000000000000000000e+00
7.975000000000000533e+00,5.002115779084876923e-01,-2.857772407164542276e-04,4.251971229786322707e-05,-5.560345062286377402e-05,3.658627637180622083e-04,0.000000000000000000e+00
7.980000000000000426e+00,5.002101537821803667e-01,-2.838753660764436831e-04,4.224258052001855074e-05,-5.524962390070712454e-05,3.634706756301509618e-04,0.000000000000000000e+00
7.985000000000000320e+00,5.002087391340552802e-01,-2.819859544694184911e-04,4.196721243559308292e-05,-5.489797114200543535e-05,3.610938780098294941e-04,0.000000000000000000e+00
7.990000000000000213e+00,5.002073339019972309e-01,-2.801089259750231077e-04,4.169359720641119076e-05,-5.454847970127395625e-05,3.587322762913418089e-04,0.000000000000000000e+00
7.995000000000000107e+00,5.002059380242894759e-01,-2.782442011695194931e-04,4.142172405735731290e-05,-5.420113699992212689e-05,3.563857764647283127e-04,0.000000000000000000e+00
8.000000000000000000e+00,5.002045514396110670e-01,-2.763917011228466465e-04,4.115158227604220816e-05,-5.385593052596475883e-05,3.540542850727204432e-04,0.000000000000000000e+00
8.005000000000000782e+00,5.002031740870345189e-01,-2.745513473956958089e-04,4.088316121247064080e-05,-5.351284783373438318e-05,3.517377092078334891e-04,0.000000000000000000e+00
8.009999999999999787e+00,5.002018059060232558e-01,-2.727230620366029572e-04,4.061645027871052944e-05,-5.317187654359168731e-05,3.494359565093419916e-04,0.000000000000000000e+00
8.015000000000000568e+00,5.002004468364293910e-01,-2.709067675790562623e-04,4.035143894856351902e-05,-5.283300434163854686e-05,3.471489351604505188e-04,0.000000000000000000e+00
8.019999999999999574e+00,5.001990968184910624e-01,-2.691023870386188323e-04,4.008811675723697573e-05,-5.249621897943220969e-05,3.448765538852047738e-04,0.000000000000000000e+00
8.025000000000000355e+00,5.001977557928301010e-01,-2.673098439100684794e-04,3.982647330101744571e-05,-5.216150827369818563e-05,3.426187219456101646e-04,0.000000000000000000e+00
8.029999999999999361e+00,5.001964237004496994e-01,-2.655290621645525566e-04,3.956649823694552307e-05,-5.182886010604465405e-05,3.403753491387528137e-04,0.000000000000000000e+00
8.035000000000000142e+00,5.001951004827320801e-01,-2.637599662467582980e-04,3.930818128249214104e-05,-5.149826242267743390e-05,3.381463457939252841e-04,0.000000000000000000e+00
8.040000000000000924e+00,5.001937860814360537e-01,-2.620024810720986640e-04,3.905151221523631323e-05,-5.116970323411626834e-05,3.359316227696899633e-04,0.000000000000000000e+00
8.044999999999999929e+00,5.001924804386945755e-01,-2.602565320239137443e-04,3.879648087254425717e-05,-5.084317061491089247e-05,3.337310914509496575e-04,0.000000000000000000e+00
8.050000000000000711e+00,5.001911834970126369e-01,-2.585220449506876652e-04,3.854307715124995448e-05,-5.051865270335769749e-05,3.315446637462197391e-04,0.000000000000000000e+00
8.054999999999999716e+00,5.001898951992647113e-01,-2.567989461632812177e-04,3.829129100733712730e-05,-5.019613770121674032e-05,3.293722520846442594e-04,0.000000000000000000e+00
8.060000000000000497e+00,5.001886154886926450e-01,-2.550871624321786888e-04,3.804111245562262413e-05,-4.987561387343057614e-05,3.272137694132751977e-04,0.000000000000000000e+00
8.064999999999999503e+00,5.001873443089033255e-01,-2.533866209847506303e-04,3.779253156944120836e-05,-4.955706954784284691e-05,3.250691291942286532e-04,0.000000000000000000e+00
8.070000000000000284e+00,5.001860816038662394e-01,-2.516972495025312649e-04,3.754553848033176307e-05,-4.924049311491823875e-05,3.229382454017795082e-04,0.000000000000000000e+00
8.074999999999999289e+00,5.001848273179114734e-01,-2.500189761185117750e-04,3.730012337772488498e-05,-4.892587302746147026e-05,3.208210325197245402e-04,0.000000000000000000e+00
8.080000000000000071e+00,5.001835813957272725e-01,-2.483517294144470906e-04,3.705627650863186067e-05,-4.861319780033976389e-05,3.187174055384842412e-04,0.000000000000000000e+00
8.085000000000000853e+00,5.001823437823578189e-01,-2.466954384181791566e-04,3.681398817733507270e-05,-4.830245601020278975e-05,3.166272799523473175e-04,0.000000000000000000e+00
8.089999999999999858e+00,5.001811144232011230e-01,-2.450500326009740241e-04,3.657324874507978800e-05,-4.799363629520554350e-05,3.145505717567811639e-04,0.000000000000000000e+00
8.095000000000000639e+00,5.001798932640066919e-01,-2.434154418748734694e-04,3.633404862976729482e-05,-4.768672735473171220e-05,3.124871974456137512e-04,0.000000000000000000e+00
8.099999999999999645e+00,5.001786802508733087e-01,-2.417915965900621720e-04,3.609637830564948292e-05,-4.738171794911668098e-05,3.104370740082931963e-04,0.000000000000000000e+00
8.105000000000000426e+00,5.001774753302470344e-01,-2.401784275322494744e-04,3.586022830302475201e-05,-4.707859689937089206e-05,3.084001189272812869e-04,0.000000000000000000e+00
8.109999999999999432e+00,5.001762784489188762e-01,-2.385758659200645055e-04,3.562558920793534314e-05,-4.677735308690616502e-05,3.063762501752502758e-04,0.000000000000000000e+00
8.115000000000000213e+00,5.001750895540226782e-01,-2.369838434024667260e-04,3.539245166186599149e-05,-4.647797545326106842e-05,3.043653862124197015e-04,0.000000000000000000e+00
8.120000000000000995e+00,5.001739085930329010e-01,-2.354022920561710025e-04,3.516080636144400896e-05,-4.618045299982652852e-05,3.023674459838356912e-04,0.000000000000000000e+00
8.125000000000000000e+00,5.001727355137626230e-01,-2.338311443830863698e-04,3.493064405814068129e-05,-4.588477478757342349e-05,3.003823489167806930e-04,0.000000000000000000e+00
8.130000000000000782e+00,5.001715702643614314e-01,-2.322703333077692940e-04,3.470195555797406120e-05,-4.559092993678050970e-05,2.984100149181248790e-04,0.000000000000000000e+00
8.134999999999999787e+00,5.001704127933130906e-01,-2.307197921748910035e-04,3.447473172121309635e-05,-4.529890762676331011e-05,2.964503643715512378e-04,0.000000000000000000e+00
8.140000000000000568e+00,5.001692630494336544e-01,-2.291794547467194292e-04,3.424896346208313971e-05,-4.500869709560249458e-05,2.945033181350503087e-04,0.000000000000000000e+00
8.144999999999999574e+00,5.001681209818692464e-01,-2.276492552006150502e-04,3.402464174847278809e-05,-4.472028763987365602e-05,2.925687975382232288e-04,0.000000000000000000e+00
8.150000000000000355e+00,5.001669865400942827e-01,-2.261291281265403455e-04,3.380175760164208265e-05,-4.443366861437823850e-05,2.906467243798480245e-04,0.000000000000000000e+00
8.154999999999999361e+00,5.001658596739089191e-01,-2.246190085245827446e-04,3.358030209593205117e-05,-4.414882943187620689e-05,2.887370209249923809e-04,0.000000000000000000e+00
8.160000000000000142e+00,5.001647403334376074e-01,-2.231188318024931365e-04,3.336026635847557840e-05,-4.386575956281593144e-05,2.868396099027946053e-04,0.000000000000000000e+00
8.165000000000000924e+00,5.001636284691265422e-01,-2.216285337732357076e-04,3.314164156890965203e-05,-4.358444853506984572e-05,2.849544145035813841e-04,0.000000000000000000e+00
8.169999999999999929e+00,5.001625240317417731e-01,-2.201480506525535833e-04,3.292441895908888942e-05,-4.330488593366643187e-05,2.830813583763959647e-04,0.000000000000000000e+00
8.175000000000000711e+00,5.001614269723675399e-01,-2.186773190565475058e-04,3.270858981280043301e-05,-4.302706140052446230e-05,2.812203656266575253e-04,0.000000000000000000e+00
8.179999999999999716e+00,5.001603372424037186e-01,-2.172162759992674692e-04,3.249414546548014694e-05,-4.275096463418896260e-05,2.793713608133004535e-04,0.000000000000000000e+00
8.185000000000000497e+00,5.001592547935643784e-01,-2.157648588903184484e-04,3.228107730393016194e-05,-4.247658538956693722e-05,2.775342689465739579e-04,0.000000000000000000e+00
8.189999999999999503e+00,5.001581795778753392e-01,-2.143230055324791660e-04,3.206937676603771473e-05,-4.220391347766461312e-05,2.757090154852583248e-04,0.000000000000000000e+00
8.195000000000000284e+00,5.001571115476725060e-01,-2.128906541193351435e-04,3.185903534049531533e-05,-4.193293876532362625e-05,2.738955263343472737e-04,0.000000000000000000e+00
8.199999999999999289e+00,5.001560506555999819e-01,-2.114677432329240849e-04,3.165004456652221559e-05,-4.166365117495985759e-05,2.720937278426001533e-04,0.000000000000000000e+00
8.205000000000000071e+00,5.001549968546077363e-01,-2.100542118413940818e-04,3.144239603358719900e-05,-4.139604068430402419e-05,2.703035467998350693e-04,0.000000000000000000e+00
8.210000000000000853e+00,5.001539500979501618e-01,-2.086499992966769966e-04,3.123608138113265122e-05,-4.113009732613898383e-05,2.685249104347608041e-04,0.000000000000000000e+00
8.214999999999999858e+00,5.001529103391838538e-01,-2.072550453321727693e-04,3.103109229829995204e-05,-4.086581118804220305e-05,2.667577464123446459e-04,0.000000000000000000e+00
8.220000000000000639e+00,5.001518775321657229e-01,-2.058692900604480085e-04,3.082742052365614798e-05,-4.060317241212645670e-05,2.650019828313887084e-04,0.000000000000000000e+00
8.224999999999999645e+00,5.001508516310513297e-01,-2.044926739709474850e-04,3.062505784492191918e-05,-4.034217119478153706e-05,2.632575482222402046e-04,0.000000000000000000e+00
8.230000000000000426e+00,5.001498325902926645e-01,-2.031251379277176591e-04,3.042399609870084399e-05,-4.008279778641857190e-05,2.615243715441767846e-04,0.000000000000000000e+00
8.234999999999999432e+00,5.001488203646365927e-01,-2.017666231671446286e-04,3.022422717020992389e-05,-3.982504249121197757e-05,2.598023821831962270e-04,0.000000000000000000e+00
8.240000000000000213e+00,5.001478149091228564e-01,-2.004170712957033251e-04,3.002574299301140608e-05,-3.956889566684509160e-05,2.580915099495424518e-04,0.000000000000000000e+00
8.245000000000000995e+00,5.001468161790821876e-01,-1.990764242877198290e-04,2.982853554874588677e-05,-3.931434772425621195e-05,2.563916850753031459e-04,0.000000000000000000e+00
8.250000000000000000e+00,5.001458241301346419e-01,-1.977446244831473996e-04,2.963259686686666136e-05,-3.906138912738290139e-05,2.547028382121503394e-04,0.000000000000000000e+00
8.255000000000000782e+00,5.001448387181876010e-01,-1.964216145853535107e-04,2.943791902437536541e-05,-3.881001039291047302e-05,2.530249004288801342e-04,0.000000000000000000e+00
8.259999999999999787e+00,5.001438598994338847e-01,-1.951073376589202476e-04,2.924449414555886254e-05,-3.856020209001978445e-05,2.513578032090266461e-04,0.000000000000000000e+00
8.265000000000000568e+00,5.001428876303503079e-01,-1.938017371274580682e-04,2.905231440172739940e-05,-3.831195484013365650e-05,2.497014784487505755e-04,0.000000000000000000e+00
8.269999999999999574e+00,5.001419218676956824e-01,-1.925047567714299171e-04,2.886137201095402785e-05,-3.806525931666870607e-05,2.480558584543902110e-04,0.000000000000000000e+00
8.275000000000000355e+00,5.001409625685088178e-01,-1.912163407259886495e-04,2.867165923781524688e-05,-3.782010624478555276e-05,2.464208759400263659e-04,0.000000000000000000e+00
8.279999999999999361e+00,5.001400096901070791e-01,-1.899364334788281961e-04,2.848316839313291842e-05,-3.757648640113729074e-05,2.447964640253862904e-04,0.000000000000000000e+00
8.285000000000000142e+00,5.001390631900846095e-01,-1.886649798680447849e-04,2.829589183371741988e-05,-3.733439061362303602e-05,2.431825562335432648e-04,0.000000000000000000e+00
8.290000000000000924e+00,5.001381230263104438e-01,-1.874019250800108209e-04,2.810982196211203328e-05,-3.709380976114108077e-05,2.415790864885604395e-04,0.000000000000000000e+00
8.294999999999999929e+00,5.001371891569266204e-01,-1.861472146472615858e-04,2.792495122633856773e-05,-3.685473477334171548e-05,2.399859891131423436e-04,0.000000000000000000e+00
8.300000000000000711e+00,5.001362615403469603e-01,-1.849007944463940817e-04,2.774127211964421517e-05,-3.661715663038053238e-05,2.384031988266851381e-04,0.000000000000000000e+00
8.304999999999999716e+00,5.001353401352548467e-01,-1.836626106959765266e-04,2.755877718024963259e-05,-3.638106636267511010e-05,2.368306507427356516e-04,0.000000000000000000e+00
8.310000000000000497e+00,5.001344249006017817e-01,-1.824326099544710774e-04,2.737745899109824400e-05,-3.614645505065997721e-05,2.352682803669203652e-04,0.000000000000000000e+00
8.314999999999999503e+00,5.001335157956056099e-01,-1.812107391181680719e-04,2.719731017960676551e-05,-3.591331382454311400e-05,2.337160235946825464e-04,0.000000000000000000e+00
8.320000000000000284e+00,5.001326127797488530e-01,-1.799969454191318729e-04,2.701832341741694675e-05,-3.568163386406368067e-05,2.321738167090863609e-04,0.000000000000000000e+00
8.324999999999999289e+00,5.001317158127770446e-01,-1.787911764231582307e-04,2.684049142014851509e-05,-3.545140639825082303e-05,2.306415963786272985e-04,0.000000000000000000e+00
8.330000000000000071e+00,5.001308248546970647e-01,-1.775933800277437356e-04,2.666380694715332598e-05,-3.522262270518262728e-05,2.291192996550478857e-04,0.000000000000000000e+00
8.335000000000000853e+00,5.001299398657754747e-01,-1.764035044600668434e-04,2.648826280127072972e-05,-3.499527411174600984e-05,2.276068639711596590e-04,0.000000000000000000e+00
8.339999999999999858e+00,5.001290608065368515e-01,-1.752214982749804751e-04,2.631385182858411384e-05,-3.476935199339733232e-05,2.261042271386696644e-04,0.000000000000000000e+00
8.345000000000000639e+00,5.001281876377623448e-01,-1.740473103530158110e-04,2.614056691817865844e-05,-3.454484777392440557e-05,2.246113273461401792e-04,0.000000000000000000e+00
8.349999999999999645e+00,5.001273203204876783e-01,-1.728808898983973065e-04,2.596840100190026725e-05,-3.432175292520991679e-05,2.231281031566265333e-04,0.000000000000000000e+00
8.355000000000000426e+00,5.001264588160018176e-01,-1.717221864370702567e-04,2.579734705411569127e-05,-3.410005896699313540e-05,2.216544935057184710e-04,0.000000000000000000e+00
8.359999999999999432e+00,5.001256030858453050e-01,-1.705711498147386080e-04,2.562739809147383490e-05,-3.387975746663477675e-05,2.201904376993838624e-04,0.000000000000000000e+00
8.365000000000000213e+00,5.001247530918087048e-01,-1.694277301949147761e-04,2.545854717266823433e-05,-3.366084003888115424e-05,2.187358754118871981e-04,0.000000000000000000e+00
8.370000000000000995e+00,5.001239087959309382e-01,-1.682918780569790055e-04,2.529078739820071503e-05,-3.344329834563249207e-05,2.172907466836378546e-04,0.000000000000000000e+00
8.375000000000000000e+00,5.001230701604977291e-01,-1.671635441942525256e-04,2.512411191014620460e-05,-3.322712409570668441e-05,2.158549919191246884e-04,0.000000000000000000e+00
8.380000000000000782e+00,5.001222371480400497e-01,-1.660426797120792715e-04,2.495851389191873479e-05,-3.301230904460906502e-05,2.144285518848401152e-04,0.000000000000000000e+00
8.384999999999999787e+00,5.001214097213326770e-01,-1.649292360259204803e-04,2.479398656803857186e-05,-3.279884499429937158e-05,2.130113677072850416e-04,0.000000000000000000e+00
8.390000000000000568e+00,5.001205878433923058e-01,-1.638231648594594241e-04,2.463052320390052595e-05,-3.258672379296102069e-05,2.116033808707136975e-04,0.000000000000000000e+00
8.394999999999999574e+00,5.001197714774765490e-01,-1.627244182427168228e-04,2.446811710554341578e-05,-3.237593733477179907e-05,2.102045332154036837e-04,0.000000000000000000e+00
8.400000000000000355e+00,5.001189605870818289e-01,-1.616329485101775326e-04,2.430676161942066171e-05,-3.216647755967467007e-05,2.088147669352796167e-04,0.000000000000000000e+00
8.404999999999999361e+00,5.001181551359422661e-01,-1.605487082989282932e-04,2.414645013217202722e-05,-3.195833645314865456e-05,2.074340245761324903e-04,0.000000000000000000e+00
8.410000000000000142e+00,5.001173550880281260e-01,-1.594716505468058018e-04,2.398717607039651929e-05,-3.175150604598174487e-05,2.060622490335788266e-04,0.000000000000000000e+00
8.415000000000000924e+00,5.001165604075440418e-01,-1.584017284905551146e-04,2.382893290042640332e-05,-3.154597841404509250e-05,2.046993835508923809e-04,0.000000000000000000e+00
8.419999999999999929e+00,5.001157710589279048e-01,-1.573388956639995410e-04,2.367171412810235322e-05,-3.134174567806636251e-05,2.033453717172380843e-04,0.000000000000000000e+00
8.425000000000000711e+00,5.001149870068490877e-01,-1.562831058962207552e-04,2.351551329854972963e-05,-3.113880000340479539e-05,2.020001574655162432e-04,0.000000000000000000e+00
8.429999999999999716e+00,5.001142082162071123e-01,-1.552343133097493721e-04,2.336032399595598647e-05,-3.093713359982722447e-05,2.006636850704720978e-04,0.000000000000000000e+00
8.435000000000000497e+00,5.001134346521300955e-01,-1.541924723187657943e-04,2.320613984334918875e-05,-3.073673872128507588e-05,1.993358991466799373e-04,0.000000000000000000e+00
8.439999999999999503e+00,5.001126662799734168e-01,-1.531575376273121465e-04,2.305295450237764508e-05,-3.053760766569126679e-05,1.980167446466646114e-04,0.000000000000000000e+00
8.445000000000000284e+00,5.001119030653182751e-01,-1.521294642275139940e-04,2.290076167309066510e-05,-3.033973277469865894e-05,1.967061668589613235e-04,0.000000000000000000e+00
8.449999999999999289e+00,5.001111449739701342e-01,-1.511082073978120088e-04,2.274955509372039760e-05,-3.014310643348053811e-05,1.954041114061101821e-04,0.000000000000000000e+00
8.455000000000000071e+00,5.001103919719573909e-01,-1.500937227012048847e-04,2.259932854046478007e-05,-2.994772107050953520e-05,1.941105242427942728e-04,0.000000000000000000e+00
8.460000000000000853e+00,5.001096440255298203e-01,-1.490859659835014133e-04,2.245007582727159950e-05,-2.975356915733967108e-05,1.928253516538448351e-04,0.000000000000000000e+00
8.464999999999999858e+00,5.001089011011573549e-01,-1.480848933715841348e-04,2.230179080562362724e-05,-2.956064320838632789e-05,1.915485402524558798e-04,0.000000000000000000e+00
8.470000000000000639e+00,5.001081631655286408e-01,-1.470904612716815527e-04,2.215446736432484816e-05,-2.936893578071019469e-05,1.902800369782630362e-04,0.000000000000000000e+00
8.474999999999999645e+00,5.001074301855493731e-01,-1.461026263676508668e-04,2.200809942928779107e-05,-2.917843947380098268e-05,1.890197890953008888e-04,0.000000000000000000e+00
8.480000000000000426e+00,5.001067021283414071e-01,-1.451213456192716007e-04,2.186268096332190597e-05,-2.898914692936025610e-05,1.877677441904257341e-04,0.000000000000000000e+00
8.484999999999999432e+00,5.001059789612408713e-01,-1.441465762605479047e-04,2.171820596592305945e-05,-2.880105083108746154e-05,1.865238501711500760e-04,0.000000000000000000e+00
8.490000000000000213e+00,5.001052606517972787e-01,-1.431782757980214823e-04,2.157466847306407017e-05,-2.861414390446549309e-05,1.852880552640720512e-04,0.000000000000000000e+00
8.495000000000000995e+00,5.001045471677717513e-01,-1.422164020090937878e-04,2.143206255698632527e-05,-2.842841891654820905e-05,1.840603080127845720e-04,0.000000000000000000e+00
8.500000000000000000e+00,5.001038384771360201e-01,-1.412609129403583877e-04,2.129038232599245713e-05,-2.824386867574788085e-05,1.828405572762479116e-04,0.000000000000000000e+00
8.505000000000000782e+00,5.001031345480706491e-01,-1.403117669059429716e-04,2.114962192424008750e-05,-2.806048603162357373e-05,1.816287522267114789e-04,0.000000000000000000e+00
8.509999999999999787e+00,5.001024353489642582e-01,-1.393689224858619068e-04,2.100977553153661175e-05,-2.787826387466892775e-05,1.804248423482305479e-04,0.000000000000000000e+00
8.515000000000000568e+00,5.001017408484117466e-01,-1.384323385243762475e-04,2.087083736313505712e-05,-2.769719513610482441e-05,1.792287774345885745e-04,0.000000000000000000e+00
8.519999999999999574e+00,5.001010510152130717e-01,-1.375019741283652357e-04,2.073280166953096426e-05,-2.751727278766911581e-05,1.780405075875616324e-04,0.000000000000000000e+00
8.525000000000000355e+00,5.001003658183722500e-01,-1.365777886657071533e-04,2.059566273626032917e-05,-2.733848984140760068e-05,1.768599832153175074e-04,0.000000000000000000e+00
8.529999999999999361e+00,5.000996852270955806e-01,-1.356597417636682529e-04,2.045941488369857521e-05,-2.716083934946849685e-05,1.756871550303531386e-04,0.000000000000000000e+00
8.535000000000000142e+00,5.000990092107906460e-01,-1.347477933073027183e-04,2.032405246686056185e-05,-2.698431440389474205e-05,1.745219740479039849e-04,0.000000000000000000e+00
8.540000000000000924e+00,5.000983377390649798e-01,-1.338419034378615711e-04,2.018956987520163015e-05,-2.680890813641765666e-05,1.733643915841600789e-04,0.000000000000000000e+00
8.544999999999999929e+00,5.000976707817247346e-01,-1.329420325512098444e-04,2.005596153241966472e-05,-2.663461371825375404e-05,1.722143592544794787e-04,0.000000000000000000e+00
8.550000000000000711e+00,5.000970083087734608e-01,-1.320481412962547598e-04,1.992322189625818571e-05,-2.646142435989882688e-05,1.710718289716823572e-04,0.000000000000000000e+00
8.554999999999999716e+00,5.000963502904108848e-01,-1.311601905733816582e-04,1.979134545831045375e-05,-2.628933331092592638e-05,1.699367529443406998e-04,0.000000000000000000e+00
8.560000000000000497e+00,5.000956966970315776e-01,-1.302781415328996056e-04,1.966032674382459480e-05,-2.611833385978303324e-05,1.688090836750105674e-04,0.000000000000000000e+00
8.564999999999999503e+00,5.000950474992237327e-01,-1.294019555734962157e-04,1.953016031150972784e-05,-2.594841933359122324e-05,1.676887739585348320e-04,0.000000000000000000e+00
8.570000000000000284e+00,5.000944026677679455e-01,-1.285315943407020671e-04,1.940084075334310568e-05,-2.577958309794302935e-05,1.665757768803528783e-04,0.000000000000000000e+00
8.575000000000001066e+00,5.000937621736359917e-01,-1.276670197253623848e-04,1.927236269437824839e-05,-2.561181855670469003e-05,1.654700458148053454e-04,0.000000000000000000e+00
8.580000000000000071e+00,5.000931259879894952e-01,-1.268081938621196992e-04,1.914472079255408310e-05,-2.544511915181556168e-05,1.643715344233889135e-04,0.000000000000000000e+00
8.585000000000000853e+00,5.000924940821788178e-01,-1.259550791279049351e-04,1.901790973850506968e-05,-2.527947836308906587e-05,1.632801966531446372e-04,0.000000000000000000e+00
8.589999999999999858e+00,5.000918664277419490e-01,-1.251076381404363875e-04,1.889192425537232256e-05,-2.511488970801669610e-05,1.621959867350431352e-04,0.000000000000000000e+00
8.595000000000000639e+00,5.000912429964030625e-01,-1.242658337567286190e-04,1.876675909861571853e-05,-2.495134674157051006e-05,1.611188591821863594e-04,0.000000000000000000e+00
8.599999999999999645e+00,5.000906237600715176e-01,-1.234296290716092707e-04,1.864240905582697683e-05,-2.478884305600817986e-05,1.600487687882687598e-04,0.000000000000000000e+00
8.605000000000000426e+00,5.000900086908406372e-01,-1.225989874162454149e-04,1.851886894654372194e-05,-2.462737228067738508e-05,1.589856706259175335e-04,0.000000000000000000e+00
8.609999999999999432e+00,5.000893977609863761e-01,-1.217738723566781607e-04,1.839613362206452202e-05,-2.446692808182157115e-05,1.579295200449704235e-04,0.000000000000000000e+00
8.615000000000000213e+00,5.000887909429664324e-01,-1.209542476923660423e-04,1.827419796526488966e-05,-2.430750416238670045e-05,1.568802726710174676e-04,0.000000000000000000e+00
8.620000000000000995e+00,5.000881882094188047e-01,-1.201400774547366603e-04,1.815305689041425162e-05,-2.414909426182911142e-05,1.558378844036211169e-04,0.000000000000000000e+00
8.625000000000000000e+00,5.000875895331607923e-01,-1.193313259057474709e-04,1.803270534299387739e-05,-2.399169215592318439e-05,1.548023114148041539e-04,0.000000000000000000e+00
8.630000000000000782e+00,5.000869948871877746e-01,-1.185279575364547611e-04,1.791313829951576999e-05,-2.383529165657042047e-05,1.537735101474099449e-04,0.000000000000000000e+00
8.634999999999999787e+00,5.000864042446722113e-01,-1.177299370655909724e-04,1.779435076734249869e-05,-2.367988661160945195e-05,1.527514373135973507e-04,0.000000000000000000e+00
8.640000000000000568e+00,5.000858175789624216e-01,-1.169372294381503994e-04,1.767633778450799733e-05,-2.352547090462705237e-05,1.517360498932081346e-04,0.000000000000000000e+00
8.644999999999999574e+00,5.000852348635812517e-01,-1.161497998239833726e-04,1.755909441953928081e-05,-2.337203845476969541e-05,1.507273051320750384e-04,0.000000000000000000e+00
8.650000000000000355e+00,5.000846560722251866e-01,-1.153676136163988441e-04,1.744261577127912723e-05,-2.321958321655563212e-05,1.497251605405956493e-04,0.000000000000000000e+00
8.654999999999999361e+00,5.000840811787633511e-01,-1.145906364307757819e-04,1.732689696870968834e-05,-2.306809917968687335e-05,1.487295738922487240e-04,0.000000000000000000e+00
8.660000000000000142e+00,5.000835101572361774e-01,-1.138188341031813404e-04,1.721193317077702838e-05,-2.291758036886470598e-05,1.477405032219095821e-04,0.000000000000000000e+00
8.665000000000000924e+00,5.000829429818541838e-01,-1.130521726889978140e-04,1.709771956621659124e-05,-2.276802084360496519e-05,1.467579068242391444e-04,0.000000000000000000e+00
8.669999999999999929e+00,5.000823796269973087e-01,-1.122906184615594146e-04,1.698425137337959936e-05,-2.261941469805063687e-05,1.457817432524139529e-04,0.000000000000000000e+00
8.675000000000000711e+00,5.000818200672134672e-01,-1.115341379107942277e-04,1.687152384006036405e-05,-2.247175606079110420e-05,1.448119713163854025e-04,0.000000000000000000e+00
8.679999999999999716e+00,5.000812642772175520e-01,-1.107826977418765215e-04,1.675953224332452413e-05,-2.232503909467762324e-05,1.438485500814186977e-04,0.000000000000000000e+00
8.685000000000000497e+00,5.000807122318905451e-01,-1.100362648738859283e-04,1.664827188933817908e-05,-2.217925799664178000e-05,1.428914388666942313e-04,0.000000000000000000e+00
8.689999999999999503e+00,5.000801639062781856e-01,-1.092948064384746475e-04,1.653773811319795387e-05,-2.203440699751473025e-05,1.419405972436528214e-04,0.000000000000000000e+00
8.695000000000000284e+00,5.000796192755899705e-01,-1.085582897785435135e-04,1.642792627876194140e-05,-2.189048036184524328e-05,1.409959850345456718e-04,0.000000000000000000e+00
8.700000000000001066e+00,5.000790783151982666e-01,-1.078266824469244591e-04,1.631883177848156979e-05,-2.174747238772154717e-05,1.400575623110462140e-04,0.000000000000000000e+00
8.705000000000000071e+00,5.000785410006370890e-01,-1.070999522050721821e-04,1.621045003323435746e-05,-2.160537740659119199e-05,1.391252893926777701e-04,0.000000000000000000e+00
8.710000000000000853e+00,5.000780073076012133e-01,-1.063780670217628855e-04,1.610277649215755244e-05,-2.146418978308313558e-05,1.381991268454371854e-04,0.000000000000000000e+00
8.714999999999999858e+00,5.000774772119449540e-01,-1.056609950718004993e-04,1.599580663248267298e-05,-2.132390391483114398e-05,1.372790354802246320e-04,0.000000000000000000e+00
8.720000000000000639e+00,5.000769506896812766e-01,-1.049487047347313180e-04,1.588953595937092565e-05,-2.118451423229655487e-05,1.363649763514788158e-04,0.000000000000000000e+00
8.724999999999999645e+00,5.000764277169806871e-01,-1.042411645935659701e-04,1.578396000574951115e-05,-2.104601519859244707e-05,1.354569107556824849e-04,0.000000000000000000e+00
8.730000000000000426e+00,5.000759082701703440e-01,-1.035383434335091131e-04,1.567907433214879744e-05,-2.090840130930843687e-05,1.345548002300043849e-04,0.000000000000000000e+00
8.734999999999999432e+00,5.000753923257330591e-01,-1.028402102406965676e-04,1.557487452654038063e-05,-2.077166709233647723e-05,1.336586065508783036e-04,0.000000000000000000e+00
8.740000000000000213e+00,5.000748798603060763e-01,-1.021467342009390938e-04,1.547135620417599286e-05,-2.063580710769922857e-05,1.327682917324506562e-04,0.000000000000000000e+00
8.745000000000000995e+00,5.000743708506801832e-01,-1.014578846984755852e-04,1.536851500742729448e-05,-2.050081594737536330e-05,1.318838180252393543e-04,0.000000000000000000e+00
8.750000000000000000e+00,5.000738652737989343e-01,-1.007736313147329318e-04,1.526634660562651663e-05,-2.036668823512715061e-05,1.310051479148581337e-04,0.000000000000000000e+00
8.755000000000000782e+00,5.000733631067573182e-01,-1.000939438270920484e-04,1.516484669490797975e-05,-2.023341862633140897e-05,1.301322441204097664e-04,0.000000000000000000e+00
8.759999999999999787e+00,5.000728643268009810e-01,-9.941879220766313308e-05,1.506401099805043867e-05,-2.010100180780740261e-05,1.292650695932220169e-04,0.000000000000000000e+00
8.765000000000000568e+00,5.000723689113252268e-01,-9.874814662206702384e-05,1.496383526432029683e-05,-1.996943249764803464e-05,1.284035875154484791e-04,0.000000000000000000e+00
8.769999999999999574e+00,5.000718768378741297e-01,-9.808197742822440221e-05,1.486431526931566413e-05,-1.983870544505066068e-05,1.275477612987434100e-04,0.000000000000000000e+00
8.775000000000000355e+00,5.000713880841394232e-01,-9.742025517515190880e-05,1.476544681481124993e-05,-1.970881543014927807e-05,1.266975545828070830e-04,0.000000000000000000e+00
8.779999999999999361e+00,5.000709026279596126e-01,-9.676295060176560417e-05,1.466722572860410145e-05,-1.957975726384734869e-05,1.258529312340663409e-04,0.000000000000000000e+00
8.785000000000000142e+00,5.000704204473190861e-01,-9.611003463569189724e-05,1.456964786436017387e-05,-1.945152578765056416e-05,1.250138553443619523e-04,0.000000000000000000e+00
8.790000000000000924e+00,5.000699415203471165e-01,-9.546147839208508727e-05,1.447270910146173230e-05,-1.932411587350163373e-05,1.241802912295702382e-04,0.000000000000000000e+00
8.794999999999999929e+00,5.000694658253168612e-01,-9.481725317245212939e-05,1.437640534485558038e-05,-1.919752242361533315e-05,1.233522034282304993e-04,0.000000000000000000e+00
8.800000000000000711e+00,5.000689933406445853e-01,-9.417733046348463713e-05,1.428073252490210719e-05,-1.907174037031410225e-05,1.225295567003072367e-04,0.000000000000000000e+00
8.804999999999999716e+00,5.000685240448886626e-01,-9.354168193589823045e-05,1.418568659722516757e-05,-1.894676467586360206e-05,1.217123160258289083e-04,0.000000000000000000e+00
8.810000000000000497e+00,5.000680579167485762e-01,-9.291027944327776554e-05,1.409126354256276548e-05,-1.882259033231127368e-05,1.209004466035222823e-04,0.000000000000000000e+00
8.814999999999999503e+00,5.000675949350641414e-01,-9.228309502093038448e-05,1.399745936661854878e-05,-1.869921236132379602e-05,1.200939138495881690e-04,0.000000000000000000e+00
8.820000000000000284e+00,5.000671350788146174e-01,-9.166010088474559861e-05,1.390427009991412565e-05,-1.857662581402506200e-05,1.192926833964159635e-04,0.000000000000000000e+00
8.825000000000001066e+00,5.000666783271175975e-01,-9.104126943006102333e-05,1.381169179764217044e-05,-1.845482577083726834e-05,1.184967210911640597e-04,0.000000000000000000e+00
8.830000000000000071e+00,5.000662246592282312e-01,-9.042657323053644768e-05,1.371972053952033761e-05,-1.833380734131971848e-05,1.177059929945491754e-04,0.000000000000000000e+00
8.835000000000000853e+00,5.000657740545385588e-01,-8.981598503703453113e-05,1.362835242964597692e-05,-1.821356566400868585e-05,1.169204653797045117e-04,0.000000000000000000e+00
8.839999999999999858e+00,5.000653264925762898e-01,-8.920947777650579653e-05,1.353758359635163471e-05,-1.809409590626286088e-05,1.161401047306991118e-04,0.000000000000000000e+00
8.845000000000000639e+00,5.000648819530040257e-01,-8.860702455088381453e-05,1.344741019206134288e-05,-1.797539326410250963e-05,1.153648777413451170e-04,0.000000000000000000e+00
8.849999999999999645e+00,5.000644404156185940e-01,-8.800859863598529400e-05,1.335782839314770583e-05,-1.785745296205301660e-05,1.145947513140617126e-04,0.000000000000000000e+00
8.855000000000000426e+00,5.000640018603498271e-01,-8.741417348041595947e-05,1.326883439978975983e-05,-1.774027025299071799e-05,1.138296925584124982e-04,0.000000000000000000e+00
8.859999999999999432e+00,5.000635662672598958e-01,-8.682372270448522405e-05,1.318042443583161002e-05,-1.762384041798510282e-05,1.130696687899857103e-04,0.000000000000000000e+00
8.865000000000000213e+00,5.000631336165425322e-01,-8.623722009912576842e-05,1.309259474864185173e-05,-1.750815876614495112e-05,1.123146475292036465e-04,0.000000000000000000e+00
8.870000000000000995e+00,5.000627038885220310e-01,-8.565463962481997741e-05,1.300534160897375752e-05,-1.739322063446462454e-05,1.115645965000064031e-04,0.000000000000000000e+00
8.875000000000000000e+00,5.000622770636524717e-01,-8.507595541053278689e-05,1.291866131082623503e-05,-1.727902138767120399e-05,1.108194836286700407e-04,0.000000000000000000e+00
8.880000000000000782e+00,5.000618531225169416e-01,-8.450114175265167286e-05,1.283255017130554379e-05,-1.716555641807080741e-05,1.100792770426327593e-04,0.000000000000000000e+00
8.884999999999999787e+00,5.000614320458265372e-01,-8.393017311393189891e-05,1.274700453048777939e-05,-1.705282114539806521e-05,1.093439450691869843e-04,0.000000000000000000e+00
8.890000000000000568e+00,5.000610138144196970e-01,-8.336302412244905500e-05,1.266202075128210989e-05,-1.694081101666444379e-05,1.086134562343763399e-04,0.000000000000000000e+00
8.894999999999999574e+00,5.000605984092612033e-01,-8.279966957055738303e-05,1.257759521929476428e-05,-1.682952150600828679e-05,1.078877792616976560e-04,0.000000000000000000e+00
8.900000000000000355e+00,5.000601858114416265e-01,-8.224008441385502791e-05,1.249372434269377665e-05,-1.671894811454442616e-05,1.071668830710711658e-04,0.000000000000000000e+00
8.904999999999999361e+00,5.000597760021762150e-01,-8.168424377015495350e-05,1.241040455207447728e-05,-1.660908637021561249e-05,1.064507367774843719e-04,0.000000000000000000e+00
8.910000000000000142e+00,5.000593689628042293e-01,-8.113212291846197074e-05,1.232763230032571910e-05,-1.649993182764488401e-05,1.057393096899001604e-04,0.000000000000000000e+00
8.915000000000000924e+00,5.000589646747882755e-01,-8.058369729795690798e-05,1.224540406249684943e-05,-1.639148006798681403e-05,1.050325713101738585e-04,0.000000000000000000e+00
8.919999999999999929e+00,5.000585631197131953e-01,-8.003894250698559247e-05,1.216371633566541698e-05,-1.628372669878208894e-05,1.043304913317047043e-04,0.000000000000000000e+00
8.925000000000000711e+00,5.000581642792855108e-01,-7.949783430205496044e-05,1.208256563880560734e-05,-1.617666735381074108e-05,1.036330396384238251e-04,0.000000000000000000e+00
8.929999999999999716e+00,5.000577681353326476e-01,-7.896034859683564533e-05,1.200194851265741364e-05,-1.607029769294539867e-05,1.029401863036570586e-04,0.000000000000000000e+00
8.935000000000000497e+00,5.000573746698019351e-01,-7.842646146116836071e-05,1.192186151959653058e-05,-1.596461340200960421e-05,1.022519015888472612e-04,0.000000000000000000e+00
8.939999999999999503e+00,5.000569838647600518e-01,-7.789614912007926850e-05,1.184230124350496341e-05,-1.585961019263101696e-05,1.015681559425592813e-04,0.000000000000000000e+00
8.945000000000000284e+00,5.000565957023921371e-01,-7.736938795279925038e-05,1.176326428964236357e-05,-1.575528380209940277e-05,1.008889199992799512e-04,0.000000000000000000e+00
8.950000000000001066e+00,5.000562101650010138e-01,-7.684615449178987408e-05,1.168474728451807766e-05,-1.565162999322388188e-05,1.002141645782911127e-04,0.000000000000000000e+00
8.955000000000000071e+00,5.000558272350065225e-01,-7.632642542177559388e-05,1.160674687576390437e-05,-1.554864455419012261e-05,9.954386068261387554e-05,0.000000000000000000e+00
8.960000000000000853e+00,5.000554468949447440e-01,-7.581017757878076222e-05,1.152925973200756477e-05,-1.544632329842040813e-05,9.887797949788431316e-05,0.000000000000000000e+00
8.964999999999999858e+00,5.000550691274671111e-01,-7.529738794917368867e-05,1.145228254274687385e-05,-1.534466206443204974e-05,9.821649239117436576e-05,0.000000000000000000e+00
8.970000000000000639e+00,5.000546939153397430e-01,-7.478803366871568620e-05,1.137581201822461002e-05,-1.524365671569808395e-05,9.755937090994165498e-05,0.000000000000000000e+00
8.974999999999999645e+00,5.000543212414427785e-01,-7.428209202161612120e-05,1.129984488930408938e-05,-1.514330314050812351e-05,9.690658678098496351e-05,0.000000000000000000e+00
8.980000000000000426e+00,5.000539510887694883e-01,-7.377954043959394166e-05,1.122437790734542942e-05,-1.504359725182856311e-05,9.625811190927591242e-05,0.000000000000000000e+00
8.984999999999999432e+00,5.000535834404257196e-01,-7.328035650094346081e-05,1.114940784408250737e-05,-1.494453498716630707e-05,9.561391837698145798e-05,0.000000000000000000e+00
8.990000000000000213e+00,5.000532182796288971e-01,-7.278451792960716096e-05,1.107493149150060286e-05,-1.484611230843050980e-05,9.497397844223684591e-05,0.000000000000000000e+00
8.995000000000000995e+00,5.000528555897076899e-01,-7.229200259425375575e-05,1.100094566171472845e-05,-1.474832520179573254e-05,9.433826453831116866e-05,0.000000000000000000e+00
9.000000000000000000e+00,5.000524953541009010e-01,-7.180278850736081958e-05,1.092744718684864108e-05,-1.465116967756794789e-05,9.370674927231270612e-05,0.000000000000000000e+00
9.005000000000000782e+00,5.000521375563569126e-01,-7.131685382430454567e-05,1.085443291891452451e-05,-1.455464177004803530e-05,9.307940542423363503e-05,0.000000000000000000e+00
9.009999999999999787e+00,5.000517821801331309e-01,-7.083417684245485739e-05,1.078189972969335261e-05,-1.445873753739634223e-05,9.245620594599704238e-05,0.000000000000000000e+00
9.015000000000000568e+00,5.000514292091949864e-01,-7.035473600027453112e-05,1.070984451061592025e-05,-1.436345306150106200e-05,9.183712396023597829e-05,0.000000000000000000e+00
9.019999999999999574e+00,5.000510786274152686e-01,-6.987850987642547484e-05,1.063826417264454497e-05,-1.426878444784372665e-05,9.122213275928312860e-05,0.000000000000000000e+00
9.025000000000000355e+00,5.000507304187737923e-01,-6.940547718888073943e-05,1.056715564615543442e-05,-1.417472782536498949e-05,9.061120580436050930e-05,0.000000000000000000e+00
9.029999999999999361e+00,5.000503845673562875e-01,-6.893561679403930828e-05,1.049651588082170942e-05,-1.408127934633628945e-05,9.000431672429888823e-05,0.000000000000000000e+00
9.035000000000000142e+00,5.000500410573537335e-01,-6.846890768584923523e-05,1.042634184549708603e-05,-1.398843518622620283e-05,8.940143931454063082e-05,0.000000000000000000e+00
9.040000000000000924e+00,5.000496998730620257e-01,-6.800532899493501088e-05,1.035663052810021826e-05,-1.389619154356983079e-05,8.880254753633408361e-05,0.000000000000000000e+00
9.044999999999999929e+00,5.000493609988809762e-01,-6.754485998772968586e-05,1.028737893549968622e-05,-1.380454463983988946e-05,8.820761551553586970e-05,0.000000000000000000e+00
9.050000000000000711e+00,5.000490244193136480e-01,-6.708748006561309277e-05,1.021858409339963320e-05,-1.371349071931690210e-05,8.761661754161755630e-05,0.000000000000000000e+00
9.054999999999999716e+00,5.000486901189659106e-01,-6.663316876405543480e-05,1.015024304622604801e-05,-1.362302604895984026e-05,8.702952806680607205e-05,0.000000000000000000e+00
9.060000000000000497e+00,5.000483580825455521e-01,-6.618190575176502162e-05,1.008235285701369632e-05,-1.353314691827961089e-05,8.644632170496001290e-05,0.000000000000000000e+00
9.064999999999999503e+00,5.000480282948616129e-01,-6.573367082984242894e-05,1.001491060729367190e-05,-1.344384963921069532e-05,8.586697323058673143e-05,0.000000000000000000e+00
9.070000000000000284e+00,5.000477007408239416e-01,-6.528844393093965917e-05,9.947913396981606971e-06,-1.335513054598386052e-05,8.529145757799229529e-05,0.000000000000000000e+00
9.075000000000001066e+00,5.000473754054421960e-01,-6.484620511842344897e-05,9.881358344266495667e-06,-1.326698599500144367e-05,8.471974984010182102e-05,0.000000000000000000e+00
9.080000000000000071e+00,5.000470522738256207e-01,-6.440693458554542096e-05,9.815242585500161371e-06,-1.317941236470992958e-05,8.415182526775060910e-05,0.000000000000000000e+00
9.085000000000000853e+00,5.000467313311820483e-01,-6.397061265461506782e-05,9.749563275087333843e-06,-1.309240605547751212e-05,8.358765926850724251e-05,0.000000000000000000e+00
9.089999999999999858e+00,5.000464125628173440e-01,-6.353721977618021746e-05,9.684317585376366722e-06,-1.300596348946762876e-05,8.302722740577646364e-05,0.000000000000000000e+00
9.095000000000000639e+00,5.000460959541348505e-01,-6.310673652821081848e-05,9.619502706550561510e-06,-1.292008111051636956e-05,8.247050539789375705e-05,0.000000000000000000e+00
9.099999999999999645e+00,5.000457814906348331e-01,-6.267914361528818736e-05,9.555115846520113268e-06,-1.283475538400971829e-05,8.191746911722641035e-05,0.000000000000000000e+00
9.105000000000000426e+00,5.000454691579134803e-01,-6.225442186779929716e-05,9.491154230814667880e-06,-1.274998279676130364e-05,8.136809458901631811e-05,0.000000000000000000e+00
9.109999999999999432e+00,5.000451589416626819e-01,-6.183255224113686670e-05,9.427615102476490864e-06,-1.266575985688887806e-05,8.082235799068912823e-05,0.000000000000000000e+00
9.115000000000000213e+00,5.000448508276691406e-01,-6.141351581490217385e-05,9.364495721954246057e-06,-1.258208309369601096e-05,8.028023565075983472e-05,0.000000000000000000e+00
9.120000000000000995e+00,5.000445448018139283e-01,-6.099729379211566143e-05,9.301793366997372297e-06,-1.249894905754847105e-05,7.974170404802150989e-05,0.000000000000000000e+00
9.125000000000000000e+00,5.000442408500717084e-01,-6.058386749842951507e-05,9.239505332551068283e-06,-1.241635431975699020e-05,7.920673981052288814e-05,0.000000000000000000e+00
9.130000000000000782e+00,5.000439389585102923e-01,-6.017321838134748489e-05,9.177628930651868651e-06,-1.233429547245587853e-05,7.867531971475970017e-05,0.000000000000000000e+00
9.134999999999999787e+00,5.000436391132899727e-01,-5.976532800944791234e-05,9.116161490323824849e-06,-1.225276912848539356e-05,7.814742068472876088e-05,0.000000000000000000e+00
9.140000000000000568e+00,5.000433413006628580e-01,-5.936017807161205606e-05,9.055100357475267061e-06,-1.217177192127368754e-05,7.762301979098783049e-05,0.000000000000000000e+00
9.144999999999999574e+00,5.000430455069722058e-01,-5.895775037625699177e-05,8.994442894796159064e-06,-1.209130050471968651e-05,7.710209424971779324e-05,0.000000000000000000e+00
9.150000000000000355e+00,5.000427517186520898e-01,-5.855802685057450233e-05,8.934186481656042613e-06,-1.201135155307406690e-05,7.658462142199113265e-05,0.000000000000000000e+00
9.154999999999999361e+00,5.000424599222266231e-01,-5.816098953977245467e-05,8.874328514002561202e-06,-1.193192176082518564e-05,7.607057881276890895e-05,0.000000000000000000e+00
9.160000000000000142e+00,5.000421701043094025e-01,-5.776662060632212637e-05,8.814866404260566582e-06,-1.185300784258310100e-05,7.555994407003864218e-05,0.000000000000000000e+00
9.165000000000000924e+00,5.000418822516028428e-01,-5.737490232921048562e-05,8.755797581231797872e-06,-1.177460653296348502e-05,7.505269498389219827e-05,0.000000000000000000e+00
9.169999999999999929e+00,5.000415963508977324e-01,-5.698581710319647591e-05,8.697119489995138345e-06,-1.169671458647342994e-05,7.454880948573331854e-05,0.000000000000000000e+00
9.175000000000000711e+00,5.000413123890725675e-01,-5.659934743807169187e-05,8.638829591807444815e-06,-1.161932877739812874e-05,7.404826564735587165e-05,0.000000000000000000e+00
9.179999999999999716e+00,5.000410303530931078e-01,-5.621547595792678769e-05,8.580925364004942835e-06,-1.154244589968586160e-05,7.355104168016349914e-05,0.000000000000000000e+00
9.185000000000000497e+00,5.000407502300114881e-01,-5.583418540042039285e-05,8.523404299905187716e-06,-1.146606276683761398e-05,7.305711593411754628e-05,0.000000000000000000e+00
9.189999999999999503e+00,5.000404720069661080e-01,-5.545545861605509545e-05,8.466263908709587973e-06,-1.139017621179206476e-05,7.256646689716164883e-05,0.000000000000000000e+00
9.195000000000000284e+00,5.000401956711807427e-01,-5.507927856745528227e-05,8.409501715406492902e-06,-1.131478308681654095e-05,7.207907319417499012e-05,0.000000000000000000e+00
9.200000000000001066e+00,5.000399212099641000e-01,-5.470562832865132812e-05,8.353115260674827332e-06,-1.123988026339460452e-05,7.159491358620198890e-05,0.000000000000000000e+00
9.205000000000000071e+00,5.000396486107091532e-01,-5.433449108436735637e-05,8.297102100788287119e-06,-1.116546463211601609e-05,7.111396696954841359e-05,0.000000000000000000e+00
9.210000000000000853e+00,5.000393778608928086e-01,-5.396585012931392577e-05,8.241459807520083513e-06,-1.109153310256618354e-05,7.063621237507974079e-05,0.000000000000000000e+00
9.214999999999999858e+00,5.000391089480751283e-01,-5.359968886748445779e-05,8.186185968048238098e-06,-1.101808260321747921e-05,7.016162896725687949e-05,0.000000000000000000e+00
9.220000000000000639e+00,5.000388418598988860e-01,-5.323599081145621078e-05,8.131278184861421529e-06,-1.094511008132065710e-05,6.969019604337222860e-05,0.000000000000000000e+00
9.224999999999999645e+00,5.000385765840890118e-01,-5.287473958169627543e-05,8.076734075665330980e-06,-1.087261250279552289e-05,6.922189303272674042e-05,0.000000000000000000e+00
9.230000000000000426e+00,5.000383131084521482e-01,-5.251591890587088376e-05,8.022551273289614773e-06,-1.080058685212409259e-05,6.875669949586973233e-05,0.000000000000000000e+00
9.234999999999999432e+00,5.000380514208759841e-01,-5.215951261815951571e-05,7.968727425595328951e-06,-1.072903013224322438e-05,6.829459512371368983e-05,0.000000000000000000e+00
9.240000000000000213e+00,5.000377915093288106e-01,-5.180550465857299019e-05,7.915260195382930862e-06,-1.065793936443843793e-05,6.783555973678052930e-05,0.000000000000000000e+00
9.245000000000000995e+00,5.000375333618588547e-01,-5.145387907227587262e-05,7.862147260300797905e-06,-1.058731158823796411e-05,6.737957328432109022e-05,0.000000000000000000e+00
9.250000000000000000e+00,5.000372769665939465e-01,-5.110462000891338865e-05,7.809386312754281609e-06,-1.051714386130686419e-05,6.692661584363447311e-05,0.000000000000000000e+00
9.255000000000000782e+00,5.000370223117408530e-01,-5.075771172194223425e-05,7.756975059815283469e-06,-1.044743325934214177e-05,6.647666761919288504e-05,0.000000000000000000e+00
9.259999999999999787e+00,5.000367693855848339e-01,-5.041313856796550576e-05,7.704911223132357654e-06,-1.037817687596855431e-05,6.602970894189954393e-05,0.000000000000000000e+00
9.265000000000000568e+00,5.000365181764891975e-01,-5.007088500607171608e-05,7.653192538841332082e-06,-1.030937182263493292e-05,6.558572026834879188e-05,0.000000000000000000e+00
9.269999999999999574e+00,5.000362686728945238e-01,-4.973093559717786975e-05,7.601816757476445353e-06,-1.024101522851128142e-05,6.514468217989262421e-05,0.000000000000000000e+00
9.275000000000000355e+00,5.000360208633185533e-01,-4.939327500337737634e-05,7.550781643881997823e-06,-1.017310424038472171e-05,6.470657538210669276e-05,0.000000000000000000e+00
9.279999999999999361e+00,5.000357747363552985e-01,-4.905788798729029487e-05,7.500084977124521061e-06,-1.010563602255955577e-05,6.427138070379094254e-05,0.000000000000000000e+00
9.285000000000000142e+00,5.000355302806747115e-01,-4.872475941141959558e-05,7.449724550405447906e-06,-1.003860775675379207e-05,6.383907909631152816e-05,0.000000000000000000e+00
9.290000000000000924e+00,5.000352874850222396e-01,-4.839387423751082326e-05,7.399698170974298369e-06,-9.972016641997472880e-06,6.340965163287675646e-05,0.000000000000000000e+00
9.294999999999999929e+00,5.000350463382182697e-01,-4.806521752591411215e-05,7.350003660042366974e-06,-9.905859894534747029e-06,6.298307950773965585e-05,0.000000000000000000e+00
9.300000000000000711e+00,5.000348068291576853e-01,-4.773877443495279393e-05,7.300638852696905611e-06,-9.840134747721228196e-06,6.255934403548495072e-05,0.000000000000000000e+00
9.304999999999999716e+00,5.000345689468091992e-01,-4.741453022029370670e-05,7.251601597815812928e-06,-9.774838451926338767e-06,6.213842665017438489e-05,0.000000000000000000e+00
9.310000000000000497e+00,5.000343326802151322e-01,-4.709247023432310111e-05,7.202889757982815828e-06,-9.709968274432797519e-06,6.172030890476584675e-05,0.000000000000000000e+00
9.314999999999999503e+00,5.000340980184907469e-01,-4.677257992552517565e-05,7.154501209403147349e-06,-9.645521499339110885e-06,6.130497247026640405e-05,0.000000000000000000e+00
9.320000000000000284e+00,5.000338649508238031e-01,-4.645484483786521305e-05,7.106433841819714115e-06,-9.581495427461210403e-06,6.089239913502261228e-05,0.000000000000000000e+00
9.325000000000001066e+00,5.000336334664742255e-01,-4.613925061017603706e-05,7.058685558429750834e-06,-9.517887376235535207e-06,6.048257080407564476e-05,0.000000000000000000e+00
9.330000000000000071e+00,5.000334035547734368e-01,-4.582578297554856209e-05,7.011254275801960149e-06,-9.454694679622150093e-06,6.007546949832463416e-05,0.000000000000000000e+00
9.335000000000000853e+00,5.000331752051238032e-01,-4.551442776072655764e-05,6.964137923794139531e-06,-9.391914688007523077e-06,5.967107735376057524e-05,0.000000000000000000e+00
9.339999999999999858e+00,5.000329484069985231e-01,-4.520517088550469250e-05,6.917334445471286743e-06,-9.329544768108803896e-06,5.926937662096047680e-05,0.000000000000000000e+00
9.345000000000000639e+00,5.000327231499409608e-01,-4.489799836213009582e-05,6.870841797024185578e-06,-9.267582302879039325e-06,5.887034966425629356e-05,0.000000000000000000e+00
9.349999999999999645e+00,5.000324994235640919e-01,-4.459289629470789581e-05,6.824657947688460000e-06,-9.206024691412451180e-06,5.847397896097314543e-05,0.000000000000000000e+00
9.355000000000000426e+00,5.000322772175502806e-01,-4.428985087861120372e-05,6.778780879664111942e-06,-9.144869348848748698e-06,5.808024710087005888e-05,0.000000000000000000e+00
9.359999999999999432e+00,5.000320565216505031e-01,-4.398884839989281894e-05,6.733208588035519895e-06,-9.084113706281796364e-06,5.768913678524510041e-05,0.000000000000000000e+00
9.365000000000000213e+00,5.000318373256841253e-01,-4.368987523470317506e-05,6.687939080691908441e-06,-9.023755210663690813e-06,5.730063082638471697e-05,0.000000000000000000e+00
9.370000000000000995e+00,5.000316196195385698e-01,-4.339291784871070510e-05,6.642970378248289584e-06,-8.963791324711744762e-06,5.691471214694322002e-05,0.000000000000000000e+00
9.375000000000000000e+00,5.000314033931684277e-01,-4.309796279652434797e-05,6.598300513966862333e-06,-8.904219526818945457e-06,5.653136377898855883e-05,0.000000000000000000e+00
9.380000000000000782e+00,5.000311886365955694e-01,-4.280499672112271601e-05,6.553927533678870519e-06,-8.845037310958780356e-06,5.615056886365724602e-05,0.000000000000000000e+00
9.384999999999999787e+00,5.000309753399083679e-01,-4.251400635328400797e-05,6.509849495706923947e-06,-8.786242186596152987e-06,5.577231065027195257e-05,0.000000000000000000e+00
9.390000000000000568e+00,5.000307634932611434e-01,-4.222497851102080085e-05,6.466064470787770169e-06,-8.727831678596250666e-06,5.539657249559973052e-05,0.000000000000000000e+00
9.394999999999999574e+00,5.000305530868741632e-01,-4.193790009901886685e-05,6.422570541995521107e-06,-8.669803327132790503e-06,5.502333786344277411e-05,0.000000000000000000e+00
9.400000000000000355e+00,5.000303441110327540e-01,-4.165275810807811131e-05,6.379365804665332846e-06,-8.612154687599660313e-06,5.465259032369977176e-05,0.000000000000000000e+00
9.404999999999999361e+00,5.000301365560871902e-01,-4.136953961455849116e-05,6.336448366317530967e-06,-8.554883330519935420e-06,5.428431355189663625e-05,0.000000000000000000e+00
9.410000000000000142e+00,5.000299304124521393e-01,-4.108823177982787823e-05,6.293816346582185643e-06,-8.497986841458549556e-06,5.391849132844829176e-05,0.000000000000000000e+00
9.415000000000000924e+00,5.000297256706062177e-01,-4.080882184971462522e-05,6.251467877124122973e-06,-8.441462820932819390e-06,5.355510753799601635e-05,0.000000000000000000e+00
9.419999999999999929e+00,5.000295223210915463e-01,-4.053129715396279475e-05,6.209401101568385232e-06,-8.385308884325067989e-06,5.319414616874260234e-05,0.000000000000000000e+00
9.425000000000000711e+00,5.000293203545135290e-01,-4.025564510569189469e-05,6.167614175426125653e-06,-8.329522661793520346e-06,5.283559131192645732e-05,0.000000000000000000e+00
9.429999999999999716e+00,5.000291197615401861e-01,-3.998185320085796186e-05,6.126105266020941972e-06,-8.274101798187676315e-06,5.247942716102499335e-05,0.000000000000000000e+00
9.435000000000000497e+00,5.000289205329019326e-01,-3.970990901772048019e-05,6.084872552415642804e-06,-8.219043952959304391e-06,5.212563801123620214e-05,0.000000000000000000e+00
9.439999999999999503e+00,5.000287226593910228e-01,-3.943980021631008487e-05,6.043914225339446013e-06,-8.164346800078970000e-06,5.177420825875074208e-05,0.000000000000000000e+00
9.445000000000000284e+00,5.000285261318612173e-01,-3.917151453790225675e-05,6.003228487115603977e-06,-8.110008027947725539e-06,5.142512240017355697e-05,0.000000000000000000e+00
9.450000000000001066e+00,5.000283309412274502e-01,-3.890503980449214834e-05,5.962813551589460848e-06,-8.056025339313648830e-06,5.107836503193386005e-05,0.000000000000000000e+00
9.455000000000000071e+00,5.000281370784651624e-01,-3.864036391827357724e-05,5.922667644056929936e-06,-8.002396451186997525e-06,5.073392084950742892e-05,0.000000000000000000e+00
9.460000000000000853e+00,5.000279445346101914e-01,-3.837747486112201757e-05,5.882789001193397150e-06,-7.949119094754469043e-06,5.039177464697147289e-05,0.000000000000000000e+00
9.464999999999999858e+00,5.000277533007583264e-01,-3.811636069407919734e-05,5.843175870983044571e-06,-7.896191015297097663e-06,5.005191131635618510e-05,0.000000000000000000e+00
9.470000000000000639e+00,5.000275633680648646e-01,-3.785700955684231727e-05,5.803826512648589066e-06,-7.843609972105937484e-06,4.971431584700643892e-05,0.000000000000000000e+00
9.474999999999999645e+00,5.000273747277440561e-01,-3.759940966725544478e-05,5.764739196581437652e-06,-7.791373738400127227e-06,4.937897332487484062e-05,0.000000000000000000e+00
9.480000000000000426e+00,5.000271873710689929e-01,-3.734354932080517699e-05,5.725912204272256195e-06,-7.739480101243401586e-06,4.904586893208371176e-05,0.000000000000000000e+00
9.484999999999999432e+00,5.000270012893710536e-01,-3.708941689011846542e-05,5.687343828241948940e-06,-7.687926861462933618e-06,4.871498794622262777e-05,0.000000000000000000e+00
9.490000000000000213e+00,5.000268164740395704e-01,-3.683700082446439119e-05,5.649032371973047143e-06,-7.636711833567120025e-06,4.838631573978327083e-05,0.000000000000000000e+00
9.495000000000000995e+00,5.000266329165213852e-01,-3.658628964925871848e-05,5.610976149841505979e-06,-7.585832845664459121e-06,4.805983777952895950e-05,0.000000000000000000e+00
9.500000000000000000e+00,5.000264506083206273e-01,-3.633727196557135511e-05,5.573173487048905484e-06,-7.535287739383356288e-06,4.773553962599546175e-05,0.000000000000000000e+00
9.505000000000000782e+00,5.000262695409981584e-01,-3.608993644963711300e-05,5.535622719555050450e-06,-7.485074369791870994e-06,4.741340693279957885e-05,0.000000000000000000e+00
9.509999999999999787e+00,5.000260897061712395e-01,-3.584427185237010086e-05,5.498322194010976046e-06,-7.435190605316877666e-06,4.709342544608355281e-05,0.000000000000000000e+00
9.515000000000000568e+00,5.000259110955133091e-01,-3.560026699887970918e-05,5.461270267692346469e-06,-7.385634327666541840e-06,4.677558100401784443e-05,0.000000000000000000e+00
9.519999999999999574e+00,5.000257337007534275e-01,-3.535791078799107445e-05,5.424465308433248300e-06,-7.336403431750342469e-06,4.645985953611910917e-05,0.000000000000000000e+00
9.525000000000000355e+00,5.000255575136760555e-01,-3.511719219176796916e-05,5.387905694560381983e-06,-7.287495825600789137e-06,4.614624706276211646e-05,0.000000000000000000e+00
9.529999999999999361e+00,5.000253825261204987e-01,-3.487810025503868021e-05,5.351589814827639532e-06,-7.238909430295506883e-06,4.583472969449826082e-05,0.000000000000000000e+00
9.535000000000000142e+00,5.000252087299805748e-01,-3.464062409492499762e-05,5.315516068351073582e-06,-7.190642179879582765e-06,4.552529363150679975e-05,0.000000000000000000e+00
9.540000000000000924e+00,5.000250361172046132e-01,-3.440475290037456422e-05,5.279682864544256069e-06,-7.142692021287470266e-06,4.521792516324709587e-05,0.000000000000000000e+00
9.544999999999999929e+00,5.000248646797945673e-01,-3.417047593169503467e-05,5.244088623054019768e-06,-7.095056914267682987e-06,4.491261066758294070e-05,0.000000000000000000e+00
9.550000000000000711e+00,5.000246944098060142e-01,-3.393778252009234083e-05,5.208731773696580151e-06,-7.047734831305480864e-06,4.460933661043886935e-05,0.000000000000000000e+00
9.554999999999999716e+00,5.000245252993477107e-01,-3.370666206721139663e-05,5.173610756394045185e-06,-7.000723757546984489e-06,4.430808954519407797e-05,0.000000000000000000e+00
9.560000000000000497e+00,5.000243573405812603e-01,-3.347710404467942535e-05,5.138724021111294439e-06,-6.954021690724232173e-06,4.400885611214207769e-05,0.000000000000000000e+00
9.564999999999999503e+00,5.000241905257206687e-01,-3.324909799365243781e-05,5.104070027793238502e-06,-6.907626641080085396e-06,4.371162303788858974e-05,0.000000000000000000e+00
9.570000000000000284e+00,5.000240248470320115e-01,-3.302263352436493615e-05,5.069647246302454494e-06,-6.861536631292868284e-06,4.341637713481922927e-05,0.000000000000000000e+00
9.575000000000001066e+00,5.000238602968333224e-01,-3.279770031568165719e-05,5.035454156357192566e-06,-6.815749696402994226e-06,4.312310530069419671e-05,0.000000000000000000e+00
9.580000000000000071e+00,5.000236968674939275e-01,-3.257428811465325961e-05,5.001489247469751716e-06,-6.770263883737766293e-06,4.283179451792607715e-05,0.000000000000000000e+00
9.585000000000000853e+00,5.000235345514342233e-01,-3.235238673607302757e-05,4.967751018885226601e-06,-6.725077252840179877e-06,4.254243185310903910e-05,0.000000000000000000e+00
9.589999999999999858e+00,5.000233733411254544e-01,-3.213198606203873783e-05,4.934237979520613487e-06,-6.680187875393404630e-06,4.225500445656485871e-05,0.000000000000000000e+00
9.595000000000000639e+00,5.000232132290892695e-01,-3.191307604151549587e-05,4.900948647904292292e-06,-6.635593835149266922e-06,4.196949956174924451e-05,0.000000000000000000e+00
9.599999999999999645e+00,5.000230542078972773e-01,-3.169564668990154682e-05,4.867881552115861834e-06,-6.591293227856706059e-06,4.168590448466106928e-05,0.000000000000000000e+00
9.605000000000000426e+00,5.000228962701710467e-01,-3.147968808859804370e-05,4.835035229726336761e-06,-6.547284161188183206e-06,4.140420662352252353e-05,0.000000000000000000e+00
9.609999999999999432e+00,5.000227394085815513e-01,-3.126519038457992698e-05,4.802408227738705323e-06,-6.503564754669756281e-06,4.112439345812436589e-05,0.000000000000000000e+00
9.615000000000000213e+00,5.000225836158487258e-01,-3.105214378996988057e-05,4.769999102528838657e-06,-6.460133139610769441e-06,4.084645254924087403e-05,0.000000000000000000e+00
9.620000000000000995e+00,5.000224288847413545e-01,-3.084053858161636707e-05,4.737806419786754137e-06,-6.416987459031206458e-06,4.057037153825100408e-05,0.000000000000000000e+00
9.625000000000000000e+00,5.000222752080767386e-01,-3.063036510067278798e-05,4.705828754458237015e-06,-6.374125867592512687e-06,4.029613814662106361e-05,0.000000000000000000e+00
9.630000000000000782e+00,5.000221225787201407e-01,-3.042161375217990996e-05,4.674064690686807652e-06,-6.331546531527608971e-06,4.002374017526278934e-05,0.000000000000000000e+00
9.634999999999999787e+00,5.000219709895848963e-01,-3.021427500465122528e-05,4.642512821756040269e-06,-6.289247628570674304e-06,3.975316550428658279e-05,0.000000000000000000e+00
9.640000000000000568e+00,5.000218204336316363e-01,-3.000833938965927788e-05,4.611171750032222204e-06,-6.247227347890704565e-06,3.948440209222369682e-05,0.000000000000000000e+00
9.644999999999999574e+00,5.000216709038681762e-01,-2.980379750142749852e-05,4.580040086907358763e-06,-6.205483890019615516e-06,3.921743797566036485e-05,0.000000000000000000e+00
9.650000000000000355e+00,5.000215223933492936e-01,-2.960063999642270396e-05,4.549116452742530424e-06,-6.164015466784590280e-06,3.895226126879635438e-05,0.000000000000000000e+00
9.654999999999999361e+00,5.000213748951763959e-01,-2.939885759294941570e-05,4.518399476811579555e-06,-6.122820301242356359e-06,3.868886016293503286e-05,0.000000000000000000e+00
9.660000000000000142e+00,5.000212284024969644e-01,-2.919844107074886770e-05,4.487887797245136778e-06,-6.081896627609576471e-06,3.842722292585816924e-05,0.000000000000000000e+00
9.665000000000000924e+00,5.000210829085045550e-01,-2.899938127059912901e-05,4.457580060974986997e-06,-6.041242691196465723e-06,3.816733790151987727e-05,0.000000000000000000e+00
9.669999999999999929e+00,5.000209384064382423e-01,-2.880166909391823824e-05,4.427474923678770856e-06,-6.000856748339862465e-06,3.790919350941887600e-05,0.000000000000000000e+00
9.675000000000000711e+00,5.000207948895826204e-01,-2.860529550237027573e-05,4.397571049725018225e-06,-5.960737066335815472e-06,3.765277824430165554e-05,0.000000000000000000e+00
9.679999999999999716e+00,5.000206523512672474e-01,-2.841025151747248928e-05,4.367867112118514582e-06,-5.920881923375424587e-06,3.739808067553187121e-05,0.000000000000000000e+00
9.685000000000000497e+00,5.000205107848663122e-01,-2.821652822020608931e-05,4.338361792445990098e-06,-5.881289608478711170e-06,3.714508944659926772e-05,0.000000000000000000e+00
9.689999999999999503e+00,5.000203701837986348e-01,-2.802411675063007975e-05,4.309053780822141623e-06,-5.841958421427713500e-06,3.689379327483003452e-05,0.000000000000000000e+00
9.695000000000000284e+00,5.000202305415271109e-01,-2.783300830749572933e-05,4.279941775835982464e-06,-5.802886672703590348e-06,3.664418095076084852e-05,0.000000000000000000e+00
9.700000000000001066e+00,5.000200918515584902e-01,-2.764319414786485106e-05,4.251024484497508108e-06,-5.764072683421333368e-06,3.639624133771911159e-05,0.000000000000000000e+00
9.705000000000000071e+00,5.000199541074430432e-01,-2.745466558673027052e-05,4.222300622184688900e-06,-5.725514785265363797e-06,3.614996337133810221e-05,0.000000000000000000e+00
9.710000000000000853e+00,5.000198173027743387e-01,-2.726741399663888939e-05,4.193768912590783745e-06,-5.687211320425067318e-06,3.590533605914035038e-05,0.000000000000000000e+00
9.714999999999999858e+00,5.000196814311890225e-01,-2.708143080731645328e-05,4.165428087671972300e-06,-5.649160641532105997e-06,3.566234848011822758e-05,0.000000000000000000e+00
9.720000000000000639e+00,5.000195464863664840e-01,-2.689670750529455224e-05,4.137276887595300562e-06,-5.611361111598395990e-06,3.542098978425008772e-05,0.000000000000000000e+00
9.724999999999999645e+00,5.000194124620283009e-01,-2.671323563354137208e-05,4.109314060686938167e-06,-5.573811103951643254e-06,3.518124919189606831e-05,0.000000000000000000e+00
9.730000000000000426e+00,5.000192793519384615e-01,-2.653100679109396341e-05,4.081538363380757558e-06,-5.536509002172923996e-06,3.494311599364739317e-05,0.000000000000000000e+00
9.734999999999999432e+00,5.000191471499025875e-01,-2.635001263269202867e-05,4.053948560167216399e-06,-5.499453200036255646e-06,3.470657954958460194e-05,0.000000000000000000e+00
9.740000000000000213e+00,5.000190158497681558e-01,-2.617024486841613404e-05,4.026543423542556768e-06,-5.462642101444315529e-06,3.447162928913817591e-05,0.000000000000000000e+00
9.745000000000000995e+00,5.000188854454237219e-01,-2.599169526332517931e-05,3.999321733958303365e-06,-5.426074120370618159e-06,3.423825471034395540e-05,0.000000000000000000e+00
9.750000000000000000e+00,5.000187559307989194e-01,-2.581435563709971233e-05,3.972282279771073415e-06,-5.389747680794927285e-06,3.400644537957969894e-05,0.000000000000000000e+00
9.755000000000000782e+00,5.000186272998642378e-01,-2.563821786368447093e-05,3.945423857192688127e-06,-5.353661216645146887e-06,3.377619093115312714e-05,0.000000000000000000e+00
9.759999999999999787e+00,5.000184995466306903e-01,-2.546327387093538704e-05,3.918745270240591618e-06,-5.317813171735135407e-06,3.354748106684054718e-05,0.000000000000000000e+00
9.765000000000000568e+00,5.000183726651493687e-01,-2.528951564026685504e-05,3.892245330688561218e-06,-5.282201999706872033e-06,3.332030555534884464e-05,0.000000000000000000e+00
9.769999999999999574e+00,5.000182466495113331e-01,-2.511693520630303201e-05,3.865922858017723558e-06,-5.246826163969352589e-06,3.309465423198647554e-05,0.000000000000000000e+00
9.775000000000000355e+00,5.000181214938475005e-01,-2.494552465653092019e-05,3.839776679367867110e-06,-5.211684137638728022e-06,3.287051699833305572e-05,0.000000000000000000e+00
9.779999999999999361e+00,5.000179971923280897e-01,-2.477527613095477068e-05,3.813805629489051627e-06,-5.176774403480572332e-06,3.264788382164392384e-05,0.000000000000000000e+00
9.785000000000000142e+00,5.000178737391625106e-01,-2.460618182175320457e-05,3.788008550693507674e-06,-5.142095453851408498e-06,3.242674473452069971e-05,0.000000000000000000e+00
9.790000000000000924e+00,5.000177511285991416e-01,-2.443823397293901062e-05,3.762384292807828824e-06,-5.107645790639626237e-06,3.220708983452092410e-05,0.000000000000000000e+00
9.794999999999999929e+00,5.000176293549248863e-01,-2.427142488002062342e-05,3.736931713125456920e-06,-5.073423925207709275e-06,3.198890928363580532e-05,0.000000000000000000e+00
9.800000000000000711e+00,5.000175084124651725e-01,-2.410574688966588862e-05,3.711649676359457869e-06,-5.039428378334508353e-06,3.177219330803157606e-05,0.000000000000000000e+00
9.804999999999999716e+00,5.000173882955835092e-01,-2.394119239936760008e-05,3.686537054595579076e-06,-5.005657680158613695e-06,3.155693219752853416e-05,0.000000000000000000e+00
9.810000000000000497e+00,5.000172689986812635e-01,-2.377775385711158496e-05,3.661592727245595296e-06,-4.972110370121209922e-06,3.134311630521510739e-05,0.000000000000000000e+00
9.814999999999999503e+00,5.000171505161975505e-01,-2.361542376104734680e-05,3.636815581000939930e-06,-4.938784996908399890e-06,3.113073604713123923e-05,0.000000000000000000e+00
9.820000000000000284e+00,5.000170328426086774e-01,-2.345419465915940318e-05,3.612204509786615421e-06,-4.905680118396640518e-06,3.091978190168350252e-05,0.000000000000000000e+00
9.825000000000001066e+00,5.000169159724282553e-01,-2.329405914894265865e-05,3.587758414715389102e-06,-4.872794301594635484e-06,3.071024440946541322e-05,0.000000000000000000e+00
9.830000000000000071e+00,5.000167999002067543e-01,-2.313500987707773363e-05,3.563476204042264328e-06,-4.840126122589804432e-06,3.050211417273956469e-05,0.000000000000000000e+00
9.835000000000000853e+00,5.000166846205312821e-01,-2.297703953910983725e-05,3.539356793119228163e-06,-4.807674166492094201e-06,3.029538185506112149e-05,0.000000000000000000e+00
9.839999999999999858e+00,5.000165701280252506e-01,-2.282014087912966635e-05,3.515399104350278589e-06,-4.775437027378174595e-06,3.009003818083721659e-05,0.000000000000000000e+00
9.845000000000000639e+00,5.000164564173483761e-01,-2.266430668945566308e-05,3.491602067146725309e-06,-4.743413308237321451e-06,2.988607393507951271e-05,0.000000000000000000e+00
9.849999999999999645e+00,5.000163434831962350e-01,-2.250952981031816987e-05,3.467964617882762444e-06,-4.711601620917872295e-06,2.968347996289606049e-05,0.000000000000000000e+00
9.855000000000000426e+00,5.000162313203000419e-01,-2.235580312954662692e-05,3.444485699851309739e-06,-4.680000586071936272e-06,2.948224716912184641e-05,0.000000000000000000e+00
9.859999999999999432e+00,5.000161199234264275e-01,-2.220311958225808772e-05,3.421164263220128216e-06,-4.648608833101792200e-06,2.928236651794630498e-05,0.000000000000000000e+00
9.865000000000000213e+00,5.000160092873773277e-01,-2.205147215054781146e-05,3.397999264988204743e-06,-4.617425000106423009e-06,2.908382903260813617e-05,0.000000000000000000e+00
9.870000000000000995e+00,5.000158994069896501e-01,-2.190085386318185782e-05,3.374989668942399627e-06,-4.586447733828308516e-06,2.888662579496124844e-05,0.000000000000000000e+00
9.875000000000000000e+00,5.000157902771349416e-01,-2.175125779529100655e-05,3.352134445614358891e-06,-4.555675689601819099e-06,2.869074794503782868e-05,0.000000000000000000e+00
9.880000000000000782e+00,5.000156818927193880e-01,-2.160267706806821421e-05,3.329432572237692098e-06,-4.525107531298733687e-06,2.849618668081877590e-05,0.000000000000000000e+00
9.884999999999999787e+00,5.000155742486833699e-01,-2.145510484846615908e-05,3.306883032705410219e-06,-4.494741931277783704e-06,2.830293325773272536e-05,0.000000000000000000e+00
9.890000000000000568e+00,5.000154673400013516e-01,-2.130853434889817751e-05,3.284484817527624384e-06,-4.464577570331557652e-06,2.811097898836152159e-05,0.000000000000000000e+00
9.894999999999999574e+00,5.000153611616815486e-01,-2.116295882694042680e-05,3.262236923789505940e-06,-4.434613137635118407e-06,2.792031524201202974e-05,0.000000000000000000e+00
9.900000000000000355e+00,5.000152557087659266e-01,-2.101837158503627075e-05,3.240138355109501471e-06,-4.404847330694262200e-06,2.773093344448730111e-05,0.000000000000000000e+00
9.904999999999999361e+00,5.000151509763296476e-01,-2.087476597020167476e-05,3.218188121597805738e-06,-4.375278855295852001e-06,2.754282507752716893e-05,0.000000000000000000e+00
9.910000000000000142e+00,5.000150469594811797e-01,-2.073213537373418569e-05,3.196385239815086608e-06,-4.345906425455047366e-06,2.735598167865236713e-05,0.000000000000000000e+00
9.915000000000000924e+00,5.000149436533618541e-01,-2.059047323092186760e-05,3.174728732731467060e-06,-4.316728763366655094e-06,2.717039484067179777e-05,0.000000000000000000e+00
9.919999999999999929e+00,5.000148410531456422e-01,-2.044977302075541556e-05,3.153217629685752411e-06,-4.287744599354135309e-06,2.698605621132981635e-05,0.000000000000000000e+00
9.925000000000000711e+00,5.000147391540391562e-01,-2.031002826564210590e-05,3.131850966344915879e-06,-4.258952671818914158e-06,2.680295749308552548e-05,0.000000000000000000e+00
9.929999999999999716e+00,5.000146379512812045e-01,-2.017123253112032913e-05,3.110627784663827248e-06,-4.230351727192517133e-06,2.662109044262423005e-05,0.000000000000000000e+00
9.935000000000000497e+00,5.000145374401427922e-01,-2.003337942557746357e-05,3.089547132845229720e-06,-4.201940519885932593e-06,2.644044687064089829e-05,0.000000000000000000e+00
9.939999999999999503e+00,5.000144376159265658e-01,-1.989646259996810483e-05,3.068608065299961123e-06,-4.173717812242200791e-06,2.626101864128940064e-05,0.000000000000000000e+00
9.945000000000000284e+00,5.000143384739669239e-01,-1.976047574753588319e-05,3.047809642607420347e-06,-4.145682374485687612e-06,2.608279767203597305e-05,0.000000000000000000e+00
9.950000000000001066e+00,5.000142400096295736e-01,-1.962541260353576215e-05,3.027150931476280261e-06,-4.117832984674305982e-06,2.590577593317929490e-05,0.000000000000000000e+00
9.955000000000000071e+00,5.000141422183117523e-01,-1.949126694495841058e-05,3.006631004705441185e-06,-4.090168428651384919e-06,2.572994544776548753e-05,0.000000000000000000e+00
9.960000000000000853e+00,5.000140450954413396e-01,-1.935803259025608924e-05,2.986248941145221118e-06,-4.062687499998366976e-06,2.555529829084990129e-05,0.000000000000000000e+00
9.964999999999999858e+00,5.000139486364771901e-01,-1.922570339907066176e-05,2.966003825658785660e-06,-4.035388999987015254e-06,2.538182658948062557e-05,0.000000000000000000e+00
9.970000000000000639e+00,5.000138528369089119e-01,-1.909427327196390952e-05,2.945894749083817661e-06,-4.008271737530830134e-06,2.520952252236024476e-05,0.000000000000000000e+00
9.974999999999999645e+00,5.000137576922561999e-01,-1.896373615014772452e-05,2.925920808194419370e-06,-3.981334529140412335e-06,2.503837831923626933e-05,0.000000000000000000e+00
9.980000000000000426e+00,5.000136631980691693e-01,-1.883408601521843244e-05,2.906081105663251333e-06,-3.954576198874335001e-06,2.486838626089519643e-05,0.000000000000000000e+00
9.984999999999999432e+00,5.000135693499278000e-01,-1.870531688889090220e-05,2.886374750023904649e-06,-3.927995578294101878e-06,2.469953867862373931e-05,0.000000000000000000e+00
9.990000000000000213e+00,5.000134761434418262e-01,-1.857742283273562019e-05,2.866800855633504041e-06,-3.901591506416891348e-06,2.453182795394016208e-05,0.000000000000000000e+00
9.995000000000000995e+00,5.000133835742508470e-01,-1.845039794791690624e-05,2.847358542635545555e-06,-3.875362829669659947e-06,2.436524651845400083e-05,0.000000000000000000e+00
1.000000000000000000e+01,5.000132916380235493e-01,-1.832423637493210539e-05,2.828046936922956611e-06,-3.849308401844918772e-06,2.419978685320035676e-05,0.000000000000000000e+00
1.000500000000000078e+01,5.000132003304579298e-01,-1.819893229335403911e-05,2.808865170101387283e-06,-3.823427084053623210e-06,2.403544148857285858e-05,0.000000000000000000e+00
1.000999999999999979e+01,5.000131096472810732e-01,-1.807447992157378163e-05,2.789812379452729441e-06,-3.797717744680991690e-06,2.387220300398829167e-05,0.000000000000000000e+00
1.001500000000000057e+01,5.000130195842488190e-01,-1.795087351654614695e-05,2.770887707898858233e-06,-3.772179259340476651e-06,2.371006402749392382e-05,0.000000000000000000e+00
1.001999999999999957e+01,5.000129301371455393e-01,-1.782810737353535870e-05,2.752090303965600999e-06,-3.746810510830911444e-06,2.354901723543204961e-05,0.000000000000000000e+00
1.002500000000000036e+01,5.000128413017841389e-01,-1.770617582586429448e-05,2.733419321746923870e-06,-3.721610389090016275e-06,2.338905535224859830e-05,0.000000000000000000e+00
1.002999999999999936e+01,5.000127530740057225e-01,-1.758507324466317124e-05,2.714873920869344102e-06,-3.696577791152561551e-06,2.323017115009324277e-05,0.000000000000000000e+00
1.003500000000000014e+01,5.000126654496794831e-01,-1.746479403862212688e-05,2.696453266456559676e-06,-3.671711621104191033e-06,2.307235744856574365e-05,0.000000000000000000e+00
1.004000000000000092e+01,5.000125784247023697e-01,-1.734533265374328364e-05,2.678156529094299122e-06,-3.647010790039742731e-06,2.291560711431961243e-05,0.000000000000000000e+00
1.004499999999999993e+01,5.000124919949990865e-01,-1.722668357309609777e-05,2.659982884795387766e-06,-3.622474216018437054e-06,2.275991306087336543e-05,0.000000000000000000e+00
1.005000000000000071e+01,5.000124061565218714e-01,-1.710884131657333960e-05,2.641931514965032928e-06,-3.598100824021239705e-06,2.260526824828637445e-05,0.000000000000000000e+00
1.005499999999999972e+01,5.000123209052502737e-01,-1.699180044064844226e-05,2.624001606366320038e-06,-3.573889545908850126e-06,2.245166568283477504e-05,0.000000000000000000e+00
1.006000000000000050e+01,5.000122362371908213e-01,-1.687555553813503920e-05,2.606192351085920505e-06,-3.549839320378702287e-06,2.229909841662696432e-05,0.000000000000000000e+00
1.006499999999999950e+01,5.000121521483771314e-01,-1.676010123794826693e-05,2.588502946500018124e-06,-3.525949092921800314e-06,2.214755954748282767e-05,0.000000000000000000e+00
1.007000000000000028e+01,5.000120686348695775e-01,-1.664543220486673181e-05,2.570932595240443004e-06,-3.502217815781542522e-06,2.199704221854748492e-05,0.000000000000000000e+00
1.007500000000000107e+01,5.000119856927550677e-01,-1.653154313929677740e-05,2.553480505161015561e-06,-3.478644447911243985e-06,2.184753961797631608e-05,0.000000000000000000e+00
1.008000000000000007e+01,5.000119033181469330e-01,-1.641842877703763949e-05,2.536145889304100153e-06,-3.455227954933217220e-06,2.169904497868224057e-05,0.000000000000000000e+00
1.008500000000000085e+01,5.000118215071848171e-01,-1.630608388904860014e-05,2.518927965867364538e-06,-3.431967309097079106e-06,2.155155157808731972e-05,0.000000000000000000e+00
1.008999999999999986e+01,5.000117402560342317e-01,-1.619450328121722590e-05,2.501825958170743901e-06,-3.408861489239181399e-06,2.140505273767689899e-05,0.000000000000000000e+00
1.009500000000000064e+01,5.000116595608867787e-01,-1.608368179413012340e-05,2.484839094623614088e-06,-3.385909480740189623e-06,2.125954182295304145e-05,0.000000000000000000e+00
1.009999999999999964e+01,5.000115794179595952e-01,-1.597361430284355275e-05,2.467966608692167287e-06,-3.363110275486212306e-06,2.111501224292191024e-05,0.000000000000000000e+00
1.010500000000000043e+01,5.000114998234955754e-01,-1.586429571665704262e-05,2.451207738866988876e-06,-3.340462871827074443e-06,2.097145745004863864e-05,0.000000000000000000e+00
1.010999999999999943e+01,5.000114207737627048e-01,-1.575572097888689713e-05,2.434561728630835019e-06,-3.317966274537990106e-06,2.082887093968133414e-05,0.000000000000000000e+00
1.011500000000000021e+01,5.000113422650543926e-01,-1.564788506664359550e-05,2.418027826426613553e-06,-3.295619494776618288e-06,2.068724625007889494e-05,0.000000000000000000e+00
1.012000000000000099e+01,5.000112642936890284e-01,-1.554078299060761639e-05,2.401605285625562226e-06,-3.273421550046359705e-06,2.054657696196402058e-05,0.000000000000000000e+00
1.012500000000000000e+01,5.000111868560097594e-01,-1.543440979480851469e-05,2.385293364495622185e-06,-3.251371464156322624e-06,2.040685669821909996e-05,0.000000000000000000e+00
1.013000000000000078e+01,5.000111099483844912e-01,-1.532876055640591952e-05,2.369091326170009663e-06,-3.229468267180469197e-06,2.026807912371694027e-05,0.000000000000000000e+00
1.013499999999999979e+01,5.000110335672057760e-01,-1.522383038547054569e-05,2.352998438615987994e-06,-3.207710995419858540e-06,2.013023794507847494e-05,0.000000000000000000e+00
1.014000000000000057e+01,5.000109577088903690e-01,-1.511961442476677728e-05,2.337013974603825121e-06,-3.186098691364789448e-06,1.999332691023650776e-05,0.000000000000000000e+00
1.014499999999999957e+01,5.000108823698792282e-01,-1.501610784953807185e-05,2.321137211675950595e-06,-3.164630403654321955e-06,1.985733980827071089e-05,0.000000000000000000e+00
1.015000000000000036e+01,5.000108075466375146e-01,-1.491330586729241209e-05,2.305367432116303981e-06,-3.143305187038732605e-06,1.972227046923513165e-05,0.000000000000000000e+00
1.015499999999999936e+01,5.000107332356541479e-01,-1.481120371758883824e-05,2.289703922919871754e-06,-3.122122102342800225e-06,1.958811276372368160e-05,0.000000000000000000e+00
1.016000000000000014e+01,5.000106594334418064e-01,-1.470979667182694181e-05,2.274145975762413485e-06,-3.101080216426158014e-06,1.945486060270774334e-05,0.000000000000000000e+00
1.016500000000000092e+01,5.000105861365367055e-01,-1.460908003303631687e-05,2.258692886970379048e-06,-3.080178602146678421e-06,1.932250793723538576e-05,0.000000000000000000e+00
1.016999999999999993e+01,5.000105133414985970e-01,-1.450904913566808322e-05,2.243343957491013012e-06,-3.059416338322664561e-06,1.919104875826662965e-05,0.000000000000000000e+00
1.017500000000000071e+01,5.000104410449102144e-01,-1.440969934538699403e-05,2.228098492862641576e-06,-3.038792509696793295e-06,1.906047709617849251e-05,0.000000000000000000e+00
1.017999999999999972e+01,5.000103692433776059e-01,-1.431102605886660465e-05,2.212955803185150080e-06,-3.018306206896844236e-06,1.893078702080410787e-05,0.000000000000000000e+00
1.018500000000000050e+01,5.000102979335296904e-01,-1.421302470358364175e-05,2.197915203090643053e-06,-2.997956526400908725e-06,1.880197264100248001e-05,0.000000000000000000e+00
1.018999999999999950e+01,5.000102271120182573e-01,-1.411569073761490862e-05,2.182976011714286803e-06,-2.977742570500402011e-06,1.867402810449796108e-05,0.000000000000000000e+00
1.019500000000000028e+01,5.000101567755175225e-01,-1.401901964943515764e-05,2.168137552665331990e-06,-2.957663447263995327e-06,1.854694759745735121e-05,0.000000000000000000e+00
1.020000000000000107e+01,5.000100869207244614e-01,-1.392300695771657894e-05,2.153399153998319170e-06,-2.937718270501136715e-06,1.842072534452686647e-05,0.000000000000000000e+00
1.020500000000000007e+01,5.000100175443581429e-01,-1.382764821112938348e-05,2.138760148184463900e-06,-2.917906159726210100e-06,1.829535560828142850e-05,0.000000000000000000e+00
1.021000000000000085e+01,5.000099486431598406e-01,-1.373293898814333981e-05,2.124219872083220998e-06,-2.898226240123590523e-06,1.817083268912948513e-05,0.000000000000000000e+00
1.021499999999999986e+01,5.000098802138930321e-01,-1.363887489683171983e-05,2.109777666914025405e-06,-2.878677642510635575e-06,1.804715092516083583e-05,0.000000000000000000e+00
1.022000000000000064e+01,5.000098122533429557e-01,-1.354545157467491928e-05,2.095432878228212621e-06,-2.859259503304131883e-06,1.792430469172411474e-05,0.000000000000000000e+00
1.022499999999999964e+01,5.000097447583166099e-01,-1.345266468836634999e-05,2.081184855881108965e-06,-2.839970964484897605e-06,1.780228840127267808e-05,0.000000000000000000e+00
1.023000000000000043e+01,5.000096777256425318e-01,-1.336050993361975173e-05,2.067032954004301415e-06,-2.820811173562321389e-06,1.768109650308186120e-05,0.000000000000000000e+00
1.023499999999999943e+01,5.000096111521707964e-01,-1.326898303497727147e-05,2.052976530978079390e-06,-2.801779283540041452e-06,1.756072348309471693e-05,0.000000000000000000e+00
1.024000000000000021e+01,5.000095450347727954e-01,-1.317807974561867433e-05,2.039014949404049749e-06,-2.782874452882071034e-06,1.744116386363749041e-05,0.000000000000000000e+00
1.024500000000000099e+01,5.000094793703410145e-01,-1.308779584717209269e-05,2.025147576077919508e-06,-2.764095845478532532e-06,1.732241220313774011e-05,0.000000000000000000e+00
1.025000000000000000e+01,5.000094141557890337e-01,-1.299812714952628298e-05,2.011373781962451346e-06,-2.745442630611027820e-06,1.720446309597583600e-05,0.000000000000000000e+00
1.025500000000000078e+01,5.000093493880511941e-01,-1.290906949064324684e-05,1.997692942160590215e-06,-2.726913982919925846e-06,1.708731117213619543e-05,0.000000000000000000e+00
1.025999999999999979e+01,5.000092850640825981e-01,-1.282061873637324920e-05,1.984104435888754700e-06,-2.708509082369481387e-06,1.697095109706263022e-05,0.000000000000000000e+00
1.026500000000000057e+01,5.000092211808591092e-01,-1.273277078027018379e-05,1.970607646450301587e-06,-2.690227114214887159e-06,1.685537757150920452e-05,0.000000000000000000e+00
1.026999999999999957e+01,5.000091577353769079e-01,-1.264552154340783810e-05,1.957201961209150959e-06,-2.672067268970101395e-06,1.674058533112913580e-05,0.000000000000000000e+00
1.027500000000000036e+01,5.000090947246526030e-01,-1.255886697419841153e-05,1.943886771563576876e-06,-2.654028742373756880e-06,1.662656914639746076e-05,0.000000000000000000e+00
1.027999999999999936e+01,5.000090321457227871e-01,-1.247280304821096401e-05,1.930661472920164499e-06,-2.636110735357778807e-06,1.651332382220053945e-05,0.000000000000000000e+00
1.028500000000000014e+01,5.000089699956443701e-01,-1.238732576799304613e-05,1.917525464667929844e-06,-2.618312454012172769e-06,1.640084419789583208e-05,0.000000000000000000e+00
1.029000000000000092e+01,5.000089082714940236e-01,-1.230243116289089433e-05,1.904478150152605139e-06,-2.600633109555224872e-06,1.628912514683419953e-05,0.000000000000000000e+00
1.029499999999999993e+01,5.000088469703681815e-01,-1.221811528887235197e-05,1.891518936651078748e-06,-2.583071918300760095e-06,1.617816157621908922e-05,0.000000000000000000e+00
1.030000000000000071e+01,5.000087860893830394e-01,-1.213437422835131488e-05,1.878647235346001133e-06,-2.565628101624846701e-06,1.606794842696904470e-05,0.000000000000000000e+00
1.030499999999999972e+01,5.000087256256743329e-01,-1.205120409001210085e-05,1.865862461300550253e-06,-2.548300885935153123e-06,1.595848067344283333e-05,0.000000000000000000e+00
1.031000000000000050e+01,5.000086655763970045e-01,-1.196860100863522337e-05,1.853164033433350921e-06,-2.531089502639939779e-06,1.584975332310188667e-05,0.000000000000000000e+00
1.031499999999999950e+01,5.000086059387255366e-01,-1.188656114492551512e-05,1.840551374493555519e-06,-2.513993188114823202e-06,1.574176141657276411e-05,0.000000000000000000e+00
1.032000000000000028e+01,5.000085467098532854e-01,-1.180508068533940439e-05,1.828023911036079507e-06,-2.497011183673660120e-06,1.563450002711077092e-05,0.000000000000000000e+00
1.032500000000000107e+01,5.000084878869927030e-01,-1.172415584191508159e-05,1.815581073396991938e-06,-2.480142735536078994e-06,1.552796426059765774e-05,0.000000000000000000e+00
1.033000000000000007e+01,5.000084294673751151e-01,-1.164378285210309605e-05,1.803222295669063526e-06,-2.463387094796559503e-06,1.542214925527484923e-05,0.000000000000000000e+00
1.033500000000000085e+01,5.000083714482506103e-01,-1.156395797859805225e-05,1.790947015677469714e-06,-2.446743517393698376e-06,1.531705018154282263e-05,0.000000000000000000e+00
1.033999999999999986e+01,5.000083138268879290e-01,-1.148467750917054836e-05,1.778754674955642189e-06,-2.430211264081364536e-06,1.521266224175585132e-05,0.000000000000000000e+00
1.034500000000000064e+01,5.000082566005743523e-01,-1.140593775650192344e-05,1.766644718721272653e-06,-2.413789600396608826e-06,1.510898067002841887e-05,0.000000000000000000e+00
1.034999999999999964e+01,5.000081997666153688e-01,-1.132773505801839660e-05,1.754616595852468418e-06,-2.397477796631130864e-06,1.500600073190127798e-05,0.000000000000000000e+00
1.035500000000000043e+01,5.000081433223347860e-01,-1.125006577572786740e-05,1.742669758864057935e-06,-2.381275127799751625e-06,1.490371772427942394e-05,0.000000000000000000e+00
1.035999999999999943e+01,5.000080872650746189e-01,-1.117292629605690949e-05,1.730803663884049836e-06,-2.365180873610819808e-06,1.480212697523487656e-05,0.000000000000000000e+00
1.036500000000000021e+01,5.000080315921948682e-01,-1.109631302968845875e-05,1.719017770630236195e-06,-2.349194318437530873e-06,1.470122384374267187e-05,0.000000000000000000e+00
1.037000000000000099e+01,5.000079763010732981e-01,-1.102022241140080079e-05,1.707311542386941262e-06,-2.333314751288941152e-06,1.460100371941907981e-05,0.000000000000000000e+00
1.037500000000000000e+01,5.000079213891055474e-01,-1.094465089990891493e-05,1.695684445981920752e-06,-2.317541465778534034e-06,1.450146202246484456e-05,0.000000000000000000e+00
1.038000000000000078e+01,5.000078668537049076e-01,-1.086959497770471020e-05,1.684135951763407893e-06,-2.301873760097260173e-06,1.440259420339985313e-05,0.000000000000000000e+00
1.038499999999999979e+01,5.000078126923022115e-01,-1.079505115089945690e-05,1.672665533577297321e-06,-2.286310936984441064e-06,1.430439574287102665e-05,0.000000000000000000e+00
1.039000000000000057e+01,5.000077589023457225e-01,-1.072101594906773773e-05,1.661272668744479322e-06,-2.270852303697860306e-06,1.420686215146424850e-05,0.000000000000000000e+00
1.039499999999999957e+01,5.000077054813008015e-01,-1.064748592509044342e-05,1.649956838038312151e-06,-2.255497171987979920e-06,1.410998896937399270e-05,0.000000000000000000e+00
1.040000000000000036e+01,5.000076524266502398e-01,-1.057445765500228144e-05,1.638717525662238966e-06,-2.240244858065326617e-06,1.401377176648743596e-05,0.000000000000000000e+00
1.040499999999999936e+01,5.000075997358937041e-01,-1.050192773783620142e-05,1.627554219227549833e-06,-2.225094682576258184e-06,1.391820614192142376e-05,0.000000000000000000e+00
1.041000000000000014e+01,5.000075474065479586e-01,-1.042989279547193721e-05,1.616466409731277337e-06,-2.210045970572638860e-06,1.382328772403665980e-05,0.000000000000000000e+00
1.041500000000000092e+01,5.000074954361464208e-01,-1.035834947248383739e-05,1.605453591534235984e-06,-2.195098051485123912e-06,1.372901217005035957e-05,0.000000000000000000e+00
1.041999999999999993e+01,5.000074438222393836e-01,-1.028729443599062027e-05,1.594515262339199669e-06,-2.180250259094735333e-06,1.363537516604705845e-05,0.000000000000000000e+00
1.042500000000000071e+01,5.000073925623937932e-01,-1.021672437550548974e-05,1.583650923169217843e-06,-2.165501931505841060e-06,1.354237242672534381e-05,0.000000000000000000e+00
1.042999999999999972e+01,5.000073416541929161e-01,-1.014663600278691004e-05,1.572860078346063816e-06,-2.150852411119951595e-06,1.344999969507788323e-05,0.000000000000000000e+00
1.043500000000000050e+01,5.000072910952364502e-01,-1.007702605169230119e-05,1.562142235468823252e-06,-2.136301044605773996e-06,1.335825274234564573e-05,0.000000000000000000e+00
1.043999999999999950e+01,5.000072408831404136e-01,-1.000789127803017073e-05,1.551496905392621780e-06,-2.121847182874484021e-06,1.326712736782650622e-05,0.000000000000000000e+00
1.044500000000000028e+01,5.000071910155370336e-01,-9.939228459414737465e-06,1.540923602207480509e-06,-2.107490181052109469e-06,1.317661939869403130e-05,0.000000000000000000e+00
1.045000000000000107e+01,5.000071414900745248e-01,-9.871034395120946520e-06,1.530421843217308133e-06,-2.093229398453174747e-06,1.308672468974841934e-05,0.000000000000000000e+00
1.045500000000000007e+01,5.000070923044170890e-01,-9.803305905940727863e-06,1.519991148919025589e-06,-2.079064198553940137e-06,1.299743912330040108e-05,0.000000000000000000e+00
1.046000000000000085e+01,5.000070434562448041e-01,-9.736039834039993417e-06,1.509631042981822220e-06,-2.064993948966181464e-06,1.290875860898940877e-05,0.000000000000000000e+00
1.046499999999999986e+01,5.000069949432532912e-01,-9.669233042816520178e-06,1.499341052226544503e-06,-2.051018021411239551e-06,1.282067908347167152e-05,0.000000000000000000e+00
1.047000000000000064e+01,5.000069467631540476e-01,-9.602882416759391879e-06,1.489120706605214361e-06,-2.037135791692969374e-06,1.273319651050448664e-05,0.000000000000000000e+00
1.047499999999999964e+01,5.000068989136740027e-01,-9.536984861307947671e-06,1.478969539180678146e-06,-2.023346639673668656e-06,1.264630688056551384e-05,0.000000000000000000e+00
1.048000000000000043e+01,5.000068513925554070e-01,-9.471537302713453174e-06,1.468887086106382452e-06,-2.009649949246559035e-06,1.256000621067994670e-05,0.000000000000000000e+00
1.048499999999999943e+01,5.000068041975560540e-01,-9.406536687900390360e-06,1.458872886606281858e-06,-1.996045108310997648e-06,1.247429054443603874e-05,0.000000000000000000e+00
1.049000000000000021e+01,5.000067573264487253e-01,-9.341979984328779128e-06,1.448926482954870130e-06,-1.982531508747612901e-06,1.238915595154522228e-05,0.000000000000000000e+00
1.049500000000000099e+01,5.000067107770214125e-01,-9.277864179858016751e-06,1.439047420457339952e-06,-1.969108546392327239e-06,1.230459852786376879e-05,0.000000000000000000e+00
1.050000000000000000e+01,5.000066645470770954e-01,-9.214186282611051067e-06,1.429235247429866543e-06,-1.955775621011679265e-06,1.222061439515042221e-05,0.000000000000000000e+00
1.050500000000000078e+01,5.000066186344337416e-01,-9.150943320840127448e-06,1.419489515180021079e-06,-1.942532136276901142e-06,1.213719970095980839e-05,0.000000000000000000e+00
1.050999999999999979e+01,5.000065730369239736e-01,-9.088132342792056351e-06,1.409809777987303543e-06,-1.929377499740893700e-06,1.205435061833191448e-05,0.000000000000000000e+00
1.051500000000000057e+01,5.000065277523952911e-01,-9.025750416575749224e-06,1.400195593083799675e-06,-1.916311122812554132e-06,1.197206334581742197e-05,0.000000000000000000e+00
1.051999999999999957e+01,5.000064827787096267e-01,-8.963794630030257551e-06,1.390646520634962001e-06,-1.903332420731994360e-06,1.189033410710988776e-05,0.000000000000000000e+00
1.052500000000000036e+01,5.000064381137435676e-01,-8.902262090593574220e-06,1.381162123720515804e-06,-1.890440812546114924e-06,1.180915915106948645e-05,0.000000000000000000e+00
1.052999999999999936e+01,5.000063937553881344e-01,-8.841149925171406103e-06,1.371741968315481357e-06,-1.877635721086092759e-06,1.172853475148076741e-05,0.000000000000000000e+00
1.053500000000000014e+01,5.000063497015484471e-01,-8.780455280008557178e-06,1.362385623271316210e-06,-1.864916572941518313e-06,1.164845720675684716e-05,0.000000000000000000e+00
1.054000000000000092e+01,5.000063059501441698e-01,-8.720175320560101602e-06,1.353092660297183696e-06,-1.852282798436797420e-06,1.156892284009448075e-05,0.000000000000000000e+00
1.054499999999999993e+01,5.000062624991088445e-01,-8.660307231362924379e-06,1.343862653941334508e-06,-1.839733831608629116e-06,1.148992799897417176e-05,0.000000000000000000e+00
1.055000000000000071e+01,5.000062193463901128e-01,-8.600848215909057758e-06,1.334695181572605386e-06,-1.827269110181740479e-06,1.141146905518896628e-05,0.000000000000000000e+00
1.055499999999999972e+01,5.000061764899494943e-01,-8.541795496520144162e-06,1.325589823362042098e-06,-1.814888075544151779e-06,1.133354240461489009e-05,0.000000000000000000e+00
1.056000000000000050e+01,5.000061339277624972e-01,-8.483146314221175774e-06,1.316546162264636142e-06,-1.802590172725702716e-06,1.125614446716790919e-05,0.000000000000000000e+00
1.056499999999999950e+01,5.000060916578182857e-01,-8.424897928616554974e-06,1.307563784001175793e-06,-1.790374850373722240e-06,1.117927168650994840e-05,0.000000000000000000e+00
1.057000000000000028e+01,5.000060496781196795e-01,-8.367047617765866797e-06,1.298642277040214678e-06,-1.778241560731035135e-06,1.110292052994442338e-05,0.000000000000000000e+00
1.057500000000000107e+01,5.000060079866831542e-01,-8.309592678061430155e-06,1.289781232580153851e-06,-1.766189759612193209e-06,1.102708748831841682e-05,0.000000000000000000e+00
1.058000000000000007e+01,5.000059665815385079e-01,-8.252530424105500081e-06,1.280980244531435894e-06,-1.754218906382136211e-06,1.095176907572249672e-05,0.000000000000000000e+00
1.058500000000000085e+01,5.000059254607289727e-01,-8.195858188590109334e-06,1.272238909498855265e-06,-1.742328463931339243e-06,1.087696182946370620e-05,0.000000000000000000e+00
1.058999999999999986e+01,5.000058846223111031e-01,-8.139573322175724146e-06,1.263556826763983214e-06,-1.730517898655032507e-06,1.080266230989632465e-05,0.000000000000000000e+00
1.059500000000000064e+01,5.000058440643545543e-01,-8.083673193372083632e-06,1.254933598267701749e-06,-1.718786680429804768e-06,1.072886710019663317e-05,0.000000000000000000e+00
1.059999999999999964e+01,5.000058037849423043e-01,-8.028155188418927387e-06,1.246368828592851747e-06,-1.707134282592107565e-06,1.065557280639376860e-05,0.000000000000000000e+00
1.060500000000000043e+01,5.000057637821702095e-01,-7.973016711167819139e-06,1.237862124946986935e-06,-1.695560181916287412e-06,1.058277605701153193e-05,0.000000000000000000e+00
1.060999999999999943e+01,5.000057240541470049e-01,-7.918255182964414256e-06,1.229413097145239264e-06,-1.684063858593407856e-06,1.051047350296974622e-05,0.000000000000000000e+00
1.061500000000000021e+01,5.000056845989944154e-01,-7.863868042533132818e-06,1.221021357593295238e-06,-1.672644796206927351e-06,1.043866181756190173e-05,0.000000000000000000e+00
1.062000000000000099e+01,5.000056454148468221e-01,-7.809852745860111528e-06,1.212686521270481729e-06,-1.661302481713503160e-06,1.036733769615657508e-05,0.000000000000000000e+00
1.062500000000000000e+01,5.000056064998513738e-01,-7.756206766078774635e-06,1.204408205712957449e-06,-1.650036405420194099e-06,1.029649785617229779e-05,0.000000000000000000e+00
1.063000000000000078e+01,5.000055678521677649e-01,-7.702927593354962722e-06,1.196186030997012007e-06,-1.638846060964199298e-06,1.022613903684956892e-05,0.000000000000000000e+00
1.063499999999999979e+01,5.000055294699682351e-01,-7.650012734773799591e-06,1.188019619722469355e-06,-1.627730945290752759e-06,1.015625799916027670e-05,0.000000000000000000e+00
1.064000000000000057e+01,5.000054913514373478e-01,-7.597459714226710777e-06,1.179908596996201350e-06,-1.616690558632340131e-06,1.008685152558339242e-05,0.000000000000000000e+00
1.064499999999999957e+01,5.000054534947721008e-01,-7.545266072299488143e-06,1.171852590415742749e-06,-1.605724404487425899e-06,1.001791642007902235e-05,0.000000000000000000e+00
1.065000000000000036e+01,5.000054158981817043e-01,-7.493429366160784769e-06,1.163851230053013990e-06,-1.594831989599933382e-06,9.949449507865248493e-06,0.000000000000000000e+00
1.065499999999999936e+01,5.000053785598875811e-01,-7.441947169451850743e-06,1.155904148438147730e-06,-1.584012823937832157e-06,9.881447635329356117e-06,0.000000000000000000e+00
1.066000000000000014e+01,5.000053414781231442e-01,-7.390817072175949623e-06,1.148010980543415340e-06,-1.573266420673936883e-06,9.813907669802450154e-06,0.000000000000000000e+00
1.066500000000000092e+01,5.000053046511340193e-01,-7.340036680590097461e-06,1.140171363767259906e-06,-1.562592296163647701e-06,9.746826499605772652e-06,0.000000000000000000e+00
1.066999999999999993e+01,5.000052680771774893e-01,-7.289603617095794706e-06,1.132384937918428555e-06,-1.551989969926251131e-06,9.680201033629964576e-06,0.000000000000000000e+00
1.067500000000000071e+01,5.000052317545229386e-01,-7.239515520131870608e-06,1.124651345200208106e-06,-1.541458964623557056e-06,9.614028201510947110e-06,0.000000000000000000e+00
1.067999999999999972e+01,5.000051956814512977e-01,-7.189770044067004051e-06,1.116970230194758778e-06,-1.530998806040724227e-06,9.548304953212551261e-06,0.000000000000000000e+00
1.068500000000000050e+01,5.000051598562553767e-01,-7.140364859094067210e-06,1.109341239847551861e-06,-1.520609023064967333e-06,9.483028259138908962e-06,0.000000000000000000e+00
1.068999999999999950e+01,5.000051242772394211e-01,-7.091297651123995704e-06,1.101764023451906499e-06,-1.510289147666734450e-06,9.418195109783137687e-06,0.000000000000000000e+00
1.069500000000000028e+01,5.000050889427193335e-01,-7.042566121680758211e-06,1.094238232633622178e-06,-1.500038714880200929e-06,9.353802515770622144e-06,0.000000000000000000e+00
1.070000000000000107e+01,5.000050538510224518e-01,-6.994167987797670313e-06,1.086763521335711383e-06,-1.489857262782571724e-06,9.289847507646010897e-06,0.000000000000000000e+00
1.070500000000000007e+01,5.000050190004875494e-01,-6.946100981913163708e-06,1.079339545803230299e-06,-1.479744332475973309e-06,9.226327135783447814e-06,0.000000000000000000e+00
1.071000000000000085e+01,5.000049843894645019e-01,-6.898362851768247783e-06,1.071965964568204160e-06,-1.469699468067437654e-06,9.163238470107962604e-06,0.000000000000000000e+00
1.071499999999999986e+01,5.000049500163146199e-01,-6.850951360304694569e-06,1.064642438434652772e-06,-1.459722216648913942e-06,9.100578600209264610e-06,0.000000000000000000e+00
1.072000000000000064e+01,5.000049158794102055e-01,-6.803864285562812867e-06,1.057368630463710044e-06,-1.449812128279574262e-06,9.038344634992402703e-06,0.000000000000000000e+00
1.072499999999999964e+01,5.000048819771347741e-01,-6.757099420581236632e-06,1.050144205958839244e-06,-1.439968755965534372e-06,8.976533702728997226e-06,0.000000000000000000e+00
1.073000000000000043e+01,5.000048483078827211e-01,-6.710654573296159391e-06,1.042968832451141844e-06,-1.430191655642135881e-06,8.915142950775030637e-06,0.000000000000000000e+00
1.073499999999999943e+01,5.000048148700593220e-01,-6.664527566442308469e-06,1.035842179684761240e-06,-1.420480386154182862e-06,8.854169545491715997e-06,0.000000000000000000e+00
1.074000000000000021e+01,5.000047816620808439e-01,-6.618716237454159769e-06,1.028763919602382393e-06,-1.410834509237126913e-06,8.793610672229587997e-06,0.000000000000000000e+00
1.074500000000000099e+01,5.000047486823743226e-01,-6.573218438367200838e-06,1.021733726330822317e-06,-1.401253589499568306e-06,8.733463535113509057e-06,0.000000000000000000e+00
1.075000000000000000e+01,5.000047159293774524e-01,-6.528032035720664381e-06,1.014751276166711834e-06,-1.391737194404229725e-06,8.673725356898605960e-06,0.000000000000000000e+00
1.075500000000000078e+01,5.000046834015384745e-01,-6.483154910460096596e-06,1.007816247562269443e-06,-1.382284894250663021e-06,8.614393378821613877e-06,0.000000000000000000e+00
1.075999999999999979e+01,5.000046510973163993e-01,-6.438584957842128655e-06,1.000928321111166034e-06,-1.372896262154929961e-06,8.555464860658381433e-06,0.000000000000000000e+00
1.076500000000000057e+01,5.000046190151804515e-01,-6.394320087337647282e-06,9.940871795344829915e-07,-1.363570874033879592e-06,8.496937080311016687e-06,0.000000000000000000e+00
1.076999999999999957e+01,5.000045871536105135e-01,-6.350358222537918091e-06,9.872925076667590146e-07,-1.354308308584887856e-06,8.438807333997461570e-06,0.000000000000000000e+00
1.077500000000000036e+01,5.000045555110966822e-01,-6.306697301059239324e-06,9.805439924421269451e-07,-1.345108147269896521e-06,8.381072935906314108e-06,0.000000000000000000e+00
1.077999999999999936e+01,5.000045240861393792e-01,-6.263335274449535291e-06,9.738413228805367746e-07,-1.335969974296938123e-06,8.323731218186665714e-06,0.000000000000000000e+00
1.078500000000000014e+01,5.000044928772492403e-01,-6.220270108095295403e-06,9.671841900740714046e-07,-1.326893376602305921e-06,8.266779530806296018e-06,0.000000000000000000e+00
1.079000000000000092e+01,5.000044618829468934e-01,-6.177499781128954507e-06,9.605722871733466848e-07,-1.317877943833188242e-06,8.210215241343931259e-06,0.000000000000000000e+00
1.079499999999999993e+01,5.000044311017632914e-01,-6.135022286337091453e-06,9.540053093740029321e-07,-1.308923268329991748e-06,8.154035735109644938e-06,0.000000000000000000e+00
1.080000000000000071e+01,5.000044005322392682e-01,-6.092835630068528565e-06,9.474829539032782937e-07,-1.300028945110183647e-06,8.098238414804438662e-06,0.000000000000000000e+00
1.080499999999999972e+01,5.000043701729255385e-01,-6.050937832144469908e-06,9.410049200066710484e-07,-1.291194571849372579e-06,8.042820700450389033e-06,0.000000000000000000e+00
1.081000000000000050e+01,5.000043400223828094e-01,-6.009326925767629062e-06,9.345709089346883057e-07,-1.282419748865708386e-06,7.987780029376453068e-06,0.000000000000000000e+00
1.081499999999999950e+01,5.000043100791814465e-01,-5.968000957432945911e-06,9.281806239296766555e-07,-1.273704079102408881e-06,7.933113855949862196e-06,0.000000000000000000e+00
1.082000000000000028e+01,5.000042803419015858e-01,-5.926957986838775245e-06,9.218337702127391082e-07,-1.265047168110622251e-06,7.878819651568346491e-06,0.000000000000000000e+00
1.082500000000000107e+01,5.000042508091331328e-01,-5.886196086798881728e-06,9.155300549707405512e-07,-1.256448624031961454e-06,7.824894904589005932e-06,0.000000000000000000e+00
1.083000000000000007e+01,5.000042214794754303e-01,-5.845713343153707267e-06,9.092691873433914491e-07,-1.247908057583759703e-06,7.771337120053524442e-06,0.000000000000000000e+00
1.083500000000000085e+01,5.000041923515375908e-01,-5.805507854684086308e-06,9.030508784104152944e-07,-1.239425082040698956e-06,7.718143819817178088e-06,0.000000000000000000e+00
1.083999999999999986e+01,5.000041634239379418e-01,-5.765577733024068360e-06,8.968748411787999149e-07,-1.230999313219472901e-06,7.665312542147016204e-06,0.000000000000000000e+00
1.084500000000000064e+01,5.000041346953044696e-01,-5.725921102575364272e-06,8.907407905701318958e-07,-1.222630369461452854e-06,7.612840841914443649e-06,0.000000000000000000e+00
1.084999999999999964e+01,5.000041061642742646e-01,-5.686536100420922625e-06,8.846484434080075523e-07,-1.214317871618329912e-06,7.560726290191812896e-06,0.000000000000000000e+00
1.085500000000000043e+01,5.000040778294938537e-01,-5.647420876241401263e-06,8.785975184055303003e-07,-1.206061443033200073e-06,7.508966474386295046e-06,0.000000000000000000e+00
1.085999999999999943e+01,5.000040496896189790e-01,-5.608573592229860914e-06,8.725877361528879646e-07,-1.197860709526427891e-06,7.457558998033148735e-06,0.000000000000000000e+00
1.086500000000000021e+01,5.000040217433144862e-01,-5.569992423008290941e-06,8.666188191050076981e-07,-1.189715299379056067e-06,7.406501480662724947e-06,0.000000000000000000e+00
1.087000000000000099e+01,5.000039939892543250e-01,-5.531675555543981779e-06,8.606904915692917908e-07,-1.181624843317731436e-06,7.355791557728708925e-06,0.000000000000000000e+00
1.087500000000000000e+01,5.000039664261214378e-01,-5.493621189067448287e-06,8.548024796934307723e-07,-1.173588974497731065e-06,7.305426880477818553e-06,0.000000000000000000e+00
1.088000000000000078e+01,5.000039390526078709e-01,-5.455827534990453902e-06,8.489545114533002635e-07,-1.165607328486977891e-06,7.255405115947747756e-06,0.000000000000000000e+00
1.088499999999999979e+01,5.000039118674145522e-01,-5.418292816823140323e-06,8.431463166409316263e-07,-1.157679543253020346e-06,7.205723946760653096e-06,0.000000000000000000e+00
1.089000000000000057e+01,5.000038848692510696e-01,-5.381015270094081153e-06,8.373776268525560941e-07,-1.149805259145355199e-06,7.156381070931987750e-06,0.000000000000000000e+00
1.089499999999999957e+01,5.000038580568361146e-01,-5.343993142269790899e-06,8.316481754767355103e-07,-1.141984118879992715e-06,7.107374202064728708e-06,0.000000000000000000e+00
1.090000000000000036e+01,5.000038314288968166e-01,-5.307224692673967155e-06,8.259576976825631598e-07,-1.134215767525731114e-06,7.058701068886233553e-06,0.000000000000000000e+00
1.090499999999999936e+01,5.000038049841691867e-01,-5.270708192408666568e-06,8.203059304079414677e-07,-1.126499852487705293e-06,7.010359415447016229e-06,0.000000000000000000e+00
1.091000000000000014e+01,5.000037787213977847e-01,-5.234441924275244471e-06,8.146926123479365677e-07,-1.118836023492561204e-06,6.962347000858350632e-06,0.000000000000000000e+00
1.091500000000000092e+01,5.000037526393357190e-01,-5.198424182695670609e-06,8.091174839432077251e-07,-1.111223932574014789e-06,6.914661599225103435e-06,0.000000000000000000e+00
1.091999999999999993e+01,5.000037267367445359e-01,-5.162653273634901106e-06,8.035802873685105597e-07,-1.103663234057428995e-06,6.867300999517167197e-06,0.000000000000000000e+00
1.092500000000000071e+01,5.000037010123943304e-01,-5.127127514523615513e-06,7.980807665212757584e-07,-1.096153584544785078e-06,6.820263005570835940e-06,0.000000000000000000e+00
1.092999999999999972e+01,5.000036754650635240e-01,-5.091845234181052948e-06,7.926186670102619049e-07,-1.088694642900575905e-06,6.773545435892237605e-06,0.000000000000000000e+00
1.093500000000000050e+01,5.000036500935389761e-01,-5.056804772738628364e-06,7.871937361442796712e-07,-1.081286070237242706e-06,6.727146123658652033e-06,0.000000000000000000e+00
1.093999999999999950e+01,5.000036248966155394e-01,-5.022004481564057874e-06,7.818057229209870533e-07,-1.073927529900701397e-06,6.681062916393899141e-06,0.000000000000000000e+00
1.094500000000000028e+01,5.000035998730966158e-01,-4.987442723186978250e-06,7.764543780157638063e-07,-1.066618687453974726e-06,6.635293676237858028e-06,0.000000000000000000e+00
1.095000000000000107e+01,5.000035750217934893e-01,-4.953117871222291288e-06,7.711394537706533224e-07,-1.059359210666457194e-06,6.589836279480965624e-06,0.000000000000000000e+00
1.095500000000000007e+01,5.000035503415257709e-01,-4.919028310297484145e-06,7.658607041833736495e-07,-1.052148769496320480e-06,6.544688616773597299e-06,0.000000000000000000e+00
1.096000000000000085e+01,5.000035258311209541e-01,-4.885172435977837176e-06,7.606178848964047422e-07,-1.044987036078209236e-06,6.499848592797450272e-06,0.000000000000000000e+00
1.096499999999999986e+01,5.000035014894146368e-01,-4.851548654693359721e-06,7.554107531861434752e-07,-1.037873684708550140e-06,6.455314126336641013e-06,0.000000000000000000e+00
1.097000000000000064e+01,5.000034773152502998e-01,-4.818155383665808051e-06,7.502390679521285374e-07,-1.030808391831758181e-06,6.411083150085582075e-06,0.000000000000000000e+00
1.097499999999999964e+01,5.000034533074793064e-01,-4.784991050836260665e-06,7.451025897063355235e-07,-1.023790836026382588e-06,6.367153610588283719e-06,0.000000000000000000e+00
1.098000000000000043e+01,5.000034294649609024e-01,-4.752054094793446592e-06,7.400010805625418002e-07,-1.016820697990791124e-06,6.323523468179731605e-06,0.000000000000000000e+00
1.098499999999999943e+01,5.000034057865619941e-01,-4.719342964701746750e-06,7.349343042257597702e-07,-1.009897660530550143e-06,6.280190696792097513e-06,0.000000000000000000e+00
1.099000000000000021e+01,5.000033822711573706e-01,-4.686856120231239183e-06,7.299020259817390633e-07,-1.003021408542749400e-06,6.237153284032253027e-06,0.000000000000000000e+00
1.099500000000000099e+01,5.000033589176294813e-01,-4.654592031486047702e-06,7.249040126865374433e-07,-9.961916290047479458e-07,6.194409230984974974e-06,0.000000000000000000e+00
1.100000000000000000e+01,5.000033357248683252e-01,-4.622549178934743725e-06,7.199400327561559837e-07,-9.894080109598272934e-07,6.151956552091767203e-06,0.000000000000000000e+00
1.100500000000000078e+01,5.000033126917714510e-01,-4.590726053340620221e-06,7.150098561562412641e-07,-9.826702455041253032e-07,6.109793275091513222e-06,0.000000000000000000e+00
1.100999999999999979e+01,5.000032898172440676e-01,-4.559121155693170132e-06,7.101132543918576600e-07,-9.759780257721582696e-07,6.067917441031569782e-06,0.000000000000000000e+00
1.101500000000000057e+01,5.000032671001987117e-01,-4.527732997138683882e-06,7.052500004973252757e-07,-9.693310469251043389e-07,6.026327104009725918e-06,0.000000000000000000e+00
1.101999999999999957e+01,5.000032445395553582e-01,-4.496560098912557891e-06,7.004198690261208773e-07,-9.627290061366703406e-07,5.985020331185397338e-06,0.000000000000000000e+00
1.102500000000000036e+01,5.000032221342414207e-01,-4.465600992271370156e-06,6.956226360408484925e-07,-9.561716025803962460e-07,5.943995202721732562e-06,0.000000000000000000e+00
1.102999999999999936e+01,5.000031998831915292e-01,-4.434854218425449653e-06,6.908580791032705746e-07,-9.496585374169651322e-07,5.903249811597729161e-06,0.000000000000000000e+00
1.103500000000000014e+01,5.000031777853477521e-01,-4.404318328472571445e-06,6.861259772644080926e-07,-9.431895137802292562e-07,5.862782263686132834e-06,0.000000000000000000e+00
1.104000000000000092e+01,5.000031558396591524e-01,-4.373991883330636196e-06,6.814261110547019260e-07,-9.367642367662401313e-07,5.822590677430866088e-06,0.000000000000000000e+00
1.104499999999999993e+01,5.000031340450822315e-01,-4.343873453672646841e-06,6.767582624742383169e-07,-9.303824134186432436e-07,5.782673184058610287e-06,0.000000000000000000e+00
1.105000000000000071e+01,5.000031124005803740e-01,-4.313961619860238523e-06,6.721222149830384834e-07,-9.240437527179185102e-07,5.743027927191560829e-06,0.000000000000000000e+00
1.105499999999999972e+01,5.000030909051240702e-01,-4.284254971879386249e-06,6.675177534914086917e-07,-9.177479655672275234e-07,5.703653062928246790e-06,0.000000000000000000e+00
1.106000000000000050e+01,5.000030695576910267e-01,-4.254752109275591625e-06,6.629446643503579834e-07,-9.114947647802294054e-07,5.664546759853558952e-06,0.000000000000000000e+00
1.106499999999999950e+01,5.000030483572657225e-01,-4.225451641089139046e-06,6.584027353420748789e-07,-9.052838650697102376e-07,5.625707198720494108e-06,0.000000000000000000e+00
1.107000000000000028e+01,5.000030273028396310e-01,-4.196352185791896023e-06,6.538917556704639012e-07,-8.991149830340417570e-07,5.587132572530824790e-06,0.000000000000000000e+00
1.107500000000000107e+01,5.000030063934111091e-01,-4.167452371223805199e-06,6.494115159517491221e-07,-8.929878371451929811e-07,5.548821086415791289e-06,0.000000000000000000e+00
1.108000000000000007e+01,5.000029856279853968e-01,-4.138750834529567785e-06,6.449618082051347768e-07,-8.869021477372718639e-07,5.510770957580908142e-06,0.000000000000000000e+00
1.108500000000000085e+01,5.000029650055745067e-01,-4.110246222096530636e-06,6.405424258435259124e-07,-8.808576369935753267e-07,5.472980415190764260e-06,0.000000000000000000e+00
1.108999999999999986e+01,5.000029445251972238e-01,-4.081937189492129480e-06,6.361531636643110805e-07,-8.748540289354299167e-07,5.435447700314069975e-06,0.000000000000000000e+00
1.109500000000000064e+01,5.000029241858788831e-01,-4.053822401402201201e-06,6.317938178402026296e-07,-8.688910494102047029e-07,5.398171065741312868e-06,0.000000000000000000e+00
1.109999999999999964e+01,5.000029039866517033e-01,-4.025900531570276140e-06,6.274641859101380887e-07,-8.629684260782497098e-07,5.361148776132699696e-06,0.000000000000000000e+00
1.110500000000000043e+01,5.000028839265542313e-01,-3.998170262736085202e-06,6.231640667702427488e-07,-8.570858884023014416e-07,5.324379107636877216e-06,0.000000000000000000e+00
1.110999999999999943e+01,5.000028640046318973e-01,-3.970630286575671231e-06,6.188932606648496321e-07,-8.512431676345580062e-07,5.287860348170088837e-06,0.000000000000000000e+00
1.111500000000000021e+01,5.000028442199363488e-01,-3.943279303640047737e-06,6.146515691775751522e-07,-8.454399968075438651e-07,5.251590796966068928e-06,0.000000000000000000e+00
1.112000000000000099e+01,5.000028245715260056e-01,-3.916116023297283018e-06,6.104387952224551266e-07,-8.396761107189918830e-07,5.215568764863258147e-06,0.000000000000000000e+00
1.112500000000000000e+01,5.000028050584653938e-01,-3.889139163671549357e-06,6.062547430351393394e-07,-8.339512459236637430e-07,5.179792573852848674e-06,0.000000000000000000e+00
1.113000000000000078e+01,5.000027856798257009e-01,-3.862347451585404511e-06,6.020992181641413735e-07,-8.282651407195649083e-07,5.144260557362869752e-06,0.000000000000000000e+00
1.113499999999999979e+01,5.000027664346843315e-01,-3.835739622500534976e-06,5.979720274621461470e-07,-8.226175351380920414e-07,5.108971059943109212e-06,0.000000000000000000e+00
1.114000000000000057e+01,5.000027473221250185e-01,-3.809314420460091675e-06,5.938729790773739881e-07,-8.170081709318505523e-07,5.073922437284212377e-06,0.000000000000000000e+00
1.114499999999999957e+01,5.000027283412378232e-01,-3.783070598030439511e-06,5.898018824449998745e-07,-8.114367915644819448e-07,5.039113056165707270e-06,0.000000000000000000e+00
1.115000000000000036e+01,5.000027094911188019e-01,-3.757006916244290529e-06,5.857585482786286814e-07,-8.059031421985661742e-07,5.004541294214888216e-06,0.000000000000000000e+00
1.115499999999999936e+01,5.000026907708704504e-01,-3.731122144543780346e-06,5.817427885618283465e-07,-8.004069696844703528e-07,4.970205540120056388e-06,0.000000000000000000e+00
1.116000000000000014e+01,5.000026721796012596e-01,-3.705415060723237517e-06,5.777544165397154445e-07,-7.949480225506401638e-07,4.936104193317669879e-06,0.000000000000000000e+00
1.116500000000000092e+01,5.000026537164257157e-01,-3.679884450873874405e-06,5.737932467105959248e-07,-7.895260509908720271e-07,4.902235663950559570e-06,0.000000000000000000e+00
1.116999999999999993e+01,5.000026353804646329e-01,-3.654529109327590355e-06,5.698590948176646121e-07,-7.841408068541727381e-07,4.868598373014370113e-06,0.000000000000000000e+00
1.117500000000000071e+01,5.000026171708445988e-01,-3.629347838600890913e-06,5.659517778407523529e-07,-7.787920436352074775e-07,4.835190751980468488e-06,0.000000000000000000e+00
1.117999999999999972e+01,5.000025990866981962e-01,-3.604339449340307987e-06,5.620711139881277952e-07,-7.734795164625438405e-07,4.802011242883178228e-06,0.000000000000000000e+00
1.118500000000000050e+01,5.000025811271640030e-01,-3.579502760268096566e-06,5.582169226883560252e-07,-7.682029820871510356e-07,4.769058298276221603e-06,0.000000000000000000e+00
1.118999999999999950e+01,5.000025632913863705e-01,-3.554836598127125909e-06,5.543890245822098265e-07,-7.629621988733035979e-07,4.736330381051623124e-06,0.000000000000000000e+00
1.119500000000000028e+01,5.000025455785157558e-01,-3.530339797627685452e-06,5.505872415146335609e-07,-7.577569267864435125e-07,4.703825964594942732e-06,0.000000000000000000e+00
1.120000000000000107e+01,5.000025279877080564e-01,-3.506011201392547521e-06,5.468113965267561770e-07,-7.525869273853223958e-07,4.671543532340189629e-06,0.000000000000000000e+00
1.120500000000000007e+01,5.000025105181252760e-01,-3.481849659905084874e-06,5.430613138479586404e-07,-7.474519638088060988e-07,4.639481578125151756e-06,0.000000000000000000e+00
1.121000000000000085e+01,5.000024931689349694e-01,-3.457854031455155875e-06,5.393368188879928224e-07,-7.423518007679268908e-07,4.607638605812891491e-06,0.000000000000000000e+00
1.121499999999999986e+01,5.000024759393103535e-01,-3.434023182087307593e-06,5.356377382291504678e-07,-7.372862045340657619e-07,4.576013129317424307e-06,0.000000000000000000e+00
1.122000000000000064e+01,5.000024588284304183e-01,-3.410355985548364783e-06,5.319638996184852095e-07,-7.322549429291294876e-07,4.544603672623644369e-06,0.000000000000000000e+00
1.122499999999999964e+01,5.000024418354795941e-01,-3.386851323235427148e-06,5.283151319600862511e-07,-7.272577853156749658e-07,4.513408769546910329e-06,0.000000000000000000e+00
1.123000000000000043e+01,5.000024249596480841e-01,-3.363508084144620035e-06,5.246912653074003316e-07,-7.222945025862765182e-07,4.482426963886977471e-06,0.000000000000000000e+00
1.123499999999999943e+01,5.000024082001315318e-01,-3.340325164819303875e-06,5.210921308556040870e-07,-7.173648671547332647e-07,4.451656809185105927e-06,0.000000000000000000e+00
1.124000000000000021e+01,5.000023915561310206e-01,-3.317301469299642690e-06,5.175175609340252238e-07,-7.124686529452961347e-07,4.421096868683622481e-06,0.000000000000000000e+00
1.124500000000000099e+01,5.000023750268531852e-01,-3.294435909072233157e-06,5.139673889986147247e-07,-7.076056353825232715e-07,4.390745715349280891e-06,0.000000000000000000e+00
1.125000000000000000e+01,5.000023586115101004e-01,-3.271727403019655331e-06,5.104414496244696657e-07,-7.027755913820210091e-07,4.360601931763810829e-06,0.000000000000000000e+00
1.125500000000000078e+01,5.000023423093191699e-01,-3.249174877370642963e-06,5.069395784984015609e-07,-6.979782993406826643e-07,4.330664110016449732e-06,0.000000000000000000e+00
1.125999999999999979e+01,5.000023261195031266e-01,-3.226777265650314387e-06,5.034616124115529877e-07,-6.932135391275262875e-07,4.300930851660329074e-06,0.000000000000000000e+00
1.126500000000000057e+01,5.000023100412900323e-01,-3.204533508631682003e-06,5.000073892520648225e-07,-6.884810920727048337e-07,4.271400767675127838e-06,0.000000000000000000e+00
1.126999999999999957e+01,5.000022940739132782e-01,-3.182442554286529866e-06,4.965767479977930285e-07,-6.837807409584919317e-07,4.242072478423961076e-06,0.000000000000000000e+00
1.127500000000000036e+01,5.000022782166114732e-01,-3.160503357736565305e-06,4.931695287090699116e-07,-6.791122700104311313e-07,4.212944613544947840e-06,0.000000000000000000e+00
1.127999999999999936e+01,5.000022624686284445e-01,-3.138714881205245185e-06,4.897855725215117519e-07,-6.744754648878477577e-07,4.184015811910435857e-06,0.000000000000000000e+00
1.128500000000000014e+01,5.000022468292131261e-01,-3.117076093970127347e-06,4.864247216388742929e-07,-6.698701126740098827e-07,4.155284721522584390e-06,0.000000000000000000e+00
1.129000000000000092e+01,5.000022312976196703e-01,-3.095585972315472333e-06,4.830868193259572521e-07,-6.652960018664912073e-07,4.126749999539292769e-06,0.000000000000000000e+00
1.129499999999999993e+01,5.000022158731073363e-01,-3.074243499484491906e-06,4.797717099015540422e-07,-6.607529223689299605e-07,4.098410312165656500e-06,0.000000000000000000e+00
1.130000000000000071e+01,5.000022005549402682e-01,-3.053047665632683040e-06,4.764792387314445327e-07,-6.562406654813069729e-07,4.070264334485219672e-06,0.000000000000000000e+00
1.130499999999999972e+01,5.000021853423879392e-01,-3.031997467781797185e-06,4.732092522214401675e-07,-6.517590238896433207e-07,4.042310750685152733e-06,0.000000000000000000e+00
1.131000000000000050e+01,5.000021702347245967e-01,-3.011091909771845262e-06,4.699615978104677298e-07,-6.473077916602978882e-07,4.014548253679942015e-06,0.000000000000000000e+00
1.131499999999999950e+01,5.000021552312294837e-01,-2.990330002217156137e-06,4.667361239637002221e-07,-6.428867642268431217e-07,3.986975545215750115e-06,0.000000000000000000e+00
1.132000000000000028e+01,5.000021403311868395e-01,-2.969710762459403982e-06,4.635326801657368221e-07,-6.384957383836694014e-07,3.959591335823542792e-06,0.000000000000000000e+00
1.132500000000000107e+01,5.000021255338857884e-01,-2.949233214522599064e-06,4.603511169138238654e-07,-6.341345122763288655e-07,3.932394344717625429e-06,0.000000000000000000e+00
1.133000000000000007e+01,5.000021108386202284e-01,-2.928896389067856185e-06,4.571912857111190818e-07,-6.298028853929904365e-07,3.905383299691072580e-06,0.000000000000000000e+00
1.133500000000000085e+01,5.000020962446889428e-01,-2.908699323349007616e-06,4.540530390600032634e-07,-6.255006585548621015e-07,3.878556937145419017e-06,0.000000000000000000e+00
1.133999999999999986e+01,5.000020817513955995e-01,-2.888641061167784887e-06,4.509362304554349739e-07,-6.212276339081287469e-07,3.851914002050722972e-06,0.000000000000000000e+00
1.134500000000000064e+01,5.000020673580485298e-01,-2.868720652829457977e-06,4.478407143783470798e-07,-6.169836149156285775e-07,3.825453247776329803e-06,0.000000000000000000e+00
1.134999999999999964e+01,5.000020530639608385e-01,-2.848937155099127997e-06,4.447663462890852624e-07,-6.127684063478640852e-07,3.799173436119901506e-06,0.000000000000000000e+00
1.135500000000000043e+01,5.000020388684502937e-01,-2.829289631158388315e-06,4.417129826208922171e-07,-6.085818142739179382e-07,3.773073337206707040e-06,0.000000000000000000e+00
1.135999999999999943e+01,5.000020247708394372e-01,-2.809777150561614703e-06,4.386804807734351566e-07,-6.044236460537528161e-07,3.747151729515468688e-06,0.000000000000000000e+00
1.136500000000000021e+01,5.000020107704552519e-01,-2.790398789192851350e-06,4.356686991063712198e-07,-6.002937103299471216e-07,3.721407399645302215e-06,0.000000000000000000e+00
1.137000000000000099e+01,5.000019968666294945e-01,-2.771153629223802269e-06,4.326774969329593606e-07,-5.961918170178506573e-07,3.695839142479664326e-06,0.000000000000000000e+00
1.137500000000000000e+01,5.000019830586984737e-01,-2.752040759070704612e-06,4.297067345137134245e-07,-5.921177772986011569e-07,3.670445761015386694e-06,0.000000000000000000e+00
1.138000000000000078e+01,5.000019693460029391e-01,-2.733059273352529289e-06,4.267562730500962525e-07,-5.880714036101082547e-07,3.645226066263780202e-06,0.000000000000000000e+00
1.138499999999999979e+01,5.000019557278883031e-01,-2.714208272848802963e-06,4.238259746782553967e-07,-5.840525096394085897e-07,3.620178877343564621e-06,0.000000000000000000e+00
1.139000000000000057e+01,5.000019422037043082e-01,-2.695486864458082682e-06,4.209157024627976923e-07,-5.800609103143313191e-07,3.595303021250077544e-06,0.000000000000000000e+00
1.139499999999999957e+01,5.000019287728051376e-01,-2.676894161156792194e-06,4.180253203906061819e-07,-5.760964217950449412e-07,3.570597332886287227e-06,0.000000000000000000e+00
1.140000000000000036e+01,5.000019154345496375e-01,-2.658429281958751565e-06,4.151546933647021443e-07,-5.721588614648271774e-07,3.546060655162003016e-06,0.000000000000000000e+00
1.140499999999999936e+01,5.000019021883007619e-01,-2.640091351872714141e-06,4.123036871981413220e-07,-5.682480479254138084e-07,3.521691838622114705e-06,0.000000000000000000e+00
1.141000000000000014e+01,5.000018890334260169e-01,-2.621879501863475457e-06,4.094721686079489539e-07,-5.643638009858080984e-07,3.497489741683140886e-06,0.000000000000000000e+00
1.141500000000000092e+01,5.000018759692971271e-01,-2.603792868810941640e-06,4.066600052091000702e-07,-5.605059416557571591e-07,3.473453230398746512e-06,0.000000000000000000e+00
1.141999999999999993e+01,5.000018629952901472e-01,-2.585830595470258295e-06,4.038670655085360526e-07,-5.566742921377019604e-07,3.449581178491420234e-06,0.000000000000000000e+00
1.142500000000000071e+01,5.000018501107853508e-01,-2.567991830432360797e-06,4.010932188992220621e-07,-5.528686758184632783e-07,3.425872467254891973e-06,0.000000000000000000e+00
1.142999999999999972e+01,5.000018373151673412e-01,-2.550275728084414461e-06,3.983383356542433788e-07,-5.490889172617351834e-07,3.402325985584884450e-06,0.000000000000000000e+00
1.143500000000000050e+01,5.000018246078249406e-01,-2.532681448570477487e-06,3.956022869209405452e-07,-5.453348422007065365e-07,3.378940629879324231e-06,0.000000000000000000e+00
1.143999999999999950e+01,5.000018119881511902e-01,-2.515208157752739459e-06,3.928849447150801390e-07,-5.416062775301050201e-07,3.355715304005960511e-06,0.000000000000000000e+00
1.144500000000000028e+01,5.000017994555431278e-01,-2.497855027172567148e-06,3.901861819150662023e-07,-5.379030512991975759e-07,3.332648919136861225e-06,0.000000000000000000e+00
1.145000000000000107e+01,5.000017870094020100e-01,-2.480621234012458336e-06,3.875058722561877765e-07,-5.342249927035403035e-07,3.309740393848211738e-06,0.000000000000000000e+00
1.145500000000000007e+01,5.000017746491332016e-01,-2.463505961058274306e-06,3.848438903249072533e-07,-5.305719320767352420e-07,3.286988654024764029e-06,0.000000000000000000e+00
1.146000000000000085e+01,5.000017623741461747e-01,-2.446508396660803185e-06,3.822001115531871595e-07,-5.269437008840796343e-07,3.264392632823928419e-06,0.000000000000000000e+00
1.146499999999999986e+01,5.000017501838543987e-01,-2.429627734698105938e-06,3.795744122128493943e-07,-5.233401317152081759e-07,3.241951270578076789e-06,0.000000000000000000e+00
1.147000000000000064e+01,5.000017380776753395e-01,-2.412863174538281226e-06,3.769666694099728472e-07,-5.197610582764497064e-07,3.219663514763375164e-06,0.000000000000000000e+00
1.147499999999999964e+01,5.000017260550304599e-01,-2.396213921002507241e-06,3.743767610793291861e-07,-5.162063153831740559e-07,3.197528319969041912e-06,0.000000000000000000e+00
1.148000000000000043e+01,5.000017141153452194e-01,-2.379679184328496466e-06,3.718045659788574492e-07,-5.126757389518610634e-07,3.175544647867879475e-06,0.000000000000000000e+00
1.148499999999999943e+01,5.000017022580490744e-01,-2.363258180132953060e-06,3.692499636841718835e-07,-5.091691659946997887e-07,3.153711467179099362e-06,0.000000000000000000e+00
1.149000000000000021e+01,5.000016904825752562e-01,-2.346950129375681109e-06,3.667128345831041409e-07,-5.056864346114294677e-07,3.132027753509684735e-06,0.000000000000000000e+00
1.149500000000000099e+01,5.000016787883608815e-01,-2.330754258323622990e-06,3.641930598702838029e-07,-5.022273839818483532e-07,3.110492489389783259e-06,0.000000000000000000e+00
1.150000000000000000e+01,5.000016671748469532e-01,-2.314669798514899439e-06,3.616905215417562269e-07,-4.987918543588505741e-07,3.089104664241580333e-06,0.000000000000000000e+00
1.150500000000000078e+01,5.000016556414784707e-01,-2.298695986723472606e-06,3.592051023896352274e-07,-4.953796870607470414e-07,3.067863274415995524e-06,0.000000000000000000e+00
1.150999999999999979e+01,5.000016441877039863e-01,-2.282832064922531784e-06,3.567366859967884738e-07,-4.919907244666562118e-07,3.046767322893727370e-06,0.000000000000000000e+00
1.151500000000000057e+01,5.000016328129759380e-01,-2.267077280250542633e-06,3.542851567315565576e-07,-4.886248100070943991e-07,3.025815819458547850e-06,0.000000000000000000e+00
1.151999999999999957e+01,5.000016215167505385e-01,-2.251430884975989440e-06,3.518503997425119756e-07,-4.852817881576941778e-07,3.005007780600133729e-06,0.000000000000000000e+00
1.152500000000000036e+01,5.000016102984876643e-01,-2.235892136462471848e-06,3.494323009532494014e-07,-4.819615044327242632e-07,2.984342229417808464e-06,0.000000000000000000e+00
1.152999999999999936e+01,5.000015991576509666e-01,-2.220460297134550374e-06,3.470307470572112666e-07,-4.786638053776247162e-07,2.963818195658247452e-06,0.000000000000000000e+00
1.153500000000000014e+01,5.000015880937077606e-01,-2.205134634443047705e-06,3.446456255125473829e-07,-4.753885385631320815e-07,2.943434715617988771e-06,0.000000000000000000e+00
1.154000000000000092e+01,5.000015771061289138e-01,-2.189914420831184742e-06,3.422768245370047919e-07,-4.721355525782437731e-07,2.923190832049872466e-06,0.000000000000000000e+00
1.154499999999999993e+01,5.000015661943890688e-01,-2.174798933701104589e-06,3.399242331028555733e-07,-4.689046970229005036e-07,2.903085594266534418e-06,0.000000000000000000e+00
1.155000000000000071e+01,5.000015553579663097e-01,-2.159787455379992928e-06,3.375877409318571046e-07,-4.656958225019752622e-07,2.883118057913822915e-06,0.000000000000000000e+00
1.155499999999999972e+01,5.000015445963423844e-01,-2.144879273087213142e-06,3.352672384902462025e-07,-4.625087806177221746e-07,2.863287285075682933e-06,0.000000000000000000e+00
1.156000000000000050e+01,5.000015339090025934e-01,-2.130073678900426691e-06,3.329626169837647628e-07,-4.593434239647492568e-07,2.843592344175586906e-06,0.000000000000000000e+00
1.156499999999999950e+01,5.000015232954357902e-01,-2.115369969723676484e-06,3.306737683527190171e-07,-4.561996061215470265e-07,2.824032309954452582e-06,0.000000000000000000e+00
1.157000000000000028e+01,5.000015127551342697e-01,-2.100767447253631351e-06,3.284005852670715599e-07,-4.530771816461817115e-07,2.804606263370464856e-06,0.000000000000000000e+00
1.157500000000000107e+01,5.000015022875938797e-01,-2.086265417947942581e-06,3.261429611215627027e-07,-4.499760060682397013e-07,2.785313291641501539e-06,0.000000000000000000e+00
1.158000000000000007e+01,5.000014918923137985e-01,-2.071863192992697531e-06,3.239007900308680931e-07,-4.468959358830599942e-07,2.766152488084971277e-06,0.000000000000000000e+00
1.158500000000000085e+01,5.000014815687967573e-01,-2.057560088270484789e-06,3.216739668247859791e-07,-4.438368285452127318e-07,2.747122952221301505e-06,0.000000000000000000e+00
1.158999999999999986e+01,5.000014713165488178e-01,-2.043355424328588087e-06,3.194623870434566082e-07,-4.407985424621940973e-07,2.728223789616067591e-06,0.000000000000000000e+00
1.159500000000000064e+01,5.000014611350794835e-01,-2.029248526347773559e-06,3.172659469326151904e-07,-4.377809369873991185e-07,2.709454111920488639e-06,0.000000000000000000e+00
1.159999999999999964e+01,5.000014510239016996e-01,-2.015238724110122398e-06,3.150845434388748770e-07,-4.347838724154691805e-07,2.690813036839461313e-06,0.000000000000000000e+00
1.160500000000000043e+01,5.000014409825315198e-01,-2.001325351968029445e-06,3.129180742050358396e-07,-4.318072099757704016e-07,2.672299687909942557e-06,0.000000000000000000e+00
1.160999999999999943e+01,5.000014310104885507e-01,-1.987507748813981905e-06,3.107664375654311416e-07,-4.288508118247673718e-07,2.653913194740007705e-06,0.000000000000000000e+00
1.161500000000000021e+01,5.000014211072955073e-01,-1.973785258049037859e-06,3.086295325413027854e-07,-4.259145410414536751e-07,2.635652692716520778e-06,0.000000000000000000e+00
1.162000000000000099e+01,5.000014112724785464e-01,-1.960157227552862054e-06,3.065072588362068231e-07,-4.229982616201221984e-07,2.617517323178242181e-06,0.000000000000000000e+00
1.162500000000000000e+01,5.000014015055669336e-01,-1.946623009652860444e-06,3.043995168314495434e-07,-4.201018384653828836e-07,2.599506233190640338e-06,0.000000000000000000e+00
1.163000000000000078e+01,5.000013918060931539e-01,-1.933181961094325241e-06,3.023062075815525097e-07,-4.172251373856082282e-07,2.581618575586939752e-06,0.000000000000000000e+00
1.163499999999999979e+01,5.000013821735930231e-01,-1.919833443010961985e-06,3.002272328097508452e-07,-4.143680250860601950e-07,2.563853509010545503e-06,0.000000000000000000e+00
1.164000000000000057e+01,5.000013726076055764e-01,-1.906576820894252780e-06,2.981624949035183571e-07,-4.115303691647787140e-07,2.546210197818458192e-06,0.000000000000000000e+00
1.164499999999999957e+01,5.000013631076727361e-01,-1.893411464564038209e-06,2.961118969101203497e-07,-4.087120381064780695e-07,2.528687811860737908e-06,0.000000000000000000e+00
1.165000000000000036e+01,5.000013536733398656e-01,-1.880336748140425487e-06,2.940753425321991530e-07,-4.059129012742200888e-07,2.511285526789363774e-06,0.000000000000000000e+00
1.165499999999999936e+01,5.000013443041552152e-01,-1.867352050012686886e-06,2.920527361233891919e-07,-4.031328289075397653e-07,2.494002523694479043e-06,0.000000000000000000e+00
1.166000000000000014e+01,5.000013349996703660e-01,-1.854456752812366450e-06,2.900439826839579958e-07,-4.003716921125852117e-07,2.476837989353349747e-06,0.000000000000000000e+00
1.166500000000000092e+01,5.000013257594397853e-01,-1.841650243382819199e-06,2.880489878564789725e-07,-3.976293628598149486e-07,2.459791115933784156e-06,0.000000000000000000e+00
1.166999999999999993e+01,5.000013165830210493e-01,-1.828931912751465932e-06,2.860676579215287448e-07,-3.949057139766906566e-07,2.442861101105062759e-06,0.000000000000000000e+00
1.167500000000000071e+01,5.000013074699747317e-01,-1.816301156101607574e-06,2.840998997934161460e-07,-3.922006191416705487e-07,2.426047147949355556e-06,0.000000000000000000e+00
1.167999999999999972e+01,5.000012984198645150e-01,-1.803757372744135116e-06,2.821456210159422377e-07,-3.895139528788266872e-07,2.409348465001997200e-06,0.000000000000000000e+00
1.168500000000000050e+01,5.000012894322570789e-01,-1.791299966089309025e-06,2.802047297581830918e-07,-3.868455905527419279e-07,2.392764266160543617e-06,0.000000000000000000e+00
1.168999999999999950e+01,5.000012805067218791e-01,-1.778928343618713132e-06,2.782771348103017413e-07,-3.841954083634675332e-07,2.376293770528688819e-06,0.000000000000000000e+00
1.169500000000000028e+01,5.000012716428315906e-01,-1.766641916858808781e-06,2.763627455793893023e-07,-3.815632833386904462e-07,2.359936202660806700e-06,0.000000000000000000e+00
1.170000000000000107e+01,5.000012628401616643e-01,-1.754440101351953811e-06,2.744614720853328288e-07,-3.789490933313779574e-07,2.343690792267424136e-06,0.000000000000000000e+00
1.170500000000000007e+01,5.000012540982905485e-01,-1.742322316630324528e-06,2.725732249567087918e-07,-3.763527170120189882e-07,2.327556774329515790e-06,0.000000000000000000e+00
1.171000000000000085e+01,5.000012454167994669e-01,-1.730287986188042179e-06,2.706979154267045095e-07,-3.737740338648607769e-07,2.311533388939441073e-06,0.000000000000000000e+00
1.171499999999999986e+01,5.000012367952725301e-01,-1.718336537455374234e-06,2.688354553290676357e-07,-3.712129241803917787e-07,2.295619881349797188e-06,0.000000000000000000e+00
1.172000000000000064e+01,5.000012282332968461e-01,-1.706467401771130009e-06,2.669857570940850825e-07,-3.686692690518325140e-07,2.279815502009906346e-06,0.000000000000000000e+00
1.172499999999999964e+01,5.000012197304622985e-01,-1.694680014356343985e-06,2.651487337445826960e-07,-3.661429503694459954e-07,2.264119506413588700e-06,0.000000000000000000e+00
1.173000000000000043e+01,5.000012112863614355e-01,-1.682973814287923128e-06,2.633242988919527770e-07,-3.636338508153092050e-07,2.248531155011025602e-06,0.000000000000000000e+00
1.173499999999999943e+01,5.000012029005898029e-01,-1.671348244473064172e-06,2.615123667322121490e-07,-3.611418538569338773e-07,2.233049713385591281e-06,0.000000000000000000e+00
1.174000000000000021e+01,5.000011945727456109e-01,-1.659802751622430832e-06,2.597128520420827774e-07,-3.586668437437536950e-07,2.217674452030312803e-06,0.000000000000000000e+00
1.174500000000000099e+01,5.000011863024297343e-01,-1.648336786224663409e-06,2.579256701750970067e-07,-3.562087055013276189e-07,2.202404646327530270e-06,0.000000000000000000e+00
1.175000000000000000e+01,5.000011780892460456e-01,-1.636949802521584016e-06,2.561507370577340841e-07,-3.537673249245354607e-07,2.187239576727854128e-06,0.000000000000000000e+00
1.175500000000000078e+01,5.000011699328009707e-01,-1.625641258481141926e-06,2.543879691855780710e-07,-3.513425885756694644e-07,2.172178528457053228e-06,0.000000000000000000e+00
1.175999999999999979e+01,5.000011618327036000e-01,-1.614410615773122992e-06,2.526372836194984656e-07,-3.489343837773727518e-07,2.157220791565694766e-06,0.000000000000000000e+00
1.176500000000000057e+01,5.000011537885657997e-01,-1.603257339744190343e-06,2.508985979818622186e-07,-3.465425986072911035e-07,2.142365660973722360e-06,0.000000000000000000e+00
1.176999999999999957e+01,5.000011458000021003e-01,-1.592180899392489696e-06,2.491718304527687248e-07,-3.441671218939627311e-07,2.127612436380834034e-06,0.000000000000000000e+00
1.177500000000000036e+01,5.000011378666295858e-01,-1.581180767342641984e-06,2.474568997663064138e-07,-3.418078432123042807e-07,2.112960422178311167e-06,0.000000000000000000e+00
1.177999999999999936e+01,5.000011299880681159e-01,-1.570256419822042736e-06,2.457537252068381929e-07,-3.394646528768482267e-07,2.098408927564025667e-06,0.000000000000000000e+00
1.178500000000000014e+01,5.000011221639399928e-01,-1.559407336635161827e-06,2.440622266053093363e-07,-3.371374419393420634e-07,2.083957266317618366e-06,0.000000000000000000e+00
1.179000000000000092e+01,5.000011143938701830e-01,-1.548633001140391739e-06,2.423823243355794091e-07,-3.348261021816124229e-07,2.069604756917112586e-06,0.000000000000000000e+00
1.179499999999999993e+01,5.000011066774862067e-01,-1.537932900225688586e-06,2.407139393107818257e-07,-3.325305261112021673e-07,2.055350722451325852e-06,0.000000000000000000e+00
1.180000000000000071e+01,5.000010990144182488e-01,-1.527306524284313517e-06,2.390569929797068067e-07,-3.302506069571626462e-07,2.041194490662519695e-06,0.000000000000000000e+00
1.180499999999999972e+01,5.000010914042989363e-01,-1.516753367190753683e-06,2.374114073232045073e-07,-3.279862386658392320e-07,2.027135393793460227e-06,0.000000000000000000e+00
1.181000000000000050e+01,5.000010838467634500e-01,-1.506272926277822281e-06,2.357771048506134227e-07,-3.257373158946531974e-07,2.013172768636839977e-06,0.000000000000000000e+00
1.181499999999999950e+01,5.000010763414494130e-01,-1.495864702312622932e-06,2.341540085962140998e-07,-3.235037340085005554e-07,1.999305956446197126e-06,0.000000000000000000e+00
1.182000000000000028e+01,5.000010688879968912e-01,-1.485528199473699913e-06,2.325420421157059303e-07,-3.212853890741298251e-07,1.985534302918673307e-06,0.000000000000000000e+00
1.182500000000000107e+01,5.000010614860486147e-01,-1.475262925327594822e-06,2.309411294827087982e-07,-3.190821778560475267e-07,1.971857158303731129e-06,0.000000000000000000e+00
1.183000000000000007e+01,5.000010541352496451e-01,-1.465068390805983678e-06,2.293511952852856393e-07,-3.168939978116080385e-07,1.958273877188353400e-06,0.000000000000000000e+00
1.183500000000000085e+01,5.000010468352475979e-01,-1.454944110182363186e-06,2.277721646224878174e-07,-3.147207470873427669e-07,1.944783818604820019e-06,0.000000000000000000e+00
1.183999999999999986e+01,5.000010395856923084e-01,-1.444889601049717444e-06,2.262039631009224701e-07,-3.125623245136678849e-07,1.931386345817545786e-06,0.000000000000000000e+00
1.184500000000000064e+01,5.000010323862361661e-01,-1.434904384297996817e-06,2.246465168313446044e-07,-3.104186296003029958e-07,1.918080826499453413e-06,0.000000000000000000e+00
1.184999999999999964e+01,5.000010252365337804e-01,-1.424987984091690625e-06,2.230997524252711351e-07,-3.082895625318343744e-07,1.904866632516581302e-06,0.000000000000000000e+00
1.185500000000000043e+01,5.000010181362424255e-01,-1.415139927848086555e-06,2.215635969916212346e-07,-3.061750241622371518e-07,1.891743140173046746e-06,0.000000000000000000e+00
1.185999999999999943e+01,5.000010110850213740e-01,-1.405359746213675295e-06,2.200379781333724324e-07,-3.040749160134343010e-07,1.878709729790814671e-06,0.000000000000000000e+00
1.186500000000000021e+01,5.000010040825325630e-01,-1.395646973044235937e-06,2.185228239442417542e-07,-3.019891402668224426e-07,1.865765786095001069e-06,0.000000000000000000e+00
1.187000000000000099e+01,5.000009971284400390e-01,-1.386001145381528807e-06,2.170180630053925112e-07,-2.999175997619059513e-07,1.852910697859217543e-06,0.000000000000000000e+00
1.187500000000000000e+01,5.000009902224102909e-01,-1.376421803432008470e-06,2.155236243821558588e-07,-2.978601979912132759e-07,1.840143858084764735e-06,0.000000000000000000e+00
1.188000000000000078e+01,5.000009833641120283e-01,-1.366908490545472784e-06,2.140394376207780050e-07,-2.958168390956617102e-07,1.827464663852433108e-06,0.000000000000000000e+00
1.188499999999999979e+01,5.000009765532161810e-01,-1.357460753193601833e-06,2.125654327451875354e-07,-2.937874278604614066e-07,1.814872516303289272e-06,0.000000000000000000e+00
1.189000000000000057e+01,5.000009697893960103e-01,-1.348078140949180423e-06,2.111015402537875937e-07,-2.917718697099658921e-07,1.802366820688325884e-06,0.000000000000000000e+00
1.189499999999999957e+01,5.000009630723269982e-01,-1.338760206464464016e-06,2.096476911162672791e-07,-2.897700707045515458e-07,1.789946986281351929e-06,0.000000000000000000e+00
1.190000000000000036e+01,5.000009564016868469e-01,-1.329506505450645800e-06,2.082038167704352255e-07,-2.877819375356058644e-07,1.777612426363347389e-06,0.000000000000000000e+00
1.190499999999999936e+01,5.000009497771555900e-01,-1.320316596656667950e-06,2.067698491190723442e-07,-2.858073775221373177e-07,1.765362558267123687e-06,0.000000000000000000e+00
1.191000000000000014e+01,5.000009431984152597e-01,-1.311190041848666682e-06,2.053457205268039703e-07,-2.838462986064237178e-07,1.753196803164169119e-06,0.000000000000000000e+00
1.191500000000000092e+01,5.000009366651502196e-01,-1.302126405789893967e-06,2.039313638169967567e-07,-2.818986093490154125e-07,1.741114586245351898e-06,0.000000000000000000e+00
1.191999999999999993e+01,5.000009301770470538e-01,-1.293125256219841137e-06,2.025267122686755009e-07,-2.799642189256364151e-07,1.729115336634785374e-06,0.000000000000000000e+00
1.192500000000000071e+01,5.000009237337942336e-01,-1.284186163833803793e-06,2.011316996134557744e-07,-2.780430371235058994e-07,1.717198487175146470e-06,0.000000000000000000e+00
1.192999999999999972e+01,5.000009173350826730e-01,-1.275308702264068350e-06,1.997462600325027826e-07,-2.761349743347140315e-07,1.705363474744624197e-06,0.000000000000000000e+00
1.193500000000000050e+01,5.000009109806051733e-01,-1.266492448058262519e-06,1.983703281535093105e-07,-2.742399415555694365e-07,1.693609739902660608e-06,0.000000000000000000e+00
1.193999999999999950e+01,5.000009046700568671e-01,-1.257736980660856311e-06,1.970038390476910850e-07,-2.723578503799406200e-07,1.681936727142077783e-06,0.000000000000000000e+00
1.194500000000000028e+01,5.000008984031347747e-01,-1.249041882392491898e-06,1.956467282268040277e-07,-2.704886129972322471e-07,1.670343884604783080e-06,0.000000000000000000e+00
1.195000000000000107e+01,5.000008921795381367e-01,-1.240406738431234109e-06,1.942989316401802218e-07,-2.686321421868133070e-07,1.658830664265616997e-06,0.000000000000000000e+00
1.195500000000000007e+01,5.000008859989681920e-01,-1.231831136792599094e-06,1.929603856717859290e-07,-2.667883513151780174e-07,1.647396521781556110e-06,0.000000000000000000e+00
1.196000000000000085e+01,5.000008798611281780e-01,-1.223314668310290886e-06,1.916310271372949046e-07,-2.649571543319785868e-07,1.636040916475079040e-06,0.000000000000000000e+00
1.196499999999999986e+01,5.000008737657235525e-01,-1.214856926617875416e-06,1.903107932811872837e-07,-2.631384657644690488e-07,1.624763311453384012e-06,0.000000000000000000e+00
1.197000000000000064e+01,5.000008677124616607e-01,-1.206457508128371051e-06,1.889996217738642957e-07,-2.613322007164000963e-07,1.613563173387390333e-06,0.000000000000000000e+00
1.197499999999999964e+01,5.000008617010519574e-01,-1.198116012016440986e-06,1.876974507087799990e-07,-2.595382748619930238e-07,1.602439972632706135e-06,0.000000000000000000e+00
1.198000000000000043e+01,5.000008557312056734e-01,-1.189832040198476544e-06,1.864042185995943767e-07,-2.577566044444096689e-07,1.591393183010353989e-06,0.000000000000000000e+00
1.198499999999999943e+01,5.000008498026362602e-01,-1.181605197315683831e-06,1.851198643773449085e-07,-2.559871062684974686e-07,1.580422282062533563e-06,0.000000000000000000e+00
1.199000000000000021e+01,5.000008439150590567e-01,-1.173435090713897878e-06,1.838443273876408795e-07,-2.542296977003534497e-07,1.569526750830333708e-06,0.000000000000000000e+00
1.199500000000000099e+01,5.000008380681914000e-01,-1.165321330425882834e-06,1.825775473878687016e-07,-2.524842966621914732e-07,1.558706073907325502e-06,0.000000000000000000e+00
1.200000000000000000e+01,5.000008322617525147e-01,-1.157263529153006620e-06,1.813194645444210561e-07,-2.507508216287346159e-07,1.547959739358117912e-06,0.000000000000000000e+00
