time_s,x_m,v_m_s,theta_rad,omega_rad_s,controller_force_N,disturbance_N
0.000000000000000000e+00,0.000000000000000000e+00,0.000000000000000000e+00,0.000000000000000000e+00,0.000000000000000000e+00,0.000000000000000000e+00,0.000000000000000000e+00
5.000000000000000104e-03,0.000000000000000000e+00,0.000000000000000000e+00,0.000000000000000000e+00,0.000000000000000000e+00,0.000000000000000000e+00,0.000000000000000000e+00
1.000000000000000021e-02,0.000000000000000000e+00,0.000000000000000000e+00,0.000000000000000000e+00,0.000000000000000000e+00,0.000000000000000000e+00,0.000000000000000000e+00
1.499999999999999944e-02,0.000000000000000000e+00,0.000000000000000000e+00,0.000000000000000000e+00,0.000000000000000000e+00,0.000000000000000000e+00,0.000000000000000000e+00
2.000000000000000042e-02,0.000000000000000000e+00,0.000000000000000000e+00,0.000000000000000000e+00,0.000000000000000000e+00,0.000000000000000000e+00,0.000000000000000000e+00
2.500000000000000139e-02,0.000000000000000000e+00,0.000000000000000000e+00,0.000000000000000000e+00,0.000000000000000000e+00,0.000000000000000000e+00,0.000000000000000000e+00
2.999999999999999889e-02,0.000000000000000000e+00,0.000000000000000000e+00,0.000000000000000000e+00,0.000000000000000000e+00,0.000000000000000000e+00,0.000000000000000000e+00
3.500000000000000333e-02,0.000000000000000000e+00,0.000000000000000000e+00,0.000000000000000000e+00,0.000000000000000000e+00,0.000000000000000000e+00,0.000000000000000000e+00
4.000000000000000083e-02,0.000000000000000000e+00,0.000000000000000000e+00,0.000000000000000000e+00,0.000000000000000000e+00,0.000000000000000000e+00,0.000000000000000000e+00
4.499999999999999833e-02,0.000000000000000000e+00,0.000000000000000000e+00,0.000000000000000000e+00,0.000000000000000000e+00,0.000000000000000000e+00,0.000000000000000000e+00
5.000000000000000278e-02,0.000000000000000000e+00,0.000000000000000000e+00,0.000000000000000000e+00,0.000000000000000000e+00,0.000000000000000000e+00,0.000000000000000000e+00
5.500000000000000028e-02,0.000000000000000000e+00,0.000000000000000000e+00,0.000000000000000000e+00,0.000000000000000000e+00,0.000000000000000000e+00,0.000000000000000000e+00
5.999999999999999778e-02,0.000000000000000000e+00,0.000000000000000000e+00,0.000000000000000000e+00,0.000000000000000000e+00,0.000000000000000000e+00,0.000000000000000000e+00
6.500000000000000222e-02,0.000000000000000000e+00,0.000000000000000000e+00,0.000000000000000000e+00,0.000000000000000000e+00,0.000000000000000000e+00,0.000000000000000000e+00
7.000000000000000666e-02,0.000000000000000000e+00,0.000000000000000000e+00,0.000000000000000000e+00,0.000000000000000000e+00,0.000000000000000000e+00,0.000000000000000000e+00
7.499999999999999722e-02,0.000000000000000000e+00,0.000000000000000000e+00,0.000000000000000000e+00,0.000000000000000000e+00,0.000000000000000000e+00,0.000000000000000000e+00
8.000000000000000167e-02,0.000000000000000000e+00,0.000000000000000000e+00,0.000000000000000000e+00,0.000000000000000000e+00,0.000000000000000000e+00,0.000000000000000000e+00
8.500000000000000611e-02,0.000000000000000000e+00,0.000000000000000000e+00,0.000000000000000000e+00,0.000000000000000000e+00,0.000000000000000000e+00,0.000000000000000000e+00
8.999999999999999667e-02,0.000000000000000000e+00,0.000000000000000000e+00,0.000000000000000000e+00,0.000000000000000000e+00,0.000000000000000000e+00,0.000000000000000000e+00
9.500000000000000111e-02,0.000000000000000000e+00,0.000000000000000000e+00,0.000000000000000000e+00,0.000000000000000000e+00,0.000000000000000000e+00,0.000000000000000000e+00
1.000000000000000056e-01,0.000000000000000000e+00,0.000000000000000000e+00,0.000000000000000000e+00,0.000000000000000000e+00,0.000000000000000000e+00,0.000000000000000000e+00
1.049999999999999961e-01,0.000000000000000000e+00,0.000000000000000000e+00,0.000000000000000000e+00,0.000000000000000000e+00,0.000000000000000000e+00,0.000000000000000000e+00
1.100000000000000006e-01,0.000000000000000000e+00,0.000000000000000000e+00,0.000000000000000000e+00,0.000000000000000000e+00,0.000000000000000000e+00,0.000000000000000000e+00
1.150000000000000050e-01,0.000000000000000000e+00,0.000000000000000000e+00,0.000000000000000000e+00,0.000000000000000000e+00,0.000000000000000000e+00,0.000000000000000000e+00
1.199999999999999956e-01,0.000000000000000000e+00,0.000000000000000000e+00,0.000000000000000000e+00,0.000000000000000000e+00,0.000000000000000000e+00,0.000000000000000000e+00
1.250000000000000000e-01,0.000000000000000000e+00,0.000000000000000000e+00,0.000000000000000000e+00,0.000000000000000000e+00,0.000000000000000000e+00,0.000000000000000000e+00
1.300000000000000044e-01,0.000000000000000000e+00,0.000000000000000000e+00,0.000000000000000000e+00,0.000000000000000000e+00,0.000000000000000000e+00,0.000000000000000000e+00
1.350000000000000089e-01,0.000000000000000000e+00,0.000000000000000000e+00,0.000000000000000000e+00,0.000000000000000000e+00,0.000000000000000000e+00,0.000000000000000000e+00
1.400000000000000133e-01,0.000000000000000000e+00,0.000000000000000000e+00,0.000000000000000000e+00,0.000000000000000000e+00,0.000000000000000000e+00,0.000000000000000000e+00
1.449999999999999900e-01,0.000000000000000000e+00,0.000000000000000000e+00,0.000000000000000000e+00,0.000000000000000000e+00,0.000000000000000000e+00,0.000000000000000000e+00
1.499999999999999944e-01,0.000000000000000000e+00,0.000000000000000000e+00,0.000000000000000000e+00,0.000000000000000000e+00,0.000000000000000000e+00,0.000000000000000000e+00
1.549999999999999989e-01,0.000000000000000000e+00,0.000000000000000000e+00,0.000000000000000000e+00,0.000000000000000000e+00,0.000000000000000000e+00,0.000000000000000000e+00
1.600000000000000033e-01,0.000000000000000000e+00,0.000000000000000000e+00,0.000000000000000000e+00,0.000000000000000000e+00,0.000000000000000000e+00,0.000000000000000000e+00
1.650000000000000078e-01,0.000000000000000000e+00,0.000000000000000000e+00,0.000000000000000000e+00,0.000000000000000000e+00,0.000000000000000000e+00,0.000000000000000000e+00
1.700000000000000122e-01,0.000000000000000000e+00,0.000000000000000000e+00,0.000000000000000000e+00,0.000000000000000000e+00,0.000000000000000000e+00,0.000000000000000000e+00
1.750000000000000167e-01,0.000000000000000000e+00,0.000000000000000000e+00,0.000000000000000000e+00,0.000000000000000000e+00,0.000000000000000000e+00,0.000000000000000000e+00
1.799999999999999933e-01,0.000000000000000000e+00,0.000000000000000000e+00,0.000000000000000000e+00,0.000000000000000000e+00,0.000000000000000000e+00,0.000000000000000000e+00
1.849999999999999978e-01,0.000000000000000000e+00,0.000000000000000000e+00,0.000000000000000000e+00,0.000000000000000000e+00,0.000000000000000000e+00,0.000000000000000000e+00
1.900000000000000022e-01,0.000000000000000000e+00,0.000000000000000000e+00,0.000000000000000000e+00,0.000000000000000000e+00,0.000000000000000000e+00,0.000000000000000000e+00
1.950000000000000067e-01,0.000000000000000000e+00,0.000000000000000000e+00,0.000000000000000000e+00,0.000000000000000000e+00,0.000000000000000000e+00,0.000000000000000000e+00
2.000000000000000111e-01,0.000000000000000000e+00,0.000000000000000000e+00,0.000000000000000000e+00,0.000000000000000000e+00,0.000000000000000000e+00,0.000000000000000000e+00
2.050000000000000155e-01,0.000000000000000000e+00,0.000000000000000000e+00,0.000000000000000000e+00,0.000000000000000000e+00,0.000000000000000000e+00,0.000000000000000000e+00
2.099999999999999922e-01,0.000000000000000000e+00,0.000000000000000000e+00,0.000000000000000000e+00,0.000000000000000000e+00,0.000000000000000000e+00,0.000000000000000000e+00
2.149999999999999967e-01,0.000000000000000000e+00,0.000000000000000000e+00,0.000000000000000000e+00,0.000000000000000000e+00,0.000000000000000000e+00,0.000000000000000000e+00
2.200000000000000011e-01,0.000000000000000000e+00,0.000000000000000000e+00,0.000000000000000000e+00,0.000000000000000000e+00,0.000000000000000000e+00,0.000000000000000000e+00
2.250000000000000056e-01,0.000000000000000000e+00,0.000000000000000000e+00,0.000000000000000000e+00,0.000000000000000000e+00,0.000000000000000000e+00,0.000000000000000000e+00
2.300000000000000100e-01,0.000000000000000000e+00,0.000000000000000000e+00,0.000000000000000000e+00,0.000000000000000000e+00,0.000000000000000000e+00,0.000000000000000000e+00
2.350000000000000144e-01,0.000000000000000000e+00,0.000000000000000000e+00,0.000000000000000000e+00,0.000000000000000000e+00,0.000000000000000000e+00,0.000000000000000000e+00
2.399999999999999911e-01,0.000000000000000000e+00,0.000000000000000000e+00,0.000000000000000000e+00,0.000000000000000000e+00,0.000000000000000000e+00,0.000000000000000000e+00
2.449999999999999956e-01,0.000000000000000000e+00,0.000000000000000000e+00,0.000000000000000000e+00,0.000000000000000000e+00,0.000000000000000000e+00,0.000000000000000000e+00
2.500000000000000000e-01,0.000000000000000000e+00,0.000000000000000000e+00,0.000000000000000000e+00,0.000000000000000000e+00,0.000000000000000000e+00,0.000000000000000000e+00
2.550000000000000044e-01,0.000000000000000000e+00,0.000000000000000000e+00,0.000000000000000000e+00,0.000000000000000000e+00,0.000000000000000000e+00,0.000000000000000000e+00
2.600000000000000089e-01,0.000000000000000000e+00,0.000000000000000000e+00,0.000000000000000000e+00,0.000000000000000000e+00,0.000000000000000000e+00,0.000000000000000000e+00
2.650000000000000133e-01,0.000000000000000000e+00,0.000000000000000000e+00,0.000000000000000000e+00,0.000000000000000000e+00,0.000000000000000000e+00,0.000000000000000000e+00
2.700000000000000178e-01,0.000000000000000000e+00,0.000000000000000000e+00,0.000000000000000000e+00,0.000000000000000000e+00,0.000000000000000000e+00,0.000000000000000000e+00
2.750000000000000222e-01,0.000000000000000000e+00,0.000000000000000000e+00,0.000000000000000000e+00,0.000000000000000000e+00,0.000000000000000000e+00,0.000000000000000000e+00
2.800000000000000266e-01,0.000000000000000000e+00,0.000000000000000000e+00,0.000000000000000000e+00,0.000000000000000000e+00,0.000000000000000000e+00,0.000000000000000000e+00
2.850000000000000311e-01,0.000000000000000000e+00,0.000000000000000000e+00,0.000000000000000000e+00,0.000000000000000000e+00,0.000000000000000000e+00,0.000000000000000000e+00
2.899999999999999800e-01,0.000000000000000000e+00,0.000000000000000000e+00,0.000000000000000000e+00,0.000000000000000000e+00,0.000000000000000000e+00,0.000000000000000000e+00
2.949999999999999845e-01,0.000000000000000000e+00,0.000000000000000000e+00,0.000000000000000000e+00,0.000000000000000000e+00,0.000000000000000000e+00,0.000000000000000000e+00
2.999999999999999889e-01,0.000000000000000000e+00,0.000000000000000000e+00,0.000000000000000000e+00,0.000000000000000000e+00,0.000000000000000000e+00,0.000000000000000000e+00
3.049999999999999933e-01,0.000000000000000000e+00,0.000000000000000000e+00,0.000000000000000000e+00,0.000000000000000000e+00,0.000000000000000000e+00,0.000000000000000000e+00
3.099999999999999978e-01,0.000000000000000000e+00,0.000000000000000000e+00,0.000000000000000000e+00,0.000000000000000000e+00,0.000000000000000000e+00,0.000000000000000000e+00
3.150000000000000022e-01,0.000000000000000000e+00,0.000000000000000000e+00,0.000000000000000000e+00,0.000000000000000000e+00,0.000000000000000000e+00,0.000000000000000000e+00
3.200000000000000067e-01,0.000000000000000000e+00,0.000000000000000000e+00,0.000000000000000000e+00,0.000000000000000000e+00,0.000000000000000000e+00,0.000000000000000000e+00
3.250000000000000111e-01,0.000000000000000000e+00,0.000000000000000000e+00,0.000000000000000000e+00,0.000000000000000000e+00,0.000000000000000000e+00,0.000000000000000000e+00
3.300000000000000155e-01,0.000000000000000000e+00,0.000000000000000000e+00,0.000000000000000000e+00,0.000000000000000000e+00,0.000000000000000000e+00,0.000000000000000000e+00
3.350000000000000200e-01,0.000000000000000000e+00,0.000000000000000000e+00,0.000000000000000000e+00,0.000000000000000000e+00,0.000000000000000000e+00,0.000000000000000000e+00
3.400000000000000244e-01,0.000000000000000000e+00,0.000000000000000000e+00,0.000000000000000000e+00,0.000000000000000000e+00,0.000000000000000000e+00,0.000000000000000000e+00
3.450000000000000289e-01,0.000000000000000000e+00,0.000000000000000000e+00,0.000000000000000000e+00,0.000000000000000000e+00,0.000000000000000000e+00,0.000000000000000000e+00
3.500000000000000333e-01,0.000000000000000000e+00,0.000000000000000000e+00,0.000000000000000000e+00,0.000000000000000000e+00,0.000000000000000000e+00,0.000000000000000000e+00
3.549999999999999822e-01,0.000000000000000000e+00,0.000000000000000000e+00,0.000000000000000000e+00,0.000000000000000000e+00,0.000000000000000000e+00,0.000000000000000000e+00
3.599999999999999867e-01,0.000000000000000000e+00,0.000000000000000000e+00,0.000000000000000000e+00,0.000000000000000000e+00,0.000000000000000000e+00,0.000000000000000000e+00
3.649999999999999911e-01,0.000000000000000000e+00,0.000000000000000000e+00,0.000000000000000000e+00,0.000000000000000000e+00,0.000000000000000000e+00,0.000000000000000000e+00
3.699999999999999956e-01,0.000000000000000000e+00,0.000000000000000000e+00,0.000000000000000000e+00,0.000000000000000000e+00,0.000000000000000000e+00,0.000000000000000000e+00
3.750000000000000000e-01,0.000000000000000000e+00,0.000000000000000000e+00,0.000000000000000000e+00,0.000000000000000000e+00,0.000000000000000000e+00,0.000000000000000000e+00
3.800000000000000044e-01,0.000000000000000000e+00,0.000000000000000000e+00,0.000000000000000000e+00,0.000000000000000000e+00,0.000000000000000000e+00,0.000000000000000000e+00
3.850000000000000089e-01,0.000000000000000000e+00,0.000000000000000000e+00,0.000000000000000000e+00,0.000000000000000000e+00,0.000000000000000000e+00,0.000000000000000000e+00
3.900000000000000133e-01,0.000000000000000000e+00,0.000000000000000000e+00,0.000000000000000000e+00,0.000000000000000000e+00,0.000000000000000000e+00,0.000000000000000000e+00
3.950000000000000178e-01,0.000000000000000000e+00,0.000000000000000000e+00,0.000000000000000000e+00,0.000000000000000000e+00,0.000000000000000000e+00,0.000000000000000000e+00
4.000000000000000222e-01,0.000000000000000000e+00,0.000000000000000000e+00,0.000000000000000000e+00,0.000000000000000000e+00,0.000000000000000000e+00,0.000000000000000000e+00
4.050000000000000266e-01,0.000000000000000000e+00,0.000000000000000000e+00,0.000000000000000000e+00,0.000000000000000000e+00,0.000000000000000000e+00,0.000000000000000000e+00
4.100000000000000311e-01,0.000000000000000000e+00,0.000000000000000000e+00,0.000000000000000000e+00,0.000000000000000000e+00,0.000000000000000000e+00,0.000000000000000000e+00
4.150000000000000355e-01,0.000000000000000000e+00,0.000000000000000000e+00,0.000000000000000000e+00,0.000000000000000000e+00,0.000000000000000000e+00,0.000000000000000000e+00
4.199999999999999845e-01,0.000000000000000000e+00,0.000000000000000000e+00,0.000000000000000000e+00,0.000000000000000000e+00,0.000000000000000000e+00,0.000000000000000000e+00
4.249999999999999889e-01,0.000000000000000000e+00,0.000000000000000000e+00,0.000000000000000000e+00,0.000000000000000000e+00,0.000000000000000000e+00,0.000000000000000000e+00
4.299999999999999933e-01,0.000000000000000000e+00,0.000000000000000000e+00,0.000000000000000000e+00,0.000000000000000000e+00,0.000000000000000000e+00,0.000000000000000000e+00
4.349999999999999978e-01,0.000000000000000000e+00,0.000000000000000000e+00,0.000000000000000000e+00,0.000000000000000000e+00,0.000000000000000000e+00,0.000000000000000000e+00
4.400000000000000022e-01,0.000000000000000000e+00,0.000000000000000000e+00,0.000000000000000000e+00,0.000000000000000000e+00,0.000000000000000000e+00,0.000000000000000000e+00
4.450000000000000067e-01,0.000000000000000000e+00,0.000000000000000000e+00,0.000000000000000000e+00,0.000000000000000000e+00,0.000000000000000000e+00,0.000000000000000000e+00
4.500000000000000111e-01,0.000000000000000000e+00,0.000000000000000000e+00,0.000000000000000000e+00,0.000000000000000000e+00,0.000000000000000000e+00,0.000000000000000000e+00
4.550000000000000155e-01,0.000000000000000000e+00,0.000000000000000000e+00,0.000000000000000000e+00,0.000000000000000000e+00,0.000000000000000000e+00,0.000000000000000000e+00
4.600000000000000200e-01,0.000000000000000000e+00,0.000000000000000000e+00,0.000000000000000000e+00,0.000000000000000000e+00,0.000000000000000000e+00,0.000000000000000000e+00
4.650000000000000244e-01,0.000000000000000000e+00,0.000000000000000000e+00,0.000000000000000000e+00,0.000000000000000000e+00,0.000000000000000000e+00,0.000000000000000000e+00
4.700000000000000289e-01,0.000000000000000000e+00,0.000000000000000000e+00,0.000000000000000000e+00,0.000000000000000000e+00,0.000000000000000000e+00,0.000000000000000000e+00
4.750000000000000333e-01,0.000000000000000000e+00,0.000000000000000000e+00,0.000000000000000000e+00,0.000000000000000000e+00,0.000000000000000000e+00,0.000000000000000000e+00
4.799999999999999822e-01,0.000000000000000000e+00,0.000000000000000000e+00,0.000000000000000000e+00,0.000000000000000000e+00,0.000000000000000000e+00,0.000000000000000000e+00
4.849999999999999867e-01,0.000000000000000000e+00,0.000000000000000000e+00,0.000000000000000000e+00,0.000000000000000000e+00,0.000000000000000000e+00,0.000000000000000000e+00
4.899999999999999911e-01,0.000000000000000000e+00,0.000000000000000000e+00,0.000000000000000000e+00,0.000000000000000000e+00,0.000000000000000000e+00,0.000000000000000000e+00
4.949999999999999956e-01,0.000000000000000000e+00,0.000000000000000000e+00,0.000000000000000000e+00,0.000000000000000000e+00,0.000000000000000000e+00,0.000000000000000000e+00
5.000000000000000000e-01,0.000000000000000000e+00,0.000000000000000000e+00,0.000000000000000000e+00,0.000000000000000000e+00,0.000000000000000000e+00,0.000000000000000000e+00
5.050000000000000044e-01,0.000000000000000000e+00,0.000000000000000000e+00,0.000000000000000000e+00,0.000000000000000000e+00,0.000000000000000000e+00,0.000000000000000000e+00
5.100000000000000089e-01,0.000000000000000000e+00,0.000000000000000000e+00,0.000000000000000000e+00,0.000000000000000000e+00,0.000000000000000000e+00,0.000000000000000000e+00
5.150000000000000133e-01,0.000000000000000000e+00,0.000000000000000000e+00,0.000000000000000000e+00,0.000000000000000000e+00,0.000000000000000000e+00,0.000000000000000000e+00
5.200000000000000178e-01,0.000000000000000000e+00,0.000000000000000000e+00,0.000000000000000000e+00,0.000000000000000000e+00,0.000000000000000000e+00,0.000000000000000000e+00
5.250000000000000222e-01,0.000000000000000000e+00,0.000000000000000000e+00,0.000000000000000000e+00,0.000000000000000000e+00,0.000000000000000000e+00,0.000000000000000000e+00
5.300000000000000266e-01,0.000000000000000000e+00,0.000000000000000000e+00,0.000000000000000000e+00,0.000000000000000000e+00,0.000000000000000000e+00,0.000000000000000000e+00
5.350000000000000311e-01,0.000000000000000000e+00,0.000000000000000000e+00,0.000000000000000000e+00,0.000000000000000000e+00,0.000000000000000000e+00,0.000000000000000000e+00
5.400000000000000355e-01,0.000000000000000000e+00,0.000000000000000000e+00,0.000000000000000000e+00,0.000000000000000000e+00,0.000000000000000000e+00,0.000000000000000000e+00
5.450000000000000400e-01,0.000000000000000000e+00,0.000000000000000000e+00,0.000000000000000000e+00,0.000000000000000000e+00,0.000000000000000000e+00,0.000000000000000000e+00
5.500000000000000444e-01,0.000000000000000000e+00,0.000000000000000000e+00,0.000000000000000000e+00,0.000000000000000000e+00,0.000000000000000000e+00,0.000000000000000000e+00
5.550000000000000488e-01,0.000000000000000000e+00,0.000000000000000000e+00,0.000000000000000000e+00,0.000000000000000000e+00,0.000000000000000000e+00,0.000000000000000000e+00
5.600000000000000533e-01,0.000000000000000000e+00,0.000000000000000000e+00,0.000000000000000000e+00,0.000000000000000000e+00,0.000000000000000000e+00,0.000000000000000000e+00
5.650000000000000577e-01,0.000000000000000000e+00,0.000000000000000000e+00,0.000000000000000000e+00,0.000000000000000000e+00,0.000000000000000000e+00,0.000000000000000000e+00
5.700000000000000622e-01,0.000000000000000000e+00,0.000000000000000000e+00,0.000000000000000000e+00,0.000000000000000000e+00,0.000000000000000000e+00,0.000000000000000000e+00
5.750000000000000666e-01,0.000000000000000000e+00,0.000000000000000000e+00,0.000000000000000000e+00,0.000000000000000000e+00,0.000000000000000000e+00,0.000000000000000000e+00
5.799999999999999600e-01,0.000000000000000000e+00,0.000000000000000000e+00,0.000000000000000000e+00,0.000000000000000000e+00,0.000000000000000000e+00,0.000000000000000000e+00
5.849999999999999645e-01,0.000000000000000000e+00,0.000000000000000000e+00,0.000000000000000000e+00,0.000000000000000000e+00,0.000000000000000000e+00,0.000000000000000000e+00
5.899999999999999689e-01,0.000000000000000000e+00,0.000000000000000000e+00,0.000000000000000000e+00,0.000000000000000000e+00,0.000000000000000000e+00,0.000000000000000000e+00
5.949999999999999734e-01,0.000000000000000000e+00,0.000000000000000000e+00,0.000000000000000000e+00,0.000000000000000000e+00,0.000000000000000000e+00,0.000000000000000000e+00
5.999999999999999778e-01,0.000000000000000000e+00,0.000000000000000000e+00,0.000000000000000000e+00,0.000000000000000000e+00,0.000000000000000000e+00,0.000000000000000000e+00
6.049999999999999822e-01,0.000000000000000000e+00,0.000000000000000000e+00,0.000000000000000000e+00,0.000000000000000000e+00,0.000000000000000000e+00,0.000000000000000000e+00
6.099999999999999867e-01,0.000000000000000000e+00,0.000000000000000000e+00,0.000000000000000000e+00,0.000000000000000000e+00,0.000000000000000000e+00,0.000000000000000000e+00
6.149999999999999911e-01,0.000000000000000000e+00,0.000000000000000000e+00,0.000000000000000000e+00,0.000000000000000000e+00,0.000000000000000000e+00,0.000000000000000000e+00
6.199999999999999956e-01,0.000000000000000000e+00,0.000000000000000000e+00,0.000000000000000000e+00,0.000000000000000000e+00,0.000000000000000000e+00,0.000000000000000000e+00
6.250000000000000000e-01,0.000000000000000000e+00,0.000000000000000000e+00,0.000000000000000000e+00,0.000000000000000000e+00,0.000000000000000000e+00,0.000000000000000000e+00
6.300000000000000044e-01,0.000000000000000000e+00,0.000000000000000000e+00,0.000000000000000000e+00,0.000000000000000000e+00,0.000000000000000000e+00,0.000000000000000000e+00
6.350000000000000089e-01,0.000000000000000000e+00,0.000000000000000000e+00,0.000000000000000000e+00,0.000000000000000000e+00,0.000000000000000000e+00,0.000000000000000000e+00
6.400000000000000133e-01,0.000000000000000000e+00,0.000000000000000000e+00,0.000000000000000000e+00,0.000000000000000000e+00,0.000000000000000000e+00,0.000000000000000000e+00
6.450000000000000178e-01,0.000000000000000000e+00,0.000000000000000000e+00,0.000000000000000000e+00,0.000000000000000000e+00,0.000000000000000000e+00,0.000000000000000000e+00
6.500000000000000222e-01,0.000000000000000000e+00,0.000000000000000000e+00,0.000000000000000000e+00,0.000000000000000000e+00,0.000000000000000000e+00,0.000000000000000000e+00
6.550000000000000266e-01,0.000000000000000000e+00,0.000000000000000000e+00,0.000000000000000000e+00,0.000000000000000000e+00,0.000000000000000000e+00,0.000000000000000000e+00
6.600000000000000311e-01,0.000000000000000000e+00,0.000000000000000000e+00,0.000000000000000000e+00,0.000000000000000000e+00,0.000000000000000000e+00,0.000000000000000000e+00
6.650000000000000355e-01,0.000000000000000000e+00,0.000000000000000000e+00,0.000000000000000000e+00,0.000000000000000000e+00,0.000000000000000000e+00,0.000000000000000000e+00
6.700000000000000400e-01,0.000000000000000000e+00,0.000000000000000000e+00,0.000000000000000000e+00,0.000000000000000000e+00,0.000000000000000000e+00,0.000000000000000000e+00
6.750000000000000444e-01,0.000000000000000000e+00,0.000000000000000000e+00,0.000000000000000000e+00,0.000000000000000000e+00,0.000000000000000000e+00,0.000000000000000000e+00
6.800000000000000488e-01,0.000000000000000000e+00,0.000000000000000000e+00,0.000000000000000000e+00,0.000000000000000000e+00,0.000000000000000000e+00,0.000000000000000000e+00
6.850000000000000533e-01,0.000000000000000000e+00,0.000000000000000000e+00,0.000000000000000000e+00,0.000000000000000000e+00,0.000000000000000000e+00,0.000000000000000000e+00
6.900000000000000577e-01,0.000000000000000000e+00,0.000000000000000000e+00,0.000000000000000000e+00,0.000000000000000000e+00,0.000000000000000000e+00,0.000000000000000000e+00
6.950000000000000622e-01,0.000000000000000000e+00,0.000000000000000000e+00,0.000000000000000000e+00,0.000000000000000000e+00,0.000000000000000000e+00,0.000000000000000000e+00
7.000000000000000666e-01,0.000000000000000000e+00,0.000000000000000000e+00,0.000000000000000000e+00,0.000000000000000000e+00,0.000000000000000000e+00,0.000000000000000000e+00
7.049999999999999600e-01,0.000000000000000000e+00,0.000000000000000000e+00,0.000000000000000000e+00,0.000000000000000000e+00,0.000000000000000000e+00,0.000000000000000000e+00
7.099999999999999645e-01,0.000000000000000000e+00,0.000000000000000000e+00,0.000000000000000000e+00,0.000000000000000000e+00,0.000000000000000000e+00,0.000000000000000000e+00
7.149999999999999689e-01,0.000000000000000000e+00,0.000000000000000000e+00,0.000000000000000000e+00,0.000000000000000000e+00,0.000000000000000000e+00,0.000000000000000000e+00
7.199999999999999734e-01,0.000000000000000000e+00,0.000000000000000000e+00,0.000000000000000000e+00,0.000000000000000000e+00,0.000000000000000000e+00,0.000000000000000000e+00
7.249999999999999778e-01,0.000000000000000000e+00,0.000000000000000000e+00,0.000000000000000000e+00,0.000000000000000000e+00,0.000000000000000000e+00,0.000000000000000000e+00
7.299999999999999822e-01,0.000000000000000000e+00,0.000000000000000000e+00,0.000000000000000000e+00,0.000000000000000000e+00,0.000000000000000000e+00,0.000000000000000000e+00
7.349999999999999867e-01,0.000000000000000000e+00,0.000000000000000000e+00,0.000000000000000000e+00,0.000000000000000000e+00,0.000000000000000000e+00,0.000000000000000000e+00
7.399999999999999911e-01,0.000000000000000000e+00,0.000000000000000000e+00,0.000000000000000000e+00,0.000000000000000000e+00,0.000000000000000000e+00,0.000000000000000000e+00
7.449999999999999956e-01,0.000000000000000000e+00,0.000000000000000000e+00,0.000000000000000000e+00,0.000000000000000000e+00,0.000000000000000000e+00,0.000000000000000000e+00
7.500000000000000000e-01,0.000000000000000000e+00,0.000000000000000000e+00,0.000000000000000000e+00,0.000000000000000000e+00,0.000000000000000000e+00,0.000000000000000000e+00
7.550000000000000044e-01,0.000000000000000000e+00,0.000000000000000000e+00,0.000000000000000000e+00,0.000000000000000000e+00,0.000000000000000000e+00,0.000000000000000000e+00
7.600000000000000089e-01,0.000000000000000000e+00,0.000000000000000000e+00,0.000000000000000000e+00,0.000000000000000000e+00,0.000000000000000000e+00,0.000000000000000000e+00
7.650000000000000133e-01,0.000000000000000000e+00,0.000000000000000000e+00,0.000000000000000000e+00,0.000000000000000000e+00,0.000000000000000000e+00,0.000000000000000000e+00
7.700000000000000178e-01,0.000000000000000000e+00,0.000000000000000000e+00,0.000000000000000000e+00,0.000000000000000000e+00,0.000000000000000000e+00,0.000000000000000000e+00
7.750000000000000222e-01,0.000000000000000000e+00,0.000000000000000000e+00,0.000000000000000000e+00,0.000000000000000000e+00,0.000000000000000000e+00,0.000000000000000000e+00
7.800000000000000266e-01,0.000000000000000000e+00,0.000000000000000000e+00,0.000000000000000000e+00,0.000000000000000000e+00,0.000000000000000000e+00,0.000000000000000000e+00
7.850000000000000311e-01,0.000000000000000000e+00,0.000000000000000000e+00,0.000000000000000000e+00,0.000000000000000000e+00,0.000000000000000000e+00,0.000000000000000000e+00
7.900000000000000355e-01,0.000000000000000000e+00,0.000000000000000000e+00,0.000000000000000000e+00,0.000000000000000000e+00,0.000000000000000000e+00,0.000000000000000000e+00
7.950000000000000400e-01,0.000000000000000000e+00,0.000000000000000000e+00,0.000000000000000000e+00,0.000000000000000000e+00,0.000000000000000000e+00,0.000000000000000000e+00
8.000000000000000444e-01,0.000000000000000000e+00,0.000000000000000000e+00,0.000000000000000000e+00,0.000000000000000000e+00,0.000000000000000000e+00,0.000000000000000000e+00
8.050000000000000488e-01,0.000000000000000000e+00,0.000000000000000000e+00,0.000000000000000000e+00,0.000000000000000000e+00,0.000000000000000000e+00,0.000000000000000000e+00
8.100000000000000533e-01,0.000000000000000000e+00,0.000000000000000000e+00,0.000000000000000000e+00,0.000000000000000000e+00,0.000000000000000000e+00,0.000000000000000000e+00
8.150000000000000577e-01,0.000000000000000000e+00,0.000000000000000000e+00,0.000000000000000000e+00,0.000000000000000000e+00,0.000000000000000000e+00,0.000000000000000000e+00
8.200000000000000622e-01,0.000000000000000000e+00,0.000000000000000000e+00,0.000000000000000000e+00,0.000000000000000000e+00,0.000000000000000000e+00,0.000000000000000000e+00
8.250000000000000666e-01,0.000000000000000000e+00,0.000000000000000000e+00,0.000000000000000000e+00,0.000000000000000000e+00,0.000000000000000000e+00,0.000000000000000000e+00
8.300000000000000711e-01,0.000000000000000000e+00,0.000000000000000000e+00,0.000000000000000000e+00,0.000000000000000000e+00,0.000000000000000000e+00,0.000000000000000000e+00
8.349999999999999645e-01,0.000000000000000000e+00,0.000000000000000000e+00,0.000000000000000000e+00,0.000000000000000000e+00,0.000000000000000000e+00,0.000000000000000000e+00
8.399999999999999689e-01,0.000000000000000000e+00,0.000000000000000000e+00,0.000000000000000000e+00,0.000000000000000000e+00,0.000000000000000000e+00,0.000000000000000000e+00
8.449999999999999734e-01,0.000000000000000000e+00,0.000000000000000000e+00,0.000000000000000000e+00,0.000000000000000000e+00,0.000000000000000000e+00,0.000000000000000000e+00
8.499999999999999778e-01,0.000000000000000000e+00,0.000000000000000000e+00,0.000000000000000000e+00,0.000000000000000000e+00,0.000000000000000000e+00,0.000000000000000000e+00
8.549999999999999822e-01,0.000000000000000000e+00,0.000000000000000000e+00,0.000000000000000000e+00,0.000000000000000000e+00,0.000000000000000000e+00,0.000000000000000000e+00
8.599999999999999867e-01,0.000000000000000000e+00,0.000000000000000000e+00,0.000000000000000000e+00,0.000000000000000000e+00,0.000000000000000000e+00,0.000000000000000000e+00
8.649999999999999911e-01,0.000000000000000000e+00,0.000000000000000000e+00,0.000000000000000000e+00,0.000000000000000000e+00,0.000000000000000000e+00,0.000000000000000000e+00
8.699999999999999956e-01,0.000000000000000000e+00,0.000000000000000000e+00,0.000000000000000000e+00,0.000000000000000000e+00,0.000000000000000000e+00,0.000000000000000000e+00
8.750000000000000000e-01,0.000000000000000000e+00,0.000000000000000000e+00,0.000000000000000000e+00,0.000000000000000000e+00,0.000000000000000000e+00,0.000000000000000000e+00
8.800000000000000044e-01,0.000000000000000000e+00,0.000000000000000000e+00,0.000000000000000000e+00,0.000000000000000000e+00,0.000000000000000000e+00,0.000000000000000000e+00
8.850000000000000089e-01,0.000000000000000000e+00,0.000000000000000000e+00,0.000000000000000000e+00,0.000000000000000000e+00,0.000000000000000000e+00,0.000000000000000000e+00
8.900000000000000133e-01,0.000000000000000000e+00,0.000000000000000000e+00,0.000000000000000000e+00,0.000000000000000000e+00,0.000000000000000000e+00,0.000000000000000000e+00
8.950000000000000178e-01,0.000000000000000000e+00,0.000000000000000000e+00,0.000000000000000000e+00,0.000000000000000000e+00,0.000000000000000000e+00,0.000000000000000000e+00
9.000000000000000222e-01,0.000000000000000000e+00,0.000000000000000000e+00,0.000000000000000000e+00,0.000000000000000000e+00,0.000000000000000000e+00,0.000000000000000000e+00
9.050000000000000266e-01,0.000000000000000000e+00,0.000000000000000000e+00,0.000000000000000000e+00,0.000000000000000000e+00,0.000000000000000000e+00,0.000000000000000000e+00
9.100000000000000311e-01,0.000000000000000000e+00,0.000000000000000000e+00,0.000000000000000000e+00,0.000000000000000000e+00,0.000000000000000000e+00,0.000000000000000000e+00
9.150000000000000355e-01,0.000000000000000000e+00,0.000000000000000000e+00,0.000000000000000000e+00,0.000000000000000000e+00,0.000000000000000000e+00,0.000000000000000000e+00
9.200000000000000400e-01,0.000000000000000000e+00,0.000000000000000000e+00,0.000000000000000000e+00,0.000000000000000000e+00,0.000000000000000000e+00,0.000000000000000000e+00
9.250000000000000444e-01,0.000000000000000000e+00,0.000000000000000000e+00,0.000000000000000000e+00,0.000000000000000000e+00,0.000000000000000000e+00,0.000000000000000000e+00
9.300000000000000488e-01,0.000000000000000000e+00,0.000000000000000000e+00,0.000000000000000000e+00,0.000000000000000000e+00,0.000000000000000000e+00,0.000000000000000000e+00
9.350000000000000533e-01,0.000000000000000000e+00,0.000000000000000000e+00,0.000000000000000000e+00,0.000000000000000000e+00,0.000000000000000000e+00,0.000000000000000000e+00
9.400000000000000577e-01,0.000000000000000000e+00,0.000000000000000000e+00,0.000000000000000000e+00,0.000000000000000000e+00,0.000000000000000000e+00,0.000000000000000000e+00
9.450000000000000622e-01,0.000000000000000000e+00,0.000000000000000000e+00,0.000000000000000000e+00,0.000000000000000000e+00,0.000000000000000000e+00,0.000000000000000000e+00
9.500000000000000666e-01,0.000000000000000000e+00,0.000000000000000000e+00,0.000000000000000000e+00,0.000000000000000000e+00,0.000000000000000000e+00,0.000000000000000000e+00
9.550000000000000711e-01,0.000000000000000000e+00,0.000000000000000000e+00,0.000000000000000000e+00,0.000000000000000000e+00,0.000000000000000000e+00,0.000000000000000000e+00
9.599999999999999645e-01,0.000000000000000000e+00,0.000000000000000000e+00,0.000000000000000000e+00,0.000000000000000000e+00,0.000000000000000000e+00,0.000000000000000000e+00
9.649999999999999689e-01,0.000000000000000000e+00,0.000000000000000000e+00,0.000000000000000000e+00,0.000000000000000000e+00,0.000000000000000000e+00,0.000000000000000000e+00
9.699999999999999734e-01,0.000000000000000000e+00,0.000000000000000000e+00,0.000000000000000000e+00,0.000000000000000000e+00,0.000000000000000000e+00,0.000000000000000000e+00
9.749999999999999778e-01,0.000000000000000000e+00,0.000000000000000000e+00,0.000000000000000000e+00,0.000000000000000000e+00,0.000000000000000000e+00,0.000000000000000000e+00
9.799999999999999822e-01,0.000000000000000000e+00,0.000000000000000000e+00,0.000000000000000000e+00,0.000000000000000000e+00,0.000000000000000000e+00,0.000000000000000000e+00
9.849999999999999867e-01,0.000000000000000000e+00,0.000000000000000000e+00,0.000000000000000000e+00,0.000000000000000000e+00,0.000000000000000000e+00,0.000000000000000000e+00
9.899999999999999911e-01,0.000000000000000000e+00,0.000000000000000000e+00,0.000000000000000000e+00,0.000000000000000000e+00,0.000000000000000000e+00,0.000000000000000000e+00
9.949999999999999956e-01,0.000000000000000000e+00,0.000000000000000000e+00,0.000000000000000000e+00,0.000000000000000000e+00,0.000000000000000000e+00,0.000000000000000000e+00
1.000000000000000000e+00,0.000000000000000000e+00,0.000000000000000000e+00,0.000000000000000000e+00,0.000000000000000000e+00,0.000000000000000000e+00,0.000000000000000000e+00
1.005000000000000115e+00,0.000000000000000000e+00,0.000000000000000000e+00,0.000000000000000000e+00,0.000000000000000000e+00,0.000000000000000000e+00,0.000000000000000000e+00
1.010000000000000009e+00,0.000000000000000000e+00,0.000000000000000000e+00,0.000000000000000000e+00,0.000000000000000000e+00,0.000000000000000000e+00,0.000000000000000000e+00
1.015000000000000124e+00,0.000000000000000000e+00,0.000000000000000000e+00,0.000000000000000000e+00,0.000000000000000000e+00,0.000000000000000000e+00,0.000000000000000000e+00
1.020000000000000018e+00,0.000000000000000000e+00,0.000000000000000000e+00,0.000000000000000000e+00,0.000000000000000000e+00,0.000000000000000000e+00,0.000000000000000000e+00
1.024999999999999911e+00,0.000000000000000000e+00,0.000000000000000000e+00,0.000000000000000000e+00,0.000000000000000000e+00,0.000000000000000000e+00,0.000000000000000000e+00
1.030000000000000027e+00,0.000000000000000000e+00,0.000000000000000000e+00,0.000000000000000000e+00,0.000000000000000000e+00,0.000000000000000000e+00,0.000000000000000000e+00
1.034999999999999920e+00,0.000000000000000000e+00,0.000000000000000000e+00,0.000000000000000000e+00,0.000000000000000000e+00,0.000000000000000000e+00,0.000000000000000000e+00
1.040000000000000036e+00,0.000000000000000000e+00,0.000000000000000000e+00,0.000000000000000000e+00,0.000000000000000000e+00,0.000000000000000000e+00,0.000000000000000000e+00
1.044999999999999929e+00,0.000000000000000000e+00,0.000000000000000000e+00,0.000000000000000000e+00,0.000000000000000000e+00,0.000000000000000000e+00,0.000000000000000000e+00
1.050000000000000044e+00,0.000000000000000000e+00,0.000000000000000000e+00,0.000000000000000000e+00,0.000000000000000000e+00,0.000000000000000000e+00,0.000000000000000000e+00
1.054999999999999938e+00,0.000000000000000000e+00,0.000000000000000000e+00,0.000000000000000000e+00,0.000000000000000000e+00,0.000000000000000000e+00,0.000000000000000000e+00
1.060000000000000053e+00,0.000000000000000000e+00,0.000000000000000000e+00,0.000000000000000000e+00,0.000000000000000000e+00,0.000000000000000000e+00,0.000000000000000000e+00
1.064999999999999947e+00,0.000000000000000000e+00,0.000000000000000000e+00,0.000000000000000000e+00,0.000000000000000000e+00,0.000000000000000000e+00,0.000000000000000000e+00
1.070000000000000062e+00,0.000000000000000000e+00,0.000000000000000000e+00,0.000000000000000000e+00,0.000000000000000000e+00,0.000000000000000000e+00,0.000000000000000000e+00
1.074999999999999956e+00,0.000000000000000000e+00,0.000000000000000000e+00,0.000000000000000000e+00,0.000000000000000000e+00,0.000000000000000000e+00,0.000000000000000000e+00
1.080000000000000071e+00,0.000000000000000000e+00,0.000000000000000000e+00,0.000000000000000000e+00,0.000000000000000000e+00,0.000000000000000000e+00,0.000000000000000000e+00
1.084999999999999964e+00,0.000000000000000000e+00,0.000000000000000000e+00,0.000000000000000000e+00,0.000000000000000000e+00,0.000000000000000000e+00,0.000000000000000000e+00
1.090000000000000080e+00,0.000000000000000000e+00,0.000000000000000000e+00,0.000000000000000000e+00,0.000000000000000000e+00,0.000000000000000000e+00,0.000000000000000000e+00
1.094999999999999973e+00,0.000000000000000000e+00,0.000000000000000000e+00,0.000000000000000000e+00,0.000000000000000000e+00,0.000000000000000000e+00,0.000000000000000000e+00
1.100000000000000089e+00,0.000000000000000000e+00,0.000000000000000000e+00,0.000000000000000000e+00,0.000000000000000000e+00,0.000000000000000000e+00,0.000000000000000000e+00
1.104999999999999982e+00,0.000000000000000000e+00,0.000000000000000000e+00,0.000000000000000000e+00,0.000000000000000000e+00,0.000000000000000000e+00,0.000000000000000000e+00
1.110000000000000098e+00,0.000000000000000000e+00,0.000000000000000000e+00,0.000000000000000000e+00,0.000000000000000000e+00,0.000000000000000000e+00,0.000000000000000000e+00
1.114999999999999991e+00,0.000000000000000000e+00,0.000000000000000000e+00,0.000000000000000000e+00,0.000000000000000000e+00,0.000000000000000000e+00,0.000000000000000000e+00
1.120000000000000107e+00,0.000000000000000000e+00,0.000000000000000000e+00,0.000000000000000000e+00,0.000000000000000000e+00,0.000000000000000000e+00,0.000000000000000000e+00
1.125000000000000000e+00,0.000000000000000000e+00,0.000000000000000000e+00,0.000000000000000000e+00,0.000000000000000000e+00,0.000000000000000000e+00,0.000000000000000000e+00
1.130000000000000115e+00,0.000000000000000000e+00,0.000000000000000000e+00,0.000000000000000000e+00,0.000000000000000000e+00,0.000000000000000000e+00,0.000000000000000000e+00
1.135000000000000009e+00,0.000000000000000000e+00,0.000000000000000000e+00,0.000000000000000000e+00,0.000000000000000000e+00,0.000000000000000000e+00,0.000000000000000000e+00
1.140000000000000124e+00,0.000000000000000000e+00,0.000000000000000000e+00,0.000000000000000000e+00,0.000000000000000000e+00,0.000000000000000000e+00,0.000000000000000000e+00
1.145000000000000018e+00,0.000000000000000000e+00,0.000000000000000000e+00,0.000000000000000000e+00,0.000000000000000000e+00,0.000000000000000000e+00,0.000000000000000000e+00
1.150000000000000133e+00,0.000000000000000000e+00,0.000000000000000000e+00,0.000000000000000000e+00,0.000000000000000000e+00,0.000000000000000000e+00,0.000000000000000000e+00
1.155000000000000027e+00,0.000000000000000000e+00,0.000000000000000000e+00,0.000000000000000000e+00,0.000000000000000000e+00,0.000000000000000000e+00,0.000000000000000000e+00
1.159999999999999920e+00,0.000000000000000000e+00,0.000000000000000000e+00,0.000000000000000000e+00,0.000000000000000000e+00,0.000000000000000000e+00,0.000000000000000000e+00
1.165000000000000036e+00,0.000000000000000000e+00,0.000000000000000000e+00,0.000000000000000000e+00,0.000000000000000000e+00,0.000000000000000000e+00,0.000000000000000000e+00
1.169999999999999929e+00,0.000000000000000000e+00,0.000000000000000000e+00,0.000000000000000000e+00,0.000000000000000000e+00,0.000000000000000000e+00,0.000000000000000000e+00
1.175000000000000044e+00,0.000000000000000000e+00,0.000000000000000000e+00,0.000000000000000000e+00,0.000000000000000000e+00,0.000000000000000000e+00,0.000000000000000000e+00
1.179999999999999938e+00,0.000000000000000000e+00,0.000000000000000000e+00,0.000000000000000000e+00,0.000000000000000000e+00,0.000000000000000000e+00,0.000000000000000000e+00
1.185000000000000053e+00,0.000000000000000000e+00,0.000000000000000000e+00,0.000000000000000000e+00,0.000000000000000000e+00,0.000000000000000000e+00,0.000000000000000000e+00
1.189999999999999947e+00,0.000000000000000000e+00,0.000000000000000000e+00,0.000000000000000000e+00,0.000000000000000000e+00,0.000000000000000000e+00,0.000000000000000000e+00
1.195000000000000062e+00,0.000000000000000000e+00,0.000000000000000000e+00,0.000000000000000000e+00,0.000000000000000000e+00,0.000000000000000000e+00,0.000000000000000000e+00
1.199999999999999956e+00,0.000000000000000000e+00,0.000000000000000000e+00,0.000000000000000000e+00,0.000000000000000000e+00,0.000000000000000000e+00,0.000000000000000000e+00
1.205000000000000071e+00,0.000000000000000000e+00,0.000000000000000000e+00,0.000000000000000000e+00,0.000000000000000000e+00,0.000000000000000000e+00,0.000000000000000000e+00
1.209999999999999964e+00,0.000000000000000000e+00,0.000000000000000000e+00,0.000000000000000000e+00,0.000000000000000000e+00,0.000000000000000000e+00,0.000000000000000000e+00
1.215000000000000080e+00,0.000000000000000000e+00,0.000000000000000000e+00,0.000000000000000000e+00,0.000000000000000000e+00,0.000000000000000000e+00,0.000000000000000000e+00
1.219999999999999973e+00,0.000000000000000000e+00,0.000000000000000000e+00,0.000000000000000000e+00,0.000000000000000000e+00,0.000000000000000000e+00,0.000000000000000000e+00
1.225000000000000089e+00,0.000000000000000000e+00,0.000000000000000000e+00,0.000000000000000000e+00,0.000000000000000000e+00,0.000000000000000000e+00,0.000000000000000000e+00
1.229999999999999982e+00,0.000000000000000000e+00,0.000000000000000000e+00,0.000000000000000000e+00,0.000000000000000000e+00,0.000000000000000000e+00,0.000000000000000000e+00
1.235000000000000098e+00,0.000000000000000000e+00,0.000000000000000000e+00,0.000000000000000000e+00,0.000000000000000000e+00,0.000000000000000000e+00,0.000000000000000000e+00
1.239999999999999991e+00,0.000000000000000000e+00,0.000000000000000000e+00,0.000000000000000000e+00,0.000000000000000000e+00,0.000000000000000000e+00,0.000000000000000000e+00
1.245000000000000107e+00,0.000000000000000000e+00,0.000000000000000000e+00,0.000000000000000000e+00,0.000000000000000000e+00,0.000000000000000000e+00,0.000000000000000000e+00
1.250000000000000000e+00,0.000000000000000000e+00,0.000000000000000000e+00,0.000000000000000000e+00,0.000000000000000000e+00,0.000000000000000000e+00,0.000000000000000000e+00
1.255000000000000115e+00,0.000000000000000000e+00,0.000000000000000000e+00,0.000000000000000000e+00,0.000000000000000000e+00,0.000000000000000000e+00,0.000000000000000000e+00
1.260000000000000009e+00,0.000000000000000000e+00,0.000000000000000000e+00,0.000000000000000000e+00,0.000000000000000000e+00,0.000000000000000000e+00,0.000000000000000000e+00
1.265000000000000124e+00,0.000000000000000000e+00,0.000000000000000000e+00,0.000000000000000000e+00,0.000000000000000000e+00,0.000000000000000000e+00,0.000000000000000000e+00
1.270000000000000018e+00,0.000000000000000000e+00,0.000000000000000000e+00,0.000000000000000000e+00,0.000000000000000000e+00,0.000000000000000000e+00,0.000000000000000000e+00
1.275000000000000133e+00,0.000000000000000000e+00,0.000000000000000000e+00,0.000000000000000000e+00,0.000000000000000000e+00,0.000000000000000000e+00,0.000000000000000000e+00
1.280000000000000027e+00,0.000000000000000000e+00,0.000000000000000000e+00,0.000000000000000000e+00,0.000000000000000000e+00,0.000000000000000000e+00,0.000000000000000000e+00
1.284999999999999920e+00,0.000000000000000000e+00,0.000000000000000000e+00,0.000000000000000000e+00,0.000000000000000000e+00,0.000000000000000000e+00,0.000000000000000000e+00
1.290000000000000036e+00,0.000000000000000000e+00,0.000000000000000000e+00,0.000000000000000000e+00,0.000000000000000000e+00,0.000000000000000000e+00,0.000000000000000000e+00
1.294999999999999929e+00,0.000000000000000000e+00,0.000000000000000000e+00,0.000000000000000000e+00,0.000000000000000000e+00,0.000000000000000000e+00,0.000000000000000000e+00
1.300000000000000044e+00,0.000000000000000000e+00,0.000000000000000000e+00,0.000000000000000000e+00,0.000000000000000000e+00,0.000000000000000000e+00,0.000000000000000000e+00
1.304999999999999938e+00,0.000000000000000000e+00,0.000000000000000000e+00,0.000000000000000000e+00,0.000000000000000000e+00,0.000000000000000000e+00,0.000000000000000000e+00
1.310000000000000053e+00,0.000000000000000000e+00,0.000000000000000000e+00,0.000000000000000000e+00,0.000000000000000000e+00,0.000000000000000000e+00,0.000000000000000000e+00
1.314999999999999947e+00,0.000000000000000000e+00,0.000000000000000000e+00,0.000000000000000000e+00,0.000000000000000000e+00,0.000000000000000000e+00,0.000000000000000000e+00
1.320000000000000062e+00,0.000000000000000000e+00,0.000000000000000000e+00,0.000000000000000000e+00,0.000000000000000000e+00,0.000000000000000000e+00,0.000000000000000000e+00
1.324999999999999956e+00,0.000000000000000000e+00,0.000000000000000000e+00,0.000000000000000000e+00,0.000000000000000000e+00,0.000000000000000000e+00,0.000000000000000000e+00
1.330000000000000071e+00,0.000000000000000000e+00,0.000000000000000000e+00,0.000000000000000000e+00,0.000000000000000000e+00,0.000000000000000000e+00,0.000000000000000000e+00
1.334999999999999964e+00,0.000000000000000000e+00,0.000000000000000000e+00,0.000000000000000000e+00,0.000000000000000000e+00,0.000000000000000000e+00,0.000000000000000000e+00
1.340000000000000080e+00,0.000000000000000000e+00,0.000000000000000000e+00,0.000000000000000000e+00,0.000000000000000000e+00,0.000000000000000000e+00,0.000000000000000000e+00
1.344999999999999973e+00,0.000000000000000000e+00,0.000000000000000000e+00,0.000000000000000000e+00,0.000000000000000000e+00,0.000000000000000000e+00,0.000000000000000000e+00
1.350000000000000089e+00,0.000000000000000000e+00,0.000000000000000000e+00,0.000000000000000000e+00,0.000000000000000000e+00,0.000000000000000000e+00,0.000000000000000000e+00
1.354999999999999982e+00,0.000000000000000000e+00,0.000000000000000000e+00,0.000000000000000000e+00,0.000000000000000000e+00,0.000000000000000000e+00,0.000000000000000000e+00
1.360000000000000098e+00,0.000000000000000000e+00,0.000000000000000000e+00,0.000000000000000000e+00,0.000000000000000000e+00,0.000000000000000000e+00,0.000000000000000000e+00
1.364999999999999991e+00,0.000000000000000000e+00,0.000000000000000000e+00,0.000000000000000000e+00,0.000000000000000000e+00,0.000000000000000000e+00,0.000000000000000000e+00
1.370000000000000107e+00,0.000000000000000000e+00,0.000000000000000000e+00,0.000000000000000000e+00,0.000000000000000000e+00,0.000000000000000000e+00,0.000000000000000000e+00
1.375000000000000000e+00,0.000000000000000000e+00,0.000000000000000000e+00,0.000000000000000000e+00,0.000000000000000000e+00,0.000000000000000000e+00,0.000000000000000000e+00
1.380000000000000115e+00,0.000000000000000000e+00,0.000000000000000000e+00,0.000000000000000000e+00,0.000000000000000000e+00,0.000000000000000000e+00,0.000000000000000000e+00
1.385000000000000009e+00,0.000000000000000000e+00,0.000000000000000000e+00,0.000000000000000000e+00,0.000000000000000000e+00,0.000000000000000000e+00,0.000000000000000000e+00
1.390000000000000124e+00,0.000000000000000000e+00,0.000000000000000000e+00,0.000000000000000000e+00,0.000000000000000000e+00,0.000000000000000000e+00,0.000000000000000000e+00
1.395000000000000018e+00,0.000000000000000000e+00,0.000000000000000000e+00,0.000000000000000000e+00,0.000000000000000000e+00,0.000000000000000000e+00,0.000000000000000000e+00
1.400000000000000133e+00,0.000000000000000000e+00,0.000000000000000000e+00,0.000000000000000000e+00,0.000000000000000000e+00,0.000000000000000000e+00,0.000000000000000000e+00
1.405000000000000027e+00,0.000000000000000000e+00,0.000000000000000000e+00,0.000000000000000000e+00,0.000000000000000000e+00,0.000000000000000000e+00,0.000000000000000000e+00
1.409999999999999920e+00,0.000000000000000000e+00,0.000000000000000000e+00,0.000000000000000000e+00,0.000000000000000000e+00,0.000000000000000000e+00,0.000000000000000000e+00
1.415000000000000036e+00,0.000000000000000000e+00,0.000000000000000000e+00,0.000000000000000000e+00,0.000000000000000000e+00,0.000000000000000000e+00,0.000000000000000000e+00
1.419999999999999929e+00,0.000000000000000000e+00,0.000000000000000000e+00,0.000000000000000000e+00,0.000000000000000000e+00,0.000000000000000000e+00,0.000000000000000000e+00
1.425000000000000044e+00,0.000000000000000000e+00,0.000000000000000000e+00,0.000000000000000000e+00,0.000000000000000000e+00,0.000000000000000000e+00,0.000000000000000000e+00
1.429999999999999938e+00,0.000000000000000000e+00,0.000000000000000000e+00,0.000000000000000000e+00,0.000000000000000000e+00,0.000000000000000000e+00,0.000000000000000000e+00
1.435000000000000053e+00,0.000000000000000000e+00,0.000000000000000000e+00,0.000000000000000000e+00,0.000000000000000000e+00,0.000000000000000000e+00,0.000000000000000000e+00
1.439999999999999947e+00,0.000000000000000000e+00,0.000000000000000000e+00,0.000000000000000000e+00,0.000000000000000000e+00,0.000000000000000000e+00,0.000000000000000000e+00
1.445000000000000062e+00,0.000000000000000000e+00,0.000000000000000000e+00,0.000000000000000000e+00,0.000000000000000000e+00,0.000000000000000000e+00,0.000000000000000000e+00
1.449999999999999956e+00,0.000000000000000000e+00,0.000000000000000000e+00,0.000000000000000000e+00,0.000000000000000000e+00,0.000000000000000000e+00,0.000000000000000000e+00
1.455000000000000071e+00,0.000000000000000000e+00,0.000000000000000000e+00,0.000000000000000000e+00,0.000000000000000000e+00,0.000000000000000000e+00,0.000000000000000000e+00
1.459999999999999964e+00,0.000000000000000000e+00,0.000000000000000000e+00,0.000000000000000000e+00,0.000000000000000000e+00,0.000000000000000000e+00,0.000000000000000000e+00
1.465000000000000080e+00,0.000000000000000000e+00,0.000000000000000000e+00,0.000000000000000000e+00,0.000000000000000000e+00,0.000000000000000000e+00,0.000000000000000000e+00
1.469999999999999973e+00,0.000000000000000000e+00,0.000000000000000000e+00,0.000000000000000000e+00,0.000000000000000000e+00,0.000000000000000000e+00,0.000000000000000000e+00
1.475000000000000089e+00,0.000000000000000000e+00,0.000000000000000000e+00,0.000000000000000000e+00,0.000000000000000000e+00,0.000000000000000000e+00,0.000000000000000000e+00
1.479999999999999982e+00,0.000000000000000000e+00,0.000000000000000000e+00,0.000000000000000000e+00,0.000000000000000000e+00,0.000000000000000000e+00,0.000000000000000000e+00
1.485000000000000098e+00,0.000000000000000000e+00,0.000000000000000000e+00,0.000000000000000000e+00,0.000000000000000000e+00,0.000000000000000000e+00,0.000000000000000000e+00
1.489999999999999991e+00,0.000000000000000000e+00,0.000000000000000000e+00,0.000000000000000000e+00,0.000000000000000000e+00,0.000000000000000000e+00,0.000000000000000000e+00
1.495000000000000107e+00,0.000000000000000000e+00,0.000000000000000000e+00,0.000000000000000000e+00,0.000000000000000000e+00,0.000000000000000000e+00,0.000000000000000000e+00
1.500000000000000000e+00,0.000000000000000000e+00,0.000000000000000000e+00,0.000000000000000000e+00,0.000000000000000000e+00,0.000000000000000000e+00,0.000000000000000000e+00
1.505000000000000115e+00,0.000000000000000000e+00,0.000000000000000000e+00,0.000000000000000000e+00,0.000000000000000000e+00,0.000000000000000000e+00,0.000000000000000000e+00
1.510000000000000009e+00,0.000000000000000000e+00,0.000000000000000000e+00,0.000000000000000000e+00,0.000000000000000000e+00,0.000000000000000000e+00,0.000000000000000000e+00
1.515000000000000124e+00,0.000000000000000000e+00,0.000000000000000000e+00,0.000000000000000000e+00,0.000000000000000000e+00,0.000000000000000000e+00,0.000000000000000000e+00
1.520000000000000018e+00,0.000000000000000000e+00,0.000000000000000000e+00,0.000000000000000000e+00,0.000000000000000000e+00,0.000000000000000000e+00,0.000000000000000000e+00
1.525000000000000133e+00,0.000000000000000000e+00,0.000000000000000000e+00,0.000000000000000000e+00,0.000000000000000000e+00,0.000000000000000000e+00,0.000000000000000000e+00
1.530000000000000027e+00,0.000000000000000000e+00,0.000000000000000000e+00,0.000000000000000000e+00,0.000000000000000000e+00,0.000000000000000000e+00,0.000000000000000000e+00
1.535000000000000142e+00,0.000000000000000000e+00,0.000000000000000000e+00,0.000000000000000000e+00,0.000000000000000000e+00,0.000000000000000000e+00,0.000000000000000000e+00
1.540000000000000036e+00,0.000000000000000000e+00,0.000000000000000000e+00,0.000000000000000000e+00,0.000000000000000000e+00,0.000000000000000000e+00,0.000000000000000000e+00
1.544999999999999929e+00,0.000000000000000000e+00,0.000000000000000000e+00,0.000000000000000000e+00,0.000000000000000000e+00,0.000000000000000000e+00,0.000000000000000000e+00
1.550000000000000044e+00,0.000000000000000000e+00,0.000000000000000000e+00,0.000000000000000000e+00,0.000000000000000000e+00,0.000000000000000000e+00,0.000000000000000000e+00
1.554999999999999938e+00,0.000000000000000000e+00,0.000000000000000000e+00,0.000000000000000000e+00,0.000000000000000000e+00,0.000000000000000000e+00,0.000000000000000000e+00
1.560000000000000053e+00,0.000000000000000000e+00,0.000000000000000000e+00,0.000000000000000000e+00,0.000000000000000000e+00,0.000000000000000000e+00,0.000000000000000000e+00
1.564999999999999947e+00,0.000000000000000000e+00,0.000000000000000000e+00,0.000000000000000000e+00,0.000000000000000000e+00,0.000000000000000000e+00,0.000000000000000000e+00
1.570000000000000062e+00,0.000000000000000000e+00,0.000000000000000000e+00,0.000000000000000000e+00,0.000000000000000000e+00,0.000000000000000000e+00,0.000000000000000000e+00
1.574999999999999956e+00,0.000000000000000000e+00,0.000000000000000000e+00,0.000000000000000000e+00,0.000000000000000000e+00,0.000000000000000000e+00,0.000000000000000000e+00
1.580000000000000071e+00,0.000000000000000000e+00,0.000000000000000000e+00,0.000000000000000000e+00,0.000000000000000000e+00,0.000000000000000000e+00,0.000000000000000000e+00
1.584999999999999964e+00,0.000000000000000000e+00,0.000000000000000000e+00,0.000000000000000000e+00,0.000000000000000000e+00,0.000000000000000000e+00,0.000000000000000000e+00
1.590000000000000080e+00,0.000000000000000000e+00,0.000000000000000000e+00,0.000000000000000000e+00,0.000000000000000000e+00,0.000000000000000000e+00,0.000000000000000000e+00
1.594999999999999973e+00,0.000000000000000000e+00,0.000000000000000000e+00,0.000000000000000000e+00,0.000000000000000000e+00,0.000000000000000000e+00,0.000000000000000000e+00
1.600000000000000089e+00,0.000000000000000000e+00,0.000000000000000000e+00,0.000000000000000000e+00,0.000000000000000000e+00,0.000000000000000000e+00,0.000000000000000000e+00
1.604999999999999982e+00,0.000000000000000000e+00,0.000000000000000000e+00,0.000000000000000000e+00,0.000000000000000000e+00,0.000000000000000000e+00,0.000000000000000000e+00
1.610000000000000098e+00,0.000000000000000000e+00,0.000000000000000000e+00,0.000000000000000000e+00,0.000000000000000000e+00,0.000000000000000000e+00,0.000000000000000000e+00
1.614999999999999991e+00,0.000000000000000000e+00,0.000000000000000000e+00,0.000000000000000000e+00,0.000000000000000000e+00,0.000000000000000000e+00,0.000000000000000000e+00
1.620000000000000107e+00,0.000000000000000000e+00,0.000000000000000000e+00,0.000000000000000000e+00,0.000000000000000000e+00,0.000000000000000000e+00,0.000000000000000000e+00
1.625000000000000000e+00,0.000000000000000000e+00,0.000000000000000000e+00,0.000000000000000000e+00,0.000000000000000000e+00,0.000000000000000000e+00,0.000000000000000000e+00
1.630000000000000115e+00,0.000000000000000000e+00,0.000000000000000000e+00,0.000000000000000000e+00,0.000000000000000000e+00,0.000000000000000000e+00,0.000000000000000000e+00
1.635000000000000009e+00,0.000000000000000000e+00,0.000000000000000000e+00,0.000000000000000000e+00,0.000000000000000000e+00,0.000000000000000000e+00,0.000000000000000000e+00
1.640000000000000124e+00,0.000000000000000000e+00,0.000000000000000000e+00,0.000000000000000000e+00,0.000000000000000000e+00,0.000000000000000000e+00,0.000000000000000000e+00
1.645000000000000018e+00,0.000000000000000000e+00,0.000000000000000000e+00,0.000000000000000000e+00,0.000000000000000000e+00,0.000000000000000000e+00,0.000000000000000000e+00
1.650000000000000133e+00,0.000000000000000000e+00,0.000000000000000000e+00,0.000000000000000000e+00,0.000000000000000000e+00,0.000000000000000000e+00,0.000000000000000000e+00
1.655000000000000027e+00,0.000000000000000000e+00,0.000000000000000000e+00,0.000000000000000000e+00,0.000000000000000000e+00,0.000000000000000000e+00,0.000000000000000000e+00
1.660000000000000142e+00,0.000000000000000000e+00,0.000000000000000000e+00,0.000000000000000000e+00,0.000000000000000000e+00,0.000000000000000000e+00,0.000000000000000000e+00
1.665000000000000036e+00,0.000000000000000000e+00,0.000000000000000000e+00,0.000000000000000000e+00,0.000000000000000000e+00,0.000000000000000000e+00,0.000000000000000000e+00
1.669999999999999929e+00,0.000000000000000000e+00,0.000000000000000000e+00,0.000000000000000000e+00,0.000000000000000000e+00,0.000000000000000000e+00,0.000000000000000000e+00
1.675000000000000044e+00,0.000000000000000000e+00,0.000000000000000000e+00,0.000000000000000000e+00,0.000000000000000000e+00,0.000000000000000000e+00,0.000000000000000000e+00
1.679999999999999938e+00,0.000000000000000000e+00,0.000000000000000000e+00,0.000000000000000000e+00,0.000000000000000000e+00,0.000000000000000000e+00,0.000000000000000000e+00
1.685000000000000053e+00,0.000000000000000000e+00,0.000000000000000000e+00,0.000000000000000000e+00,0.000000000000000000e+00,0.000000000000000000e+00,0.000000000000000000e+00
1.689999999999999947e+00,0.000000000000000000e+00,0.000000000000000000e+00,0.000000000000000000e+00,0.000000000000000000e+00,0.000000000000000000e+00,0.000000000000000000e+00
1.695000000000000062e+00,0.000000000000000000e+00,0.000000000000000000e+00,0.000000000000000000e+00,0.000000000000000000e+00,0.000000000000000000e+00,0.000000000000000000e+00
1.699999999999999956e+00,0.000000000000000000e+00,0.000000000000000000e+00,0.000000000000000000e+00,0.000000000000000000e+00,0.000000000000000000e+00,0.000000000000000000e+00
1.705000000000000071e+00,0.000000000000000000e+00,0.000000000000000000e+00,0.000000000000000000e+00,0.000000000000000000e+00,0.000000000000000000e+00,0.000000000000000000e+00
1.709999999999999964e+00,0.000000000000000000e+00,0.000000000000000000e+00,0.000000000000000000e+00,0.000000000000000000e+00,0.000000000000000000e+00,0.000000000000000000e+00
1.715000000000000080e+00,0.000000000000000000e+00,0.000000000000000000e+00,0.000000000000000000e+00,0.000000000000000000e+00,0.000000000000000000e+00,0.000000000000000000e+00
1.719999999999999973e+00,0.000000000000000000e+00,0.000000000000000000e+00,0.000000000000000000e+00,0.000000000000000000e+00,0.000000000000000000e+00,0.000000000000000000e+00
1.725000000000000089e+00,0.000000000000000000e+00,0.000000000000000000e+00,0.000000000000000000e+00,0.000000000000000000e+00,0.000000000000000000e+00,0.000000000000000000e+00
1.729999999999999982e+00,0.000000000000000000e+00,0.000000000000000000e+00,0.000000000000000000e+00,0.000000000000000000e+00,0.000000000000000000e+00,0.000000000000000000e+00
1.735000000000000098e+00,0.000000000000000000e+00,0.000000000000000000e+00,0.000000000000000000e+00,0.000000000000000000e+00,0.000000000000000000e+00,0.000000000000000000e+00
1.739999999999999991e+00,0.000000000000000000e+00,0.000000000000000000e+00,0.000000000000000000e+00,0.000000000000000000e+00,0.000000000000000000e+00,0.000000000000000000e+00
1.745000000000000107e+00,0.000000000000000000e+00,0.000000000000000000e+00,0.000000000000000000e+00,0.000000000000000000e+00,0.000000000000000000e+00,0.000000000000000000e+00
1.750000000000000000e+00,0.000000000000000000e+00,0.000000000000000000e+00,0.000000000000000000e+00,0.000000000000000000e+00,0.000000000000000000e+00,0.000000000000000000e+00
1.755000000000000115e+00,0.000000000000000000e+00,0.000000000000000000e+00,0.000000000000000000e+00,0.000000000000000000e+00,0.000000000000000000e+00,0.000000000000000000e+00
1.760000000000000009e+00,0.000000000000000000e+00,0.000000000000000000e+00,0.000000000000000000e+00,0.000000000000000000e+00,0.000000000000000000e+00,0.000000000000000000e+00
1.765000000000000124e+00,0.000000000000000000e+00,0.000000000000000000e+00,0.000000000000000000e+00,0.000000000000000000e+00,0.000000000000000000e+00,0.000000000000000000e+00
1.770000000000000018e+00,0.000000000000000000e+00,0.000000000000000000e+00,0.000000000000000000e+00,0.000000000000000000e+00,0.000000000000000000e+00,0.000000000000000000e+00
1.775000000000000133e+00,0.000000000000000000e+00,0.000000000000000000e+00,0.000000000000000000e+00,0.000000000000000000e+00,0.000000000000000000e+00,0.000000000000000000e+00
1.780000000000000027e+00,0.000000000000000000e+00,0.000000000000000000e+00,0.000000000000000000e+00,0.000000000000000000e+00,0.000000000000000000e+00,0.000000000000000000e+00
1.785000000000000142e+00,0.000000000000000000e+00,0.000000000000000000e+00,0.000000000000000000e+00,0.000000000000000000e+00,0.000000000000000000e+00,0.000000000000000000e+00
1.790000000000000036e+00,0.000000000000000000e+00,0.000000000000000000e+00,0.000000000000000000e+00,0.000000000000000000e+00,0.000000000000000000e+00,0.000000000000000000e+00
1.794999999999999929e+00,0.000000000000000000e+00,0.000000000000000000e+00,0.000000000000000000e+00,0.000000000000000000e+00,0.000000000000000000e+00,0.000000000000000000e+00
1.800000000000000044e+00,0.000000000000000000e+00,0.000000000000000000e+00,0.000000000000000000e+00,0.000000000000000000e+00,0.000000000000000000e+00,0.000000000000000000e+00
1.804999999999999938e+00,0.000000000000000000e+00,0.000000000000000000e+00,0.000000000000000000e+00,0.000000000000000000e+00,0.000000000000000000e+00,0.000000000000000000e+00
1.810000000000000053e+00,0.000000000000000000e+00,0.000000000000000000e+00,0.000000000000000000e+00,0.000000000000000000e+00,0.000000000000000000e+00,0.000000000000000000e+00
1.814999999999999947e+00,0.000000000000000000e+00,0.000000000000000000e+00,0.000000000000000000e+00,0.000000000000000000e+00,0.000000000000000000e+00,0.000000000000000000e+00
1.820000000000000062e+00,0.000000000000000000e+00,0.000000000000000000e+00,0.000000000000000000e+00,0.000000000000000000e+00,0.000000000000000000e+00,0.000000000000000000e+00
1.824999999999999956e+00,0.000000000000000000e+00,0.000000000000000000e+00,0.000000000000000000e+00,0.000000000000000000e+00,0.000000000000000000e+00,0.000000000000000000e+00
1.830000000000000071e+00,0.000000000000000000e+00,0.000000000000000000e+00,0.000000000000000000e+00,0.000000000000000000e+00,0.000000000000000000e+00,0.000000000000000000e+00
1.834999999999999964e+00,0.000000000000000000e+00,0.000000000000000000e+00,0.000000000000000000e+00,0.000000000000000000e+00,0.000000000000000000e+00,0.000000000000000000e+00
1.840000000000000080e+00,0.000000000000000000e+00,0.000000000000000000e+00,0.000000000000000000e+00,0.000000000000000000e+00,0.000000000000000000e+00,0.000000000000000000e+00
1.844999999999999973e+00,0.000000000000000000e+00,0.000000000000000000e+00,0.000000000000000000e+00,0.000000000000000000e+00,0.000000000000000000e+00,0.000000000000000000e+00
1.850000000000000089e+00,0.000000000000000000e+00,0.000000000000000000e+00,0.000000000000000000e+00,0.000000000000000000e+00,0.000000000000000000e+00,0.000000000000000000e+00
1.854999999999999982e+00,0.000000000000000000e+00,0.000000000000000000e+00,0.000000000000000000e+00,0.000000000000000000e+00,0.000000000000000000e+00,0.000000000000000000e+00
1.860000000000000098e+00,0.000000000000000000e+00,0.000000000000000000e+00,0.000000000000000000e+00,0.000000000000000000e+00,0.000000000000000000e+00,0.000000000000000000e+00
1.864999999999999991e+00,0.000000000000000000e+00,0.000000000000000000e+00,0.000000000000000000e+00,0.000000000000000000e+00,0.000000000000000000e+00,0.000000000000000000e+00
1.870000000000000107e+00,0.000000000000000000e+00,0.000000000000000000e+00,0.000000000000000000e+00,0.000000000000000000e+00,0.000000000000000000e+00,0.000000000000000000e+00
1.875000000000000000e+00,0.000000000000000000e+00,0.000000000000000000e+00,0.000000000000000000e+00,0.000000000000000000e+00,0.000000000000000000e+00,0.000000000000000000e+00
1.880000000000000115e+00,0.000000000000000000e+00,0.000000000000000000e+00,0.000000000000000000e+00,0.000000000000000000e+00,0.000000000000000000e+00,0.000000000000000000e+00
1.885000000000000009e+00,0.000000000000000000e+00,0.000000000000000000e+00,0.000000000000000000e+00,0.000000000000000000e+00,0.000000000000000000e+00,0.000000000000000000e+00
1.890000000000000124e+00,0.000000000000000000e+00,0.000000000000000000e+00,0.000000000000000000e+00,0.000000000000000000e+00,0.000000000000000000e+00,0.000000000000000000e+00
1.895000000000000018e+00,0.000000000000000000e+00,0.000000000000000000e+00,0.000000000000000000e+00,0.000000000000000000e+00,0.000000000000000000e+00,0.000000000000000000e+00
1.900000000000000133e+00,0.000000000000000000e+00,0.000000000000000000e+00,0.000000000000000000e+00,0.000000000000000000e+00,0.000000000000000000e+00,0.000000000000000000e+00
1.905000000000000027e+00,0.000000000000000000e+00,0.000000000000000000e+00,0.000000000000000000e+00,0.000000000000000000e+00,0.000000000000000000e+00,0.000000000000000000e+00
1.910000000000000142e+00,0.000000000000000000e+00,0.000000000000000000e+00,0.000000000000000000e+00,0.000000000000000000e+00,0.000000000000000000e+00,0.000000000000000000e+00
1.915000000000000036e+00,0.000000000000000000e+00,0.000000000000000000e+00,0.000000000000000000e+00,0.000000000000000000e+00,0.000000000000000000e+00,0.000000000000000000e+00
1.919999999999999929e+00,0.000000000000000000e+00,0.000000000000000000e+00,0.000000000000000000e+00,0.000000000000000000e+00,0.000000000000000000e+00,0.000000000000000000e+00
1.925000000000000044e+00,0.000000000000000000e+00,0.000000000000000000e+00,0.000000000000000000e+00,0.000000000000000000e+00,0.000000000000000000e+00,0.000000000000000000e+00
1.929999999999999938e+00,0.000000000000000000e+00,0.000000000000000000e+00,0.000000000000000000e+00,0.000000000000000000e+00,0.000000000000000000e+00,0.000000000000000000e+00
1.935000000000000053e+00,0.000000000000000000e+00,0.000000000000000000e+00,0.000000000000000000e+00,0.000000000000000000e+00,0.000000000000000000e+00,0.000000000000000000e+00
1.939999999999999947e+00,0.000000000000000000e+00,0.000000000000000000e+00,0.000000000000000000e+00,0.000000000000000000e+00,0.000000000000000000e+00,0.000000000000000000e+00
1.945000000000000062e+00,0.000000000000000000e+00,0.000000000000000000e+00,0.000000000000000000e+00,0.000000000000000000e+00,0.000000000000000000e+00,0.000000000000000000e+00
1.949999999999999956e+00,0.000000000000000000e+00,0.000000000000000000e+00,0.000000000000000000e+00,0.000000000000000000e+00,0.000000000000000000e+00,0.000000000000000000e+00
1.955000000000000071e+00,0.000000000000000000e+00,0.000000000000000000e+00,0.000000000000000000e+00,0.000000000000000000e+00,0.000000000000000000e+00,0.000000000000000000e+00
1.959999999999999964e+00,0.000000000000000000e+00,0.000000000000000000e+00,0.000000000000000000e+00,0.000000000000000000e+00,0.000000000000000000e+00,0.000000000000000000e+00
1.965000000000000080e+00,0.000000000000000000e+00,0.000000000000000000e+00,0.000000000000000000e+00,0.000000000000000000e+00,0.000000000000000000e+00,0.000000000000000000e+00
1.969999999999999973e+00,0.000000000000000000e+00,0.000000000000000000e+00,0.000000000000000000e+00,0.000000000000000000e+00,0.000000000000000000e+00,0.000000000000000000e+00
1.975000000000000089e+00,0.000000000000000000e+00,0.000000000000000000e+00,0.000000000000000000e+00,0.000000000000000000e+00,0.000000000000000000e+00,0.000000000000000000e+00
1.979999999999999982e+00,0.000000000000000000e+00,0.000000000000000000e+00,0.000000000000000000e+00,0.000000000000000000e+00,0.000000000000000000e+00,0.000000000000000000e+00
1.985000000000000098e+00,0.000000000000000000e+00,0.000000000000000000e+00,0.000000000000000000e+00,0.000000000000000000e+00,0.000000000000000000e+00,0.000000000000000000e+00
1.989999999999999991e+00,0.000000000000000000e+00,0.000000000000000000e+00,0.000000000000000000e+00,0.000000000000000000e+00,0.000000000000000000e+00,0.000000000000000000e+00
1.995000000000000107e+00,0.000000000000000000e+00,0.000000000000000000e+00,0.000000000000000000e+00,0.000000000000000000e+00,0.000000000000000000e+00,0.000000000000000000e+00
2.000000000000000000e+00,0.000000000000000000e+00,0.000000000000000000e+00,0.000000000000000000e+00,0.000000000000000000e+00,0.000000000000000000e+00,0.000000000000000000e+00
2.004999999999999893e+00,0.000000000000000000e+00,0.000000000000000000e+00,0.000000000000000000e+00,0.000000000000000000e+00,0.000000000000000000e+00,0.000000000000000000e+00
2.010000000000000231e+00,0.000000000000000000e+00,0.000000000000000000e+00,0.000000000000000000e+00,0.000000000000000000e+00,0.000000000000000000e+00,0.000000000000000000e+00
2.015000000000000124e+00,0.000000000000000000e+00,0.000000000000000000e+00,0.000000000000000000e+00,0.000000000000000000e+00,0.000000000000000000e+00,0.000000000000000000e+00
2.020000000000000018e+00,0.000000000000000000e+00,0.000000000000000000e+00,0.000000000000000000e+00,0.000000000000000000e+00,0.000000000000000000e+00,0.000000000000000000e+00
2.024999999999999911e+00,0.000000000000000000e+00,0.000000000000000000e+00,0.000000000000000000e+00,0.000000000000000000e+00,0.000000000000000000e+00,0.000000000000000000e+00
2.030000000000000249e+00,0.000000000000000000e+00,0.000000000000000000e+00,0.000000000000000000e+00,0.000000000000000000e+00,0.000000000000000000e+00,0.000000000000000000e+00
2.035000000000000142e+00,0.000000000000000000e+00,0.000000000000000000e+00,0.000000000000000000e+00,0.000000000000000000e+00,0.000000000000000000e+00,0.000000000000000000e+00
2.040000000000000036e+00,0.000000000000000000e+00,0.000000000000000000e+00,0.000000000000000000e+00,0.000000000000000000e+00,0.000000000000000000e+00,0.000000000000000000e+00
2.044999999999999929e+00,0.000000000000000000e+00,0.000000000000000000e+00,0.000000000000000000e+00,0.000000000000000000e+00,0.000000000000000000e+00,0.000000000000000000e+00
2.049999999999999822e+00,0.000000000000000000e+00,0.000000000000000000e+00,0.000000000000000000e+00,0.000000000000000000e+00,0.000000000000000000e+00,0.000000000000000000e+00
2.055000000000000160e+00,0.000000000000000000e+00,0.000000000000000000e+00,0.000000000000000000e+00,0.000000000000000000e+00,0.000000000000000000e+00,0.000000000000000000e+00
2.060000000000000053e+00,0.000000000000000000e+00,0.000000000000000000e+00,0.000000000000000000e+00,0.000000000000000000e+00,0.000000000000000000e+00,0.000000000000000000e+00
2.064999999999999947e+00,0.000000000000000000e+00,0.000000000000000000e+00,0.000000000000000000e+00,0.000000000000000000e+00,0.000000000000000000e+00,0.000000000000000000e+00
2.069999999999999840e+00,0.000000000000000000e+00,0.000000000000000000e+00,0.000000000000000000e+00,0.000000000000000000e+00,0.000000000000000000e+00,0.000000000000000000e+00
2.075000000000000178e+00,0.000000000000000000e+00,0.000000000000000000e+00,0.000000000000000000e+00,0.000000000000000000e+00,0.000000000000000000e+00,0.000000000000000000e+00
2.080000000000000071e+00,0.000000000000000000e+00,0.000000000000000000e+00,0.000000000000000000e+00,0.000000000000000000e+00,0.000000000000000000e+00,0.000000000000000000e+00
2.084999999999999964e+00,0.000000000000000000e+00,0.000000000000000000e+00,0.000000000000000000e+00,0.000000000000000000e+00,0.000000000000000000e+00,0.000000000000000000e+00
2.089999999999999858e+00,0.000000000000000000e+00,0.000000000000000000e+00,0.000000000000000000e+00,0.000000000000000000e+00,0.000000000000000000e+00,0.000000000000000000e+00
2.095000000000000195e+00,0.000000000000000000e+00,0.000000000000000000e+00,0.000000000000000000e+00,0.000000000000000000e+00,0.000000000000000000e+00,0.000000000000000000e+00
2.100000000000000089e+00,0.000000000000000000e+00,0.000000000000000000e+00,0.000000000000000000e+00,0.000000000000000000e+00,0.000000000000000000e+00,0.000000000000000000e+00
2.104999999999999982e+00,0.000000000000000000e+00,0.000000000000000000e+00,0.000000000000000000e+00,0.000000000000000000e+00,0.000000000000000000e+00,0.000000000000000000e+00
2.109999999999999876e+00,0.000000000000000000e+00,0.000000000000000000e+00,0.000000000000000000e+00,0.000000000000000000e+00,0.000000000000000000e+00,0.000000000000000000e+00
2.115000000000000213e+00,0.000000000000000000e+00,0.000000000000000000e+00,0.000000000000000000e+00,0.000000000000000000e+00,0.000000000000000000e+00,0.000000000000000000e+00
2.120000000000000107e+00,0.000000000000000000e+00,0.000000000000000000e+00,0.000000000000000000e+00,0.000000000000000000e+00,0.000000000000000000e+00,0.000000000000000000e+00
2.125000000000000000e+00,0.000000000000000000e+00,0.000000000000000000e+00,0.000000000000000000e+00,0.000000000000000000e+00,0.000000000000000000e+00,0.000000000000000000e+00
2.129999999999999893e+00,0.000000000000000000e+00,0.000000000000000000e+00,0.000000000000000000e+00,0.000000000000000000e+00,0.000000000000000000e+00,0.000000000000000000e+00
2.135000000000000231e+00,0.000000000000000000e+00,0.000000000000000000e+00,0.000000000000000000e+00,0.000000000000000000e+00,0.000000000000000000e+00,0.000000000000000000e+00
2.140000000000000124e+00,0.000000000000000000e+00,0.000000000000000000e+00,0.000000000000000000e+00,0.000000000000000000e+00,0.000000000000000000e+00,0.000000000000000000e+00
2.145000000000000018e+00,0.000000000000000000e+00,0.000000000000000000e+00,0.000000000000000000e+00,0.000000000000000000e+00,0.000000000000000000e+00,0.000000000000000000e+00
2.149999999999999911e+00,0.000000000000000000e+00,0.000000000000000000e+00,0.000000000000000000e+00,0.000000000000000000e+00,0.000000000000000000e+00,0.000000000000000000e+00
2.155000000000000249e+00,0.000000000000000000e+00,0.000000000000000000e+00,0.000000000000000000e+00,0.000000000000000000e+00,0.000000000000000000e+00,0.000000000000000000e+00
2.160000000000000142e+00,0.000000000000000000e+00,0.000000000000000000e+00,0.000000000000000000e+00,0.000000000000000000e+00,0.000000000000000000e+00,0.000000000000000000e+00
2.165000000000000036e+00,0.000000000000000000e+00,0.000000000000000000e+00,0.000000000000000000e+00,0.000000000000000000e+00,0.000000000000000000e+00,0.000000000000000000e+00
2.169999999999999929e+00,0.000000000000000000e+00,0.000000000000000000e+00,0.000000000000000000e+00,0.000000000000000000e+00,0.000000000000000000e+00,0.000000000000000000e+00
2.175000000000000266e+00,0.000000000000000000e+00,0.000000000000000000e+00,0.000000000000000000e+00,0.000000000000000000e+00,0.000000000000000000e+00,0.000000000000000000e+00
2.180000000000000160e+00,0.000000000000000000e+00,0.000000000000000000e+00,0.000000000000000000e+00,0.000000000000000000e+00,0.000000000000000000e+00,0.000000000000000000e+00
2.185000000000000053e+00,0.000000000000000000e+00,0.000000000000000000e+00,0.000000000000000000e+00,0.000000000000000000e+00,0.000000000000000000e+00,0.000000000000000000e+00
2.189999999999999947e+00,0.000000000000000000e+00,0.000000000000000000e+00,0.000000000000000000e+00,0.000000000000000000e+00,0.000000000000000000e+00,0.000000000000000000e+00
2.194999999999999840e+00,0.000000000000000000e+00,0.000000000000000000e+00,0.000000000000000000e+00,0.000000000000000000e+00,0.000000000000000000e+00,0.000000000000000000e+00
2.200000000000000178e+00,0.000000000000000000e+00,0.000000000000000000e+00,0.000000000000000000e+00,0.000000000000000000e+00,0.000000000000000000e+00,0.000000000000000000e+00
2.205000000000000071e+00,0.000000000000000000e+00,0.000000000000000000e+00,0.000000000000000000e+00,0.000000000000000000e+00,0.000000000000000000e+00,0.000000000000000000e+00
2.209999999999999964e+00,0.000000000000000000e+00,0.000000000000000000e+00,0.000000000000000000e+00,0.000000000000000000e+00,0.000000000000000000e+00,0.000000000000000000e+00
2.214999999999999858e+00,0.000000000000000000e+00,0.000000000000000000e+00,0.000000000000000000e+00,0.000000000000000000e+00,0.000000000000000000e+00,0.000000000000000000e+00
2.220000000000000195e+00,0.000000000000000000e+00,0.000000000000000000e+00,0.000000000000000000e+00,0.000000000000000000e+00,0.000000000000000000e+00,0.000000000000000000e+00
2.225000000000000089e+00,0.000000000000000000e+00,0.000000000000000000e+00,0.000000000000000000e+00,0.000000000000000000e+00,0.000000000000000000e+00,0.000000000000000000e+00
2.229999999999999982e+00,0.000000000000000000e+00,0.000000000000000000e+00,0.000000000000000000e+00,0.000000000000000000e+00,0.000000000000000000e+00,0.000000000000000000e+00
2.234999999999999876e+00,0.000000000000000000e+00,0.000000000000000000e+00,0.000000000000000000e+00,0.000000000000000000e+00,0.000000000000000000e+00,0.000000000000000000e+00
2.240000000000000213e+00,0.000000000000000000e+00,0.000000000000000000e+00,0.000000000000000000e+00,0.000000000000000000e+00,0.000000000000000000e+00,0.000000000000000000e+00
2.245000000000000107e+00,0.000000000000000000e+00,0.000000000000000000e+00,0.000000000000000000e+00,0.000000000000000000e+00,0.000000000000000000e+00,0.000000000000000000e+00
2.250000000000000000e+00,0.000000000000000000e+00,0.000000000000000000e+00,0.000000000000000000e+00,0.000000000000000000e+00,0.000000000000000000e+00,0.000000000000000000e+00
2.254999999999999893e+00,0.000000000000000000e+00,0.000000000000000000e+00,0.000000000000000000e+00,0.000000000000000000e+00,0.000000000000000000e+00,0.000000000000000000e+00
2.260000000000000231e+00,0.000000000000000000e+00,0.000000000000000000e+00,0.000000000000000000e+00,0.000000000000000000e+00,0.000000000000000000e+00,0.000000000000000000e+00
2.265000000000000124e+00,0.000000000000000000e+00,0.000000000000000000e+00,0.000000000000000000e+00,0.000000000000000000e+00,0.000000000000000000e+00,0.000000000000000000e+00
2.270000000000000018e+00,0.000000000000000000e+00,0.000000000000000000e+00,0.000000000000000000e+00,0.000000000000000000e+00,0.000000000000000000e+00,0.000000000000000000e+00
2.274999999999999911e+00,0.000000000000000000e+00,0.000000000000000000e+00,0.000000000000000000e+00,0.000000000000000000e+00,0.000000000000000000e+00,0.000000000000000000e+00
2.280000000000000249e+00,0.000000000000000000e+00,0.000000000000000000e+00,0.000000000000000000e+00,0.000000000000000000e+00,0.000000000000000000e+00,0.000000000000000000e+00
2.285000000000000142e+00,0.000000000000000000e+00,0.000000000000000000e+00,0.000000000000000000e+00,0.000000000000000000e+00,0.000000000000000000e+00,0.000000000000000000e+00
2.290000000000000036e+00,0.000000000000000000e+00,0.000000000000000000e+00,0.000000000000000000e+00,0.000000000000000000e+00,0.000000000000000000e+00,0.000000000000000000e+00
2.294999999999999929e+00,0.000000000000000000e+00,0.000000000000000000e+00,0.000000000000000000e+00,0.000000000000000000e+00,0.000000000000000000e+00,0.000000000000000000e+00
2.300000000000000266e+00,0.000000000000000000e+00,0.000000000000000000e+00,0.000000000000000000e+00,0.000000000000000000e+00,0.000000000000000000e+00,0.000000000000000000e+00
2.305000000000000160e+00,0.000000000000000000e+00,0.000000000000000000e+00,0.000000000000000000e+00,0.000000000000000000e+00,0.000000000000000000e+00,0.000000000000000000e+00
2.310000000000000053e+00,0.000000000000000000e+00,0.000000000000000000e+00,0.000000000000000000e+00,0.000000000000000000e+00,0.000000000000000000e+00,0.000000000000000000e+00
2.314999999999999947e+00,0.000000000000000000e+00,0.000000000000000000e+00,0.000000000000000000e+00,0.000000000000000000e+00,0.000000000000000000e+00,0.000000000000000000e+00
2.319999999999999840e+00,0.000000000000000000e+00,0.000000000000000000e+00,0.000000000000000000e+00,0.000000000000000000e+00,0.000000000000000000e+00,0.000000000000000000e+00
2.325000000000000178e+00,0.000000000000000000e+00,0.000000000000000000e+00,0.000000000000000000e+00,0.000000000000000000e+00,0.000000000000000000e+00,0.000000000000000000e+00
2.330000000000000071e+00,0.000000000000000000e+00,0.000000000000000000e+00,0.000000000000000000e+00,0.000000000000000000e+00,0.000000000000000000e+00,0.000000000000000000e+00
2.334999999999999964e+00,0.000000000000000000e+00,0.000000000000000000e+00,0.000000000000000000e+00,0.000000000000000000e+00,0.000000000000000000e+00,0.000000000000000000e+00
2.339999999999999858e+00,0.000000000000000000e+00,0.000000000000000000e+00,0.000000000000000000e+00,0.000000000000000000e+00,0.000000000000000000e+00,0.000000000000000000e+00
2.345000000000000195e+00,0.000000000000000000e+00,0.000000000000000000e+00,0.000000000000000000e+00,0.000000000000000000e+00,0.000000000000000000e+00,0.000000000000000000e+00
2.350000000000000089e+00,0.000000000000000000e+00,0.000000000000000000e+00,0.000000000000000000e+00,0.000000000000000000e+00,0.000000000000000000e+00,0.000000000000000000e+00
2.354999999999999982e+00,0.000000000000000000e+00,0.000000000000000000e+00,0.000000000000000000e+00,0.000000000000000000e+00,0.000000000000000000e+00,0.000000000000000000e+00
2.359999999999999876e+00,0.000000000000000000e+00,0.000000000000000000e+00,0.000000000000000000e+00,0.000000000000000000e+00,0.000000000000000000e+00,0.000000000000000000e+00
2.365000000000000213e+00,0.000000000000000000e+00,0.000000000000000000e+00,0.000000000000000000e+00,0.000000000000000000e+00,0.000000000000000000e+00,0.000000000000000000e+00
2.370000000000000107e+00,0.000000000000000000e+00,0.000000000000000000e+00,0.000000000000000000e+00,0.000000000000000000e+00,0.000000000000000000e+00,0.000000000000000000e+00
2.375000000000000000e+00,0.000000000000000000e+00,0.000000000000000000e+00,0.000000000000000000e+00,0.000000000000000000e+00,0.000000000000000000e+00,0.000000000000000000e+00
2.379999999999999893e+00,0.000000000000000000e+00,0.000000000000000000e+00,0.000000000000000000e+00,0.000000000000000000e+00,0.000000000000000000e+00,0.000000000000000000e+00
2.385000000000000231e+00,0.000000000000000000e+00,0.000000000000000000e+00,0.000000000000000000e+00,0.000000000000000000e+00,0.000000000000000000e+00,0.000000000000000000e+00
2.390000000000000124e+00,0.000000000000000000e+00,0.000000000000000000e+00,0.000000000000000000e+00,0.000000000000000000e+00,0.000000000000000000e+00,0.000000000000000000e+00
2.395000000000000018e+00,0.000000000000000000e+00,0.000000000000000000e+00,0.000000000000000000e+00,0.000000000000000000e+00,0.000000000000000000e+00,0.000000000000000000e+00
2.399999999999999911e+00,0.000000000000000000e+00,0.000000000000000000e+00,0.000000000000000000e+00,0.000000000000000000e+00,0.000000000000000000e+00,0.000000000000000000e+00
2.405000000000000249e+00,0.000000000000000000e+00,0.000000000000000000e+00,0.000000000000000000e+00,0.000000000000000000e+00,0.000000000000000000e+00,0.000000000000000000e+00
2.410000000000000142e+00,0.000000000000000000e+00,0.000000000000000000e+00,0.000000000000000000e+00,0.000000000000000000e+00,0.000000000000000000e+00,0.000000000000000000e+00
2.415000000000000036e+00,0.000000000000000000e+00,0.000000000000000000e+00,0.000000000000000000e+00,0.000000000000000000e+00,0.000000000000000000e+00,0.000000000000000000e+00
2.419999999999999929e+00,0.000000000000000000e+00,0.000000000000000000e+00,0.000000000000000000e+00,0.000000000000000000e+00,0.000000000000000000e+00,0.000000000000000000e+00
2.425000000000000266e+00,0.000000000000000000e+00,0.000000000000000000e+00,0.000000000000000000e+00,0.000000000000000000e+00,0.000000000000000000e+00,0.000000000000000000e+00
2.430000000000000160e+00,0.000000000000000000e+00,0.000000000000000000e+00,0.000000000000000000e+00,0.000000000000000000e+00,0.000000000000000000e+00,0.000000000000000000e+00
2.435000000000000053e+00,0.000000000000000000e+00,0.000000000000000000e+00,0.000000000000000000e+00,0.000000000000000000e+00,0.000000000000000000e+00,0.000000000000000000e+00
2.439999999999999947e+00,0.000000000000000000e+00,0.000000000000000000e+00,0.000000000000000000e+00,0.000000000000000000e+00,0.000000000000000000e+00,0.000000000000000000e+00
2.444999999999999840e+00,0.000000000000000000e+00,0.000000000000000000e+00,0.000000000000000000e+00,0.000000000000000000e+00,0.000000000000000000e+00,0.000000000000000000e+00
2.450000000000000178e+00,0.000000000000000000e+00,0.000000000000000000e+00,0.000000000000000000e+00,0.000000000000000000e+00,0.000000000000000000e+00,0.000000000000000000e+00
2.455000000000000071e+00,0.000000000000000000e+00,0.000000000000000000e+00,0.000000000000000000e+00,0.000000000000000000e+00,0.000000000000000000e+00,0.000000000000000000e+00
2.459999999999999964e+00,0.000000000000000000e+00,0.000000000000000000e+00,0.000000000000000000e+00,0.000000000000000000e+00,0.000000000000000000e+00,0.000000000000000000e+00
2.464999999999999858e+00,0.000000000000000000e+00,0.000000000000000000e+00,0.000000000000000000e+00,0.000000000000000000e+00,0.000000000000000000e+00,0.000000000000000000e+00
2.470000000000000195e+00,0.000000000000000000e+00,0.000000000000000000e+00,0.000000000000000000e+00,0.000000000000000000e+00,0.000000000000000000e+00,0.000000000000000000e+00
2.475000000000000089e+00,0.000000000000000000e+00,0.000000000000000000e+00,0.000000000000000000e+00,0.000000000000000000e+00,0.000000000000000000e+00,0.000000000000000000e+00
2.479999999999999982e+00,0.000000000000000000e+00,0.000000000000000000e+00,0.000000000000000000e+00,0.000000000000000000e+00,0.000000000000000000e+00,0.000000000000000000e+00
2.484999999999999876e+00,0.000000000000000000e+00,0.000000000000000000e+00,0.000000000000000000e+00,0.000000000000000000e+00,0.000000000000000000e+00,0.000000000000000000e+00
2.490000000000000213e+00,0.000000000000000000e+00,0.000000000000000000e+00,0.000000000000000000e+00,0.000000000000000000e+00,0.000000000000000000e+00,0.000000000000000000e+00
2.495000000000000107e+00,0.000000000000000000e+00,0.000000000000000000e+00,0.000000000000000000e+00,0.000000000000000000e+00,0.000000000000000000e+00,0.000000000000000000e+00
2.500000000000000000e+00,0.000000000000000000e+00,0.000000000000000000e+00,0.000000000000000000e+00,0.000000000000000000e+00,0.000000000000000000e+00,0.000000000000000000e+00
2.504999999999999893e+00,0.000000000000000000e+00,0.000000000000000000e+00,0.000000000000000000e+00,0.000000000000000000e+00,0.000000000000000000e+00,0.000000000000000000e+00
2.510000000000000231e+00,0.000000000000000000e+00,0.000000000000000000e+00,0.000000000000000000e+00,0.000000000000000000e+00,0.000000000000000000e+00,0.000000000000000000e+00
2.515000000000000124e+00,0.000000000000000000e+00,0.000000000000000000e+00,0.000000000000000000e+00,0.000000000000000000e+00,0.000000000000000000e+00,0.000000000000000000e+00
2.520000000000000018e+00,0.000000000000000000e+00,0.000000000000000000e+00,0.000000000000000000e+00,0.000000000000000000e+00,0.000000000000000000e+00,0.000000000000000000e+00
2.524999999999999911e+00,0.000000000000000000e+00,0.000000000000000000e+00,0.000000000000000000e+00,0.000000000000000000e+00,0.000000000000000000e+00,0.000000000000000000e+00
2.530000000000000249e+00,0.000000000000000000e+00,0.000000000000000000e+00,0.000000000000000000e+00,0.000000000000000000e+00,0.000000000000000000e+00,0.000000000000000000e+00
2.535000000000000142e+00,0.000000000000000000e+00,0.000000000000000000e+00,0.000000000000000000e+00,0.000000000000000000e+00,0.000000000000000000e+00,0.000000000000000000e+00
2.540000000000000036e+00,0.000000000000000000e+00,0.000000000000000000e+00,0.000000000000000000e+00,0.000000000000000000e+00,0.000000000000000000e+00,0.000000000000000000e+00
2.544999999999999929e+00,0.000000000000000000e+00,0.000000000000000000e+00,0.000000000000000000e+00,0.000000000000000000e+00,0.000000000000000000e+00,0.000000000000000000e+00
2.550000000000000266e+00,0.000000000000000000e+00,0.000000000000000000e+00,0.000000000000000000e+00,0.000000000000000000e+00,0.000000000000000000e+00,0.000000000000000000e+00
2.555000000000000160e+00,0.000000000000000000e+00,0.000000000000000000e+00,0.000000000000000000e+00,0.000000000000000000e+00,0.000000000000000000e+00,0.000000000000000000e+00
2.560000000000000053e+00,0.000000000000000000e+00,0.000000000000000000e+00,0.000000000000000000e+00,0.000000000000000000e+00,0.000000000000000000e+00,0.000000000000000000e+00
2.564999999999999947e+00,0.000000000000000000e+00,0.000000000000000000e+00,0.000000000000000000e+00,0.000000000000000000e+00,0.000000000000000000e+00,0.000000000000000000e+00
2.569999999999999840e+00,0.000000000000000000e+00,0.000000000000000000e+00,0.000000000000000000e+00,0.000000000000000000e+00,0.000000000000000000e+00,0.000000000000000000e+00
2.575000000000000178e+00,0.000000000000000000e+00,0.000000000000000000e+00,0.000000000000000000e+00,0.000000000000000000e+00,0.000000000000000000e+00,0.000000000000000000e+00
2.580000000000000071e+00,0.000000000000000000e+00,0.000000000000000000e+00,0.000000000000000000e+00,0.000000000000000000e+00,0.000000000000000000e+00,0.000000000000000000e+00
2.584999999999999964e+00,0.000000000000000000e+00,0.000000000000000000e+00,0.000000000000000000e+00,0.000000000000000000e+00,0.000000000000000000e+00,0.000000000000000000e+00
2.589999999999999858e+00,0.000000000000000000e+00,0.000000000000000000e+00,0.000000000000000000e+00,0.000000000000000000e+00,0.000000000000000000e+00,0.000000000000000000e+00
2.595000000000000195e+00,0.000000000000000000e+00,0.000000000000000000e+00,0.000000000000000000e+00,0.000000000000000000e+00,0.000000000000000000e+00,0.000000000000000000e+00
2.600000000000000089e+00,0.000000000000000000e+00,0.000000000000000000e+00,0.000000000000000000e+00,0.000000000000000000e+00,0.000000000000000000e+00,0.000000000000000000e+00
2.604999999999999982e+00,0.000000000000000000e+00,0.000000000000000000e+00,0.000000000000000000e+00,0.000000000000000000e+00,0.000000000000000000e+00,0.000000000000000000e+00
2.609999999999999876e+00,0.000000000000000000e+00,0.000000000000000000e+00,0.000000000000000000e+00,0.000000000000000000e+00,0.000000000000000000e+00,0.000000000000000000e+00
2.615000000000000213e+00,0.000000000000000000e+00,0.000000000000000000e+00,0.000000000000000000e+00,0.000000000000000000e+00,0.000000000000000000e+00,0.000000000000000000e+00
2.620000000000000107e+00,0.000000000000000000e+00,0.000000000000000000e+00,0.000000000000000000e+00,0.000000000000000000e+00,0.000000000000000000e+00,0.000000000000000000e+00
2.625000000000000000e+00,0.000000000000000000e+00,0.000000000000000000e+00,0.000000000000000000e+00,0.000000000000000000e+00,0.000000000000000000e+00,0.000000000000000000e+00
2.629999999999999893e+00,0.000000000000000000e+00,0.000000000000000000e+00,0.000000000000000000e+00,0.000000000000000000e+00,0.000000000000000000e+00,0.000000000000000000e+00
2.635000000000000231e+00,0.000000000000000000e+00,0.000000000000000000e+00,0.000000000000000000e+00,0.000000000000000000e+00,0.000000000000000000e+00,0.000000000000000000e+00
2.640000000000000124e+00,0.000000000000000000e+00,0.000000000000000000e+00,0.000000000000000000e+00,0.000000000000000000e+00,0.000000000000000000e+00,0.000000000000000000e+00
2.645000000000000018e+00,0.000000000000000000e+00,0.000000000000000000e+00,0.000000000000000000e+00,0.000000000000000000e+00,0.000000000000000000e+00,0.000000000000000000e+00
2.649999999999999911e+00,0.000000000000000000e+00,0.000000000000000000e+00,0.000000000000000000e+00,0.000000000000000000e+00,0.000000000000000000e+00,0.000000000000000000e+00
2.655000000000000249e+00,0.000000000000000000e+00,0.000000000000000000e+00,0.000000000000000000e+00,0.000000000000000000e+00,0.000000000000000000e+00,0.000000000000000000e+00
2.660000000000000142e+00,0.000000000000000000e+00,0.000000000000000000e+00,0.000000000000000000e+00,0.000000000000000000e+00,0.000000000000000000e+00,0.000000000000000000e+00
2.665000000000000036e+00,0.000000000000000000e+00,0.000000000000000000e+00,0.000000000000000000e+00,0.000000000000000000e+00,0.000000000000000000e+00,0.000000000000000000e+00
2.669999999999999929e+00,0.000000000000000000e+00,0.000000000000000000e+00,0.000000000000000000e+00,0.000000000000000000e+00,0.000000000000000000e+00,0.000000000000000000e+00
2.675000000000000266e+00,0.000000000000000000e+00,0.000000000000000000e+00,0.000000000000000000e+00,0.000000000000000000e+00,0.000000000000000000e+00,0.000000000000000000e+00
2.680000000000000160e+00,0.000000000000000000e+00,0.000000000000000000e+00,0.000000000000000000e+00,0.000000000000000000e+00,0.000000000000000000e+00,0.000000000000000000e+00
2.685000000000000053e+00,0.000000000000000000e+00,0.000000000000000000e+00,0.000000000000000000e+00,0.000000000000000000e+00,0.000000000000000000e+00,0.000000000000000000e+00
2.689999999999999947e+00,0.000000000000000000e+00,0.000000000000000000e+00,0.000000000000000000e+00,0.000000000000000000e+00,0.000000000000000000e+00,0.000000000000000000e+00
2.694999999999999840e+00,0.000000000000000000e+00,0.000000000000000000e+00,0.000000000000000000e+00,0.000000000000000000e+00,0.000000000000000000e+00,0.000000000000000000e+00
2.700000000000000178e+00,0.000000000000000000e+00,0.000000000000000000e+00,0.000000000000000000e+00,0.000000000000000000e+00,0.000000000000000000e+00,0.000000000000000000e+00
2.705000000000000071e+00,0.000000000000000000e+00,0.000000000000000000e+00,0.000000000000000000e+00,0.000000000000000000e+00,0.000000000000000000e+00,0.000000000000000000e+00
2.709999999999999964e+00,0.000000000000000000e+00,0.000000000000000000e+00,0.000000000000000000e+00,0.000000000000000000e+00,0.000000000000000000e+00,0.000000000000000000e+00
2.714999999999999858e+00,0.000000000000000000e+00,0.000000000000000000e+00,0.000000000000000000e+00,0.000000000000000000e+00,0.000000000000000000e+00,0.000000000000000000e+00
2.720000000000000195e+00,0.000000000000000000e+00,0.000000000000000000e+00,0.000000000000000000e+00,0.000000000000000000e+00,0.000000000000000000e+00,0.000000000000000000e+00
2.725000000000000089e+00,0.000000000000000000e+00,0.000000000000000000e+00,0.000000000000000000e+00,0.000000000000000000e+00,0.000000000000000000e+00,0.000000000000000000e+00
2.729999999999999982e+00,0.000000000000000000e+00,0.000000000000000000e+00,0.000000000000000000e+00,0.000000000000000000e+00,0.000000000000000000e+00,0.000000000000000000e+00
2.734999999999999876e+00,0.000000000000000000e+00,0.000000000000000000e+00,0.000000000000000000e+00,0.000000000000000000e+00,0.000000000000000000e+00,0.000000000000000000e+00
2.740000000000000213e+00,0.000000000000000000e+00,0.000000000000000000e+00,0.000000000000000000e+00,0.000000000000000000e+00,0.000000000000000000e+00,0.000000000000000000e+00
2.745000000000000107e+00,0.000000000000000000e+00,0.000000000000000000e+00,0.000000000000000000e+00,0.000000000000000000e+00,0.000000000000000000e+00,0.000000000000000000e+00
2.750000000000000000e+00,0.000000000000000000e+00,0.000000000000000000e+00,0.000000000000000000e+00,0.000000000000000000e+00,0.000000000000000000e+00,0.000000000000000000e+00
2.754999999999999893e+00,0.000000000000000000e+00,0.000000000000000000e+00,0.000000000000000000e+00,0.000000000000000000e+00,0.000000000000000000e+00,0.000000000000000000e+00
2.760000000000000231e+00,0.000000000000000000e+00,0.000000000000000000e+00,0.000000000000000000e+00,0.000000000000000000e+00,0.000000000000000000e+00,0.000000000000000000e+00
2.765000000000000124e+00,0.000000000000000000e+00,0.000000000000000000e+00,0.000000000000000000e+00,0.000000000000000000e+00,0.000000000000000000e+00,0.000000000000000000e+00
2.770000000000000018e+00,0.000000000000000000e+00,0.000000000000000000e+00,0.000000000000000000e+00,0.000000000000000000e+00,0.000000000000000000e+00,0.000000000000000000e+00
2.774999999999999911e+00,0.000000000000000000e+00,0.000000000000000000e+00,0.000000000000000000e+00,0.000000000000000000e+00,0.000000000000000000e+00,0.000000000000000000e+00
2.780000000000000249e+00,0.000000000000000000e+00,0.000000000000000000e+00,0.000000000000000000e+00,0.000000000000000000e+00,0.000000000000000000e+00,0.000000000000000000e+00
2.785000000000000142e+00,0.000000000000000000e+00,0.000000000000000000e+00,0.000000000000000000e+00,0.000000000000000000e+00,0.000000000000000000e+00,0.000000000000000000e+00
2.790000000000000036e+00,0.000000000000000000e+00,0.000000000000000000e+00,0.000000000000000000e+00,0.000000000000000000e+00,0.000000000000000000e+00,0.000000000000000000e+00
2.794999999999999929e+00,0.000000000000000000e+00,0.000000000000000000e+00,0.000000000000000000e+00,0.000000000000000000e+00,0.000000000000000000e+00,0.000000000000000000e+00
2.800000000000000266e+00,0.000000000000000000e+00,0.000000000000000000e+00,0.000000000000000000e+00,0.000000000000000000e+00,0.000000000000000000e+00,0.000000000000000000e+00
2.805000000000000160e+00,0.000000000000000000e+00,0.000000000000000000e+00,0.000000000000000000e+00,0.000000000000000000e+00,0.000000000000000000e+00,0.000000000000000000e+00
2.810000000000000053e+00,0.000000000000000000e+00,0.000000000000000000e+00,0.000000000000000000e+00,0.000000000000000000e+00,0.000000000000000000e+00,0.000000000000000000e+00
2.814999999999999947e+00,0.000000000000000000e+00,0.000000000000000000e+00,0.000000000000000000e+00,0.000000000000000000e+00,0.000000000000000000e+00,0.000000000000000000e+00
2.819999999999999840e+00,0.000000000000000000e+00,0.000000000000000000e+00,0.000000000000000000e+00,0.000000000000000000e+00,0.000000000000000000e+00,0.000000000000000000e+00
2.825000000000000178e+00,0.000000000000000000e+00,0.000000000000000000e+00,0.000000000000000000e+00,0.000000000000000000e+00,0.000000000000000000e+00,0.000000000000000000e+00
2.830000000000000071e+00,0.000000000000000000e+00,0.000000000000000000e+00,0.000000000000000000e+00,0.000000000000000000e+00,0.000000000000000000e+00,0.000000000000000000e+00
2.834999999999999964e+00,0.000000000000000000e+00,0.000000000000000000e+00,0.000000000000000000e+00,0.000000000000000000e+00,0.000000000000000000e+00,0.000000000000000000e+00
2.839999999999999858e+00,0.000000000000000000e+00,0.000000000000000000e+00,0.000000000000000000e+00,0.000000000000000000e+00,0.000000000000000000e+00,0.000000000000000000e+00
2.845000000000000195e+00,0.000000000000000000e+00,0.000000000000000000e+00,0.000000000000000000e+00,0.000000000000000000e+00,0.000000000000000000e+00,0.000000000000000000e+00
2.850000000000000089e+00,0.000000000000000000e+00,0.000000000000000000e+00,0.000000000000000000e+00,0.000000000000000000e+00,0.000000000000000000e+00,0.000000000000000000e+00
2.854999999999999982e+00,0.000000000000000000e+00,0.000000000000000000e+00,0.000000000000000000e+00,0.000000000000000000e+00,0.000000000000000000e+00,0.000000000000000000e+00
2.859999999999999876e+00,0.000000000000000000e+00,0.000000000000000000e+00,0.000000000000000000e+00,0.000000000000000000e+00,0.000000000000000000e+00,0.000000000000000000e+00
2.865000000000000213e+00,0.000000000000000000e+00,0.000000000000000000e+00,0.000000000000000000e+00,0.000000000000000000e+00,0.000000000000000000e+00,0.000000000000000000e+00
2.870000000000000107e+00,0.000000000000000000e+00,0.000000000000000000e+00,0.000000000000000000e+00,0.000000000000000000e+00,0.000000000000000000e+00,0.000000000000000000e+00
2.875000000000000000e+00,0.000000000000000000e+00,0.000000000000000000e+00,0.000000000000000000e+00,0.000000000000000000e+00,0.000000000000000000e+00,0.000000000000000000e+00
2.879999999999999893e+00,0.000000000000000000e+00,0.000000000000000000e+00,0.000000000000000000e+00,0.000000000000000000e+00,0.000000000000000000e+00,0.000000000000000000e+00
2.885000000000000231e+00,0.000000000000000000e+00,0.000000000000000000e+00,0.000000000000000000e+00,0.000000000000000000e+00,0.000000000000000000e+00,0.000000000000000000e+00
2.890000000000000124e+00,0.000000000000000000e+00,0.000000000000000000e+00,0.000000000000000000e+00,0.000000000000000000e+00,0.000000000000000000e+00,0.000000000000000000e+00
2.895000000000000018e+00,0.000000000000000000e+00,0.000000000000000000e+00,0.000000000000000000e+00,0.000000000000000000e+00,0.000000000000000000e+00,0.000000000000000000e+00
2.899999999999999911e+00,0.000000000000000000e+00,0.000000000000000000e+00,0.000000000000000000e+00,0.000000000000000000e+00,0.000000000000000000e+00,0.000000000000000000e+00
2.905000000000000249e+00,0.000000000000000000e+00,0.000000000000000000e+00,0.000000000000000000e+00,0.000000000000000000e+00,0.000000000000000000e+00,0.000000000000000000e+00
2.910000000000000142e+00,0.000000000000000000e+00,0.000000000000000000e+00,0.000000000000000000e+00,0.000000000000000000e+00,0.000000000000000000e+00,0.000000000000000000e+00
2.915000000000000036e+00,0.000000000000000000e+00,0.000000000000000000e+00,0.000000000000000000e+00,0.000000000000000000e+00,0.000000000000000000e+00,0.000000000000000000e+00
2.919999999999999929e+00,0.000000000000000000e+00,0.000000000000000000e+00,0.000000000000000000e+00,0.000000000000000000e+00,0.000000000000000000e+00,0.000000000000000000e+00
2.925000000000000266e+00,0.000000000000000000e+00,0.000000000000000000e+00,0.000000000000000000e+00,0.000000000000000000e+00,0.000000000000000000e+00,0.000000000000000000e+00
2.930000000000000160e+00,0.000000000000000000e+00,0.000000000000000000e+00,0.000000000000000000e+00,0.000000000000000000e+00,0.000000000000000000e+00,0.000000000000000000e+00
2.935000000000000053e+00,0.000000000000000000e+00,0.000000000000000000e+00,0.000000000000000000e+00,0.000000000000000000e+00,0.000000000000000000e+00,0.000000000000000000e+00
2.939999999999999947e+00,0.000000000000000000e+00,0.000000000000000000e+00,0.000000000000000000e+00,0.000000000000000000e+00,0.000000000000000000e+00,0.000000000000000000e+00
2.944999999999999840e+00,0.000000000000000000e+00,0.000000000000000000e+00,0.000000000000000000e+00,0.000000000000000000e+00,0.000000000000000000e+00,0.000000000000000000e+00
2.950000000000000178e+00,0.000000000000000000e+00,0.000000000000000000e+00,0.000000000000000000e+00,0.000000000000000000e+00,0.000000000000000000e+00,0.000000000000000000e+00
2.955000000000000071e+00,0.000000000000000000e+00,0.000000000000000000e+00,0.000000000000000000e+00,0.000000000000000000e+00,0.000000000000000000e+00,0.000000000000000000e+00
2.959999999999999964e+00,0.000000000000000000e+00,0.000000000000000000e+00,0.000000000000000000e+00,0.000000000000000000e+00,0.000000000000000000e+00,0.000000000000000000e+00
2.964999999999999858e+00,0.000000000000000000e+00,0.000000000000000000e+00,0.000000000000000000e+00,0.000000000000000000e+00,0.000000000000000000e+00,0.000000000000000000e+00
2.970000000000000195e+00,0.000000000000000000e+00,0.000000000000000000e+00,0.000000000000000000e+00,0.000000000000000000e+00,0.000000000000000000e+00,0.000000000000000000e+00
2.975000000000000089e+00,0.000000000000000000e+00,0.000000000000000000e+00,0.000000000000000000e+00,0.000000000000000000e+00,0.000000000000000000e+00,0.000000000000000000e+00
2.979999999999999982e+00,0.000000000000000000e+00,0.000000000000000000e+00,0.000000000000000000e+00,0.000000000000000000e+00,0.000000000000000000e+00,0.000000000000000000e+00
2.984999999999999876e+00,0.000000000000000000e+00,0.000000000000000000e+00,0.000000000000000000e+00,0.000000000000000000e+00,0.000000000000000000e+00,0.000000000000000000e+00
2.990000000000000213e+00,0.000000000000000000e+00,0.000000000000000000e+00,0.000000000000000000e+00,0.000000000000000000e+00,0.000000000000000000e+00,0.000000000000000000e+00
2.995000000000000107e+00,0.000000000000000000e+00,0.000000000000000000e+00,0.000000000000000000e+00,0.000000000000000000e+00,0.000000000000000000e+00,0.000000000000000000e+00
3.000000000000000000e+00,0.000000000000000000e+00,0.000000000000000000e+00,0.000000000000000000e+00,0.000000000000000000e+00,0.000000000000000000e+00,0.000000000000000000e+00
3.004999999999999893e+00,0.000000000000000000e+00,0.000000000000000000e+00,0.000000000000000000e+00,0.000000000000000000e+00,0.000000000000000000e+00,0.000000000000000000e+00
3.010000000000000231e+00,0.000000000000000000e+00,0.000000000000000000e+00,0.000000000000000000e+00,0.000000000000000000e+00,0.000000000000000000e+00,0.000000000000000000e+00
3.015000000000000124e+00,0.000000000000000000e+00,0.000000000000000000e+00,0.000000000000000000e+00,0.000000000000000000e+00,0.000000000000000000e+00,0.000000000000000000e+00
3.020000000000000018e+00,0.000000000000000000e+00,0.000000000000000000e+00,0.000000000000000000e+00,0.000000000000000000e+00,0.000000000000000000e+00,0.000000000000000000e+00
3.024999999999999911e+00,0.000000000000000000e+00,0.000000000000000000e+00,0.000000000000000000e+00,0.000000000000000000e+00,0.000000000000000000e+00,0.000000000000000000e+00
3.030000000000000249e+00,0.000000000000000000e+00,0.000000000000000000e+00,0.000000000000000000e+00,0.000000000000000000e+00,0.000000000000000000e+00,0.000000000000000000e+00
3.035000000000000142e+00,0.000000000000000000e+00,0.000000000000000000e+00,0.000000000000000000e+00,0.000000000000000000e+00,0.000000000000000000e+00,0.000000000000000000e+00
3.040000000000000036e+00,0.000000000000000000e+00,0.000000000000000000e+00,0.000000000000000000e+00,0.000000000000000000e+00,0.000000000000000000e+00,0.000000000000000000e+00
3.044999999999999929e+00,0.000000000000000000e+00,0.000000000000000000e+00,0.000000000000000000e+00,0.000000000000000000e+00,0.000000000000000000e+00,0.000000000000000000e+00
3.050000000000000266e+00,0.000000000000000000e+00,0.000000000000000000e+00,0.000000000000000000e+00,0.000000000000000000e+00,0.000000000000000000e+00,0.000000000000000000e+00
3.055000000000000160e+00,0.000000000000000000e+00,0.000000000000000000e+00,0.000000000000000000e+00,0.000000000000000000e+00,0.000000000000000000e+00,0.000000000000000000e+00
3.060000000000000053e+00,0.000000000000000000e+00,0.000000000000000000e+00,0.000000000000000000e+00,0.000000000000000000e+00,0.000000000000000000e+00,0.000000000000000000e+00
3.064999999999999947e+00,0.000000000000000000e+00,0.000000000000000000e+00,0.000000000000000000e+00,0.000000000000000000e+00,0.000000000000000000e+00,0.000000000000000000e+00
3.070000000000000284e+00,0.000000000000000000e+00,0.000000000000000000e+00,0.000000000000000000e+00,0.000000000000000000e+00,0.000000000000000000e+00,0.000000000000000000e+00
3.075000000000000178e+00,0.000000000000000000e+00,0.000000000000000000e+00,0.000000000000000000e+00,0.000000000000000000e+00,0.000000000000000000e+00,0.000000000000000000e+00
3.080000000000000071e+00,0.000000000000000000e+00,0.000000000000000000e+00,0.000000000000000000e+00,0.000000000000000000e+00,0.000000000000000000e+00,0.000000000000000000e+00
3.084999999999999964e+00,0.000000000000000000e+00,0.000000000000000000e+00,0.000000000000000000e+00,0.000000000000000000e+00,0.000000000000000000e+00,0.000000000000000000e+00
3.089999999999999858e+00,0.000000000000000000e+00,0.000000000000000000e+00,0.000000000000000000e+00,0.000000000000000000e+00,0.000000000000000000e+00,0.000000000000000000e+00
3.095000000000000195e+00,0.000000000000000000e+00,0.000000000000000000e+00,0.000000000000000000e+00,0.000000000000000000e+00,0.000000000000000000e+00,0.000000000000000000e+00
3.100000000000000089e+00,0.000000000000000000e+00,0.000000000000000000e+00,0.000000000000000000e+00,0.000000000000000000e+00,0.000000000000000000e+00,0.000000000000000000e+00
3.104999999999999982e+00,0.000000000000000000e+00,0.000000000000000000e+00,0.000000000000000000e+00,0.000000000000000000e+00,0.000000000000000000e+00,0.000000000000000000e+00
3.109999999999999876e+00,0.000000000000000000e+00,0.000000000000000000e+00,0.000000000000000000e+00,0.000000000000000000e+00,0.000000000000000000e+00,0.000000000000000000e+00
3.115000000000000213e+00,0.000000000000000000e+00,0.000000000000000000e+00,0.000000000000000000e+00,0.000000000000000000e+00,0.000000000000000000e+00,0.000000000000000000e+00
3.120000000000000107e+00,0.000000000000000000e+00,0.000000000000000000e+00,0.000000000000000000e+00,0.000000000000000000e+00,0.000000000000000000e+00,0.000000000000000000e+00
3.125000000000000000e+00,0.000000000000000000e+00,0.000000000000000000e+00,0.000000000000000000e+00,0.000000000000000000e+00,0.000000000000000000e+00,0.000000000000000000e+00
3.129999999999999893e+00,0.000000000000000000e+00,0.000000000000000000e+00,0.000000000000000000e+00,0.000000000000000000e+00,0.000000000000000000e+00,0.000000000000000000e+00
3.135000000000000231e+00,0.000000000000000000e+00,0.000000000000000000e+00,0.000000000000000000e+00,0.000000000000000000e+00,0.000000000000000000e+00,0.000000000000000000e+00
3.140000000000000124e+00,0.000000000000000000e+00,0.000000000000000000e+00,0.000000000000000000e+00,0.000000000000000000e+00,0.000000000000000000e+00,0.000000000000000000e+00
3.145000000000000018e+00,0.000000000000000000e+00,0.000000000000000000e+00,0.000000000000000000e+00,0.000000000000000000e+00,0.000000000000000000e+00,0.000000000000000000e+00
3.149999999999999911e+00,0.000000000000000000e+00,0.000000000000000000e+00,0.000000000000000000e+00,0.000000000000000000e+00,0.000000000000000000e+00,0.000000000000000000e+00
3.155000000000000249e+00,0.000000000000000000e+00,0.000000000000000000e+00,0.000000000000000000e+00,0.000000000000000000e+00,0.000000000000000000e+00,0.000000000000000000e+00
3.160000000000000142e+00,0.000000000000000000e+00,0.000000000000000000e+00,0.000000000000000000e+00,0.000000000000000000e+00,0.000000000000000000e+00,0.000000000000000000e+00
3.165000000000000036e+00,0.000000000000000000e+00,0.000000000000000000e+00,0.000000000000000000e+00,0.000000000000000000e+00,0.000000000000000000e+00,0.000000000000000000e+00
3.169999999999999929e+00,0.000000000000000000e+00,0.000000000000000000e+00,0.000000000000000000e+00,0.000000000000000000e+00,0.000000000000000000e+00,0.000000000000000000e+00
3.175000000000000266e+00,0.000000000000000000e+00,0.000000000000000000e+00,0.000000000000000000e+00,0.000000000000000000e+00,0.000000000000000000e+00,0.000000000000000000e+00
3.180000000000000160e+00,0.000000000000000000e+00,0.000000000000000000e+00,0.000000000000000000e+00,0.000000000000000000e+00,0.000000000000000000e+00,0.000000000000000000e+00
3.185000000000000053e+00,0.000000000000000000e+00,0.000000000000000000e+00,0.000000000000000000e+00,0.000000000000000000e+00,0.000000000000000000e+00,0.000000000000000000e+00
3.189999999999999947e+00,0.000000000000000000e+00,0.000000000000000000e+00,0.000000000000000000e+00,0.000000000000000000e+00,0.000000000000000000e+00,0.000000000000000000e+00
3.195000000000000284e+00,0.000000000000000000e+00,0.000000000000000000e+00,0.000000000000000000e+00,0.000000000000000000e+00,0.000000000000000000e+00,0.000000000000000000e+00
3.200000000000000178e+00,0.000000000000000000e+00,0.000000000000000000e+00,0.000000000000000000e+00,0.000000000000000000e+00,0.000000000000000000e+00,0.000000000000000000e+00
3.205000000000000071e+00,0.000000000000000000e+00,0.000000000000000000e+00,0.000000000000000000e+00,0.000000000000000000e+00,0.000000000000000000e+00,0.000000000000000000e+00
3.209999999999999964e+00,0.000000000000000000e+00,0.000000000000000000e+00,0.000000000000000000e+00,0.000000000000000000e+00,0.000000000000000000e+00,0.000000000000000000e+00
3.214999999999999858e+00,0.000000000000000000e+00,0.000000000000000000e+00,0.000000000000000000e+00,0.000000000000000000e+00,0.000000000000000000e+00,0.000000000000000000e+00
3.220000000000000195e+00,0.000000000000000000e+00,0.000000000000000000e+00,0.000000000000000000e+00,0.000000000000000000e+00,0.000000000000000000e+00,0.000000000000000000e+00
3.225000000000000089e+00,0.000000000000000000e+00,0.000000000000000000e+00,0.000000000000000000e+00,0.000000000000000000e+00,0.000000000000000000e+00,0.000000000000000000e+00
3.229999999999999982e+00,0.000000000000000000e+00,0.000000000000000000e+00,0.000000000000000000e+00,0.000000000000000000e+00,0.000000000000000000e+00,0.000000000000000000e+00
3.234999999999999876e+00,0.000000000000000000e+00,0.000000000000000000e+00,0.000000000000000000e+00,0.000000000000000000e+00,0.000000000000000000e+00,0.000000000000000000e+00
3.240000000000000213e+00,0.000000000000000000e+00,0.000000000000000000e+00,0.000000000000000000e+00,0.000000000000000000e+00,0.000000000000000000e+00,0.000000000000000000e+00
3.245000000000000107e+00,0.000000000000000000e+00,0.000000000000000000e+00,0.000000000000000000e+00,0.000000000000000000e+00,0.000000000000000000e+00,0.000000000000000000e+00
3.250000000000000000e+00,0.000000000000000000e+00,0.000000000000000000e+00,0.000000000000000000e+00,0.000000000000000000e+00,0.000000000000000000e+00,0.000000000000000000e+00
3.254999999999999893e+00,0.000000000000000000e+00,0.000000000000000000e+00,0.000000000000000000e+00,0.000000000000000000e+00,0.000000000000000000e+00,0.000000000000000000e+00
3.260000000000000231e+00,0.000000000000000000e+00,0.000000000000000000e+00,0.000000000000000000e+00,0.000000000000000000e+00,0.000000000000000000e+00,0.000000000000000000e+00
3.265000000000000124e+00,0.000000000000000000e+00,0.000000000000000000e+00,0.000000000000000000e+00,0.000000000000000000e+00,0.000000000000000000e+00,0.000000000000000000e+00
3.270000000000000018e+00,0.000000000000000000e+00,0.000000000000000000e+00,0.000000000000000000e+00,0.000000000000000000e+00,0.000000000000000000e+00,0.000000000000000000e+00
3.274999999999999911e+00,0.000000000000000000e+00,0.000000000000000000e+00,0.000000000000000000e+00,0.000000000000000000e+00,0.000000000000000000e+00,0.000000000000000000e+00
3.280000000000000249e+00,0.000000000000000000e+00,0.000000000000000000e+00,0.000000000000000000e+00,0.000000000000000000e+00,0.000000000000000000e+00,0.000000000000000000e+00
3.285000000000000142e+00,0.000000000000000000e+00,0.000000000000000000e+00,0.000000000000000000e+00,0.000000000000000000e+00,0.000000000000000000e+00,0.000000000000000000e+00
3.290000000000000036e+00,0.000000000000000000e+00,0.000000000000000000e+00,0.000000000000000000e+00,0.000000000000000000e+00,0.000000000000000000e+00,0.000000000000000000e+00
3.294999999999999929e+00,0.000000000000000000e+00,0.000000000000000000e+00,0.000000000000000000e+00,0.000000000000000000e+00,0.000000000000000000e+00,0.000000000000000000e+00
3.300000000000000266e+00,0.000000000000000000e+00,0.000000000000000000e+00,0.000000000000000000e+00,0.000000000000000000e+00,0.000000000000000000e+00,0.000000000000000000e+00
3.305000000000000160e+00,0.000000000000000000e+00,0.000000000000000000e+00,0.000000000000000000e+00,0.000000000000000000e+00,0.000000000000000000e+00,0.000000000000000000e+00
3.310000000000000053e+00,0.000000000000000000e+00,0.000000000000000000e+00,0.000000000000000000e+00,0.000000000000000000e+00,0.000000000000000000e+00,0.000000000000000000e+00
3.314999999999999947e+00,0.000000000000000000e+00,0.000000000000000000e+00,0.000000000000000000e+00,0.000000000000000000e+00,0.000000000000000000e+00,0.000000000000000000e+00
3.320000000000000284e+00,0.000000000000000000e+00,0.000000000000000000e+00,0.000000000000000000e+00,0.000000000000000000e+00,0.000000000000000000e+00,0.000000000000000000e+00
3.325000000000000178e+00,0.000000000000000000e+00,0.000000000000000000e+00,0.000000000000000000e+00,0.000000000000000000e+00,0.000000000000000000e+00,0.000000000000000000e+00
3.330000000000000071e+00,0.000000000000000000e+00,0.000000000000000000e+00,0.000000000000000000e+00,0.000000000000000000e+00,0.000000000000000000e+00,0.000000000000000000e+00
3.334999999999999964e+00,0.000000000000000000e+00,0.000000000000000000e+00,0.000000000000000000e+00,0.000000000000000000e+00,0.000000000000000000e+00,0.000000000000000000e+00
3.339999999999999858e+00,0.000000000000000000e+00,0.000000000000000000e+00,0.000000000000000000e+00,0.000000000000000000e+00,0.000000000000000000e+00,0.000000000000000000e+00
3.345000000000000195e+00,0.000000000000000000e+00,0.000000000000000000e+00,0.000000000000000000e+00,0.000000000000000000e+00,0.000000000000000000e+00,0.000000000000000000e+00
3.350000000000000089e+00,0.000000000000000000e+00,0.000000000000000000e+00,0.000000000000000000e+00,0.000000000000000000e+00,0.000000000000000000e+00,0.000000000000000000e+00
3.354999999999999982e+00,0.000000000000000000e+00,0.000000000000000000e+00,0.000000000000000000e+00,0.000000000000000000e+00,0.000000000000000000e+00,0.000000000000000000e+00
3.359999999999999876e+00,0.000000000000000000e+00,0.000000000000000000e+00,0.000000000000000000e+00,0.000000000000000000e+00,0.000000000000000000e+00,0.000000000000000000e+00
3.365000000000000213e+00,0.000000000000000000e+00,0.000000000000000000e+00,0.000000000000000000e+00,0.000000000000000000e+00,0.000000000000000000e+00,0.000000000000000000e+00
3.370000000000000107e+00,0.000000000000000000e+00,0.000000000000000000e+00,0.000000000000000000e+00,0.000000000000000000e+00,0.000000000000000000e+00,0.000000000000000000e+00
3.375000000000000000e+00,0.000000000000000000e+00,0.000000000000000000e+00,0.000000000000000000e+00,0.000000000000000000e+00,0.000000000000000000e+00,0.000000000000000000e+00
3.379999999999999893e+00,0.000000000000000000e+00,0.000000000000000000e+00,0.000000000000000000e+00,0.000000000000000000e+00,0.000000000000000000e+00,0.000000000000000000e+00
3.385000000000000231e+00,0.000000000000000000e+00,0.000000000000000000e+00,0.000000000000000000e+00,0.000000000000000000e+00,0.000000000000000000e+00,0.000000000000000000e+00
3.390000000000000124e+00,0.000000000000000000e+00,0.000000000000000000e+00,0.000000000000000000e+00,0.000000000000000000e+00,0.000000000000000000e+00,0.000000000000000000e+00
3.395000000000000018e+00,0.000000000000000000e+00,0.000000000000000000e+00,0.000000000000000000e+00,0.000000000000000000e+00,0.000000000000000000e+00,0.000000000000000000e+00
3.399999999999999911e+00,0.000000000000000000e+00,0.000000000000000000e+00,0.000000000000000000e+00,0.000000000000000000e+00,0.000000000000000000e+00,0.000000000000000000e+00
3.405000000000000249e+00,0.000000000000000000e+00,0.000000000000000000e+00,0.000000000000000000e+00,0.000000000000000000e+00,0.000000000000000000e+00,0.000000000000000000e+00
3.410000000000000142e+00,0.000000000000000000e+00,0.000000000000000000e+00,0.000000000000000000e+00,0.000000000000000000e+00,0.000000000000000000e+00,0.000000000000000000e+00
3.415000000000000036e+00,0.000000000000000000e+00,0.000000000000000000e+00,0.000000000000000000e+00,0.000000000000000000e+00,0.000000000000000000e+00,0.000000000000000000e+00
3.419999999999999929e+00,0.000000000000000000e+00,0.000000000000000000e+00,0.000000000000000000e+00,0.000000000000000000e+00,0.000000000000000000e+00,0.000000000000000000e+00
3.425000000000000266e+00,0.000000000000000000e+00,0.000000000000000000e+00,0.000000000000000000e+00,0.000000000000000000e+00,0.000000000000000000e+00,0.000000000000000000e+00
3.430000000000000160e+00,0.000000000000000000e+00,0.000000000000000000e+00,0.000000000000000000e+00,0.000000000000000000e+00,0.000000000000000000e+00,0.000000000000000000e+00
3.435000000000000053e+00,0.000000000000000000e+00,0.000000000000000000e+00,0.000000000000000000e+00,0.000000000000000000e+00,0.000000000000000000e+00,0.000000000000000000e+00
3.439999999999999947e+00,0.000000000000000000e+00,0.000000000000000000e+00,0.000000000000000000e+00,0.000000000000000000e+00,0.000000000000000000e+00,0.000000000000000000e+00
3.445000000000000284e+00,0.000000000000000000e+00,0.000000000000000000e+00,0.000000000000000000e+00,0.000000000000000000e+00,0.000000000000000000e+00,0.000000000000000000e+00
3.450000000000000178e+00,0.000000000000000000e+00,0.000000000000000000e+00,0.000000000000000000e+00,0.000000000000000000e+00,0.000000000000000000e+00,0.000000000000000000e+00
3.455000000000000071e+00,0.000000000000000000e+00,0.000000000000000000e+00,0.000000000000000000e+00,0.000000000000000000e+00,0.000000000000000000e+00,0.000000000000000000e+00
3.459999999999999964e+00,0.000000000000000000e+00,0.000000000000000000e+00,0.000000000000000000e+00,0.000000000000000000e+00,0.000000000000000000e+00,0.000000000000000000e+00
3.464999999999999858e+00,0.000000000000000000e+00,0.000000000000000000e+00,0.000000000000000000e+00,0.000000000000000000e+00,0.000000000000000000e+00,0.000000000000000000e+00
3.470000000000000195e+00,0.000000000000000000e+00,0.000000000000000000e+00,0.000000000000000000e+00,0.000000000000000000e+00,0.000000000000000000e+00,0.000000000000000000e+00
3.475000000000000089e+00,0.000000000000000000e+00,0.000000000000000000e+00,0.000000000000000000e+00,0.000000000000000000e+00,0.000000000000000000e+00,0.000000000000000000e+00
3.479999999999999982e+00,0.000000000000000000e+00,0.000000000000000000e+00,0.000000000000000000e+00,0.000000000000000000e+00,0.000000000000000000e+00,0.000000000000000000e+00
3.484999999999999876e+00,0.000000000000000000e+00,0.000000000000000000e+00,0.000000000000000000e+00,0.000000000000000000e+00,0.000000000000000000e+00,0.000000000000000000e+00
3.490000000000000213e+00,0.000000000000000000e+00,0.000000000000000000e+00,0.000000000000000000e+00,0.000000000000000000e+00,0.000000000000000000e+00,0.000000000000000000e+00
3.495000000000000107e+00,0.000000000000000000e+00,0.000000000000000000e+00,0.000000000000000000e+00,0.000000000000000000e+00,0.000000000000000000e+00,0.000000000000000000e+00
3.500000000000000000e+00,0.000000000000000000e+00,0.000000000000000000e+00,0.000000000000000000e+00,0.000000000000000000e+00,0.000000000000000000e+00,0.000000000000000000e+00
3.504999999999999893e+00,0.000000000000000000e+00,0.000000000000000000e+00,0.000000000000000000e+00,0.000000000000000000e+00,0.000000000000000000e+00,0.000000000000000000e+00
3.510000000000000231e+00,0.000000000000000000e+00,0.000000000000000000e+00,0.000000000000000000e+00,0.000000000000000000e+00,0.000000000000000000e+00,0.000000000000000000e+00
3.515000000000000124e+00,0.000000000000000000e+00,0.000000000000000000e+00,0.000000000000000000e+00,0.000000000000000000e+00,0.000000000000000000e+00,0.000000000000000000e+00
3.520000000000000018e+00,0.000000000000000000e+00,0.000000000000000000e+00,0.000000000000000000e+00,0.000000000000000000e+00,0.000000000000000000e+00,0.000000000000000000e+00
3.524999999999999911e+00,0.000000000000000000e+00,0.000000000000000000e+00,0.000000000000000000e+00,0.000000000000000000e+00,0.000000000000000000e+00,0.000000000000000000e+00
3.530000000000000249e+00,0.000000000000000000e+00,0.000000000000000000e+00,0.000000000000000000e+00,0.000000000000000000e+00,0.000000000000000000e+00,0.000000000000000000e+00
3.535000000000000142e+00,0.000000000000000000e+00,0.000000000000000000e+00,0.000000000000000000e+00,0.000000000000000000e+00,0.000000000000000000e+00,0.000000000000000000e+00
3.540000000000000036e+00,0.000000000000000000e+00,0.000000000000000000e+00,0.000000000000000000e+00,0.000000000000000000e+00,0.000000000000000000e+00,0.000000000000000000e+00
3.544999999999999929e+00,0.000000000000000000e+00,0.000000000000000000e+00,0.000000000000000000e+00,0.000000000000000000e+00,0.000000000000000000e+00,0.000000000000000000e+00
3.550000000000000266e+00,0.000000000000000000e+00,0.000000000000000000e+00,0.000000000000000000e+00,0.000000000000000000e+00,0.000000000000000000e+00,0.000000000000000000e+00
3.555000000000000160e+00,0.000000000000000000e+00,0.000000000000000000e+00,0.000000000000000000e+00,0.000000000000000000e+00,0.000000000000000000e+00,0.000000000000000000e+00
3.560000000000000053e+00,0.000000000000000000e+00,0.000000000000000000e+00,0.000000000000000000e+00,0.000000000000000000e+00,0.000000000000000000e+00,0.000000000000000000e+00
3.564999999999999947e+00,0.000000000000000000e+00,0.000000000000000000e+00,0.000000000000000000e+00,0.000000000000000000e+00,0.000000000000000000e+00,0.000000000000000000e+00
3.570000000000000284e+00,0.000000000000000000e+00,0.000000000000000000e+00,0.000000000000000000e+00,0.000000000000000000e+00,0.000000000000000000e+00,0.000000000000000000e+00
3.575000000000000178e+00,0.000000000000000000e+00,0.000000000000000000e+00,0.000000000000000000e+00,0.000000000000000000e+00,0.000000000000000000e+00,0.000000000000000000e+00
3.580000000000000071e+00,0.000000000000000000e+00,0.000000000000000000e+00,0.000000000000000000e+00,0.000000000000000000e+00,0.000000000000000000e+00,0.000000000000000000e+00
3.584999999999999964e+00,0.000000000000000000e+00,0.000000000000000000e+00,0.000000000000000000e+00,0.000000000000000000e+00,0.000000000000000000e+00,0.000000000000000000e+00
3.589999999999999858e+00,0.000000000000000000e+00,0.000000000000000000e+00,0.000000000000000000e+00,0.000000000000000000e+00,0.000000000000000000e+00,0.000000000000000000e+00
3.595000000000000195e+00,0.000000000000000000e+00,0.000000000000000000e+00,0.000000000000000000e+00,0.000000000000000000e+00,0.000000000000000000e+00,0.000000000000000000e+00
3.600000000000000089e+00,0.000000000000000000e+00,0.000000000000000000e+00,0.000000000000000000e+00,0.000000000000000000e+00,0.000000000000000000e+00,0.000000000000000000e+00
3.604999999999999982e+00,0.000000000000000000e+00,0.000000000000000000e+00,0.000000000000000000e+00,0.000000000000000000e+00,0.000000000000000000e+00,0.000000000000000000e+00
3.609999999999999876e+00,0.000000000000000000e+00,0.000000000000000000e+00,0.000000000000000000e+00,0.000000000000000000e+00,0.000000000000000000e+00,0.000000000000000000e+00
3.615000000000000213e+00,0.000000000000000000e+00,0.000000000000000000e+00,0.000000000000000000e+00,0.000000000000000000e+00,0.000000000000000000e+00,0.000000000000000000e+00
3.620000000000000107e+00,0.000000000000000000e+00,0.000000000000000000e+00,0.000000000000000000e+00,0.000000000000000000e+00,0.000000000000000000e+00,0.000000000000000000e+00
3.625000000000000000e+00,0.000000000000000000e+00,0.000000000000000000e+00,0.000000000000000000e+00,0.000000000000000000e+00,0.000000000000000000e+00,0.000000000000000000e+00
3.629999999999999893e+00,0.000000000000000000e+00,0.000000000000000000e+00,0.000000000000000000e+00,0.000000000000000000e+00,0.000000000000000000e+00,0.000000000000000000e+00
3.635000000000000231e+00,0.000000000000000000e+00,0.000000000000000000e+00,0.000000000000000000e+00,0.000000000000000000e+00,0.000000000000000000e+00,0.000000000000000000e+00
3.640000000000000124e+00,0.000000000000000000e+00,0.000000000000000000e+00,0.000000000000000000e+00,0.000000000000000000e+00,0.000000000000000000e+00,0.000000000000000000e+00
3.645000000000000018e+00,0.000000000000000000e+00,0.000000000000000000e+00,0.000000000000000000e+00,0.000000000000000000e+00,0.000000000000000000e+00,0.000000000000000000e+00
3.649999999999999911e+00,0.000000000000000000e+00,0.000000000000000000e+00,0.000000000000000000e+00,0.000000000000000000e+00,0.000000000000000000e+00,0.000000000000000000e+00
3.655000000000000249e+00,0.000000000000000000e+00,0.000000000000000000e+00,0.000000000000000000e+00,0.000000000000000000e+00,0.000000000000000000e+00,0.000000000000000000e+00
3.660000000000000142e+00,0.000000000000000000e+00,0.000000000000000000e+00,0.000000000000000000e+00,0.000000000000000000e+00,0.000000000000000000e+00,0.000000000000000000e+00
3.665000000000000036e+00,0.000000000000000000e+00,0.000000000000000000e+00,0.000000000000000000e+00,0.000000000000000000e+00,0.000000000000000000e+00,0.000000000000000000e+00
3.669999999999999929e+00,0.000000000000000000e+00,0.000000000000000000e+00,0.000000000000000000e+00,0.000000000000000000e+00,0.000000000000000000e+00,0.000000000000000000e+00
3.675000000000000266e+00,0.000000000000000000e+00,0.000000000000000000e+00,0.000000000000000000e+00,0.000000000000000000e+00,0.000000000000000000e+00,0.000000000000000000e+00
3.680000000000000160e+00,0.000000000000000000e+00,0.000000000000000000e+00,0.000000000000000000e+00,0.000000000000000000e+00,0.000000000000000000e+00,0.000000000000000000e+00
3.685000000000000053e+00,0.000000000000000000e+00,0.000000000000000000e+00,0.000000000000000000e+00,0.000000000000000000e+00,0.000000000000000000e+00,0.000000000000000000e+00
3.689999999999999947e+00,0.000000000000000000e+00,0.000000000000000000e+00,0.000000000000000000e+00,0.000000000000000000e+00,0.000000000000000000e+00,0.000000000000000000e+00
3.695000000000000284e+00,0.000000000000000000e+00,0.000000000000000000e+00,0.000000000000000000e+00,0.000000000000000000e+00,0.000000000000000000e+00,0.000000000000000000e+00
3.700000000000000178e+00,0.000000000000000000e+00,0.000000000000000000e+00,0.000000000000000000e+00,0.000000000000000000e+00,0.000000000000000000e+00,0.000000000000000000e+00
3.705000000000000071e+00,0.000000000000000000e+00,0.000000000000000000e+00,0.000000000000000000e+00,0.000000000000000000e+00,0.000000000000000000e+00,0.000000000000000000e+00
3.709999999999999964e+00,0.000000000000000000e+00,0.000000000000000000e+00,0.000000000000000000e+00,0.000000000000000000e+00,0.000000000000000000e+00,0.000000000000000000e+00
3.714999999999999858e+00,0.000000000000000000e+00,0.000000000000000000e+00,0.000000000000000000e+00,0.000000000000000000e+00,0.000000000000000000e+00,0.000000000000000000e+00
3.720000000000000195e+00,0.000000000000000000e+00,0.000000000000000000e+00,0.000000000000000000e+00,0.000000000000000000e+00,0.000000000000000000e+00,0.000000000000000000e+00
3.725000000000000089e+00,0.000000000000000000e+00,0.000000000000000000e+00,0.000000000000000000e+00,0.000000000000000000e+00,0.000000000000000000e+00,0.000000000000000000e+00
3.729999999999999982e+00,0.000000000000000000e+00,0.000000000000000000e+00,0.000000000000000000e+00,0.000000000000000000e+00,0.000000000000000000e+00,0.000000000000000000e+00
3.734999999999999876e+00,0.000000000000000000e+00,0.000000000000000000e+00,0.000000000000000000e+00,0.000000000000000000e+00,0.000000000000000000e+00,0.000000000000000000e+00
3.740000000000000213e+00,0.000000000000000000e+00,0.000000000000000000e+00,0.000000000000000000e+00,0.000000000000000000e+00,0.000000000000000000e+00,0.000000000000000000e+00
3.745000000000000107e+00,0.000000000000000000e+00,0.000000000000000000e+00,0.000000000000000000e+00,0.000000000000000000e+00,0.000000000000000000e+00,0.000000000000000000e+00
3.750000000000000000e+00,0.000000000000000000e+00,0.000000000000000000e+00,0.000000000000000000e+00,0.000000000000000000e+00,0.000000000000000000e+00,0.000000000000000000e+00
3.754999999999999893e+00,0.000000000000000000e+00,0.000000000000000000e+00,0.000000000000000000e+00,0.000000000000000000e+00,0.000000000000000000e+00,0.000000000000000000e+00
3.760000000000000231e+00,0.000000000000000000e+00,0.000000000000000000e+00,0.000000000000000000e+00,0.000000000000000000e+00,0.000000000000000000e+00,0.000000000000000000e+00
3.765000000000000124e+00,0.000000000000000000e+00,0.000000000000000000e+00,0.000000000000000000e+00,0.000000000000000000e+00,0.000000000000000000e+00,0.000000000000000000e+00
3.770000000000000018e+00,0.000000000000000000e+00,0.000000000000000000e+00,0.000000000000000000e+00,0.000000000000000000e+00,0.000000000000000000e+00,0.000000000000000000e+00
3.774999999999999911e+00,0.000000000000000000e+00,0.000000000000000000e+00,0.000000000000000000e+00,0.000000000000000000e+00,0.000000000000000000e+00,0.000000000000000000e+00
3.780000000000000249e+00,0.000000000000000000e+00,0.000000000000000000e+00,0.000000000000000000e+00,0.000000000000000000e+00,0.000000000000000000e+00,0.000000000000000000e+00
3.785000000000000142e+00,0.000000000000000000e+00,0.000000000000000000e+00,0.000000000000000000e+00,0.000000000000000000e+00,0.000000000000000000e+00,0.000000000000000000e+00
3.790000000000000036e+00,0.000000000000000000e+00,0.000000000000000000e+00,0.000000000000000000e+00,0.000000000000000000e+00,0.000000000000000000e+00,0.000000000000000000e+00
3.794999999999999929e+00,0.000000000000000000e+00,0.000000000000000000e+00,0.000000000000000000e+00,0.000000000000000000e+00,0.000000000000000000e+00,0.000000000000000000e+00
3.800000000000000266e+00,0.000000000000000000e+00,0.000000000000000000e+00,0.000000000000000000e+00,0.000000000000000000e+00,0.000000000000000000e+00,0.000000000000000000e+00
3.805000000000000160e+00,0.000000000000000000e+00,0.000000000000000000e+00,0.000000000000000000e+00,0.000000000000000000e+00,0.000000000000000000e+00,0.000000000000000000e+00
3.810000000000000053e+00,0.000000000000000000e+00,0.000000000000000000e+00,0.000000000000000000e+00,0.000000000000000000e+00,0.000000000000000000e+00,0.000000000000000000e+00
3.814999999999999947e+00,0.000000000000000000e+00,0.000000000000000000e+00,0.000000000000000000e+00,0.000000000000000000e+00,0.000000000000000000e+00,0.000000000000000000e+00
3.820000000000000284e+00,0.000000000000000000e+00,0.000000000000000000e+00,0.000000000000000000e+00,0.000000000000000000e+00,0.000000000000000000e+00,0.000000000000000000e+00
3.825000000000000178e+00,0.000000000000000000e+00,0.000000000000000000e+00,0.000000000000000000e+00,0.000000000000000000e+00,0.000000000000000000e+00,0.000000000000000000e+00
3.830000000000000071e+00,0.000000000000000000e+00,0.000000000000000000e+00,0.000000000000000000e+00,0.000000000000000000e+00,0.000000000000000000e+00,0.000000000000000000e+00
3.834999999999999964e+00,0.000000000000000000e+00,0.000000000000000000e+00,0.000000000000000000e+00,0.000000000000000000e+00,0.000000000000000000e+00,0.000000000000000000e+00
3.839999999999999858e+00,0.000000000000000000e+00,0.000000000000000000e+00,0.000000000000000000e+00,0.000000000000000000e+00,0.000000000000000000e+00,0.000000000000000000e+00
3.845000000000000195e+00,0.000000000000000000e+00,0.000000000000000000e+00,0.000000000000000000e+00,0.000000000000000000e+00,0.000000000000000000e+00,0.000000000000000000e+00
3.850000000000000089e+00,0.000000000000000000e+00,0.000000000000000000e+00,0.000000000000000000e+00,0.000000000000000000e+00,0.000000000000000000e+00,0.000000000000000000e+00
3.854999999999999982e+00,0.000000000000000000e+00,0.000000000000000000e+00,0.000000000000000000e+00,0.000000000000000000e+00,0.000000000000000000e+00,0.000000000000000000e+00
3.859999999999999876e+00,0.000000000000000000e+00,0.000000000000000000e+00,0.000000000000000000e+00,0.000000000000000000e+00,0.000000000000000000e+00,0.000000000000000000e+00
3.865000000000000213e+00,0.000000000000000000e+00,0.000000000000000000e+00,0.000000000000000000e+00,0.000000000000000000e+00,0.000000000000000000e+00,0.000000000000000000e+00
3.870000000000000107e+00,0.000000000000000000e+00,0.000000000000000000e+00,0.000000000000000000e+00,0.000000000000000000e+00,0.000000000000000000e+00,0.000000000000000000e+00
3.875000000000000000e+00,0.000000000000000000e+00,0.000000000000000000e+00,0.000000000000000000e+00,0.000000000000000000e+00,0.000000000000000000e+00,0.000000000000000000e+00
3.879999999999999893e+00,0.000000000000000000e+00,0.000000000000000000e+00,0.000000000000000000e+00,0.000000000000000000e+00,0.000000000000000000e+00,0.000000000000000000e+00
3.885000000000000231e+00,0.000000000000000000e+00,0.000000000000000000e+00,0.000000000000000000e+00,0.000000000000000000e+00,0.000000000000000000e+00,0.000000000000000000e+00
3.890000000000000124e+00,0.000000000000000000e+00,0.000000000000000000e+00,0.000000000000000000e+00,0.000000000000000000e+00,0.000000000000000000e+00,0.000000000000000000e+00
3.895000000000000018e+00,0.000000000000000000e+00,0.000000000000000000e+00,0.000000000000000000e+00,0.000000000000000000e+00,0.000000000000000000e+00,0.000000000000000000e+00
3.899999999999999911e+00,0.000000000000000000e+00,0.000000000000000000e+00,0.000000000000000000e+00,0.000000000000000000e+00,0.000000000000000000e+00,0.000000000000000000e+00
3.905000000000000249e+00,0.000000000000000000e+00,0.000000000000000000e+00,0.000000000000000000e+00,0.000000000000000000e+00,0.000000000000000000e+00,0.000000000000000000e+00
3.910000000000000142e+00,0.000000000000000000e+00,0.000000000000000000e+00,0.000000000000000000e+00,0.000000000000000000e+00,0.000000000000000000e+00,0.000000000000000000e+00
3.915000000000000036e+00,0.000000000000000000e+00,0.000000000000000000e+00,0.000000000000000000e+00,0.000000000000000000e+00,0.000000000000000000e+00,0.000000000000000000e+00
3.919999999999999929e+00,0.000000000000000000e+00,0.000000000000000000e+00,0.000000000000000000e+00,0.000000000000000000e+00,0.000000000000000000e+00,0.000000000000000000e+00
3.925000000000000266e+00,0.000000000000000000e+00,0.000000000000000000e+00,0.000000000000000000e+00,0.000000000000000000e+00,0.000000000000000000e+00,0.000000000000000000e+00
3.930000000000000160e+00,0.000000000000000000e+00,0.000000000000000000e+00,0.000000000000000000e+00,0.000000000000000000e+00,0.000000000000000000e+00,0.000000000000000000e+00
3.935000000000000053e+00,0.000000000000000000e+00,0.000000000000000000e+00,0.000000000000000000e+00,0.000000000000000000e+00,0.000000000000000000e+00,0.000000000000000000e+00
3.939999999999999947e+00,0.000000000000000000e+00,0.000000000000000000e+00,0.000000000000000000e+00,0.000000000000000000e+00,0.000000000000000000e+00,0.000000000000000000e+00
3.945000000000000284e+00,0.000000000000000000e+00,0.000000000000000000e+00,0.000000000000000000e+00,0.000000000000000000e+00,0.000000000000000000e+00,0.000000000000000000e+00
3.950000000000000178e+00,0.000000000000000000e+00,0.000000000000000000e+00,0.000000000000000000e+00,0.000000000000000000e+00,0.000000000000000000e+00,0.000000000000000000e+00
3.955000000000000071e+00,0.000000000000000000e+00,0.000000000000000000e+00,0.000000000000000000e+00,0.000000000000000000e+00,0.000000000000000000e+00,0.000000000000000000e+00
3.959999999999999964e+00,0.000000000000000000e+00,0.000000000000000000e+00,0.000000000000000000e+00,0.000000000000000000e+00,0.000000000000000000e+00,0.000000000000000000e+00
3.965000000000000302e+00,0.000000000000000000e+00,0.000000000000000000e+00,0.000000000000000000e+00,0.000000000000000000e+00,0.000000000000000000e+00,0.000000000000000000e+00
3.970000000000000195e+00,0.000000000000000000e+00,0.000000000000000000e+00,0.000000000000000000e+00,0.000000000000000000e+00,0.000000000000000000e+00,0.000000000000000000e+00
3.975000000000000089e+00,0.000000000000000000e+00,0.000000000000000000e+00,0.000000000000000000e+00,0.000000000000000000e+00,0.000000000000000000e+00,0.000000000000000000e+00
3.979999999999999982e+00,0.000000000000000000e+00,0.000000000000000000e+00,0.000000000000000000e+00,0.000000000000000000e+00,0.000000000000000000e+00,0.000000000000000000e+00
3.984999999999999876e+00,0.000000000000000000e+00,0.000000000000000000e+00,0.000000000000000000e+00,0.000000000000000000e+00,0.000000000000000000e+00,0.000000000000000000e+00
3.990000000000000213e+00,0.000000000000000000e+00,0.000000000000000000e+00,0.000000000000000000e+00,0.000000000000000000e+00,0.000000000000000000e+00,0.000000000000000000e+00
3.995000000000000107e+00,0.000000000000000000e+00,0.000000000000000000e+00,0.000000000000000000e+00,0.000000000000000000e+00,0.000000000000000000e+00,0.000000000000000000e+00
4.000000000000000000e+00,0.000000000000000000e+00,3.124999999999999740e-03,0.000000000000000000e+00,-6.249999999999999480e-03,-1.975000000000000366e-02,3.000000000000000000e+00
4.004999999999999893e+00,6.156588148348506549e-05,2.137743381407405246e-02,-1.231381240763032537e-04,-4.275941503115918835e-02,-1.374931625224633525e-01,3.000000000000000000e+00
4.009999999999999787e+00,2.125432553482898093e-04,3.889121618138889624e-02,-4.251669400199608933e-04,-7.781243989918810999e-02,-2.540915955572213281e-01,3.000000000000000000e+00
4.014999999999999680e+00,4.492631326482384065e-04,5.567605014073033487e-02,-8.988963050463485809e-04,-1.114456709014823022e-01,-3.695339182899621266e-01,3.000000000000000000e+00
4.020000000000000462e+00,7.681049725772842555e-04,7.174161136220535973e-02,-1.537317161760671548e-03,-1.436949475000590115e-01,-4.838094057138770943e-01,3.000000000000000000e+00
4.025000000000000355e+00,1.165496538022285818e-03,8.709754522034415802e-02,-2.333597779666328215e-03,-1.745953629037410859e-01,-5.969079595428431473e-01,3.000000000000000000e+00
4.030000000000000249e+00,1.637913738085436475e-03,1.017534644866175814e-01,-3.281080053853500673e-03,-2.041812762901790423e-01,-7.088200856962489915e-01,3.000000000000000000e+00
4.035000000000000142e+00,2.181880460355434519e-03,1.157189475172129833e-01,-4.373275868094841055e-03,-2.324863262877105152e-01,-8.195368772073888808e-01,3.000000000000000000e+00
4.040000000000000036e+00,2.793968395129635580e-03,1.290035368291651552e-01,-5.603863527804386728e-03,-2.595434453878548986e-01,-9.290500015443482473e-01,3.000000000000000000e+00
4.044999999999999929e+00,3.470796853294169215e-03,1.416167379733510312e-01,-6.966684266785829437e-03,-2.853848750048083027e-01,-1.037351691456414704e+00,3.000000000000000000e+00
4.049999999999999822e+00,4.209032579146552468e-03,1.535680186265888647e-01,-8.455738830381958476e-03,-3.100421809390868644e-01,-1.144434738571273424e+00,3.000000000000000000e+00
4.054999999999999716e+00,5.005389559087642347e-03,1.648668078372878543e-01,-1.006518413651561264e-02,-3.335462690388896201e-01,-1.250292489069558810e+00,3.000000000000000000e+00
4.060000000000000497e+00,5.856628826809609500e-03,1.755224953699111856e-01,-1.178933001516306762e-02,-3.559274008852049143e-01,-1.354918840854643536e+00,3.000000000000000000e+00
4.065000000000000391e+00,6.759558265357310490e-03,1.855444311030760851e-01,-1.362263602600441437e-02,-3.772152093555315444e-01,-1.458308241717706455e+00,3.000000000000000000e+00
4.070000000000000284e+00,7.711032406236078239e-03,1.949419244445372290e-01,-1.555970835333511312e-02,-3.974387139466602492e-01,-1.560455688071904046e+00,3.000000000000000000e+00
4.075000000000000178e+00,8.707952225574066077e-03,2.037242437336943268e-01,-1.759529677678282888e-02,-4.166263357595738626e-01,-1.661356723895633491e+00,3.000000000000000000e+00
4.080000000000000071e+00,9.747264937217019545e-03,2.119006156087317461e-01,-1.972429171593980887e-02,-4.348059120694510171e-01,-1.761007439584053369e+00,3.000000000000000000e+00
4.084999999999999964e+00,1.082596378253330299e-02,2.194802243211288750e-01,-2.194172134668071969e-02,-4.520047104212620570e-01,-1.859404470460864323e+00,3.000000000000000000e+00
4.089999999999999858e+00,1.194108781663318422e-02,2.264722109851578236e-01,-2.424274878667746422e-02,-4.682494422067563500e-01,-1.956544994749393584e+00,3.000000000000000000e+00
4.094999999999999751e+00,1.308972169065524514e-02,2.328856727541874505e-01,-2.662266934743558536e-02,-4.835662756919755223e-01,-2.052426730843795344e+00,3.000000000000000000e+00
4.099999999999999645e+00,1.426899542974109994e-02,2.387296619192061375e-01,-2.907690785005213538e-02,-4.979808484759764564e-01,-2.147047933758134519e+00,3.000000000000000000e+00
4.105000000000000426e+00,1.547608420630450753e-02,2.440131849280265108e-01,-3.160101600182380066e-02,-5.115182793713953791e-01,-2.240407390663712306e+00,3.000000000000000000e+00
4.110000000000000320e+00,1.670820810819987484e-02,2.487452013261979566e-01,-3.419066983080905342e-02,-5.242031797059828468e-01,-2.332504415453587665e+00,3.000000000000000000e+00
4.115000000000000213e+00,1.796263190140577962e-02,2.529346226227803807e-01,-3.684166717546225739e-02,-5.360596640514430078e-01,-2.423338842298214502e+00,3.000000000000000000e+00
4.120000000000000107e+00,1.923666478685939762e-02,2.565903110858732683e-01,-3.954992522650491171e-02,-5.471113603919472990e-01,-2.512911018177818256e+00,3.000000000000000000e+00
4.125000000000000000e+00,2.052766015110580461e-02,2.597210784741887379e-01,-4.231147811827390415e-02,-5.573814197496868017e-01,-2.601221794395769393e+00,3.000000000000000000e+00
4.129999999999999893e+00,2.183301531046046018e-02,2.623356847120481561e-01,-4.512247456688404240e-02,-5.668925252888890043e-01,-2.688272517093218017e+00,3.000000000000000000e+00
4.134999999999999787e+00,2.315017124842215501e-02,2.644428365160001460e-01,-4.797917555265761302e-02,-5.756669009229545830e-01,-2.774065016798708427e+00,3.000000000000000000e+00
4.139999999999999680e+00,2.447661234611632833e-02,2.660511859818411318e-01,-5.087795204440355434e-02,-5.837263194518594878e-01,-2.858601597057762511e+00,3.000000000000000000e+00
4.145000000000000462e+00,2.580986610559348610e-02,2.671693291411929017e-01,-5.381528276326940502e-02,-5.910921102588029274e-01,-2.941885022196660593e+00,3.000000000000000000e+00
4.150000000000000355e+00,2.714750286585387168e-02,2.678058044969840457e-01,-5.678775198403738372e-02,-5.977851665963387351e-01,-3.023918504282053554e+00,3.000000000000000000e+00
4.155000000000000249e+00,2.848713551151635728e-02,2.679690915472171531e-01,-5.979204737188929808e-02,-6.038259524929738831e-01,-3.104705689343822517e+00,3.000000000000000000e+00
4.160000000000000142e+00,2.982641917409626503e-02,2.676676093063048989e-01,-6.282495785282078693e-02,-6.092345093115228982e-01,-3.184250642932919817e+00,3.000000000000000000e+00
4.165000000000000036e+00,3.116305092590273759e-02,2.669097148330423774e-01,-6.588337151604183040e-02,-6.140304619904256578e-01,-3.262557835088912395e+00,3.000000000000000000e+00
4.169999999999999929e+00,3.249476946661087468e-02,2.657037017739721230e-01,-6.896427354685548405e-02,-6.182330249988198245e-01,-3.339632124793789458e+00,3.000000000000000000e+00
4.174999999999999822e+00,3.381935480260669924e-02,2.640577989305069595e-01,-7.206474418865929654e-02,-6.218610080354647351e-01,-3.415478743989411647e+00,3.000000000000000000e+00
4.179999999999999716e+00,3.513462791924371748e-02,2.619801688577186316e-01,-7.518195673286189040e-02,-6.249328215006746401e-01,-3.490103281235854560e+00,3.000000000000000000e+00
4.185000000000000497e+00,3.643845044618809065e-02,2.594789065021907426e-01,-7.831317553565041167e-02,-6.274664817692872099e-01,-3.563511665087037983e+00,3.000000000000000000e+00
4.190000000000000391e+00,3.772872431606515142e-02,2.565620378857870199e-01,-8.145575406068139568e-02,-6.294796162913952609e-01,-3.635710147258442326e+00,3.000000000000000000e+00
4.195000000000000284e+00,3.900339141665271764e-02,2.532375188416065570e-01,-8.460713294689767294e-02,-6.309894685461464592e-01,-3.706705285659569249e+00,3.000000000000000000e+00
4.200000000000000178e+00,4.026043323689660475e-02,2.463942245466813341e-01,-8.776483810079686865e-02,-6.257988935094224159e-01,-3.756883498434963276e+00,0.000000000000000000e+00
4.205000000000000071e+00,4.143642180620208532e-02,2.240602096134468035e-01,-9.080405635727635538e-02,-5.900574698326117584e-01,-3.708537069868540481e+00,0.000000000000000000e+00
4.209999999999999964e+00,4.250162337308101279e-02,2.020790162197604045e-01,-9.366708417419325472e-02,-5.553189076385648404e-01,-3.660177452057121528e+00,0.000000000000000000e+00
4.214999999999999858e+00,4.345779590186080871e-02,1.804481807720784703e-01,-9.635887903754263017e-02,-5.215605443303695798e-01,-3.611817185039448930e+00,0.000000000000000000e+00
4.219999999999999751e+00,4.430668495195846934e-02,1.591652061985521782e-01,-9.888428612078059565e-02,-4.887601195407247912e-01,-3.563468201726585960e+00,0.000000000000000000e+00
4.224999999999999645e+00,4.505002352902398588e-02,1.382275691791548522e-01,-1.012480403241806798e-01,-4.568957859184326620e-01,-3.515141899507782774e+00,0.000000000000000000e+00
4.230000000000000426e+00,4.568953196957931118e-02,1.176327263337961088e-01,-1.034547683609563229e-01,-4.259461171041560856e-01,-3.466849203389258172e+00,0.000000000000000000e+00
4.235000000000000320e+00,4.622691785423415495e-02,9.737811948321928313e-02,-1.055089908769073770e-01,-3.958901132150928204e-01,-3.418600621479505719e+00,0.000000000000000000e+00
4.240000000000000213e+00,4.666387594510799236e-02,7.746118008715095760e-02,-1.074151245918745501e-01,-3.667072041297462781e-01,-3.370406293569105927e+00,0.000000000000000000e+00
4.245000000000000107e+00,4.700208814358546039e-02,5.787933295459102290e-02,-1.091774844526745558e-01,-3.383772508374868204e-01,-3.322276033491343483e+00,0.000000000000000000e+00
4.250000000000000000e+00,4.724322346498457253e-02,3.862999931226972911e-02,-1.108002857884502479e-01,-3.108805450930419156e-01,-3.274219365892227618e+00,0.000000000000000000e+00
4.254999999999999893e+00,4.738893802712640380e-02,1.971059930912211905e-02,-1.122876464605129659e-01,-2.841978075933541126e-01,-3.226245557984675383e+00,0.000000000000000000e+00
4.259999999999999787e+00,4.744087505016518491e-02,1.118554027104787935e-03,-1.136435889997886028e-01,-2.583101848733218020e-01,-3.178363646811630971e+00,0.000000000000000000e+00
4.264999999999999680e+00,4.740066486537183182e-02,-1.714871293823219678e-02,-1.148720427259127264e-01,-2.331992450976915210e-01,-3.130582462496555696e+00,0.000000000000000000e+00
4.270000000000000462e+00,4.726992493086483449e-02,-3.509377427034167385e-02,-1.159768458428614146e-01,-2.088469729087116533e-01,-3.082910647916881519e+00,0.000000000000000000e+00
4.275000000000000355e+00,4.705025985255322646e-02,-5.271919804616533034e-02,-1.169617475067618734e-01,-1.852357634729833724e-01,-3.035356675196549503e+00,0.000000000000000000e+00
4.280000000000000249e+00,4.674326140879923874e-02,-7.002754712652725644e-02,-1.178304098622061508e-01,-1.623484158561597779e-01,-2.987928859377402269e+00,0.000000000000000000e+00
4.285000000000000142e+00,4.635050857752589376e-02,-8.702137878128413107e-02,-1.185864100440004870e-01,-1.401681258406511643e-01,-2.940635369595790305e+00,0.000000000000000000e+00
4.290000000000000036e+00,4.587356756468935481e-02,-1.037032445124816127e-01,-1.192332421418275251e-01,-1.186784782891993212e-01,-2.893484238060159530e+00,0.000000000000000000e+00
4.294999999999999929e+00,4.531399183320952012e-02,-1.200756900427687318e-01,-1.197743191257840678e-01,-9.786343914599721083e-02,-2.846483367097289996e+00,0.000000000000000000e+00
4.299999999999999822e+00,4.467332213160673388e-02,-1.361412554399580588e-01,-1.202129747311902752e-01,-7.770734715686521132e-02,-2.799640534509229450e+00,0.000000000000000000e+00
4.304999999999999716e+00,4.395308652172975200e-02,-1.519024753519180593e-01,-1.205524653014495989e-01,-5.819490538077078112e-02,-2.752963397459476269e+00,0.000000000000000000e+00
4.310000000000000497e+00,4.315480040508157256e-02,-1.673618793289736173e-01,-1.207959715880796425e-01,-3.931117255661734089e-02,-2.706459495085569156e+00,0.000000000000000000e+00
4.315000000000000391e+00,4.227996654735690502e-02,-1.825219922136963602e-01,-1.209466005073338984e-01,-2.104155438165885086e-02,-2.660136250015705528e+00,0.000000000000000000e+00
4.320000000000000284e+00,4.133007510089951181e-02,-1.973853345804127690e-01,-1.210073868530991414e-01,-3.371794751051288008e-03,-2.614000968949194537e+00,0.000000000000000000e+00
4.325000000000000178e+00,4.030660362487038101e-02,-2.119544232089678182e-01,-1.209812949659849479e-01,1.371203299813101781e-02,-2.568060842444332526e+00,0.000000000000000000e+00
4.330000000000000071e+00,3.921101710298985354e-02,-2.262317715792738215e-01,-1.208712203587240519e-01,3.022353480066554063e-02,-2.522322944042529436e+00,0.000000000000000000e+00
4.334999999999999964e+00,3.804476795877973633e-02,-2.402198903749707404e-01,-1.206799912981786627e-01,4.617600450201837792e-02,-2.476794228844064527e+00,0.000000000000000000e+00
4.339999999999999858e+00,3.680929606828559769e-02,-2.539212879861390548e-01,-1.204103703443994700e-01,6.158243239405563479e-02,-2.431481531638629789e+00,0.000000000000000000e+00
4.344999999999999751e+00,3.550602877030609172e-02,-2.673384710024585553e-01,-1.200650558473149304e-01,7.645551362350902491e-02,-2.386391564682720734e+00,0.000000000000000000e+00
4.350000000000000533e+00,3.413638087419581385e-02,-2.804739446895097577e-01,-1.196466834017397285e-01,9.080765645273237985e-02,-2.341530915205812136e+00,0.000000000000000000e+00
4.355000000000000426e+00,3.270175466534182285e-02,-2.933302134420822660e-01,-1.191578272614851192e-01,1.046509903555670473e-01,-2.296906042718104946e+00,0.000000000000000000e+00
4.360000000000000320e+00,3.120353990844189351e-02,-3.059097812093991564e-01,-1.186010017134324773e-01,1.179973739340732380e-01,-2.252523276184284384e+00,0.000000000000000000e+00
4.365000000000000213e+00,2.964311384873573318e-02,-3.182151518881001784e-01,-1.179786624124956051e-01,1.308584026445139825e-01,-2.208388811120163275e+00,0.000000000000000000e+00
4.370000000000000107e+00,2.802184121135892561e-02,-3.302488296796584621e-01,-1.172932076784498484e-01,1.432454163233269351e-01,-2.164508706662227056e+00,0.000000000000000000e+00
4.375000000000000000e+00,2.634107419900427044e-02,-3.420133194096455220e-01,-1.165469797556467207e-01,1.551695065059128242e-01,-2.120888882653866769e+00,0.000000000000000000e+00
4.379999999999999893e+00,2.460215248808630614e-02,-3.535111268069165424e-01,-1.157422660366638906e-01,1.666415235329334332e-01,-2.077535116786428215e+00,0.000000000000000000e+00
4.384999999999999787e+00,2.280640322361302333e-02,-3.647447587413695236e-01,-1.148813002509628811e-01,1.776720834404655336e-01,-2.034453041828086395e+00,0.000000000000000000e+00
4.389999999999999680e+00,2.095514101297419121e-02,-3.757167234194448424e-01,-1.139662636196411977e-01,1.882715746318234240e-01,-1.991648142968935664e+00,0.000000000000000000e+00
4.395000000000000462e+00,1.904966791885869676e-02,-3.864295305369838118e-01,-1.129992859773732983e-01,1.984501643301564144e-01,-1.949125755306448049e+00,0.000000000000000000e+00
4.400000000000000355e+00,1.709127345151426058e-02,-3.968856913894593386e-01,-1.119824468626362812e-01,2.082178048120676694e-01,-1.906891061491683859e+00,0.000000000000000000e+00
4.405000000000000249e+00,1.508123456056187361e-02,-4.070877189399376705e-01,-1.109177765773125685e-01,2.175842394234999977e-01,-1.864949089553186390e+00,0.000000000000000000e+00
4.410000000000000142e+00,1.302081562657479361e-02,-4.170381278454282081e-01,-1.098072572167532318e-01,2.265590083800074483e-01,-1.823304710912388771e+00,0.000000000000000000e+00
4.415000000000000036e+00,1.091126845262795943e-02,-4.267394344425371466e-01,-1.086528236713731749e-01,2.351514543542897184e-01,-1.781962638601569893e+00,0.000000000000000000e+00
4.419999999999999929e+00,8.753832256018551430e-03,-4.361941566935601533e-01,-1.074563646008331874e-01,2.433707278545220731e-01,-1.740927425692861963e+00,0.000000000000000000e+00
4.424999999999999822e+00,6.549733660352276624e-03,-4.454048140943364098e-01,-1.062197233818449743e-01,2.512257923975747542e-01,-1.700203463944550908e+00,0.000000000000000000e+00
4.429999999999999716e+00,4.300186688182920484e-03,-4.543739275453427817e-01,-1.049446990306134586e-01,2.587254294816935252e-01,-1.659794982668875818e+00,0.000000000000000000e+00
4.435000000000000497e+00,2.006392754385009827e-03,-4.631040191876353851e-01,-1.036330471009066778e-01,2.658782433636144305e-01,-1.619706047823695094e+00,0.000000000000000000e+00
4.440000000000000391e+00,-3.304593395689042062e-04,-4.715976122053507358e-01,-1.022864805587180709e-01,2.726926656454184417e-01,-1.579940561328771809e+00,0.000000000000000000e+00
4.445000000000000284e+00,-2.709193410263588658e-03,-4.798572305965604357e-01,-1.009066706344585590e-01,2.791769596767026407e-01,-1.540502260605965512e+00,0.000000000000000000e+00
4.450000000000000178e+00,-5.128645895775486158e-03,-4.878853989143358549e-01,-9.949524765358745693e-02,2.853392247778597235e-01,-1.501394718341337642e+00,0.000000000000000000e+00
4.455000000000000071e+00,-7.587665857741874437e-03,-4.956846419799237902e-01,-9.805380184656181664e-02,2.911874002904230596e-01,-1.462621342466022600e+00,0.000000000000000000e+00
4.459999999999999964e+00,-1.008511498193019953e-02,-5.032574845699632204e-01,-9.658388413895378777e-02,2.967292694605541681e-01,-1.424185376351730259e+00,0.000000000000000000e+00
4.464999999999999858e+00,-1.261986757718263838e-02,-5.106064510796870515e-01,-9.508700692255479814e-02,3.019724631618305177e-01,-1.386089899215849686e+00,0.000000000000000000e+00
4.469999999999999751e+00,-1.519081057262069816e-02,-5.177340651640554015e-01,-9.356464480825468777e-02,3.069244634635334701e-01,-1.348337826730375832e+00,0.000000000000000000e+00
4.475000000000000533e+00,-1.779684351300434356e-02,-5.246428493587573794e-01,-9.201823536145269100e-02,3.115926070506495060e-01,-1.310931911828215668e+00,0.000000000000000000e+00
4.480000000000000426e+00,-2.043687855214980365e-02,-5.313353246829985999e-01,-9.044917982072618601e-02,3.159840885017795031e-01,-1.273874745699867139e+00,0.000000000000000000e+00
4.485000000000000320e+00,-2.310984044431972639e-02,-5.378140102259657551e-01,-8.885884380045235009e-02,3.201059634311084201e-01,-1.237168758973006710e+00,0.000000000000000000e+00
4.490000000000000213e+00,-2.581466653350873025e-02,-5.440814227188207619e-01,-8.724855797804709212e-02,3.239651515005225746e-01,-1.200816223067111332e+00,0.000000000000000000e+00
4.495000000000000107e+00,-2.855030674055651987e-02,-5.501400760940392543e-01,-8.561961876645551861e-02,3.275684393078754919e-01,-1.164819251714949377e+00,0.000000000000000000e+00
4.500000000000000000e+00,-3.131572354802974328e-02,-5.559924810338565671e-01,-8.397328897249832502e-02,3.309224831573018277e-01,-1.129179802642506170e+00,0.000000000000000000e+00
4.504999999999999893e+00,-3.410989198282245172e-02,-5.616411445095342847e-01,-8.231079844164955472e-02,3.340338117173595189e-01,-1.093899679398743219e+00,0.000000000000000000e+00
4.509999999999999787e+00,-3.693179959643336230e-02,-5.670885693131018090e-01,-8.063334468979214964e-02,3.369088285726497545e-01,-1.058980533326444373e+00,0.000000000000000000e+00
4.514999999999999680e+00,-3.978044644288639825e-02,-5.723372535831695584e-01,-7.894209352247025246e-02,3.395538146744220276e-01,-1.024423865665357036e+00,0.000000000000000000e+00
4.520000000000000462e+00,-4.265484505426864192e-02,-5.773896903263449065e-01,-7.723817964212986720e-02,3.419749306955181534e-01,-9.902310297787688675e-01,0.000000000000000000e+00
4.525000000000000355e+00,-4.555402041386746870e-02,-5.822483669357183533e-01,-7.552270724381303368e-02,3.441782192948508734e-01,-9.564032334947096814e-01,0.000000000000000000e+00
4.530000000000000249e+00,-4.847700992689570054e-02,-5.869157647078200313e-01,-7.379675059974533102e-02,3.461696072964439153e-01,-9.229415415530008993e-01,0.000000000000000000e+00
4.535000000000000142e+00,-5.142286338880052571e-02,-5.913943583593790354e-01,-7.206135463323154466e-02,3.479549077878896224e-01,-8.898468781494779378e-01,0.000000000000000000e+00
4.540000000000000036e+00,-5.439064295115834946e-02,-5.956866155451473466e-01,-7.031753548225078143e-02,3.495398221429037999e-01,-8.571200295688086168e-01,0.000000000000000000e+00
4.544999999999999929e+00,-5.737942308516395806e-02,-5.997949963779837246e-01,-6.856628105311914079e-02,3.509299419724785096e-01,-8.247616468975114135e-01,0.000000000000000000e+00
4.549999999999999822e+00,-6.038829054272805419e-02,-6.037219529523206729e-01,-6.680855156456602661e-02,3.521307510089521919e-01,-7.927722488089090636e-01,0.000000000000000000e+00
4.554999999999999716e+00,-6.341634431520284942e-02,-6.074699288720699641e-01,-6.504528008254928384e-02,3.531476269271346391e-01,-7.611522244119870440e-01,0.000000000000000000e+00
4.560000000000000497e+00,-6.646269558976033998e-02,-6.110413587839530480e-01,-6.327737304611365243e-02,3.539858431064428212e-01,-7.299018361563101021e-01,0.000000000000000000e+00
4.565000000000000391e+00,-6.952646770345269345e-02,-6.144386679171759402e-01,-6.150571078457823387e-02,3.546505703378203811e-01,-6.990212227853895843e-01,0.000000000000000000e+00
4.570000000000000284e+00,-7.260679609498869869e-02,-6.176642716302993552e-01,-5.973114802631980524e-02,3.551468784790345334e-01,-6.685104023311490007e-01,0.000000000000000000e+00
4.575000000000000178e+00,-7.570282825426417894e-02,-6.207205749660908989e-01,-5.795451439940157295e-02,3.554797380617649161e-01,-6.383692751423692968e-01,0.000000000000000000e+00
4.580000000000000071e+00,-7.881372366968816823e-02,-6.236099722150824087e-01,-5.617661492428024234e-02,3.556540218537225795e-01,-6.085976269402799677e-01,0.000000000000000000e+00
4.584999999999999964e+00,-8.193865377334996758e-02,-6.263348464884910261e-01,-5.439823049880847250e-02,3.556745063788641636e-01,-5.791951318947292648e-01,0.000000000000000000e+00
4.589999999999999858e+00,-8.507680188407557020e-02,-6.288975693011038537e-01,-5.262011837573494361e-02,3.555458733985965569e-01,-5.501613557146391997e-01,0.000000000000000000e+00
4.594999999999999751e+00,-8.822736314842445637e-02,-6.313005001646658787e-01,-5.084301263289024014e-02,3.552727113567005213e-01,-5.214957587467505817e-01,0.000000000000000000e+00
4.600000000000000533e+00,-9.138954447968065942e-02,-6.335459861922532188e-01,-4.906762463623343118e-02,3.548595167905393977e-01,-4.931976990769382230e-01,0.000000000000000000e+00
4.605000000000000426e+00,-9.456256449489405802e-02,-6.356363617140614597e-01,-4.729464349592181482e-02,3.543106957109622979e-01,-4.652664356286666525e-01,0.000000000000000000e+00
4.610000000000000320e+00,-9.774565345002991790e-02,-6.375739479049813418e-01,-4.552473651555471318e-02,3.536305649531558681e-01,-4.377011312534548892e-01,0.000000000000000000e+00
4.615000000000000213e+00,-1.009380531732865238e-01,-6.393610524242882009e-01,-4.375854963473121279e-02,3.528233535005522725e-01,-4.105008558084952686e-01,0.000000000000000000e+00
4.620000000000000107e+00,-1.041390169966420198e-01,-6.409999690677185002e-01,-4.199670786505158016e-02,3.518932037837558813e-01,-3.836645892168666361e-01,0.000000000000000000e+00
4.625000000000000000e+00,-1.073478096856931852e-01,-6.424929774321630482e-01,-4.023981571968271442e-02,3.508441729563133715e-01,-3.571912245060560043e-01,0.000000000000000000e+00
4.629999999999999893e+00,-1.105637073678495952e-01,-6.438423425931615318e-01,-3.848845763659903413e-02,3.496802341490189425e-01,-3.310795708207969756e-01,0.000000000000000000e+00
4.634999999999999787e+00,-1.137859974589474910e-01,-6.450503147953400296e-01,-3.674319839560227091e-02,3.484052777043180060e-01,-3.053283564064879219e-01,0.000000000000000000e+00
4.639999999999999680e+00,-1.170139785883485134e-01,-6.461191291558948668e-01,-3.500458352921593380e-02,3.470231123922500882e-01,-2.799362315597400119e-01,0.000000000000000000e+00
4.645000000000000462e+00,-1.202469605225885557e-01,-6.470510053811865392e-01,-3.327313972754343541e-02,3.455374666092549951e-01,-2.549017715428603115e-01,0.000000000000000000e+00
4.650000000000000355e+00,-1.234842640876424452e-01,-6.478481474964740139e-01,-3.154937523717251530e-02,3.439519895610542166e-01,-2.302234794593258638e-01,0.000000000000000000e+00
4.655000000000000249e+00,-1.267252210898701104e-01,-6.485127435887849678e-01,-2.983378025420269780e-02,3.422702524307126848e-01,-2.058997890875711168e-01,0.000000000000000000e+00
4.660000000000000142e+00,-1.299691742357099722e-01,-6.490469655628864354e-01,-2.812682731146739015e-02,3.404957495328858608e-01,-1.819290676706319942e-01,0.000000000000000000e+00
4.665000000000000036e+00,-1.332154770501846608e-01,-6.494529689102922498e-01,-2.642897166001739392e-02,3.386318994551602568e-01,-1.583096186594414867e-01,0.000000000000000000e+00
4.669999999999999929e+00,-1.364634937942843240e-01,-6.497328924912147974e-01,-2.474065164492823474e-02,3.366820461873056280e-01,-1.350396844077861314e-01,0.000000000000000000e+00
4.674999999999999822e+00,-1.397125993812917411e-01,-6.498888583293451759e-01,-2.306228907548990917e-02,3.346494602391711926e-01,-1.121174488171570172e-01,0.000000000000000000e+00
4.679999999999999716e+00,-1.429621792921130785e-01,-6.499229714193212049e-01,-2.139428958983418186e-02,3.325373397478776916e-01,-8.954103992993367456e-02,0.000000000000000000e+00
4.685000000000000497e+00,-1.462116294896775304e-01,-6.498373195467229690e-01,-1.973704301405144676e-02,3.303488115748817178e-01,-6.730853246954238145e-02,0.000000000000000000e+00
4.690000000000000391e+00,-1.494603563324677087e-01,-6.496339731204142653e-01,-1.809092371584653663e-02,3.280869323934178516e-01,-4.541795032641804397e-02,0.000000000000000000e+00
4.695000000000000284e+00,-1.527077764872422361e-01,-6.493149850170316650e-01,-1.645629095278044324e-02,3.257546897667580876e-01,-2.386726898878532843e-02,0.000000000000000000e+00
4.700000000000000178e+00,-1.559533168410107973e-01,-6.488823904374072526e-01,-1.483348921514288619e-02,3.233550032176659150e-01,-2.654417917447915443e-03,0.000000000000000000e+00
4.705000000000000071e+00,-1.591964144123206304e-01,-6.483382067746947808e-01,-1.322284856349896509e-02,3.208907252893660189e-01,1.822271713606360422e-02,0.000000000000000000e+00
4.709999999999999964e+00,-1.624365162619123004e-01,-6.476844334939583225e-01,-1.162468496095159232e-02,3.183646425982965544e-01,3.876629186847768693e-02,0.000000000000000000e+00
4.714999999999999858e+00,-1.656730794028017095e-01,-6.469230520229694026e-01,-1.003930060016025236e-02,3.157794768788629858e-01,5.897850122124093097e-02,0.000000000000000000e+00
4.719999999999999751e+00,-1.689055707098434111e-01,-6.460560256539494839e-01,-8.466984225155608015e-03,3.131378860203666292e-01,7.886157723465703207e-02,0.000000000000000000e+00
4.725000000000000533e+00,-1.721334668288295455e-01,-6.450852994559856946e-01,-6.908011447988753224e-03,3.104424650962403498e-01,9.841778695978531388e-02,0.000000000000000000e+00
4.730000000000000426e+00,-1.753562540851769380e-01,-6.440128001978399075e-01,-5.362645060253309372e-03,3.076957473856855585e-01,1.176494304280406578e-01,0.000000000000000000e+00
4.735000000000000320e+00,-1.785734283922535970e-01,-6.428404362808665118e-01,-3.831135339518202884e-03,3.049002053877713503e-01,1.365588386783418429e-01,0.000000000000000000e+00
4.740000000000000213e+00,-1.817844951593944602e-01,-6.415700976817475532e-01,-2.313720350708724227e-03,3.020582518280247042e-01,1.551483718415358481e-01,0.000000000000000000e+00
4.745000000000000107e+00,-1.849889691996548235e-01,-6.402036559047509234e-01,-8.106262424734018718e-04,2.991722406575134108e-01,1.734204172817268574e-01,0.000000000000000000e+00
4.750000000000000000e+00,-1.881863746373481638e-01,-6.387429639432146145e-01,6.779324614257309714e-04,2.962444680443986345e-01,1.913773877940602164e-01,0.000000000000000000e+00
4.754999999999999893e+00,-1.913762448154138485e-01,-6.371898562499571650e-01,2.151752575661712574e-03,2.932771733579113138e-01,2.090217198584107816e-01,0.000000000000000000e+00
4.759999999999999787e+00,-1.945581222026586399e-01,-6.355461487163147627e-01,3.610641971792038704e-03,2.902725401446878961e-01,2.263558719483560466e-01,0.000000000000000000e+00
4.764999999999999680e+00,-1.977315583009142397e-01,-6.338136386595032423e-01,5.054419301570461411e-03,2.872326970973835270e-01,2.433823228947477046e-01,0.000000000000000000e+00
4.770000000000000462e+00,-2.008961135521519226e-01,-6.319941048180066634e-01,6.482913725082349067e-03,2.841597190154663832e-01,2.601035703031193691e-01,0.000000000000000000e+00
4.775000000000000355e+00,-2.040513572455934510e-01,-6.300893073546925960e-01,7.895964643664241805e-03,2.810556277580847362e-01,2.765221290241252072e-01,0.000000000000000000e+00
4.780000000000000249e+00,-2.071968674248563513e-01,-6.281009878673580182e-01,9.293421437567688306e-03,2.779223931888875065e-01,2.926405296761358521e-01,0.000000000000000000e+00
4.785000000000000142e+00,-2.103322307951698833e-01,-6.260308694064116164e-01,1.067514320832679484e-02,2.747619341126711912e-01,3.084613172190844299e-01,0.000000000000000000e+00
4.790000000000000036e+00,-2.134570426306965918e-01,-6.238806564994019421e-01,1.204099852578829899e-02,2.715761192037187133e-01,3.239870495786063564e-01,0.000000000000000000e+00
4.794999999999999929e+00,-2.165709066819930251e-01,-6.216520351821034351e-01,1.339086517976229018e-02,2.683667679256923067e-01,3.392202963194881349e-01,0.000000000000000000e+00
4.799999999999999822e+00,-2.196734350836417604e-01,-6.193466730358778705e-01,1.472462993625096514e-02,2.651356514429369926e-01,3.541636373673947569e-01,0.000000000000000000e+00
4.804999999999999716e+00,-2.227642482620852959e-01,-6.169662192310326754e-01,1.604218829821214137e-02,2.618844935230512649e-01,3.688196617778372044e-01,0.000000000000000000e+00
4.810000000000000497e+00,-2.258429748436910911e-01,-6.145123045759018909e-01,1.734344427081348575e-02,2.586149714305796543e-01,3.831909665513076879e-01,0.000000000000000000e+00
4.815000000000000391e+00,-2.289092515630758995e-01,-6.119865415713818813e-01,1.862831013113270748e-02,2.553287168116826211e-01,3.972801554934860535e-01,0.000000000000000000e+00
4.820000000000000284e+00,-2.319627231717157345e-01,-6.093905244706590008e-01,1.989670620225824499e-02,2.520273165696412798e-01,4.110898381194273421e-01,0.000000000000000000e+00
4.825000000000000178e+00,-2.350030423468669749e-01,-6.067258293438716477e-01,2.114856063174427869e-02,2.487123137310561505e-01,4.246226286006045125e-01,0.000000000000000000e+00
4.830000000000000071e+00,-2.380298696008226467e-01,-6.039940141474567925e-01,2.238380917437318013e-02,2.453852083026035746e-01,4.378811447536912205e-01,0.000000000000000000e+00
4.834999999999999964e+00,-2.410428731905265021e-01,-6.011966187979347342e-01,2.360239497917784868e-02,2.420474581182167073e-01,4.508680070699562781e-01,0.000000000000000000e+00
4.839999999999999858e+00,-2.440417290275667395e-01,-5.983351652498954953e-01,2.480426838067577994e-02,2.387004796765638259e-01,4.635858377841409195e-01,0.000000000000000000e+00
4.844999999999999751e+00,-2.470261205885696532e-01,-5.954111575779533760e-01,2.598938669426597431e-02,2.353456489687015818e-01,4.760372599816956596e-01,0.000000000000000000e+00
4.850000000000000533e+00,-2.499957388260124203e-01,-5.924260820624458468e-01,2.715771401573933291e-02,2.319843022957872591e-01,4.882248967432492037e-01,0.000000000000000000e+00
4.855000000000000426e+00,-2.529502820794734541e-01,-5.893814072786572877e-01,2.830922102485252528e-02,2.286177370767408512e-01,5.001513703251956322e-01,0.000000000000000000e+00
4.860000000000000320e+00,-2.558894559873370333e-01,-5.862785841893565220e-01,2.944388479291483104e-02,2.252472126457543689e-01,5.118193013752904141e-01,0.000000000000000000e+00
4.865000000000000213e+00,-2.588129733989686376e-01,-5.831190462404425290e-01,3.056168859433693388e-02,2.218739510395535686e-01,5.232313081821561296e-01,0.000000000000000000e+00
4.870000000000000107e+00,-2.617205542873758395e-01,-5.799042094595012742e-01,3.166262172209022979e-02,2.184991377743244201e-01,5.343900059576106587e-01,0.000000000000000000e+00
4.875000000000000000e+00,-2.646119256623687965e-01,-5.766354725570809192e-01,3.274667930702478136e-02,2.151239226122252379e-01,5.452980061507451959e-01,0.000000000000000000e+00
4.879999999999999893e+00,-2.674868214842335834e-01,-5.733142170305018936e-01,3.381386214099359189e-02,2.117494203174125900e-01,5.559579157926933801e-01,0.000000000000000000e+00
4.884999999999999787e+00,-2.703449825779305482e-01,-5.699418072700238591e-01,3.486417650373074134e-02,2.083767114015179223e-01,5.663723368710495976e-01,0.000000000000000000e+00
4.889999999999999680e+00,-2.731861565478289622e-01,-5.665195906671977033e-01,3.589763399343032929e-02,2.050068428585196667e-01,5.765438657329102767e-01,0.000000000000000000e+00
4.895000000000000462e+00,-2.760100976929886762e-01,-5.630488977252385840e-01,3.691425136097322562e-02,2.016408288889642575e-01,5.864750925155338690e-01,0.000000000000000000e+00
4.900000000000000355e+00,-2.788165669229981658e-01,-5.595310421712617055e-01,3.791405034774820992e-02,1.982796516134974485e-01,5.961686006036334140e-01,0.000000000000000000e+00
4.905000000000000249e+00,-2.816053316743782897e-01,-5.559673210702293922e-01,3.889705752701395208e-02,1.949242617756756502e-01,6.056269661123305781e-01,0.000000000000000000e+00
4.910000000000000142e+00,-2.843761658275597570e-01,-5.523590149404634664e-01,3.986330414874821731e-02,1.915755794340354978e-01,6.148527573948305847e-01,0.000000000000000000e+00
4.915000000000000036e+00,-2.871288496244415178e-01,-5.487073878705847063e-01,4.081282598793055383e-02,1.882344946434075517e-01,6.238485345738906673e-01,0.000000000000000000e+00
4.919999999999999929e+00,-2.898631695865375724e-01,-5.450136876377456030e-01,4.174566319620461041e-02,1.849018681254683549e-01,6.326168490961807667e-01,0.000000000000000000e+00
4.924999999999999822e+00,-2.925789184337174720e-01,-5.412791458270291844e-01,4.266186015686633526e-02,1.815785319285327382e-01,6.411602433086567299e-01,0.000000000000000000e+00
4.929999999999999716e+00,-2.952758950035467289e-01,-5.375049779518934479e-01,4.356146534312424490e-02,1.782652900765961390e-01,6.494812500560877000e-01,0.000000000000000000e+00
4.935000000000000497e+00,-2.979539041712317426e-01,-5.336923835755448264e-01,4.444453117957807009e-02,1.749629192076439799e-01,6.575823922989051384e-01,0.000000000000000000e+00
4.940000000000000391e+00,-3.006127567701737946e-01,-5.298425464331310009e-01,4.531111390686216878e-02,1.716721692012526668e-01,6.654661827505592431e-01,0.000000000000000000e+00
4.945000000000000284e+00,-3.032522695131356638e-01,-5.259566345546482502e-01,4.616127344940022803e-02,1.683937637955139344e-01,6.731351235335988337e-01,0.000000000000000000e+00
4.950000000000000178e+00,-3.058722649140244165e-01,-5.220358003884643106e-01,4.699507328621797819e-02,1.651284011933208395e-01,6.805917058537037656e-01,0.000000000000000000e+00
4.955000000000000071e+00,-3.084725712102932560e-01,-5.180811809253613731e-01,4.781258032476084358e-02,1.618767546580608396e-01,6.878384096909355705e-01,0.000000000000000000e+00
4.959999999999999964e+00,-3.110530222859645422e-01,-5.140938978230108480e-01,4.861386477766365538e-02,1.586394730987672752e-01,6.948777035074777952e-01,0.000000000000000000e+00
4.964999999999999858e+00,-3.136134575952762571e-01,-5.100750575307942958e-01,4.939900004241993409e-02,1.554171816447873222e-01,7.017120439711811430e-01,0.000000000000000000e+00
4.969999999999999751e+00,-3.161537220869530818e-01,-5.060257514148912561e-01,5.016806258389838041e-02,1.522104822100299459e-01,7.083438756942292969e-01,0.000000000000000000e+00
4.975000000000000533e+00,-3.186736661291035277e-01,-5.019470558835577023e-01,5.092113181965474134e-02,1.490199540468632178e-01,7.147756309862834945e-01,0.000000000000000000e+00
4.980000000000000426e+00,-3.211731454347439008e-01,-4.978400325125242887e-01,5.165829000798742576e-02,1.458461542897358798e-01,7.210097296214704743e-01,0.000000000000000000e+00
4.985000000000000320e+00,-3.236520209879490961e-01,-4.937057281704468337e-01,5.237962213868568168e-02,1.426896184886029262e-01,7.270485786186116073e-01,0.000000000000000000e+00
4.990000000000000213e+00,-3.261101589706310033e-01,-4.895451751443467003e-01,5.308521582641963221e-02,1.395508611322401893e-01,7.328945720341063508e-01,0.000000000000000000e+00
4.995000000000000107e+00,-3.285474306899437424e-01,-4.853593912649807329e-01,5.377516120672176658e-02,1.364303761615371091e-01,7.385500907669051429e-01,0.000000000000000000e+00
5.000000000000000000e+00,-3.309637125063155105e-01,-4.811493800320861269e-01,5.444955083451001598e-02,1.333286374728616108e-01,7.440175023750318362e-01,0.000000000000000000e+00
5.004999999999999893e+00,-3.333588857621062052e-01,-4.769161307394476079e-01,5.510847958510307898e-02,1.302460994115949289e-01,7.492991609031292022e-01,0.000000000000000000e+00
5.009999999999999787e+00,-3.357328367108899925e-01,-4.726606185997386245e-01,5.575204455767903550e-02,1.271831972559379909e-01,7.543974067205280187e-01,0.000000000000000000e+00
5.014999999999999680e+00,-3.380854564473611545e-01,-4.683838048690909250e-01,5.638034498112887150e-02,1.241403476910946518e-01,7.593145663693561254e-01,0.000000000000000000e+00
5.020000000000000462e+00,-3.404166408378622166e-01,-4.640866369713508299e-01,5.699348212225713306e-02,1.211179492739404701e-01,7.640529524222223756e-01,0.000000000000000000e+00
5.025000000000000355e+00,-3.427262904515324116e-01,-4.597700486219822302e-01,5.759155919628231729e-02,1.181163828882886152e-01,7.686148633490328397e-01,0.000000000000000000e+00
5.030000000000000249e+00,-3.450143104920748161e-01,-4.554349599515806202e-01,5.817468127959037755e-02,1.151360121908673734e-01,7.730025833925107115e-01,0.000000000000000000e+00
5.035000000000000142e+00,-3.472806107301397716e-01,-4.510822776289638569e-01,5.874295522469508840e-02,1.121771840481265714e-01,7.772183824520113582e-01,0.000000000000000000e+00
5.040000000000000036e+00,-3.495251054363228693e-01,-4.467128949838093388e-01,5.929648957735979969e-02,1.092402289639922280e-01,7.812645159752416024e-01,0.000000000000000000e+00
5.044999999999999929e+00,-3.517477133147748902e-01,-4.423276921288081809e-01,5.983539449583556713e-02,1.063254614986911539e-01,7.851432248575074269e-01,0.000000000000000000e+00
5.049999999999999822e+00,-3.539483574374210906e-01,-4.379275360813106865e-01,6.035978167217135454e-02,1.034331806787690822e-01,7.888567353481337197e-01,0.000000000000000000e+00
5.054999999999999716e+00,-3.561269651787875579e-01,-4.335132808844389118e-01,6.086976425555254422e-02,1.005636703984276320e-01,7.924072589637086717e-01,0.000000000000000000e+00
5.060000000000000497e+00,-3.582834681514317499e-01,-4.290857677276443405e-01,6.136545677762473422e-02,9.771719981230689300e-02,7.957969924078323043e-01,0.000000000000000000e+00
5.065000000000000391e+00,-3.604178021419742195e-01,-4.246458250666907408e-01,6.184697507976029407e-02,9.489402371984169415e-02,7.990281174970514932e-01,0.000000000000000000e+00
5.070000000000000284e+00,-3.625299070477289720e-01,-4.201942687430443857e-01,6.231443624222589989e-02,9.209438294132091252e-02,8.021028010926849472e-01,0.000000000000000000e+00
5.075000000000000178e+00,-3.646197268139292902e-01,-4.157319021026549821e-01,6.276795851520994285e-02,8.931850468577988422e-02,8.050231950382550350e-01,0.000000000000000000e+00
5.080000000000000071e+00,-3.666872093715456415e-01,-4.112595161141130440e-01,6.320766125166921157e-02,8.656660291085686854e-02,8.077914361022562328e-01,0.000000000000000000e+00
5.084999999999999964e+00,-3.687323065756929474e-01,-4.067778894861708294e-01,6.363366484195503991e-02,8.383887867474508482e-02,8.104096459260010654e-01,0.000000000000000000e+00
5.089999999999999858e+00,-3.707549741446240499e-01,-4.022877887846150191e-01,6.404609065017975722e-02,8.113552048037225850e-02,8.128799309762979597e-01,0.000000000000000000e+00
5.094999999999999751e+00,-3.727551715993054904e-01,-3.977899685484812542e-01,6.444506095228484666e-02,7.845670461193982037e-02,8.152043825027313062e-01,0.000000000000000000e+00
5.100000000000000533e+00,-3.747328622035729917e-01,-3.932851714056018744e-01,6.483069887577302959e-02,7.580259546395408388e-02,8.173850764993211282e-01,0.000000000000000000e+00
5.105000000000000426e+00,-3.766880129048629233e-01,-3.887741281874791399e-01,6.520312834106692379e-02,7.317334586288169740e-02,8.194240736703476413e-01,0.000000000000000000e+00
5.110000000000000320e+00,-3.786205942755163090e-01,-3.842575580434774984e-01,6.556247400445791573e-02,7.056909738156133538e-02,8.213234194001504118e-01,0.000000000000000000e+00
5.115000000000000213e+00,-3.805305804546523230e-01,-3.797361685543301224e-01,6.590886120260916470e-02,6.798998064650359219e-02,8.230851437267050486e-01,0.000000000000000000e+00
5.120000000000000107e+00,-3.824179490906073897e-01,-3.752106558449546658e-01,6.624241589857766954e-02,6.543611563821034871e-02,8.247112613188009034e-01,0.000000000000000000e+00
5.125000000000000000e+00,-3.842826812839366668e-01,-3.706817046965754092e-01,6.656326462932071752e-02,6.290761198464436821e-02,8.262037714566536906e-01,0.000000000000000000e+00
5.129999999999999893e+00,-3.861247615309745806e-01,-3.661499886581491836e-01,6.687153445465282564e-02,6.040456924797949628e-02,8.275646580157853816e-01,0.000000000000000000e+00
5.134999999999999787e+00,-3.879441776679504184e-01,-3.616161701570932974e-01,6.716735290761992327e-02,5.792707720476063943e-02,8.287958894540292665e-01,0.000000000000000000e+00
5.139999999999999680e+00,-3.897409208156561444e-01,-3.570809006093145777e-01,6.745084794625813562e-02,5.547521611960226640e-02,8.298994188015054174e-01,0.000000000000000000e+00
5.145000000000000462e+00,-3.915149853246623346e-01,-3.525448205285390824e-01,6.772214790670513795e-02,5.304905701255294148e-02,8.308771836534430966e-01,0.000000000000000000e+00
5.150000000000000355e+00,-3.932663687210792847e-01,-3.480085596349432042e-01,6.798138145763278628e-02,5.064866192025250374e-02,8.317311061657126636e-01,0.000000000000000000e+00
5.155000000000000249e+00,-3.949950716528591865e-01,-3.434727369630865002e-01,6.822867755597024353e-02,4.827408415100732653e-02,8.324630930529526296e-01,0.000000000000000000e+00
5.160000000000000142e+00,-3.967010978366366514e-01,-3.389379609691484663e-01,6.846416540388761129e-02,4.592536853390793289e-02,8.330750355891751724e-01,0.000000000000000000e+00
5.165000000000000036e+00,-3.983844540051033056e-01,-3.344048296374701468e-01,6.868797440701043810e-02,4.360255166211197964e-02,8.335688096107469747e-01,0.000000000000000000e+00
5.169999999999999929e+00,-4.000451498549135176e-01,-3.298739305864040738e-01,6.890023413383632167e-02,4.130566213041426266e-02,8.339462755216386913e-01,0.000000000000000000e+00
5.174999999999999822e+00,-4.016831979951177578e-01,-3.253458411734740374e-01,6.910107427632536381e-02,3.903472076722404316e-02,8.342092783008573376e-01,0.000000000000000000e+00
5.179999999999999716e+00,-4.032986138961197065e-01,-3.208211285998489593e-01,6.929062461163675024e-02,3.678974086106853725e-02,8.343596475119628986e-01,0.000000000000000000e+00
5.185000000000000497e+00,-4.048914158391545004e-01,-3.163003500141330360e-01,6.946901496498442130e-02,3.457072838173990553e-02,8.343991973145945540e-01,0.000000000000000000e+00
5.190000000000000391e+00,-4.064616248662837883e-01,-3.117840526154768699e-01,6.963637517358532703e-02,3.237768219620158761e-02,8.343297264779238054e-01,0.000000000000000000e+00
5.195000000000000284e+00,-4.080092647309048748e-01,-3.072727737560125849e-01,6.979283505167431512e-02,3.021059427936811925e-02,8.341530183959602329e-01,0.000000000000000000e+00
5.200000000000000178e+00,-4.095343618487703452e-01,-3.027670410426175351e-01,6.993852435656039424e-02,2.806944991987116861e-02,8.338708411046454883e-01,0.000000000000000000e+00
5.205000000000000071e+00,-4.110369452495147846e-01,-2.982673724380106584e-01,7.007357275569950361e-02,2.595422792092261927e-02,8.334849473006673559e-01,0.000000000000000000e+00
5.209999999999999964e+00,-4.125170465286853716e-01,-2.937742763611857488e-01,7.019810979475954449e-02,2.386490079638403303e-02,8.329970743619359297e-01,0.000000000000000000e+00
5.214999999999999858e+00,-4.139746998002729050e-01,-2.892882517871862014e-01,7.031226486665402564e-02,2.180143496215003474e-02,8.324089443696628399e-01,0.000000000000000000e+00
5.219999999999999751e+00,-4.154099416497401553e-01,-2.848097883462261670e-01,7.041616718152111931e-02,1.976379092295144774e-02,8.317222641319951260e-01,0.000000000000000000e+00
5.225000000000000533e+00,-4.168228110875442094e-01,-2.803393664221620618e-01,7.050994573762550677e-02,1.775192345468223562e-02,8.309387252091503528e-01,0.000000000000000000e+00
5.230000000000000426e+00,-4.182133495031494785e-01,-2.758774572503198130e-01,7.059372929316087841e-02,1.576578178235256422e-02,8.300600039400102270e-01,0.000000000000000000e+00
5.235000000000000320e+00,-4.195816006195283165e-01,-2.714245230146821730e-01,7.066764633893146685e-02,1.380530975376850766e-02,8.290877614701276377e-01,0.000000000000000000e+00
5.240000000000000213e+00,-4.209276104481458058e-01,-2.669810169444409853e-01,7.073182507189153256e-02,1.187044600903709550e-02,8.280236437811082650e-01,0.000000000000000000e+00
5.245000000000000107e+00,-4.222514272444261030e-01,-2.625473834099192327e-01,7.078639336952206873e-02,9.961124145993691115e-03,8.268692817213284529e-01,0.000000000000000000e+00
5.250000000000000000e+00,-4.235531014636964020e-01,-2.581240580178672528e-01,7.083147876502474127e-02,8.077272881646750322e-03,8.256262910379570386e-01,0.000000000000000000e+00
5.254999999999999893e+00,-4.248326857176060734e-01,-2.537114677061382273e-01,7.086720842331323267e-02,6.218816209733331671e-03,8.242962724102445016e-01,0.000000000000000000e+00
5.259999999999999787e+00,-4.260902347310177030e-01,-2.493100308377471375e-01,7.089370911778282436e-02,4.385673554476831291e-03,8.228808114840523436e-01,0.000000000000000000e+00
5.264999999999999680e+00,-4.273258052993665346e-01,-2.449201572943182637e-01,7.091110720783949661e-02,2.577759920636677783e-03,8.213814789075944978e-01,0.000000000000000000e+00
5.270000000000000462e+00,-4.285394562464860391e-01,-2.405422485689250878e-01,7.091952861717017165e-02,7.949860399378576217e-04,8.197998303683607935e-01,0.000000000000000000e+00
5.275000000000000355e+00,-4.297312483828959473e-01,-2.361766978583276222e-01,7.091909881273622540e-02,-9.627414860336005499e-04,8.181374066312037119e-01,0.000000000000000000e+00
5.280000000000000249e+00,-4.309012444645501372e-01,-2.318238901546109676e-01,7.090994278447282362e-02,-2.695520046384855886e-03,8.163957335775582358e-01,0.000000000000000000e+00
5.285000000000000142e+00,-4.320495091520409336e-01,-2.274842023362297627e-01,7.089218502567708191e-02,-4.403450884837675945e-03,8.145763222457814701e-01,0.000000000000000000e+00
5.290000000000000036e+00,-4.331761089702574341e-01,-2.231580032584623008e-01,7.086594951406825771e-02,-6.086638966936261212e-03,8.126806688725815020e-01,0.000000000000000000e+00
5.294999999999999929e+00,-4.342811122684945846e-01,-2.188456538432785037e-01,7.083135969350398686e-02,-7.745192850462417206e-03,8.107102549355295062e-01,0.000000000000000000e+00
5.299999999999999822e+00,-4.353645891810100088e-01,-2.145475071686255841e-01,7.078853845633645281e-02,-9.379224558980818471e-03,8.086665471966227869e-01,0.000000000000000000e+00
5.304999999999999716e+00,-4.364266115880259256e-01,-2.102639085571351429e-01,7.073760812639330597e-02,-1.098884945843877498e-02,8.065509977468958702e-01,0.000000000000000000e+00
5.310000000000000497e+00,-4.374672530771731571e-01,-2.059951956642553927e-01,7.067869044256795685e-02,-1.257418613674665328e-02,8.043650440520536682e-01,0.000000000000000000e+00
5.315000000000000391e+00,-4.384865889053743415e-01,-2.017416985658119222e-01,7.061190654300476821e-02,-1.413535628626673597e-02,8.021101089991148347e-01,0.000000000000000000e+00
5.320000000000000284e+00,-4.394846959611635739e-01,-1.975037398450005532e-01,7.053737694986465800e-02,-1.567248458914004272e-02,7.997876009440557654e-01,0.000000000000000000e+00
5.325000000000000178e+00,-4.404616527274394788e-01,-1.932816346788154283e-01,7.045522155465708258e-02,-1.718569860538223665e-02,7.973989137604331479e-01,0.000000000000000000e+00
5.330000000000000071e+00,-4.414175392446492152e-01,-1.890756909239153793e-01,7.036555960412479993e-02,-1.867512866368136251e-02,7.949454268889788455e-01,0.000000000000000000e+00
5.334999999999999964e+00,-4.423524370744001954e-01,-1.848862092019318282e-01,7.026850968666799313e-02,-2.014090775483179385e-02,7.924285053881535701e-01,0.000000000000000000e+00
5.339999999999999858e+00,-4.432664292634971304e-01,-1.807134829842207135e-01,7.016418971929477832e-02,-2.158317142774033096e-02,7.898494999856431331e-01,0.000000000000000000e+00
5.344999999999999751e+00,-4.441596003084012922e-01,-1.765577986760615281e-01,7.005271693508539899e-02,-2.300205768794191807e-02,7.872097471307928362e-01,0.000000000000000000e+00
5.350000000000000533e+00,-4.450320361201096087e-01,-1.724194357003056843e-01,6.993420787115767201e-02,-2.439770689856407201e-02,7.845105690479617921e-01,0.000000000000000000e+00
5.355000000000000426e+00,-4.458838239894503674e-01,-1.682986665804771242e-01,6.980877835712165358e-02,-2.577026168368050027e-02,7.817532737907928464e-01,0.000000000000000000e+00
5.360000000000000320e+00,-4.467150525527933680e-01,-1.641957570233270047e-01,6.967654350401161767e-02,-2.711986683399598627e-02,7.789391552973807809e-01,0.000000000000000000e+00
5.365000000000000213e+00,-4.475258117581710771e-01,-1.601109660008451230e-01,6.953761769368393963e-02,-2.844666921480597591e-02,7.760694934463340244e-01,0.000000000000000000e+00
5.370000000000000107e+00,-4.483161928318089573e-01,-1.560445458317297474e-01,6.939211456866964389e-02,-2.975081767617581904e-02,7.731455541137165488e-01,0.000000000000000000e+00
5.375000000000000000e+00,-4.490862882450613602e-01,-1.519967422623181019e-01,6.924014702247054120e-02,-3.103246296528597292e-02,7.701685892308602899e-01,0.000000000000000000e+00
5.379999999999999893e+00,-4.498361916817510409e-01,-1.479677945469792810e-01,6.908182719028840846e-02,-3.229175764089085854e-02,7.671398368430384362e-01,0.000000000000000000e+00
5.384999999999999787e+00,-4.505659980059092407e-01,-1.439579355279711759e-01,6.891726644017663606e-02,-3.352885598984043508e-02,7.640605211689890375e-01,0.000000000000000000e+00
5.389999999999999680e+00,-4.512758032299134525e-01,-1.399673917147632451e-01,6.874657536460428153e-02,-3.474391394561486546e-02,7.609318526612786071e-01,0.000000000000000000e+00
5.395000000000000462e+00,-4.519657044830209247e-01,-1.359963833628263230e-01,6.856986377242242636e-02,-3.593708900882396085e-02,7.577550280674961725e-01,0.000000000000000000e+00
5.400000000000000355e+00,-4.526357999802942955e-01,-1.320451245518912131e-01,6.838724068122331579e-02,-3.710854016962433777e-02,7.545312304922665581e-01,0.000000000000000000e+00
5.405000000000000249e+00,-4.532861889919176379e-01,-1.281138232636770125e-01,6.819881431008265049e-02,-3.825842783200852221e-02,7.512616294600741318e-01,0.000000000000000000e+00
5.410000000000000142e+00,-4.539169718128995279e-01,-1.242026814590905526e-01,6.800469207267588467e-02,-3.938691373992136979e-02,7.479473809788850236e-01,0.000000000000000000e+00
5.415000000000000036e+00,-4.545282497331608051e-01,-1.203118951548980825e-01,6.780498057075944052e-02,-4.049416090516044786e-02,7.445896276045572693e-01,0.000000000000000000e+00
5.419999999999999929e+00,-4.551201250080046390e-01,-1.164416544998699982e-01,6.759978558800805448e-02,-4.158033353701810764e-02,7.411894985060303309e-01,0.000000000000000000e+00
5.424999999999999822e+00,-4.556927008289656800e-01,-1.125921438503996452e-01,6.738921208419963726e-02,-4.264559697362423768e-02,7.377481095312794501e-01,0.000000000000000000e+00
5.429999999999999716e+00,-4.562460812950361322e-01,-1.087635418455971253e-01,6.717336418973929302e-02,-4.369011761494962648e-02,7.342665632740281723e-01,0.000000000000000000e+00
5.435000000000000497e+00,-4.567803713842659707e-01,-1.049560214818586190e-01,6.695234520051417115e-02,-4.471406285743111109e-02,7.307459491412017227e-01,0.000000000000000000e+00
5.440000000000000391e+00,-4.572956769257348064e-01,-1.011697501869121135e-01,6.672625757307130978e-02,-4.571760103018063931e-02,7.271873434211195697e-01,0.000000000000000000e+00
5.445000000000000284e+00,-4.577921045718924553e-01,-9.740488989334006309e-02,6.649520292011050493e-02,-4.670090133274146932e-02,7.235918093524023043e-01,0.000000000000000000e+00
5.450000000000000178e+00,-4.582697617712660487e-01,-9.366159711157946710e-02,6.625928200628455889e-02,-4.766413377435572279e-02,7.199603971935926161e-01,0.000000000000000000e+00
5.455000000000000071e+00,-4.587287567415305189e-01,-8.994002300239996306e-02,6.601859474429959407e-02,-4.860746911470840287e-02,7.162941442934737113e-01,0.000000000000000000e+00
5.459999999999999964e+00,-4.591691984429406292e-01,-8.624031344886023964e-02,6.577324019130792454e-02,-4.953107880611416075e-02,7.125940751620694069e-01,0.000000000000000000e+00
5.464999999999999858e+00,-4.595911965521209952e-01,-8.256260912774322780e-02,6.552331654558653240e-02,-5.043513493711376805e-02,7.088612015423213508e-01,0.000000000000000000e+00
5.469999999999999751e+00,-4.599948614362123211e-01,-7.890704558047033357e-02,6.526892114349402974e-02,-5.131981017744829954e-02,7.050965224824219391e-01,0.000000000000000000e+00
5.475000000000000533e+00,-4.603803041273707986e-01,-7.527375328349505956e-02,6.501015045669943093e-02,-5.218527772437996787e-02,7.013010244087961587e-01,0.000000000000000000e+00
5.480000000000000426e+00,-4.607476362976181683e-01,-7.166285771817612615e-02,6.474710008967601849e-02,-5.303171125032923178e-02,6.974756811997178119e-01,0.000000000000000000e+00
5.485000000000000320e+00,-4.610969702340397824e-01,-6.807447944013048091e-02,6.447986477745371037e-02,-5.385928485179881930e-02,6.936214542595420252e-01,0.000000000000000000e+00
5.490000000000000213e+00,-4.614284188143282228e-01,-6.450873414806618245e-02,6.420853838362378108e-02,-5.466817299955596676e-02,6.897392925935481589e-01,0.000000000000000000e+00
5.495000000000000107e+00,-4.617420954826698121e-01,-6.096573275209542231e-02,6.393321389858948323e-02,-5.545855049004511095e-02,6.858301328833740218e-01,0.000000000000000000e+00
5.500000000000000000e+00,-4.620381142259712415e-01,-5.744558144152775436e-02,6.365398343805658832e-02,-5.623059239800391046e-02,6.818948995630255139e-01,0.000000000000000000e+00
5.504999999999999893e+00,-4.623165895504240397e-01,-5.394838175214366344e-02,6.337093824175797641e-02,-5.698447403025625607e-02,6.779345048954553699e-01,0.000000000000000000e+00
5.509999999999999787e+00,-4.625776364584039402e-01,-5.047423063294851492e-02,6.308416867240629333e-02,-5.772037088065672117e-02,6.739498490496866889e-01,0.000000000000000000e+00
5.514999999999999680e+00,-4.628213704257029271e-01,-4.702322051240701017e-02,6.279376421486906890e-02,-5.843845858616147221e-02,6.699418201784735905e-01,0.000000000000000000e+00
5.520000000000000462e+00,-4.630479073790909617e-01,-4.359543936415818943e-02,6.249981347556076566e-02,-5.913891288400149188e-02,6.659112944964814540e-01,0.000000000000000000e+00
5.525000000000000355e+00,-4.632573636742050582e-01,-4.019097077221101683e-02,6.220240418204617955e-02,-5.982190956993448799e-02,6.618591363589713117e-01,0.000000000000000000e+00
5.530000000000000249e+00,-4.634498560737629891e-01,-3.680989399562067943e-02,6.190162318285001575e-02,-6.048762445755259676e-02,6.577861983409735158e-01,0.000000000000000000e+00
5.535000000000000142e+00,-4.636255017260992872e-01,-3.345228403264555866e-02,6.159755644746724851e-02,-6.113623333862355791e-02,6.536933213169362489e-01,0.000000000000000000e+00
5.540000000000000036e+00,-4.637844181440204383e-01,-3.011821168438506835e-02,6.129028906656930342e-02,-6.176791194444367777e-02,6.495813345408316675e-01,0.000000000000000000e+00
5.544999999999999929e+00,-4.639267231839770966e-01,-2.680774361789830390e-02,6.097990525240095522e-02,-6.238283590818143737e-02,6.454510557267052473e-01,0.000000000000000000e+00
5.549999999999999822e+00,-4.640525350255506609e-01,-2.352094242880370736e-02,6.066648833936308383e-02,-6.298118072819121338e-02,6.413032911296514538e-01,0.000000000000000000e+00
5.554999999999999716e+00,-4.641619721512514896e-01,-2.025786670335977258e-02,6.035012078477648007e-02,-6.356312173227705864e-02,6.371388356272000841e-01,0.000000000000000000e+00
5.560000000000000497e+00,-4.642551533266261465e-01,-1.701857108002694657e-02,6.003088416982199638e-02,-6.412883404288710620e-02,6.329584728010991812e-01,0.000000000000000000e+00
5.565000000000000391e+00,-4.643321975806712909e-01,-1.380310631051085563e-02,5.970885920065242131e-02,-6.467849254321962615e-02,6.287629750194726475e-01,0.000000000000000000e+00
5.570000000000000284e+00,-4.643932241865514898e-01,-1.061151932028704149e-02,5.938412570967162296e-02,-6.521227184422219436e-02,6.245531035193442326e-01,0.000000000000000000e+00
5.575000000000000178e+00,-4.644383526426181241e-01,-7.443853268607367527e-03,5.905676265697645810e-02,-6.573034625246604312e-02,6.203296084895051354e-01,0.000000000000000000e+00
5.580000000000000071e+00,-4.644677026537274434e-01,-4.300147607988335716e-03,5.872684813195719333e-02,-6.623288973887804520e-02,6.160932291537110084e-01,0.000000000000000000e+00
5.584999999999999964e+00,-4.644813941128542734e-01,-1.180438143181551918e-03,5.839445935505212237e-02,-6.672007590831323387e-02,6.118446938541919344e-01,0.000000000000000000e+00
5.589999999999999858e+00,-4.644795470829997663e-01,1.915242910373375802e-03,5.805967267965229939e-02,-6.719207796995121940e-02,6.075847201354607208e-01,0.000000000000000000e+00
5.594999999999999751e+00,-4.644622817793898073e-01,4.986866868613189577e-03,5.772256359415221805e-02,-6.764906870850022347e-02,6.033140148283966386e-01,0.000000000000000000e+00
5.600000000000000533e+00,-4.644297185519618010e-01,8.034408521432235759e-03,5.738320672414252283e-02,-6.809122045619296626e-02,5.990332741345969492e-01,0.000000000000000000e+00
5.605000000000000426e+00,-4.643819778681375077e-01,1.105784607578023070e-02,5.704167583474075570e-02,-6.851870506555891860e-02,5.947431837109719011e-01,0.000000000000000000e+00
5.610000000000000320e+00,-4.643191802958788195e-01,1.405716109927609286e-02,5.669804383305636353e-02,-6.893169388295784794e-02,5.904444187545704326e-01,0.000000000000000000e+00
5.615000000000000213e+00,-4.642414464870244228e-01,1.703233846433739943e-02,5.635238277078616353e-02,-6.933035772286004483e-02,5.861376440876195915e-01,0.000000000000000000e+00
5.620000000000000107e+00,-4.641488971609043501e-01,1.998336629282491950e-02,5.600476384693654774e-02,-6.971486684285874147e-02,5.818235142427599094e-01,0.000000000000000000e+00
5.625000000000000000e+00,-4.640416530882300328e-01,2.291023590120168027e-02,5.565525741066884580e-02,-7.008539091940084453e-02,5.775026735484602991e-01,0.000000000000000000e+00
5.629999999999999893e+00,-4.639198350752574695e-01,2.581294174620595017e-02,5.530393296426425187e-02,-7.044209902422220171e-02,5.731757562145980422e-01,0.000000000000000000e+00
5.634999999999999787e+00,-4.637835639482203454e-01,2.869148137103750065e-02,5.495085916620486011e-02,-7.078515960147413466e-02,5.688433864181843269e-01,0.000000000000000000e+00
5.639999999999999680e+00,-4.636329605380314911e-01,3.154585535205641639e-02,5.459610383436733910e-02,-7.111474044552806850e-02,5.645061783892200147e-01,0.000000000000000000e+00
5.645000000000000462e+00,-4.634681456652490206e-01,3.437606724599373553e-02,5.423973394932594949e-02,-7.143100867944562893e-02,5.601647364966673148e-01,0.000000000000000000e+00
5.650000000000000355e+00,-4.632892401253055348e-01,3.718212353767307021e-02,5.388181565776153231e-02,-7.173413073410155050e-02,5.558196553345173818e-01,0.000000000000000000e+00
5.655000000000000249e+00,-4.630963646739971740e-01,3.996403358824240221e-02,5.352241427597333179e-02,-7.202427232794739176e-02,5.514715198079411795e-01,0.000000000000000000e+00
5.660000000000000142e+00,-4.628896400132305189e-01,4.272180958391513100e-02,5.316159429349035653e-02,-7.230159844740398356e-02,5.471209052195036282e-01,0.000000000000000000e+00
5.665000000000000036e+00,-4.626691867770242328e-01,4.545546648521937155e-02,5.279941937677928160e-02,-7.256627332787093931e-02,5.427683773554297098e-01,0.000000000000000000e+00
5.669999999999999929e+00,-4.624351255177632791e-01,4.816502197675455454e-02,5.243595237304576190e-02,-7.281846043534179191e-02,5.384144925719029917e-01,0.000000000000000000e+00
5.674999999999999822e+00,-4.621875766927032170e-01,5.085049641745422594e-02,5.207125531412618719e-02,-7.305832244861366898e-02,5.340597978813816926e-01,0.000000000000000000e+00
5.679999999999999716e+00,-4.619266606507217987e-01,5.351191279135393553e-02,5.170538942046692260e-02,-7.328602124208034863e-02,5.297048310389174119e-01,0.000000000000000000e+00
5.685000000000000497e+00,-4.616524976193153718e-01,5.614929665886299326e-02,5.133841510518813434e-02,-7.350171786909806548e-02,5.253501206284606484e-01,0.000000000000000000e+00
5.690000000000000391e+00,-4.613652076918379197e-01,5.876267610853897622e-02,5.097039197822941098e-02,-7.370557254591353358e-02,5.209961861491374524e-01,0.000000000000000000e+00
5.695000000000000284e+00,-4.610649108149798558e-01,6.135208170936354982e-02,5.060137885057432172e-02,-7.389774463614380562e-02,5.166435381014817807e-01,0.000000000000000000e+00
5.700000000000000178e+00,-4.607517267764840718e-01,6.391754646351836822e-02,5.023143373855123994e-02,-7.407839263579787947e-02,5.122926780736098973e-01,0.000000000000000000e+00
5.705000000000000071e+00,-4.604257751930969644e-01,6.645910575965964517e-02,4.986061386820772601e-02,-7.424767415883010147e-02,5.079440988273197233e-01,0.000000000000000000e+00
5.709999999999999964e+00,-4.600871754987518880e-01,6.897679732668988983e-02,4.948897567975581863e-02,-7.440574592321561043e-02,5.035982843841040335e-01,0.000000000000000000e+00
5.714999999999999858e+00,-4.597360469329824784e-01,7.147066118802536394e-02,4.911657483208567432e-02,-7.455276373753823294e-02,4.992557101110568496e-01,0.000000000000000000e+00
5.719999999999999751e+00,-4.593725085295633503e-01,7.394073961635763692e-02,4.874346620734500840e-02,-7.468888248808151775e-02,4.949168428066668679e-01,0.000000000000000000e+00
5.725000000000000533e+00,-4.589966791053757822e-01,7.638707708890769832e-02,4.836970391558183258e-02,-7.481425612641356970e-02,4.905821407864758843e-01,0.000000000000000000e+00
5.730000000000000426e+00,-4.586086772494959440e-01,7.880972024317088598e-02,4.799534129944806049e-02,-7.492903765745664857e-02,4.862520539685936116e-01,0.000000000000000000e+00
5.735000000000000320e+00,-4.582086213125030616e-01,8.120871783315093684e-02,4.762043093896157347e-02,-7.503337912803269283e-02,4.819270239590539018e-01,0.000000000000000000e+00
5.740000000000000213e+00,-4.577966293960054056e-01,8.358412068608139789e-02,4.724502465632437337e-02,-7.512743161587592811e-02,4.776074841369962187e-01,0.000000000000000000e+00
5.745000000000000107e+00,-4.573728193423812760e-01,8.593598165963249602e-02,4.686917352079455340e-02,-7.521134521910395609e-02,4.732938597396630920e-01,0.000000000000000000e+00
5.750000000000000000e+00,-4.569373087247326493e-01,8.826435559960173205e-02,4.649292785360973485e-02,-7.528526904613884463e-02,4.689865679471975080e-01,0.000000000000000000e+00
5.754999999999999893e+00,-4.564902148370496016e-01,9.056929929808604784e-02,4.611633723295984616e-02,-7.534935120606998937e-02,4.646860179672293034e-01,0.000000000000000000e+00
5.759999999999999787e+00,-4.560316546845820662e-01,9.285087145213380411e-02,4.573945049900695475e-02,-7.540373879945042046e-02,4.603926111192352955e-01,0.000000000000000000e+00
5.764999999999999680e+00,-4.555617449744177039e-01,9.510913262287434833e-02,4.536231575895008361e-02,-7.544857790951847720e-02,4.561067409186648769e-01,0.000000000000000000e+00
5.770000000000000462e+00,-4.550806021062625550e-01,9.734414519512321617e-02,4.498498039213285477e-02,-7.548401359383706544e-02,4.518287931608140351e-01,0.000000000000000000e+00
5.775000000000000355e+00,-4.545883421634226429e-01,9.955597333746071809e-02,4.460749105519191265e-02,-7.551018987634246227e-02,4.475591460044395786e-01,0.000000000000000000e+00
5.780000000000000249e+00,-4.540850809039839175e-01,1.017446829627818711e-01,4.422989368724410120e-02,-7.552724973979514644e-02,4.432981700551006377e-01,0.000000000000000000e+00
5.785000000000000142e+00,-4.535709337521884321e-01,1.039103416893152609e-01,4.385223351511037537e-02,-7.553533511862491057e-02,4.390462284482152255e-01,0.000000000000000000e+00
5.790000000000000036e+00,-4.530460157900040308e-01,1.060530188021087117e-01,4.347455505857455993e-02,-7.553458689216289990e-02,4.348036769318212591e-01,0.000000000000000000e+00
5.794999999999999929e+00,-4.525104417488857167e-01,1.081727852149793612e-01,4.309690213567495681e-02,-7.552514487825311151e-02,4.305708639490318790e-01,0.000000000000000000e+00
5.799999999999999822e+00,-4.519643260017258135e-01,1.102697134329257700e-01,4.271931786802696945e-02,-7.550714782723612351e-02,4.263481307201729686e-01,0.000000000000000000e+00
5.804999999999999716e+00,-4.514077825549911993e-01,1.123438775149996766e-01,4.234184468617490510e-02,-7.548073341629793487e-02,4.221358113245923249e-01,0.000000000000000000e+00
5.810000000000000497e+00,-4.508409250410448377e-01,1.143953530376349559e-01,4.196452433497113721e-02,-7.544603824417675519e-02,4.179342327821325420e-01,0.000000000000000000e+00
5.815000000000000391e+00,-4.502638667106496073e-01,1.164242170584312147e-01,4.158739787898082380e-02,-7.540319782622088851e-02,4.137437151342537311e-01,0.000000000000000000e+00
5.820000000000000284e+00,-4.496767204256520989e-01,1.184305480803895527e-01,4.121050570791051637e-02,-7.535234658979071687e-02,4.095645715248007468e-01,0.000000000000000000e+00
5.825000000000000178e+00,-4.490795986518439920e-01,1.204144260165978669e-01,4.083388754205886928e-02,-7.529361786999810846e-02,4.053971082804010417e-01,0.000000000000000000e+00
5.830000000000000071e+00,-4.484726134519991247e-01,1.223759321553631180e-01,4.045758243778786040e-02,-7.522714390577654731e-02,4.012416249904884880e-01,0.000000000000000000e+00
5.834999999999999964e+00,-4.478558764790835367e-01,1.243151491257878383e-01,4.008162879301282316e-02,-7.515305583627528152e-02,3.970984145869393966e-01,0.000000000000000000e+00
5.839999999999999858e+00,-4.472294989696365963e-01,1.262321608637882731e-01,3.970606435270972179e-02,-7.507148369757118966e-02,3.929677634233163519e-01,0.000000000000000000e+00
5.844999999999999751e+00,-4.465935917373211050e-01,1.281270525785513370e-01,3.933092621443808751e-02,-7.498255641969164831e-02,3.888499513537078123e-01,0.000000000000000000e+00
5.850000000000000533e+00,-4.459482651666398234e-01,1.299999107194276804e-01,3.895625083387805471e-02,-7.488640182394237788e-02,3.847452518111581510e-01,0.000000000000000000e+00
5.855000000000000426e+00,-4.452936292068164215e-01,1.318508229432580614e-01,3.858207403038004663e-02,-7.478314662053371642e-02,3.806539318856779763e-01,0.000000000000000000e+00
5.860000000000000320e+00,-4.446297933658389656e-01,1.336798780821301658e-01,3.820843099252557024e-02,-7.467291640649935391e-02,3.765762524018285706e-01,0.000000000000000000e+00
5.865000000000000213e+00,-4.439568667046633332e-01,1.354871661115630288e-01,3.783535628369770476e-02,-7.455583566390125427e-02,3.725124679958720098e-01,0.000000000000000000e+00
5.870000000000000107e+00,-4.432749578315746675e-01,1.372727781191161733e-01,3.746288384765986135e-02,-7.443202775831495033e-02,3.684628271924798026e-01,0.000000000000000000e+00
5.875000000000000000e+00,-4.425841748967049294e-01,1.390368062734205490e-01,3.709104701414143307e-02,-7.430161493758899449e-02,3.644275724809936112e-01,0.000000000000000000e+00
5.879999999999999893e+00,-4.418846255867038275e-01,1.407793437936282477e-01,3.671987850442895440e-02,-7.416471833087294463e-02,3.604069403912301128e-01,0.000000000000000000e+00
5.884999999999999787e+00,-4.411764171195620143e-01,1.425004849192781642e-01,3.634941043696150731e-02,-7.402145794790793154e-02,3.564011615688268964e-01,0.000000000000000000e+00
5.889999999999999680e+00,-4.404596562395833859e-01,1.442003248805745208e-01,3.597967433292897227e-02,-7.387195267857409042e-02,3.524104608501169578e-01,0.000000000000000000e+00
5.895000000000000462e+00,-4.397344492125053739e-01,1.458789598690751199e-01,3.561070112187195852e-02,-7.371632029268930519e-02,3.484350573365324610e-01,0.000000000000000000e+00
5.900000000000000355e+00,-4.390009018207644553e-01,1.475364870087865210e-01,3.524252114728210206e-02,-7.355467744005357578e-02,3.444751644685278280e-01,0.000000000000000000e+00
5.905000000000000249e+00,-4.382591193589055467e-01,1.491730043276628115e-01,3.487516417220153098e-02,-7.338713965073352663e-02,3.405309900990176608e-01,0.000000000000000000e+00
5.910000000000000142e+00,-4.375092066291323967e-01,1.507886107295051403e-01,3.450865938482035322e-02,-7.321382133558161642e-02,3.366027365663248339e-01,0.000000000000000000e+00
5.915000000000000036e+00,-4.367512679369980333e-01,1.523834059662586282e-01,3.414303540407091775e-02,-7.303483578698467815e-02,3.326906007666319831e-01,0.000000000000000000e+00
5.919999999999999929e+00,-4.359854070872323795e-01,1.539574906107037677e-01,3.377832028521784297e-02,-7.285029517983650227e-02,3.287947742259350603e-01,0.000000000000000000e+00
5.924999999999999822e+00,-4.352117273797054264e-01,1.555109660295389551e-01,3.341454152544256345e-02,-7.266031057272910598e-02,3.249154431714899038e-01,0.000000000000000000e+00
5.929999999999999716e+00,-4.344303316055243558e-01,1.570439343568511836e-01,3.305172606942142349e-02,-7.246499190935770662e-02,3.210527886027498834e-01,0.000000000000000000e+00
5.935000000000000497e+00,-4.336413220432618898e-01,1.585564984679716238e-01,3.268990031489621417e-02,-7.226444802013411162e-02,3.172069863617912877e-01,0.000000000000000000e+00
5.940000000000000391e+00,-4.328448004553147599e-01,1.600487619537127593e-01,3.232909011823614093e-02,-7.205878662400355683e-02,3.133782072032205712e-01,0.000000000000000000e+00
5.945000000000000284e+00,-4.320408680843899063e-01,1.615208290949842196e-01,3.196932079999018073e-02,-7.184811433046005280e-02,3.095666168635599624e-01,0.000000000000000000e+00
5.950000000000000178e+00,-4.312296256501166880e-01,1.629728048377837024e-01,3.161061715042891296e-02,-7.163253664175522895e-02,3.057723761301096022e-01,0.000000000000000000e+00
5.955000000000000071e+00,-4.304111733457831046e-01,1.644047947685599864e-01,3.125300343507481093e-02,-7.141215795529587407e-02,3.019956409092813265e-01,0.000000000000000000e+00
5.959999999999999964e+00,-4.295856108351944203e-01,1.658169050899447605e-01,3.089650340022007460e-02,-7.118708156622538530e-02,2.982365622944011530e-01,0.000000000000000000e+00
5.964999999999999858e+00,-4.287530372496522468e-01,1.672092425968499940e-01,3.054114027843114060e-02,-7.095740967018443479e-02,2.944952866329779706e-01,0.000000000000000000e+00
5.969999999999999751e+00,-4.279135511850519213e-01,1.685819146529275447e-01,3.018693679403891550e-02,-7.072324336624608021e-02,2.907719555934364375e-01,0.000000000000000000e+00
5.975000000000000533e+00,-4.270672506990971229e-01,1.699350291673878133e-01,2.983391516861392742e-02,-7.048468266002080873e-02,2.870667062313094764e-01,0.000000000000000000e+00
5.980000000000000426e+00,-4.262142333086292312e-01,1.712686945721740850e-01,2.948209712642552854e-02,-7.024182646692697651e-02,2.833796710548901476e-01,0.000000000000000000e+00
5.985000000000000320e+00,-4.253545959870698723e-01,1.725830197994894510e-01,2.913150389988434022e-02,-6.999477261562206398e-02,2.797109780903405118e-01,0.000000000000000000e+00
5.990000000000000213e+00,-4.244884351619752638e-01,1.738781142596727836e-01,2.878215623496716002e-02,-6.974361785159045868e-02,2.760607509462540410e-01,0.000000000000000000e+00
5.995000000000000107e+00,-4.236158467126999727e-01,1.751540878194207396e-01,2.843407439662353278e-02,-6.948845784088332478e-02,2.724291088776715775e-01,0.000000000000000000e+00
6.000000000000000000e+00,-4.227369259681689195e-01,1.764110507803521855e-01,2.808727817416326045e-02,-6.922938717400625719e-02,2.688161668495482326e-01,0.000000000000000000e+00
6.004999999999999893e+00,-4.218517677047557424e-01,1.776491138579121831e-01,2.774178688662411879e-02,-6.896649936995047359e-02,2.652220355996709467e-01,0.000000000000000000e+00
6.009999999999999787e+00,-4.209604661442654661e-01,1.788683881606117909e-01,2.739761938811904537e-02,-6.869988688036349211e-02,2.616468217010232133e-01,0.000000000000000000e+00
6.015000000000000568e+00,-4.200631149520205887e-01,1.800689851696007371e-01,2.705479407316216042e-02,-6.842964109385492322e-02,2.580906276236001329e-01,0.000000000000000000e+00
6.020000000000000462e+00,-4.191598072350481985e-01,1.812510167185695520e-01,2.671332888197290936e-02,-6.815585234043358698e-02,2.545535517956667992e-01,0.000000000000000000e+00
6.025000000000000355e+00,-4.182506355403668996e-01,1.824145949739777450e-01,2.637324130575771988e-02,-6.787860989607172324e-02,2.510356886644666274e-01,0.000000000000000000e+00
6.030000000000000249e+00,-4.173356918533715487e-01,1.835598324156050287e-01,2.603454839196850043e-02,-6.759800198739250587e-02,2.475371287563717382e-01,0.000000000000000000e+00
6.035000000000000142e+00,-4.164150675963147474e-01,1.846868418174220372e-01,2.569726674953743545e-02,-6.731411579647687826e-02,2.440579587364816727e-01,0.000000000000000000e+00
6.040000000000000036e+00,-4.154888536268830923e-01,1.857957362287774028e-01,2.536141255408741815e-02,-6.702703746578592137e-02,2.405982614676648312e-01,0.000000000000000000e+00
6.044999999999999929e+00,-4.145571402368665170e-01,1.868866289558979432e-01,2.502700155311762820e-02,-6.673685210319495187e-02,2.371581160690457435e-01,0.000000000000000000e+00
6.049999999999999822e+00,-4.136200171509196721e-01,1.879596335436985732e-01,2.469404907116364359e-02,-6.644364378713568664e-02,2.337375979739379495e-01,0.000000000000000000e+00
6.054999999999999716e+00,-4.126775735254131772e-01,1.890148637578988045e-01,2.436257001493157687e-02,-6.614749557184269879e-02,2.303367789872207694e-01,0.000000000000000000e+00
6.060000000000000497e+00,-4.117298979473736908e-01,1.900524335674425302e-01,2.403257887840574633e-02,-6.584848949270073748e-02,2.269557273421625165e-01,0.000000000000000000e+00
6.065000000000000391e+00,-4.107770784335112446e-01,1.910724571272178762e-01,2.370408974792934456e-02,-6.554670657168916448e-02,2.235945077566900974e-01,0.000000000000000000e+00
6.070000000000000284e+00,-4.098192024293320079e-01,1.920750487610738133e-01,2.337711630725766709e-02,-6.524222682292020459e-02,2.202531814891040274e-01,0.000000000000000000e+00
6.075000000000000178e+00,-4.088563568083352640e-01,1.930603229451304248e-01,2.305167184258340163e-02,-6.493512925826734616e-02,2.169318063932421936e-01,0.000000000000000000e+00
6.080000000000000071e+00,-4.078886278712932634e-01,1.940283942913795523e-01,2.272776924753357880e-02,-6.462549189308081088e-02,2.136304369730914754e-01,0.000000000000000000e+00
6.084999999999999964e+00,-4.069161013456122356e-01,1.949793775315725453e-01,2.240542102813771960e-02,-6.431339175198644287e-02,2.103491244368483892e-01,0.000000000000000000e+00
6.089999999999999858e+00,-4.059388623847733357e-01,1.959133875013920889e-01,2.208463930776680129e-02,-6.399890487476499190e-02,2.070879167504304230e-01,0.000000000000000000e+00
6.094999999999999751e+00,-4.049569955678519184e-01,1.968305391249048353e-01,2.176543583204260807e-02,-6.368210632230841828e-02,2.038468586904397806e-01,0.000000000000000000e+00
6.100000000000000533e+00,-4.039705848991138604e-01,1.977309473992915623e-01,2.144782197371714744e-02,-6.336307018265015245e-02,2.006259918965788980e-01,0.000000000000000000e+00
6.105000000000000426e+00,-4.029797138076877117e-01,1.986147273798519464e-01,2.113180873752169842e-02,-6.304186957706615912e-02,1.974253549235207295e-01,0.000000000000000000e+00
6.110000000000000320e+00,-4.019844651473108987e-01,1.994819941652807016e-01,2.081740676498522805e-02,-6.271857666624371108e-02,1.942449832922370223e-01,0.000000000000000000e+00
6.115000000000000213e+00,-4.009849211961491466e-01,2.003328628832117264e-01,2.050462633922175287e-02,-6.239326265651491676e-02,1.910849095407811948e-01,0.000000000000000000e+00
6.120000000000000107e+00,-3.999811636566871775e-01,2.011674486760276770e-01,2.019347738968642336e-02,-6.206599780615206646e-02,1.879451632745331169e-01,0.000000000000000000e+00
6.125000000000000000e+00,-3.989732736556900194e-01,2.019858666869312480e-01,1.988396949689994961e-02,-6.173685143172182033e-02,1.848257712159049881e-01,0.000000000000000000e+00
6.129999999999999893e+00,-3.979613317442332043e-01,2.027882320462755794e-01,1.957611189714112548e-02,-6.140589191449547651e-02,1.817267572535093689e-01,0.000000000000000000e+00
6.134999999999999787e+00,-3.969454178978006342e-01,2.035746598581505140e-01,1.926991348710717714e-02,-6.107318670691244678e-02,1.786481424907939985e-01,0.000000000000000000e+00
6.140000000000000568e+00,-3.959256115164488943e-01,2.043452651872215142e-01,1.896538282854164786e-02,-6.073880233909423332e-02,1.755899452941435679e-01,0.000000000000000000e+00
6.145000000000000462e+00,-3.949019914250366803e-01,2.051001630458185732e-01,1.866252815282961122e-02,-6.040280442540624933e-02,1.725521813404511107e-01,0.000000000000000000e+00
6.150000000000000355e+00,-3.938746358735183417e-01,2.058394683812717896e-01,1.836135736555994519e-02,-6.006525767106472152e-02,1.695348636641623441e-01,0.000000000000000000e+00
6.155000000000000249e+00,-3.928436225373000967e-01,2.065632960634906923e-01,1.806187805105447311e-02,-5.972622587878623213e-02,1.665380027037932642e-01,0.000000000000000000e+00
6.160000000000000142e+00,-3.918090285176574206e-01,2.072717608727844274e-01,1.776409747686376328e-02,-5.938577195547721510e-02,1.635616063479261029e-01,0.000000000000000000e+00
6.165000000000000036e+00,-3.907709303422133296e-01,2.079649774879197277e-01,1.746802259822936507e-02,-5.904395791896101253e-02,1.606056799806838686e-01,0.000000000000000000e+00
6.169999999999999929e+00,-3.897294039654752296e-01,2.086430604744137773e-01,1.717366006251233590e-02,-5.870084490474000022e-02,1.576702265266867464e-01,0.000000000000000000e+00
6.174999999999999822e+00,-3.886845247694299954e-01,2.093061242730590854e-01,1.688101621358787871e-02,-5.835649317279038156e-02,1.547552464954946860e-01,0.000000000000000000e+00
6.179999999999999716e+00,-3.876363675641958939e-01,2.099542831886773708e-01,1.659009709620591633e-02,-5.801096211438731137e-02,1.518607380255359296e-01,0.000000000000000000e+00
6.185000000000000497e+00,-3.865850065887299625e-01,2.105876513790996551e-01,1.630090846031747448e-02,-5.766431025895804585e-02,1.489866969275270014e-01,0.000000000000000000e+00
6.190000000000000391e+00,-3.855305155115900662e-01,2.112063428443696489e-01,1.601345576536673809e-02,-5.731659528096086365e-02,1.461331167273857423e-01,0.000000000000000000e+00
6.195000000000000284e+00,-3.844729674317505230e-01,2.118104714161676838e-01,1.572774418454864903e-02,-5.696787400678754443e-02,1.432999887086395807e-01,0.000000000000000000e+00
6.200000000000000178e+00,-3.834124348794696879e-01,2.124001507474521100e-01,1.544377860903193428e-02,-5.661820242168724010e-02,1.404873019543345369e-01,0.000000000000000000e+00
6.205000000000000071e+00,-3.823489898172091062e-01,2.129754943023157709e-01,1.516156365214746914e-02,-5.626763567670964999e-02,1.376950433884447378e-01,0.000000000000000000e+00
6.209999999999999964e+00,-3.812827036406027936e-01,2.135366153460543370e-01,1.488110365354188176e-02,-5.591622809566538371e-02,1.349231978167884649e-01,0.000000000000000000e+00
6.214999999999999858e+00,-3.802136471794755335e-01,2.140836269354440269e-01,1.460240268329631753e-02,-5.556403318210153403e-02,1.321717479674516249e-01,0.000000000000000000e+00
6.219999999999999751e+00,-3.791418906989094673e-01,2.146166419092258859e-01,1.432546454601028516e-02,-5.521110362629041285e-02,1.294406745307235262e-01,0.000000000000000000e+00
6.225000000000000533e+00,-3.780675039003574822e-01,2.151357728787939017e-01,1.405029278485053941e-02,-5.485749131222961150e-02,1.267299561985470169e-01,0.000000000000000000e+00
6.230000000000000426e+00,-3.769905559228029501e-01,2.156411322190842084e-01,1.377689068556493292e-02,-5.450324732465140071e-02,1.240395697034863409e-01,0.000000000000000000e+00
6.235000000000000320e+00,-3.759111153439642639e-01,2.161328320596627994e-01,1.350526128046120045e-02,-5.414842195603964542e-02,1.213694898572170999e-01,0.000000000000000000e+00
6.240000000000000213e+00,-3.748292501815436162e-01,2.166109842760090831e-01,1.323540735235064977e-02,-5.379306471365247200e-02,1.187196895885405112e-01,0.000000000000000000e+00
6.245000000000000107e+00,-3.737450278945188553e-01,2.170757004809924506e-01,1.296733143845672440e-02,-5.343722432654884891e-02,1.160901399809249335e-01,0.000000000000000000e+00
6.250000000000000000e+00,-3.726585153844774179e-01,2.175270920165396638e-01,1.270103583428842942e-02,-5.308094875261742951e-02,1.134808103095804044e-01,0.000000000000000000e+00
6.254999999999999893e+00,-3.715697789969913956e-01,2.179652699454900089e-01,1.243652259747860499e-02,-5.272428518560590832e-02,1.108916680780666353e-01,0.000000000000000000e+00
6.259999999999999787e+00,-3.704788845230330141e-01,2.183903450436359417e-01,1.217379355158706294e-02,-5.236728006214929482e-02,1.083226790544399853e-01,0.000000000000000000e+00
6.265000000000000568e+00,-3.693858972004295249e-01,2.188024277919466132e-01,1.191285028986858660e-02,-5.200997906879550881e-02,1.057738073069420803e-01,0.000000000000000000e+00
6.270000000000000462e+00,-3.682908817153561221e-01,2.192016283689717238e-01,1.165369417900580587e-02,-5.165242714902668064e-02,1.032450152392336840e-01,0.000000000000000000e+00
6.275000000000000355e+00,-3.671939022038668288e-01,2.195880566434232073e-01,1.139632636280698934e-02,-5.129466851027469909e-02,1.007362636251775412e-01,0.000000000000000000e+00
6.280000000000000249e+00,-3.660950222534618548e-01,2.199618221669323859e-01,1.114074776586876717e-02,-5.093674663092948030e-02,9.824751164317399588e-02,0.000000000000000000e+00
6.285000000000000142e+00,-3.649943049046907584e-01,2.203230341669799031e-01,1.088695909720384380e-02,-5.057870426733851454e-02,9.577871691005168664e-02,0.000000000000000000e+00
6.290000000000000036e+00,-3.638918126527903585e-01,2.206718015399962707e-01,1.063496085383372480e-02,-5.022058346079634472e-02,9.332983551451848325e-02,0.000000000000000000e+00
6.294999999999999929e+00,-3.627876074493570635e-01,2.210082328446303923e-01,1.038475332434653751e-02,-4.986242554452249148e-02,9.090082205017560590e-02,0.000000000000000000e+00
6.299999999999999822e+00,-3.616817507040522850e-01,2.213324362951839541e-01,1.013633659241998386e-02,-4.950427115062661781e-02,8.849162964809856313e-02,0.000000000000000000e+00
6.304999999999999716e+00,-3.605743032863400477e-01,2.216445197552089630e-01,9.889710540309510148e-03,-4.914616021705953824e-02,8.610221000898796162e-02,0.000000000000000000e+00
6.310000000000000497e+00,-3.594653255272565739e-01,2.219445907312664057e-01,9.644874852301752940e-03,-4.878813199454885841e-02,8.373251343489554466e-02,0.000000000000000000e+00
6.315000000000000391e+00,-3.583548772212104550e-01,2.222327563668435035e-01,9.401829018133347690e-03,-4.843022505351803758e-02,8.138248886052640296e-02,0.000000000000000000e+00
6.320000000000000284e+00,-3.572430176278129088e-01,2.225091234364275083e-01,9.160572336375193830e-03,-4.807247729098760441e-02,7.905208388412460208e-02,0.000000000000000000e+00
6.325000000000000178e+00,-3.561298054737372931e-01,2.227737983397334587e-01,8.921103917782252646e-03,-4.771492593745748495e-02,7.674124479794192100e-02,0.000000000000000000e+00
6.330000000000000071e+00,-3.550152989546070392e-01,2.230268870960838978e-01,8.683422688608987208e-03,-4.735760756376919400e-02,7.444991661829680751e-02,0.000000000000000000e+00
6.334999999999999964e+00,-3.538995557369114531e-01,2.232684953389381666e-01,8.447527393890539790e-03,-4.700055808794690454e-02,7.217804311522516003e-02,0.000000000000000000e+00
6.339999999999999858e+00,-3.527826329599481614e-01,2.234987283105692724e-01,8.213416600689768185e-03,-4.664381278201629871e-02,6.992556684172732129e-02,0.000000000000000000e+00
6.344999999999999751e+00,-3.516645872377923698e-01,2.237176908568858646e-01,7.981088701310232875e-03,-4.628740627880013198e-02,6.769242916261514198e-02,0.000000000000000000e+00
6.350000000000000533e+00,-3.505454746612910455e-01,2.239254874223974290e-01,7.750541916475275558e-03,-4.593137257868960821e-02,6.547857028296211190e-02,0.000000000000000000e+00
6.355000000000000426e+00,-3.494253508000824682e-01,2.241222220453204517e-01,7.521774298473302665e-03,-4.557574505639053197e-02,6.328392927616127706e-02,0.000000000000000000e+00
6.360000000000000320e+00,-3.483042707046393738e-01,2.243079983528233623e-01,7.294783734269397885e-03,-4.522055646764332887e-02,6.110844411159377376e-02,0.000000000000000000e+00
6.365000000000000213e+00,-3.471822889083359676e-01,2.244829195564083668e-01,7.069567948583407695e-03,-4.486583895591603893e-02,5.895205168191194889e-02,0.000000000000000000e+00
6.370000000000000107e+00,-3.460594594295374749e-01,2.246470884474278673e-01,6.846124506934627395e-03,-4.451162405906941566e-02,5.681468782994078537e-02,0.000000000000000000e+00
6.375000000000000000e+00,-3.449358357737118408e-01,2.248006073927336368e-01,6.624450818653235089e-03,-4.415794271599326332e-02,5.469628737520124129e-02,0.000000000000000000e+00
6.379999999999999893e+00,-3.438114709355628573e-01,2.249435783304565839e-01,6.404544139858616737e-03,-4.380482527321324926e-02,5.259678414005938829e-02,0.000000000000000000e+00
6.384999999999999787e+00,-3.426864174011839403e-01,2.250761027659151925e-01,6.186401576404732330e-03,-4.345230149146735166e-02,5.051611097550462448e-02,0.000000000000000000e+00
6.390000000000000568e+00,-3.415607271502322240e-01,2.251982817676505544e-01,5.970020086792678440e-03,-4.310040055225120709e-02,4.845419978656084758e-02,0.000000000000000000e+00
6.395000000000000462e+00,-3.404344516581221947e-01,2.253102159635861634e-01,5.755396485050604145e-03,-4.274915106433166412e-02,4.641098155733444641e-02,0.000000000000000000e+00
6.400000000000000355e+00,-3.393076418982379772e-01,2.254120055373105003e-01,5.542527443581135582e-03,-4.239858107022776573e-02,4.438638637570224699e-02,0.000000000000000000e+00
6.405000000000000249e+00,-3.381803483441641611e-01,2.255037502244803815e-01,5.331409495976484336e-03,-4.204871805265856383e-02,4.238034345764357669e-02,0.000000000000000000e+00
6.410000000000000142e+00,-3.370526209719340582e-01,2.255855493093433528e-01,5.122039039801397527e-03,-4.169958894095706498e-02,4.039278117121955503e-02,0.000000000000000000e+00
6.415000000000000036e+00,-3.359245092622953344e-01,2.256575016213771545e-01,4.914412339344122194e-03,-4.135122011744968296e-02,3.842362706020355234e-02,0.000000000000000000e+00
6.419999999999999929e+00,-3.347960622029920175e-01,2.257197055320443457e-01,4.708525528335567867e-03,-4.100363742380064291e-02,3.647280786736636915e-02,0.000000000000000000e+00
6.424999999999999822e+00,-3.336673282910623817e-01,2.257722589516605316e-01,4.504374612636826043e-03,-4.065686616732069186e-02,3.454024955741960556e-02,0.000000000000000000e+00
6.429999999999999716e+00,-3.325383555351522635e-01,2.258152593263740293e-01,4.301955472895242598e-03,-4.031093112723964367e-02,3.262587733962110659e-02,0.000000000000000000e+00
6.435000000000000497e+00,-3.314091914578433107e-01,2.258488036352554185e-01,4.101263867169218334e-03,-3.996585656094214789e-02,3.072961569004517557e-02,0.000000000000000000e+00
6.440000000000000391e+00,-3.302798830979953304e-01,2.258729883874952271e-01,3.902295433521922423e-03,-3.962166621016625923e-02,2.885138837352246854e-02,0.000000000000000000e+00
6.445000000000000284e+00,-3.291504770131025714e-01,2.258879096197077552e-01,3.705045692584106511e-03,-3.927838330716425935e-02,2.699111846525159564e-02,0.000000000000000000e+00
6.450000000000000178e+00,-3.280210192816630510e-01,2.258936628933396751e-01,3.509510050086212495e-03,-3.893603058082529406e-02,2.514872837208709244e-02,0.000000000000000000e+00
6.455000000000000071e+00,-3.268915555055606492e-01,2.258903432921814669e-01,3.315683799359960861e-03,-3.859463026275940928e-02,2.332413985350670349e-02,0.000000000000000000e+00
6.459999999999999964e+00,-3.257621308124594717e-01,2.258780454199799947e-01,3.123562123809617806e-03,-3.825420409334253508e-02,2.151727404226144724e-02,0.000000000000000000e+00
6.464999999999999858e+00,-3.246327898582097582e-01,2.258568633981506979e-01,2.933140099353135407e-03,-3.791477332772202891e-02,1.972805146471223736e-02,0.000000000000000000e+00
6.469999999999999751e+00,-3.235035768292651159e-01,2.258268908635877315e-01,2.744412696833363040e-03,-3.757635874178243823e-02,1.795639206085589135e-02,0.000000000000000000e+00
6.475000000000000533e+00,-3.223745354451102996e-01,2.257882209665702244e-01,2.557374784399530851e-03,-3.723898063807105224e-02,1.620221520404468984e-02,0.000000000000000000e+00
6.480000000000000426e+00,-3.212457089606994276e-01,2.257409463687634343e-01,2.372021129859207787e-03,-3.690265885168299287e-02,1.446543972040237325e-02,0.000000000000000000e+00
6.485000000000000320e+00,-3.201171401689038576e-01,2.256851592413127994e-01,2.188346403000931972e-03,-3.656741275610546349e-02,1.274598390793979519e-02,0.000000000000000000e+00
6.490000000000000213e+00,-3.189888714029692207e-01,2.256209512630297231e-01,2.006345177887728076e-03,-3.623326126902086386e-02,1.104376555537467386e-02,0.000000000000000000e+00
6.495000000000000107e+00,-3.178609445389816157e-01,2.255484136186671484e-01,1.826011935121707929e-03,-3.590022285806855618e-02,9.358701960656828911e-03,0.000000000000000000e+00
6.500000000000000000e+00,-3.167334009983419629e-01,2.254676369972837546e-01,1.647341064079968628e-03,-3.556831554656490757e-02,7.690709949204316276e-03,0.000000000000000000e+00
6.504999999999999893e+00,-3.156062817502482964e-01,2.253787115906950300e-01,1.470326865121994973e-03,-3.523755691918146332e-02,6.039705891852459319e-03,0.000000000000000000e+00
6.509999999999999787e+00,-3.144796273141858278e-01,2.252817270920098869e-01,1.294963551768775088e-03,-3.490796412758097322e-02,4.405605722519162493e-03,0.000000000000000000e+00
6.515000000000000568e+00,-3.133534777624238377e-01,2.251767726942511538e-01,1.121245252853843213e-03,-3.457955389601107682e-02,2.788324955590365528e-03,0.000000000000000000e+00
6.520000000000000462e+00,-3.122278727225193951e-01,2.250639370890587798e-01,9.491660146464595948e-04,-3.425234252685543934e-02,1.187778703028080640e-03,0.000000000000000000e+00
6.525000000000000355e+00,-3.111028513798274053e-01,2.249433084654740844e-01,7.787198029471409421e-04,-3.392634590614216489e-02,-3.961183087949626813e-04,0.000000000000000000e+00
6.530000000000000249e+00,-3.099784524800164864e-01,2.248149745088036666e-01,6.099005051557570938e-04,-3.360157950900934110e-02,-1.963451722531817101e-03,0.000000000000000000e+00
6.535000000000000142e+00,-3.088547143315902299e-01,2.246790223995617508e-01,4.427019323124066269e-04,-3.327805840512752800e-02,-3.514307533564867136e-03,0.000000000000000000e+00
6.540000000000000036e+00,-3.077316748084136799e-01,2.245355388124893603e-01,2.771178211112881309e-04,-3.295579726407910082e-02,-5.048772073974097663e-03,0.000000000000000000e+00
6.544999999999999929e+00,-3.066093713522445863e-01,2.243846099156491525e-01,1.131418358877830151e-04,-3.263481036069428021e-02,-6.566931996766153801e-03,0.000000000000000000e+00
6.549999999999999822e+00,-3.054878409752687651e-01,2.242263213695944446e-01,-4.923242942103350068e-05,-3.231511158034380132e-02,-8.068874260362249307e-03,0.000000000000000000e+00
6.554999999999999716e+00,-3.043671202626396233e-01,2.240607583266110703e-01,-2.100114493422359379e-04,-3.199671442418808992e-02,-9.554686113340454812e-03,0.000000000000000000e+00
6.560000000000000497e+00,-3.032472453750212904e-01,2.238880054300310674e-01,-3.692017649590293251e-04,-3.167963201438286219e-02,-1.102445507943038139e-02,0.000000000000000000e+00
6.565000000000000391e+00,-3.021282520511349157e-01,2.237081468136164208e-01,-5.268099820286487652e-04,-3.136387709924111367e-02,-1.247826894275726184e-02,0.000000000000000000e+00
6.570000000000000284e+00,-3.010101756103079063e-01,2.235212661010120005e-01,-6.828427691259596633e-04,-3.104946205835142775e-02,-1.391621573333137740e-02,0.000000000000000000e+00
6.575000000000000178e+00,-2.998930509550257750e-01,2.233274464052662778e-01,-8.373068558125405271e-04,-3.073639890765255886e-02,-1.533838371278083146e-02,0.000000000000000000e+00
6.580000000000000071e+00,-2.987769125734861531e-01,2.231267703284185167e-01,-9.902090308310290603e-04,-3.042469930446427273e-02,-1.674486136032495021e-02,0.000000000000000000e+00
6.584999999999999964e+00,-2.976617945421546896e-01,2.229193199611512743e-01,-1.141556140324513245e-03,-3.011437455247443357e-02,-1.813573735898428574e-02,0.000000000000000000e+00
6.589999999999999858e+00,-2.965477305283226173e-01,2.227051768825071276e-01,-1.291355086080748322e-03,-2.980543560668229980e-02,-1.951110058202519537e-02,0.000000000000000000e+00
6.594999999999999751e+00,-2.954347537926655942e-01,2.224844221596682103e-01,-1.439612823800980610e-03,-2.949789307829807708e-02,-2.087104007963593022e-02,0.000000000000000000e+00
6.600000000000000533e+00,-2.943228971918032677e-01,2.222571363477975348e-01,-1.586336361393160446e-03,-2.919175723959871460e-02,-2.221564506583142973e-02,0.000000000000000000e+00
6.605000000000000426e+00,-2.932121931808598370e-01,2.220233994899408758e-01,-1.731532757289323951e-03,-2.888703802873999679e-02,-2.354500490558375514e-02,0.000000000000000000e+00
6.610000000000000320e+00,-2.921026738160246161e-01,2.217832911169881349e-01,-1.875209118786926553e-03,-2.858374505452493386e-02,-2.485920910217546964e-02,0.000000000000000000e+00
6.615000000000000213e+00,-2.909943707571128191e-01,2.215368902476929913e-01,-2.017372600413909044e-03,-2.828188760112853445e-02,-2.615834728477349491e-02,0.000000000000000000e+00
6.620000000000000107e+00,-2.898873152701260669e-01,2.212842753887497016e-01,-2.158030402317278468e-03,-2.798147463277899857e-02,-2.744250919622050200e-02,0.000000000000000000e+00
6.625000000000000000e+00,-2.887815382298124511e-01,2.210255245349261044e-01,-2.297189768674987639e-03,-2.768251479839538634e-02,-2.871178468104063075e-02,0.000000000000000000e+00
6.629999999999999893e+00,-2.876770701222255977e-01,2.207607151692515535e-01,-2.434857986130891262e-03,-2.738501643618187695e-02,-2.996626367365783083e-02,0.000000000000000000e+00
6.634999999999999787e+00,-2.865739410472828430e-01,2.204899242632588630e-01,-2.571042382252568086e-03,-2.708898757817864572e-02,-3.120603618682343816e-02,0.000000000000000000e+00
6.640000000000000568e+00,-2.854721807213220774e-01,2.202132282772790439e-01,-2.705750324011788142e-03,-2.679443595476950490e-02,-3.243119230025023891e-02,0.000000000000000000e+00
6.645000000000000462e+00,-2.843718184796567017e-01,2.199307031607880270e-01,-2.838989216287408652e-03,-2.650136899914637412e-02,-3.364182214945111993e-02,0.000000000000000000e+00
6.650000000000000355e+00,-2.832728832791291951e-01,2.196424243528041220e-01,-2.970766500390487844e-03,-2.620979385173070192e-02,-3.483801591477912740e-02,0.000000000000000000e+00
6.655000000000000249e+00,-2.821754037006620752e-01,2.193484667823352996e-01,-3.101089652611395062e-03,-2.591971736455194603e-02,-3.601986381066603349e-02,0.000000000000000000e+00
6.660000000000000142e+00,-2.810794079518068589e-01,2.190489048688753493e-01,-3.229966182788708562e-03,-2.563114610558326137e-02,-3.718745607505839768e-02,0.000000000000000000e+00
6.665000000000000036e+00,-2.799849238692901920e-01,2.187438125229477781e-01,-3.357403632899684607e-03,-2.534408636303447926e-02,-3.834088295904643229e-02,0.000000000000000000e+00
6.669999999999999929e+00,-2.788919789215574263e-01,2.184332631466966990e-01,-3.483409575672084466e-03,-2.505854414960257195e-02,-3.948023471668468676e-02,0.000000000000000000e+00
6.674999999999999822e+00,-2.778006002113126982e-01,2.181173296345235435e-01,-3.607991613217146828e-03,-2.477452520667969976e-02,-4.060560159500209432e-02,0.000000000000000000e+00
6.679999999999999716e+00,-2.767108144780561774e-01,2.177960843737687946e-01,-3.731157375683497469e-03,-2.449203500851901069e-02,-4.171707382419791166e-02,0.000000000000000000e+00
6.685000000000000497e+00,-2.756226481006174289e-01,2.174695992454376281e-01,-3.852914519931779740e-03,-2.421107876635836959e-02,-4.281474160802185847e-02,0.000000000000000000e+00
6.690000000000000391e+00,-2.745361270996852787e-01,2.171379456249689366e-01,-3.973270728229800347e-03,-2.393166143250213471e-02,-4.389869511433629190e-02,0.000000000000000000e+00
6.695000000000000284e+00,-2.734512771403335152e-01,2.168011943830462918e-01,-4.092233706967980493e-03,-2.365378770436118300e-02,-4.496902446585721025e-02,0.000000000000000000e+00
6.700000000000000178e+00,-2.723681235345427054e-01,2.164594158864504292e-01,-4.209811185394899888e-03,-2.337746202845136789e-02,-4.602581973107230939e-02,0.000000000000000000e+00
6.705000000000000071e+00,-2.712866912437174038e-01,2.161126799989520897e-01,-4.326010914372731969e-03,-2.310268860435054847e-02,-4.706917091533380226e-02,0.000000000000000000e+00
6.709999999999999964e+00,-2.702070048811989200e-01,2.157610560822444956e-01,-4.440840665152362594e-03,-2.282947138861441544e-02,-4.809916795212360041e-02,0.000000000000000000e+00
6.714999999999999858e+00,-2.691290887147732014e-01,2.154046129969145185e-01,-4.554308228167979269e-03,-2.255781409865128748e-02,-4.911590069448786011e-02,0.000000000000000000e+00
6.719999999999999751e+00,-2.680529666691739976e-01,2.150434191034517883e-01,-4.666421411850940962e-03,-2.228772021655607213e-02,-5.011945890664035175e-02,0.000000000000000000e+00
6.725000000000000533e+00,-2.669786623285806404e-01,2.146775422632948294e-01,-4.777188041462707320e-03,-2.201919299290357873e-02,-5.110993225573037813e-02,0.000000000000000000e+00
6.730000000000000426e+00,-2.659061989391107161e-01,2.143070498399134438e-01,-4.886615957946639083e-03,-2.175223545050143301e-02,-5.208741030377461723e-02,0.000000000000000000e+00
6.735000000000000320e+00,-2.648355994113069656e-01,2.139320086999265680e-01,-4.994713016798460643e-03,-2.148685038810273576e-02,-5.305198249974975300e-02,0.000000000000000000e+00
6.740000000000000213e+00,-2.637668863226188543e-01,2.135524852142547669e-01,-5.101487086955185275e-03,-2.122304038407873614e-02,-5.400373817184429825e-02,0.000000000000000000e+00
6.745000000000000107e+00,-2.627000819198779813e-01,2.131685452593065355e-01,-5.206946049702303528e-03,-2.096080780005169300e-02,-5.494276651986697291e-02,0.000000000000000000e+00
6.750000000000000000e+00,-2.616352081217676595e-01,2.127802542181978507e-01,-5.311097797599040500e-03,-2.070015478448818461e-02,-5.586915660781006931e-02,0.000000000000000000e+00
6.754999999999999893e+00,-2.605722865212862782e-01,2.123876769820038368e-01,-5.413950233421475564e-03,-2.044108327625304353e-02,-5.678299735656515412e-02,0.000000000000000000e+00
6.759999999999999787e+00,-2.595113383882042268e-01,2.119908779510422392e-01,-5.515511269123339784e-03,-2.018359500812418397e-02,-5.768437753678953839e-02,0.000000000000000000e+00
6.765000000000000568e+00,-2.584523846715144901e-01,2.115899210361876226e-01,-5.615788824814286345e-03,-1.992769151026852967e-02,-5.857338576192101798e-02,0.000000000000000000e+00
6.770000000000000462e+00,-2.573954460018765267e-01,2.111848696602157405e-01,-5.714790827755443156e-03,-1.967337411367929209e-02,-5.945011048133908016e-02,0.000000000000000000e+00
6.775000000000000355e+00,-2.563405426940533194e-01,2.107757867591773249e-01,-5.812525211372059422e-03,-1.942064395357480031e-02,-6.031463997367074448e-02,0.000000000000000000e+00
6.780000000000000249e+00,-2.552876947493414317e-01,2.103627347838005202e-01,-5.908999914283049291e-03,-1.916950197275917034e-02,-6.116706234023840116e-02,0.000000000000000000e+00
6.785000000000000142e+00,-2.542369218579941248e-01,2.099457757009213776e-01,-6.004222879347240020e-03,-1.891994892494501534e-02,-6.200746549864882828e-02,0.000000000000000000e+00
6.790000000000000036e+00,-2.531882434016372030e-01,2.095249709949416894e-01,-6.098202052726145982e-03,-1.867198537803846370e-02,-6.283593717651995980e-02,0.000000000000000000e+00
6.794999999999999929e+00,-2.521416784556774759e-01,2.091003816693134953e-01,-6.190945382963069892e-03,-1.842561171738670706e-02,-6.365256490534482170e-02,0.000000000000000000e+00
6.799999999999999822e+00,-2.510972457917036715e-01,2.086720682480494860e-01,-6.282460820078348239e-03,-1.818082814898836636e-02,-6.445743601449008264e-02,0.000000000000000000e+00
6.804999999999999716e+00,-2.500549638798799656e-01,2.082400907772587739e-01,-6.372756314680557907e-03,-1.793763470266687698e-02,-6.525063762532726241e-02,0.000000000000000000e+00
6.810000000000000497e+00,-2.490148508913313519e-01,2.078045088267075069e-01,-6.461839817093498368e-03,-1.769603123520719148e-02,-6.603225664549490503e-02,0.000000000000000000e+00
6.815000000000000391e+00,-2.479769247005216837e-01,2.073653814914032389e-01,-6.549719276498762975e-03,-1.745601743345601489e-02,-6.680237976329030103e-02,0.000000000000000000e+00
6.820000000000000284e+00,-2.469412028876232512e-01,2.069227673932030609e-01,-6.636402640093724131e-03,-1.721759281738586070e-02,-6.756109344218790003e-02,0.000000000000000000e+00
6.825000000000000178e+00,-2.459077027408785865e-01,2.064767246824443236e-01,-6.721897852264748473e-03,-1.698075674312316333e-02,-6.830848391548392795e-02,0.000000000000000000e+00
6.830000000000000071e+00,-2.448764412589538586e-01,2.060273110395976215e-01,-6.806212853775459905e-03,-1.674550840594071777e-02,-6.904463718106403081e-02,0.000000000000000000e+00
6.834999999999999964e+00,-2.438474351532840811e-01,2.055745836769414525e-01,-6.889355580969880495e-03,-1.651184684321469268e-02,-6.976963899629359811e-02,0.000000000000000000e+00
6.839999999999999858e+00,-2.428207008504098541e-01,2.051185993402578345e-01,-6.971333964990265343e-03,-1.627977093734650493e-02,-7.048357487302785163e-02,0.000000000000000000e+00
6.844999999999999751e+00,-2.417962544943055014e-01,2.046594143105484320e-01,-7.052155931009463155e-03,-1.604927941864977420e-02,-7.118653007274083899e-02,0.000000000000000000e+00
6.850000000000000533e+00,-2.407741119486986603e-01,2.041970844057704737e-01,-7.131829397477619514e-03,-1.582037086820268362e-02,-7.187858960177068157e-02,0.000000000000000000e+00
6.855000000000000426e+00,-2.397542887993812100e-01,2.037316649825920978e-01,-7.210362275383060647e-03,-1.559304372066594620e-02,-7.255983820668082673e-02,0.000000000000000000e+00
6.860000000000000320e+00,-2.387368003565111529e-01,2.032632109381663221e-01,-7.287762467527179010e-03,-1.536729626706668378e-02,-7.323036036973408491e-02,0.000000000000000000e+00
6.865000000000000213e+00,-2.377216616569058083e-01,2.027917767119234160e-01,-7.364037867813155898e-03,-1.514312665754847034e-02,-7.389024030447899349e-02,0.000000000000000000e+00
6.870000000000000107e+00,-2.367088874663259013e-01,2.023174162873807580e-01,-7.439196360548346737e-03,-1.492053290408781180e-02,-7.453956195144594010e-02,0.000000000000000000e+00
6.875000000000000000e+00,-2.356984922817505212e-01,2.018401831939700131e-01,-7.513245819760169461e-03,-1.469951288317732259e-02,-7.517840897395249022e-02,0.000000000000000000e+00
6.879999999999999893e+00,-2.346904903336430037e-01,2.013601305088808802e-01,-7.586194108525322506e-03,-1.448006433847587315e-02,-7.580686475401540725e-02,0.000000000000000000e+00
6.884999999999999787e+00,-2.336848955882074308e-01,2.008773108589209100e-01,-7.658049078312175427e-03,-1.426218488342597193e-02,-7.642501238836835187e-02,0.000000000000000000e+00
6.890000000000000568e+00,-2.326817217496359447e-01,2.003917764223910603e-01,-7.728818568336160398e-03,-1.404587200383865080e-02,-7.703293468458324855e-02,0.000000000000000000e+00
6.895000000000000462e+00,-2.316809822623464576e-01,1.999035789309763222e-01,-7.798510404928010210e-03,-1.383112306044613320e-02,-7.763071415729452807e-02,0.000000000000000000e+00
6.900000000000000355e+00,-2.306826903132110917e-01,1.994127696716510023e-01,-7.867132400914680565e-03,-1.361793529142252962e-02,-7.821843302452363700e-02,0.000000000000000000e+00
6.905000000000000249e+00,-2.296868588337748207e-01,1.989193994885981587e-01,-7.934692355012793602e-03,-1.340630581487285700e-02,-7.879617320410389758e-02,0.000000000000000000e+00
6.910000000000000142e+00,-2.286935005024647027e-01,1.984235187851427495e-01,-8.001198051234451741e-03,-1.319623163129063532e-02,-7.936401631020215119e-02,0.000000000000000000e+00
6.915000000000000036e+00,-2.277026277467892323e-01,1.979251775256979373e-01,-8.066657258305257039e-03,-1.298770962598432693e-02,-7.992204364993794885e-02,0.000000000000000000e+00
6.919999999999999929e+00,-2.267142527455280610e-01,1.974244252377243269e-01,-8.131077729094389472e-03,-1.278073657147290113e-02,-8.047033622009723552e-02,0.000000000000000000e+00
6.924999999999999822e+00,-2.257283874309118088e-01,1.969213110137013334e-01,-8.194467200056581094e-03,-1.257530912985077923e-02,-8.100897470393941813e-02,0.000000000000000000e+00
6.929999999999999716e+00,-2.247450434907920236e-01,1.964158835131105396e-01,-8.256833390685844667e-03,-1.237142385512243238e-02,-8.153803946809745629e-02,0.000000000000000000e+00
6.935000000000000497e+00,-2.237642323708011471e-01,1.959081909644305175e-01,-8.318184002980800670e-03,-1.216907719550691137e-02,-8.205761055956786731e-02,0.000000000000000000e+00
6.940000000000000391e+00,-2.227859652765026288e-01,1.953982811671425845e-01,-8.378526720921444793e-03,-1.196826549571255310e-02,-8.256776770279100619e-02,0.000000000000000000e+00
6.945000000000000284e+00,-2.218102531755307694e-01,1.948862014937471909e-01,-8.437869209957220631e-03,-1.176898499918214470e-02,-8.306859029681869233e-02,0.000000000000000000e+00
6.950000000000000178e+00,-2.208371067997205728e-01,1.943719988917905206e-01,-8.496219116506244923e-03,-1.157123185030881768e-02,-8.356015741256914153e-02,0.000000000000000000e+00
6.955000000000000071e+00,-2.198665366472274951e-01,1.938557198859008623e-01,-8.553584067465537857e-03,-1.137500209662292705e-02,-8.404254779016714916e-02,0.000000000000000000e+00
6.959999999999999964e+00,-2.188985529846368960e-01,1.933374105798342790e-01,-8.609971669732116237e-03,-1.118029169095017573e-02,-8.451583983636812292e-02,0.000000000000000000e+00
6.964999999999999858e+00,-2.179331658490632206e-01,1.928171166585293528e-01,-8.665389509734807219e-03,-1.098709649354127037e-02,-8.498011162206546565e-02,0.000000000000000000e+00
6.969999999999999751e+00,-2.169703850502389675e-01,1.922948833901704513e-01,-8.719845152976636940e-03,-1.079541227417334624e-02,-8.543544087987922642e-02,0.000000000000000000e+00
6.975000000000000533e+00,-2.160102201725933313e-01,1.917707556282592651e-01,-8.773346143587658699e-03,-1.060523471422344585e-02,-8.588190500182478482e-02,0.000000000000000000e+00
6.980000000000000426e+00,-2.150526805773203265e-01,1.912447778136941445e-01,-8.825900003888080200e-03,-1.041655940871429910e-02,-8.631958103706101337e-02,0.000000000000000000e+00
6.985000000000000320e+00,-2.140977754044366688e-01,1.907169939768568467e-01,-8.877514233961545861e-03,-1.022938186833267753e-02,-8.674854568971632207e-02,0.000000000000000000e+00
6.990000000000000213e+00,-2.131455135748290541e-01,1.901874477397065277e-01,-8.928196311238447563e-03,-1.004369752142056892e-02,-8.716887531679053114e-02,0.000000000000000000e+00
6.995000000000000107e+00,-2.121959037922911129e-01,1.896561823178803674e-01,-8.977953690089125055e-03,-9.859501715939448033e-03,-8.758064592613308552e-02,0.000000000000000000e+00
7.000000000000000000e+00,-2.112489545455496776e-01,1.891232405228006619e-01,-9.026793801426813771e-03,-9.676789721407888165e-03,-8.798393317449496043e-02,0.000000000000000000e+00
7.004999999999999893e+00,-2.103046741102806427e-01,1.885886647637878277e-01,-9.074724052320225567e-03,-9.495556730812785770e-03,-8.837881236565375831e-02,0.000000000000000000e+00
7.009999999999999787e+00,-2.093630705511140833e-01,1.880524970501793736e-01,-9.121751825615606254e-03,-9.315797862494434173e-03,-8.876535844861033198e-02,0.000000000000000000e+00
7.015000000000000568e+00,-2.084241517236289365e-01,1.875147789934540343e-01,-9.167884479568167572e-03,-9.137508162005725590e-03,-8.914364601585678116e-02,0.000000000000000000e+00
7.020000000000000462e+00,-2.074879252763369986e-01,1.869755518093610125e-01,-9.213129347482740955e-03,-8.960682603945715682e-03,-8.951374930171368538e-02,0.000000000000000000e+00
7.025000000000000355e+00,-2.065543986526561793e-01,1.864348563200539932e-01,-9.257493737363542072e-03,-8.785316093767814305e-03,-8.987574218073571264e-02,0.000000000000000000e+00
7.030000000000000249e+00,-2.056235790928731266e-01,1.858927329562296282e-01,-9.300984931572909079e-03,-8.611403469562852256e-03,-9.022969816618478522e-02,0.000000000000000000e+00
7.035000000000000142e+00,-2.046954736360951932e-01,1.853492217592699609e-01,-9.343610186498896644e-03,-8.438939503817277296e-03,-9.057569040856963682e-02,0.000000000000000000e+00
7.040000000000000036e+00,-2.037700891221916610e-01,1.848043623833887650e-01,-9.385376732231597366e-03,-8.267918905146722300e-03,-9.091379169425044260e-02,0.000000000000000000e+00
7.044999999999999929e+00,-2.028474321937241975e-01,1.842581940977814636e-01,-9.426291772248069148e-03,-8.098336320005198805e-03,-9.124407444410757850e-02,0.000000000000000000e+00
7.049999999999999822e+00,-2.019275092978664865e-01,1.837107557887780185e-01,-9.466362483105752318e-03,-7.930186334370162293e-03,-9.156661071227384374e-02,0.000000000000000000e+00
7.054999999999999716e+00,-2.010103266883133122e-01,1.831620859619990105e-01,-9.505596014144248110e-03,-7.763463475403696405e-03,-9.188147218492800916e-02,0.000000000000000000e+00
7.060000000000000497e+00,-2.000958904271785965e-01,1.826122227445141355e-01,-9.543999487195349227e-03,-7.598162213090055468e-03,-9.218873017915057977e-02,0.000000000000000000e+00
7.065000000000000391e+00,-1.991842063868827784e-01,1.820612038870032257e-01,-9.581579996301188909e-03,-7.434276961849812550e-03,-9.248845564183838519e-02,0.000000000000000000e+00
7.070000000000000284e+00,-1.982752802520293678e-01,1.815090667659192136e-01,-9.618344607440414834e-03,-7.271802082130854154e-03,-9.278071914867910830e-02,0.000000000000000000e+00
7.075000000000000178e+00,-1.973691175212707039e-01,1.809558483856529842e-01,-9.654300358262254272e-03,-7.110731881976461825e-03,-9.306559090318350380e-02,0.000000000000000000e+00
7.080000000000000071e+00,-1.964657235091627763e-01,1.804015853806997804e-01,-9.689454257828364683e-03,-6.951060618570713973e-03,-9.334314073577484883e-02,0.000000000000000000e+00
7.084999999999999964e+00,-1.955651033480093337e-01,1.798463140178268305e-01,-9.723813286362351788e-03,-6.792782499761457725e-03,-9.361343810293436263e-02,0.000000000000000000e+00
7.089999999999999858e+00,-1.946672619896950840e-01,1.792900701982420852e-01,-9.757384395006851036e-03,-6.635891685561071986e-03,-9.387655208640202642e-02,0.000000000000000000e+00
7.094999999999999751e+00,-1.937722042075080975e-01,1.787328894597637330e-01,-9.790174505588056242e-03,-6.480382289625265420e-03,-9.413255139243148495e-02,0.000000000000000000e+00
7.100000000000000533e+00,-1.928799345979512747e-01,1.781748069789901578e-01,-9.822190510387591306e-03,-6.326248380710141825e-03,-9.438150435109864123e-02,0.000000000000000000e+00
7.105000000000000426e+00,-1.919904575825430726e-01,1.776158575734703149e-01,-9.853439271921601850e-03,-6.173483984107762737e-03,-9.462347891566198765e-02,0.000000000000000000e+00
7.110000000000000320e+00,-1.911037774096072950e-01,1.770560757038740773e-01,-9.883927622726988715e-03,-6.022083083060432787e-03,-9.485854266197531193e-02,0.000000000000000000e+00
7.115000000000000213e+00,-1.902198981560520863e-01,1.764954954761624728e-01,-9.913662365154644537e-03,-5.872039620153943727e-03,-9.508676278795034909e-02,0.000000000000000000e+00
7.120000000000000107e+00,-1.893388237291380172e-01,1.759341506437574754e-01,-9.942650271169615334e-03,-5.723347498690002644e-03,-9.530820611306961565e-02,0.000000000000000000e+00
7.125000000000000000e+00,-1.884605578682354010e-01,1.753720746097112149e-01,-9.970898082158062212e-03,-5.576000584038063798e-03,-9.552293907794776051e-02,0.000000000000000000e+00
7.129999999999999893e+00,-1.875851041465706748e-01,1.748093004288742980e-01,-9.998412508740945129e-03,-5.429992704966793947e-03,-9.573102774394152970e-02,0.000000000000000000e+00
7.134999999999999787e+00,-1.867124659729620384e-01,1.742458608100630746e-01,-1.002520023059429860e-02,-5.285317654955392318e-03,-9.593253779280624949e-02,0.000000000000000000e+00
7.140000000000000568e+00,-1.858426465935441585e-01,1.736817881182256829e-01,-1.005126789627602477e-02,-5.141969193484983817e-03,-9.612753452639925811e-02,0.000000000000000000e+00
7.145000000000000462e+00,-1.849756490934821307e-01,1.731171143766065956e-01,-1.007662212305909105e-02,-4.999941047310307515e-03,-9.631608286642832917e-02,0.000000000000000000e+00
7.150000000000000355e+00,-1.841114763986745617e-01,1.725518712689094736e-01,-1.010126949677103356e-02,-4.859226911711912039e-03,-9.649824735424536448e-02,0.000000000000000000e+00
7.155000000000000249e+00,-1.832501312774459101e-01,1.719860901414580756e-01,-1.012521657163967768e-02,-4.719820451729086867e-03,-9.667409215068371864e-02,0.000000000000000000e+00
7.160000000000000142e+00,-1.823916163422279746e-01,1.714198020053552818e-01,-1.014846987014497715e-02,-4.581715303373722070e-03,-9.684368103593865573e-02,0.000000000000000000e+00
7.165000000000000036e+00,-1.815359340512305852e-01,1.708530375386396738e-01,-1.017103588287686898e-02,-4.444905074825335894e-03,-9.700707740949023050e-02,0.000000000000000000e+00
7.169999999999999929e+00,-1.806830867101015536e-01,1.702858270884397007e-01,-1.019292106839906308e-02,-4.309383347607456671e-03,-9.716434429006773343e-02,0.000000000000000000e+00
7.174999999999999822e+00,-1.798330764735758536e-01,1.697182006731252912e-01,-1.021413185311866034e-02,-4.175143677745588033e-03,-9.731554431565493657e-02,0.000000000000000000e+00
7.179999999999999716e+00,-1.789859053471140049e-01,1.691501879844565237e-01,-1.023467463116152498e-02,-4.042179596906950861e-03,-9.746073974353558489e-02,0.000000000000000000e+00
7.185000000000000497e+00,-1.781415751885297993e-01,1.685818183897294653e-01,-1.025455576425329980e-02,-3.910484613522216199e-03,-9.759999245037785653e-02,0.000000000000000000e+00
7.190000000000000391e+00,-1.773000877096072292e-01,1.680131209339186249e-01,-1.027378158160599519e-02,-3.780052213889433833e-03,-9.773336393235790287e-02,0.000000000000000000e+00
7.195000000000000284e+00,-1.764614444777067859e-01,1.674441243418163527e-01,-1.029235837981004598e-02,-3.650875863260356902e-03,-9.786091530532074756e-02,0.000000000000000000e+00
7.200000000000000178e+00,-1.756256469173609613e-01,1.668748570201684100e-01,-1.031029242273176147e-02,-3.522949006909362017e-03,-9.798270730497890546e-02,0.000000000000000000e+00
7.205000000000000071e+00,-1.747926963118592303e-01,1.663053470598062078e-01,-1.032758994141607170e-02,-3.396265071185171347e-03,-9.809880028714690336e-02,0.000000000000000000e+00
7.209999999999999964e+00,-1.739625938048222353e-01,1.657356222377749655e-01,-1.034425713399449859e-02,-3.270817464545570062e-03,-9.820925422801232707e-02,0.000000000000000000e+00
7.214999999999999858e+00,-1.731353404017654807e-01,1.651657100194580119e-01,-1.036030016559824803e-02,-3.146599578575314318e-03,-9.831412872444088291e-02,0.000000000000000000e+00
7.219999999999999751e+00,-1.723109369716522288e-01,1.645956375606969779e-01,-1.037572516827635696e-02,-3.023604788987430993e-03,-9.841348299431693092e-02,0.000000000000000000e+00
7.225000000000000533e+00,-1.714893842484360165e-01,1.640254317099076042e-01,-1.039053824091880178e-02,-2.901826456608096096e-03,-9.850737587691726915e-02,0.000000000000000000e+00
7.230000000000000426e+00,-1.706706828325924574e-01,1.634551190101912466e-01,-1.040474544918449686e-02,-2.781257928345288750e-03,-9.859586583331785004e-02,0.000000000000000000e+00
7.235000000000000320e+00,-1.698548331926405253e-01,1.628847257014416905e-01,-1.041835282543408792e-02,-2.661892538141404606e-03,-9.867901094683342866e-02,0.000000000000000000e+00
7.240000000000000213e+00,-1.690418356666534283e-01,1.623142777224473587e-01,-1.043136636866747249e-02,-2.543723607910024307e-03,-9.875686892348860269e-02,0.000000000000000000e+00
7.245000000000000107e+00,-1.682316904637587707e-01,1.617438007129886057e-01,-1.044379204446596598e-02,-2.426744448457020861e-03,-9.882949709252018822e-02,0.000000000000000000e+00
7.250000000000000000e+00,-1.674243976656284438e-01,1.611733200159301271e-01,-1.045563578493903523e-02,-2.310948360386187207e-03,-9.889695240691009914e-02,0.000000000000000000e+00
7.254999999999999893e+00,-1.666199572279579433e-01,1.606028606793081515e-01,-1.046690348867551808e-02,-2.196328634989576541e-03,-9.895929144394820243e-02,0.000000000000000000e+00
7.259999999999999787e+00,-1.658183689819353046e-01,1.600324474584123857e-01,-1.047760102069925960e-02,-2.082878555122728848e-03,-9.901657040582462210e-02,0.000000000000000000e+00
7.265000000000000568e+00,-1.650196326356996868e-01,1.594621048178627709e-01,-1.048773421242908850e-02,-1.970591396064969286e-03,-9.906884512025040945e-02,0.000000000000000000e+00
7.270000000000000462e+00,-1.642237477757894637e-01,1.588918569336805475e-01,-1.049730886164305065e-02,-1.859460426364955557e-03,-9.911617104110675980e-02,0.000000000000000000e+00
7.275000000000000355e+00,-1.634307138685801297e-01,1.583217276953538255e-01,-1.050633073244684572e-02,-1.749478908671651869e-03,-9.915860324912161017e-02,0.000000000000000000e+00
7.280000000000000249e+00,-1.626405302617117687e-01,1.577517407078974643e-01,-1.051480555524637352e-02,-1.640640100550905126e-03,-9.919619645257310436e-02,0.000000000000000000e+00
7.285000000000000142e+00,-1.618531961855062817e-01,1.571819192939070131e-01,-1.052273902672432558e-02,-1.532937255287798121e-03,-9.922900498801974500e-02,0.000000000000000000e+00
7.290000000000000036e+00,-1.610687107543744001e-01,1.566122864956067950e-01,-1.053013680982076671e-02,-1.426363622674951251e-03,-9.925708282105623337e-02,0.000000000000000000e+00
7.294999999999999929e+00,-1.602870729682123740e-01,1.560428650768919401e-01,-1.053700453371760916e-02,-1.320912449786946011e-03,-9.928048354709456680e-02,0.000000000000000000e+00
7.299999999999999822e+00,-1.595082817137885856e-01,1.554736775253641456e-01,-1.054334779382692933e-02,-1.216576981741035934e-03,-9.929926039217025491e-02,0.000000000000000000e+00
7.304999999999999716e+00,-1.587323357661198919e-01,1.549047460543613863e-01,-1.054917215178305563e-02,-1.113350462444316277e-03,-9.931346621377210027e-02,0.000000000000000000e+00
7.310000000000000497e+00,-1.579592337898379217e-01,1.543360926049810733e-01,-1.055448313543835837e-02,-1.011226135327518774e-03,-9.932315350169630686e-02,0.000000000000000000e+00
7.315000000000000391e+00,-1.571889743405451845e-01,1.537677388480968022e-01,-1.055928623886267549e-02,-9.101972440655939746e-04,-9.932837437892376442e-02,0.000000000000000000e+00
7.320000000000000284e+00,-1.564215558661612437e-01,1.531997061863686338e-01,-1.056358692234630678e-02,-8.102570332852467288e-04,-9.932918060251932912e-02,0.000000000000000000e+00
7.325000000000000178e+00,-1.556569767082586486e-01,1.526320157562466029e-01,-1.056739061240651381e-02,-7.113987492595843024e-04,-9.932562356455408581e-02,0.000000000000000000e+00
7.330000000000000071e+00,-1.548952351033891228e-01,1.520646884299675372e-01,-1.057070270179746342e-02,-6.136156405900409453e-04,-9.931775429304882941e-02,0.000000000000000000e+00
7.334999999999999964e+00,-1.541363291843995953e-01,1.514977448175451602e-01,-1.057352854952354690e-02,-5.169009588757337388e-04,-9.930562345293864057e-02,0.000000000000000000e+00
7.339999999999999858e+00,-1.533802569817382944e-01,1.509312052687530603e-01,-1.057587348085601946e-02,-4.212479593704092601e-04,-9.928928134705852782e-02,0.000000000000000000e+00
7.344999999999999751e+00,-1.526270164247510996e-01,1.503650898751008325e-01,-1.057774278735288363e-02,-3.266499016271370826e-04,-9.926877791714894261e-02,0.000000000000000000e+00
7.350000000000000533e+00,-1.518766053429679019e-01,1.497994184718030863e-01,-1.057914172688197672e-02,-2.331000501309028750e-04,-9.924416274488102874e-02,0.000000000000000000e+00
7.355000000000000426e+00,-1.511290214673791654e-01,1.492342106397413493e-01,-1.058007552364718939e-02,-1.405916749192551640e-04,-9.921548505290148090e-02,0.000000000000000000e+00
7.360000000000000320e+00,-1.503842624317026921e-01,1.486694857074186138e-01,-1.058054936821774782e-02,-4.911805219115596480e-05,-9.918279370589569433e-02,0.000000000000000000e+00
7.365000000000000213e+00,-1.496423257736406442e-01,1.481052627529066690e-01,-1.058056841756052635e-02,4.132753509581283931e-05,-9.914613721166980198e-02,0.000000000000000000e+00
7.370000000000000107e+00,-1.489032089361269073e-01,1.475415606057861040e-01,-1.058013779507530408e-02,1.307517966397435069e-04,-9.910556372225014232e-02,0.000000000000000000e+00
7.375000000000000000e+00,-1.481669092685646283e-01,1.469783978490787346e-01,-1.057926259063293219e-02,2.191614342200406723e-04,-9.906112103500054611e-02,0.000000000000000000e+00
7.379999999999999893e+00,-1.474334240280542607e-01,1.464157928211725079e-01,-1.057794786061633414e-02,3.065631411342717352e-04,-9.901285659375647086e-02,0.000000000000000000e+00
7.384999999999999787e+00,-1.467027503806118682e-01,1.458537636177389407e-01,-1.057619862796430402e-02,3.929636016460725601e-04,-9.896081748997585803e-02,0.000000000000000000e+00
7.390000000000000568e+00,-1.459748854023779907e-01,1.452923280936428418e-01,-1.057401988221803174e-02,4.783694904439739258e-04,-9.890505046390604682e-02,0.000000000000000000e+00
7.395000000000000462e+00,-1.452498260808168795e-01,1.447315038648442909e-01,-1.057141657957031203e-02,5.627874721110027751e-04,-9.884560190576653638e-02,0.000000000000000000e+00
7.400000000000000355e+00,-1.445275693159063235e-01,1.441713083102928450e-01,-1.056839364291736923e-02,6.462242006049225777e-04,-9.878251785694709686e-02,0.000000000000000000e+00
7.405000000000000249e+00,-1.438081119213179548e-01,1.436117585738139746e-01,-1.056495596191326693e-02,7.286863187489706680e-04,-9.871584401122088237e-02,0.000000000000000000e+00
7.410000000000000142e+00,-1.430914506255881735e-01,1.430528715659875605e-01,-1.056110839302683117e-02,8.101804577329570862e-04,-9.864562571597197682e-02,0.000000000000000000e+00
7.415000000000000036e+00,-1.423775820732796626e-01,1.424946639660183978e-01,-1.055685575960104219e-02,8.907132366245899390e-04,-9.857190797343733102e-02,0.000000000000000000e+00
7.419999999999999929e+00,-1.416665028261336612e-01,1.419371522235988170e-01,-1.055220285191484607e-02,9.702912618908919725e-04,-9.849473544196218899e-02,0.000000000000000000e+00
7.424999999999999822e+00,-1.409582093642128831e-01,1.413803525607631451e-01,-1.054715442724733429e-02,1.048921126929575542e-03,-9.841415243726914230e-02,0.000000000000000000e+00
7.429999999999999716e+00,-1.402526980870351381e-01,1.408242809737341450e-01,-1.054171520994423919e-02,1.126609411610243923e-03,-9.833020293374011844e-02,0.000000000000000000e+00
7.435000000000000497e+00,-1.395499653146978214e-01,1.402689532347612122e-01,-1.053588989148670531e-02,1.203362681825290376e-03,-9.824293056571105354e-02,0.000000000000000000e+00
7.440000000000000391e+00,-1.388500072889932158e-01,1.397143848939505217e-01,-1.052968313056227255e-02,1.279187489050363563e-03,-9.815237862877894404e-02,0.000000000000000000e+00
7.445000000000000284e+00,-1.381528201745146067e-01,1.391605912810867374e-01,-1.052309955313804682e-02,1.354090369914275277e-03,-9.805859008112055575e-02,0.000000000000000000e+00
7.450000000000000178e+00,-1.374584000597534050e-01,1.386075875074467001e-01,-1.051614375253598181e-02,1.428077845778220716e-03,-9.796160754482301225e-02,0.000000000000000000e+00
7.455000000000000071e+00,-1.367667429581871652e-01,1.380553884676044840e-01,-1.050882028951025636e-02,1.501156422324186057e-03,-9.786147330722559656e-02,0.000000000000000000e+00
7.459999999999999964e+00,-1.360778448093585280e-01,1.375040088412283756e-01,-1.050113369232667619e-02,1.573332589152424315e-03,-9.775822932227215545e-02,0.000000000000000000e+00
7.464999999999999858e+00,-1.353917014799453644e-01,1.369534630948692766e-01,-1.049308845684407236e-02,1.644612819387871730e-03,-9.765191721187435614e-02,0.000000000000000000e+00
7.469999999999999751e+00,-1.347083087648218713e-01,1.364037654837407243e-01,-1.048468904659764431e-02,1.715003569295386757e-03,-9.754257826728514325e-02,0.000000000000000000e+00
7.475000000000000533e+00,-1.340276623881108409e-01,1.358549300534904469e-01,-1.047593989288419895e-02,1.784511277903690638e-03,-9.743025345048182684e-02,0.000000000000000000e+00
7.480000000000000426e+00,-1.333497580042270203e-01,1.353069706419633977e-01,-1.046684539484926159e-02,1.853142366637892252e-03,-9.731498339555903765e-02,0.000000000000000000e+00
7.485000000000000320e+00,-1.326745911989118398e-01,1.347599008809562404e-01,-1.045740991957598738e-02,1.920903238960474302e-03,-9.719680841013095263e-02,0.000000000000000000e+00
7.490000000000000213e+00,-1.320021574902591754e-01,1.342137341979633414e-01,-1.044763780217586140e-02,1.987800280020636957e-03,-9.707576847674208309e-02,0.000000000000000000e+00
7.495000000000000107e+00,-1.313324523297326185e-01,1.336684838179140189e-01,-1.043753334588111599e-02,2.053839856311869948e-03,-9.695190325428706957e-02,0.000000000000000000e+00
7.500000000000000000e+00,-1.306654711031738636e-01,1.331241627649013548e-01,-1.042710082213885864e-02,2.119028315337647718e-03,-9.682525207943870615e-02,0.000000000000000000e+00
7.504999999999999893e+00,-1.300012091318027141e-01,1.325807838639022074e-01,-1.041634447070683214e-02,2.183371985285134220e-03,-9.669585396808395850e-02,0.000000000000000000e+00
7.509999999999999787e+00,-1.293396616732082338e-01,1.320383597424885924e-01,-1.040526849975080201e-02,2.246877174706784185e-03,-9.656374761676767005e-02,0.000000000000000000e+00
7.515000000000000568e+00,-1.286808239223316552e-01,1.314969028325304323e-01,-1.039387708594350507e-02,2.309550172209731776e-03,-9.642897140414388724e-02,0.000000000000000000e+00
7.520000000000000462e+00,-1.280246910124405724e-01,1.309564253718894511e-01,-1.038217437456513854e-02,2.371397246152859295e-03,-9.629156339243413743e-02,0.000000000000000000e+00
7.525000000000000355e+00,-1.273712580160947516e-01,1.304169394061044651e-01,-1.037016447960534445e-02,2.432424644351434059e-03,-9.615156132889272900e-02,0.000000000000000000e+00
7.530000000000000249e+00,-1.267205199461035880e-01,1.298784567900678477e-01,-1.035785148386664592e-02,2.492638593789211522e-03,-9.600900264727865729e-02,0.000000000000000000e+00
7.535000000000000142e+00,-1.260724717564751796e-01,1.293409891896931674e-01,-1.034523943906931476e-02,2.552045300337894927e-03,-9.586392446933375555e-02,0.000000000000000000e+00
7.540000000000000036e+00,-1.254271083433570189e-01,1.288045480835741108e-01,-1.033233236595761453e-02,2.610650948483853907e-03,-9.571636360626709084e-02,0.000000000000000000e+00
7.544999999999999929e+00,-1.247844245459684837e-01,1.282691447646346350e-01,-1.031913425440739683e-02,2.668461701061991022e-03,-9.556635656024477232e-02,0.000000000000000000e+00
7.549999999999999822e+00,-1.241444151475251112e-01,1.277347903417700992e-01,-1.030564906353500544e-02,2.725483698996656896e-03,-9.541393952588579641e-02,0.000000000000000000e+00
7.554999999999999716e+00,-1.235070748761546156e-01,1.272014957414797365e-01,-1.029188072180746948e-02,2.781723061049517706e-03,-9.525914839176295723e-02,0.000000000000000000e+00
7.560000000000000497e+00,-1.228723984058048280e-01,1.266692717094902720e-01,-1.027783312715392638e-02,2.837185883574267018e-03,-9.510201874190865601e-02,0.000000000000000000e+00
7.565000000000000391e+00,-1.222403803571435049e-01,1.261381288123705202e-01,-1.026351014707826449e-02,2.891878240278092631e-03,-9.494258585732573419e-02,0.000000000000000000e+00
7.570000000000000284e+00,-1.216110152984501008e-01,1.256080774391372945e-01,-1.024891561877293647e-02,2.945806181989791758e-03,-9.478088471750280297e-02,0.000000000000000000e+00
7.575000000000000178e+00,-1.209842977464995611e-01,1.250791278028522691e-01,-1.023405334923391946e-02,2.998975736434444320e-03,-9.461695000193375005e-02,0.000000000000000000e+00
7.580000000000000071e+00,-1.203602221674380662e-01,1.245512899422101388e-01,-1.021892711537677849e-02,3.051392908014546358e-03,-9.445081609164138192e-02,0.000000000000000000e+00
7.584999999999999964e+00,-1.197387829776509899e-01,1.240245737231176898e-01,-1.020354066415381754e-02,3.103063677597508140e-03,-9.428251707070507692e-02,0.000000000000000000e+00
7.589999999999999858e+00,-1.191199745446228225e-01,1.234989888402640568e-01,-1.018789771267227494e-02,3.153994002309429365e-03,-9.411208672779190765e-02,0.000000000000000000e+00
7.594999999999999751e+00,-1.185037911877894340e-01,1.229745448186821133e-01,-1.017200194831352662e-02,3.204189815335049124e-03,-9.393955855769106633e-02,0.000000000000000000e+00
7.600000000000000533e+00,-1.178902271793824258e-01,1.224512510153008688e-01,-1.015585702885328512e-02,3.253657025723789929e-03,-9.376496576285167639e-02,0.000000000000000000e+00
7.605000000000000426e+00,-1.172792767452657814e-01,1.219291166204889976e-01,-1.013946658258274743e-02,3.302401518201797826e-03,-9.358834125492346279e-02,0.000000000000000000e+00
7.610000000000000320e+00,-1.166709340657648697e-01,1.214081506595894450e-01,-1.012283420843066578e-02,3.350429152989895312e-03,-9.340971765629996204e-02,0.000000000000000000e+00
7.615000000000000213e+00,-1.160651932764877048e-01,1.208883619944451232e-01,-1.010596347608632393e-02,3.397745765627351641e-03,-9.322912730166484085e-02,0.000000000000000000e+00
7.620000000000000107e+00,-1.154620484691386700e-01,1.203697593249156705e-01,-1.008885792612336518e-02,3.444357166801390729e-03,-9.304660223953981069e-02,0.000000000000000000e+00
7.625000000000000000e+00,-1.148614936923246926e-01,1.198523511903852867e-01,-1.007152107012447562e-02,3.490269142182346462e-03,-9.286217423383524849e-02,0.000000000000000000e+00
7.629999999999999893e+00,-1.142635229523538271e-01,1.193361459712617284e-01,-1.005395639080686188e-02,3.535487452264381245e-03,-9.267587476540249669e-02,0.000000000000000000e+00
7.634999999999999787e+00,-1.136681302140264277e-01,1.188211518904662700e-01,-1.003616734214852341e-02,3.580017832211681520e-03,-9.248773503358789783e-02,0.000000000000000000e+00
7.640000000000000568e+00,-1.130753094014188692e-01,1.183073770149148940e-01,-1.001815734951527412e-02,3.623865991710050437e-03,-9.229778595778845296e-02,0.000000000000000000e+00
7.645000000000000462e+00,-1.124850543986598839e-01,1.177948292569904604e-01,-9.999929809788492621e-03,3.667037614823812249e-03,-9.210605817900879844e-02,0.000000000000000000e+00
7.650000000000000355e+00,-1.118973590506995713e-01,1.172835163760060501e-01,-9.981488091493578504e-03,3.709538359857949066e-03,-9.191258206141925124e-02,0.000000000000000000e+00
7.655000000000000249e+00,-1.113122171640711366e-01,1.167734459796594126e-01,-9.962835534929081679e-03,3.751373859225388442e-03,-9.171738769391514501e-02,0.000000000000000000e+00
7.660000000000000142e+00,-1.107296225076452867e-01,1.162646255254784905e-01,-9.943975452296487452e-03,3.792549719319360680e-03,-9.152050489167666558e-02,0.000000000000000000e+00
7.665000000000000036e+00,-1.101495688133775352e-01,1.157570623222581030e-01,-9.924911127830617422e-03,3.833071520390751719e-03,-9.132196319772935278e-02,0.000000000000000000e+00
7.669999999999999929e+00,-1.095720497770482638e-01,1.152507635314877488e-01,-9.905645817930641001e-03,3.872944816430370051e-03,-9.112179188450517109e-02,0.000000000000000000e+00
7.674999999999999822e+00,-1.089970590589957322e-01,1.147457361687705679e-01,-9.886182751291662865e-03,3.912175135056049184e-03,-9.092001995540403836e-02,0.000000000000000000e+00
7.679999999999999716e+00,-1.084245902848419568e-01,1.142419871052333946e-01,-9.866525129036853373e-03,3.950767977404517559e-03,-9.071667614635504917e-02,0.000000000000000000e+00
7.685000000000000497e+00,-1.078546370462115794e-01,1.137395230689280945e-01,-9.846676124850121947e-03,3.988728818027950478e-03,-9.051178892737804516e-02,0.000000000000000000e+00
7.690000000000000391e+00,-1.072871929014437703e-01,1.132383506462239231e-01,-9.826638885109283128e-03,4.026063104795139444e-03,-9.030538650414471347e-02,0.000000000000000000e+00
7.695000000000000284e+00,-1.067222513762971781e-01,1.127384762831911968e-01,-9.806416529019715278e-03,4.062776258797197795e-03,-9.009749681953960199e-02,0.000000000000000000e+00
7.700000000000000178e+00,-1.061598059646479686e-01,1.122399062869760961e-01,-9.786012148748472056e-03,4.098873674257734988e-03,-8.988814755522039901e-02,0.000000000000000000e+00
7.705000000000000071e+00,-1.055998501291810637e-01,1.117426468271667112e-01,-9.765428809558836243e-03,4.134360718447427537e-03,-8.967736613317768557e-02,0.000000000000000000e+00
7.709999999999999964e+00,-1.050423773020744966e-01,1.112467039371502764e-01,-9.744669549945289902e-03,4.169242731602914621e-03,-8.946517971729375795e-02,0.000000000000000000e+00
7.714999999999999858e+00,-1.044873808856770503e-01,1.107520835154617161e-01,-9.723737381768878321e-03,4.203525026849945501e-03,-8.925161521490061756e-02,0.000000000000000000e+00
7.719999999999999751e+00,-1.039348542531791791e-01,1.102587913271233788e-01,-9.702635290392948655e-03,4.237212890130718015e-03,-8.903669927833682274e-02,0.000000000000000000e+00
7.725000000000000533e+00,-1.033847907492772278e-01,1.097668330049760832e-01,-9.681366234819237249e-03,4.270311580135330992e-03,-8.882045830650306395e-02,0.000000000000000000e+00
7.730000000000000426e+00,-1.028371836908310438e-01,1.092762140510014218e-01,-9.659933147824296962e-03,4.302826328237288091e-03,-8.860291844641640657e-02,0.000000000000000000e+00
7.735000000000000320e+00,-1.022920263675149710e-01,1.087869398376354324e-01,-9.638338936096229811e-03,4.334762338432987180e-03,-8.838410559476297945e-02,0.000000000000000000e+00
7.740000000000000213e+00,-1.017493120424623060e-01,1.082990156090735262e-01,-9.616586480371719717e-03,4.366124787285121517e-03,-8.816404539944908136e-02,0.000000000000000000e+00
7.745000000000000107e+00,-1.012090339529032740e-01,1.078124464825667983e-01,-9.594678635573330658e-03,4.396918823869940679e-03,-8.794276326115037234e-02,0.000000000000000000e+00
7.750000000000000000e+00,-1.006711853107965238e-01,1.073272374497097198e-01,-9.572618230947065043e-03,4.427149569728297540e-03,-8.772028433485944132e-02,0.000000000000000000e+00
7.754999999999999893e+00,-1.001357593034542109e-01,1.068433933777191563e-01,-9.550408070200152796e-03,4.456822118820417088e-03,-8.749663353143098676e-02,0.000000000000000000e+00
7.759999999999999787e+00,-9.960274909416069744e-02,1.063609190107048519e-01,-9.528050931639062485e-03,4.485941537484329847e-03,-8.727183551912502668e-02,0.000000000000000000e+00
7.765000000000000568e+00,-9.907214782278493670e-02,1.058798189709312665e-01,-9.505549568307708475e-03,4.514512864397906590e-03,-8.704591472514808248e-02,0.000000000000000000e+00
7.770000000000000462e+00,-9.854394860638654441e-02,1.054000977600709488e-01,-9.482906708125840231e-03,4.542541110544431014e-03,-8.681889533719144847e-02,0.000000000000000000e+00
7.775000000000000355e+00,-9.801814453981567976e-02,1.049217597604492763e-01,-9.460125054027587743e-03,4.570031259181649673e-03,-8.659080130496731031e-02,0.000000000000000000e+00
7.780000000000000249e+00,-9.749472869630665395e-02,1.044448092362807862e-01,-9.437207284100168278e-03,4.596988265814241047e-03,-8.636165634174225447e-02,0.000000000000000000e+00
7.785000000000000142e+00,-9.697369412806541855e-02,1.039692503348969288e-01,-9.414156051722707627e-03,4.623417058169647376e-03,-8.613148392586786328e-02,0.000000000000000000e+00
7.790000000000000036e+00,-9.645503386685094771e-02,1.034950870879653984e-01,-9.390973985705182783e-03,4.649322536177202467e-03,-8.590030730230877043e-02,0.000000000000000000e+00
7.794999999999999929e+00,-9.593874092455051406e-02,1.030223234127010390e-01,-9.367663690427454823e-03,4.674709571950508638e-03,-8.566814948416728859e-02,0.000000000000000000e+00
7.799999999999999822e+00,-9.542480829374891393e-02,1.025509631130682719e-01,-9.344227745978388525e-03,4.699583009772997748e-03,-8.543503325420552519e-02,0.000000000000000000e+00
7.805000000000000604e+00,-9.491322894829178070e-02,1.020810098809751959e-01,-9.320668708295030969e-03,4.723947666086624267e-03,-8.520098116636407037e-02,0.000000000000000000e+00
7.810000000000000497e+00,-9.440399584384287501e-02,1.016124672974593052e-01,-9.296989109301840443e-03,4.747808329483632281e-03,-8.496601554727736816e-02,0.000000000000000000e+00
7.815000000000000391e+00,-9.389710191843549103e-02,1.011453388338647980e-01,-9.273191457049950043e-03,4.771169760701345249e-03,-8.473015849778597897e-02,0.000000000000000000e+00
7.820000000000000284e+00,-9.339254009301799220e-02,1.006796278530116967e-01,-9.249278235856448621e-03,4.794036692619921269e-03,-8.449343189444520619e-02,0.000000000000000000e+00
7.825000000000000178e+00,-9.289030327199354620e-02,1.002153376103565308e-01,-9.225251906443666938e-03,4.816413830263020085e-03,-8.425585739103032268e-02,0.000000000000000000e+00
7.830000000000000071e+00,-9.239038434375401732e-02,9.975247125514485891e-02,-9.201114906078451672e-03,4.838305850801332374e-03,-8.401745642003795311e-02,0.000000000000000000e+00
7.834999999999999964e+00,-9.189277618120821056e-02,9.929103183155550683e-02,-9.176869648711415139e-03,4.859717403558918430e-03,-8.377825019418412567e-02,0.000000000000000000e+00
7.839999999999999858e+00,-9.139747164230432874e-02,9.883102227983663057e-02,-9.152518525116146858e-03,4.880653110022298118e-03,-8.353825970789813260e-02,0.000000000000000000e+00
7.844999999999999751e+00,-9.090446357054679516e-02,9.837244543743355052e-02,-9.128063903028376530e-03,4.901117563852254791e-03,-8.329750573881278264e-02,0.000000000000000000e+00
7.850000000000000533e+00,-9.041374479550748355e-02,9.791530404010845290e-02,-9.103508127285062437e-03,4.921115330898289883e-03,-8.305600884925035121e-02,0.000000000000000000e+00
7.855000000000000426e+00,-8.992530813333136919e-02,9.745960072305197286e-02,-9.078853519963408711e-03,4.940650949215683041e-03,-8.281378938770497800e-02,0.000000000000000000e+00
7.860000000000000320e+00,-8.943914638723657329e-02,9.700533802198667288e-02,-9.054102380519788926e-03,4.959728929085113584e-03,-8.257086749032048478e-02,0.000000000000000000e+00
7.865000000000000213e+00,-8.895525234800900904e-02,9.655251837426241657e-02,-9.029256985928563878e-03,4.978353753034790372e-03,-8.232726308236426593e-02,0.000000000000000000e+00
7.870000000000000107e+00,-8.847361879449150424e-02,9.610114411994379047e-02,-9.004319590820783134e-03,4.996529875865040639e-03,-8.208299587969661304e-02,0.000000000000000000e+00
7.875000000000000000e+00,-8.799423849406751152e-02,9.565121750288940738e-02,-8.979292427622759948e-03,5.014261724675317042e-03,-8.183808539023595952e-02,0.000000000000000000e+00
7.879999999999999893e+00,-8.751710420313948968e-02,9.520274067182331323e-02,-8.954177706694500458e-03,5.031553698893569126e-03,-8.159255091541969818e-02,0.000000000000000000e+00
7.884999999999999787e+00,-8.704220866760188635e-02,9.475571568139838641e-02,-8.928977616467985434e-03,5.048410170307940197e-03,-8.134641155166016935e-02,0.000000000000000000e+00
7.890000000000000568e+00,-8.656954462330886113e-02,9.431014449325186844e-02,-8.903694323585283760e-03,5.064835483100741005e-03,-8.109968619179645788e-02,0.000000000000000000e+00
7.895000000000000462e+00,-8.609910479653674897e-02,9.386602897705295656e-02,-8.878329973036492434e-03,5.080833953884653434e-03,-8.085239352654133294e-02,0.000000000000000000e+00
7.900000000000000355e+00,-8.563088190444129166e-02,9.342337091154254147e-02,-8.852886688297487497e-03,5.096409871741124260e-03,-8.060455204592353873e-02,0.000000000000000000e+00
7.905000000000000249e+00,-8.516486865550969287e-02,9.298217198556517349e-02,-8.827366571467485865e-03,5.111567498260905645e-03,-8.035618004072539455e-02,0.000000000000000000e+00
7.910000000000000142e+00,-8.470105775000753845e-02,9.254243379909314615e-02,-8.801771703406385122e-03,5.126311067586693769e-03,-8.010729560391545434e-02,0.000000000000000000e+00
7.915000000000000036e+00,-8.423944188042060965e-02,9.210415786424290541e-02,-8.776104143871898619e-03,5.140644786457829185e-03,-7.985791663207639224e-02,0.000000000000000000e+00
7.919999999999999929e+00,-8.378001373189164491e-02,9.166734560628365946e-02,-8.750365931656454641e-03,5.154572834257014659e-03,-7.960806082682775342e-02,0.000000000000000000e+00
7.924999999999999822e+00,-8.332276598265206391e-02,9.123199836463828649e-02,-8.724559084723859659e-03,5.168099363059010590e-03,-7.935774569624398644e-02,0.000000000000000000e+00
7.930000000000000604e+00,-8.286769130444873732e-02,9.079811739387662339e-02,-8.698685600345708313e-03,5.181228497681263784e-03,-7.910698855626721593e-02,0.000000000000000000e+00
7.935000000000000497e+00,-8.241478236296574666e-02,9.036570386470110794e-02,-8.672747455237543590e-03,5.193964335736434013e-03,-7.885580653211479718e-02,0.000000000000000000e+00
7.940000000000000391e+00,-8.196403181824128692e-02,8.993475886492474647e-02,-8.646746605694744653e-03,5.206310947686774125e-03,-7.860421655968211074e-02,0.000000000000000000e+00
7.945000000000000284e+00,-8.151543232507969805e-02,8.950528340044160147e-02,-8.620684987728137114e-03,5.218272376900329884e-03,-7.835223538693972256e-02,0.000000000000000000e+00
7.950000000000000178e+00,-8.106897653345863930e-02,8.907727839618970189e-02,-8.594564517199324016e-03,5.229852639708915292e-03,-7.809987957532546488e-02,0.000000000000000000e+00
7.955000000000000071e+00,-8.062465708893147565e-02,8.865074469710644556e-02,-8.568387089955713243e-03,5.241055725467830446e-03,-7.784716550113121580e-02,0.000000000000000000e+00
7.959999999999999964e+00,-8.018246663302490418e-02,8.822568306907654923e-02,-8.542154581965251750e-03,5.251885596617279425e-03,-7.759410935688421107e-02,0.000000000000000000e+00
7.964999999999999858e+00,-7.974239780363187591e-02,8.780209419987253239e-02,-8.515868849450842354e-03,5.262346188745455240e-03,-7.734072715272319321e-02,0.000000000000000000e+00
7.969999999999999751e+00,-7.930444323539982687e-02,8.737997870008780421e-02,-8.489531729024441323e-03,5.272441410653254563e-03,-7.708703471776880145e-02,0.000000000000000000e+00
7.975000000000000533e+00,-7.886859556011421857e-02,8.695933710406243689e-02,-8.463145037820829844e-03,5.282175144420582329e-03,-7.683304770148846607e-02,0.000000000000000000e+00
7.980000000000000426e+00,-7.843484740707754033e-02,8.654016987080152823e-02,-8.436710573631052423e-03,5.291551245474216715e-03,-7.657878157505626504e-02,0.000000000000000000e+00
7.985000000000000320e+00,-7.800319140348369040e-02,8.612247738488627846e-02,-8.410230115035510073e-03,5.300573542657192883e-03,-7.632425163270653568e-02,0.000000000000000000e+00
7.990000000000000213e+00,-7.757362017478784677e-02,8.570625995737782277e-02,-8.383705421536696151e-03,5.309245838299676834e-03,-7.606947299308242094e-02,0.000000000000000000e+00
7.995000000000000107e+00,-7.714612634507181377e-02,8.529151782671384741e-02,-8.357138233691588716e-03,5.317571908291292976e-03,-7.581446060057832337e-02,0.000000000000000000e+00
8.000000000000000000e+00,-7.672070253740490009e-02,8.487825115959796163e-02,-8.330530273243664727e-03,5.325555502154869815e-03,-7.555922922667709929e-02,0.000000000000000000e+00
8.005000000000000782e+00,-7.629734137420039752e-02,8.446646005188193640e-02,-8.303883243254546465e-03,5.333200343121571700e-03,-7.530379347128107748e-02,0.000000000000000000e+00
8.009999999999999787e+00,-7.587603547756763267e-02,8.405614452944078219e-02,-8.277198828235273267e-03,5.340510128207385382e-03,-7.504816776403783196e-02,0.000000000000000000e+00
8.015000000000000568e+00,-7.545677746965971655e-02,8.364730454904079071e-02,-8.250478694277177741e-03,5.347488528290926697e-03,-7.479236636565958496e-02,0.000000000000000000e+00
8.019999999999999574e+00,-7.503955997301688108e-02,8.323993999920045739e-02,-8.223724489182378597e-03,5.354139188192540491e-03,-7.453640336923736398e-02,0.000000000000000000e+00
8.025000000000000355e+00,-7.462437561090561056e-02,8.283405070104442325e-02,-8.196937842593872772e-03,5.360465726754653007e-03,-7.428029270154901109e-02,0.000000000000000000e+00
8.029999999999999361e+00,-7.421121700765348494e-02,8.242963640915040857e-02,-8.170120366125221620e-03,5.366471736923355933e-03,-7.402404812436118309e-02,0.000000000000000000e+00
8.035000000000000142e+00,-7.380007678897981815e-02,8.202669681238920762e-02,-8.143273653489820768e-03,5.372160785831183935e-03,-7.376768323572588382e-02,0.000000000000000000e+00
8.040000000000000924e+00,-7.339094758232209137e-02,8.162523153475774451e-02,-8.116399280629764054e-03,5.377536414881062266e-03,-7.351121147127039068e-02,0.000000000000000000e+00
8.044999999999999929e+00,-7.298382201715827855e-02,8.122524013620524563e-02,-8.089498805844278981e-03,5.382602139831386273e-03,-7.325464610548215738e-02,0.000000000000000000e+00
8.050000000000000711e+00,-7.257869272532499472e-02,8.082672211345261204e-02,-8.062573769917730226e-03,5.387361450882214610e-03,-7.299800025298674999e-02,0.000000000000000000e+00
8.054999999999999716e+00,-7.217555234133163355e-02,8.042967690080490839e-02,-8.035625696247199884e-03,5.391817812762535363e-03,-7.274128686982042624e-02,0.000000000000000000e+00
8.060000000000000497e+00,-7.177439350267043883e-02,8.003410387095716283e-02,-8.008656090969616670e-03,5.395974664818585162e-03,-7.248451875469656691e-02,0.000000000000000000e+00
8.064999999999999503e+00,-7.137520885012253735e-02,7.964000233579333898e-02,-7.981666443088451454e-03,5.399835421103190911e-03,-7.222770855026587611e-02,0.000000000000000000e+00
8.070000000000000284e+00,-7.097799102805998905e-02,7.924737154717866050e-02,-7.954658224599953087e-03,5.403403470466106376e-03,-7.197086874437047532e-02,0.000000000000000000e+00
8.074999999999999289e+00,-7.058273268474395123e-02,7.885621069774526037e-02,-7.927632890618940137e-03,5.406682176645312421e-03,-7.171401167129237697e-02,0.000000000000000000e+00
8.080000000000000071e+00,-7.018942647261887380e-02,7.846651892167118281e-02,-7.900591879504131193e-03,5.409674878359264395e-03,-7.145714951299525497e-02,0.000000000000000000e+00
8.085000000000000853e+00,-6.979806504860285032e-02,7.807829529545277925e-02,-7.873536612983005056e-03,5.412384889400046785e-03,-7.120029430036049767e-02,0.000000000000000000e+00
8.089999999999999858e+00,-6.940864107437409725e-02,7.769153883867058186e-02,-7.846468496276201229e-03,5.414815498727421246e-03,-7.094345791441690474e-02,0.000000000000000000e+00
8.095000000000000639e+00,-6.902114721665363051e-02,7.730624851474862669e-02,-7.819388918221445092e-03,5.416969970563732459e-03,-7.068665208756436114e-02,0.000000000000000000e+00
8.099999999999999645e+00,-6.863557614748416746e-02,7.692242323170729590e-02,-7.792299251396990825e-03,5.418851544489657057e-03,-7.042988840479114110e-02,0.000000000000000000e+00
8.105000000000000426e+00,-6.825192054450528178e-02,7.654006184290969295e-02,-7.765200852244595955e-03,5.420463435540757470e-03,-7.017317830488536967e-02,0.000000000000000000e+00
8.109999999999999432e+00,-6.787017309122482522e-02,7.615916314780162011e-02,-7.738095061191998039e-03,5.421808834304828531e-03,-6.991653308163985059e-02,0.000000000000000000e+00
8.115000000000000213e+00,-6.749032647728668566e-02,7.577972589264517222e-02,-7.710983202774912559e-03,5.422890907020006500e-03,-6.965996388505106551e-02,0.000000000000000000e+00
8.120000000000000995e+00,-6.711237339873488139e-02,7.540174877124596053e-02,-7.683866585758531223e-03,5.423712795673615340e-03,-6.940348172251176173e-02,0.000000000000000000e+00
8.125000000000000000e+00,-6.673630655827404723e-02,7.502523042567406375e-02,-7.656746503258530200e-03,5.424277618101732909e-03,-6.914709745999732260e-02,0.000000000000000000e+00
8.130000000000000782e+00,-6.636211866552631233e-02,7.465016944697870638e-02,-7.629624232861573555e-03,5.424588468089446697e-03,-6.889082182324578196e-02,0.000000000000000000e+00
8.134999999999999787e+00,-6.598980243728463924e-02,7.427656437589663652e-02,-7.602501036745317083e-03,5.424648415471780040e-03,-6.863466539893202378e-02,0.000000000000000000e+00
8.140000000000000568e+00,-6.561935059776261014e-02,7.390441370355442519e-02,-7.575378161797906469e-03,5.424460506235268854e-03,-6.837863863583505675e-02,0.000000000000000000e+00
8.144999999999999574e+00,-6.525075587884075767e-02,7.353371587216445127e-02,-7.548256839736962841e-03,5.424027762620160266e-03,-6.812275184599961286e-02,0.000000000000000000e+00
8.150000000000000355e+00,-6.488401102030941225e-02,7.316446927571489123e-02,-7.521138287228056572e-03,5.423353183223219263e-03,-6.786701520589123737e-02,0.000000000000000000e+00
8.154999999999999361e+00,-6.451910877010808010e-02,7.279667226065351937e-02,-7.494023706002668483e-03,5.422439743101112146e-03,-6.761143875754495325e-02,0.000000000000000000e+00
8.160000000000000142e+00,-6.415604188456146273e-02,7.243032312656551286e-02,-7.466914282975630618e-03,5.421290393874357225e-03,-6.735603240970788885e-02,0.000000000000000000e+00
8.165000000000000924e+00,-6.379480312861210423e-02,7.206542012684523379e-02,-7.439811190362044004e-03,5.419908063831811555e-03,-6.710080593897554957e-02,0.000000000000000000e+00
8.169999999999999929e+00,-6.343538527604966615e-02,7.170196146936194670e-02,-7.412715585793675996e-03,5.418295658035681556e-03,-6.684576899092170565e-02,0.000000000000000000e+00
8.175000000000000711e+00,-6.307778110973689956e-02,7.133994531711972120e-02,-7.385628612434830265e-03,5.416456058427029756e-03,-6.659093108122206284e-02,0.000000000000000000e+00
8.179999999999999716e+00,-6.272198342183232800e-02,7.097936978891127013e-02,-7.358551399097686824e-03,5.414392123931762932e-03,-6.633630159677168792e-02,0.000000000000000000e+00
8.185000000000000497e+00,-6.236798501400968309e-02,7.062023295996605610e-02,-7.331485060357112969e-03,5.412106690567082545e-03,-6.608188979679602282e-02,0.000000000000000000e+00
8.189999999999999503e+00,-6.201577869767413431e-02,7.026253286259245834e-02,-7.304430696664939056e-03,5.409602571548376669e-03,-6.582770481395559814e-02,0.000000000000000000e+00
8.195000000000000284e+00,-6.166535729417527839e-02,6.990626748681415259e-02,-7.277389394463699111e-03,5.406882557396529114e-03,-6.557375565544468210e-02,0.000000000000000000e+00
8.199999999999999289e+00,-6.131671363501698530e-02,6.955143478100074550e-02,-7.250362226299835421e-03,5.403949416045638818e-03,-6.532005120408328203e-02,0.000000000000000000e+00
8.205000000000000071e+00,-6.096984056206411484e-02,6.919803265249264979e-02,-7.223350250936360142e-03,5.400805892951122608e-03,-6.506660021940312288e-02,0.000000000000000000e+00
8.210000000000000853e+00,-6.062473092774610384e-02,6.884605896822028337e-02,-7.196354513464980895e-03,5.397454711198183992e-03,-6.481341133872721427e-02,0.000000000000000000e+00
8.214999999999999858e+00,-6.028137759525748623e-02,6.849551155531757862e-02,-7.169376045417677305e-03,5.393898571610633227e-03,-6.456049307824310302e-02,0.000000000000000000e+00
8.220000000000000639e+00,-5.993977343875533936e-02,6.814638820172988498e-02,-7.142415864877736317e-03,5.390140152860037857e-03,-6.430785383406999178e-02,0.000000000000000000e+00
8.224999999999999645e+00,-5.959991134355374642e-02,6.779868665681627882e-02,-7.115474976590239337e-03,5.386182111575193304e-03,-6.405550188331932127e-02,0.000000000000000000e+00
8.230000000000000426e+00,-5.926178420631520588e-02,6.745240463194626668e-02,-7.088554372072002063e-03,5.382027082451885762e-03,-6.380344538514934327e-02,0.000000000000000000e+00
8.234999999999999432e+00,-5.892538493523911264e-02,6.710753980109106231e-02,-7.061655029720965288e-03,5.377677678362937849e-03,-6.355169238181328228e-02,0.000000000000000000e+00
8.240000000000000213e+00,-5.859070645024727630e-02,6.676408980140928484e-02,-7.034777914925033175e-03,5.373136490468524880e-03,-6.330025079970114099e-02,0.000000000000000000e+00
8.245000000000000995e+00,-5.825774168316653207e-02,6.642205223382724455e-02,-7.007923980170359043e-03,5.368406088326733994e-03,-6.304912845037541347e-02,0.000000000000000000e+00
8.250000000000000000e+00,-5.792648357790847885e-02,6.608142466361381639e-02,-6.981094165149082098e-03,5.363489020004358343e-03,-6.279833303160051172e-02,0.000000000000000000e+00
8.255000000000000782e+00,-5.759692509064631705e-02,6.574220462094992889e-02,-6.954289396866502986e-03,5.358387812187913324e-03,-6.254787212836576682e-02,0.000000000000000000e+00
8.259999999999999787e+00,-5.726905918998888290e-02,6.540438960149266845e-02,-6.927510589747710307e-03,5.353104970294848830e-03,-6.229775321390251114e-02,0.000000000000000000e+00
8.265000000000000568e+00,-5.694287885715187958e-02,6.506797706693415173e-02,-6.900758645743645080e-03,5.347642978584954930e-03,-6.204798365069454091e-02,0.000000000000000000e+00
8.269999999999999574e+00,-5.661837708612630499e-02,6.473296444555504126e-02,-6.874034454436610958e-03,5.342004300271935811e-03,-6.179857069148267379e-02,0.000000000000000000e+00
8.275000000000000355e+00,-5.629554688384413863e-02,6.439934913277285677e-02,-6.847338893145225869e-03,5.336191377635145922e-03,-6.154952148026289482e-02,0.000000000000000000e+00
8.279999999999999361e+00,-5.597438127034130156e-02,6.406712849168505475e-02,-6.820672827028813334e-03,5.330206632131466622e-03,-6.130084305327848648e-02,0.000000000000000000e+00
8.285000000000000142e+00,-5.565487327891789626e-02,6.373629985360697303e-02,-6.794037109191236080e-03,5.324052464507315549e-03,-6.105254234000563607e-02,0.000000000000000000e+00
8.290000000000000924e+00,-5.533701595629580278e-02,6.340686051860462691e-02,-6.767432580784167595e-03,5.317731254910771331e-03,-6.080462616413334631e-02,0.000000000000000000e+00
8.294999999999999929e+00,-5.502080236277358954e-02,6.307880775602232870e-02,-6.740860071109801635e-03,5.311245363003798924e-03,-6.055710124453651810e-02,0.000000000000000000e+00
8.300000000000000711e+00,-5.470622557237881517e-02,6.275213880500535302e-02,-6.714320397723004888e-03,5.304597128074566882e-03,-6.030997419624362088e-02,0.000000000000000000e+00
8.304999999999999716e+00,-5.439327867301773506e-02,6.242685087501748803e-02,-6.687814366532902378e-03,5.297788869149840964e-03,-6.006325153139753514e-02,0.000000000000000000e+00
8.310000000000000497e+00,-5.408195476662241985e-02,6.210294114635359075e-02,-6.661342771903905162e-03,5.290822885107439311e-03,-5.981693966021066344e-02,0.000000000000000000e+00
8.314999999999999503e+00,-5.377224696929532727e-02,6.178040677064719488e-02,-6.634906396756173365e-03,5.283701454788738809e-03,-5.957104489191387964e-02,0.000000000000000000e+00
8.320000000000000284e+00,-5.346414841145135516e-02,6.145924487137317815e-02,-6.608506012665516308e-03,5.276426837111220479e-03,-5.932557343569905273e-02,0.000000000000000000e+00
8.324999999999999289e+00,-5.315765223795738265e-02,6.113945254434551002e-02,-6.582142379962731445e-03,5.269001271181040016e-03,-5.908053140165593631e-02,0.000000000000000000e+00
8.330000000000000071e+00,-5.285275160826934104e-02,6.082102685821016985e-02,-6.555816247832379519e-03,5.261426976405613951e-03,-5.883592480170256322e-02,0.000000000000000000e+00
8.335000000000000853e+00,-5.254943969656684227e-02,6.050396485493319404e-02,-6.529528354410995931e-03,5.253706152606206665e-03,-5.859175955050981155e-02,0.000000000000000000e+00
8.339999999999999858e+00,-5.224770969188535785e-02,6.018826355028392833e-02,-6.503279426884740928e-03,5.245840980130510485e-03,-5.834804146641980882e-02,0.000000000000000000e+00
8.345000000000000639e+00,-5.194755479824600397e-02,5.987391993431352699e-02,-6.477070181586486002e-03,5.237833619965201470e-03,-5.810477627235834108e-02,0.000000000000000000e+00
8.349999999999999645e+00,-5.164896823478294652e-02,5.956093097182872664e-02,-6.450901324092336506e-03,5.229686213848468331e-03,-5.786196959674112794e-02,0.000000000000000000e+00
8.355000000000000426e+00,-5.135194323586845383e-02,5.924929360286088770e-02,-6.424773549317593958e-03,5.221400884382495361e-03,-5.761962697437421344e-02,0.000000000000000000e+00
8.359999999999999432e+00,-5.105647305123560409e-02,5.893900474313037291e-02,-6.398687541612155423e-03,5.212979735145892475e-03,-5.737775384734838946e-02,0.000000000000000000e+00
8.365000000000000213e+00,-5.076255094609869595e-02,5.863006128450633236e-02,-6.372643974855349107e-03,5.204424850806064519e-03,-5.713635556592742970e-02,0.000000000000000000e+00
8.370000000000000995e+00,-5.047017020127136239e-02,5.832246009546183246e-02,-6.346643512550210510e-03,5.195738297231502524e-03,-5.689543738943050183e-02,0.000000000000000000e+00
8.375000000000000000e+00,-5.017932411328241554e-02,5.801619802152443994e-02,-6.320686807917195657e-03,5.186922121603993428e-03,-5.665500448710870940e-02,0.000000000000000000e+00
8.380000000000000782e+00,-4.989000599448947110e-02,5.771127188572227479e-02,-6.294774503987335748e-03,5.177978352530735254e-03,-5.641506193901547200e-02,0.000000000000000000e+00
8.384999999999999787e+00,-4.960220917319032446e-02,5.740767848902554593e-02,-6.268907233694828024e-03,5.168909000156348202e-03,-5.617561473687127799e-02,0.000000000000000000e+00
8.390000000000000568e+00,-4.931592699373215510e-02,5.710541461078361136e-02,-6.243085619969070653e-03,5.159716056274772124e-03,-5.593666778492223379e-02,0.000000000000000000e+00
8.394999999999999574e+00,-4.903115281661855202e-02,5.680447700915761816e-02,-6.217310275826135567e-03,5.150401494441040826e-03,-5.569822590079298585e-02,0.000000000000000000e+00
8.400000000000000355e+00,-4.874788001861436737e-02,5.650486242154870858e-02,-6.191581804459684452e-03,5.140967270082926269e-03,-5.546029381633373057e-02,0.000000000000000000e+00
8.404999999999999361e+00,-4.846610199284846765e-02,5.620656756502186852e-02,-6.165900799331326156e-03,5.131415320612440524e-03,-5.522287617846115271e-02,0.000000000000000000e+00
8.410000000000000142e+00,-4.818581214891436149e-02,5.590958913672541830e-02,-6.140267844260416386e-03,5.121747565537185937e-03,-5.498597754999401399e-02,0.000000000000000000e+00
8.415000000000000924e+00,-4.790700391296873889e-02,5.561392381430620147e-02,-6.114683513513302290e-03,5.111965906571553503e-03,-5.474960241048233006e-02,0.000000000000000000e+00
8.419999999999999929e+00,-4.762967072782795658e-02,5.531956825632048519e-02,-6.089148371892010199e-03,5.102072227747744305e-03,-5.451375515703134333e-02,0.000000000000000000e+00
8.425000000000000711e+00,-4.735380605306246243e-02,5.502651910264061419e-02,-6.063662974822381715e-03,5.092068395526626150e-03,-5.427844010511938266e-02,0.000000000000000000e+00
8.429999999999999716e+00,-4.707940336508921464e-02,5.473477297485743187e-02,-6.038227868441649500e-03,5.081956258908400248e-03,-5.404366148941000536e-02,0.000000000000000000e+00
8.435000000000000497e+00,-4.680645615726209546e-02,5.444432647667853814e-02,-6.012843589685468344e-03,5.071737649543077084e-03,-5.380942346455856728e-02,0.000000000000000000e+00
8.439999999999999503e+00,-4.653495793996032664e-02,5.415517619432237001e-02,-5.987510666374387669e-03,5.061414381840756253e-03,-5.357573010601299895e-02,0.000000000000000000e+00
8.445000000000000284e+00,-4.626490224067495577e-02,5.386731869690816743e-02,-5.962229617299777580e-03,5.050988253081696404e-03,-5.334258541080881544e-02,0.000000000000000000e+00
8.449999999999999289e+00,-4.599628260409337199e-02,5.358075053684185213e-02,-5.937000952309202419e-03,5.040461043526174405e-03,-5.310999329835862370e-02,0.000000000000000000e+00
8.455000000000000071e+00,-4.572909259218192746e-02,5.329546825019780554e-02,-5.911825172391247003e-03,5.029834516524118136e-03,-5.287795761123589844e-02,0.000000000000000000e+00
8.460000000000000853e+00,-4.546332578426663662e-02,5.301146835709664995e-02,-5.886702769759792966e-03,5.019110418624516366e-03,-5.264648211595307492e-02,0.000000000000000000e+00
8.464999999999999858e+00,-4.519897577711202291e-02,5.272874736207902591e-02,-5.861634227937752989e-03,5.008290479684585766e-03,-5.241557050373420179e-02,0.000000000000000000e+00
8.470000000000000639e+00,-4.493603618499807800e-02,5.244730175447536585e-02,-5.836620021840255995e-03,4.997376412978702873e-03,-5.218522639128189700e-02,0.000000000000000000e+00
8.474999999999999645e+00,-4.467450063979540309e-02,5.216712800877175427e-02,-5.811660617857289379e-03,4.986369915307081041e-03,-5.195545332153873874e-02,0.000000000000000000e+00
8.480000000000000426e+00,-4.441436279103853219e-02,5.188822258497185341e-02,-5.786756473935799998e-03,4.975272667104194135e-03,-5.172625476444320247e-02,0.000000000000000000e+00
8.484999999999999432e+00,-4.415561630599744436e-02,5.161058192895495722e-02,-5.761908039661249592e-03,4.964086332546937402e-03,-5.149763411768004673e-02,0.000000000000000000e+00
8.490000000000000213e+00,-4.389825486974727881e-02,5.133420247283020793e-02,-5.737115756338635048e-03,4.952812559662519466e-03,-5.126959470742507852e-02,0.000000000000000000e+00
8.495000000000000995e+00,-4.364227218523633600e-02,5.105908063528694779e-02,-5.712380057072968288e-03,4.941452980436080236e-03,-5.104213978908477695e-02,0.000000000000000000e+00
8.500000000000000000e+00,-4.338766197335228864e-02,5.078521282194129599e-02,-5.687701366849215803e-03,4.930009210918026054e-03,-5.081527254803010207e-02,0.000000000000000000e+00
8.505000000000000782e+00,-4.313441797298670638e-02,5.051259542567898553e-02,-5.663080102611706482e-03,4.918482851331082081e-03,-5.058899610032505101e-02,0.000000000000000000e+00
8.509999999999999787e+00,-4.288253394109783900e-02,5.024122482699442532e-02,-5.638516673343002550e-03,4.906875486177047184e-03,-5.036331349344991964e-02,0.000000000000000000e+00
8.515000000000000568e+00,-4.263200365277174803e-02,4.997109739432606390e-02,-5.614011480142236214e-03,4.895188684343255645e-03,-5.013822770701892306e-02,0.000000000000000000e+00
8.519999999999999574e+00,-4.238282090128175222e-02,4.970220948438809627e-02,-5.589564916302919816e-03,4.883423999208734434e-03,-4.991374165349268810e-02,0.000000000000000000e+00
8.525000000000000355e+00,-4.213497949814622862e-02,4.943455744249848627e-02,-5.565177367390219086e-03,4.871582968750047364e-03,-4.968985817888531969e-02,0.000000000000000000e+00
8.529999999999999361e+00,-4.188847327318476893e-02,4.916813760290340840e-02,-5.540849211317704255e-03,4.859667115646832194e-03,-4.946658006346615899e-02,0.000000000000000000e+00
8.535000000000000142e+00,-4.164329607457274707e-02,4.890294628909806068e-02,-5.516580818423570329e-03,4.847677947387015081e-03,-4.924391002245626786e-02,0.000000000000000000e+00
8.540000000000000924e+00,-4.139944176889427674e-02,4.863897981414393168e-02,-5.492372551546333484e-03,4.835616956371698895e-03,-4.902185070671966072e-02,0.000000000000000000e+00
8.544999999999999929e+00,-4.115690424119360091e-02,4.837623448098252177e-02,-5.468224766100002708e-03,4.823485620019727152e-03,-4.880040470344923498e-02,0.000000000000000000e+00
8.550000000000000711e+00,-4.091567739502490614e-02,4.811470658274557416e-02,-5.444137810148731889e-03,4.811285400871914003e-03,-4.857957453684762228e-02,0.000000000000000000e+00
8.554999999999999716e+00,-4.067575515250059642e-02,4.785439240306179481e-02,-5.420112024480949753e-03,4.799017746694932487e-03,-4.835936266880271756e-02,0.000000000000000000e+00
8.560000000000000497e+00,-4.043713145433806139e-02,4.759528821636015150e-02,-5.396147742682969387e-03,4.786684090584863646e-03,-4.813977149955800394e-02,0.000000000000000000e+00
8.564999999999999503e+00,-4.019980025990492478e-02,4.733739028816972422e-02,-5.372245291212087749e-03,4.774285851070396956e-03,-4.792080336837802740e-02,0.000000000000000000e+00
8.570000000000000284e+00,-3.996375554726279422e-02,4.708069487541618331e-02,-5.348404989469159564e-03,4.761824432215682086e-03,-4.770246055420829245e-02,0.000000000000000000e+00
8.575000000000001066e+00,-3.972899131320954680e-02,4.682519822671485366e-02,-5.324627149870669006e-03,4.749301223722821562e-03,-4.748474527633049502e-02,0.000000000000000000e+00
8.580000000000000071e+00,-3.949550157332014366e-02,4.657089658266048982e-02,-5.300912077920280109e-03,4.736717601034009552e-03,-4.726765969501242615e-02,0.000000000000000000e+00
8.585000000000000853e+00,-3.926328036198604293e-02,4.631778617611369275e-02,-5.277260072279884966e-03,4.724074925433301153e-03,-4.705120591215290748e-02,0.000000000000000000e+00
8.589999999999999858e+00,-3.903232173245313463e-02,4.606586323248405834e-02,-5.253671424840138451e-03,4.711374544148020857e-03,-4.683538597192170305e-02,0.000000000000000000e+00
8.595000000000000639e+00,-3.880261975685830172e-02,4.581512397001005765e-02,-5.230146420790490747e-03,4.698617790449795446e-03,-4.662020186139442107e-02,0.000000000000000000e+00
8.599999999999999645e+00,-3.857416852626459336e-02,4.556556460003566983e-02,-5.206685338688713319e-03,4.685805983755215662e-03,-4.640565551118251697e-02,0.000000000000000000e+00
8.605000000000000426e+00,-3.834696215069500341e-02,4.531718132728383697e-02,-5.183288450529921834e-03,4.672940429726119699e-03,-4.619174879605818934e-02,0.000000000000000000e+00
8.609999999999999432e+00,-3.812099475916490288e-02,4.506997035012669933e-02,-5.159956021815103808e-03,4.660022420369495932e-03,-4.597848353557451584e-02,0.000000000000000000e+00
8.615000000000000213e+00,-3.789626049971311222e-02,4.482392786085268727e-02,-5.136688311619139712e-03,4.647053234136999667e-03,-4.576586149468057918e-02,0.000000000000000000e+00
8.620000000000000995e+00,-3.767275353943166927e-02,4.457905004593050446e-02,-5.113485572658334893e-03,4.634034136024083907e-03,-4.555388438433180531e-02,0.000000000000000000e+00
8.625000000000000000e+00,-3.745046806449428556e-02,4.433533308626996100e-02,-5.090348051357451026e-03,4.620966377668738953e-03,-4.534255386209533334e-02,0.000000000000000000e+00
8.630000000000000782e+00,-3.722939828018347053e-02,4.409277315747976711e-02,-5.067275987916248364e-03,4.607851197449839946e-03,-4.513187153275070862e-02,0.000000000000000000e+00
8.634999999999999787e+00,-3.700953841091642049e-02,4.385136643012225305e-02,-5.044269616375537078e-03,4.594689820585095424e-03,-4.492183894888567008e-02,0.000000000000000000e+00
8.640000000000000568e+00,-3.679088270026960317e-02,4.361110906996505665e-02,-5.021329164682738523e-03,4.581483459228598634e-03,-4.471245761148721909e-02,0.000000000000000000e+00
8.644999999999999574e+00,-3.657342541100212091e-02,4.337199723822982717e-02,-4.998454854756959921e-03,4.568233312567974644e-03,-4.450372897052783105e-02,0.000000000000000000e+00
8.650000000000000355e+00,-3.635716082507781804e-02,4.313402709183793843e-02,-4.975646902553585056e-03,4.554940566921127608e-03,-4.429565442554717070e-02,0.000000000000000000e+00
8.654999999999999361e+00,-3.614208324368618080e-02,4.289719478365323913e-02,-4.952905518128380979e-03,4.541606395832575166e-03,-4.408823532622876962e-02,0.000000000000000000e+00
8.660000000000000142e+00,-3.592818698726201604e-02,4.266149646272189566e-02,-4.930230905701125932e-03,4.528231960169376916e-03,-4.388147297297240179e-02,0.000000000000000000e+00
8.665000000000000924e+00,-3.571546639550395030e-02,4.242692827450930682e-02,-4.907623263718758483e-03,4.514818408216650890e-03,-4.367536861746154631e-02,0.000000000000000000e+00
8.669999999999999929e+00,-3.550391582739174934e-02,4.219348636113418732e-02,-4.885082784918047018e-03,4.501366875772673699e-03,-4.346992346322628431e-02,0.000000000000000000e+00
8.675000000000000711e+00,-3.529352966120246488e-02,4.196116686159971632e-02,-4.862609656387789116e-03,4.487878486243567812e-03,-4.326513866620165100e-02,0.000000000000000000e+00
8.679999999999999716e+00,-3.508430229452544347e-02,4.172996591202194488e-02,-4.840204059630534746e-03,4.474354350737566426e-03,-4.306101533528138015e-02,0.000000000000000000e+00
8.685000000000000497e+00,-3.487622814427620427e-02,4.149987964585532402e-02,-4.817866170623842821e-03,4.460795568158861142e-03,-4.285755453286711758e-02,0.000000000000000000e+00
8.689999999999999503e+00,-3.466930164670918579e-02,4.127090419411550554e-02,-4.795596159881065912e-03,4.447203225301026366e-03,-4.265475727541302720e-02,0.000000000000000000e+00
8.695000000000000284e+00,-3.446351725742938243e-02,4.104303568559934667e-02,-4.773394192511671782e-03,4.433578396940017832e-03,-4.245262453396603936e-02,0.000000000000000000e+00
8.700000000000001066e+00,-3.425886945140289852e-02,4.081627024710219459e-02,-4.751260428281099159e-03,4.419922145926748723e-03,-4.225115723470149881e-02,0.000000000000000000e+00
8.705000000000000071e+00,-3.405535272296641297e-02,4.059060400363247167e-02,-4.729195021670153792e-03,4.406235523279234713e-03,-4.205035625945446193e-02,0.000000000000000000e+00
8.710000000000000853e+00,-3.385296158583560311e-02,4.036603307862354079e-02,-4.707198121933941354e-03,4.392519568274310532e-03,-4.185022244624647669e-02,0.000000000000000000e+00
8.714999999999999858e+00,-3.365169057311245826e-02,4.014255359414294760e-02,-4.685269873160346696e-03,4.378775308538917187e-03,-4.165075658980799816e-02,0.000000000000000000e+00
8.720000000000000639e+00,-3.345153423729162884e-02,3.992016167109898456e-02,-4.663410414328054282e-03,4.365003760140954633e-03,-4.145195944209646710e-02,0.000000000000000000e+00
8.724999999999999645e+00,-3.325248715026569990e-02,3.969885342944465961e-02,-4.641619879364119322e-03,4.351205927679702504e-03,-4.125383171281009342e-02,0.000000000000000000e+00
8.730000000000000426e+00,-3.305454390332944470e-02,3.947862498837906992e-02,-4.619898397201084410e-03,4.337382804375803681e-03,-4.105637406989708083e-02,0.000000000000000000e+00
8.734999999999999432e+00,-3.285769910718312758e-02,3.925947246654618722e-02,-4.598246091833648602e-03,4.323535372160814197e-03,-4.085958714006078518e-02,0.000000000000000000e+00
8.740000000000000213e+00,-3.266194739193475222e-02,3.904139198223109675e-02,-4.576663082374889807e-03,4.309664601766313372e-03,-4.066347150926059861e-02,0.000000000000000000e+00
8.745000000000000995e+00,-3.246728340710140770e-02,3.882437965355372417e-02,-4.555149483112043950e-03,4.295771452812574207e-03,-4.046802772320838570e-02,0.000000000000000000e+00
8.750000000000000000e+00,-3.227370182160959472e-02,3.860843159866004376e-02,-4.533705403561839181e-03,4.281856873896799226e-03,-4.027325628786090905e-02,0.000000000000000000e+00
8.755000000000000782e+00,-3.208119732379461492e-02,3.839354393591080938e-02,-4.512330948525393806e-03,4.267921802680907893e-03,-4.007915766990790413e-02,0.000000000000000000e+00
8.759999999999999787e+00,-3.188976462139904433e-02,3.817971278406781521e-02,-4.491026218142670119e-03,4.253967165978888611e-03,-3.988573229725610181e-02,0.000000000000000000e+00
8.765000000000000568e+00,-3.169939844157027703e-02,3.796693426247772785e-02,-4.469791307946501500e-03,4.239993879843704898e-03,-3.969298055950901127e-02,0.000000000000000000e+00
8.769999999999999574e+00,-3.151009353085711118e-02,3.775520449125348982e-02,-4.448626308916178024e-03,4.226002849653759212e-03,-3.950090280844266444e-02,0.000000000000000000e+00
8.775000000000000355e+00,-3.132184465520550937e-02,3.754451959145334305e-02,-4.427531307530604456e-03,4.211994970198911815e-03,-3.930949935847716237e-02,0.000000000000000000e+00
8.779999999999999361e+00,-3.113464659995340486e-02,3.733487568525746536e-02,-4.406506385821029777e-03,4.197971125766053815e-03,-3.911877048714419713e-02,0.000000000000000000e+00
8.785000000000000142e+00,-3.094849416982466128e-02,3.712626889614226156e-02,-4.385551621423348229e-03,4.183932190224237853e-03,-3.892871643555056299e-02,0.000000000000000000e+00
8.790000000000000924e+00,-3.076338218892215801e-02,3.691869534905230232e-02,-4.364667087629977085e-03,4.169879027109359496e-03,-3.873933740883755972e-02,0.000000000000000000e+00
8.794999999999999929e+00,-3.057930550072003248e-02,3.671215117056998711e-02,-4.343852853441311154e-03,4.155812489708392808e-03,-3.855063357663650325e-02,0.000000000000000000e+00
8.800000000000000711e+00,-3.039625896805506211e-02,3.650663248908288944e-02,-4.323108983616758341e-03,4.141733421143178363e-03,-3.836260507352014931e-02,0.000000000000000000e+00
8.804999999999999716e+00,-3.021423747311723432e-02,3.630213543494884010e-02,-4.302435538725356279e-03,4.127642654453765429e-03,-3.817525199945025205e-02,0.000000000000000000e+00
8.810000000000000497e+00,-3.003323591743947696e-02,3.609865614065876915e-02,-4.281832575195973489e-03,4.113541012681303996e-03,-3.798857442022111203e-02,0.000000000000000000e+00
8.814999999999999503e+00,-2.985324922188659774e-02,3.589619074099730661e-02,-4.261300145367099418e-03,4.099429308950489244e-03,-3.780257236789937025e-02,0.000000000000000000e+00
8.820000000000000284e+00,-2.967427232664341524e-02,3.569473537320118350e-02,-4.240838297536219000e-03,4.085308346551559319e-03,-3.761724584125968746e-02,0.000000000000000000e+00
8.825000000000001066e+00,-2.949630019120210930e-02,3.549428617711544720e-02,-4.220447076008783036e-03,4.071178919021838614e-03,-3.743259480621692614e-02,0.000000000000000000e+00
8.830000000000000071e+00,-2.931932779434879427e-02,3.529483929534750486e-02,-4.200126521146769175e-03,4.057041810226841294e-03,-3.724861919625406526e-02,0.000000000000000000e+00
8.835000000000000853e+00,-2.914335013414931855e-02,3.509639087341902969e-02,-4.179876669416837838e-03,4.042897794440915987e-03,-3.706531891284667313e-02,0.000000000000000000e+00
8.839999999999999858e+00,-2.896836222793433210e-02,3.489893705991571615e-02,-4.159697553438088287e-03,4.028747636427448126e-03,-3.688269382588341139e-02,0.000000000000000000e+00
8.845000000000000639e+00,-2.879435911228358028e-02,3.470247400663494658e-02,-4.139589202029415708e-03,4.014592091518611253e-03,-3.670074377408290289e-02,0.000000000000000000e+00
8.849999999999999645e+00,-2.862133584300949676e-02,3.450699786873136915e-02,-4.119551640256464975e-03,4.000431905694668173e-03,-3.651946856540674857e-02,0.000000000000000000e+00
8.855000000000000426e+00,-2.844928749514004374e-02,3.431250480486040116e-02,-4.099584889478196693e-03,3.986267815662822810e-03,-3.633886797746888747e-02,0.000000000000000000e+00
8.859999999999999432e+00,-2.827820916290085806e-02,3.411899097731968533e-02,-4.079688967393054269e-03,3.972100548935626231e-03,-3.615894175794135551e-02,0.000000000000000000e+00
8.865000000000000213e+00,-2.810809595969670019e-02,3.392645255218849909e-02,-4.059863888084742391e-03,3.957930823908929925e-03,-3.597968962495622786e-02,0.000000000000000000e+00
8.870000000000000995e+00,-2.793894301809218134e-02,3.373488569946519328e-02,-4.040109662067616937e-03,3.943759349939393241e-03,-3.580111126750404327e-02,0.000000000000000000e+00
8.875000000000000000e+00,-2.777074548979185237e-02,3.354428659320258382e-02,-4.020426296331687174e-03,3.929586827421540675e-03,-3.562320634582864798e-02,0.000000000000000000e+00
8.880000000000000782e+00,-2.760349854561957791e-02,3.335465141164142139e-02,-4.000813794387236312e-03,3.915413947864374196e-03,-3.544597449181821625e-02,0.000000000000000000e+00
8.884999999999999787e+00,-2.743719737549727908e-02,3.316597633734186257e-02,-3.981272156309056086e-03,3.901241393967532379e-03,-3.526941530939308594e-02,0.000000000000000000e+00
8.890000000000000568e+00,-2.727183718842300306e-02,3.297825755731303987e-02,-3.961801378780307505e-03,3.887069839697008915e-03,-3.509352837488971533e-02,0.000000000000000000e+00
8.894999999999999574e+00,-2.710741321244836480e-02,3.279149126314068186e-02,-3.942401455135997358e-03,3.872899950360418793e-03,-3.491831323744132298e-02,0.000000000000000000e+00
8.900000000000000355e+00,-2.694392069465535028e-02,3.260567365111286670e-02,-3.923072375406084361e-03,3.858732382681820394e-03,-3.474376941935487101e-02,0.000000000000000000e+00
8.904999999999999361e+00,-2.678135490113248487e-02,3.242080092234386063e-02,-3.903814126358211897e-03,3.844567784876090893e-03,-3.456989641648483547e-02,0.000000000000000000e+00
8.910000000000000142e+00,-2.661971111695040498e-02,3.223686928289610371e-02,-3.884626691540067362e-03,3.830406796722856267e-03,-3.439669369860325759e-02,0.000000000000000000e+00
8.915000000000000924e+00,-2.645898464613681556e-02,3.205387494390037062e-02,-3.865510051321374620e-03,3.816250049639977656e-03,-3.422416070976647823e-02,0.000000000000000000e+00
8.919999999999999929e+00,-2.629917081165084741e-02,3.187181412167406497e-02,-3.846464182935520424e-03,3.802098166756591024e-03,-3.405229686867858319e-02,0.000000000000000000e+00
8.925000000000000711e+00,-2.614026495535683517e-02,3.169068303783774410e-02,-3.827489060520816548e-03,3.787951762985704903e-03,-3.388110156905121961e-02,0.000000000000000000e+00
8.929999999999999716e+00,-2.598226243799751575e-02,3.151047791942980514e-02,-3.808584655161399365e-03,3.773811445096353617e-03,-3.371057417996039390e-02,0.000000000000000000e+00
8.935000000000000497e+00,-2.582515863916665100e-02,3.133119499901943633e-02,-3.789750934927770768e-03,3.759677811785309878e-03,-3.354071404619957814e-02,0.000000000000000000e+00
8.939999999999999503e+00,-2.566894895728109860e-02,3.115283051481778503e-02,-3.770987864916980868e-03,3.745551453748354170e-03,-3.337152048862980502e-02,0.000000000000000000e+00
8.945000000000000284e+00,-2.551362880955232795e-02,3.097538071078739796e-02,-3.752295407292455948e-03,3.731432953751103940e-03,-3.320299280452632812e-02,0.000000000000000000e+00
8.950000000000001066e+00,-2.535919363195739129e-02,3.079884183674991976e-02,-3.733673521323472091e-03,3.717322886699402171e-03,-3.303513026792203461e-02,0.000000000000000000e+00
8.955000000000000071e+00,-2.520563887920936400e-02,3.062321014849209849e-02,-3.715122163424280574e-03,3.703221819709267941e-03,-3.286793212994763846e-02,0.000000000000000000e+00
8.960000000000000853e+00,-2.505296002472726102e-02,3.044848190787009801e-02,-3.696641287192881532e-03,3.689130312176406353e-03,-3.270139761916868171e-02,0.000000000000000000e+00
8.964999999999999858e+00,-2.490115256060542251e-02,3.027465338291213115e-02,-3.678230843449453724e-03,3.675048915845283062e-03,-3.253552594191926745e-02,0.000000000000000000e+00
8.970000000000000639e+00,-2.475021199758241017e-02,3.010172084791943800e-02,-3.659890780274439089e-03,3.660978174877759905e-03,-3.237031628263274674e-02,0.000000000000000000e+00
8.974999999999999645e+00,-2.460013386500939023e-02,2.992968058356561614e-02,-3.641621043046283819e-03,3.646918625921297726e-03,-3.220576780416908869e-02,0.000000000000000000e+00
8.980000000000000426e+00,-2.445091371081802370e-02,2.975852887699433416e-02,-3.623421574478841601e-03,3.632870798176720747e-03,-3.204187964813925982e-02,0.000000000000000000e+00
8.984999999999999432e+00,-2.430254710148787786e-02,2.958826202191543880e-02,-3.605292314658439020e-03,3.618835213465551159e-03,-3.187865093522646021e-02,0.000000000000000000e+00
8.990000000000000213e+00,-2.415502962201336243e-02,2.941887631869945230e-02,-3.587233201080602691e-03,3.604812386296906562e-03,-3.171608076550423011e-02,0.000000000000000000e+00
8.995000000000000995e+00,-2.400835687587018347e-02,2.925036807447050496e-02,-3.569244168686456792e-03,3.590802823933969372e-03,-3.155416821875157984e-02,0.000000000000000000e+00
9.000000000000000000e+00,-2.386252448498135323e-02,2.908273360319771003e-02,-3.551325149898787101e-03,3.576807026460024266e-03,-3.139291235476496938e-02,0.000000000000000000e+00
9.005000000000000782e+00,-2.371752808968274201e-02,2.891596922578497722e-02,-3.533476074657774992e-03,3.562825486844063694e-03,-3.123231221366742222e-02,0.000000000000000000e+00
9.009999999999999787e+00,-2.357336334868817551e-02,2.875007127015931016e-02,-3.515696870456407486e-03,3.548858691005969679e-03,-3.107236681621447158e-02,0.000000000000000000e+00
9.015000000000000568e+00,-2.343002593905410547e-02,2.858503607135758420e-02,-3.497987462375559426e-03,3.534907117881263671e-03,-3.091307516409726175e-02,0.000000000000000000e+00
9.019999999999999574e+00,-2.328751155614384657e-02,2.842085997161182195e-02,-3.480347773118755168e-03,3.520971239485433130e-03,-3.075443624024263439e-02,0.000000000000000000e+00
9.025000000000000355e+00,-2.314581591359139365e-02,2.825753932043298389e-02,-3.462777723046608479e-03,3.507051520977830933e-03,-3.059644900911033527e-02,0.000000000000000000e+00
9.029999999999999361e+00,-2.300493474326481547e-02,2.809507047469329485e-02,-3.445277230210944553e-03,3.493148420725152373e-03,-3.043911241698723374e-02,0.000000000000000000e+00
9.035000000000000142e+00,-2.286486379522924620e-02,2.793344979870710995e-02,-3.427846210388604993e-03,3.479262390364489758e-03,-3.028242539227873203e-02,0.000000000000000000e+00
9.040000000000000924e+00,-2.272559883770948128e-02,2.777267366431035098e-02,-3.410484577114939689e-03,3.465393874865965035e-03,-3.012638684579724974e-02,0.000000000000000000e+00
9.044999999999999929e+00,-2.258713565705216392e-02,2.761273845093850307e-02,-3.393192241716985139e-03,3.451543312594941310e-03,-2.997099567104788073e-02,0.000000000000000000e+00
9.050000000000000711e+00,-2.244947005768760731e-02,2.745364054570321316e-02,-3.375969113346334420e-03,3.437711135373817603e-03,-2.981625074451126067e-02,0.000000000000000000e+00
9.054999999999999716e+00,-2.231259786209121437e-02,2.729537634346748676e-02,-3.358815099011698384e-03,3.423897768543404229e-03,-2.966215092592357216e-02,0.000000000000000000e+00
9.060000000000000497e+00,-2.217651491074454362e-02,2.713794224691950391e-02,-3.341730103611160237e-03,3.410103631023883152e-03,-2.950869505855382990e-02,0.000000000000000000e+00
9.064999999999999503e+00,-2.204121706209599685e-02,2.698133466664506819e-02,-3.324714029964127415e-03,3.396329135375353737e-03,-2.935588196947830353e-02,0.000000000000000000e+00
9.070000000000000284e+00,-2.190670019252115644e-02,2.682555002119871301e-02,-3.307766778842982473e-03,3.382574687857962600e-03,-2.920371046985228633e-02,0.000000000000000000e+00
9.075000000000001066e+00,-2.177296019628276180e-02,2.667058473717344447e-02,-3.290888249004432151e-03,3.368840688491625372e-03,-2.905217935517918210e-02,0.000000000000000000e+00
9.080000000000000071e+00,-2.163999298549034930e-02,2.651643524926918655e-02,-3.274078337220560648e-03,3.355127531115332986e-03,-2.890128740557671577e-02,0.000000000000000000e+00
9.085000000000000853e+00,-2.150779449005955218e-02,2.636309800035989415e-02,-3.257336938309586278e-03,3.341435603446053348e-03,-2.875103338604062531e-02,0.000000000000000000e+00
9.089999999999999858e+00,-2.137636065767105353e-02,2.621056944155938928e-02,-3.240663945166326679e-03,3.327765287137220574e-03,-2.860141604670568549e-02,0.000000000000000000e+00
9.095000000000000639e+00,-2.124568745372923742e-02,2.605884603228589280e-02,-3.224059248792368691e-03,3.314116957836821774e-03,-2.845243412310393197e-02,0.000000000000000000e+00
9.099999999999999645e+00,-2.111577086132050696e-02,2.590792424032529670e-02,-3.207522738325953738e-03,3.300490985245076170e-03,-2.830408633642048782e-02,0.000000000000000000e+00
9.105000000000000426e+00,-2.098660688117127970e-02,2.575780054189317700e-02,-3.191054301071571779e-03,3.286887733171710898e-03,-2.815637139374664241e-02,0.000000000000000000e+00
9.109999999999999432e+00,-2.085819153160570205e-02,2.560847142169557153e-02,-3.174653822529271627e-03,3.273307559592836518e-03,-2.800928798833033154e-02,0.000000000000000000e+00
9.115000000000000213e+00,-2.073052084850303400e-02,2.545993337298851217e-02,-3.158321186423688077e-03,3.259750816707420069e-03,-2.786283479982418904e-02,0.000000000000000000e+00
9.120000000000000995e+00,-2.060359088525475987e-02,2.531218289763634971e-02,-3.142056274732786710e-03,3.246217850993359574e-03,-2.771701049453092341e-02,0.000000000000000000e+00
9.125000000000000000e+00,-2.047739771272140408e-02,2.516521650616887484e-02,-3.125858967716330702e-03,3.232709003263160418e-03,-2.757181372564627628e-02,0.000000000000000000e+00
9.130000000000000782e+00,-2.035193741918905896e-02,2.501903071783724911e-02,-3.109729143944068349e-03,3.219224608719218391e-03,-2.742724313349934745e-02,0.000000000000000000e+00
9.134999999999999787e+00,-2.022720611032564897e-02,2.487362206066874235e-02,-3.093666680323647368e-03,3.205764997008704164e-03,-2.728329734579065108e-02,0.000000000000000000e+00
9.140000000000000568e+00,-2.010319990913690333e-02,2.472898707152032874e-02,-3.077671452128253812e-03,3.192330492278058329e-03,-2.713997497782741006e-02,0.000000000000000000e+00
9.144999999999999574e+00,-1.997991495592208594e-02,2.458512229613111014e-02,-3.061743333023980371e-03,3.178921413227092218e-03,-2.699727463275668204e-02,0.000000000000000000e+00
9.150000000000000355e+00,-1.985734740822945113e-02,2.444202428917360490e-02,-3.045882195096925784e-03,3.165538073162701884e-03,-2.685519490179593544e-02,0.000000000000000000e+00
9.154999999999999361e+00,-1.973549344081145310e-02,2.429968961430391261e-02,-3.030087908880024945e-03,3.152180780052191763e-03,-2.671373436446119326e-02,0.000000000000000000e+00
9.160000000000000142e+00,-1.961434924557970902e-02,2.415811484421075822e-02,-3.014360343379614889e-03,3.138849836576211930e-03,-2.657289158879283519e-02,0.000000000000000000e+00
9.165000000000000924e+00,-1.949391103155970195e-02,2.401729656066342589e-02,-2.998699366101736669e-03,3.125545540181311980e-03,-2.643266513157903341e-02,0.000000000000000000e+00
9.169999999999999929e+00,-1.937417502484527557e-02,2.387723135455861734e-02,-2.983104843078175292e-03,3.112268183132109369e-03,-2.629305353857682576e-02,0.000000000000000000e+00
9.175000000000000711e+00,-1.925513746855287214e-02,2.373791582596621735e-02,-2.967576638892239008e-03,3.099018052563077847e-03,-2.615405534473085394e-02,0.000000000000000000e+00
9.179999999999999716e+00,-1.913679462277556240e-02,2.359934658417399411e-02,-2.952114616704281866e-03,3.085795430529955120e-03,-2.601566907438973911e-02,0.000000000000000000e+00
9.185000000000000497e+00,-1.901914276453683939e-02,2.346152024773124137e-02,-2.936718638276970394e-03,3.072600594060771045e-03,-2.587789324152029932e-02,0.000000000000000000e+00
9.189999999999999503e+00,-1.890217818774420772e-02,2.332443344449138325e-02,-2.921388564000293973e-03,3.059433815206500686e-03,-2.574072634991934200e-02,0.000000000000000000e+00
9.195000000000000284e+00,-1.878589720314255765e-02,2.318808281165354174e-02,-2.906124252916324983e-03,3.046295361091342670e-03,-2.560416689342327745e-02,0.000000000000000000e+00
9.200000000000001066e+00,-1.867029613826733450e-02,2.305246499580308056e-02,-2.890925562743728271e-03,3.033185493962621548e-03,-2.546821335611543224e-02,0.000000000000000000e+00
9.205000000000000071e+00,-1.855537133739751030e-02,2.291757665295113960e-02,-2.875792349902020397e-03,3.020104471240320221e-03,-2.533286421253128085e-02,0.000000000000000000e+00
9.210000000000000853e+00,-1.844111916150835070e-02,2.278341444857317696e-02,-2.860724469535583844e-03,3.007052545566242432e-03,-2.519811792786120011e-02,0.000000000000000000e+00
9.214999999999999858e+00,-1.832753598822401547e-02,2.264997505764651531e-02,-2.845721775537435761e-03,2.994029964852805772e-03,-2.506397295815140230e-02,0.000000000000000000e+00
9.220000000000000639e+00,-1.821461821176993678e-02,2.251725516468691332e-02,-2.830784120572754289e-03,2.981036972331469522e-03,-2.493042775050233195e-02,0.000000000000000000e+00
9.224999999999999645e+00,-1.810236224292505192e-02,2.238525146378417957e-02,-2.815911356102162016e-03,2.968073806600795596e-03,-2.479748074326518920e-02,0.000000000000000000e+00
9.230000000000000426e+00,-1.799076450897384161e-02,2.225396065863681494e-02,-2.801103332404771776e-03,2.955140701674147802e-03,-2.466513036623617372e-02,0.000000000000000000e+00
9.234999999999999432e+00,-1.787982145365819842e-02,2.212337946258573912e-02,-2.786359898600993500e-03,2.942237887027028976e-03,-2.453337504084858109e-02,0.000000000000000000e+00
9.240000000000000213e+00,-1.776952953712914243e-02,2.199350459864704913e-02,-2.771680902675106428e-03,2.929365587644058595e-03,-2.440221318036300824e-02,0.000000000000000000e+00
9.245000000000000995e+00,-1.765988523589835310e-02,2.186433279954388964e-02,-2.757066191497597150e-03,2.916524024065591733e-03,-2.427164319005518933e-02,0.000000000000000000e+00
9.250000000000000000e+00,-1.755088504278956574e-02,2.173586080773738660e-02,-2.742515610847263887e-03,2.903713412433981105e-03,-2.414166346740195812e-02,0.000000000000000000e+00
9.255000000000000782e+00,-1.744252546688979805e-02,2.160808537545669261e-02,-2.728029005433093082e-03,2.890933964539486520e-03,-2.401227240226513904e-02,0.000000000000000000e+00
9.259999999999999787e+00,-1.733480303350044133e-02,2.148100326472813376e-02,-2.713606218915904852e-03,2.878185887865829153e-03,-2.388346837707334275e-02,0.000000000000000000e+00
9.265000000000000568e+00,-1.722771428408820943e-02,2.135461124740348909e-02,-2.699247093929772918e-03,2.865469385635396708e-03,-2.375524976700179799e-02,0.000000000000000000e+00
9.269999999999999574e+00,-1.712125577623593159e-02,2.122890610518738189e-02,-2.684951472103219022e-03,2.852784656854097291e-03,-2.362761494015013994e-02,0.000000000000000000e+00
9.275000000000000355e+00,-1.701542408359322384e-02,2.110388462966382439e-02,-2.670719194080183132e-03,2.840131896355866780e-03,-2.350056225771825560e-02,0.000000000000000000e+00
9.279999999999999361e+00,-1.691021579582703549e-02,2.097954362232190909e-02,-2.656550099540773771e-03,2.827511294846829677e-03,-2.337409007418016216e-02,0.000000000000000000e+00
9.285000000000000142e+00,-1.680562751857205342e-02,2.085587989458065686e-02,-2.642444027221797602e-03,2.814923038949116926e-03,-2.324819673745592494e-02,0.000000000000000000e+00
9.290000000000000924e+00,-1.670165587338099181e-02,2.073289026781303598e-02,-2.628400814937069136e-03,2.802367311244340249e-03,-2.312288058908159444e-02,0.000000000000000000e+00
9.294999999999999929e+00,-1.659829749767477089e-02,2.061057157336916232e-02,-2.614420299597506204e-03,2.789844290316725178e-03,-2.299813996437733224e-02,0.000000000000000000e+00
9.300000000000000711e+00,-1.649554904469256733e-02,2.048892065259868764e-02,-2.600502317231010319e-03,2.777354150795907119e-03,-2.287397319261355588e-02,0.000000000000000000e+00
9.304999999999999716e+00,-1.639340718344177092e-02,2.036793435687238654e-02,-2.586646703002132373e-03,2.764897063399389572e-03,-2.275037859717519984e-02,0.000000000000000000e+00
9.310000000000000497e+00,-1.629186859864781289e-02,2.024760954760295231e-02,-2.572853291231528422e-03,2.752473194974666259e-03,-2.262735449572413765e-02,0.000000000000000000e+00
9.314999999999999503e+00,-1.619092999070392142e-02,2.012794309626501216e-02,-2.559121915415204715e-03,2.740082708541010173e-03,-2.250489920035973410e-02,0.000000000000000000e+00
9.320000000000000284e+00,-1.609058807562075213e-02,2.000893188441436182e-02,-2.545452408243555412e-03,2.727725763330932172e-03,-2.238301101777760010e-02,0.000000000000000000e+00
9.325000000000001066e+00,-1.599083958497594243e-02,1.989057280370645428e-02,-2.531844601620193442e-03,2.715402514831306499e-03,-2.226168824942641872e-02,0.000000000000000000e+00
9.330000000000000071e+00,-1.589168126586356852e-02,1.977286275591410430e-02,-2.518298326680575797e-03,2.703113114824171048e-03,-2.214092919166308487e-02,0.000000000000000000e+00
9.335000000000000853e+00,-1.579310988084350539e-02,1.965579865294448531e-02,-2.504813413810428029e-03,2.690857711427200195e-03,-2.202073213590602374e-02,0.000000000000000000e+00
9.339999999999999858e+00,-1.569512220789073126e-02,1.953937741685535592e-02,-2.491389692663963183e-03,2.678636449133852369e-03,-2.190109536878662166e-02,0.000000000000000000e+00
9.345000000000000639e+00,-1.559771504034452271e-02,1.942359597987058234e-02,-2.478026992181905572e-03,2.666449468853194105e-03,-2.178201717229910628e-02,0.000000000000000000e+00
9.349999999999999645e+00,-1.550088518685759087e-02,1.930845128439492506e-02,-2.464725140609312463e-03,2.654296907949406197e-03,-2.166349582394845943e-02,0.000000000000000000e+00
9.355000000000000426e+00,-1.540462947134514128e-02,1.919394028302813873e-02,-2.451483965513201035e-03,2.642178900280965897e-03,-2.154552959689677236e-02,0.000000000000000000e+00
9.359999999999999432e+00,-1.530894473293386605e-02,1.908005993857833996e-02,-2.438303293799978441e-03,2.630095576239515568e-03,-2.142811676010777586e-02,0.000000000000000000e+00
9.365000000000000213e+00,-1.521382782591086842e-02,1.896680722407471237e-02,-2.425182951732681065e-03,2.618047062788412573e-03,-2.131125557848971563e-02,0.000000000000000000e+00
9.370000000000000995e+00,-1.511927561967252830e-02,1.885417912277951094e-02,-2.412122764948019474e-03,2.606033483500966915e-03,-2.119494431303653795e-02,0.000000000000000000e+00
9.375000000000000000e+00,-1.502528499867330537e-02,1.874217262819939667e-02,-2.399122558473233430e-03,2.594054958598366635e-03,-2.107918122096738220e-02,0.000000000000000000e+00
9.380000000000000782e+00,-1.493185286237449713e-02,1.863078474409610510e-02,-2.386182156742758676e-03,2.582111604987290948e-03,-2.096396455586446023e-02,0.000000000000000000e+00
9.384999999999999787e+00,-1.483897612519293092e-02,1.852001248449645573e-02,-2.373301383614705943e-03,2.570203536297216342e-03,-2.084929256780924597e-02,0.000000000000000000e+00
9.390000000000000568e+00,-1.474665171644961789e-02,1.840985287370170559e-02,-2.360480062387154774e-03,2.558330862917415193e-03,-2.073516350351706228e-02,0.000000000000000000e+00
9.394999999999999574e+00,-1.465487658031836005e-02,1.830030294629627144e-02,-2.347718015814262166e-03,2.546493692033649937e-03,-2.062157560647003007e-02,0.000000000000000000e+00
9.400000000000000355e+00,-1.456364767577431052e-02,1.819135974715580667e-02,-2.335015066122189068e-03,2.534692127664561496e-03,-2.050852711704846676e-02,0.000000000000000000e+00
9.404999999999999361e+00,-1.447296197654250084e-02,1.808302033145466753e-02,-2.322371035024846462e-03,2.522926270697759335e-03,-2.039601627266064698e-02,0.000000000000000000e+00
9.410000000000000142e+00,-1.438281647104633007e-02,1.797528176467274447e-02,-2.309785743739459305e-03,2.511196218925608806e-03,-2.028404130787099524e-02,0.000000000000000000e+00
9.415000000000000924e+00,-1.429320816235602094e-02,1.786814112260169327e-02,-2.297259013001955261e-03,2.499502067080721854e-03,-2.017260045452675885e-02,0.000000000000000000e+00
9.419999999999999929e+00,-1.420413406813704656e-02,1.776159549135056248e-02,-2.284790663082175190e-03,2.487843906871150656e-03,-2.006169194188312313e-02,0.000000000000000000e+00
9.425000000000000711e+00,-1.411559122059853101e-02,1.765564196735082761e-02,-2.272380513798907559e-03,2.476221827015288521e-03,-1.995131399672672723e-02,0.000000000000000000e+00
9.429999999999999716e+00,-1.402757666644162404e-02,1.755027765736083545e-02,-2.260028384534751994e-03,2.464635913276474587e-03,-1.984146484349779901e-02,0.000000000000000000e+00
9.435000000000000497e+00,-1.394008746680786004e-02,1.744549967846967253e-02,-2.247734094250806308e-03,2.453086248497310124e-03,-1.973214270441064552e-02,0.000000000000000000e+00
9.439999999999999503e+00,-1.385312069722749277e-02,1.734130515810045764e-02,-2.235497461501187010e-03,2.441572912633684263e-03,-1.962334579957274866e-02,0.000000000000000000e+00
9.445000000000000284e+00,-1.376667344756782145e-02,1.723769123401307571e-02,-2.223318304447377634e-03,2.430095982788512635e-03,-1.951507234710236904e-02,0.000000000000000000e+00
9.450000000000001066e+00,-1.368074282198149770e-02,1.713465505430635666e-02,-2.211196440872409234e-03,2.418655533245191083e-03,-1.940732056324460594e-02,0.000000000000000000e+00
9.455000000000000071e+00,-1.359532593885482733e-02,1.703219377741969215e-02,-2.199131688194875655e-03,2.407251635500762266e-03,-1.930008866248611107e-02,0.000000000000000000e+00
9.460000000000000853e+00,-1.351041993075606865e-02,1.693030457213412152e-02,-2.187123863482783558e-03,2.395884358298802988e-03,-1.919337485766834522e-02,0.000000000000000000e+00
9.464999999999999858e+00,-1.342602194438371511e-02,1.682898461757288688e-02,-2.175172783467236356e-03,2.384553767662029623e-03,-1.908717736009932914e-02,0.000000000000000000e+00
9.470000000000000639e+00,-1.334212914051479196e-02,1.672823110320144357e-02,-2.163278264555959420e-03,2.373259926924624254e-03,-1.898149437966411071e-02,0.000000000000000000e+00
9.474999999999999645e+00,-1.325873869395314229e-02,1.662804122882697092e-02,-2.151440122846661352e-03,2.362002896764284557e-03,-1.887632412493369521e-02,0.000000000000000000e+00
9.480000000000000426e+00,-1.317584779347771851e-02,1.652841220459735222e-02,-2.139658174140236964e-03,2.350782735233997427e-03,-1.877166480327268835e-02,0.000000000000000000e+00
9.484999999999999432e+00,-1.309345364179088575e-02,1.642934125099965170e-02,-2.127932233953813267e-03,2.339599497793539828e-03,-1.866751462094558625e-02,0.000000000000000000e+00
9.490000000000000213e+00,-1.301155345546673066e-02,1.633082559885810220e-02,-2.116262117533634999e-03,2.328453237340706410e-03,-1.856387178322155621e-02,0.000000000000000000e+00
9.495000000000000995e+00,-1.293014446489938220e-02,1.623286248933158635e-02,-2.104647639867799225e-03,2.317344004242267389e-03,-1.846073449447803438e-02,0.000000000000000000e+00
9.500000000000000000e+00,-1.284922391425134119e-02,1.613544917391063899e-02,-2.093088615698832089e-03,2.306271846364657541e-03,-1.835810095830290450e-02,0.000000000000000000e+00
9.505000000000000782e+00,-1.276878906140183588e-02,1.603858291441396383e-02,-2.081584859536115498e-03,2.295236809104400210e-03,-1.825596937759538241e-02,0.000000000000000000e+00
9.509999999999999787e+00,-1.268883717789518958e-02,1.594226098298448871e-02,-2.070136185668160732e-03,2.284238935418262447e-03,-1.815433795466554062e-02,0.000000000000000000e+00
9.515000000000000568e+00,-1.260936554888920751e-02,1.584648066208493855e-02,-2.058742408174731552e-03,2.273278265853150796e-03,-1.805320489133258391e-02,0.000000000000000000e+00
9.519999999999999574e+00,-1.253037147310359298e-02,1.575123924449296428e-02,-2.047403340938820735e-03,2.262354838575741239e-03,-1.795256838902182378e-02,0.000000000000000000e+00
9.525000000000000355e+00,-1.245185226276838454e-02,1.565653403329580334e-02,-2.036118797658476552e-03,2.251468689401852404e-03,-1.785242664886037625e-02,0.000000000000000000e+00
9.529999999999999361e+00,-1.237380524357242252e-02,1.556236234188450480e-02,-2.024888591858485260e-03,2.240619851825558558e-03,-1.775277787177159672e-02,0.000000000000000000e+00
9.535000000000000142e+00,-1.229622775461184508e-02,1.546872149394770517e-02,-2.013712536901906148e-03,2.229808357048046735e-03,-1.765362025856821726e-02,0.000000000000000000e+00
9.540000000000000924e+00,-1.221911714833861726e-02,1.537560882346497397e-02,-2.002590446001465633e-03,2.219034234006216685e-03,-1.755495201004434597e-02,0.000000000000000000e+00
9.544999999999999929e+00,-1.214247079050909464e-02,1.528302167469973091e-02,-1.991522132230807377e-03,2.208297509401031464e-03,-1.745677132706616175e-02,0.000000000000000000e+00
9.550000000000000711e+00,-1.206628606013261835e-02,1.519095740219173971e-02,-1.980507408535601022e-03,2.197598207725611711e-03,-1.735907641066135668e-02,0.000000000000000000e+00
9.554999999999999716e+00,-1.199056034942016027e-02,1.509941337074918385e-02,-1.969546087744512147e-03,2.186936351293083166e-03,-1.726186546210747158e-02,0.000000000000000000e+00
9.560000000000000497e+00,-1.191529106373299431e-02,1.500838695544033478e-02,-1.958637982580033448e-03,2.176311960264174384e-03,-1.716513668301899304e-02,0.000000000000000000e+00
9.564999999999999503e+00,-1.184047562153142316e-02,1.491787554158481230e-02,-1.947782905669178007e-03,2.165725052674567688e-03,-1.706888827543321524e-02,0.000000000000000000e+00
9.570000000000000284e+00,-1.176611145432354157e-02,1.482787652474445127e-02,-1.936980669554036168e-03,2.155175644462005088e-03,-1.697311844189504371e-02,0.000000000000000000e+00
9.575000000000001066e+00,-1.169219600661404977e-02,1.473838731071377105e-02,-1.926231086702198843e-03,2.144663749493151347e-03,-1.687782538554048056e-02,0.000000000000000000e+00
9.580000000000000071e+00,-1.161872673585311218e-02,1.464940531551006328e-02,-1.915533969517045718e-03,2.134189379590213740e-03,-1.678300731017913494e-02,0.000000000000000000e+00
9.585000000000000853e+00,-1.154570111238527319e-02,1.456092796536308763e-02,-1.904889130347901197e-03,2.123752544557322864e-03,-1.668866242037547049e-02,0.000000000000000000e+00
9.589999999999999858e+00,-1.147311661939841819e-02,1.447295269670441017e-02,-1.894296381500060232e-03,2.113353252206674488e-03,-1.659478892152894264e-02,0.000000000000000000e+00
9.595000000000000639e+00,-1.140097075287279348e-02,1.438547695615634975e-02,-1.883755535244682321e-03,2.102991508384434178e-03,-1.650138501995308121e-02,0.000000000000000000e+00
9.599999999999999645e+00,-1.132926102153007999e-02,1.429849820052058081e-02,-1.873266403828557566e-03,2.092667316996406433e-03,-1.640844892295339683e-02,0.000000000000000000e+00
9.605000000000000426e+00,-1.125798494678252951e-02,1.421201389676636159e-02,-1.862828799483745232e-03,2.082380680033470502e-03,-1.631597883890421180e-02,0.000000000000000000e+00
9.609999999999999432e+00,-1.118714006268214933e-02,1.412602152201841883e-02,-1.852442534437084799e-03,2.072131597596784183e-03,-1.622397297732443983e-02,0.000000000000000000e+00
9.615000000000000213e+00,-1.111672391586996343e-02,1.404051856354447854e-02,-1.842107420919582121e-03,2.061920067922755600e-03,-1.613242954895221723e-02,0.000000000000000000e+00
9.620000000000000995e+00,-1.104673406552532378e-02,1.395550251874245508e-02,-1.831823271175671329e-03,2.051746087407787297e-03,-1.604134676581855934e-02,0.000000000000000000e+00
9.625000000000000000e+00,-1.097716808331529806e-02,1.387097089512730717e-02,-1.821589897472353572e-03,2.041609650632793954e-03,-1.595072284131988580e-02,0.000000000000000000e+00
9.630000000000000782e+00,-1.090802355334411118e-02,1.378692121031755737e-02,-1.811407112108213242e-03,2.031510750387490686e-03,-1.586055599028954322e-02,0.000000000000000000e+00
9.634999999999999787e+00,-1.083929807210266653e-02,1.370335099202148188e-02,-1.801274727422314068e-03,2.021449377694461026e-03,-1.577084442906828005e-02,0.000000000000000000e+00
9.640000000000000568e+00,-1.077098924841813146e-02,1.362025777802298651e-02,-1.791192555802975086e-03,2.011425521832998966e-03,-1.568158637557369450e-02,0.000000000000000000e+00
9.644999999999999574e+00,-1.070309470340359559e-02,1.353763911616715811e-02,-1.781160409696427773e-03,2.001439170362732424e-03,-1.559278004936867634e-02,0.000000000000000000e+00
9.650000000000000355e+00,-1.063561207040779853e-02,1.345549256434551075e-02,-1.771178101615355875e-03,1.991490309147025527e-03,-1.550442367172885985e-02,0.000000000000000000e+00
9.654999999999999361e+00,-1.056853899496493741e-02,1.337381569048091447e-02,-1.761245444147318357e-03,1.981578922376163628e-03,-1.541651546570902212e-02,0.000000000000000000e+00
9.660000000000000142e+00,-1.050187313474455243e-02,1.329260607251223775e-02,-1.751362249963057862e-03,1.971704992590320605e-03,-1.532905365620857753e-02,0.000000000000000000e+00
9.665000000000000924e+00,-1.043561215950147836e-02,1.321186129837867776e-02,-1.741528331824694024e-03,1.961868500702313237e-03,-1.524203647003602793e-02,0.000000000000000000e+00
9.669999999999999929e+00,-1.036975375102588796e-02,1.313157896600380611e-02,-1.731743502593803379e-03,1.952069426020139591e-03,-1.515546213597250558e-02,0.000000000000000000e+00
9.675000000000000711e+00,-1.030429560309340659e-02,1.305175668327932664e-02,-1.722007575239388466e-03,1.942307746269307522e-03,-1.506932888483429947e-02,0.000000000000000000e+00
9.679999999999999716e+00,-1.023923542141531862e-02,1.297239206804854869e-02,-1.712320362845734176e-03,1.932583437614951742e-03,-1.498363494953451787e-02,0.000000000000000000e+00
9.685000000000000497e+00,-1.017457092358884686e-02,1.289348274808958111e-02,-1.702681678620154805e-03,1.922896474683742510e-03,-1.489837856514368564e-02,0.000000000000000000e+00
9.689999999999999503e+00,-1.011029983904752037e-02,1.281502636109825913e-02,-1.693091335900632263e-03,1.913246830585586160e-03,-1.481355796894956098e-02,0.000000000000000000e+00
9.695000000000000284e+00,-1.004641990901163247e-02,1.273702055467079361e-02,-1.683549148163346288e-03,1.903634476935120272e-03,-1.472917140051595297e-02,0.000000000000000000e+00
9.700000000000001066e+00,-9.982928886438780305e-03,1.265946298628615845e-02,-1.674054929030096900e-03,1.894059383873004368e-03,-1.464521710174060930e-02,0.000000000000000000e+00
9.705000000000000071e+00,-9.919824535974496385e-03,1.258235132328822461e-02,-1.664608492275622105e-03,1.884521520087007428e-03,-1.456169331691226608e-02,0.000000000000000000e+00
9.710000000000000853e+00,-9.857104633902968524e-03,1.250568324286762886e-02,-1.655209651834809370e-03,1.875020852832893960e-03,-1.447859829276675753e-02,0.000000000000000000e+00
9.714999999999999858e+00,-9.794766968097855242e-03,1.242945643204339951e-02,-1.645858221809804508e-03,1.865557347955110147e-03,-1.439593027854227728e-02,0.000000000000000000e+00
9.720000000000000639e+00,-9.732809337973186148e-03,1.235366858764432897e-02,-1.636554016477016500e-03,1.856130969907271574e-03,-1.431368752603374289e-02,0.000000000000000000e+00
9.724999999999999645e+00,-9.671229554434361206e-03,1.227831741629010695e-02,-1.627296850294021038e-03,1.846741681772453214e-03,-1.423186828964630515e-02,0.000000000000000000e+00
9.730000000000000426e+00,-9.610025439829247146e-03,1.220340063437221588e-02,-1.618086537906362815e-03,1.837389445283284890e-03,-1.415047082644801425e-02,0.000000000000000000e+00
9.734999999999999432e+00,-9.549194827899358876e-03,1.212891596803459399e-02,-1.608922894154258274e-03,1.828074220841851161e-03,-1.406949339622159956e-02,0.000000000000000000e+00
9.740000000000000213e+00,-9.488735563731155384e-03,1.205486115315406240e-02,-1.599805734079198403e-03,1.818795967539399514e-03,-1.398893426151546875e-02,0.000000000000000000e+00
9.745000000000000995e+00,-9.428645503707420647e-03,1.198123393532053022e-02,-1.590734872930454598e-03,1.809554643175857085e-03,-1.390879168769381877e-02,0.000000000000000000e+00
9.750000000000000000e+00,-9.368922515458745146e-03,1.190803206981697927e-02,-1.581710126171486297e-03,1.800350204279156565e-03,-1.382906394298595229e-02,0.000000000000000000e+00
9.755000000000000782e+00,-9.309564477815116673e-03,1.183525332159923206e-02,-1.572731309486253637e-03,1.791182606124374320e-03,-1.374974929853482741e-02,0.000000000000000000e+00
9.759999999999999787e+00,-9.250569280757603083e-03,1.176289546527549933e-02,-1.563798238785433841e-03,1.782051802752681593e-03,-1.367084602844467756e-02,0.000000000000000000e+00
9.765000000000000568e+00,-9.191934825370142587e-03,1.169095628508572474e-02,-1.554910730212543920e-03,1.772957746990109443e-03,-1.359235240982798951e-02,0.000000000000000000e+00
9.769999999999999574e+00,-9.133659023791438139e-03,1.161943357488071961e-02,-1.546068600149969920e-03,1.763900390466129585e-03,-1.351426672285158462e-02,0.000000000000000000e+00
9.775000000000000355e+00,-9.075739799166955904e-03,1.154832513810110338e-02,-1.537271665224903584e-03,1.754879683632052864e-03,-1.343658725078194539e-02,0.000000000000000000e+00
9.779999999999999361e+00,-9.018175085601029539e-03,1.147762878775603068e-02,-1.528519742315187285e-03,1.745895575779244724e-03,-1.335931228002979441e-02,0.000000000000000000e+00
9.785000000000000142e+00,-8.960962828109068565e-03,1.140734234640174150e-02,-1.519812648555068967e-03,1.736948015057161992e-03,-1.328244010019388396e-02,0.000000000000000000e+00
9.790000000000000924e+00,-8.904100982569879488e-03,1.133746364611991006e-02,-1.511150201340866889e-03,1.728036948491210121e-03,-1.320596900410405013e-02,0.000000000000000000e+00
9.794999999999999929e+00,-8.847587515678091014e-03,1.126799052849580644e-02,-1.502532218336545457e-03,1.719162322000423711e-03,-1.312989728786349494e-02,0.000000000000000000e+00
9.800000000000000711e+00,-8.791420404896695476e-03,1.119892084459628463e-02,-1.493958517479203460e-03,1.710324080414969217e-03,-1.305422325089035732e-02,0.000000000000000000e+00
9.804999999999999716e+00,-8.735597638409689156e-03,1.113025245494757634e-02,-1.485428916984474689e-03,1.701522167493474836e-03,-1.297894519595851892e-02,0.000000000000000000e+00
9.810000000000000497e+00,-8.680117215074839229e-03,1.106198322951292175e-02,-1.476943235351842925e-03,1.692756525940186489e-03,-1.290406142923770580e-02,0.000000000000000000e+00
9.814999999999999503e+00,-8.624977144376547861e-03,1.099411104767002330e-02,-1.468501291369871250e-03,1.684027097421950548e-03,-1.282957026033288567e-02,0.000000000000000000e+00
9.820000000000000284e+00,-8.570175446378841197e-03,1.092663379818832776e-02,-1.460102904121347031e-03,1.675333822585027208e-03,-1.275547000232290715e-02,0.000000000000000000e+00
9.825000000000001066e+00,-8.515710151678465914e-03,1.085954937920614351e-02,-1.451747892988343187e-03,1.666676641071734074e-03,-1.268175897179851450e-02,0.000000000000000000e+00
9.830000000000000071e+00,-8.461579301358103725e-03,1.079285569820760161e-02,-1.443436077657196193e-03,1.658055491536921267e-03,-1.260843548889956436e-02,0.000000000000000000e+00
9.835000000000000853e+00,-8.407780946939698644e-03,1.072655067199945050e-02,-1.435167278123403211e-03,1.649470311664279557e-03,-1.253549787735166662e-02,0.000000000000000000e+00
9.839999999999999858e+00,-8.354313150337903948e-03,1.066063222668769961e-02,-1.426941314696437025e-03,1.640921038182483697e-03,-1.246294446450206886e-02,0.000000000000000000e+00
9.845000000000000639e+00,-8.301173983813643631e-03,1.059509829765410693e-02,-1.418758008004481408e-03,1.632407606881170750e-03,-1.239077358135489554e-02,0.000000000000000000e+00
9.849999999999999645e+00,-8.248361529927791813e-03,1.052994682953252610e-02,-1.410617178999086464e-03,1.623929952626756643e-03,-1.231898356260570024e-02,0.000000000000000000e+00
9.855000000000000426e+00,-8.195873881494973590e-03,1.046517577618509900e-02,-1.402518648959745701e-03,1.615488009378089444e-03,-1.224757274667540377e-02,0.000000000000000000e+00
9.859999999999999432e+00,-8.143709141537482099e-03,1.040078310067830795e-02,-1.394462239498395033e-03,1.607081710201943049e-03,-1.217653947574355230e-02,0.000000000000000000e+00
9.865000000000000213e+00,-8.091865423239317026e-03,1.033676677525889424e-02,-1.386447772563834590e-03,1.598710987288352349e-03,-1.210588209578090241e-02,0.000000000000000000e+00
9.870000000000000995e+00,-8.040340849900346268e-03,1.027312478132963620e-02,-1.378475070446074421e-03,1.590375771965788811e-03,-1.203559895658144058e-02,0.000000000000000000e+00
9.875000000000000000e+00,-7.989133554890580358e-03,1.020985510942499022e-02,-1.370543955780605160e-03,1.582075994716181664e-03,-1.196568841179371234e-02,0.000000000000000000e+00
9.880000000000000782e+00,-7.938241681604582198e-03,1.014695575918661379e-02,-1.362654251552592810e-03,1.573811585189781445e-03,-1.189614881895153381e-02,0.000000000000000000e+00
9.884999999999999787e+00,-7.887663383415989549e-03,1.008442473933874803e-02,-1.354805781101000662e-03,1.565582472219870886e-03,-1.182697853950413422e-02,0.000000000000000000e+00
9.890000000000000568e+00,-7.837396823632164153e-03,1.002226006766348404e-02,-1.346998368122637917e-03,1.557388583837322283e-03,-1.175817593884563236e-02,0.000000000000000000e+00
9.894999999999999574e+00,-7.787440175448962290e-03,9.960459770975912952e-03,-1.339231836676135247e-03,1.549229847285003283e-03,-1.168973938634393361e-02,0.000000000000000000e+00
9.900000000000000355e+00,-7.737791621905636304e-03,9.899021885099144186e-03,-1.331506011185849218e-03,1.541106189032032201e-03,-1.162166725536902673e-02,0.000000000000000000e+00
9.904999999999999361e+00,-7.688449355839854955e-03,9.837944454839219616e-03,-1.323820716445695597e-03,1.533017534787883699e-03,-1.155395792332071167e-02,0.000000000000000000e+00
9.910000000000000142e+00,-7.639411579842852150e-03,9.777225533959914977e-03,-1.316175777622913268e-03,1.524963809516346807e-03,-1.148660977165569946e-02,0.000000000000000000e+00
9.915000000000000924e+00,-7.590676506214700560e-03,9.716863185157425045e-03,-1.308571020261757242e-03,1.516944937449335711e-03,-1.141962118591419509e-02,0.000000000000000000e+00
9.919999999999999929e+00,-7.542242356919713620e-03,9.656855480034951672e-03,-1.301006270287124013e-03,1.508960842100555031e-03,-1.135299055574582813e-02,0.000000000000000000e+00
9.925000000000000711e+00,-7.494107363541975021e-03,9.597200499077177330e-03,-1.293481354008109256e-03,1.501011446279020695e-03,-1.128671627493510465e-02,0.000000000000000000e+00
9.929999999999999716e+00,-7.446269767240994847e-03,9.537896331624646715e-03,-1.285996098121497009e-03,1.493096672102436819e-03,-1.122079674142624842e-02,0.000000000000000000e+00
9.935000000000000497e+00,-7.398727818707493201e-03,9.478941075848046002e-03,-1.278550329715183800e-03,1.485216441010430788e-03,-1.115523035734752866e-02,0.000000000000000000e+00
9.939999999999999503e+00,-7.351479778119316549e-03,9.420332838722386692e-03,-1.271143876271535770e-03,1.477370673777647810e-03,-1.109001552903495467e-02,0.000000000000000000e+00
9.945000000000000284e+00,-7.304523915097478962e-03,9.362069736001094045e-03,-1.263776565670681178e-03,1.469559290526704313e-03,-1.102515066705556795e-02,0.000000000000000000e+00
9.950000000000001066e+00,-7.257858508662335187e-03,9.304149892190010512e-03,-1.256448226193738723e-03,1.461782210741004086e-03,-1.096063418623010460e-02,0.000000000000000000e+00
9.955000000000000071e+00,-7.211481847189884706e-03,9.246571440521305502e-03,-1.249158686525981459e-03,1.454039353277415420e-03,-1.089646450565512348e-02,0.000000000000000000e+00
9.960000000000000853e+00,-7.165392228368204150e-03,9.189332522927305333e-03,-1.241907775759938486e-03,1.446330636378812505e-03,-1.083264004872467288e-02,0.000000000000000000e+00
9.964999999999999858e+00,-7.119587959154013296e-03,9.132431290014234732e-03,-1.234695323398433530e-03,1.438655977686481742e-03,-1.076915924315141083e-02,0.000000000000000000e+00
9.970000000000000639e+00,-7.074067355729370295e-03,9.075865901035881991e-03,-1.227521159357562166e-03,1.431015294252392959e-03,-1.070602052098719968e-02,0.000000000000000000e+00
9.974999999999999645e+00,-7.028828743458500478e-03,9.019634523867182604e-03,-1.220385113969608320e-03,1.423408502551337922e-03,-1.064322231864323412e-02,0.000000000000000000e+00
9.980000000000000426e+00,-6.983870456844757865e-03,8.963735334977730035e-03,-1.213287017985899838e-03,1.415835518492937007e-03,-1.058076307690965397e-02,0.000000000000000000e+00
9.984999999999999432e+00,-6.939190839487716783e-03,8.908166519405217101e-03,-1.206226702579604433e-03,1.408296257433515114e-03,-1.051864124097462265e-02,0.000000000000000000e+00
9.990000000000000213e+00,-6.894788244040397050e-03,8.852926270728797564e-03,-1.199203999348467291e-03,1.400790634187847050e-03,-1.045685526044300498e-02,0.000000000000000000e+00
9.995000000000000995e+00,-6.850661032166626210e-03,8.798012791042383526e-03,-1.192218740317488833e-03,1.393318563040773887e-03,-1.039540358935449674e-02,0.000000000000000000e+00
1.000000000000000000e+01,-6.806807574498530133e-03,8.743424290927882120e-03,-1.185270757941546535e-03,1.385879957758693552e-03,-1.033428468620129284e-02,0.000000000000000000e+00
1.000500000000000078e+01,-6.763226250594162395e-03,8.689158989428359334e-03,-1.178359885107958197e-03,1.378474731600922180e-03,-1.027349701394530794e-02,0.000000000000000000e+00
1.000999999999999979e+01,-6.719915448895262891e-03,8.635215114021148330e-03,-1.171485955138989489e-03,1.371102797330932309e-03,-1.021303904003490609e-02,0.000000000000000000e+00
1.001500000000000057e+01,-6.676873566685155234e-03,8.581590900590897047e-03,-1.164648801794304677e-03,1.363764067227465080e-03,-1.015290923642117940e-02,0.000000000000000000e+00
1.001999999999999957e+01,-6.634099010046779453e-03,8.528284593402556818e-03,-1.157848259273363796e-03,1.356458453095519059e-03,-1.009310607957378605e-02,0.000000000000000000e+00
1.002500000000000036e+01,-6.591590193820854801e-03,8.475294445074318950e-03,-1.151084162217763229e-03,1.349185866277217418e-03,-1.003362805049632517e-02,0.000000000000000000e+00
1.002999999999999936e+01,-6.549345541564183942e-03,8.422618716550495793e-03,-1.144356345713523583e-03,1.341946217662553240e-03,-9.974473634741260614e-03,0.000000000000000000e+00
1.003500000000000014e+01,-6.507363485508088109e-03,8.370255677074351502e-03,-1.137664645293323586e-03,1.334739417700014918e-03,-9.915641322424444126e-03,0.000000000000000000e+00
1.004000000000000092e+01,-6.465642466516982774e-03,8.318203604160887693e-03,-1.131008896938681500e-03,1.327565376407091212e-03,-9.857129608239159624e-03,0.000000000000000000e+00
1.004499999999999993e+01,-6.424180934047085158e-03,8.266460783569578794e-03,-1.124388937082084058e-03,1.320424003380659414e-03,-9.798936991469768543e-03,0.000000000000000000e+00
1.005000000000000071e+01,-6.382977346105261386e-03,8.215025509277064028e-03,-1.117804602609063580e-03,1.313315207807255140e-03,-9.741061976004935369e-03,0.000000000000000000e+00
1.005499999999999972e+01,-6.342030169208008085e-03,8.163896083449794297e-03,-1.111255730860224349e-03,1.306238898473226304e-03,-9.683503070350398673e-03,0.000000000000000000e+00
1.006000000000000050e+01,-6.301337878340571887e-03,8.113070816416646097e-03,-1.104742159633218456e-03,1.299194983774771975e-03,-9.626258787641384790e-03,0.000000000000000000e+00
1.006499999999999950e+01,-6.260898956916205980e-03,8.062548026641488605e-03,-1.098263727184671783e-03,1.292183371727866721e-03,-9.569327645654573944e-03,0.000000000000000000e+00
1.007000000000000028e+01,-6.220711896735565440e-03,8.012326040695717799e-03,-1.091820272232060319e-03,1.285203969978071124e-03,-9.512708166819681260e-03,0.000000000000000000e+00
1.007500000000000107e+01,-6.180775197946234388e-03,7.962403193230755891e-03,-1.085411633955538340e-03,1.278256685810230837e-03,-9.456398878230635324e-03,0.000000000000000000e+00
1.008000000000000007e+01,-6.141087369002399751e-03,7.912777826950521259e-03,-1.079037651999717158e-03,1.271341426158064183e-03,-9.400398311656343875e-03,0.000000000000000000e+00
1.008500000000000085e+01,-6.101646926624652509e-03,7.863448292583858495e-03,-1.072698166475397888e-03,1.264458097613638515e-03,-9.344705003551124697e-03,0.000000000000000000e+00
1.008999999999999986e+01,-6.062452395759936399e-03,7.814412948856949356e-03,-1.066393017961255862e-03,1.257606606436738154e-03,-9.289317495064685487e-03,0.000000000000000000e+00
1.009500000000000064e+01,-6.023502309541628463e-03,7.765670162465689898e-03,-1.060122047505479082e-03,1.250786858564123484e-03,-9.234234332051793198e-03,0.000000000000000000e+00
1.009999999999999964e+01,-5.984795209249758365e-03,7.717218308048043318e-03,-1.053885096627359824e-03,1.243998759618682040e-03,-9.179454065081513181e-03,0.000000000000000000e+00
1.010500000000000043e+01,-5.946329644271369091e-03,7.669055768156373722e-03,-1.047682007318841797e-03,1.237242214918473802e-03,-9.124975249446092701e-03,0.000000000000000000e+00
1.010999999999999943e+01,-5.908104172061012967e-03,7.621180933229752125e-03,-1.041512622046022194e-03,1.230517129485670215e-03,-9.070796445169521799e-03,0.000000000000000000e+00
1.011500000000000021e+01,-5.870117358101389037e-03,7.573592201566244249e-03,-1.035376783750608211e-03,1.223823408055388492e-03,-9.016916217015662205e-03,0.000000000000000000e+00
1.012000000000000099e+01,-5.832367775864115769e-03,7.526287979295181833e-03,-1.029274335851331282e-03,1.217160955084422907e-03,-8.963333134496088289e-03,0.000000000000000000e+00
1.012500000000000000e+01,-5.794854006770644266e-03,7.479266680349413998e-03,-1.023205122245316422e-03,1.210529674759871794e-03,-8.910045771877539433e-03,0.000000000000000000e+00
1.013000000000000078e+01,-5.757574640153310247e-03,7.432526726437546465e-03,-1.017168987309409727e-03,1.203929471007664145e-03,-8.857052708189011581e-03,0.000000000000000000e+00
1.013499999999999979e+01,-5.720528273216525690e-03,7.386066547016164295e-03,-1.011165775901462721e-03,1.197360247500983644e-03,-8.804352527228543474e-03,0.000000000000000000e+00
1.014000000000000057e+01,-5.683713510998106636e-03,7.339884579262045093e-03,-1.005195333361575934e-03,1.190821907668593391e-03,-8.751943817569666356e-03,0.000000000000000000e+00
1.014499999999999957e+01,-5.647128966330744113e-03,7.293979268044361794e-03,-9.992575055132997628e-04,1.184314354703061307e-03,-8.699825172567472037e-03,0.000000000000000000e+00
1.015000000000000036e+01,-5.610773259803608637e-03,7.248349065896875047e-03,-9.933521386647952214e-04,1.177837491568886662e-03,-8.647995190364389517e-03,0.000000000000000000e+00
1.015499999999999936e+01,-5.574645019724099558e-03,7.202992432990120396e-03,-9.874790796099543536e-04,1.171391221010529247e-03,-8.596452473895630289e-03,0.000000000000000000e+00
1.016000000000000014e+01,-5.538742882079728848e-03,7.157907837103587648e-03,-9.816381756294805319e-04,1.164975445560342262e-03,-8.545195630894321381e-03,0.000000000000000000e+00
1.016500000000000092e+01,-5.503065490500147136e-03,7.113093753597899381e-03,-9.758292744919291840e-04,1.158590067546408711e-03,-8.494223273896275850e-03,0.000000000000000000e+00
1.016999999999999993e+01,-5.467611496219305922e-03,7.068548665386983378e-03,-9.700522244547099202e-04,1.152234989100283475e-03,-8.443534020244523874e-03,0.000000000000000000e+00
1.017500000000000071e+01,-5.432379558037763768e-03,7.024271062910245923e-03,-9.643068742650498472e-04,1.145910112164640841e-03,-8.393126492093453545e-03,0.000000000000000000e+00
1.017999999999999972e+01,-5.397368342285124333e-03,6.980259444104745109e-03,-9.585930731609191516e-04,1.139615338500829219e-03,-8.342999316412715721e-03,0.000000000000000000e+00
1.018500000000000050e+01,-5.362576522782621855e-03,6.936512314377365866e-03,-9.529106708719190617e-04,1.133350569696332842e-03,-8.293151124990794099e-03,0.000000000000000000e+00
1.018999999999999950e+01,-5.328002780805837606e-03,6.893028186576998471e-03,-9.472595176201326203e-04,1.127115707172142607e-03,-8.243580554438252606e-03,0.000000000000000000e+00
1.019500000000000028e+01,-5.293645805047562936e-03,6.849805580966718786e-03,-9.416394641209391379e-04,1.120910652190035403e-03,-8.194286246190774642e-03,0.000000000000000000e+00
1.020000000000000107e+01,-5.259504291580795014e-03,6.806843025195980640e-03,-9.360503615837918907e-04,1.114735305859764544e-03,-8.145266846511803327e-03,0.000000000000000000e+00
1.020500000000000007e+01,-5.225576943821877429e-03,6.764139054272808212e-03,-9.304920617129606910e-04,1.108589569146160208e-03,-8.096521006494978787e-03,0.000000000000000000e+00
1.021000000000000085e+01,-5.191862472493772619e-03,6.721692210536003159e-03,-9.249644167082388948e-04,1.102473342876141623e-03,-8.048047382066252781e-03,0.000000000000000000e+00
1.021499999999999986e+01,-5.158359595589482628e-03,6.679501043627356083e-03,-9.194672792656156078e-04,1.096386527745642735e-03,-7.999844633985748327e-03,0.000000000000000000e+00
1.022000000000000064e+01,-5.125067038335599096e-03,6.637564110463875337e-03,-9.140005025779134127e-04,1.090329024326449833e-03,-7.951911427849317482e-03,0.000000000000000000e+00
1.022499999999999964e+01,-5.091983533155998963e-03,6.595879975210022783e-03,-9.085639403353923784e-04,1.084300733072954184e-03,-7.904246434089864937e-03,0.000000000000000000e+00
1.023000000000000043e+01,-5.059107819635676358e-03,6.554447209249967751e-03,-9.031574467263200250e-04,1.078301554328819868e-03,-7.856848327978345481e-03,0.000000000000000000e+00
1.023499999999999943e+01,-5.026438644484713253e-03,6.513264391159850550e-03,-8.977808764375086546e-04,1.072331388333565977e-03,-7.809715789624586263e-03,0.000000000000000000e+00
1.024000000000000021e+01,-4.993974761502387172e-03,6.472330106680069389e-03,-8.924340846548199386e-04,1.066390135229066836e-03,-7.762847503977756032e-03,0.000000000000000000e+00
1.024500000000000099e+01,-4.961714931541422874e-03,6.431642948687579450e-03,-8.871169270636367630e-04,1.060477695065968097e-03,-7.716242160826647899e-03,0.000000000000000000e+00
1.025000000000000000e+01,-4.929657922472375012e-03,6.391201517168210167e-03,-8.818292598493036307e-04,1.054593967810022164e-03,-7.669898454799655048e-03,0.000000000000000000e+00
1.025500000000000078e+01,-4.897802509148155639e-03,6.351004419189008529e-03,-8.765709396975355150e-04,1.048738853348341439e-03,-7.623815085364549562e-03,0.000000000000000000e+00
1.025999999999999979e+01,-4.866147473368695291e-03,6.311050268870595399e-03,-8.713418237947955945e-04,1.042912251495571119e-03,-7.577990756827974149e-03,0.000000000000000000e+00
1.026500000000000057e+01,-4.834691603845744576e-03,6.271337687359547844e-03,-8.661417698286423073e-04,1.037114061999982626e-03,-7.532424178334700543e-03,0.000000000000000000e+00
1.026999999999999957e+01,-4.803433696167815417e-03,6.231865302800807492e-03,-8.609706359880459374e-04,1.031344184549488115e-03,-7.487114063866667606e-03,0.000000000000000000e+00
1.027500000000000036e+01,-4.772372552765255863e-03,6.192631750310107104e-03,-8.558282809636759284e-04,1.025602518777576693e-03,-7.442059132241767884e-03,0.000000000000000000e+00
1.027999999999999936e+01,-4.741506982875465410e-03,6.153635671946425766e-03,-8.507145639481579480e-04,1.019888964269172801e-03,-7.397258107112378300e-03,0.000000000000000000e+00
1.028500000000000014e+01,-4.710835802508247377e-03,6.114875716684472703e-03,-8.456293446363025460e-04,1.014203420566417825e-03,-7.352709716963719104e-03,0.000000000000000000e+00
1.029000000000000092e+01,-4.680357834411300912e-03,6.076350540387195388e-03,-8.405724832253044310e-04,1.008545787174376044e-03,-7.308412695111930063e-03,0.000000000000000000e+00
1.029499999999999993e+01,-4.650071908035845712e-03,6.038058805778315392e-03,-8.355438404149142075e-04,1.002915963566665533e-03,-7.264365779701971448e-03,0.000000000000000000e+00
1.030000000000000071e+01,-4.619976859502388997e-03,5.999999182414897207e-03,-8.305432774075811658e-04,9.973138491910129699e-04,-7.220567713705241392e-03,0.000000000000000000e+00
1.030499999999999972e+01,-4.590071531566626041e-03,5.962170346659947419e-03,-8.255706559085692915e-04,9.917393434747366621e-04,-7.177017244917051862e-03,0.000000000000000000e+00
1.031000000000000050e+01,-4.560354773585479499e-03,5.924570981655042506e-03,-8.206258381260458446e-04,9.861923458301541118e-04,-7.133713125953837497e-03,0.000000000000000000e+00
1.031499999999999950e+01,-4.530825441483274027e-03,5.887199777292991335e-03,-8.157086867711428341e-04,9.806727556599188940e-04,-7.090654114250168408e-03,0.000000000000000000e+00
1.032000000000000028e+01,-4.501482397718048825e-03,5.850055430190530606e-03,-8.108190650579920377e-04,9.751804723622846741e-04,-7.047838972055573033e-03,0.000000000000000000e+00
1.032500000000000107e+01,-4.472324511248008082e-03,5.813136643661055009e-03,-8.059568367037343254e-04,9.697153953362984283e-04,-7.005266466431125938e-03,0.000000000000000000e+00
1.033000000000000007e+01,-4.443350657498103262e-03,5.776442127687384659e-03,-8.011218659285025299e-04,9.642774239869232990e-04,-6.962935369245854336e-03,0.000000000000000000e+00
1.033500000000000085e+01,-4.414559718326754173e-03,5.739970598894564638e-03,-7.963140174553793790e-04,9.588664577300910850e-04,-6.920844457172945982e-03,0.000000000000000000e+00
1.033999999999999986e+01,-4.385950581992706203e-03,5.703720780522705293e-03,-7.915331565103300585e-04,9.534823959976864273e-04,-6.878992511685744562e-03,0.000000000000000000e+00
1.034500000000000064e+01,-4.357522143122024606e-03,5.667691402399859836e-03,-7.867791488221103800e-04,9.481251382424620401e-04,-6.837378319053585493e-03,0.000000000000000000e+00
1.034999999999999964e+01,-4.329273302675219759e-03,5.631881200914940107e-03,-7.820518606221499042e-04,9.427945839428862867e-04,-6.796000670337398394e-03,0.000000000000000000e+00
1.035500000000000043e+01,-4.301202967914512926e-03,5.596288918990673968e-03,-7.773511586444116451e-04,9.374906326079235352e-04,-6.754858361385149106e-03,0.000000000000000000e+00
1.035999999999999943e+01,-4.273310052371231266e-03,5.560913306056600863e-03,-7.726769101252278131e-04,9.322131837817481618e-04,-6.713950192827112563e-03,0.000000000000000000e+00
1.036500000000000021e+01,-4.245593475813345084e-03,5.525753118022112484e-03,-7.680289828031119231e-04,9.269621370483925246e-04,-6.673274970070914094e-03,0.000000000000000000e+00
1.037000000000000099e+01,-4.218052164213134322e-03,5.490807117249530724e-03,-7.634072449185481338e-04,9.217373920363299954e-04,-6.632831503296449278e-03,0.000000000000000000e+00
1.037500000000000000e+01,-4.190685049714990354e-03,5.456074072527235079e-03,-7.588115652137578191e-04,9.165388484229930466e-04,-6.592618607450589571e-03,0.000000000000000000e+00
1.038000000000000078e+01,-4.163491070603353092e-03,5.421552759042828212e-03,-7.542418129324432625e-04,9.113664059392280210e-04,-6.552635102241717927e-03,0.000000000000000000e+00
1.038499999999999979e+01,-4.136469171270782536e-03,5.387241958356350953e-03,-7.496978578195101018e-04,9.062199643736858256e-04,-6.512879812134123036e-03,0.000000000000000000e+00
1.039000000000000057e+01,-4.109618302186163023e-03,5.353140458373538933e-03,-7.451795701207670044e-04,9.010994235771505002e-04,-6.473351566342185406e-03,0.000000000000000000e+00
1.039499999999999957e+01,-4.082937419863041928e-03,5.319247053319129531e-03,-7.406868205826044188e-04,8.960046834668054447e-04,-6.434049198824422916e-03,0.000000000000000000e+00
1.040000000000000036e+01,-4.056425486828101057e-03,5.285560543710210446e-03,-7.362194804516522919e-04,8.909356440304384969e-04,-6.394971548277379389e-03,0.000000000000000000e+00
1.040499999999999936e+01,-4.030081471589760760e-03,5.252079736329622051e-03,-7.317774214744164271e-04,8.858922053305856451e-04,-6.356117458129324077e-03,0.000000000000000000e+00
1.041000000000000014e+01,-4.003904348606918476e-03,5.218803444199404847e-03,-7.273605158968944606e-04,8.808742675086148922e-04,-6.317485776533813234e-03,0.000000000000000000e+00
1.041500000000000092e+01,-3.977893098257819122e-03,5.185730486554294624e-03,-7.229686364641717787e-04,8.758817307887503808e-04,-6.279075356363111177e-03,0.000000000000000000e+00
1.041999999999999993e+01,-3.952046706809056453e-03,5.152859688815273134e-03,-7.186016564199972697e-04,8.709144954820372117e-04,-6.240885055201425731e-03,0.000000000000000000e+00
1.042500000000000071e+01,-3.926364166384708858e-03,5.120189882563161259e-03,-7.142594495063393431e-04,8.659724619902483666e-04,-6.202913735338005767e-03,0.000000000000000000e+00
1.042999999999999972e+01,-3.900844474935606133e-03,5.087719905512271164e-03,-7.099418899629226501e-04,8.610555308097328671e-04,-6.165160263760114702e-03,0.000000000000000000e+00
1.043500000000000050e+01,-3.875486636208728096e-03,5.055448601484106158e-03,-7.056488525267459386e-04,8.561636025352075546e-04,-6.127623512145812315e-03,0.000000000000000000e+00
1.043999999999999950e+01,-3.850289659716732860e-03,5.023374820381111723e-03,-7.013802124315803932e-04,8.512965778634914082e-04,-6.090302356856642021e-03,0.000000000000000000e+00
1.044500000000000028e+01,-3.825252560707619130e-03,4.991497418160485526e-03,-6.971358454074503023e-04,8.464543575971840254e-04,-6.053195678930143805e-03,0.000000000000000000e+00
1.045000000000000107e+01,-3.800374360134516852e-03,4.959815256808033403e-03,-6.929156276800949683e-04,8.416368426482884841e-04,-6.016302364072237049e-03,0.000000000000000000e+00
1.045500000000000007e+01,-3.775654084625610155e-03,4.928327204312087789e-03,-6.887194359704127290e-04,8.368439340417790180e-04,-5.979621302649476729e-03,0.000000000000000000e+00
1.046000000000000085e+01,-3.751090766454189072e-03,4.897032134637472993e-03,-6.845471474938871976e-04,8.320755329191141568e-04,-5.943151389681169960e-03,0.000000000000000000e+00
1.046499999999999986e+01,-3.726683443508832256e-03,4.865928927699532044e-03,-6.803986399599963727e-04,8.273315405416964158e-04,-5.906891524831358979e-03,0.000000000000000000e+00
1.047000000000000064e+01,-3.702431159263720219e-03,4.835016469338209930e-03,-6.762737915716042925e-04,8.226118582942777745e-04,-5.870840612400673141e-03,0.000000000000000000e+00
1.047499999999999964e+01,-3.678332962749075643e-03,4.804293651292186260e-03,-6.721724810243356668e-04,8.179163876883131139e-04,-5.834997561318054290e-03,0.000000000000000000e+00
1.048000000000000043e+01,-3.654387908521734233e-03,4.773759371173074730e-03,-6.680945875059345713e-04,8.132450303652607451e-04,-5.799361285132374581e-03,0.000000000000000000e+00
1.048499999999999943e+01,-3.630595056635845669e-03,4.743412532439672882e-03,-6.640399906956057953e-04,8.085976880998314376e-04,-5.763930702003898163e-03,0.000000000000000000e+00
1.049000000000000021e+01,-3.606953472613700761e-03,4.713252044372275192e-03,-6.600085707633407926e-04,8.039742628031860570e-04,-5.728704734695654402e-03,0.000000000000000000e+00
1.049500000000000099e+01,-3.583462227416689145e-03,4.683276822047041654e-03,-6.560002083692275873e-04,7.993746565260828954e-04,-5.693682310564676663e-03,0.000000000000000000e+00
1.050000000000000000e+01,-3.560120397416382306e-03,4.653485786310427100e-03,-6.520147846627449579e-04,7.947987714619739359e-04,-5.658862361553124859e-03,0.000000000000000000e+00
1.050500000000000078e+01,-3.536927064365747581e-03,4.623877863753670346e-03,-6.480521812820413344e-04,7.902465099500523282e-04,-5.624243824179293513e-03,0.000000000000000000e+00
1.050999999999999979e+01,-3.513881315370487486e-03,4.594451986687344940e-03,-6.441122803531984086e-04,7.857177744782502075e-04,-5.589825639528514870e-03,0.000000000000000000e+00
1.051500000000000057e+01,-3.490982242860505257e-03,4.565207093115966272e-03,-6.401949644894804319e-04,7.812124676861879414e-04,-5.555606753243950112e-03,0.000000000000000000e+00
1.051999999999999957e+01,-3.468228944561500045e-03,4.536142126712666353e-03,-6.363001167905682270e-04,7.767304923680750208e-04,-5.521586115517265227e-03,0.000000000000000000e+00
1.052500000000000036e+01,-3.445620523466686597e-03,4.507256036793924094e-03,-6.324276208417791041e-04,7.722717514755637891e-04,-5.487762681079207117e-03,0.000000000000000000e+00
1.052999999999999936e+01,-3.423156087808641116e-03,4.478547778294364110e-03,-6.285773607132725746e-04,7.678361481205555738e-04,-5.454135409190059153e-03,0.000000000000000000e+00
1.053500000000000014e+01,-3.400834751031273345e-03,4.450016311741611039e-03,-6.247492209592424035e-04,7.634235855779600895e-04,-5.420703263630040347e-03,0.000000000000000000e+00
1.054000000000000092e+01,-3.378655631761925699e-03,4.421660603231214980e-03,-6.209430866170944589e-04,7.590339672884089794e-04,-5.387465212689531921e-03,0.000000000000000000e+00
1.054499999999999993e+01,-3.356617853783594712e-03,4.393479624401631575e-03,-6.171588432066117680e-04,7.546671968609233857e-04,-5.354420229159287392e-03,0.000000000000000000e+00
1.055000000000000071e+01,-3.334720546007278671e-03,4.365472352409273220e-03,-6.133963767291056952e-04,7.503231780755364186e-04,-5.321567290320471794e-03,0.000000000000000000e+00
1.055499999999999972e+01,-3.312962842444451897e-03,4.337637769903622716e-03,-6.096555736665545434e-04,7.460018148858709548e-04,-5.288905377934649717e-03,0.000000000000000000e+00
1.056000000000000050e+01,-3.291343882179659577e-03,4.309974865002409380e-03,-6.059363209807292535e-04,7.417030114216729845e-04,-5.256433478233677944e-03,0.000000000000000000e+00
1.056499999999999950e+01,-3.269862809343239245e-03,4.282482631266851074e-03,-6.022385061123064183e-04,7.374266719913009395e-04,-5.224150581909480992e-03,0.000000000000000000e+00
1.057000000000000028e+01,-3.248518773084165846e-03,4.255160067676964745e-03,-5.985620169799694794e-04,7.331727010841724125e-04,-5.192055684103769400e-03,0.000000000000000000e+00
1.057500000000000107e+01,-3.227310927543017380e-03,4.228006178606939433e-03,-5.949067419794968042e-04,7.289410033731669658e-04,-5.160147784397656548e-03,0.000000000000000000e+00
1.058000000000000007e+01,-3.206238431825067601e-03,4.201019973800575180e-03,-5.912725699828390302e-04,7.247314837169875233e-04,-5.128425886801169647e-03,0.000000000000000000e+00
1.058500000000000085e+01,-3.185300449973497983e-03,4.174200468346791343e-03,-5.876593903371837239e-04,7.205440471624789374e-04,-5.096888999742725176e-03,0.000000000000000000e+00
1.058999999999999986e+01,-3.164496150942733288e-03,4.147546682655200816e-03,-5.840670928640091970e-04,7.163785989469057891e-04,-5.065536136058465533e-03,0.000000000000000000e+00
1.059500000000000064e+01,-3.143824708571899430e-03,4.121057642431750177e-03,-5.804955678581267230e-04,7.122350445001883381e-04,-5.034366312981557526e-03,0.000000000000000000e+00
1.059999999999999964e+01,-3.123285301558402765e-03,4.094732378654428358e-03,-5.769447060867118017e-04,7.081132894470982490e-04,-5.003378552131398926e-03,0.000000000000000000e+00
1.060500000000000043e+01,-3.102877113431629086e-03,4.068569927549042960e-03,-5.734143987883242579e-04,7.040132396094143106e-04,-4.972571879502727006e-03,0.000000000000000000e+00
1.060999999999999943e+01,-3.082599332526767075e-03,4.042569330565065969e-03,-5.699045376719182564e-04,6.999348010080377143e-04,-4.941945325454692381e-03,0.000000000000000000e+00
1.061500000000000021e+01,-3.062451151958748424e-03,4.016729634351545383e-03,-5.664150149158412575e-04,6.958778798650688433e-04,-4.911497924699825303e-03,0.000000000000000000e+00
1.062000000000000099e+01,-3.042431769596310679e-03,3.991049890733088835e-03,-5.629457231668229993e-04,6.918423826058441636e-04,-4.881228716292936032e-03,0.000000000000000000e+00
1.062500000000000000e+01,-3.022540388036179353e-03,3.965529156685913131e-03,-5.594965555389542870e-04,6.878282158609356003e-04,-4.851136743619961431e-03,0.000000000000000000e+00
1.063000000000000078e+01,-3.002776214577370165e-03,3.940166494313966650e-03,-5.560674056126558087e-04,6.838352864681111016e-04,-4.821221054386718753e-03,0.000000000000000000e+00
1.063499999999999979e+01,-2.983138461195608809e-03,3.914960970825116793e-03,-5.526581674336374095e-04,6.798635014742579041e-04,-4.791480700607605656e-03,0.000000000000000000e+00
1.064000000000000057e+01,-2.963626344517871283e-03,3.889911658507413331e-03,-5.492687355118478247e-04,6.759127681372683943e-04,-4.761914738594231686e-03,0.000000000000000000e+00
1.064499999999999957e+01,-2.944239085797042618e-03,3.865017634705416368e-03,-5.458990048204149809e-04,6.719829939278891074e-04,-4.732522228943989058e-03,0.000000000000000000e+00
1.065000000000000036e+01,-2.924975910886692693e-03,3.840277981796597160e-03,-5.425488707945770811e-04,6.680740865315337295e-04,-4.703302236528546232e-03,0.000000000000000000e+00
1.065499999999999936e+01,-2.905836050215970887e-03,3.815691787167810930e-03,-5.392182293306050159e-04,6.641859538500591298e-04,-4.674253830482298991e-03,0.000000000000000000e+00
1.066000000000000014e+01,-2.886818738764617386e-03,3.791258143191836901e-03,-5.359069767847154508e-04,6.603185040035066972e-04,-4.645376084190738254e-03,0.000000000000000000e+00
1.066500000000000092e+01,-2.867923216038093318e-03,3.766976147203993791e-03,-5.326150099719758908e-04,6.564716453318080076e-04,-4.616668075278787531e-03,0.000000000000000000e+00
1.066999999999999993e+01,-2.849148726042824084e-03,3.742844901478823393e-03,-5.293422261652009622e-04,6.526452863964554707e-04,-4.588128885599054504e-03,0.000000000000000000e+00
1.067500000000000071e+01,-2.830494517261564116e-03,3.718863513206847014e-03,-5.260885230938406720e-04,6.488393359821389332e-04,-4.559757601220052262e-03,0.000000000000000000e+00
1.067999999999999972e+01,-2.811959842628872653e-03,3.695031094471393478e-03,-5.228537989428599930e-04,6.450537030983478047e-04,-4.531553312414343324e-03,0.000000000000000000e+00
1.068500000000000050e+01,-2.793543959506708790e-03,3.671346762225499976e-03,-5.196379523516114025e-04,6.412882969809396809e-04,-4.503515113646644648e-03,0.000000000000000000e+00
1.068999999999999950e+01,-2.775246129660140140e-03,3.647809638268883613e-03,-5.164408824126987462e-04,6.375430270936757911e-04,-4.475642103561874516e-03,0.000000000000000000e+00
1.069500000000000028e+01,-2.757065619233166863e-03,3.624418849224985816e-03,-5.132624886708343813e-04,6.338178031297230517e-04,-4.447933384973157787e-03,0.000000000000000000e+00
1.070000000000000107e+01,-2.739001698724660185e-03,3.601173526518090459e-03,-5.101026711216880786e-04,6.301125350131238107e-04,-4.420388064849767838e-03,0.000000000000000000e+00
1.070500000000000007e+01,-2.721053642964415837e-03,3.578072806350512686e-03,-5.069613302107293116e-04,6.264271329002337168e-04,-4.393005254305037272e-03,0.000000000000000000e+00
1.071000000000000085e+01,-2.703220731089319394e-03,3.555115829679862758e-03,-5.038383668320619560e-04,6.227615071811268450e-04,-4.365784068584198374e-03,0.000000000000000000e+00
1.071499999999999986e+01,-2.685502246519627829e-03,3.532301742196381454e-03,-5.007336823272524840e-04,6.191155684809702487e-04,-4.338723627052206225e-03,0.000000000000000000e+00
1.072000000000000064e+01,-2.667897476935362534e-03,3.509629694300349639e-03,-4.976471784841508946e-04,6.154892276613669602e-04,-4.311823053181508894e-03,0.000000000000000000e+00
1.072499999999999964e+01,-2.650405714252815088e-03,3.487098841079569380e-03,-4.945787575357053550e-04,6.118823958216680929e-04,-4.285081474539749122e-03,0.000000000000000000e+00
1.073000000000000043e+01,-2.633026254601166221e-03,3.464708342286921833e-03,-4.915283221587703373e-04,6.082949843002550183e-04,-4.258498022777471199e-03,0.000000000000000000e+00
1.073499999999999943e+01,-2.615758398299216237e-03,3.442457362317995814e-03,-4.884957754729080332e-04,6.047269046757906439e-04,-4.232071833615744585e-03,0.000000000000000000e+00
1.074000000000000021e+01,-2.598601449832226885e-03,3.420345070188791827e-03,-4.854810210391841845e-04,6.011780687684419597e-04,-4.205802046833774510e-03,0.000000000000000000e+00
1.074500000000000099e+01,-2.581554717828875561e-03,3.398370639513498530e-03,-4.824839628589574093e-04,5.976483886410723350e-04,-4.179687806256464876e-03,0.000000000000000000e+00
1.075000000000000000e+01,-2.564617515038319223e-03,3.376533248482345515e-03,-4.795045053726628890e-04,5.941377766004053013e-04,-4.153728259741950798e-03,0.000000000000000000e+00
1.075500000000000078e+01,-2.547789158307369340e-03,3.354832079839527650e-03,-4.765425534585900937e-04,5.906461451981593865e-04,-4.127922559169079110e-03,0.000000000000000000e+00
1.075999999999999979e+01,-2.531068968557777851e-03,3.333266320861206188e-03,-4.735980124316551397e-04,5.871734072321545435e-04,-4.102269860424879316e-03,0.000000000000000000e+00
1.076500000000000057e+01,-2.514456270763631117e-03,3.311835163333581855e-03,-4.706707880421675638e-04,5.837194757473909311e-04,-4.076769323391985986e-03,0.000000000000000000e+00
1.076999999999999957e+01,-2.497950393928855331e-03,3.290537803531044716e-03,-4.677607864745916767e-04,5.802842640370993975e-04,-4.051420111936017768e-03,0.000000000000000000e+00
1.077500000000000036e+01,-2.481550671064829475e-03,3.269373442194396448e-03,-4.648679143463029829e-04,5.768676856437646421e-04,-4.026221393892965086e-03,0.000000000000000000e+00
1.077999999999999936e+01,-2.465256439168108001e-03,3.248341284509149388e-03,-4.619920787063393425e-04,5.734696543601220308e-04,-4.001172341056494566e-03,0.000000000000000000e+00
1.078500000000000014e+01,-2.449067039198250632e-03,3.227440540083898867e-03,-4.591331870341473081e-04,5.700900842301265476e-04,-3.976272129165274276e-03,0.000000000000000000e+00
1.079000000000000092e+01,-2.432981816055761887e-03,3.206670422928770137e-03,-4.562911472383235833e-04,5.667288895498962670e-04,-3.951519937890231315e-03,0.000000000000000000e+00
1.079499999999999993e+01,-2.417000118560135979e-03,3.186030151433942494e-03,-4.534658676553519809e-04,5.633859848686291558e-04,-3.926914950821813743e-03,0.000000000000000000e+00
1.080000000000000071e+01,-2.401121299428011016e-03,3.165518948348244963e-03,-4.506572570483357741e-04,5.600612849894940704e-04,-3.902456355457209133e-03,0.000000000000000000e+00
1.080499999999999972e+01,-2.385344715251429010e-03,3.145136040757830036e-03,-4.478652246057256018e-04,5.567547049704964918e-04,-3.878143343187541014e-03,0.000000000000000000e+00
1.081000000000000050e+01,-2.369669726476201707e-03,3.124880660064920709e-03,-4.450896799400433086e-04,5.534661601253191079e-04,-3.853975109285043624e-03,0.000000000000000000e+00
1.081499999999999950e+01,-2.354095697380383968e-03,3.104752041966633413e-03,-4.423305330866013937e-04,5.501955660241370253e-04,-3.829950852890217153e-03,0.000000000000000000e+00
1.082000000000000028e+01,-2.338621996052851672e-03,3.084749426433876836e-03,-4.395876945022186106e-04,5.469428384944088027e-04,-3.806069776998954792e-03,0.000000000000000000e+00
1.082500000000000107e+01,-2.323247994371985866e-03,3.064872057690323608e-03,-4.368610750639316097e-04,5.437078936216429821e-04,-3.782331088449657208e-03,0.000000000000000000e+00
1.083000000000000007e+01,-2.307973067984460565e-03,3.045119184191460472e-03,-4.341505860677027321e-04,5.404906477501406591e-04,-3.758733997910317960e-03,0.000000000000000000e+00
1.083500000000000085e+01,-2.292796596284136373e-03,3.025490058603710897e-03,-4.314561392271244961e-04,5.372910174837145251e-04,-3.735277719865598076e-03,0.000000000000000000e+00
1.083999999999999986e+01,-2.277717962391057754e-03,3.005983937783634867e-03,-4.287776466721199644e-04,5.341089196863838418e-04,-3.711961472603878074e-03,0.000000000000000000e+00
1.084500000000000064e+01,-2.262736553130554815e-03,2.986600082757204146e-03,-4.261150209476402919e-04,5.309442714830470795e-04,-3.688784478204295680e-03,0.000000000000000000e+00
1.084999999999999964e+01,-2.247851759012446573e-03,2.967337758699151260e-03,-4.234681750123585331e-04,5.277969902601311377e-04,-3.665745962523767054e-03,0.000000000000000000e+00
1.085500000000000043e+01,-2.233062974210349612e-03,2.948196234912395675e-03,-4.208370222373604679e-04,5.246669936662180138e-04,-3.642845155183991983e-03,0.000000000000000000e+00
1.085999999999999943e+01,-2.218369596541088212e-03,2.929174784807544573e-03,-4.182214764048323378e-04,5.215541996126495713e-04,-3.620081289558446051e-03,0.000000000000000000e+00
1.086500000000000021e+01,-2.203771027444207265e-03,2.910272685882469516e-03,-4.156214517067455456e-04,5.184585262741096476e-04,-3.597453602759361109e-03,0.000000000000000000e+00
1.087000000000000099e+01,-2.189266671961585808e-03,2.891489219701958140e-03,-4.130368627435385912e-04,5.153798920891849121e-04,-3.574961335624687528e-03,0.000000000000000000e+00
1.087500000000000000e+01,-2.174855938717154633e-03,2.872823671877440879e-03,-4.104676245227960795e-04,5.123182157609039314e-04,-3.552603732705050810e-03,0.000000000000000000e+00
1.088000000000000078e+01,-2.160538239896712780e-03,2.854275332046795743e-03,-4.079136524579253433e-04,5.092734162572553095e-04,-3.530380042250694760e-03,0.000000000000000000e+00
1.088499999999999979e+01,-2.146312991227845076e-03,2.835843493854224226e-03,-4.053748623668303012e-04,5.062454128116843609e-04,-3.508289516198421186e-03,0.000000000000000000e+00
1.089000000000000057e+01,-2.132179611959942028e-03,2.817527454930206579e-03,-4.028511704705830393e-04,5.032341249235696172e-04,-3.486331410158504882e-03,0.000000000000000000e+00
1.089499999999999957e+01,-2.118137524844317283e-03,2.799326516871530803e-03,-4.003424933920929525e-04,5.002394723586784091e-04,-3.464504983401620747e-03,0.000000000000000000e+00
1.090000000000000036e+01,-2.104186156114426151e-03,2.781239985221396673e-03,-3.978487481547736643e-04,4.972613751496028243e-04,-3.442809498845744026e-03,0.000000000000000000e+00
1.090499999999999936e+01,-2.090324935466183424e-03,2.763267169449596956e-03,-3.953698521812079938e-04,4.942997535961752816e-04,-3.421244223043059651e-03,0.000000000000000000e+00
1.091000000000000014e+01,-2.076553296038379653e-03,2.745407382932771485e-03,-3.929057232918105932e-04,4.913545282658642651e-04,-3.399808426166859437e-03,0.000000000000000000e+00
1.091500000000000092e+01,-2.062870674393196303e-03,2.727659942934738437e-03,-3.904562797034889570e-04,4.884256199941515181e-04,-3.378501381998428015e-03,0.000000000000000000e+00
1.091999999999999993e+01,-2.049276510496818044e-03,2.710024170586901055e-03,-3.880214400283023193e-04,4.855129498848889625e-04,-3.357322367913938722e-03,0.000000000000000000e+00
1.092500000000000071e+01,-2.035770247700144364e-03,2.692499390868728550e-03,-3.856011232721190851e-04,4.826164393106374575e-04,-3.336270664871329554e-03,0.000000000000000000e+00
1.092999999999999972e+01,-2.022351332719598323e-03,2.675084932588312446e-03,-3.831952488332723665e-04,4.797360099129864227e-04,-3.315345557397191695e-03,0.000000000000000000e+00
1.093500000000000050e+01,-2.009019215618030717e-03,2.657780128362998394e-03,-3.808037365012141074e-04,4.768715836028553003e-04,-3.294546333573642426e-03,0.000000000000000000e+00
1.093999999999999950e+01,-1.995773349785722687e-03,2.640584314600093446e-03,-3.784265064551678545e-04,4.740230825607766405e-04,-3.273872285025212787e-03,0.000000000000000000e+00
1.094500000000000028e+01,-1.982613191921484604e-03,2.623496831477648786e-03,-3.760634792627797385e-04,4.711904292371613514e-04,-3.253322706905709648e-03,0.000000000000000000e+00
1.095000000000000107e+01,-1.969538202013849069e-03,2.606517022925316195e-03,-3.737145758787687507e-04,4.683735463525459512e-04,-3.232896897885109005e-03,0.000000000000000000e+00
1.095500000000000007e+01,-1.956547843322361483e-03,2.589644236605279527e-03,-3.713797176435753395e-04,4.655723568978225278e-04,-3.212594160136422825e-03,0.000000000000000000e+00
1.096000000000000085e+01,-1.943641582358964079e-03,2.572877823893263399e-03,-3.690588262820091933e-04,4.627867841344515134e-04,-3.192413799322584098e-03,0.000000000000000000e+00
1.096499999999999986e+01,-1.930818888869476665e-03,2.556217139859614292e-03,-3.667518239018958308e-04,4.600167515946570031e-04,-3.172355124583326261e-03,0.000000000000000000e+00
1.097000000000000064e+01,-1.918079235815169743e-03,2.539661543250457121e-03,-3.644586329927223785e-04,4.572621830816055947e-04,-3.152417448522067817e-03,0.000000000000000000e+00
1.097499999999999964e+01,-1.905422099354432816e-03,2.523210396468927256e-03,-3.621791764242824263e-04,4.545230026695686390e-04,-3.132600087192799997e-03,0.000000000000000000e+00
1.098000000000000043e+01,-1.892846958824536156e-03,2.506863065556477147e-03,-3.599133774453201241e-04,4.517991347040677401e-04,-3.112902360086980923e-03,0.000000000000000000e+00
1.098499999999999943e+01,-1.880353296723485815e-03,2.490618920174256234e-03,-3.576611596821736828e-04,4.490905038020045884e-04,-3.093323590120430205e-03,0.000000000000000000e+00
1.099000000000000021e+01,-1.867940598691971658e-03,2.474477333584567621e-03,-3.554224471374180607e-04,4.463970348517743141e-04,-3.073863103620226578e-03,0.000000000000000000e+00
1.099500000000000099e+01,-1.855608353495407335e-03,2.458437682632396305e-03,-3.531971641885072724e-04,4.437186530133636615e-04,-3.054520230311623744e-03,0.000000000000000000e+00
1.100000000000000000e+01,-1.843356053006063502e-03,2.442499347727015036e-03,-3.509852355864163161e-04,4.410552837184331717e-04,-3.035294303304959286e-03,0.000000000000000000e+00
1.100500000000000078e+01,-1.831183192185291669e-03,2.426661712823661738e-03,-3.487865864542825066e-04,4.384068526703841862e-04,-3.016184659082575721e-03,0.000000000000000000e+00
1.100999999999999979e+01,-1.819089269065840651e-03,2.410924165405292814e-03,-3.466011422860467523e-04,4.357732858444109429e-04,-2.997190637485754559e-03,0.000000000000000000e+00
1.101500000000000057e+01,-1.807073784734262566e-03,2.395286096464409320e-03,-3.444288289450943459e-04,4.331545094875376015e-04,-2.978311581701646032e-03,0.000000000000000000e+00
1.101999999999999957e+01,-1.795136243313411213e-03,2.379746900484959026e-03,-3.422695726628958621e-04,4.305504501186404155e-04,-2.959546838250221371e-03,0.000000000000000000e+00
1.102500000000000036e+01,-1.783276151945029564e-03,2.364305975424309605e-03,-3.401233000376478396e-04,4.279610345284557554e-04,-2.940895756971225947e-03,0.000000000000000000e+00
1.102999999999999936e+01,-1.771493020772427467e-03,2.348962722695298582e-03,-3.379899380329135167e-04,4.253861897795736574e-04,-2.922357691011147601e-03,0.000000000000000000e+00
1.103500000000000014e+01,-1.759786362923249341e-03,2.333716547148354404e-03,-3.358694139762636211e-04,4.228258432064171154e-04,-2.903931996810187998e-03,0.000000000000000000e+00
1.104000000000000092e+01,-1.748155694492330549e-03,2.318566857053693409e-03,-3.337616555579171599e-04,4.202799224152079286e-04,-2.885618034089251771e-03,0.000000000000000000e+00
1.104499999999999993e+01,-1.736600534524642683e-03,2.303513064083588784e-03,-3.316665908293827520e-04,4.177483552839182375e-04,-2.867415165836953439e-03,0.000000000000000000e+00
1.105000000000000071e+01,-1.725120404998327969e-03,2.288554583294713680e-03,-3.295841482020997427e-04,4.152310699622091040e-04,-2.849322758296610018e-03,0.000000000000000000e+00
1.105499999999999972e+01,-1.713714830807820623e-03,2.273690833110556756e-03,-3.275142564460802410e-04,4.127279948713553762e-04,-2.831340180953285674e-03,0.000000000000000000e+00
1.106000000000000050e+01,-1.702383339747057115e-03,2.258921235303912312e-03,-3.254568446885511019e-04,4.102390587041577054e-04,-2.813466806520811651e-03,0.000000000000000000e+00
1.106499999999999950e+01,-1.691125462492772732e-03,2.244245214979441547e-03,-3.234118424125965595e-04,4.077641904248413356e-04,-2.795702010928848708e-03,0.000000000000000000e+00
1.107000000000000028e+01,-1.679940732587886180e-03,2.229662200556309284e-03,-3.213791794558013481e-04,4.053033192689423168e-04,-2.778045173309940871e-03,0.000000000000000000e+00
1.107500000000000107e+01,-1.668828686424970054e-03,2.215171623750890936e-03,-3.193587860088945821e-04,4.028563747431811951e-04,-2.760495675986607798e-03,0.000000000000000000e+00
1.108000000000000007e+01,-1.657788863229808047e-03,2.200772919559554081e-03,-3.173505926143940152e-04,4.004232866253241269e-04,-2.743052904458423251e-03,0.000000000000000000e+00
1.108500000000000085e+01,-1.646820805045037589e-03,2.186465526241512022e-03,-3.153545301652513301e-04,3.980039849640316864e-04,-2.725716247389136943e-03,0.000000000000000000e+00
1.108999999999999986e+01,-1.635924056713878791e-03,2.172248885301748464e-03,-3.133705299034980239e-04,3.955984000786960729e-04,-2.708485096593799858e-03,0.000000000000000000e+00
1.109500000000000064e+01,-1.625098165863947310e-03,2.158122441474017231e-03,-3.113985234188921072e-04,3.932064625592659036e-04,-2.691358847025895201e-03,0.000000000000000000e+00
1.109999999999999964e+01,-1.614342682891154162e-03,2.144085642703912661e-03,-3.094384426475658869e-04,3.908281032660597854e-04,-2.674336896764514457e-03,0.000000000000000000e+00
1.110500000000000043e+01,-1.603657160943687283e-03,2.130137940132010698e-03,-3.074902198706745086e-04,3.884632533295679594e-04,-2.657418647001516965e-03,0.000000000000000000e+00
1.110999999999999943e+01,-1.593041155906079398e-03,2.116278788077084576e-03,-3.055537877130457447e-04,3.861118441502428881e-04,-2.640603502028738506e-03,0.000000000000000000e+00
1.111500000000000021e+01,-1.582494226383358935e-03,2.102507644019391189e-03,-3.036290791418305973e-04,3.837738073982786195e-04,-2.623890869225194676e-03,0.000000000000000000e+00
1.112000000000000099e+01,-1.572015933685283777e-03,2.088823968584027722e-03,-3.017160274651552545e-04,3.814490750133788226e-04,-2.607280159044315926e-03,0.000000000000000000e+00
1.112500000000000000e+01,-1.561605841810659139e-03,2.075227225524362874e-03,-2.998145663307741327e-04,3.791375792045144680e-04,-2.590770785001199512e-03,0.000000000000000000e+00
1.113000000000000078e+01,-1.551263517431736554e-03,2.061716881705536603e-03,-2.979246297247241100e-04,3.768392524496704497e-04,-2.574362163659873158e-03,0.000000000000000000e+00
1.113499999999999979e+01,-1.540988529878696989e-03,2.048292407088031855e-03,-2.960461519699801700e-04,3.745540274955817448e-04,-2.558053714620591671e-03,0.000000000000000000e+00
1.114000000000000057e+01,-1.530780451124214622e-03,2.034953274711318733e-03,-2.941790677251122921e-04,3.722818373574594353e-04,-2.541844860507140938e-03,0.000000000000000000e+00
1.114499999999999957e+01,-1.520638855768103020e-03,2.021698960677568036e-03,-2.923233119829438597e-04,3.700226153187061054e-04,-2.525735026954172707e-03,0.000000000000000000e+00
1.115000000000000036e+01,-1.510563321022041555e-03,2.008528944135435940e-03,-2.904788200692113155e-04,3.677762949306215886e-04,-2.509723642594554986e-03,0.000000000000000000e+00
1.115499999999999936e+01,-1.500553426694383992e-03,1.995442707263920222e-03,-2.886455276412254966e-04,3.655428100120986868e-04,-2.493810139046740652e-03,0.000000000000000000e+00
1.116000000000000014e+01,-1.490608755175046665e-03,1.982439735256285879e-03,-2.868233706865344883e-04,3.633220946493088597e-04,-2.477993950902171189e-03,0.000000000000000000e+00
1.116500000000000092e+01,-1.480728891420477313e-03,1.969519516304061441e-03,-2.850122855215879956e-04,3.611140831953788617e-04,-2.462274515712685637e-03,0.000000000000000000e+00
1.116999999999999993e+01,-1.470913422938703715e-03,1.956681541581106396e-03,-2.832122087904033404e-04,3.589187102700574583e-04,-2.446651273977960318e-03,0.000000000000000000e+00
1.117500000000000071e+01,-1.461161939774461259e-03,1.943925305227746283e-03,-2.814230774632333026e-04,3.567359107593731974e-04,-2.431123669132975035e-03,0.000000000000000000e+00
1.117999999999999972e+01,-1.451474034494400732e-03,1.931250304334980851e-03,-2.796448288352355329e-04,3.545656198152826941e-04,-2.415691147535494430e-03,0.000000000000000000e+00
1.118500000000000050e+01,-1.441849302172373750e-03,1.918656038928759225e-03,-2.778774005251438087e-04,3.524077728553102963e-04,-2.400353158453577985e-03,0.000000000000000000e+00
1.118999999999999950e+01,-1.432287340374797761e-03,1.906142011954326193e-03,-2.761207304739411879e-04,3.502623055621785345e-04,-2.385109154053112988e-03,0.000000000000000000e+00
1.119500000000000028e+01,-1.422787749146098030e-03,1.893707729260637237e-03,-2.743747569435348423e-04,3.481291538834301686e-04,-2.369958589385369636e-03,0.000000000000000000e+00
1.120000000000000107e+01,-1.413350130994228335e-03,1.881352699584842728e-03,-2.726394185154330059e-04,3.460082540310412905e-04,-2.354900922374583878e-03,0.000000000000000000e+00
1.120500000000000007e+01,-1.403974090876267990e-03,1.869076434536842170e-03,-2.709146540894237661e-04,3.438995424810265119e-04,-2.339935613805559783e-03,0.000000000000000000e+00
1.121000000000000085e+01,-1.394659236184097369e-03,1.856878448583905656e-03,-2.692004028822559151e-04,3.418029559730353158e-04,-2.325062127311306164e-03,0.000000000000000000e+00
1.121499999999999986e+01,-1.385405176730148671e-03,1.844758259035365368e-03,-2.674966044263217524e-04,3.397184315099407103e-04,-2.310279929360688819e-03,0.000000000000000000e+00
1.122000000000000064e+01,-1.376211524733234309e-03,1.832715386027375815e-03,-2.658031985683420020e-04,3.376459063574194794e-04,-2.295588489246108786e-03,0.000000000000000000e+00
1.122499999999999964e+01,-1.367077894804450333e-03,1.820749352507741075e-03,-2.641201254680528975e-04,3.355853180435247910e-04,-2.280987279071219637e-03,0.000000000000000000e+00
1.123000000000000043e+01,-1.358003903933156396e-03,1.808859684220811637e-03,-2.624473255968953820e-04,3.335366043582509979e-04,-2.266475773738653443e-03,0.000000000000000000e+00
1.123499999999999943e+01,-1.348989171473029876e-03,1.797045909692448476e-03,-2.607847397367064760e-04,3.314997033530907950e-04,-2.252053450937784897e-03,0.000000000000000000e+00
1.124000000000000021e+01,-1.340033319128196765e-03,1.785307560215055635e-03,-2.591323089784129219e-04,3.294745533405847885e-04,-2.237719791132516262e-03,0.000000000000000000e+00
1.124500000000000099e+01,-1.331135970939435406e-03,1.773644169832680039e-03,-2.574899747207271060e-04,3.274610928938639616e-04,-2.223474277549094408e-03,0.000000000000000000e+00
1.125000000000000000e+01,-1.322296753270455925e-03,1.762055275326178741e-03,-2.558576786688452568e-04,3.254592608461844981e-04,-2.209316396163952569e-03,0.000000000000000000e+00
1.125500000000000078e+01,-1.313515294794252719e-03,1.750540416198454472e-03,-2.542353628331480288e-04,3.234689962904558833e-04,-2.195245635691578118e-03,0.000000000000000000e+00
1.125999999999999979e+01,-1.304791226479531333e-03,1.739099134659756679e-03,-2.526229695279033085e-04,3.214902385787617948e-04,-2.181261487572408973e-03,0.000000000000000000e+00
1.126500000000000057e+01,-1.296124181577208191e-03,1.727730975613051305e-03,-2.510204413699716232e-04,3.195229273218742178e-04,-2.167363445960759048e-03,0.000000000000000000e+00
1.126999999999999957e+01,-1.287513795606983402e-03,1.716435486639456475e-03,-2.494277212775140970e-04,3.175670023887607290e-04,-2.153551007712774940e-03,0.000000000000000000e+00
1.127500000000000036e+01,-1.278959706343986208e-03,1.705212217983744774e-03,-2.478447524687024130e-04,3.156224039060852218e-04,-2.139823672374414724e-03,0.000000000000000000e+00
1.127999999999999936e+01,-1.270461553805493074e-03,1.694060722539912286e-03,-2.462714784604318110e-04,3.136890722577020713e-04,-2.126180942169459721e-03,0.000000000000000000e+00
1.128500000000000014e+01,-1.262018980237717553e-03,1.682980555836813578e-03,-2.447078430670363079e-04,3.117669480841439578e-04,-2.112622321987554005e-03,0.000000000000000000e+00
1.129000000000000092e+01,-1.253631630102671054e-03,1.671971276023863666e-03,-2.431537903990067101e-04,3.098559722821035093e-04,-2.099147319372273411e-03,0.000000000000000000e+00
1.129499999999999993e+01,-1.245299150065096692e-03,1.661032443856804179e-03,-2.416092648617110109e-04,3.079560860039084395e-04,-2.085755444509227070e-03,0.000000000000000000e+00
1.130000000000000071e+01,-1.237021188979472303e-03,1.650163622683537392e-03,-2.400742111541175798e-04,3.060672306569910475e-04,-2.072446210214179321e-03,0.000000000000000000e+00
1.130499999999999972e+01,-1.228797397877085451e-03,1.639364378430023571e-03,-2.385485742675209811e-04,3.041893479033515378e-04,-2.059219131921214557e-03,0.000000000000000000e+00
1.131000000000000050e+01,-1.220627429953177615e-03,1.628634279586245763e-03,-2.370322994842704754e-04,3.023223796590157023e-04,-2.046073727670919863e-03,0.000000000000000000e+00
1.131499999999999950e+01,-1.212510940554159923e-03,1.617972897192237894e-03,-2.355253323765013141e-04,3.004662680934866393e-04,-2.033009518098610573e-03,0.000000000000000000e+00
1.132000000000000028e+01,-1.204447587164896765e-03,1.607379804824179232e-03,-2.340276188048686615e-04,2.986209556291910517e-04,-2.020026026422567546e-03,0.000000000000000000e+00
1.132500000000000107e+01,-1.196437029396060087e-03,1.596854578580552807e-03,-2.325391049172843914e-04,2.967863849409200150e-04,-2.007122778432329953e-03,0.000000000000000000e+00
1.133000000000000007e+01,-1.188478928971552868e-03,1.586396797068368673e-03,-2.310597371476567018e-04,2.949624989552643794e-04,-1.994299302476997167e-03,0.000000000000000000e+00
1.133500000000000085e+01,-1.180572949715999811e-03,1.576006041389451783e-03,-2.295894622146325489e-04,2.931492408500447505e-04,-1.981555129453572289e-03,0.000000000000000000e+00
1.133999999999999986e+01,-1.172718757542308291e-03,1.565681895126793842e-03,-2.281282271203428458e-04,2.913465540537365367e-04,-1.968889792795336033e-03,0.000000000000000000e+00
1.134500000000000064e+01,-1.164916020439295654e-03,1.555423944330968896e-03,-2.266759791491507778e-04,2.895543822448896302e-04,-1.956302828460250096e-03,0.000000000000000000e+00
1.134999999999999964e+01,-1.157164408459386128e-03,1.545231777506613337e-03,-2.252326658664027478e-04,2.877726693515434255e-04,-1.943793774919393494e-03,0.000000000000000000e+00
1.135500000000000043e+01,-1.149463593706373217e-03,1.535104985598969001e-03,-2.237982351171824923e-04,2.860013595506365799e-04,-1.931362173145426651e-03,0.000000000000000000e+00
1.135999999999999943e+01,-1.141813250323250829e-03,1.525043161980490234e-03,-2.223726350250680435e-04,2.842403972674123827e-04,-1.919007566601095170e-03,0.000000000000000000e+00
1.136500000000000021e+01,-1.134213054480110328e-03,1.515045902437513843e-03,-2.209558139908917001e-04,2.824897271748191916e-04,-1.906729501227759404e-03,0.000000000000000000e+00
1.137000000000000099e+01,-1.126662684362104159e-03,1.505112805156991716e-03,-2.195477206915030072e-04,2.807492941929064234e-04,-1.894527525433956560e-03,0.000000000000000000e+00
1.137500000000000000e+01,-1.119161820157476249e-03,1.495243470713286974e-03,-2.181483040785347984e-04,2.790190434882159373e-04,-1.882401190083998364e-03,0.000000000000000000e+00
1.138000000000000078e+01,-1.111710144045657692e-03,1.485437502055033006e-03,-2.167575133771722196e-04,2.772989204731691353e-04,-1.870350048486599725e-03,0.000000000000000000e+00
1.138499999999999979e+01,-1.104307340185427472e-03,1.475694504492053435e-03,-2.153752980849249249e-04,2.755888708054496719e-04,-1.858373656383537119e-03,0.000000000000000000e+00
1.139000000000000057e+01,-1.096953094703140199e-03,1.466014085682346060e-03,-2.140016079704022526e-04,2.738888403873822059e-04,-1.846471571938344911e-03,0.000000000000000000e+00
1.139499999999999957e+01,-1.089647095681016723e-03,1.456395855619128151e-03,-2.126363930720916282e-04,2.721987753653065992e-04,-1.834643355725041605e-03,0.000000000000000000e+00
1.140000000000000036e+01,-1.082389033145500674e-03,1.446839426617943340e-03,-2.112796036971400831e-04,2.705186221289484832e-04,-1.822888570716889919e-03,0.000000000000000000e+00
1.140499999999999936e+01,-1.075178599055678745e-03,1.437344413303830301e-03,-2.099311904201388377e-04,2.688483273107857593e-04,-1.811206782275185051e-03,0.000000000000000000e+00
1.141000000000000014e+01,-1.068015487291765599e-03,1.427910432598553450e-03,-2.085911040819111626e-04,2.671878377854111967e-04,-1.799597558138090218e-03,0.000000000000000000e+00
1.141500000000000092e+01,-1.060899393643651659e-03,1.418537103707894148e-03,-2.072592957883034664e-04,2.655371006688913974e-04,-1.788060468409486065e-03,0.000000000000000000e+00
1.141999999999999993e+01,-1.053830015799514866e-03,1.409224048109003480e-03,-2.059357169089794191e-04,2.638960633181219135e-04,-1.776595085547872125e-03,0.000000000000000000e+00
1.142500000000000071e+01,-1.046807053334494883e-03,1.399970889537815316e-03,-2.046203190762175173e-04,2.622646733301790020e-04,-1.765200984355288225e-03,0.000000000000000000e+00
1.142999999999999972e+01,-1.039830207699431273e-03,1.390777253976520746e-03,-2.033130541837117943e-04,2.606428785416677486e-04,-1.753877741966276653e-03,0.000000000000000000e+00
1.143500000000000050e+01,-1.032899182209662606e-03,1.381642769641102352e-03,-2.020138743853757822e-04,2.590306270280667757e-04,-1.742624937836877077e-03,0.000000000000000000e+00
1.143999999999999950e+01,-1.026013682033889100e-03,1.372567066968929201e-03,-2.007227320941498087e-04,2.574278671030695901e-04,-1.731442153733656801e-03,0.000000000000000000e+00
1.144500000000000028e+01,-1.019173414183096411e-03,1.363549778606411690e-03,-1.994395799808115993e-04,2.558345473179228936e-04,-1.720328973722767048e-03,0.000000000000000000e+00
1.145000000000000107e+01,-1.012378087499541226e-03,1.354590539396716012e-03,-1.981643709727901341e-04,2.542506164607613714e-04,-1.709284984159047810e-03,0.000000000000000000e+00
1.145500000000000007e+01,-1.005627412645797780e-03,1.345688986367538694e-03,-1.968970582529828636e-04,2.526760235559397149e-04,-1.698309773675150481e-03,0.000000000000000000e+00
1.146000000000000085e+01,-9.989211020938657502e-04,1.336844758718940332e-03,-1.956375952585763414e-04,2.511107178633613379e-04,-1.687402933170710365e-03,0.000000000000000000e+00
1.146499999999999986e+01,-9.922588701143392892e-04,1.328057497811238304e-03,-1.943859356798701354e-04,2.495546488778044368e-04,-1.676564055801540651e-03,0.000000000000000000e+00
1.147000000000000064e+01,-9.856404327656352604e-04,1.319326847152959116e-03,-1.931420334591041278e-04,2.480077663282451226e-04,-1.665792736968871052e-03,0.000000000000000000e+00
1.147499999999999964e+01,-9.790655078832819717e-04,1.310652452388849079e-03,-1.919058427892892575e-04,2.464700201771775185e-04,-1.655088574308612691e-03,0.000000000000000000e+00
1.148000000000000043e+01,-9.725338150692689485e-04,1.302033961287943960e-03,-1.906773181130416229e-04,2.449413606199315249e-04,-1.644451167680666126e-03,0.000000000000000000e+00
1.148499999999999943e+01,-9.660450756814540621e-04,1.293471023731696760e-03,-1.894564141214199733e-04,2.434217380839877396e-04,-1.633880119158252807e-03,0.000000000000000000e+00
1.149000000000000021e+01,-9.595990128230316978e-04,1.284963291702164020e-03,-1.882430857527667514e-04,2.419111032282897757e-04,-1.623375033017295964e-03,0.000000000000000000e+00
1.149500000000000099e+01,-9.531953513320590371e-04,1.276510419270249393e-03,-1.870372881915524687e-04,2.404094069425542204e-04,-1.612935515725824045e-03,0.000000000000000000e+00
1.150000000000000000e+01,-9.468338177710407776e-04,1.268112062584005962e-03,-1.858389768672235242e-04,2.389166003465781557e-04,-1.602561175933413197e-03,0.000000000000000000e+00
1.150500000000000078e+01,-9.405141404165729422e-04,1.259767879856996250e-03,-1.846481074530536008e-04,2.374326347895443202e-04,-1.592251624460667460e-03,0.000000000000000000e+00
1.150999999999999979e+01,-9.342360492490440430e-04,1.251477531356708171e-03,-1.834646358649984492e-04,2.359574618493238854e-04,-1.582006474288730853e-03,0.000000000000000000e+00
1.151500000000000057e+01,-9.279992759423943581e-04,1.243240679393029739e-03,-1.822885182605541961e-04,2.344910333317772001e-04,-1.571825340548835010e-03,0.000000000000000000e+00
1.151999999999999957e+01,-9.218035538539326706e-04,1.235056988306780382e-03,-1.811197110376191490e-04,2.330333012700523112e-04,-1.561707840511883036e-03,0.000000000000000000e+00
1.152500000000000036e+01,-9.156486180142100377e-04,1.226926124458297979e-03,-1.799581708333591510e-04,2.315842179238813980e-04,-1.551653593578069352e-03,0.000000000000000000e+00
1.152999999999999936e+01,-9.095342051169506966e-04,1.218847756216084226e-03,-1.788038545230763790e-04,2.301437357788752545e-04,-1.541662221266531423e-03,0.000000000000000000e+00
1.153500000000000014e+01,-9.034600535090396740e-04,1.210821553945504647e-03,-1.776567192190817190e-04,2.287118075458157665e-04,-1.531733347205040943e-03,0.000000000000000000e+00
1.154000000000000092e+01,-8.974259031805663410e-04,1.202847189997546503e-03,-1.765167222695706922e-04,2.272883861599465450e-04,-1.521866597119728420e-03,0.000000000000000000e+00
1.154499999999999993e+01,-8.914314957549243461e-04,1.194924338697630692e-03,-1.753838212575029596e-04,2.258734247802617978e-04,-1.512061598824841150e-03,0.000000000000000000e+00
1.155000000000000071e+01,-8.854765744789673846e-04,1.187052676334481114e-03,-1.742579739994852951e-04,2.244668767887933588e-04,-1.502317982212541961e-03,0.000000000000000000e+00
1.155499999999999972e+01,-8.795608842132203713e-04,1.179231881149048677e-03,-1.731391385446582189e-04,2.230686957898961168e-04,-1.492635379242739611e-03,0.000000000000000000e+00
1.156000000000000050e+01,-8.736841714221459066e-04,1.171461633323491033e-03,-1.720272731735861531e-04,2.216788356095317919e-04,-1.483013423932952584e-03,0.000000000000000000e+00
1.156499999999999950e+01,-8.678461841644656040e-04,1.163741614970206740e-03,-1.709223363971512112e-04,2.202972502945510849e-04,-1.473451752348216900e-03,0.000000000000000000e+00
1.157000000000000028e+01,-8.620466720835362777e-04,1.156071510120925587e-03,-1.698242869554505096e-04,2.189238941119744182e-04,-1.463950002591019733e-03,0.000000000000000000e+00
1.157500000000000107e+01,-8.562853863977803407e-04,1.148451004715852477e-03,-1.687330838166971119e-04,2.175587215482712388e-04,-1.454507814791273146e-03,0.000000000000000000e+00
1.158000000000000007e+01,-8.505620798911704130e-04,1.140879786592866388e-03,-1.676486861761246599e-04,2.162016873086378046e-04,-1.445124831096325762e-03,0.000000000000000000e+00
1.158500000000000085e+01,-8.448765069037681395e-04,1.133357545476773543e-03,-1.665710534548955001e-04,2.148527463162737774e-04,-1.435800695661006978e-03,0.000000000000000000e+00
1.158999999999999986e+01,-8.392284233223159173e-04,1.125883972968614579e-03,-1.655001452990124706e-04,2.135118537116575423e-04,-1.426535054637707162e-03,0.000000000000000000e+00
1.159500000000000064e+01,-8.336175865708827246e-04,1.118458762535025700e-03,-1.644359215782343188e-04,2.121789648518202257e-04,-1.417327556166493845e-03,0.000000000000000000e+00
1.159999999999999964e+01,-8.280437556015622083e-04,1.111081609497653827e-03,-1.633783423849948066e-04,2.108540353096185756e-04,-1.408177850365265006e-03,0.000000000000000000e+00
1.160500000000000043e+01,-8.225066908852243308e-04,1.103752211022624233e-03,-1.623273680333253114e-04,2.095370208730068106e-04,-1.399085589319935732e-03,0.000000000000000000e+00
1.160999999999999943e+01,-8.170061544023191676e-04,1.096470266110063018e-03,-1.612829590577812759e-04,2.082278775443073863e-04,-1.390050427074663057e-03,0.000000000000000000e+00
1.161500000000000021e+01,-8.115419096337326372e-04,1.089235475583670782e-03,-1.602450762123720741e-04,2.069265615394806765e-04,-1.381072019622107006e-03,0.000000000000000000e+00
1.162000000000000099e+01,-8.061137215516951410e-04,1.082047542080351353e-03,-1.592136804694947521e-04,2.056330292873938682e-04,-1.372150024893722215e-03,0.000000000000000000e+00
1.162500000000000000e+01,-8.007213566107407266e-04,1.074906170039890627e-03,-1.581887330188712392e-04,2.043472374290888276e-04,-1.363284102750090968e-03,0.000000000000000000e+00
1.163000000000000078e+01,-7.953645827387190517e-04,1.067811065694690463e-03,-1.571701952664893804e-04,2.030691428170492330e-04,-1.354473914971292877e-03,0.000000000000000000e+00
1.163499999999999979e+01,-7.900431693278572214e-04,1.060761937059552908e-03,-1.561580288335475200e-04,2.017987025144668415e-04,-1.345719125247303409e-03,0.000000000000000000e+00
1.164000000000000057e+01,-7.847568872258737756e-04,1.053758493921517093e-03,-1.551521955554027981e-04,2.005358737945070501e-04,-1.337019399168435123e-03,0.000000000000000000e+00
1.164499999999999957e+01,-7.795055087271423331e-04,1.046800447829748185e-03,-1.541526574805231068e-04,1.992806141395737256e-04,-1.328374404215812085e-03,0.000000000000000000e+00
1.165000000000000036e+01,-7.742888075639064093e-04,1.039887512085478161e-03,-1.531593768694427594e-04,1.980328812405735190e-04,-1.319783809751878334e-03,0.000000000000000000e+00
1.165499999999999936e+01,-7.691065588975441085e-04,1.033019401731996882e-03,-1.521723161937218463e-04,1.967926329961794212e-04,-1.311247287010947320e-03,0.000000000000000000e+00
1.166000000000000014e+01,-7.639585393098826879e-04,1.026195833544696085e-03,-1.511914381349091681e-04,1.955598275120938579e-04,-1.302764509089780190e-03,0.000000000000000000e+00
1.166500000000000092e+01,-7.588445267945627794e-04,1.019416526021162594e-03,-1.502167055835090185e-04,1.943344231003113509e-04,-1.294335150938205701e-03,0.000000000000000000e+00
1.166999999999999993e+01,-7.537643007484520503e-04,1.012681199371324005e-03,-1.492480816379514901e-04,1.931163782783805558e-04,-1.285958889349773752e-03,0.000000000000000000e+00
1.167500000000000071e+01,-7.487176419631083038e-04,1.005989575507643813e-03,-1.482855296035666024e-04,1.919056517686660559e-04,-1.277635402952443603e-03,0.000000000000000000e+00
1.167999999999999972e+01,-7.437043326162910434e-04,9.993413780353672775e-04,-1.473290129915620346e-04,1.907022024976097495e-04,-1.269364372199309173e-03,0.000000000000000000e+00
1.168500000000000050e+01,-7.387241562635216098e-04,9.927363322428180321e-04,-1.463784955180046261e-04,1.895059895949918576e-04,-1.261145479359361207e-03,0.000000000000000000e+00
1.168999999999999950e+01,-7.337768978296922142e-04,9.861741650917436961e-04,-1.454339411028055093e-04,1.883169723931916876e-04,-1.252978408508282834e-03,0.000000000000000000e+00
1.169500000000000028e+01,-7.288623436007228952e-04,9.796546052077124457e-04,-1.444953138687089279e-04,1.871351104264482349e-04,-1.244862845519279382e-03,0.000000000000000000e+00
1.170000000000000107e+01,-7.239802812152660704e-04,9.731773828705580489e-04,-1.435625781402848783e-04,1.859603634301205401e-04,-1.236798478053952001e-03,0.000000000000000000e+00
1.170500000000000007e+01,-7.191304996564593360e-04,9.667422300048752071e-04,-1.426356984429252460e-04,1.847926913399478835e-04,-1.228784995553195347e-03,0.000000000000000000e+00
1.171000000000000085e+01,-7.143127892437248867e-04,9.603488801705633605e-04,-1.417146395018438465e-04,1.836320542913098710e-04,-1.220822089228139730e-03,0.000000000000000000e+00
1.171499999999999986e+01,-7.095269416246169662e-04,9.539970685534201501e-04,-1.407993662410800164e-04,1.824784126184865213e-04,-1.212909452051126862e-03,0.000000000000000000e+00
1.172000000000000064e+01,-7.047727497667153956e-04,9.476865319557833435e-04,-1.398898437825060260e-04,1.813317268539182969e-04,-1.205046778746717267e-03,0.000000000000000000e+00
1.172499999999999964e+01,-7.000500079495665905e-04,9.414170087872211160e-04,-1.389860374448380158e-04,1.801919577274660824e-04,-1.197233765782738674e-03,0.000000000000000000e+00
1.173000000000000043e+01,-6.953585117566701140e-04,9.351882390552713380e-04,-1.380879127426508639e-04,1.790590661656713792e-04,-1.189470111361366940e-03,0.000000000000000000e+00
1.173499999999999943e+01,-6.906980580675123934e-04,9.289999643562285667e-04,-1.371954353853965759e-04,1.779330132910163914e-04,-1.181755515410242091e-03,0.000000000000000000e+00
1.174000000000000021e+01,-6.860684450496453216e-04,9.228519278659788518e-04,-1.363085712764263888e-04,1.768137604211844106e-04,-1.174089679573622324e-03,0.000000000000000000e+00
1.174500000000000099e+01,-6.814694721508114802e-04,9.167438743308831128e-04,-1.354272865120167242e-04,1.757012690683202813e-04,-1.166472307203571170e-03,0.000000000000000000e+00
1.175000000000000000e+01,-6.769009400911144654e-04,9.106755500587072460e-04,-1.345515473803986369e-04,1.745955009382911104e-04,-1.158903103351180451e-03,0.000000000000000000e+00
1.175500000000000078e+01,-6.723626508552342073e-04,9.046467029096003695e-04,-1.336813203607910869e-04,1.734964179299471672e-04,-1.151381774757829872e-03,0.000000000000000000e+00
1.175999999999999979e+01,-6.678544076846878270e-04,8.986570822871194726e-04,-1.328165721224378417e-04,1.724039821343831616e-04,-1.143908029846479359e-03,0.000000000000000000e+00
1.176500000000000057e+01,-6.633760150701345113e-04,8.927064391293016614e-04,-1.319572695236481479e-04,1.713181558341997130e-04,-1.136481578712999780e-03,0.000000000000000000e+00
1.176999999999999957e+01,-6.589272787437255993e-04,8.867945258997831336e-04,-1.311033796108410337e-04,1.702389015027652795e-04,-1.129102133117537493e-03,0.000000000000000000e+00
1.177500000000000036e+01,-6.545080056714989037e-04,8.809210965789645567e-04,-1.302548696175932709e-04,1.691661818034784128e-04,-1.121769406475912932e-03,0.000000000000000000e+00
1.177999999999999936e+01,-6.501180040458164012e-04,8.750859066552226341e-04,-1.294117069636911048e-04,1.680999595890303921e-04,-1.114483113851056501e-03,0.000000000000000000e+00
1.178500000000000014e+01,-6.457570832778464828e-04,8.692887131161686166e-04,-1.285738592541856430e-04,1.670401979006684004e-04,-1.107242971944476326e-03,0.000000000000000000e+00
1.179000000000000092e+01,-6.414250539900896806e-04,8.635292744399518080e-04,-1.277412942784518762e-04,1.659868599674591070e-04,-1.100048699087767664e-03,0.000000000000000000e+00
1.179499999999999993e+01,-6.371217280089473299e-04,8.578073505866100172e-04,-1.269139800092514668e-04,1.649399092055528471e-04,-1.092900015234147659e-03,0.000000000000000000e+00
1.180000000000000071e+01,-6.328469183573339233e-04,8.521227029894643543e-04,-1.260918846017991697e-04,1.638993092174482070e-04,-1.085796641950034780e-03,0.000000000000000000e+00
1.180499999999999972e+01,-6.286004392473318585e-04,8.464750945465607549e-04,-1.252749763928328577e-04,1.628650237912573418e-04,-1.078738302406655799e-03,0.000000000000000000e+00
1.181000000000000050e+01,-6.243821060728892277e-04,8.408642896121555242e-04,-1.244632238996873689e-04,1.618370168999718351e-04,-1.071724721371691358e-03,0.000000000000000000e+00
1.181499999999999950e+01,-6.201917354025600002e-04,8.352900539882467416e-04,-1.236565958193719319e-04,1.608152527007291818e-04,-1.064755625200956455e-03,0.000000000000000000e+00
1.182000000000000028e+01,-6.160291449722863797e-04,8.297521549161501189e-04,-1.228550610276511962e-04,1.597996955340800032e-04,-1.057830741830112584e-03,0.000000000000000000e+00
1.182500000000000107e+01,-6.118941536782232299e-04,8.242503610681195265e-04,-1.220585885781300844e-04,1.587903099232558035e-04,-1.050949800766418692e-03,0.000000000000000000e+00
1.183000000000000007e+01,-6.077865815696040230e-04,8.187844425390120810e-04,-1.212671477013421809e-04,1.577870605734377305e-04,-1.044112533080515529e-03,0.000000000000000000e+00
1.183500000000000085e+01,-6.037062498416488577e-04,8.133541708379972510e-04,-1.204807078038418080e-04,1.567899123710257952e-04,-1.037318671398240353e-03,0.000000000000000000e+00
1.183999999999999986e+01,-5.996529808285132410e-04,8.079593188803103074e-04,-1.196992384672997741e-04,1.557988303829090961e-04,-1.030567949892483709e-03,0.000000000000000000e+00
1.184500000000000064e+01,-5.956265979962786132e-04,8.025996609790494660e-04,-1.189227094476027265e-04,1.548137798557367470e-04,-1.023860104275074821e-03,0.000000000000000000e+00
1.184999999999999964e+01,-5.916269259359832047e-04,7.972749728370167243e-04,-1.181510906739561780e-04,1.538347262151896729e-04,-1.017194871788701252e-03,0.000000000000000000e+00
1.185500000000000043e+01,-5.876537903566937671e-04,7.919850315386018497e-04,-1.173843522479911918e-04,1.528616350652532458e-04,-1.010571991198870199e-03,0.000000000000000000e+00
1.185999999999999943e+01,-5.837070180786181790e-04,7.867296155417104935e-04,-1.166224644428746308e-04,1.518944721874909232e-04,-1.003991202785892763e-03,0.000000000000000000e+00
1.186500000000000021e+01,-5.797864370262576254e-04,7.815085046697344820e-04,-1.158653977024231343e-04,1.509332035403186461e-04,-9.974522483369137674e-04,0.000000000000000000e+00
1.187000000000000099e+01,-5.758918762215992169e-04,7.763214801035654743e-04,-1.151131226402206316e-04,1.499777952582802667e-04,-9.909548711379654196e-04,0.000000000000000000e+00
1.187500000000000000e+01,-5.720231657773485086e-04,7.711683243736513387e-04,-1.143656100387395149e-04,1.490282136513239515e-04,-9.844988159660656487e-04,0.000000000000000000e+00
1.188000000000000078e+01,-5.681801368902012666e-04,7.660488213520948121e-04,-1.136228308484654167e-04,1.480844252040796152e-04,-9.780838290813392063e-04,0.000000000000000000e+00
1.188499999999999979e+01,-5.643626218341551331e-04,7.609627562447946608e-04,-1.128847561870256473e-04,1.471463965751372484e-04,-9.717096582191827887e-04,0.000000000000000000e+00
1.189000000000000057e+01,-5.605704539538599977e-04,7.559099155836291250e-04,-1.121513573383211686e-04,1.462140945963264383e-04,-9.653760525824585641e-04,0.000000000000000000e+00
1.189499999999999957e+01,-5.568034676580076170e-04,7.508900872186809964e-04,-1.114226057516621600e-04,1.452874862719968105e-04,-9.590827628337210940e-04,0.000000000000000000e+00
1.190000000000000036e+01,-5.530614984127600478e-04,7.459030603105045463e-04,-1.106984730409072836e-04,1.443665387782997454e-04,-9.528295410874815501e-04,0.000000000000000000e+00
1.190499999999999936e+01,-5.493443827352161371e-04,7.409486253224343037e-04,-1.099789309836064191e-04,1.434512194624709615e-04,-9.466161409025034825e-04,0.000000000000000000e+00
1.191000000000000014e+01,-5.456519581869173673e-04,7.360265740129348167e-04,-1.092639515201470582e-04,1.425414958421145084e-04,-9.404423172741307882e-04,0.000000000000000000e+00
1.191500000000000092e+01,-5.419840633673907821e-04,7.311366994279920465e-04,-1.085535067529042356e-04,1.416373356044876809e-04,-9.343078266266533014e-04,0.000000000000000000e+00
1.191999999999999993e+01,-5.383405379077305097e-04,7.262787958935453111e-04,-1.078475689453940517e-04,1.407387066057872349e-04,-9.282124268057012238e-04,0.000000000000000000e+00
1.192500000000000071e+01,-5.347212224642167991e-04,7.214526590079604288e-04,-1.071461105214307596e-04,1.398455768704368496e-04,-9.221558770706769596e-04,0.000000000000000000e+00
1.192999999999999972e+01,-5.311259587119724615e-04,7.166580856345434103e-04,-1.064491040642874168e-04,1.389579145903756740e-04,-9.161379380872169834e-04,0.000000000000000000e+00
1.193500000000000050e+01,-5.275545893386571509e-04,7.118948738940944834e-04,-1.057565223158600596e-04,1.380756881243481744e-04,-9.101583719196900280e-04,0.000000000000000000e+00
1.193999999999999950e+01,-5.240069580381981817e-04,7.071628231575025590e-04,-1.050683381758354973e-04,1.371988659971953102e-04,-9.042169420237257393e-04,0.000000000000000000e+00
1.194500000000000028e+01,-5.204829095045584260e-04,7.024617340383798115e-04,-1.043845247008625337e-04,1.363274168991469295e-04,-8.983134132387776997e-04,0.000000000000000000e+00
1.195000000000000107e+01,-5.169822894255412908e-04,6.977914083857359416e-04,-1.037050551037268359e-04,1.354613096851154113e-04,-8.924475517807195198e-04,0.000000000000000000e+00
1.195500000000000007e+01,-5.135049444766317996e-04,6.931516492766923382e-04,-1.030299027525292710e-04,1.346005133739907982e-04,-8.866191252344747574e-04,0.000000000000000000e+00
1.196000000000000085e+01,-5.100507223148741023e-04,6.885422610092358127e-04,-1.023590411698677811e-04,1.337449971479370413e-04,-8.808279025466770858e-04,0.000000000000000000e+00
1.196499999999999986e+01,-5.066194715727854146e-04,6.839630490950116904e-04,-1.016924440320227541e-04,1.328947303516898437e-04,-8.750736540183662402e-04,0.000000000000000000e+00
1.197000000000000064e+01,-5.032110418523054116e-04,6.794138202521559332e-04,-1.010300851681459597e-04,1.320496824918556691e-04,-8.693561512977139973e-04,0.000000000000000000e+00
1.197499999999999964e+01,-4.998252837187818322e-04,6.748943823981664019e-04,-1.003719385594528858e-04,1.312098232362123235e-04,-8.636751673727860413e-04,0.000000000000000000e+00
1.198000000000000043e+01,-4.964620486949911050e-04,6.704045446428129329e-04,-9.971797833841866774e-05,1.303751224130107560e-04,-8.580304765643320198e-04,0.000000000000000000e+00
1.198499999999999943e+01,-4.931211892551950766e-04,6.659441172810860125e-04,-9.906817878797747245e-05,1.295455500102785128e-04,-8.524218545186135459e-04,0.000000000000000000e+00
1.199000000000000021e+01,-4.898025588192320015e-04,6.615129117861839403e-04,-9.842251434072529814e-05,1.287210761751244117e-04,-8.468490782002578970e-04,0.000000000000000000e+00
1.199500000000000099e+01,-4.865060117466433109e-04,6.571107408025383739e-04,-9.778095957812637899e-05,1.279016712130448964e-04,-8.413119258851510691e-04,0.000000000000000000e+00
1.200000000000000000e+01,-4.832314033308345328e-04,6.527374181388776028e-04,-9.714348922972292381e-05,1.270873055872316648e-04,-8.358101771533581539e-04,0.000000000000000000e+00
